stand,date,valid_frac,ndvi_p50,ndre_p50,ndmi_p50,mndwi_p50,flooded_frac
1,2020-01-04,0.8561,0.2606,0.139,0.4368,0.1385,0.7515
2,2020-01-04,0.9727,0.4304,0.2106,0.4742,0.0741,0.6304
3,2020-01-04,0.9539,0.213,0.1152,0.3509,0.1222,0.7962
4,2020-01-04,0.8908,0.2181,0.0701,0.5286,0.3807,0.8777
5,2020-01-04,0.8825,0.2414,0.1336,0.4113,0.1389,0.7171
6,2020-01-04,0.8439,0.208,0.1026,0.3463,0.1059,0.7718
7,2020-01-04,0.9526,0.2543,0.1087,0.505,0.2685,0.8675
8,2020-01-04,0.9691,0.3536,0.1833,0.4996,0.1711,0.7488
9,2020-01-04,0.9068,0.4432,0.2506,0.4464,0.006,0.512
10,2020-01-04,0.9777,0.2609,0.1391,0.3785,0.1023,0.692
11,2020-01-04,0.9819,0.2046,0.1122,0.3652,0.1395,0.8677
12,2020-01-04,0.9015,0.3972,0.2125,0.4986,0.0573,0.605
13,2020-01-04,0.9747,0.2833,0.1173,0.4622,0.2211,0.8707
14,2020-01-04,0.9561,0.228,0.1088,0.5511,0.2909,0.943
15,2020-01-04,0.9574,0.3006,0.1702,0.4416,0.1338,0.7728
16,2020-01-04,0.9866,0.207,0.1115,0.3141,0.0788,0.7344
17,2020-01-04,0.816,0.2951,0.1539,0.4223,0.1621,0.9019
18,2020-01-04,0.6939,0.2905,0.1651,0.3513,0.0407,0.5984
19,2020-01-04,0.8453,0.2068,0.1055,0.2656,0.0211,0.5543
20,2020-01-04,0.8543,0.2,0.1054,0.2266,-0.0038,0.482
21,2020-01-04,0.9046,0.2568,0.1256,0.4542,0.175,0.9083
22,2020-01-04,1.0,0.6919,0.4197,0.5158,-0.1728,0.2486
23,2020-01-04,0.9108,0.3503,0.1918,0.3476,-0.0393,0.4341
24,2020-01-04,0.8315,0.2378,0.1471,0.0347,-0.1514,0.4435
25,2020-01-04,1.0,0.6728,0.396,0.4703,-0.2037,0.1676
1,2020-01-07,0.998,0.138,-0.0148,0.5652,0.5361,0.8516
2,2020-01-07,0.9433,0.378,0.145,0.5238,0.2838,0.7999
3,2020-01-07,1.0,0.1649,0.0317,0.5966,0.4786,0.8996
4,2020-01-07,1.0,0.1284,-0.0596,0.5687,0.6043,0.8712
5,2020-01-07,0.9907,0.1172,-0.0487,0.5706,0.5731,0.8066
6,2020-01-07,0.9989,0.0614,-0.0999,0.5819,0.6241,0.8415
7,2020-01-07,0.9832,0.0837,-0.0906,0.5844,0.6225,0.9416
8,2020-01-07,0.9982,0.2865,0.086,0.5476,0.393,0.8679
9,2020-01-07,0.9933,0.376,0.1775,0.5711,0.2564,0.742
10,2020-01-07,1.0,0.0871,-0.0747,0.5671,0.584,0.8924
11,2020-01-07,1.0,-0.1381,-0.3014,0.6811,0.8392,0.9737
12,2020-01-07,0.9883,0.2977,0.1442,0.5484,0.249,0.6766
13,2020-01-07,0.9949,0.2269,0.0264,0.5601,0.4744,0.9102
14,2020-01-07,1.0,-0.0341,-0.1841,0.652,0.7772,0.9717
15,2020-01-07,0.9942,0.1153,-0.0602,0.5856,0.6092,0.9179
16,2020-01-07,1.0,-0.0998,-0.2518,0.6612,0.7889,0.9693
17,2020-01-07,0.9935,0.1914,-0.0094,0.6641,0.6029,0.985
18,2020-01-07,1.0,0.2839,0.1359,0.4468,0.143,0.6763
19,2020-01-07,0.9813,0.1282,0.0112,0.5338,0.3308,0.7688
20,2020-01-07,1.0,0.0089,-0.1499,0.5193,0.5631,0.9208
21,2020-01-07,1.0,0.1155,-0.0335,0.5664,0.4675,0.9516
22,2020-01-07,0.8907,0.7865,0.4909,0.5402,-0.3153,0.1485
23,2020-01-07,1.0,0.2838,0.0998,0.5144,0.2319,0.685
24,2020-01-07,1.0,0.2538,0.1398,0.1911,0.0232,0.5117
25,2020-01-07,0.9946,0.6953,0.3962,0.503,-0.1072,0.3518
1,2020-01-09,0.7711,0.002,-0.0842,0.4135,0.5224,0.918
2,2020-01-09,0.9824,0.3287,0.1551,0.4288,0.1838,0.9105
3,2020-01-09,0.9957,0.1432,0.0332,0.4726,0.4041,0.9236
4,2020-01-09,0.9681,0.1373,0.0051,0.4398,0.4235,0.8554
5,2020-01-09,0.9805,0.1161,0.0032,0.4346,0.4271,0.8368
6,2020-01-09,0.8777,-0.0074,-0.1158,0.4299,0.532,0.9821
7,2020-01-09,0.9858,0.0601,-0.0471,0.429,0.4855,0.9855
8,2020-01-09,0.9918,0.2464,0.1088,0.4407,0.2847,0.9161
9,2020-01-09,0.9844,0.3038,0.1518,0.4763,0.2257,0.8652
10,2020-01-09,1.0,0.0656,-0.0564,0.4481,0.472,0.974
11,2020-01-09,1.0,-0.2104,-0.3,0.4266,0.6591,0.9925
12,2020-01-09,0.9795,0.2392,0.1216,0.4529,0.2287,0.8755
13,2020-01-09,0.871,0.1429,0.0384,0.4164,0.3778,0.9796
14,2020-01-09,0.9887,-0.0747,-0.164,0.5127,0.6501,0.9985
15,2020-01-09,0.7533,-0.0361,-0.1087,0.4267,0.5523,0.9984
16,2020-01-09,0.9909,-0.1742,-0.2415,0.4135,0.6219,0.998
17,2020-01-09,0.9756,0.2281,0.1012,0.4194,0.2227,0.9861
18,2020-01-09,0.9641,0.2497,0.1313,0.4048,0.1353,0.7841
19,2020-01-09,0.9513,0.0548,-0.0253,0.3969,0.3287,0.8976
20,2020-01-09,0.98,-0.0601,-0.1514,0.3651,0.477,0.9826
21,2020-01-09,0.3146,0.2208,0.1133,0.2778,0.2056,0.835
22,2020-01-09,1.0,0.5652,0.36,0.4726,0.003,0.5089
23,2020-01-09,0.7193,0.0812,-0.015,0.403,0.4081,0.9755
24,2020-01-09,0.613,0.1863,0.1277,0.0721,-0.1119,0.3148
25,2020-01-09,1.0,0.4625,0.2832,0.4101,0.0287,0.6099
1,2020-01-17,0.956,0.2834,0.1683,0.4091,0.0695,0.622
2,2020-01-17,0.9787,0.5221,0.2787,0.52,-0.0104,0.4865
3,2020-01-17,0.9943,0.2047,0.1093,0.3785,0.1584,0.8119
4,2020-01-17,0.9669,0.2997,0.1604,0.4586,0.1676,0.7989
5,2020-01-17,0.963,0.2697,0.1537,0.4455,0.1378,0.6879
6,2020-01-17,0.9588,0.2355,0.1246,0.3604,0.12,0.7324
7,2020-01-17,0.9868,0.3087,0.1705,0.487,0.1911,0.7889
8,2020-01-17,0.9786,0.4138,0.2215,0.5331,0.0902,0.6434
9,2020-01-17,0.9927,0.4681,0.2672,0.5055,-0.0039,0.4931
10,2020-01-17,0.9989,0.2848,0.158,0.4317,0.1372,0.6816
11,2020-01-17,0.9998,0.2136,0.1242,0.3711,0.1468,0.8324
12,2020-01-17,0.9883,0.4329,0.2448,0.5044,-0.0037,0.4957
13,2020-01-17,0.9897,0.3566,0.1797,0.4728,0.1407,0.7835
14,2020-01-17,0.9769,0.2488,0.134,0.5075,0.2528,0.8783
15,2020-01-17,0.9916,0.3302,0.1931,0.4475,0.1215,0.7
16,2020-01-17,0.998,0.2105,0.1133,0.3677,0.1281,0.7656
17,2020-01-17,0.9685,0.3038,0.1573,0.4885,0.2162,0.8851
18,2020-01-17,0.9721,0.2982,0.1701,0.3839,0.0627,0.6038
19,2020-01-17,0.9587,0.2092,0.1126,0.2823,0.0434,0.5989
20,2020-01-17,0.9725,0.1854,0.098,0.2557,0.0298,0.5894
21,2020-01-17,0.9752,0.2733,0.1539,0.4223,0.1015,0.6965
22,2020-01-17,1.0,0.8558,0.5207,0.5669,-0.5554,0.1103
23,2020-01-17,0.9946,0.3648,0.2037,0.3986,-0.0234,0.4621
24,2020-01-17,0.9715,0.2802,0.1685,0.1922,-0.0406,0.4728
25,2020-01-17,1.0,0.7791,0.4577,0.5159,-0.3401,0.1017
1,2020-01-19,0.9981,0.1565,0.0146,0.5774,0.4969,0.8885
2,2020-01-19,0.9868,0.4242,0.1816,0.5143,0.2481,0.7647
3,2020-01-19,0.9994,0.0399,-0.1156,0.6607,0.7222,0.9392
4,2020-01-19,0.9995,0.0633,-0.0876,0.5654,0.6318,0.9556
5,2020-01-19,0.997,0.1226,-0.0253,0.5833,0.5534,0.8887
6,2020-01-19,0.9984,0.0127,-0.1348,0.5844,0.6613,0.9007
7,2020-01-19,0.9993,0.1249,-0.0367,0.5931,0.5819,0.9441
8,2020-01-19,0.9992,0.2801,0.0838,0.5408,0.4126,0.8849
9,2020-01-19,0.9989,0.3724,0.1697,0.5764,0.2801,0.7975
10,2020-01-19,0.9973,0.1268,-0.0322,0.5806,0.541,0.9201
11,2020-01-19,1.0,0.0109,-0.126,0.6862,0.7532,0.972
12,2020-01-19,0.9961,0.3073,0.1432,0.5554,0.2598,0.7077
13,2020-01-19,0.9994,0.1186,-0.0473,0.5149,0.5393,0.9578
14,2020-01-19,1.0,-0.0067,-0.1563,0.6731,0.7562,0.9712
15,2020-01-19,1.0,0.2015,0.0291,0.6357,0.5583,0.9102
16,2020-01-19,0.9997,0.0616,-0.0723,0.6438,0.6513,0.9729
17,2020-01-19,0.9967,-0.0082,-0.1861,0.6019,0.6997,0.9913
18,2020-01-19,0.9917,0.1776,0.001,0.6332,0.5673,0.8389
19,2020-01-19,0.9917,0.0854,-0.0404,0.5323,0.4785,0.7961
20,2020-01-19,1.0,0.0146,-0.1224,0.5341,0.5712,0.9591
21,2020-01-19,0.9929,0.1469,0.0078,0.5755,0.4388,0.9665
22,2020-01-19,1.0,0.7659,0.4519,0.5458,-0.2896,0.1977
23,2020-01-19,0.9897,0.2545,0.0967,0.5276,0.2992,0.7713
24,2020-01-19,1.0,0.0762,-0.0883,0.583,0.6624,0.8668
25,2020-01-19,1.0,0.7063,0.3815,0.5129,-0.1373,0.3248
1,2020-01-22,0.9925,0.1075,-0.023,0.5356,0.5199,0.8943
2,2020-01-22,0.9932,0.3917,0.1726,0.509,0.1997,0.8318
3,2020-01-22,0.9981,0.1443,0.0397,0.5211,0.3931,0.9325
4,2020-01-22,0.9898,0.129,-0.0183,0.5285,0.5299,0.9006
5,2020-01-22,0.9833,0.124,0.002,0.5319,0.4822,0.8389
6,2020-01-22,0.9802,0.0802,-0.0695,0.5148,0.5294,0.8803
7,2020-01-22,0.9965,0.0626,-0.0789,0.5386,0.5848,0.9642
8,2020-01-22,0.9975,0.2763,0.1117,0.528,0.3373,0.8931
9,2020-01-22,0.9973,0.3446,0.1654,0.5577,0.2547,0.8355
10,2020-01-22,0.9979,0.0777,-0.0671,0.5349,0.5432,0.9491
11,2020-01-22,1.0,-0.18,-0.3128,0.5508,0.7556,0.9906
12,2020-01-22,0.9894,0.2719,0.1216,0.5349,0.2551,0.8063
13,2020-01-22,0.9894,0.2379,0.0803,0.4851,0.3233,0.9102
14,2020-01-22,1.0,-0.0724,-0.1929,0.5962,0.7369,0.9849
15,2020-01-22,0.994,0.0686,-0.0664,0.5309,0.5778,0.9499
16,2020-01-22,0.9947,-0.1611,-0.277,0.5361,0.7189,0.9934
17,2020-01-22,0.9693,0.2361,0.0972,0.4837,0.2767,0.986
18,2020-01-22,0.9773,0.2562,0.1283,0.4299,0.1612,0.7884
19,2020-01-22,0.9742,0.1128,0.0289,0.4371,0.2521,0.8717
20,2020-01-22,0.9925,-0.0099,-0.1353,0.4646,0.5278,0.9525
21,2020-01-22,0.9867,0.093,-0.0342,0.5384,0.4726,0.9793
22,2020-01-22,1.0,0.7118,0.4237,0.5494,-0.1562,0.2893
23,2020-01-22,0.9878,0.2357,0.0821,0.4796,0.2512,0.746
24,2020-01-22,0.9698,0.1876,0.1054,0.235,0.0667,0.5698
25,2020-01-22,1.0,0.6135,0.355,0.483,-0.0333,0.4369
1,2020-01-27,0.8616,0.2638,0.1481,0.3765,0.084,0.7016
2,2020-01-27,0.8729,0.4761,0.2642,0.4654,0.0018,0.5032
3,2020-01-27,0.9521,0.1989,0.1038,0.3703,0.1688,0.8684
4,2020-01-27,0.8626,0.2841,0.158,0.399,0.1258,0.8348
5,2020-01-27,0.8842,0.2301,0.131,0.4019,0.1314,0.7391
6,2020-01-27,0.6345,0.222,0.1146,0.3523,0.1259,0.7907
7,2020-01-27,0.8766,0.3047,0.1688,0.4086,0.1333,0.7688
8,2020-01-27,0.8693,0.3831,0.2134,0.4758,0.0838,0.6881
9,2020-01-27,0.8032,0.4048,0.2318,0.4438,0.0276,0.5525
10,2020-01-27,0.955,0.2496,0.1372,0.3575,0.1094,0.726
11,2020-01-27,0.9043,0.2019,0.1134,0.3251,0.1286,0.8648
12,2020-01-27,0.9162,0.3956,0.2244,0.4567,0.0586,0.5837
13,2020-01-27,0.8976,0.32,0.1704,0.3958,0.0865,0.7766
14,2020-01-27,0.8458,0.2375,0.1279,0.4306,0.2079,0.9003
15,2020-01-27,0.9302,0.2942,0.1659,0.3916,0.1015,0.7405
16,2020-01-27,0.887,0.2055,0.1107,0.3044,0.0927,0.776
17,2020-01-27,0.8415,0.2745,0.1524,0.3995,0.146,0.921
18,2020-01-27,0.8148,0.2804,0.1536,0.4003,0.1087,0.7143
19,2020-01-27,0.7631,0.213,0.1145,0.3255,0.0562,0.6661
20,2020-01-27,0.7529,0.1785,0.0919,0.2266,0.0191,0.5787
21,2020-01-27,0.854,0.273,0.148,0.4336,0.1204,0.827
22,2020-01-27,0.9505,0.6942,0.4315,0.5231,-0.2044,0.2011
23,2020-01-27,0.7878,0.3443,0.1834,0.406,0.0383,0.5746
24,2020-01-27,0.8031,0.194,0.1138,0.207,0.0193,0.528
25,2020-01-27,0.9951,0.612,0.368,0.4546,-0.141,0.152
1,2020-02-01,0.9698,0.2448,0.1461,0.3572,0.0618,0.6681
2,2020-02-01,0.9373,0.4548,0.2501,0.4675,0.0177,0.5367
3,2020-02-01,0.9959,0.199,0.1143,0.3358,0.1173,0.7965
4,2020-02-01,0.9689,0.2676,0.1473,0.392,0.1318,0.8349
5,2020-02-01,0.9301,0.224,0.1299,0.3768,0.1108,0.7346
6,2020-02-01,0.9512,0.2085,0.1172,0.3022,0.0829,0.7342
7,2020-02-01,0.9852,0.2825,0.1651,0.4014,0.1411,0.7944
8,2020-02-01,0.9718,0.3567,0.1952,0.4668,0.0901,0.7001
9,2020-02-01,0.9879,0.3992,0.2334,0.4063,0.0074,0.5208
10,2020-02-01,0.9988,0.2457,0.1429,0.3209,0.0598,0.648
11,2020-02-01,1.0,0.204,0.1226,0.3108,0.0905,0.809
12,2020-02-01,0.9708,0.3637,0.2018,0.4337,0.047,0.5827
13,2020-02-01,0.9742,0.3103,0.1675,0.3797,0.0785,0.7842
14,2020-02-01,0.9661,0.2385,0.138,0.4061,0.1763,0.8727
15,2020-02-01,0.9783,0.2869,0.1691,0.3651,0.0776,0.7164
16,2020-02-01,0.998,0.1985,0.1147,0.2845,0.0682,0.7184
17,2020-02-01,0.9441,0.2647,0.146,0.3759,0.1198,0.9097
18,2020-02-01,0.9704,0.2688,0.1542,0.3595,0.0591,0.616
19,2020-02-01,0.9715,0.1905,0.1118,0.2513,0.0263,0.5963
20,2020-02-01,0.9856,0.1829,0.102,0.2063,-0.0071,0.4683
21,2020-02-01,1.0,0.2397,0.1387,0.3468,0.1014,0.831
22,2020-02-01,0.9981,0.6919,0.4142,0.5422,-0.198,0.2083
23,2020-02-01,0.9897,0.3128,0.1803,0.3459,-0.0044,0.4896
24,2020-02-01,0.9573,0.1866,0.1254,0.18,-0.0028,0.497
25,2020-02-01,0.9962,0.5881,0.3593,0.4468,-0.1195,0.1464
1,2020-02-06,0.9886,-0.0678,-0.1354,0.4362,0.5977,0.987
2,2020-02-06,0.9988,0.2562,0.12,0.4319,0.3349,0.996
3,2020-02-06,0.9963,-0.2143,-0.3288,0.4791,0.73,0.9854
4,2020-02-06,0.9998,-0.0578,-0.1473,0.4119,0.5868,0.9924
5,2020-02-06,0.9737,-0.1287,-0.2008,0.3701,0.5833,0.9911
6,2020-02-06,0.9913,-0.1844,-0.2777,0.3822,0.6513,0.9668
7,2020-02-06,0.9542,-0.0292,-0.0991,0.3842,0.567,0.9941
8,2020-02-06,0.9975,0.1179,0.0118,0.4186,0.4355,0.9934
9,2020-02-06,0.9792,0.2121,0.0649,0.4711,0.3994,0.9839
10,2020-02-06,0.9807,-0.0519,-0.1223,0.3585,0.5232,0.9922
11,2020-02-06,1.0,-0.3345,-0.372,0.3281,0.7058,0.9982
12,2020-02-06,0.9946,0.1513,0.0547,0.4323,0.4123,0.9762
13,2020-02-06,0.9808,0.02,-0.0725,0.3697,0.4782,0.9912
14,2020-02-06,0.9935,-0.168,-0.2113,0.4953,0.7133,0.999
15,2020-02-06,0.9851,0.0006,-0.0748,0.4195,0.5361,1.0
16,2020-02-06,0.9351,-0.2638,-0.3079,0.3439,0.6643,1.0
17,2020-02-06,0.9954,-0.1225,-0.2106,0.4069,0.6191,0.9978
18,2020-02-06,0.9831,-0.0355,-0.156,0.4445,0.5712,0.9806
19,2020-02-06,0.91,-0.154,-0.2475,0.3731,0.5951,0.9892
20,2020-02-06,0.9545,-0.2572,-0.3382,0.3176,0.6486,0.9798
21,2020-02-06,0.9592,-0.0305,-0.1207,0.4018,0.5175,0.9991
22,2020-02-06,1.0,0.5739,0.3574,0.4998,0.0304,0.571
23,2020-02-06,0.8231,0.1164,-0.0091,0.3912,0.3795,0.9423
24,2020-02-06,0.988,-0.1113,-0.2238,0.3554,0.5737,0.9372
25,2020-02-06,1.0,0.489,0.2852,0.4336,0.0671,0.7557
1,2020-02-08,0.9997,0.1377,0.0313,0.5079,0.3969,0.848
2,2020-02-08,0.9964,0.4019,0.1996,0.4853,0.128,0.7448
3,2020-02-08,0.9997,0.1597,0.0749,0.408,0.2301,0.9181
4,2020-02-08,0.9994,0.1919,0.0783,0.4329,0.235,0.8801
5,2020-02-08,0.9972,0.1828,0.0945,0.3985,0.1823,0.7744
6,2020-02-08,0.9975,0.1497,0.0592,0.3947,0.2182,0.8444
7,2020-02-08,0.9887,0.1438,0.0195,0.5232,0.4357,0.9561
8,2020-02-08,1.0,0.3068,0.1578,0.4803,0.1895,0.828
9,2020-02-08,1.0,0.3563,0.186,0.4734,0.1344,0.7759
10,2020-02-08,0.9927,0.1842,0.0721,0.4328,0.2499,0.885
11,2020-02-08,1.0,-0.0097,-0.1427,0.5905,0.6631,0.9934
12,2020-02-08,1.0,0.2952,0.1512,0.5042,0.1838,0.8409
13,2020-02-08,1.0,0.2735,0.1336,0.363,0.1117,0.8275
14,2020-02-08,1.0,0.0921,-0.0426,0.5985,0.5978,0.9902
15,2020-02-08,1.0,0.0928,-0.0509,0.5574,0.5597,0.9574
16,2020-02-08,1.0,0.0302,-0.1007,0.5487,0.5856,0.9863
17,2020-02-08,0.9772,0.2577,0.1371,0.3948,0.1628,0.9475
18,2020-02-08,0.9997,0.2643,0.1438,0.3948,0.1061,0.727
19,2020-02-08,1.0,0.1523,0.0747,0.273,0.1003,0.8251
20,2020-02-08,1.0,0.1146,0.0325,0.3308,0.1967,0.783
21,2020-02-08,1.0,0.125,0.0181,0.5196,0.3645,0.9641
22,2020-02-08,1.0,0.6466,0.3771,0.5298,-0.0455,0.4173
23,2020-02-08,0.9951,0.2465,0.1145,0.4444,0.1778,0.7341
24,2020-02-08,1.0,0.1765,0.1071,0.2204,0.0527,0.5845
25,2020-02-08,0.9984,0.5689,0.3072,0.472,0.0102,0.5286
1,2020-02-13,0.0303,0.4415,0.261,0.448,0.0584,0.6896
2,2020-02-13,0.31,0.4073,0.2258,0.412,0.0579,0.68
3,2020-02-13,0.1526,0.2119,0.1068,0.3884,0.2501,0.9536
4,2020-02-13,0.2969,0.2379,0.1276,0.368,0.1825,0.9375
5,2020-02-13,0.1471,0.1418,0.0643,0.3581,0.2505,0.9414
6,2020-02-13,0.0732,0.1856,0.1418,0.2426,0.0503,0.6535
7,2020-02-13,0.205,0.4597,0.2566,0.4638,0.1325,0.767
8,2020-02-13,0.0934,0.2896,0.153,0.3978,0.1394,0.9408
9,2020-02-13,0.4153,0.5381,0.3098,0.5016,0.0042,0.5157
10,2020-02-13,0.0719,0.4668,0.2858,0.4299,-0.0238,0.399
11,2020-02-13,0.0687,0.459,0.2744,0.4403,-0.0048,0.4858
12,2020-02-13,0.4301,0.5242,0.3069,0.4692,-0.0054,0.4786
13,2020-02-13,0.1499,0.3381,0.1856,0.3958,0.0854,0.7211
14,2020-02-13,0.1237,0.4873,0.275,0.5357,0.1399,0.8602
15,2020-02-13,0.2686,0.2854,0.1702,0.3788,0.1183,0.8082
16,2020-02-13,0.3196,0.176,0.0958,0.2973,0.149,0.8081
17,2020-02-13,0.038,0.315,0.1746,0.395,0.1573,0.9071
18,2020-02-13,0.1158,0.5229,0.2985,0.4594,-0.0462,0.3341
19,2020-02-13,0.3317,0.4137,0.2506,0.4197,0.0579,0.5837
20,2020-02-13,0.0245,0.4217,0.2648,0.3564,-0.0427,0.2933
22,2020-02-13,0.3154,0.5738,0.3647,0.4747,-0.0675,0.3333
23,2020-02-13,0.4978,0.2043,0.0919,0.3143,0.1583,0.9094
1,2020-02-16,0.9363,0.2485,0.1431,0.4218,0.127,0.75
2,2020-02-16,0.9739,0.4475,0.2324,0.5311,0.1244,0.7122
3,2020-02-16,0.9945,0.1884,0.0915,0.4384,0.2117,0.8815
4,2020-02-16,0.9622,0.2619,0.1306,0.467,0.2264,0.8762
5,2020-02-16,0.9253,0.2265,0.1228,0.4609,0.2075,0.7935
6,2020-02-16,0.9546,0.2048,0.1009,0.3917,0.1922,0.8265
7,2020-02-16,0.9878,0.2731,0.1402,0.5068,0.2733,0.8723
8,2020-02-16,0.9798,0.3548,0.1873,0.5398,0.1867,0.8157
9,2020-02-16,0.9872,0.404,0.2238,0.526,0.1061,0.6932
10,2020-02-16,0.9989,0.2507,0.1298,0.4421,0.1969,0.7811
11,2020-02-16,1.0,0.1954,0.1064,0.4052,0.2044,0.8942
12,2020-02-16,0.9713,0.3736,0.2039,0.5216,0.1162,0.65
13,2020-02-16,0.9842,0.3069,0.1467,0.4722,0.2029,0.8949
14,2020-02-16,0.9832,0.2209,0.1073,0.5494,0.3504,0.9631
15,2020-02-16,0.9844,0.2852,0.16,0.4471,0.1732,0.8232
16,2020-02-16,0.9952,0.1931,0.0979,0.4097,0.2094,0.8719
17,2020-02-16,0.9764,0.2547,0.1169,0.5392,0.3243,0.9619
18,2020-02-16,0.9475,0.27,0.1481,0.4152,0.1301,0.6986
19,2020-02-16,0.962,0.1836,0.0894,0.3306,0.104,0.7698
20,2020-02-16,0.982,0.1762,0.087,0.2984,0.0881,0.713
21,2020-02-16,0.9658,0.2424,0.1319,0.4738,0.1892,0.9325
22,2020-02-16,1.0,0.75,0.4485,0.5618,-0.2795,0.2187
23,2020-02-16,0.9848,0.3144,0.17,0.4075,0.0519,0.596
24,2020-02-16,0.9425,0.2076,0.1231,0.2364,0.0666,0.5405
25,2020-02-16,0.9973,0.6362,0.3705,0.4874,-0.1195,0.2193
3,2020-02-21,0.3488,-0.0208,-0.1033,0.2983,0.4058,0.9988
5,2020-02-21,0.2172,0.0554,-0.0119,0.3805,0.4116,1.0
7,2020-02-21,0.2721,0.0433,0.0127,0.3056,0.3267,1.0
9,2020-02-21,0.4192,0.3314,0.1852,0.4605,0.2615,0.9983
11,2020-02-21,0.5202,-0.1453,-0.1519,0.2079,0.4069,0.9997
12,2020-02-21,0.3027,0.3303,0.1918,0.4364,0.2642,1.0
14,2020-02-21,0.3766,0.1525,0.053,0.4087,0.3872,0.9994
18,2020-02-21,0.5455,-0.0222,-0.1348,0.4269,0.5291,0.9959
1,2020-02-23,0.7203,0.2158,0.111,0.347,0.11,0.8186
2,2020-02-23,0.8532,0.4098,0.2263,0.4281,0.0423,0.6133
3,2020-02-23,0.9038,0.1655,0.0909,0.3405,0.1507,0.8632
4,2020-02-23,0.72,0.2403,0.1304,0.355,0.1236,0.8895
5,2020-02-23,0.6766,0.1952,0.1075,0.3759,0.1562,0.8515
6,2020-02-23,0.6953,0.1711,0.0926,0.2926,0.1051,0.8839
7,2020-02-23,0.8655,0.2181,0.1008,0.3615,0.1552,0.839
8,2020-02-23,0.8805,0.3075,0.1648,0.433,0.1226,0.7877
9,2020-02-23,0.802,0.3779,0.2066,0.3995,0.034,0.5973
10,2020-02-23,0.9347,0.2074,0.1121,0.3058,0.0788,0.6985
11,2020-02-23,0.9539,0.1575,0.0814,0.3054,0.1292,0.9001
12,2020-02-23,0.7888,0.3696,0.2011,0.4329,0.0932,0.7171
13,2020-02-23,0.798,0.2595,0.1348,0.3232,0.0555,0.7571
14,2020-02-23,0.8492,0.1892,0.093,0.3809,0.1926,0.9188
15,2020-02-23,0.8922,0.2369,0.1292,0.3451,0.1061,0.8042
16,2020-02-23,0.9399,0.1537,0.0773,0.2601,0.0864,0.811
17,2020-02-23,0.5603,0.2458,0.1382,0.3823,0.1495,0.9327
18,2020-02-23,0.6328,0.2372,0.1287,0.3736,0.1131,0.7322
19,2020-02-23,0.8186,0.1687,0.095,0.2659,0.0266,0.6043
20,2020-02-23,0.675,0.1452,0.0756,0.1931,0.0071,0.5451
21,2020-02-23,0.8234,0.1991,0.0967,0.3475,0.1665,0.91
22,2020-02-23,0.9939,0.5958,0.3626,0.4826,-0.0818,0.3615
23,2020-02-23,0.7937,0.2628,0.1395,0.337,0.0237,0.5698
24,2020-02-23,0.683,0.1551,0.0941,0.2476,0.0605,0.5733
25,2020-02-23,0.9712,0.514,0.298,0.3971,-0.0879,0.2728
1,2020-02-28,0.1953,0.2382,0.1285,0.3733,0.1386,0.8761
2,2020-02-28,0.6108,0.4259,0.229,0.445,0.0824,0.7128
3,2020-02-28,0.3249,0.1871,0.0899,0.3831,0.2127,0.9662
4,2020-02-28,0.1787,0.2413,0.1205,0.4032,0.2129,0.9827
5,2020-02-28,0.166,0.188,0.0918,0.3818,0.1406,0.8437
6,2020-02-28,0.1403,0.2053,0.0965,0.3773,0.2025,0.9503
7,2020-02-28,0.1036,0.3548,0.1876,0.4968,0.2448,0.98
8,2020-02-28,0.3303,0.3893,0.217,0.4415,0.1149,0.7471
9,2020-02-28,0.6101,0.4197,0.2376,0.4368,0.0794,0.7205
10,2020-02-28,0.0719,0.2147,0.0967,0.3928,0.2166,0.899
11,2020-02-28,0.1484,0.2041,0.1115,0.3405,0.1351,0.8445
12,2020-02-28,0.6813,0.4079,0.2465,0.4353,0.0642,0.6963
13,2020-02-28,0.1452,0.335,0.1851,0.3914,0.1074,0.8503
14,2020-02-28,0.5118,0.2286,0.1189,0.3993,0.1832,0.9503
15,2020-02-28,0.0556,0.2078,0.1026,0.3221,0.1247,0.8442
16,2020-02-28,0.1153,0.3027,0.1626,0.3527,0.0681,0.7319
17,2020-02-28,0.1835,0.2494,0.1188,0.3922,0.2204,0.9896
18,2020-02-28,0.0619,0.3545,0.2246,0.4093,0.0422,0.6205
19,2020-02-28,0.0107,0.408,0.2738,0.3511,-0.0132,0.4444
20,2020-02-28,0.035,0.196,0.0983,0.2784,0.0914,0.785
21,2020-02-28,0.6571,0.2062,0.1014,0.4016,0.2207,0.9487
22,2020-02-28,0.9593,0.5855,0.3544,0.4874,-0.0504,0.3419
23,2020-02-28,0.2087,0.48,0.2909,0.4073,-0.0526,0.3169
24,2020-02-28,0.1081,0.1981,0.0967,0.4098,0.2531,1.0
25,2020-02-28,0.7606,0.5303,0.321,0.3737,-0.1243,0.0379
2,2020-03-02,0.0035,0.3125,0.1996,0.3661,0.0948,1.0
9,2020-03-02,0.0126,0.3243,0.1988,0.4133,0.1566,1.0
12,2020-03-02,0.0186,0.3029,0.1819,0.3713,0.1255,1.0
22,2020-03-02,0.5808,0.2859,0.1718,0.3784,0.1806,1.0
1,2020-03-04,0.3767,0.2544,0.1152,0.5188,0.3197,0.9175
2,2020-03-04,0.6811,0.3391,0.133,0.5007,0.3234,0.9431
3,2020-03-04,0.0759,0.0957,0.0514,0.4179,0.3439,0.9724
4,2020-03-04,0.1629,0.1454,0.0501,0.422,0.3792,0.9542
5,2020-03-04,0.5879,0.155,0.0501,0.5502,0.3951,0.931
6,2020-03-04,0.497,0.0977,-0.0078,0.4942,0.4614,0.9736
7,2020-03-04,0.1824,0.1348,0.0279,0.5342,0.4782,0.9937
8,2020-03-04,0.1525,0.2847,0.1427,0.4608,0.3153,0.9858
9,2020-03-04,0.2976,0.2601,0.1304,0.3839,0.1923,0.9035
10,2020-03-04,0.0414,0.1374,0.0932,0.3502,0.228,0.9444
11,2020-03-04,0.1477,0.1841,0.0754,0.4972,0.3883,0.988
12,2020-03-04,0.9261,0.2964,0.1368,0.5381,0.2727,0.8807
13,2020-03-04,0.0065,0.3229,0.1447,0.2843,0.0714,0.871
14,2020-03-04,0.0329,0.2519,0.0915,0.4457,0.3263,1.0
15,2020-03-04,0.8977,0.2524,0.1291,0.5018,0.305,0.9394
16,2020-03-04,0.1467,0.2011,0.0944,0.4822,0.3179,0.981
17,2020-03-04,0.9457,0.1333,-0.012,0.6239,0.578,0.9905
18,2020-03-04,0.8032,0.2411,0.1105,0.5521,0.3841,0.8516
19,2020-03-04,0.1431,0.1304,0.0744,0.4288,0.1573,0.9751
20,2020-03-04,0.2962,0.1366,0.0279,0.4649,0.3537,0.9602
21,2020-03-04,0.3949,0.3886,0.1669,0.5649,0.2976,0.9854
22,2020-03-04,0.8593,0.6312,0.3804,0.5136,-0.0116,0.4763
23,2020-03-04,0.3983,0.318,0.1607,0.4734,0.1929,0.8758
24,2020-03-04,0.2015,0.1087,0.0936,0.0354,-0.0767,0.3192
25,2020-03-04,0.679,0.4799,0.2803,0.4481,0.0369,0.645
1,2020-03-07,0.9966,-0.0455,-0.1563,0.488,0.6358,0.9558
2,2020-03-07,0.9736,0.2805,0.1053,0.4628,0.3414,0.935
3,2020-03-07,0.9983,-0.1448,-0.3022,0.582,0.7776,0.9547
4,2020-03-07,0.999,-0.0425,-0.1724,0.4763,0.6341,0.9508
5,2020-03-07,0.9916,-0.1153,-0.2375,0.441,0.6497,0.9533
6,2020-03-07,0.9956,-0.1681,-0.3122,0.475,0.7139,0.9235
7,2020-03-07,0.9875,-0.0657,-0.1721,0.4382,0.6281,0.9652
8,2020-03-07,0.9971,0.1383,-0.0167,0.4629,0.4577,0.964
9,2020-03-07,0.9815,0.2253,0.0458,0.5024,0.417,0.9175
10,2020-03-07,0.9943,-0.0684,-0.1715,0.4145,0.5896,0.9614
11,2020-03-07,1.0,-0.3732,-0.4655,0.4225,0.7866,0.9894
12,2020-03-07,0.9844,0.1519,0.0285,0.47,0.4182,0.8861
13,2020-03-07,0.9962,0.0202,-0.1257,0.4324,0.538,0.9784
14,2020-03-07,0.9981,-0.1875,-0.2785,0.5392,0.751,0.9935
15,2020-03-07,0.993,-0.0147,-0.1343,0.4611,0.5924,0.9738
16,2020-03-07,0.9916,-0.3049,-0.4006,0.4116,0.747,0.9913
17,2020-03-07,1.0,-0.1111,-0.2702,0.4988,0.6944,0.9959
18,2020-03-07,0.9903,0.0368,-0.1391,0.5274,0.6139,0.9232
19,2020-03-07,0.9774,-0.1572,-0.2874,0.457,0.6654,0.894
20,2020-03-07,0.9954,-0.247,-0.3604,0.372,0.6919,0.973
21,2020-03-07,0.9942,-0.0172,-0.1397,0.4787,0.5401,0.9897
22,2020-03-07,0.8879,0.6806,0.422,0.5077,-0.1568,0.2484
23,2020-03-07,0.9314,0.0966,-0.0555,0.4302,0.4222,0.8638
24,2020-03-07,1.0,0.0442,-0.0889,0.43,0.5495,0.7171
25,2020-03-07,1.0,0.536,0.298,0.4278,0.0244,0.5468
1,2020-03-12,0.7581,0.2779,0.1498,0.4131,0.1405,0.7987
2,2020-03-12,0.9786,0.4083,0.2168,0.4604,0.0817,0.6848
3,2020-03-12,0.9924,0.1981,0.0994,0.4477,0.254,0.904
4,2020-03-12,0.9876,0.2462,0.1288,0.4109,0.1792,0.8888
5,2020-03-12,0.8245,0.2196,0.1135,0.4416,0.2218,0.8629
6,2020-03-12,0.5308,0.2108,0.1084,0.42,0.2118,0.8585
7,2020-03-12,0.8975,0.2829,0.1529,0.4486,0.1998,0.8593
8,2020-03-12,0.9648,0.327,0.172,0.4724,0.1487,0.8222
9,2020-03-12,0.9416,0.3867,0.2104,0.4874,0.1029,0.705
10,2020-03-12,0.6162,0.2637,0.144,0.4305,0.1675,0.79
11,2020-03-12,0.9973,0.1992,0.1114,0.3739,0.1815,0.895
12,2020-03-12,0.889,0.3594,0.1912,0.4874,0.1143,0.669
13,2020-03-12,0.8265,0.2981,0.1509,0.4378,0.1707,0.9298
14,2020-03-12,0.9061,0.2395,0.1245,0.4841,0.2731,0.9213
15,2020-03-12,0.8809,0.2773,0.1561,0.4174,0.1513,0.8213
16,2020-03-12,0.9655,0.1873,0.0957,0.346,0.1541,0.879
17,2020-03-12,0.9715,0.2602,0.1279,0.453,0.2226,0.9609
18,2020-03-12,0.9002,0.2654,0.1335,0.4845,0.2389,0.8179
19,2020-03-12,0.8895,0.1874,0.0976,0.3927,0.1274,0.7947
20,2020-03-12,0.1417,0.2805,0.1543,0.3929,0.1268,0.8383
21,2020-03-12,0.8483,0.2816,0.1525,0.4747,0.1631,0.9372
22,2020-03-12,0.9995,0.6765,0.4168,0.4986,-0.2305,0.1748
23,2020-03-12,0.8922,0.2887,0.1562,0.4277,0.1115,0.7079
24,2020-03-12,0.9505,0.1575,0.0808,0.2856,0.1457,0.7551
25,2020-03-12,0.9897,0.5347,0.3254,0.4211,-0.0779,0.2446
1,2020-03-17,0.8291,0.2037,0.1086,0.3925,0.1615,0.8791
2,2020-03-17,0.9501,0.2914,0.1312,0.4425,0.2128,0.9671
3,2020-03-17,0.9955,0.1195,0.0277,0.5124,0.4002,0.9457
4,2020-03-17,0.9403,0.1568,0.0565,0.4234,0.2801,0.9729
5,2020-03-17,0.821,0.1517,0.067,0.4138,0.2516,0.9499
6,2020-03-17,0.8993,0.1233,0.0445,0.3793,0.2523,0.9302
7,2020-03-17,0.9564,0.1872,0.0778,0.4499,0.3004,0.9581
8,2020-03-17,0.8958,0.2396,0.1134,0.441,0.2289,0.9459
9,2020-03-17,0.941,0.3025,0.1568,0.4641,0.1654,0.8764
10,2020-03-17,0.9904,0.1728,0.0771,0.3878,0.2203,0.9012
11,2020-03-17,0.9952,0.1524,0.0766,0.387,0.2307,0.9504
12,2020-03-17,0.941,0.2687,0.1338,0.4581,0.1775,0.8601
13,2020-03-17,0.9438,0.1885,0.0709,0.4014,0.2408,0.9689
14,2020-03-17,0.9743,0.1599,0.0479,0.5579,0.4216,0.9953
15,2020-03-17,0.9458,0.2183,0.1203,0.3923,0.1763,0.8924
16,2020-03-17,0.9818,0.1374,0.0586,0.3758,0.23,0.968
17,2020-03-17,0.9604,0.1595,0.0378,0.4844,0.3701,0.9927
18,2020-03-17,0.9798,0.2004,0.0896,0.4799,0.3032,0.8468
19,2020-03-17,0.9296,0.1182,0.0426,0.3591,0.1883,0.9623
20,2020-03-17,0.9545,0.1173,0.0431,0.3116,0.176,0.9167
21,2020-03-17,0.9437,0.1906,0.0961,0.4447,0.2053,0.9671
22,2020-03-17,0.9963,0.4678,0.2874,0.4349,0.0543,0.6735
23,2020-03-17,0.8795,0.2312,0.1101,0.3732,0.1189,0.7788
24,2020-03-17,0.7456,0.1052,0.045,0.3018,0.2051,0.7985
25,2020-03-17,0.9119,0.4153,0.2543,0.3597,-0.0351,0.3174
1,2020-03-22,0.1651,0.2523,0.1286,0.4442,0.2803,0.9791
2,2020-03-22,0.609,0.2776,0.1433,0.4277,0.2087,0.9669
3,2020-03-22,0.0478,0.3034,0.1829,0.4885,0.275,0.9955
4,2020-03-22,0.1179,0.1711,0.0541,0.4212,0.3536,0.9206
5,2020-03-22,0.0933,0.3133,0.1814,0.4274,0.1913,0.9378
6,2020-03-22,0.0418,0.2749,0.1529,0.4284,0.2221,0.9696
7,2020-03-22,0.1973,0.2732,0.1193,0.4585,0.3229,0.9872
8,2020-03-22,0.3993,0.3223,0.1824,0.4298,0.1766,0.8757
9,2020-03-22,0.3849,0.3847,0.2246,0.4648,0.1745,0.9008
10,2020-03-22,0.0928,0.3374,0.2132,0.4174,0.142,0.8645
11,2020-03-22,0.0806,0.29,0.1461,0.437,0.2431,1.0
12,2020-03-22,0.4217,0.3933,0.2302,0.4687,0.1536,0.9395
13,2020-03-22,0.1119,0.2866,0.161,0.4287,0.2162,0.966
14,2020-03-22,0.1928,0.2535,0.0817,0.4935,0.38,1.0
15,2020-03-22,0.2291,0.3077,0.1709,0.4398,0.2283,0.9979
16,2020-03-22,0.0831,0.2631,0.1563,0.4133,0.2323,0.9939
17,2020-03-22,0.2508,0.1652,0.1317,0.4103,0.2324,0.9827
18,2020-03-22,0.1098,0.4371,0.2659,0.4219,-0.0083,0.4761
19,2020-03-22,0.245,0.3486,0.2012,0.4167,0.1076,0.8897
20,2020-03-22,0.0209,0.3248,0.2179,0.3224,0.011,0.5781
21,2020-03-22,0.295,0.2777,0.1233,0.46,0.276,1.0
22,2020-03-22,0.9991,0.4603,0.2967,0.4617,0.1161,0.9289
23,2020-03-22,0.1911,0.4224,0.2858,0.3824,-0.0508,0.2769
24,2020-03-22,0.099,0.0825,0.0737,0.0212,-0.0878,0.1782
25,2020-03-22,0.2421,0.3433,0.2126,0.3735,0.0966,0.9258
1,2020-03-24,0.3552,0.3491,0.1908,0.3847,0.0672,0.6711
2,2020-03-24,0.5961,0.4692,0.2731,0.4316,0.0046,0.5138
3,2020-03-24,0.3534,0.2168,0.1116,0.3716,0.1554,0.8649
4,2020-03-24,0.5043,0.2841,0.1555,0.3773,0.1174,0.9066
5,2020-03-24,0.6576,0.2265,0.1235,0.3772,0.136,0.8178
6,2020-03-24,0.3162,0.2095,0.1073,0.3539,0.1308,0.8773
7,2020-03-24,0.5304,0.3129,0.1672,0.3861,0.0985,0.7761
8,2020-03-24,0.4029,0.4499,0.2648,0.4498,0.0541,0.6548
9,2020-03-24,0.8208,0.4088,0.2304,0.4046,0.0122,0.5341
10,2020-03-24,0.396,0.2867,0.1608,0.3428,0.0466,0.6142
11,2020-03-24,0.5479,0.1991,0.1115,0.3172,0.1187,0.8546
12,2020-03-24,0.8389,0.3659,0.2168,0.4047,0.0333,0.5524
13,2020-03-24,0.4938,0.3234,0.1723,0.3777,0.0695,0.7837
14,2020-03-24,0.6102,0.2632,0.1419,0.4009,0.1592,0.8552
15,2020-03-24,0.5259,0.3198,0.1782,0.3757,0.0753,0.686
16,2020-03-24,0.3566,0.2234,0.1276,0.3147,0.071,0.7562
17,2020-03-24,0.484,0.2473,0.1277,0.3723,0.1391,0.9327
18,2020-03-24,0.7481,0.2574,0.139,0.3614,0.0856,0.6715
19,2020-03-24,0.3759,0.4235,0.2378,0.3961,-0.033,0.4076
20,2020-03-24,0.0841,0.2104,0.1025,0.2558,0.02,0.572
21,2020-03-24,0.358,0.4569,0.256,0.4403,0.0327,0.6914
22,2020-03-24,0.965,0.6552,0.4195,0.4703,-0.1902,0.1462
23,2020-03-24,0.2381,0.51,0.2993,0.4166,-0.0936,0.2695
24,2020-03-24,0.3216,0.1515,0.0991,0.0286,-0.1015,0.3788
25,2020-03-24,0.8362,0.5653,0.3479,0.3887,-0.156,0.0683
1,2020-03-27,0.1243,0.2198,0.1196,0.3077,0.0966,0.9064
2,2020-03-27,0.0574,0.2464,0.1321,0.3481,0.1226,0.9874
3,2020-03-27,0.3861,0.1545,0.0759,0.3722,0.2088,0.9585
4,2020-03-27,0.1177,0.1945,0.1021,0.3204,0.1491,0.9953
5,2020-03-27,0.127,0.1677,0.0847,0.3363,0.1638,0.9886
6,2020-03-27,0.0199,0.1391,0.0647,0.2962,0.128,0.9091
7,2020-03-27,0.1517,0.2524,0.136,0.393,0.17,0.9947
8,2020-03-27,0.0451,0.2554,0.1372,0.342,0.1174,0.992
9,2020-03-27,0.2415,0.3107,0.1772,0.3761,0.0901,0.9738
10,2020-03-27,0.1108,0.1697,0.0882,0.2962,0.1074,0.9281
11,2020-03-27,0.3754,0.1561,0.0827,0.2905,0.1333,0.9787
12,2020-03-27,0.2462,0.3158,0.1898,0.3668,0.0894,0.9879
13,2020-03-27,0.0429,0.2154,0.1052,0.323,0.1153,0.9803
14,2020-03-27,0.5348,0.1896,0.0966,0.3808,0.2119,0.9964
15,2020-03-27,0.2173,0.1921,0.1059,0.2901,0.094,0.9291
16,2020-03-27,0.0357,0.1367,0.0699,0.2594,0.1295,1.0
17,2020-03-27,0.0782,0.1687,0.0891,0.3328,0.1685,1.0
18,2020-03-27,0.3066,0.198,0.1067,0.3527,0.163,0.9333
19,2020-03-27,0.0822,0.2763,0.1561,0.3215,0.0583,0.9458
21,2020-03-27,0.1242,0.2838,0.162,0.3389,0.0897,1.0
22,2020-03-27,0.5098,0.3451,0.2164,0.4049,0.111,1.0
23,2020-03-27,0.0666,0.2341,0.1259,0.281,0.0284,0.7574
25,2020-03-27,0.3134,0.3495,0.225,0.2936,-0.0257,0.0486
1,2020-04-01,0.9651,0.2145,0.1234,0.3668,0.0968,0.7295
2,2020-04-01,0.9678,0.3661,0.1971,0.4339,0.0745,0.6887
3,2020-04-01,0.9006,0.1672,0.0735,0.4485,0.2644,0.9331
4,2020-04-01,0.9966,0.2123,0.1102,0.3855,0.1664,0.8616
5,2020-04-01,0.9207,0.1808,0.0932,0.3934,0.1714,0.8325
6,2020-04-01,0.9472,0.1749,0.0902,0.3433,0.1556,0.8374
7,2020-04-01,0.923,0.2398,0.1258,0.427,0.2162,0.8929
8,2020-04-01,0.9754,0.2884,0.1549,0.4388,0.1264,0.8116
9,2020-04-01,0.9502,0.3601,0.1958,0.4656,0.0987,0.7314
10,2020-04-01,0.9888,0.2049,0.1112,0.3773,0.1544,0.8036
11,2020-04-01,0.9237,0.1808,0.1014,0.3549,0.1711,0.8928
12,2020-04-01,0.9167,0.3088,0.1693,0.4419,0.1015,0.6871
13,2020-04-01,0.9694,0.2502,0.1243,0.3953,0.1485,0.9183
14,2020-04-01,0.8936,0.2071,0.1056,0.4896,0.3013,0.9586
15,2020-04-01,0.9507,0.2485,0.1422,0.3803,0.1257,0.7797
16,2020-04-01,0.962,0.1612,0.0783,0.3358,0.1634,0.8965
17,2020-04-01,0.968,0.217,0.1072,0.431,0.213,0.9633
18,2020-04-01,0.9395,0.2332,0.1221,0.4328,0.1849,0.7599
19,2020-04-01,0.9335,0.164,0.0847,0.3302,0.103,0.798
20,2020-04-01,0.9732,0.1482,0.0763,0.262,0.0941,0.7935
21,2020-04-01,0.9982,0.2161,0.1152,0.4187,0.1417,0.9138
22,2020-04-01,0.9986,0.5698,0.3491,0.4852,-0.0805,0.3482
23,2020-04-01,0.9446,0.2629,0.1437,0.3648,0.0716,0.6603
24,2020-04-01,0.8993,0.1406,0.0827,0.2347,0.0813,0.5924
25,2020-04-01,0.9799,0.5026,0.3126,0.3912,-0.0999,0.1866
1,2020-04-03,0.3885,0.1242,0.0395,0.3238,0.2213,0.9974
2,2020-04-03,0.3024,0.1672,0.0667,0.3037,0.2004,1.0
3,2020-04-03,0.9397,0.0487,-0.04,0.3481,0.3536,1.0
4,2020-04-03,0.6662,0.054,-0.0318,0.289,0.2942,0.9994
5,2020-04-03,0.6305,0.0662,-0.0017,0.3194,0.2867,0.9987
6,2020-04-03,0.6484,0.0481,-0.0244,0.2758,0.2591,0.999
7,2020-04-03,0.7988,0.081,-0.012,0.3049,0.2768,0.9999
8,2020-04-03,0.3499,0.1212,0.0302,0.2945,0.2406,0.9969
9,2020-04-03,0.737,0.1571,0.0588,0.3141,0.1976,0.9957
10,2020-04-03,0.6033,0.0811,0.0037,0.2786,0.2209,0.9988
11,2020-04-03,0.7403,0.0777,0.0059,0.3054,0.254,1.0
12,2020-04-03,0.6161,0.1219,0.0372,0.3224,0.2333,0.9976
13,2020-04-03,0.6418,0.0622,-0.023,0.2502,0.2303,1.0
14,2020-04-03,0.9827,0.0506,-0.0508,0.3922,0.4065,1.0
15,2020-04-03,0.4946,0.1314,0.053,0.3189,0.2119,0.9981
16,2020-04-03,0.3457,0.0751,0.0074,0.2734,0.2157,1.0
17,2020-04-03,0.8998,0.0558,-0.0425,0.3225,0.3292,0.9982
18,2020-04-03,0.8449,0.1088,0.0135,0.3622,0.2901,0.9872
19,2020-04-03,0.3901,0.0622,0.0019,0.2464,0.1814,0.9985
20,2020-04-03,0.508,0.0599,-0.0095,0.255,0.2081,0.9929
21,2020-04-03,0.6216,0.1126,0.0313,0.2986,0.2137,0.9993
22,2020-04-03,0.214,0.2381,0.1499,0.3099,0.1864,1.0
23,2020-04-03,0.3018,0.1077,0.03,0.2729,0.1771,0.9951
24,2020-04-03,0.4263,0.0437,-0.0273,0.263,0.2518,1.0
25,2020-04-03,0.154,0.2204,0.1215,0.2285,0.0426,0.9682
1,2020-04-06,0.9758,0.0626,-0.0549,0.3844,0.4212,0.8878
2,2020-04-06,0.9658,0.307,0.1318,0.4171,0.1903,0.8731
3,2020-04-06,0.9922,0.1198,0.0103,0.455,0.4027,0.9377
4,2020-04-06,0.939,0.0919,-0.0587,0.4061,0.451,0.8914
5,2020-04-06,0.9247,0.089,-0.0131,0.3997,0.3964,0.8562
6,2020-04-06,0.9393,0.0387,-0.0979,0.4035,0.46,0.8839
7,2020-04-06,0.9575,0.0168,-0.1091,0.4001,0.4835,0.9668
8,2020-04-06,0.9843,0.2195,0.0831,0.4138,0.2704,0.8902
9,2020-04-06,0.9542,0.27,0.1136,0.4568,0.226,0.8566
10,2020-04-06,0.9841,0.0602,-0.0632,0.4167,0.4249,0.9426
11,2020-04-06,1.0,-0.1581,-0.2977,0.4055,0.6272,0.9918
12,2020-04-06,0.9477,0.2188,0.0851,0.4305,0.2087,0.8658
13,2020-04-06,0.9789,0.1919,0.0635,0.3803,0.2451,0.8967
14,2020-04-06,0.999,-0.0889,-0.206,0.4755,0.6221,0.9962
15,2020-04-06,0.9824,0.021,-0.0992,0.4002,0.4822,0.964
16,2020-04-06,0.9921,-0.1601,-0.2894,0.3788,0.5951,0.9931
17,2020-04-06,0.9715,0.2108,0.0892,0.386,0.2011,0.9684
18,2020-04-06,0.9541,0.2215,0.1047,0.3737,0.1354,0.7543
19,2020-04-06,0.8869,0.0698,-0.0259,0.4004,0.305,0.9451
20,2020-04-06,0.9895,-0.0386,-0.1406,0.3273,0.4268,0.9504
21,2020-04-06,0.9814,0.0424,-0.0733,0.4072,0.3963,0.9742
22,2020-04-06,1.0,0.5654,0.3579,0.4467,-0.0157,0.4743
23,2020-04-06,0.9466,0.1702,0.0247,0.3899,0.2647,0.7728
24,2020-04-06,0.8446,0.1301,0.064,0.18,0.0493,0.564
25,2020-04-06,0.9902,0.4629,0.2564,0.3879,0.0214,0.5484
1,2020-04-18,0.8942,0.1945,0.0878,0.3842,0.1651,0.7976
2,2020-04-18,0.9443,0.3739,0.169,0.441,0.1051,0.6847
3,2020-04-18,0.9639,0.1632,0.0755,0.3343,0.1612,0.8904
4,2020-04-18,0.9622,0.1594,0.0449,0.4494,0.3329,0.8619
5,2020-04-18,0.9216,0.1653,0.0745,0.3472,0.1487,0.7703
6,2020-04-18,0.9127,0.1616,0.0704,0.3125,0.1324,0.8269
7,2020-04-18,0.9479,0.1855,0.0466,0.4566,0.3261,0.9269
8,2020-04-18,0.9567,0.278,0.128,0.4418,0.1957,0.7941
9,2020-04-18,0.9696,0.3382,0.1746,0.3839,0.07,0.6778
10,2020-04-18,0.9226,0.2002,0.0911,0.3441,0.1557,0.8244
11,2020-04-18,0.9629,0.1551,0.0603,0.3398,0.1959,0.9539
12,2020-04-18,0.9668,0.2902,0.1364,0.4417,0.108,0.753
13,2020-04-18,0.9721,0.2327,0.0892,0.3783,0.1836,0.8975
14,2020-04-18,0.9769,0.1742,0.0582,0.4878,0.3155,0.9666
15,2020-04-18,0.9913,0.2365,0.1156,0.387,0.1615,0.8432
16,2020-04-18,0.8568,0.1574,0.0652,0.2936,0.1379,0.9036
17,2020-04-18,0.8895,0.2398,0.1207,0.3438,0.1282,0.9161
18,2020-04-18,0.9737,0.2452,0.1314,0.3196,0.0485,0.5923
19,2020-04-18,0.8527,0.1493,0.0638,0.2642,0.0935,0.8054
20,2020-04-18,0.8468,0.1544,0.0689,0.2132,0.0485,0.7082
21,2020-04-18,0.9871,0.195,0.0811,0.3542,0.2097,0.9182
22,2020-04-18,1.0,0.6273,0.3623,0.4833,-0.0945,0.3402
23,2020-04-18,0.8829,0.2681,0.1273,0.3225,0.0459,0.6049
24,2020-04-18,0.8628,0.1369,0.0666,0.1521,0.011,0.5119
25,2020-04-18,0.9956,0.5236,0.2828,0.4394,-0.0263,0.4268
1,2020-04-23,0.8492,0.2099,0.1171,0.303,0.0446,0.6518
2,2020-04-23,0.8557,0.3619,0.2037,0.373,0.0194,0.5638
3,2020-04-23,0.9723,0.1591,0.0842,0.3346,0.1359,0.8401
4,2020-04-23,0.9141,0.2216,0.1198,0.3207,0.0864,0.8206
5,2020-04-23,0.7955,0.1897,0.1012,0.3426,0.1168,0.8178
6,2020-04-23,0.8909,0.1658,0.0897,0.2764,0.0737,0.7701
7,2020-04-23,0.9411,0.2237,0.1202,0.3364,0.1025,0.8115
8,2020-04-23,0.8614,0.2839,0.1587,0.3752,0.0681,0.7293
9,2020-04-23,0.8987,0.3445,0.1894,0.3775,0.0198,0.5613
10,2020-04-23,0.9793,0.2018,0.1116,0.299,0.0621,0.6739
11,2020-04-23,0.975,0.1659,0.0925,0.2785,0.0929,0.8494
12,2020-04-23,0.8182,0.3097,0.1745,0.3759,0.0272,0.557
13,2020-04-23,0.9206,0.2556,0.1376,0.3087,0.0399,0.7014
14,2020-04-23,0.9419,0.2021,0.1079,0.3773,0.1731,0.921
15,2020-04-23,0.8773,0.2354,0.1327,0.3152,0.0685,0.7059
16,2020-04-23,0.9711,0.1547,0.0795,0.2543,0.071,0.7646
17,2020-04-23,0.8279,0.2277,0.1261,0.3548,0.1262,0.9482
18,2020-04-23,0.8562,0.2245,0.1235,0.3506,0.0975,0.702
19,2020-04-23,0.9008,0.1584,0.0866,0.2508,0.0035,0.5086
20,2020-04-23,0.9296,0.1445,0.0761,0.1842,0.0079,0.5377
21,2020-04-23,0.9503,0.214,0.1129,0.3183,0.0559,0.7619
22,2020-04-23,0.9603,0.537,0.3358,0.4207,-0.102,0.2209
23,2020-04-23,0.9309,0.2461,0.1304,0.2912,0.0079,0.5247
24,2020-04-23,0.5908,0.1358,0.0718,0.2338,0.0811,0.7245
25,2020-04-23,0.9168,0.4705,0.2872,0.3002,-0.1684,0.0148
1,2020-04-26,0.9653,0.2186,0.1243,0.3036,0.0287,0.5898
2,2020-04-26,0.9461,0.3414,0.185,0.3531,0.0151,0.5491
3,2020-04-26,0.997,0.165,0.077,0.3965,0.2141,0.9075
4,2020-04-26,0.9989,0.2201,0.1189,0.3146,0.0737,0.7412
5,2020-04-26,0.8995,0.1906,0.1016,0.3357,0.1048,0.7609
6,2020-04-26,0.962,0.1787,0.0951,0.286,0.0792,0.7495
7,2020-04-26,0.9956,0.2385,0.1265,0.3499,0.1094,0.7749
8,2020-04-26,0.9965,0.276,0.1518,0.349,0.0359,0.6112
9,2020-04-26,0.9597,0.3491,0.1949,0.3913,0.0208,0.5596
10,2020-04-26,0.9954,0.216,0.1202,0.3118,0.067,0.6623
11,2020-04-26,0.9988,0.1805,0.0996,0.2963,0.1041,0.8484
12,2020-04-26,0.9676,0.3046,0.1682,0.37,0.0273,0.5528
13,2020-04-26,0.9645,0.2641,0.1419,0.3206,0.0434,0.6848
14,2020-04-26,0.9858,0.2171,0.1087,0.4216,0.2055,0.9306
15,2020-04-26,0.9755,0.2515,0.144,0.3153,0.0483,0.6378
16,2020-04-26,0.9711,0.1717,0.0883,0.2719,0.0789,0.7876
17,2020-04-26,0.9579,0.2236,0.119,0.342,0.1042,0.8844
18,2020-04-26,0.9978,0.2289,0.1252,0.4025,0.1498,0.7515
19,2020-04-26,0.9638,0.1601,0.0811,0.2811,0.0414,0.6408
20,2020-04-26,0.9964,0.1589,0.0802,0.2044,0.0182,0.5818
21,2020-04-26,1.0,0.2142,0.1173,0.3328,0.0532,0.6859
22,2020-04-26,0.9907,0.5435,0.3335,0.4135,-0.1246,0.2165
23,2020-04-26,0.9618,0.2578,0.1386,0.3283,0.0371,0.5955
24,2020-04-26,0.9892,0.1422,0.086,0.1596,-0.0069,0.485
25,2020-04-26,0.9902,0.4793,0.2912,0.3033,-0.1758,0.0429
1,2020-05-03,0.7959,0.069,-0.0195,0.3787,0.3565,0.9565
2,2020-05-03,0.972,0.2293,0.0795,0.3426,0.2121,0.9624
3,2020-05-03,0.947,-0.0252,-0.1554,0.4245,0.5409,0.9822
4,2020-05-03,0.7666,-0.009,-0.1145,0.3411,0.436,0.967
5,2020-05-03,0.7809,0.0335,-0.0743,0.3818,0.4263,0.9729
6,2020-05-03,0.7406,-0.0343,-0.1495,0.3631,0.4712,0.9681
7,2020-05-03,0.8003,0.0489,-0.0692,0.3745,0.4063,0.9921
8,2020-05-03,0.8728,0.1476,0.0221,0.3432,0.2855,0.9799
9,2020-05-03,0.8698,0.2319,0.0789,0.3965,0.2237,0.9302
10,2020-05-03,0.8879,0.0578,-0.0488,0.3576,0.3482,0.9737
11,2020-05-03,0.9995,-0.075,-0.1906,0.3935,0.5462,0.9947
12,2020-05-03,0.8219,0.227,0.095,0.3825,0.1869,0.8962
13,2020-05-03,0.6145,0.079,-0.0284,0.3108,0.3038,0.9804
14,2020-05-03,0.8398,-0.0463,-0.1663,0.4381,0.5508,0.9989
15,2020-05-03,0.8785,0.0866,-0.0348,0.4031,0.3955,0.9562
16,2020-05-03,0.9823,-0.0318,-0.1411,0.4056,0.492,0.9961
17,2020-05-03,0.8578,-0.0243,-0.1476,0.3607,0.4674,0.9949
18,2020-05-03,0.927,0.1056,-0.0386,0.4471,0.4146,0.9144
19,2020-05-03,0.8043,0.0069,-0.0852,0.352,0.3862,0.9029
20,2020-05-03,0.7912,-0.0468,-0.141,0.3308,0.4153,0.971
21,2020-05-03,0.8625,0.0727,-0.0265,0.3741,0.3107,0.9897
22,2020-05-03,1.0,0.4696,0.2914,0.3854,-0.0035,0.4883
23,2020-05-03,0.7604,0.1411,0.027,0.3582,0.2352,0.8183
24,2020-05-03,0.7057,0.0,-0.097,0.3619,0.4345,0.9532
25,2020-05-03,0.9543,0.3958,0.2163,0.3296,0.0006,0.5006
1,2020-05-08,0.9709,0.2159,0.1163,0.3145,0.0613,0.6919
2,2020-05-08,0.9166,0.3625,0.1895,0.3751,0.0345,0.6087
3,2020-05-08,0.9962,0.1689,0.077,0.4049,0.2326,0.9467
4,2020-05-08,0.9869,0.2205,0.1116,0.333,0.1108,0.8583
5,2020-05-08,0.8827,0.1932,0.0981,0.3589,0.141,0.8286
6,2020-05-08,0.9811,0.1763,0.0919,0.2993,0.111,0.8173
7,2020-05-08,0.9849,0.2266,0.1175,0.3574,0.1372,0.8642
8,2020-05-08,0.9338,0.2871,0.1498,0.3793,0.0779,0.7571
9,2020-05-08,0.9637,0.3469,0.1853,0.3912,0.0488,0.6593
10,2020-05-08,0.9961,0.2096,0.1089,0.3268,0.1023,0.7667
11,2020-05-08,0.9988,0.1765,0.0929,0.3021,0.1202,0.8861
12,2020-05-08,0.9661,0.304,0.1567,0.3865,0.0566,0.6152
13,2020-05-08,0.9823,0.2586,0.1313,0.3255,0.0728,0.8115
14,2020-05-08,0.9649,0.2123,0.1063,0.4238,0.2167,0.9577
15,2020-05-08,0.9432,0.245,0.1351,0.3257,0.0785,0.726
16,2020-05-08,0.9952,0.1643,0.0793,0.2706,0.0932,0.8363
17,2020-05-08,0.9235,0.2311,0.1168,0.3701,0.1518,0.9668
18,2020-05-08,0.9934,0.2464,0.1232,0.4168,0.1738,0.7968
19,2020-05-08,0.9513,0.1596,0.0784,0.2909,0.0649,0.7107
20,2020-05-08,0.9872,0.1562,0.0769,0.2176,0.0478,0.7318
21,2020-05-08,0.996,0.2161,0.1139,0.3619,0.0927,0.8539
22,2020-05-08,0.9804,0.5356,0.314,0.4169,-0.1086,0.2321
23,2020-05-08,0.9819,0.2527,0.1309,0.3298,0.0591,0.6482
24,2020-05-08,0.8435,0.1459,0.0765,0.2126,0.0684,0.6336
25,2020-05-08,0.9353,0.461,0.2719,0.3017,-0.1375,0.0401
1,2020-05-11,0.0063,0.3961,0.239,0.3731,0.0106,0.6932
2,2020-05-11,0.0442,0.3603,0.2212,0.368,0.0336,0.9279
5,2020-05-11,0.0052,0.3574,0.2062,0.37,0.0643,1.0
8,2020-05-11,0.0083,0.3571,0.212,0.37,0.0458,1.0
9,2020-05-11,0.0632,0.3937,0.2362,0.4193,0.0724,0.9591
12,2020-05-11,0.0529,0.3703,0.2265,0.3835,0.0342,0.9366
15,2020-05-11,0.0154,0.3874,0.2466,0.3471,-0.0232,0.2031
18,2020-05-11,0.0149,0.4017,0.2437,0.4142,0.0408,0.9444
22,2020-05-11,0.5112,0.3919,0.2416,0.4109,0.0672,1.0
25,2020-05-11,0.1719,0.3869,0.2512,0.3066,-0.0576,0.0095
1,2020-05-13,0.9691,0.2251,0.1151,0.3778,0.1266,0.8075
2,2020-05-13,0.9648,0.3678,0.1699,0.46,0.1441,0.8148
3,2020-05-13,0.9988,0.1248,0.0092,0.5589,0.4738,0.9848
4,2020-05-13,0.9802,0.2084,0.0826,0.4372,0.2532,0.959
5,2020-05-13,0.912,0.1904,0.0862,0.4279,0.2296,0.8671
6,2020-05-13,0.9865,0.1517,0.0486,0.4049,0.266,0.8986
7,2020-05-13,0.9715,0.2298,0.1019,0.484,0.2978,0.942
8,2020-05-13,0.89,0.3064,0.1465,0.468,0.1874,0.8818
9,2020-05-13,0.97,0.3499,0.1677,0.484,0.1516,0.8194
10,2020-05-13,0.9795,0.2089,0.0925,0.4153,0.2153,0.8793
11,2020-05-13,0.9984,0.1849,0.0908,0.3847,0.21,0.9292
12,2020-05-13,0.97,0.3138,0.1529,0.4719,0.1453,0.7262
13,2020-05-13,0.9827,0.2423,0.0967,0.4238,0.2155,0.9596
14,2020-05-13,0.982,0.1927,0.0643,0.5766,0.4238,0.9826
15,2020-05-13,0.9309,0.2573,0.1352,0.3878,0.1436,0.8278
16,2020-05-13,0.9914,0.1732,0.0737,0.3749,0.2078,0.9294
17,2020-05-13,0.9672,0.2067,0.0614,0.5008,0.3531,0.9851
18,2020-05-13,0.9928,0.2304,0.0912,0.5292,0.3466,0.8571
19,2020-05-13,0.9792,0.1568,0.0605,0.3861,0.1766,0.9115
20,2020-05-13,0.983,0.1503,0.0543,0.3249,0.1735,0.9074
21,2020-05-13,0.9996,0.2235,0.1067,0.4581,0.1857,0.968
22,2020-05-13,0.9921,0.6093,0.3563,0.4501,-0.164,0.2628
23,2020-05-13,0.9397,0.2717,0.1252,0.4057,0.1286,0.7576
24,2020-05-13,0.9385,0.1411,0.0553,0.304,0.1956,0.9224
25,2020-05-13,0.9086,0.5082,0.2954,0.3744,-0.1098,0.1401
1,2020-05-18,0.6849,0.2208,0.0995,0.3257,0.1156,0.8382
2,2020-05-18,0.8462,0.3212,0.147,0.3676,0.0791,0.7054
3,2020-05-18,0.8672,0.1569,0.0767,0.3128,0.1346,0.8916
4,2020-05-18,0.7119,0.184,0.0651,0.3498,0.182,0.9359
5,2020-05-18,0.6442,0.1762,0.0805,0.3378,0.1526,0.8854
6,2020-05-18,0.5735,0.1696,0.0758,0.2855,0.1112,0.8905
7,2020-05-18,0.8811,0.1848,0.0661,0.3602,0.2168,0.9355
8,2020-05-18,0.8214,0.2436,0.1079,0.3616,0.1439,0.8225
9,2020-05-18,0.9179,0.3111,0.1564,0.3482,0.0591,0.6852
10,2020-05-18,0.872,0.1819,0.0849,0.291,0.108,0.8025
11,2020-05-18,0.8976,0.1588,0.0737,0.2879,0.1343,0.93
12,2020-05-18,0.8882,0.2711,0.1263,0.3555,0.0883,0.7595
13,2020-05-18,0.867,0.2211,0.0969,0.2914,0.0939,0.8736
14,2020-05-18,0.8682,0.1838,0.076,0.3804,0.2197,0.9577
15,2020-05-18,0.8575,0.2223,0.1114,0.3143,0.113,0.8389
16,2020-05-18,0.8786,0.1486,0.0639,0.2555,0.1051,0.8722
17,2020-05-18,0.7799,0.2084,0.1067,0.3195,0.1224,0.9537
18,2020-05-18,0.8969,0.2231,0.1188,0.2851,0.0449,0.598
19,2020-05-18,0.5579,0.1959,0.0828,0.2877,0.0567,0.7946
20,2020-05-18,0.5987,0.154,0.0769,0.202,0.0307,0.6763
21,2020-05-18,0.7564,0.235,0.0946,0.3554,0.1726,0.9243
22,2020-05-18,0.9944,0.5097,0.2833,0.4125,-0.0355,0.4267
23,2020-05-18,0.4228,0.2688,0.1345,0.2839,0.0162,0.5516
24,2020-05-18,0.3836,0.1182,0.0613,0.1679,0.04,0.546
25,2020-05-18,0.8841,0.4391,0.2421,0.3397,-0.0384,0.344
1,2020-05-23,0.8609,0.2255,0.1162,0.304,0.0466,0.6602
2,2020-05-23,0.7835,0.3876,0.208,0.3606,0.0025,0.5082
3,2020-05-23,0.9863,0.1722,0.0812,0.3782,0.1956,0.898
4,2020-05-23,0.9423,0.2365,0.1179,0.3223,0.0941,0.8299
5,2020-05-23,0.8561,0.1982,0.1003,0.3408,0.1233,0.8048
6,2020-05-23,0.9465,0.1775,0.0902,0.2854,0.0932,0.7927
7,2020-05-23,0.93,0.2412,0.1204,0.3446,0.1057,0.8031
8,2020-05-23,0.7911,0.3069,0.1624,0.3711,0.066,0.7092
9,2020-05-23,0.9284,0.3529,0.1821,0.3771,0.0318,0.5919
10,2020-05-23,0.8977,0.2101,0.1074,0.3159,0.0875,0.7249
11,2020-05-23,0.9894,0.1776,0.0923,0.2863,0.0995,0.8513
12,2020-05-23,0.9113,0.3115,0.1606,0.3694,0.0427,0.5718
13,2020-05-23,0.936,0.2609,0.1265,0.3164,0.0666,0.8011
14,2020-05-23,0.9532,0.2138,0.1039,0.395,0.1815,0.9146
15,2020-05-23,0.8919,0.2479,0.131,0.3149,0.0673,0.7045
16,2020-05-23,0.9432,0.1669,0.0813,0.2592,0.0735,0.7762
17,2020-05-23,0.9001,0.2316,0.1234,0.3493,0.1241,0.9361
18,2020-05-23,0.9834,0.2405,0.12,0.3988,0.154,0.7714
19,2020-05-23,0.9477,0.1601,0.0781,0.2933,0.056,0.6895
20,2020-05-23,0.9692,0.1555,0.0763,0.1938,0.0268,0.6326
21,2020-05-23,0.937,0.2282,0.1148,0.3504,0.069,0.7443
22,2020-05-23,0.9603,0.5567,0.3322,0.3841,-0.1514,0.1543
23,2020-05-23,0.9407,0.2646,0.1306,0.324,0.0436,0.6208
24,2020-05-23,0.6659,0.1413,0.0719,0.2336,0.0977,0.7735
25,2020-05-23,0.9037,0.4839,0.2761,0.3017,-0.1439,0.0241
1,2020-05-28,0.9987,0.2044,0.1104,0.3043,0.0492,0.6606
2,2020-05-28,0.9786,0.3252,0.1682,0.3567,0.0444,0.6465
3,2020-05-28,0.9988,0.1502,0.0569,0.4321,0.2715,0.9452
4,2020-05-28,0.9993,0.2045,0.1017,0.3325,0.1167,0.8615
5,2020-05-28,0.9475,0.1716,0.0902,0.3458,0.1257,0.786
6,2020-05-28,0.9953,0.1603,0.0829,0.3004,0.1193,0.817
7,2020-05-28,0.9953,0.213,0.1087,0.369,0.1639,0.8908
8,2020-05-28,0.9962,0.2627,0.1361,0.3608,0.0749,0.7571
9,2020-05-28,0.9887,0.3226,0.1674,0.3919,0.0622,0.6984
10,2020-05-28,0.9993,0.1905,0.0992,0.3234,0.1071,0.7798
11,2020-05-28,0.9989,0.1639,0.0883,0.3016,0.1187,0.8722
12,2020-05-28,0.9855,0.2823,0.142,0.3723,0.0586,0.6263
13,2020-05-28,0.9975,0.2375,0.1139,0.3243,0.0868,0.8652
14,2020-05-28,0.9774,0.1948,0.0886,0.4487,0.248,0.9688
15,2020-05-28,0.9627,0.2309,0.1288,0.3163,0.0703,0.7183
16,2020-05-28,0.9997,0.1533,0.0755,0.2771,0.0995,0.8423
17,2020-05-28,0.9631,0.2022,0.1018,0.3701,0.1603,0.9541
18,2020-05-28,0.9989,0.2241,0.1078,0.4285,0.2064,0.8195
19,2020-05-28,0.9878,0.1404,0.0683,0.3036,0.0842,0.7914
20,2020-05-28,1.0,0.1372,0.0642,0.2241,0.066,0.7722
21,2020-05-28,1.0,0.2026,0.1077,0.3673,0.0882,0.8656
22,2020-05-28,0.9893,0.4975,0.2936,0.3818,-0.1115,0.2187
23,2020-05-28,0.9902,0.2356,0.1228,0.3203,0.0571,0.6591
24,2020-05-28,0.9761,0.1234,0.0742,0.1891,0.0523,0.6834
25,2020-05-28,0.9037,0.4309,0.2573,0.2939,-0.1149,0.056
1,2020-05-31,0.0139,0.3644,0.221,0.3705,0.0349,0.7423
2,2020-05-31,0.0779,0.345,0.2043,0.3555,0.0521,0.9712
5,2020-05-31,0.0151,0.3449,0.1994,0.3612,0.0753,0.9733
8,2020-05-31,0.0269,0.3535,0.2061,0.3545,0.0394,0.942
9,2020-05-31,0.0835,0.3728,0.2158,0.3978,0.0882,0.9553
12,2020-05-31,0.1376,0.3717,0.2093,0.3706,0.038,0.7943
15,2020-05-31,0.0366,0.3829,0.2264,0.3483,-0.005,0.4539
18,2020-05-31,0.0503,0.3806,0.206,0.3451,-0.0158,0.3516
22,2020-05-31,0.6921,0.3923,0.2381,0.3682,0.0517,0.8109
23,2020-05-31,0.0392,0.3702,0.2413,0.3038,-0.0599,0.025
25,2020-05-31,0.3161,0.3898,0.2522,0.317,-0.0523,0.0379
1,2020-06-02,0.6948,0.1166,0.0305,0.3295,0.2155,0.8895
2,2020-06-02,0.7269,0.2253,0.0978,0.3155,0.1453,0.9295
3,2020-06-02,0.6788,0.1363,0.0591,0.2798,0.1243,0.9276
4,2020-06-02,0.7464,0.0974,-0.0172,0.3324,0.3276,0.9458
5,2020-06-02,0.6668,0.1129,0.0365,0.3103,0.1887,0.8864
6,2020-06-02,0.6735,0.1125,0.0381,0.26,0.1342,0.8824
7,2020-06-02,0.8345,0.1314,0.0213,0.3405,0.2603,0.9552
8,2020-06-02,0.7878,0.1641,0.0708,0.3013,0.1836,0.8784
9,2020-06-02,0.737,0.2662,0.1287,0.3202,0.0747,0.7388
10,2020-06-02,0.8683,0.1384,0.0532,0.2707,0.1215,0.8442
11,2020-06-02,0.91,0.1186,0.0318,0.2946,0.1866,0.9824
12,2020-06-02,0.7653,0.2463,0.1091,0.3481,0.116,0.8703
13,2020-06-02,0.7395,0.1667,0.0597,0.2635,0.1315,0.873
14,2020-06-02,0.8924,0.1353,0.0378,0.4049,0.2958,0.9887
15,2020-06-02,0.8103,0.149,0.0533,0.3482,0.2193,0.9418
16,2020-06-02,0.8436,0.1214,0.0457,0.2338,0.105,0.8456
17,2020-06-02,0.687,0.1722,0.0834,0.2922,0.1382,0.9767
18,2020-06-02,0.3414,0.1982,0.1004,0.255,0.0581,0.796
19,2020-06-02,0.6247,0.1135,0.0492,0.1741,0.0411,0.7595
20,2020-06-02,0.6534,0.1066,0.0394,0.1661,0.0359,0.6708
21,2020-06-02,0.8815,0.1269,0.032,0.3167,0.1915,0.9472
22,2020-06-02,0.9902,0.4005,0.237,0.3595,0.0837,0.8613
23,2020-06-02,0.5816,0.1642,0.0766,0.2012,0.0189,0.5872
24,2020-06-02,0.3921,0.0991,0.0314,0.234,0.1368,0.8128
25,2020-06-02,0.7296,0.3211,0.1746,0.2898,0.024,0.6987
1,2020-06-07,0.6441,0.2601,0.1284,0.3216,0.0721,0.7572
2,2020-06-07,0.85,0.3641,0.1808,0.3589,0.031,0.6068
3,2020-06-07,0.9279,0.1688,0.0624,0.4365,0.2808,0.9765
4,2020-06-07,0.695,0.2482,0.1167,0.3517,0.1269,0.9124
5,2020-06-07,0.5615,0.2179,0.105,0.3632,0.147,0.8771
6,2020-06-07,0.638,0.1925,0.0874,0.3269,0.148,0.9075
7,2020-06-07,0.6954,0.2547,0.121,0.3604,0.135,0.8994
8,2020-06-07,0.6777,0.3233,0.1569,0.377,0.0832,0.7863
9,2020-06-07,0.8793,0.3484,0.1796,0.3894,0.0665,0.7334
10,2020-06-07,0.4204,0.224,0.1139,0.335,0.1071,0.8135
11,2020-06-07,0.5856,0.1799,0.0882,0.3122,0.1344,0.9057
12,2020-06-07,0.9253,0.3014,0.1405,0.3757,0.0784,0.7005
13,2020-06-07,0.8252,0.2555,0.119,0.3376,0.1024,0.9312
14,2020-06-07,0.8782,0.2152,0.0973,0.4294,0.2203,0.9751
15,2020-06-07,0.793,0.242,0.1261,0.3181,0.0783,0.749
16,2020-06-07,0.1961,0.1994,0.0899,0.2688,0.0724,0.8295
17,2020-06-07,0.9085,0.2289,0.1076,0.3636,0.145,0.9668
18,2020-06-07,0.9469,0.2461,0.1129,0.4216,0.1928,0.8502
19,2020-06-07,0.4323,0.2797,0.1223,0.34,0.0648,0.7823
20,2020-06-07,0.3506,0.164,0.0678,0.2671,0.1031,0.901
21,2020-06-07,0.9179,0.2403,0.1144,0.382,0.115,0.9236
22,2020-06-07,0.9061,0.5064,0.2922,0.378,-0.0957,0.1965
23,2020-06-07,0.3258,0.2879,0.1387,0.3398,0.0604,0.7188
24,2020-06-07,0.5259,0.1466,0.068,0.2399,0.1008,0.8777
25,2020-06-07,0.574,0.449,0.2676,0.3022,-0.0986,0.0379
1,2020-06-12,0.874,0.2415,0.116,0.3473,0.0945,0.7704
2,2020-06-12,0.9589,0.3871,0.1772,0.4031,0.0745,0.6814
3,2020-06-12,0.9158,0.1488,0.0185,0.5268,0.4352,0.9837
4,2020-06-12,0.9587,0.2405,0.0972,0.3999,0.1874,0.9276
5,2020-06-12,0.9252,0.2135,0.0948,0.3907,0.179,0.847
6,2020-06-12,0.8313,0.1811,0.0616,0.3749,0.2173,0.9442
7,2020-06-12,0.739,0.2524,0.0972,0.4477,0.2522,0.9318
8,2020-06-12,0.9702,0.3126,0.1469,0.4117,0.1161,0.8073
9,2020-06-12,0.9348,0.3638,0.1678,0.435,0.1029,0.7741
10,2020-06-12,0.972,0.2231,0.0932,0.3748,0.1631,0.8243
11,2020-06-12,0.6166,0.2124,0.0988,0.3599,0.1771,0.8653
12,2020-06-12,0.8244,0.349,0.1607,0.4196,0.0979,0.6685
13,2020-06-12,0.9633,0.2737,0.1089,0.3859,0.1521,0.9147
14,2020-06-12,0.8665,0.208,0.0701,0.5297,0.3666,0.9781
15,2020-06-12,0.8951,0.2681,0.1288,0.3559,0.1106,0.7763
16,2020-06-12,0.6566,0.1984,0.0772,0.3391,0.1581,0.873
17,2020-06-12,0.9666,0.2366,0.0823,0.4505,0.2617,0.975
18,2020-06-12,0.8836,0.2549,0.0927,0.4949,0.3012,0.872
19,2020-06-12,0.8542,0.1797,0.0658,0.3581,0.1375,0.8081
20,2020-06-12,0.8756,0.1683,0.061,0.2962,0.131,0.8561
21,2020-06-12,0.9818,0.2326,0.106,0.4307,0.1475,0.9444
22,2020-06-12,0.9921,0.5418,0.3162,0.3923,-0.1297,0.2628
23,2020-06-12,0.7158,0.2947,0.129,0.3602,0.0792,0.6701
24,2020-06-12,0.8492,0.1705,0.0757,0.2832,0.142,0.8639
25,2020-06-12,0.9396,0.4877,0.2756,0.3205,-0.1335,0.0845
1,2020-06-17,0.1507,0.3386,0.1318,0.3825,0.1593,0.8061
2,2020-06-17,0.5101,0.4077,0.1865,0.3585,0.0104,0.5281
3,2020-06-17,0.0283,0.4274,0.2063,0.4334,0.1096,0.8776
4,2020-06-17,0.0586,0.1892,-0.0171,0.412,0.3976,0.9283
5,2020-06-17,0.0929,0.3721,0.1558,0.386,0.1057,0.7147
6,2020-06-17,0.0536,0.3568,0.132,0.371,0.1197,0.8866
7,2020-06-17,0.1706,0.3367,0.0939,0.3944,0.2361,0.9258
8,2020-06-17,0.2988,0.3806,0.1471,0.3635,0.1297,0.7574
9,2020-06-17,0.377,0.4481,0.2099,0.4174,0.0807,0.6988
10,2020-06-17,0.12,0.4127,0.1892,0.3678,0.0713,0.7257
11,2020-06-17,0.0651,0.379,0.1556,0.3714,0.1167,0.8474
12,2020-06-17,0.4001,0.4538,0.1998,0.4085,0.0713,0.709
13,2020-06-17,0.1151,0.3403,0.108,0.3848,0.1891,0.8569
14,2020-06-17,0.1448,0.3585,0.106,0.4444,0.2566,0.9685
15,2020-06-17,0.1986,0.3939,0.1686,0.3634,0.1087,0.7624
16,2020-06-17,0.077,0.3734,0.1655,0.3405,0.117,0.7796
17,2020-06-17,0.0673,0.309,0.119,0.3498,0.1689,0.9516
18,2020-06-17,0.1087,0.5053,0.2425,0.3836,-0.0674,0.257
19,2020-06-17,0.2372,0.4249,0.1662,0.3574,0.0284,0.6383
20,2020-06-17,0.0183,0.3956,0.2127,0.2951,-0.0626,0.2321
21,2020-06-17,0.2724,0.3923,0.1341,0.4419,0.2172,0.9935
22,2020-06-17,0.9995,0.5285,0.2814,0.3911,-0.0971,0.3062
23,2020-06-17,0.1705,0.4883,0.2642,0.3404,-0.1031,0.1753
24,2020-06-17,0.1588,0.1698,0.0969,0.1048,-0.0539,0.1792
25,2020-06-17,0.8047,0.4714,0.2467,0.3473,-0.0384,0.3665
1,2020-06-20,0.9233,0.2045,0.0994,0.2868,0.0545,0.7186
2,2020-06-20,0.952,0.313,0.1453,0.3291,0.0438,0.7042
3,2020-06-20,0.9773,0.1686,0.0752,0.3683,0.2018,0.9747
4,2020-06-20,0.9889,0.2123,0.1007,0.3055,0.0836,0.8318
5,2020-06-20,0.8553,0.1685,0.071,0.3179,0.1331,0.9087
6,2020-06-20,0.9592,0.1737,0.0848,0.2745,0.0912,0.8331
7,2020-06-20,0.9596,0.2053,0.1003,0.3172,0.1157,0.9166
8,2020-06-20,0.9404,0.2667,0.1221,0.327,0.0587,0.7619
9,2020-06-20,0.9782,0.2947,0.1497,0.3442,0.0565,0.7527
10,2020-06-20,0.9687,0.1791,0.0851,0.2906,0.0875,0.8264
11,2020-06-20,0.9608,0.171,0.0866,0.2757,0.1046,0.9483
12,2020-06-20,0.9797,0.2481,0.1115,0.3302,0.0818,0.8203
13,2020-06-20,0.9848,0.2258,0.1036,0.295,0.0736,0.8896
14,2020-06-20,0.9721,0.2038,0.0984,0.3775,0.1799,0.9881
15,2020-06-20,0.9078,0.2181,0.1155,0.2896,0.0681,0.7704
16,2020-06-20,0.6728,0.1633,0.0801,0.2525,0.0835,0.9107
17,2020-06-20,0.9574,0.2139,0.0945,0.3181,0.1068,0.9552
18,2020-06-20,0.9997,0.22,0.104,0.3575,0.1358,0.8744
19,2020-06-20,0.7524,0.1765,0.0825,0.2907,0.0586,0.7723
20,2020-06-20,0.9912,0.153,0.0719,0.2037,0.0422,0.7203
21,2020-06-20,0.9729,0.1915,0.0921,0.3343,0.097,0.9079
22,2020-06-20,0.8075,0.4185,0.2338,0.351,0.0095,0.57
23,2020-06-20,0.9427,0.2236,0.1154,0.2994,0.0588,0.7474
24,2020-06-20,0.9015,0.1333,0.0646,0.2,0.0592,0.7513
25,2020-06-20,0.9227,0.372,0.2233,0.2722,-0.0615,0.1285
1,2020-06-22,0.0716,0.4227,0.2195,0.3412,-0.0385,0.3377
2,2020-06-22,0.3683,0.45,0.2351,0.3477,-0.0569,0.2163
3,2020-06-22,0.063,0.2116,0.0958,0.4273,0.2304,0.9588
4,2020-06-22,0.0044,0.2212,0.1338,0.0652,-0.131,0.1786
5,2020-06-22,0.0575,0.4493,0.2432,0.3623,-0.0378,0.3739
6,2020-06-22,0.0327,0.4248,0.2075,0.4053,0.0577,0.7562
7,2020-06-22,0.0991,0.4406,0.2081,0.386,0.0578,0.6481
8,2020-06-22,0.1676,0.4555,0.2369,0.3605,-0.0217,0.373
9,2020-06-22,0.3065,0.4687,0.2422,0.4084,0.0167,0.5742
10,2020-06-22,0.0579,0.4444,0.2298,0.3512,-0.0347,0.3242
11,2020-06-22,0.0279,0.4511,0.2376,0.3407,-0.0441,0.2994
12,2020-06-22,0.3388,0.4914,0.2541,0.3776,-0.0492,0.2309
13,2020-06-22,0.023,0.4268,0.222,0.3544,0.004,0.5413
14,2020-06-22,0.0922,0.4534,0.2109,0.4806,0.1541,0.9271
15,2020-06-22,0.0806,0.4479,0.2345,0.3283,-0.0588,0.2209
16,2020-06-22,0.0241,0.4359,0.2356,0.357,-0.0209,0.4421
17,2020-06-22,0.013,0.4406,0.2385,0.3732,0.015,0.5833
18,2020-06-22,0.1205,0.5045,0.2373,0.4024,-0.0324,0.367
19,2020-06-22,0.1897,0.4587,0.2376,0.3575,-0.0443,0.2833
21,2020-06-22,0.1553,0.4446,0.2236,0.3914,0.028,0.7943
22,2020-06-22,0.8421,0.5577,0.3278,0.3619,-0.1751,0.0738
23,2020-06-22,0.1382,0.4712,0.2641,0.3541,-0.0791,0.1454
24,2020-06-22,0.0882,0.1917,0.09,0.1606,-0.0055,0.4903
25,2020-06-22,0.444,0.4542,0.266,0.2883,-0.1225,0.0049
2,2020-06-27,0.0502,0.3363,0.1871,0.3285,0.0502,0.9812
5,2020-06-27,0.0034,0.3277,0.1804,0.3238,0.0708,1.0
8,2020-06-27,0.0077,0.3339,0.1772,0.3478,0.0842,1.0
9,2020-06-27,0.0815,0.3778,0.206,0.3682,0.0714,0.9824
12,2020-06-27,0.0261,0.3517,0.1994,0.342,0.0498,1.0
18,2020-06-27,0.0249,0.3761,0.2104,0.3598,0.0447,0.9444
22,2020-06-27,0.6252,0.3448,0.2004,0.3299,0.0632,0.9993
1,2020-07-02,0.7116,0.1327,0.0259,0.3322,0.2207,0.9216
2,2020-07-02,0.7786,0.3204,0.132,0.3263,0.0624,0.6478
3,2020-07-02,0.9331,0.1475,0.0536,0.3731,0.2378,0.9682
4,2020-07-02,0.5597,0.1678,0.0378,0.3476,0.2368,0.9787
5,2020-07-02,0.5899,0.1577,0.0549,0.331,0.1868,0.9445
6,2020-07-02,0.7252,0.1419,0.0525,0.2909,0.1519,0.9624
7,2020-07-02,0.8273,0.1466,0.0309,0.315,0.217,0.9261
8,2020-07-02,0.6718,0.2405,0.1007,0.3198,0.124,0.8241
9,2020-07-02,0.7614,0.296,0.132,0.342,0.0847,0.7896
10,2020-07-02,0.8794,0.1638,0.0558,0.293,0.1488,0.8215
11,2020-07-02,0.989,0.0999,-0.0046,0.3067,0.2519,0.9799
12,2020-07-02,0.6968,0.2676,0.1014,0.3348,0.1217,0.8685
13,2020-07-02,0.681,0.2226,0.0884,0.2716,0.0795,0.8456
14,2020-07-02,0.9102,0.1247,-0.0012,0.4094,0.3457,0.995
15,2020-07-02,0.9107,0.1436,0.0146,0.3727,0.2817,0.9294
16,2020-07-02,0.9435,0.122,0.028,0.2653,0.1638,0.8915
17,2020-07-02,0.3146,0.2193,0.1034,0.31,0.132,0.9758
18,2020-07-02,0.6049,0.2272,0.0987,0.3742,0.1728,0.84
19,2020-07-02,0.7969,0.1354,0.0547,0.2246,0.0385,0.6375
20,2020-07-02,0.781,0.1295,0.0469,0.1973,0.0489,0.741
21,2020-07-02,0.8523,0.1305,0.0256,0.3341,0.2268,0.988
22,2020-07-02,1.0,0.4036,0.2213,0.3339,0.0108,0.535
23,2020-07-02,0.7232,0.19,0.0826,0.2687,0.0661,0.6951
24,2020-07-02,0.3745,0.1712,0.0594,0.2768,0.12,0.7508
25,2020-07-02,0.7927,0.3323,0.1732,0.2407,-0.0571,0.2114
1,2020-07-07,0.995,0.2456,0.1211,0.3107,0.0506,0.6641
2,2020-07-07,0.9804,0.392,0.1807,0.3538,0.0091,0.5256
3,2020-07-07,0.9999,0.1838,0.0564,0.4642,0.3124,0.965
4,2020-07-07,0.9998,0.2541,0.1169,0.3489,0.1149,0.8461
5,2020-07-07,0.983,0.219,0.1005,0.3568,0.1306,0.8118
6,2020-07-07,0.9961,0.2055,0.0879,0.3289,0.1383,0.8522
7,2020-07-07,0.9782,0.2621,0.1195,0.3691,0.1394,0.8488
8,2020-07-07,0.9632,0.3354,0.1533,0.3635,0.0585,0.6905
9,2020-07-07,0.9987,0.3545,0.1672,0.393,0.0669,0.7035
10,2020-07-07,0.9662,0.231,0.1044,0.3417,0.114,0.7919
11,2020-07-07,1.0,0.204,0.0955,0.3138,0.1187,0.872
12,2020-07-07,0.9991,0.3193,0.1386,0.3735,0.0701,0.6495
13,2020-07-07,0.9932,0.2871,0.1231,0.3516,0.0999,0.8918
14,2020-07-07,0.9969,0.2348,0.0986,0.4573,0.2388,0.9682
15,2020-07-07,0.9723,0.2734,0.1321,0.3193,0.0634,0.7101
16,2020-07-07,0.9496,0.1993,0.0888,0.2822,0.0805,0.798
17,2020-07-07,0.9674,0.2703,0.1119,0.384,0.1605,0.9402
18,2020-07-07,0.997,0.2664,0.1114,0.4395,0.2101,0.8272
19,2020-07-07,0.9816,0.1826,0.0773,0.3311,0.0964,0.8088
20,2020-07-07,0.9892,0.1849,0.0775,0.2552,0.0785,0.7981
21,2020-07-07,1.0,0.2317,0.1091,0.3872,0.1249,0.8802
22,2020-07-07,0.9907,0.5222,0.2985,0.3601,-0.1407,0.1717
23,2020-07-07,0.8589,0.2819,0.1307,0.327,0.0508,0.6458
24,2020-07-07,0.9966,0.193,0.0955,0.2388,0.0806,0.7139
25,2020-07-07,0.9086,0.4364,0.2423,0.2776,-0.1197,0.0635
1,2020-07-12,0.0081,0.3968,0.2178,0.3315,-0.0055,0.4425
2,2020-07-12,0.2302,0.3775,0.2035,0.3207,0.0109,0.6121
5,2020-07-12,0.0264,0.3901,0.2092,0.347,0.0355,0.8135
7,2020-07-12,0.0119,0.3516,0.162,0.3308,0.0636,0.9903
8,2020-07-12,0.0664,0.3877,0.2028,0.335,0.0389,0.7428
9,2020-07-12,0.1774,0.414,0.2129,0.3883,0.0723,0.8932
12,2020-07-12,0.1542,0.3969,0.2075,0.343,0.0166,0.6413
14,2020-07-12,0.0221,0.403,0.1925,0.4294,0.142,1.0
15,2020-07-12,0.0154,0.3807,0.2197,0.2861,-0.0386,0.0938
18,2020-07-12,0.0766,0.4119,0.1986,0.3527,0.0213,0.6245
22,2020-07-12,0.771,0.4287,0.2511,0.3352,-0.0336,0.3067
24,2020-07-12,0.0387,0.1644,0.0708,0.2268,0.1185,1.0
1,2020-07-17,0.4429,0.2089,0.097,0.257,0.0698,0.8442
2,2020-07-17,0.087,0.333,0.1858,0.2783,-0.0215,0.2823
3,2020-07-17,0.8879,0.1493,0.0703,0.2977,0.1462,0.9407
4,2020-07-17,0.3824,0.1949,0.083,0.2647,0.0967,0.9434
5,2020-07-17,0.3044,0.1521,0.0611,0.2811,0.1393,0.9624
6,2020-07-17,0.2597,0.1567,0.0712,0.2249,0.0796,0.9232
7,2020-07-17,0.4935,0.1797,0.0703,0.2841,0.1336,0.941
8,2020-07-17,0.0395,0.2554,0.0919,0.2976,0.1113,0.7629
9,2020-07-17,0.5665,0.2819,0.1378,0.3048,0.0521,0.7874
10,2020-07-17,0.1048,0.1686,0.0643,0.2362,0.0788,0.772
11,2020-07-17,0.8616,0.1504,0.0725,0.2308,0.0807,0.8935
12,2020-07-17,0.5187,0.2495,0.111,0.2958,0.0927,0.8223
13,2020-07-17,0.1364,0.2091,0.0862,0.2502,0.0795,0.9195
14,2020-07-17,0.7329,0.1687,0.0725,0.3171,0.1713,0.9843
15,2020-07-17,0.7047,0.1896,0.0919,0.2369,0.0606,0.8077
16,2020-07-17,0.6077,0.1418,0.064,0.1997,0.0576,0.7948
17,2020-07-17,0.1352,0.183,0.0772,0.283,0.1301,0.9819
18,2020-07-17,0.6096,0.2037,0.0936,0.3166,0.1314,0.8971
19,2020-07-17,0.5205,0.1444,0.0661,0.2194,0.0358,0.729
20,2020-07-17,0.1794,0.1372,0.0653,0.1595,0.0184,0.708
21,2020-07-17,0.5115,0.2617,0.1157,0.2924,0.0795,0.9471
22,2020-07-17,0.7991,0.3318,0.1791,0.3022,0.0571,0.824
23,2020-07-17,0.1984,0.1995,0.0944,0.2271,0.0281,0.6716
24,2020-07-17,0.1628,0.1721,0.0703,0.2749,0.119,0.9965
25,2020-07-17,0.3629,0.2879,0.1608,0.2223,-0.0511,0.2564
1,2020-07-22,0.402,0.1897,0.0825,0.263,0.0718,0.8161
2,2020-07-22,0.5683,0.3209,0.1499,0.2949,0.0081,0.5229
3,2020-07-22,0.9153,0.1614,0.0566,0.3761,0.2325,0.9721
4,2020-07-22,0.7181,0.2292,0.0994,0.2909,0.0926,0.9135
5,2020-07-22,0.668,0.189,0.0761,0.3051,0.1319,0.9101
6,2020-07-22,0.6802,0.1745,0.0717,0.2674,0.1071,0.9404
7,2020-07-22,0.6944,0.2025,0.0843,0.2931,0.1129,0.8557
8,2020-07-22,0.6433,0.2441,0.112,0.2925,0.0597,0.7648
9,2020-07-22,0.6912,0.3068,0.1434,0.3234,0.0352,0.6515
10,2020-07-22,0.8462,0.1892,0.0818,0.2677,0.0792,0.7554
11,2020-07-22,0.759,0.1735,0.0791,0.2547,0.0869,0.8206
12,2020-07-22,0.471,0.2321,0.0905,0.3105,0.0927,0.7133
13,2020-07-22,0.7186,0.2373,0.101,0.2693,0.0519,0.8176
14,2020-07-22,0.7721,0.1925,0.0796,0.3837,0.2008,0.9757
15,2020-07-22,0.3916,0.2065,0.0946,0.2622,0.0729,0.8181
16,2020-07-22,0.8332,0.1599,0.069,0.2117,0.0459,0.7232
17,2020-07-22,0.4183,0.2156,0.0867,0.3221,0.1389,0.9572
18,2020-07-22,0.7907,0.2223,0.0908,0.3658,0.1661,0.8524
19,2020-07-22,0.7203,0.1432,0.0589,0.2542,0.0635,0.7725
20,2020-07-22,0.7669,0.1446,0.0583,0.1823,0.0315,0.7166
21,2020-07-22,0.7644,0.1782,0.0777,0.3159,0.0909,0.8247
22,2020-07-22,0.657,0.4025,0.2315,0.3162,-0.0565,0.1721
23,2020-07-22,0.5791,0.1876,0.0801,0.2404,0.0498,0.7428
24,2020-07-22,0.4138,0.1806,0.0636,0.2752,0.1113,0.8927
25,2020-07-22,0.4913,0.326,0.1734,0.2019,-0.113,0.0122
1,2020-07-25,0.0451,0.3411,0.1788,0.3048,-0.0172,0.3981
2,2020-07-25,0.4052,0.3446,0.1658,0.3129,-0.0004,0.4951
3,2020-07-25,0.0023,0.3444,0.1752,0.3955,0.1004,1.0
5,2020-07-25,0.0379,0.3479,0.173,0.3283,0.0255,0.7234
6,2020-07-25,0.0079,0.1922,0.1172,0.1417,-0.0437,0.4253
7,2020-07-25,0.0191,0.292,0.1316,0.2975,0.0195,0.8253
8,2020-07-25,0.1448,0.3515,0.1714,0.3164,0.0043,0.5303
9,2020-07-25,0.2165,0.3719,0.1926,0.3678,0.0483,0.7951
10,2020-07-25,0.0078,0.3517,0.1866,0.2972,-0.0276,0.1591
12,2020-07-25,0.2,0.3548,0.1812,0.3296,0.0067,0.5587
13,2020-07-25,0.0093,0.3279,0.1778,0.2952,0.0007,0.5
14,2020-07-25,0.0259,0.3472,0.1543,0.4028,0.1264,1.0
15,2020-07-25,0.0838,0.3468,0.1787,0.2848,-0.0398,0.2931
18,2020-07-25,0.0713,0.3654,0.1674,0.3504,0.0334,0.6705
19,2020-07-25,0.0787,0.3123,0.1528,0.2944,0.0051,0.5623
21,2020-07-25,0.0408,0.367,0.1897,0.3585,0.0425,1.0
22,2020-07-25,0.7491,0.3764,0.2028,0.3344,0.0026,0.5197
23,2020-07-25,0.0608,0.3417,0.2039,0.2812,-0.0636,0.0242
25,2020-07-25,0.34,0.3553,0.2123,0.2425,-0.1057,0.0
1,2020-07-27,0.6784,0.1804,0.0858,0.282,0.0918,0.9195
2,2020-07-27,0.407,0.2292,0.0851,0.3296,0.144,0.9475
3,2020-07-27,0.9804,0.1203,0.0324,0.3959,0.2798,0.9803
4,2020-07-27,0.8697,0.1744,0.0658,0.3235,0.1589,0.9896
5,2020-07-27,0.6964,0.1613,0.0606,0.3241,0.1779,0.9824
6,2020-07-27,0.7886,0.1402,0.0571,0.2804,0.1405,0.9807
7,2020-07-27,0.8972,0.1776,0.0744,0.3301,0.1774,0.984
8,2020-07-27,0.576,0.2024,0.0859,0.3218,0.1319,0.9608
9,2020-07-27,0.8583,0.2437,0.112,0.3386,0.102,0.9348
10,2020-07-27,0.9628,0.1609,0.0666,0.2757,0.1156,0.9049
11,2020-07-27,0.9313,0.1547,0.0741,0.2742,0.1194,0.9289
12,2020-07-27,0.6938,0.2183,0.0867,0.3357,0.1273,0.9203
13,2020-07-27,0.8923,0.1926,0.076,0.2783,0.1099,0.9588
14,2020-07-27,0.9424,0.1635,0.0572,0.4237,0.2768,0.9985
15,2020-07-27,0.7259,0.1837,0.09,0.2732,0.0903,0.9065
16,2020-07-27,0.9382,0.1419,0.0643,0.2522,0.0962,0.9173
17,2020-07-27,0.8597,0.1694,0.0463,0.3599,0.2319,0.9981
18,2020-07-27,0.8759,0.1865,0.0717,0.3794,0.2166,0.9107
19,2020-07-27,0.8483,0.1212,0.0474,0.2479,0.0902,0.8785
20,2020-07-27,0.8884,0.1181,0.0487,0.2163,0.0837,0.8931
21,2020-07-27,0.9485,0.1719,0.0777,0.3198,0.1201,0.9874
22,2020-07-27,0.6869,0.3138,0.1691,0.3016,0.0494,0.9612
23,2020-07-27,0.7452,0.1754,0.0824,0.2454,0.0567,0.762
24,2020-07-27,0.498,0.1168,0.0448,0.2609,0.1379,0.9931
25,2020-07-27,0.6899,0.2596,0.1529,0.2061,-0.0549,0.0836
1,2020-08-01,0.055,0.3048,0.126,0.278,-0.0403,0.3094
2,2020-08-01,0.2682,0.3381,0.1552,0.2677,-0.0055,0.4572
3,2020-08-01,0.9794,0.177,0.0767,0.3247,0.1571,0.9107
5,2020-08-01,0.0632,0.1695,0.0607,0.2856,0.0505,0.6135
6,2020-08-01,0.5684,0.184,0.0818,0.2382,0.0679,0.8404
7,2020-08-01,0.9009,0.2215,0.094,0.284,0.0879,0.8203
8,2020-08-01,0.1589,0.3544,0.1684,0.2723,-0.0208,0.3313
9,2020-08-01,0.7594,0.3217,0.1514,0.3078,0.0182,0.5767
10,2020-08-01,0.5514,0.2093,0.0883,0.2567,0.0586,0.7152
11,2020-08-01,0.9894,0.1803,0.0833,0.243,0.0762,0.8375
12,2020-08-01,0.5662,0.3155,0.1374,0.2999,0.0441,0.6306
14,2020-08-01,0.8739,0.2087,0.088,0.3388,0.1588,0.9379
15,2020-08-01,0.0852,0.3315,0.1327,0.2714,0.0207,0.5763
16,2020-08-01,0.9696,0.1719,0.075,0.2045,0.0371,0.6947
18,2020-08-01,0.7777,0.2345,0.0986,0.3332,0.124,0.8013
19,2020-08-01,0.8459,0.1606,0.0695,0.238,0.0345,0.6557
20,2020-08-01,0.9453,0.1625,0.071,0.1654,0.0042,0.5315
21,2020-08-01,0.106,0.3747,0.1774,0.3134,0.0107,0.6987
22,2020-08-01,0.7729,0.4182,0.2328,0.3005,-0.086,0.1415
23,2020-08-01,0.6874,0.2224,0.1001,0.2504,0.0381,0.6486
24,2020-08-01,0.0182,0.1777,0.0775,0.1598,0.0232,0.9688
1,2020-08-04,0.1285,0.2332,0.1191,0.2883,0.083,0.933
2,2020-08-04,0.3954,0.2996,0.1497,0.3067,0.0501,0.9734
3,2020-08-04,0.2804,0.1869,0.0664,0.4198,0.2775,0.9974
4,2020-08-04,0.1914,0.1919,0.0852,0.3146,0.1511,0.9983
5,2020-08-04,0.0912,0.1884,0.0787,0.3352,0.1979,0.9982
6,2020-08-04,0.278,0.1624,0.0729,0.2856,0.1314,0.9935
7,2020-08-04,0.2122,0.2051,0.097,0.3148,0.1412,0.9854
8,2020-08-04,0.1561,0.2764,0.1329,0.3167,0.0857,0.9861
9,2020-08-04,0.2298,0.2995,0.1589,0.351,0.1172,0.9731
10,2020-08-04,0.106,0.1313,0.0643,0.2909,0.1656,0.9766
11,2020-08-04,0.1274,0.1658,0.0777,0.2777,0.1258,0.9958
12,2020-08-04,0.1611,0.2218,0.0955,0.3257,0.1383,1.0
13,2020-08-04,0.0832,0.1333,0.0563,0.2918,0.1891,1.0
14,2020-08-04,0.194,0.203,0.0831,0.3964,0.2299,1.0
15,2020-08-04,0.2477,0.1992,0.1052,0.2639,0.07,0.9155
16,2020-08-04,0.0155,0.1559,0.0736,0.2563,0.1109,0.9672
17,2020-08-04,0.1604,0.1708,0.0666,0.3431,0.2277,1.0
18,2020-08-04,0.2441,0.2118,0.096,0.3644,0.1773,0.9909
19,2020-08-04,0.0701,0.2257,0.1182,0.3058,0.1017,1.0
20,2020-08-04,0.0236,0.1553,0.0781,0.1661,0.0273,0.7083
21,2020-08-04,0.0621,0.2836,0.1477,0.3441,0.1219,1.0
22,2020-08-04,0.1117,0.2109,0.0963,0.3335,0.1884,1.0
23,2020-08-04,0.1,0.1028,0.0437,0.1847,0.0693,0.9902
24,2020-08-04,0.1389,0.125,0.0531,0.2189,0.109,1.0
25,2020-08-04,0.0196,0.2469,0.1574,0.2312,0.0158,1.0
1,2020-08-06,0.0278,0.248,0.1069,0.2966,0.035,0.7158
2,2020-08-06,0.3223,0.3568,0.1705,0.3104,0.003,0.5204
3,2020-08-06,0.0023,0.3822,0.1856,0.413,0.1139,1.0
5,2020-08-06,0.0282,0.3735,0.1911,0.3439,0.0411,0.8457
8,2020-08-06,0.0307,0.3644,0.1899,0.3134,0.0013,0.5451
9,2020-08-06,0.1298,0.3973,0.2014,0.368,0.0549,0.8938
12,2020-08-06,0.0983,0.3754,0.1935,0.3275,-0.0016,0.4716
14,2020-08-06,0.0211,0.3774,0.1799,0.4208,0.1428,1.0
15,2020-08-06,0.0289,0.3515,0.1843,0.2923,-0.0052,0.4667
18,2020-08-06,0.0605,0.3701,0.1668,0.3435,0.0455,0.8311
22,2020-08-06,0.6967,0.4082,0.2263,0.3312,-0.0326,0.2354
24,2020-08-06,0.0677,0.177,0.0629,0.258,0.1476,1.0
1,2020-08-14,0.0775,0.2664,0.1339,0.2615,-0.0095,0.4519
2,2020-08-14,0.5937,0.3252,0.1614,0.268,-0.0048,0.4626
3,2020-08-14,0.0071,0.3361,0.1737,0.3315,0.0706,0.9592
4,2020-08-14,0.0182,0.1612,0.1034,0.0153,-0.1325,0.0
5,2020-08-14,0.0538,0.2869,0.1426,0.2671,0.0422,0.8426
6,2020-08-14,0.0119,0.2709,0.1276,0.2842,0.0817,0.7023
7,2020-08-14,0.0381,0.275,0.1112,0.2693,0.0607,0.9335
8,2020-08-14,0.2619,0.3101,0.1505,0.2719,0.0282,0.6173
9,2020-08-14,0.2539,0.3448,0.1889,0.309,0.0413,0.801
11,2020-08-14,0.0149,0.3039,0.1619,0.272,0.0726,0.9405
12,2020-08-14,0.2511,0.3025,0.1566,0.2748,0.0414,0.7767
13,2020-08-14,0.0093,0.3195,0.1809,0.2518,-0.0086,0.2955
14,2020-08-14,0.0432,0.3326,0.1626,0.347,0.1044,0.9833
15,2020-08-14,0.13,0.2938,0.1371,0.2551,0.0518,0.7333
16,2020-08-14,0.0172,0.2865,0.1251,0.2606,0.077,0.9118
17,2020-08-14,0.0185,0.2583,0.1111,0.2702,0.1,0.9853
18,2020-08-14,0.0926,0.3511,0.1722,0.2918,-0.0003,0.4896
19,2020-08-14,0.12,0.3045,0.1608,0.2633,0.025,0.6262
21,2020-08-14,0.1091,0.3485,0.1909,0.3061,0.0295,0.935
22,2020-08-14,0.8654,0.3136,0.1803,0.2727,0.0461,0.7867
23,2020-08-14,0.0627,0.3165,0.1977,0.2494,-0.0279,0.0547
24,2020-08-14,0.1531,0.1605,0.0827,0.0956,-0.03,0.2342
25,2020-08-14,0.3286,0.3317,0.2087,0.2369,-0.0593,0.0447
1,2020-08-19,0.0867,0.2987,0.1628,0.3032,0.0304,0.7276
2,2020-08-19,0.5388,0.3186,0.1561,0.3185,0.0417,0.8862
3,2020-08-19,0.0207,0.321,0.1678,0.4081,0.188,1.0
4,2020-08-19,0.0213,0.1507,0.0919,0.0941,-0.048,0.1157
5,2020-08-19,0.0582,0.3108,0.1563,0.3325,0.0739,0.9778
6,2020-08-19,0.0265,0.2739,0.1369,0.307,0.0565,0.6438
7,2020-08-19,0.0322,0.2917,0.1493,0.301,0.0577,0.9321
8,2020-08-19,0.2254,0.3241,0.1588,0.3192,0.0467,0.9163
9,2020-08-19,0.2943,0.3616,0.1991,0.3648,0.0723,0.9141
10,2020-08-19,0.0184,0.3218,0.187,0.3208,0.0448,0.9808
11,2020-08-19,0.0199,0.3346,0.1921,0.3092,0.0312,0.8125
12,2020-08-19,0.2874,0.3245,0.1701,0.3314,0.0511,0.954
13,2020-08-19,0.0139,0.2987,0.1588,0.3118,0.0686,1.0
14,2020-08-19,0.05,0.3342,0.1695,0.4211,0.1807,1.0
15,2020-08-19,0.1199,0.3164,0.1748,0.3006,0.0272,0.743
16,2020-08-19,0.0109,0.3274,0.192,0.3083,0.0479,0.8605
18,2020-08-19,0.1031,0.345,0.1641,0.3609,0.0778,0.9142
19,2020-08-19,0.0537,0.2942,0.1744,0.282,0.0157,0.8564
21,2020-08-19,0.1189,0.3384,0.1804,0.3392,0.0612,0.9888
22,2020-08-19,0.8215,0.3482,0.1954,0.3514,0.063,0.996
23,2020-08-19,0.0666,0.3056,0.2029,0.2984,0.0289,0.9853
24,2020-08-19,0.2049,0.153,0.0701,0.1741,0.0483,0.8306
25,2020-08-19,0.4249,0.3233,0.2097,0.2589,-0.038,0.0166
1,2020-08-21,0.0229,0.1726,0.0942,0.2589,0.0673,0.8276
2,2020-08-21,0.2336,0.3456,0.1793,0.3046,0.0232,0.7399
5,2020-08-21,0.0324,0.3612,0.1891,0.3302,0.0605,0.9826
8,2020-08-21,0.0506,0.3565,0.1872,0.3126,0.0411,0.9192
9,2020-08-21,0.1311,0.3935,0.2107,0.3664,0.0707,0.9485
12,2020-08-21,0.0769,0.3671,0.2036,0.3207,0.0085,0.6538
14,2020-08-21,0.0154,0.3784,0.2008,0.4136,0.1313,1.0
18,2020-08-21,0.0752,0.3826,0.1887,0.3539,0.0484,0.8235
22,2020-08-21,0.6841,0.396,0.2321,0.3252,-0.0014,0.4829
24,2020-08-21,0.0916,0.1898,0.0693,0.2598,0.1485,1.0
1,2020-08-24,0.0239,0.169,0.1271,0.2883,0.0524,0.9249
2,2020-08-24,0.3278,0.2717,0.139,0.2996,0.0838,1.0
5,2020-08-24,0.0237,0.2766,0.1469,0.3194,0.1107,1.0
8,2020-08-24,0.0932,0.2754,0.1431,0.3098,0.093,1.0
9,2020-08-24,0.1899,0.3102,0.1699,0.3581,0.1233,0.994
12,2020-08-24,0.125,0.287,0.1592,0.3167,0.0786,0.9985
14,2020-08-24,0.0192,0.2927,0.1452,0.3933,0.1825,1.0
15,2020-08-24,0.0231,0.2863,0.1772,0.2732,0.0121,0.7292
18,2020-08-24,0.081,0.3054,0.1514,0.3383,0.0945,0.9829
22,2020-08-24,0.7107,0.2832,0.159,0.3008,0.0992,1.0
24,2020-08-24,0.0381,0.1374,0.0459,0.238,0.1524,1.0
1,2020-08-26,0.5406,0.2251,0.1083,0.3114,0.089,0.849
2,2020-08-26,0.7954,0.3107,0.1391,0.3201,0.0714,0.8799
3,2020-08-26,0.768,0.1888,0.0831,0.3557,0.1752,0.9586
4,2020-08-26,0.8391,0.2222,0.0925,0.3598,0.1656,0.9704
5,2020-08-26,0.6976,0.1992,0.0819,0.3455,0.1731,0.9586
6,2020-08-26,0.4879,0.2024,0.0862,0.3178,0.1409,0.9759
7,2020-08-26,0.8365,0.2278,0.0971,0.3756,0.1946,0.978
8,2020-08-26,0.6849,0.255,0.1087,0.3525,0.1567,0.8989
9,2020-08-26,0.801,0.32,0.1598,0.3549,0.0771,0.8547
10,2020-08-26,0.8975,0.2052,0.0899,0.3239,0.146,0.9414
11,2020-08-26,0.7272,0.2,0.0943,0.305,0.1253,0.968
12,2020-08-26,0.6929,0.2691,0.1247,0.3461,0.0974,0.9016
13,2020-08-26,0.8562,0.2281,0.0966,0.3344,0.1537,0.984
14,2020-08-26,0.8182,0.2217,0.093,0.4178,0.2286,0.9959
15,2020-08-26,0.414,0.2405,0.1143,0.3237,0.1143,0.9081
16,2020-08-26,0.7856,0.1786,0.0831,0.2731,0.0986,0.9145
17,2020-08-26,0.6341,0.2262,0.0905,0.3536,0.1799,0.9974
18,2020-08-26,0.608,0.2506,0.1167,0.3394,0.1061,0.8504
19,2020-08-26,0.6119,0.177,0.0765,0.2883,0.1129,0.9607
20,2020-08-26,0.6016,0.1618,0.0675,0.2218,0.0694,0.8694
21,2020-08-26,0.9237,0.2122,0.1058,0.3404,0.1285,0.9366
22,2020-08-26,0.965,0.3413,0.1902,0.3168,0.055,0.7312
23,2020-08-26,0.2278,0.197,0.0896,0.2892,0.1061,0.8968
24,2020-08-26,0.5441,0.1609,0.0627,0.2573,0.1276,0.9603
25,2020-08-26,0.2628,0.3339,0.1813,0.3014,0.0098,0.6108
1,2020-08-29,0.066,0.2346,0.1096,0.2672,-0.0054,0.4815
2,2020-08-29,0.5284,0.3015,0.1421,0.2712,0.0045,0.543
4,2020-08-29,0.0106,0.157,0.0915,0.0394,-0.1265,0.0
5,2020-08-29,0.0608,0.2746,0.1279,0.2874,0.0381,0.7735
6,2020-08-29,0.0131,0.2468,0.114,0.2944,0.0924,0.6276
7,2020-08-29,0.0059,0.3036,0.1585,0.2758,0.0261,0.6078
8,2020-08-29,0.1992,0.2987,0.1375,0.2745,0.0224,0.6288
9,2020-08-29,0.245,0.3306,0.1738,0.3154,0.0427,0.8108
11,2020-08-29,0.0106,0.2826,0.1474,0.2805,0.0654,1.0
12,2020-08-29,0.314,0.3001,0.1454,0.2948,0.0446,0.7372
13,2020-08-29,0.0084,0.3057,0.1707,0.256,-0.021,0.1
14,2020-08-29,0.0211,0.3337,0.1752,0.3557,0.0957,0.9886
15,2020-08-29,0.1153,0.2646,0.1307,0.26,0.0416,0.7453
18,2020-08-29,0.0915,0.3348,0.1526,0.3116,0.0232,0.6556
21,2020-08-29,0.0603,0.3124,0.1568,0.3072,0.0431,0.9926
22,2020-08-29,0.9215,0.3051,0.1562,0.2976,0.0573,0.8605
24,2020-08-29,0.1252,0.1537,0.0651,0.1178,-0.0284,0.2682
25,2020-08-29,0.0936,0.3108,0.1974,0.249,-0.0517,0.0814
1,2020-08-31,1.0,0.2101,0.1027,0.2368,0.0108,0.5492
2,2020-08-31,0.9823,0.3175,0.1471,0.2747,-0.0089,0.4569
3,2020-08-31,1.0,0.1885,0.0806,0.3212,0.1454,0.9074
4,2020-08-31,1.0,0.2322,0.1062,0.2548,0.04,0.7123
5,2020-08-31,0.9936,0.205,0.0926,0.2717,0.0679,0.7216
6,2020-08-31,0.9993,0.1866,0.0872,0.2264,0.0377,0.6895
7,2020-08-31,0.999,0.2367,0.1058,0.2656,0.0484,0.7012
8,2020-08-31,0.9917,0.2725,0.1209,0.2615,0.0196,0.5987
9,2020-08-31,1.0,0.2944,0.1395,0.287,0.0036,0.5171
10,2020-08-31,1.0,0.2094,0.0913,0.2439,0.0394,0.641
11,2020-08-31,1.0,0.1883,0.088,0.2357,0.0589,0.8005
12,2020-08-31,1.0,0.2703,0.1149,0.2867,0.027,0.5966
13,2020-08-31,1.0,0.2606,0.1131,0.238,0.0066,0.5436
14,2020-08-31,1.0,0.2206,0.0953,0.3314,0.1335,0.9318
15,2020-08-31,0.9894,0.2279,0.1078,0.2402,0.0266,0.6339
16,2020-08-31,1.0,0.1813,0.0863,0.1935,0.0069,0.5443
17,2020-08-31,0.9606,0.2362,0.0961,0.2808,0.0851,0.9299
18,2020-08-31,1.0,0.2358,0.0996,0.3099,0.0911,0.7448
19,2020-08-31,1.0,0.1702,0.0816,0.2147,-0.0034,0.4831
20,2020-08-31,1.0,0.1701,0.0769,0.1532,-0.0235,0.3336
21,2020-08-31,1.0,0.2023,0.0913,0.2736,0.0495,0.724
22,2020-08-31,0.9879,0.3785,0.2202,0.3106,-0.0241,0.3623
23,2020-08-31,0.9936,0.2317,0.109,0.2267,-0.0057,0.4788
24,2020-08-31,1.0,0.1797,0.0887,0.1503,0.0005,0.5003
25,2020-08-31,1.0,0.3146,0.1776,0.1926,-0.1038,0.0511
1,2020-09-03,0.7698,0.2502,0.1201,0.2682,0.0223,0.5801
2,2020-09-03,0.851,0.3748,0.1664,0.2967,-0.0386,0.3533
3,2020-09-03,0.9242,0.2062,0.0818,0.3674,0.1922,0.9105
4,2020-09-03,0.8312,0.2635,0.1173,0.292,0.0666,0.7559
5,2020-09-03,0.8259,0.2274,0.0969,0.303,0.0998,0.7512
6,2020-09-03,0.6798,0.2172,0.0932,0.2673,0.0763,0.7827
7,2020-09-03,0.8378,0.2684,0.1181,0.2982,0.0683,0.7098
8,2020-09-03,0.8465,0.3315,0.1434,0.2972,0.0071,0.5214
9,2020-09-03,0.733,0.3746,0.1781,0.3278,-0.005,0.4832
10,2020-09-03,0.9189,0.2384,0.1046,0.2785,0.061,0.6696
11,2020-09-03,0.9704,0.2266,0.1038,0.2651,0.0642,0.7549
12,2020-09-03,0.7312,0.3368,0.1542,0.3172,0.0007,0.5013
13,2020-09-03,0.7786,0.2913,0.1261,0.2847,0.0348,0.6863
14,2020-09-03,0.8489,0.2405,0.0974,0.3736,0.1675,0.9024
15,2020-09-03,0.7851,0.2781,0.1294,0.2771,0.0292,0.6079
16,2020-09-03,0.8857,0.2143,0.0994,0.2288,0.0262,0.6175
17,2020-09-03,0.5277,0.2561,0.1008,0.3214,0.1113,0.8935
18,2020-09-03,0.7672,0.2604,0.104,0.365,0.1486,0.7787
19,2020-09-03,0.9222,0.1961,0.087,0.2682,0.0294,0.6133
20,2020-09-03,0.7234,0.1873,0.0778,0.1793,0.0078,0.5434
21,2020-09-03,0.8598,0.2299,0.104,0.3022,0.0426,0.6275
22,2020-09-03,0.9659,0.4414,0.2422,0.3201,-0.0863,0.2037
23,2020-09-03,0.7364,0.2678,0.1167,0.2712,0.0153,0.5462
24,2020-09-03,0.8213,0.2104,0.102,0.1663,-0.0287,0.4712
25,2020-09-03,0.8993,0.4025,0.2231,0.2387,-0.1278,0.0175
1,2020-09-05,0.8629,0.2586,0.1229,0.2894,0.0392,0.6371
2,2020-09-05,0.8438,0.4152,0.1787,0.3136,-0.0572,0.3251
3,2020-09-05,0.9848,0.2059,0.0806,0.3911,0.2192,0.9144
4,2020-09-05,0.9137,0.2748,0.1182,0.3215,0.0914,0.8259
5,2020-09-05,0.8316,0.242,0.1024,0.3252,0.1165,0.7667
6,2020-09-05,0.8779,0.2248,0.0982,0.2877,0.0912,0.8073
7,2020-09-05,0.9122,0.2674,0.115,0.333,0.1118,0.8101
8,2020-09-05,0.8352,0.3482,0.1493,0.317,0.0185,0.5517
9,2020-09-05,0.9179,0.3614,0.1644,0.3476,0.0223,0.5732
10,2020-09-05,0.9563,0.2462,0.1045,0.3056,0.0881,0.7233
11,2020-09-05,0.9954,0.2193,0.0983,0.2839,0.0977,0.8351
12,2020-09-05,0.851,0.3282,0.1406,0.3342,0.0236,0.5526
13,2020-09-05,0.8993,0.3046,0.1282,0.3053,0.056,0.7603
14,2020-09-05,0.92,0.2479,0.1028,0.4072,0.1957,0.9316
15,2020-09-05,0.9097,0.2814,0.1313,0.2967,0.0537,0.6733
16,2020-09-05,0.9703,0.2113,0.0958,0.2511,0.0555,0.7242
17,2020-09-05,0.6254,0.2734,0.1034,0.3514,0.1466,0.9219
18,2020-09-05,0.9226,0.2675,0.1051,0.3909,0.1746,0.7764
19,2020-09-05,0.9077,0.2025,0.0873,0.2808,0.0518,0.6611
20,2020-09-05,0.9525,0.2024,0.0882,0.203,0.0206,0.5921
21,2020-09-05,0.9126,0.2426,0.1104,0.3274,0.0627,0.6772
22,2020-09-05,0.9617,0.4849,0.2587,0.3242,-0.1457,0.1307
23,2020-09-05,0.8182,0.284,0.1266,0.2847,0.0249,0.5677
24,2020-09-05,0.8776,0.2224,0.1079,0.1928,0.0184,0.5156
25,2020-09-05,0.9091,0.4138,0.226,0.2511,-0.1349,0.0215
1,2020-09-08,0.1567,0.3542,0.1762,0.3292,0.0076,0.5289
2,2020-09-08,0.6771,0.3826,0.1716,0.3387,0.0162,0.5806
3,2020-09-08,0.0402,0.3749,0.1807,0.3781,0.1152,0.8959
4,2020-09-08,0.0363,0.2157,0.1257,0.1156,-0.0885,0.3982
5,2020-09-08,0.1498,0.3333,0.1421,0.3335,-0.0007,0.4976
6,2020-09-08,0.0513,0.3476,0.1635,0.3418,0.0445,0.6025
7,2020-09-08,0.1471,0.3778,0.1692,0.3519,0.0508,0.8059
8,2020-09-08,0.4071,0.3772,0.1652,0.3372,0.035,0.7006
9,2020-09-08,0.3945,0.4201,0.2088,0.3858,0.0423,0.7183
10,2020-09-08,0.1062,0.3796,0.1891,0.3377,0.0151,0.595
11,2020-09-08,0.0575,0.3902,0.1958,0.3367,0.0108,0.5556
12,2020-09-08,0.4222,0.394,0.1888,0.3513,0.0114,0.5712
13,2020-09-08,0.1294,0.3622,0.1675,0.3432,0.0507,0.8091
14,2020-09-08,0.1285,0.3922,0.1755,0.4587,0.1719,0.9794
15,2020-09-08,0.1957,0.3812,0.1863,0.3295,0.0121,0.556
16,2020-09-08,0.0813,0.3873,0.2069,0.3296,0.0216,0.6106
17,2020-09-08,0.0665,0.3413,0.1597,0.3393,0.0663,0.8204
18,2020-09-08,0.1427,0.4244,0.1826,0.3304,-0.0394,0.312
19,2020-09-08,0.2224,0.3904,0.1976,0.3195,-0.0215,0.3284
20,2020-09-08,0.0337,0.3421,0.1581,0.2619,-0.0109,0.4078
21,2020-09-08,0.2236,0.4061,0.1917,0.3671,0.0317,0.875
22,2020-09-08,0.9467,0.4499,0.236,0.3555,-0.038,0.3169
23,2020-09-08,0.1979,0.3959,0.2119,0.3097,-0.0447,0.2153
24,2020-09-08,0.3603,0.1892,0.1008,0.0758,-0.0977,0.0948
25,2020-09-08,0.7557,0.4145,0.2353,0.2932,-0.0731,0.0569
1,2020-09-10,0.9411,0.2386,0.1216,0.2393,-0.0105,0.445
2,2020-09-10,0.9343,0.3389,0.1591,0.2826,-0.0071,0.4644
3,2020-09-10,0.9984,0.2011,0.0991,0.2726,0.0639,0.767
4,2020-09-10,0.9864,0.2495,0.1191,0.2666,0.0408,0.691
5,2020-09-10,0.969,0.2163,0.1019,0.2548,0.0413,0.6415
6,2020-09-10,0.972,0.2055,0.1003,0.2186,0.0132,0.5679
7,2020-09-10,0.9845,0.2586,0.1228,0.2727,0.0464,0.6949
8,2020-09-10,0.8478,0.3073,0.1414,0.2871,0.037,0.6536
9,2020-09-10,0.9922,0.3084,0.1549,0.2826,-0.0097,0.4459
10,2020-09-10,0.9506,0.2343,0.1082,0.2429,0.0197,0.5886
11,2020-09-10,1.0,0.2072,0.1062,0.2217,0.02,0.6347
12,2020-09-10,0.9965,0.2883,0.1297,0.2924,0.0277,0.6157
13,2020-09-10,0.9789,0.2681,0.1231,0.2446,0.0098,0.5717
14,2020-09-10,0.9957,0.2407,0.1161,0.2972,0.0774,0.8534
15,2020-09-10,0.9706,0.2579,0.1299,0.2432,0.005,0.5296
16,2020-09-10,0.9498,0.213,0.1102,0.1922,-0.0186,0.3829
17,2020-09-10,0.8692,0.2563,0.1118,0.2806,0.0699,0.9019
18,2020-09-10,0.9967,0.2521,0.1175,0.2862,0.0385,0.6366
19,2020-09-10,0.9279,0.1936,0.0969,0.197,-0.0253,0.3501
20,2020-09-10,0.9394,0.1982,0.098,0.1338,-0.0637,0.131
21,2020-09-10,0.9867,0.2225,0.1108,0.2586,0.0155,0.6039
22,2020-09-10,0.9949,0.3976,0.2291,0.3066,-0.0373,0.3405
23,2020-09-10,0.7055,0.2603,0.1268,0.2328,-0.0328,0.3215
24,2020-09-10,0.9647,0.1754,0.0915,0.1624,0.0194,0.5593
25,2020-09-10,0.8607,0.3637,0.2085,0.2424,-0.0828,0.1056
1,2020-09-13,0.8103,0.2458,0.12,0.2488,0.0116,0.5468
2,2020-09-13,0.8898,0.3504,0.1515,0.2871,-0.0007,0.4962
3,2020-09-13,0.9081,0.2151,0.0965,0.2917,0.0975,0.8174
4,2020-09-13,0.7979,0.268,0.1211,0.256,0.0324,0.6479
5,2020-09-13,0.8049,0.2358,0.1059,0.2702,0.0529,0.6541
6,2020-09-13,0.755,0.2203,0.1034,0.22,0.0257,0.6136
7,2020-09-13,0.8499,0.2751,0.114,0.2724,0.0513,0.6607
8,2020-09-13,0.8785,0.3081,0.1334,0.2841,0.03,0.5948
9,2020-09-13,0.8039,0.3533,0.168,0.297,-0.0166,0.4391
10,2020-09-13,0.9467,0.2508,0.1079,0.2411,0.0232,0.5757
11,2020-09-13,0.9982,0.2275,0.112,0.2305,0.0292,0.6454
12,2020-09-13,0.7988,0.3337,0.1372,0.299,0.0322,0.5822
13,2020-09-13,0.7883,0.3039,0.134,0.2422,-0.0155,0.4087
14,2020-09-13,0.7963,0.2469,0.1044,0.3176,0.12,0.8525
15,2020-09-13,0.8934,0.2666,0.1266,0.2499,0.0276,0.6358
16,2020-09-13,0.9513,0.2316,0.112,0.1875,-0.0235,0.3929
17,2020-09-13,0.5293,0.2683,0.1084,0.2937,0.0812,0.8374
18,2020-09-13,0.7067,0.2679,0.1171,0.3101,0.0692,0.6768
19,2020-09-13,0.889,0.2124,0.1027,0.2153,-0.0273,0.3918
20,2020-09-13,0.8164,0.2114,0.1013,0.128,-0.0755,0.1115
21,2020-09-13,0.8394,0.2244,0.1081,0.2624,0.0286,0.6068
22,2020-09-13,1.0,0.4258,0.2267,0.3193,-0.0387,0.4079
23,2020-09-13,0.7727,0.2762,0.128,0.2427,-0.0328,0.3874
24,2020-09-13,0.8105,0.2149,0.1107,0.1229,-0.0602,0.4361
25,2020-09-13,0.9614,0.4026,0.2218,0.2439,-0.1163,0.1811
1,2020-09-15,0.5305,0.2721,0.1285,0.2783,0.0319,0.6077
2,2020-09-15,0.7561,0.4075,0.1812,0.2931,-0.0764,0.2403
3,2020-09-15,0.8357,0.2111,0.0901,0.3361,0.1635,0.9018
4,2020-09-15,0.7067,0.2737,0.1203,0.2849,0.0579,0.7382
5,2020-09-15,0.6994,0.2359,0.1012,0.2983,0.0889,0.728
6,2020-09-15,0.3586,0.232,0.0969,0.2788,0.0843,0.8082
7,2020-09-15,0.3759,0.2801,0.1124,0.2984,0.0651,0.6966
8,2020-09-15,0.6716,0.368,0.1573,0.2951,-0.015,0.4564
9,2020-09-15,0.7179,0.3788,0.1801,0.3155,-0.0191,0.4369
10,2020-09-15,0.4203,0.2516,0.1083,0.2759,0.0591,0.6841
11,2020-09-15,0.4134,0.2256,0.1065,0.2657,0.0699,0.7729
12,2020-09-15,0.7415,0.3467,0.1485,0.313,0.0031,0.5041
13,2020-09-15,0.6348,0.2909,0.128,0.2733,0.0318,0.6887
14,2020-09-15,0.6347,0.2351,0.0954,0.3473,0.155,0.8933
15,2020-09-15,0.7249,0.2786,0.1237,0.2746,0.044,0.6633
16,2020-09-15,0.1969,0.2561,0.1118,0.2465,0.0308,0.6126
17,2020-09-15,0.3301,0.2558,0.1037,0.3144,0.1088,0.8783
18,2020-09-15,0.6693,0.2682,0.1121,0.3429,0.1167,0.7356
19,2020-09-15,0.283,0.3748,0.1765,0.2693,-0.0795,0.3158
20,2020-09-15,0.1457,0.2188,0.1034,0.1782,-0.0115,0.418
21,2020-09-15,0.7316,0.2461,0.1147,0.3024,0.041,0.621
22,2020-09-15,0.9696,0.4722,0.2522,0.3138,-0.1485,0.1075
23,2020-09-15,0.2582,0.3876,0.2028,0.2792,-0.0897,0.2808
24,2020-09-15,0.6779,0.2166,0.1037,0.2046,0.0047,0.5038
25,2020-09-15,0.7225,0.4271,0.2364,0.2525,-0.1393,0.0535
1,2020-09-18,0.8746,0.271,0.1286,0.3116,0.0526,0.6574
2,2020-09-18,0.9093,0.4025,0.1689,0.3372,-0.0105,0.465
3,2020-09-18,0.9932,0.2291,0.0934,0.4229,0.2405,0.9142
4,2020-09-18,0.9313,0.2806,0.1228,0.3348,0.0996,0.8048
5,2020-09-18,0.9334,0.2467,0.1052,0.3461,0.1268,0.762
6,2020-09-18,0.9479,0.2353,0.1056,0.3077,0.1065,0.7968
7,2020-09-18,0.9186,0.309,0.1391,0.3453,0.0904,0.7269
8,2020-09-18,0.8976,0.3598,0.1513,0.3406,0.0353,0.6005
9,2020-09-18,0.9248,0.3786,0.1699,0.3727,0.0291,0.5823
10,2020-09-18,0.9322,0.2611,0.111,0.3338,0.1081,0.7448
11,2020-09-18,0.9856,0.2493,0.1209,0.297,0.0884,0.7852
12,2020-09-18,0.9447,0.3309,0.1342,0.3618,0.0547,0.6132
13,2020-09-18,0.9679,0.311,0.1298,0.3331,0.0789,0.8094
14,2020-09-18,0.9597,0.2728,0.1186,0.4234,0.1941,0.8976
15,2020-09-18,0.9242,0.2986,0.1427,0.3191,0.0625,0.6849
16,2020-09-18,0.9199,0.24,0.1167,0.2604,0.0477,0.6785
17,2020-09-18,0.8084,0.2868,0.1115,0.359,0.1351,0.8989
18,2020-09-18,0.9549,0.2778,0.1076,0.4159,0.1918,0.8008
19,2020-09-18,0.9679,0.2135,0.0966,0.3112,0.0722,0.7058
20,2020-09-18,0.982,0.2179,0.096,0.2216,0.0357,0.6347
21,2020-09-18,0.9099,0.2573,0.1125,0.3614,0.091,0.7679
22,2020-09-18,0.9935,0.4979,0.2647,0.3462,-0.1263,0.1764
23,2020-09-18,0.904,0.3136,0.149,0.3271,0.0473,0.6179
24,2020-09-18,0.9124,0.2095,0.0961,0.2027,0.0327,0.554
25,2020-09-18,0.9744,0.4463,0.2451,0.2958,-0.0968,0.1251
1,2020-09-20,0.9981,0.2695,0.132,0.3084,0.0381,0.6128
2,2020-09-20,0.9829,0.4225,0.1874,0.34,-0.0212,0.4446
3,2020-09-20,1.0,0.2221,0.0837,0.4441,0.2596,0.9332
4,2020-09-20,0.9988,0.285,0.13,0.3465,0.102,0.8084
5,2020-09-20,0.9869,0.2584,0.117,0.3455,0.1104,0.7231
6,2020-09-20,0.9986,0.2394,0.1056,0.321,0.1078,0.7856
7,2020-09-20,0.9945,0.2995,0.1327,0.365,0.1168,0.7663
8,2020-09-20,0.9606,0.374,0.1669,0.3519,0.0407,0.6033
9,2020-09-20,0.999,0.3741,0.1715,0.3786,0.0282,0.5768
10,2020-09-20,0.9874,0.2716,0.1174,0.3453,0.1017,0.7232
11,2020-09-20,1.0,0.2312,0.1112,0.3074,0.1,0.8214
12,2020-09-20,0.9998,0.3487,0.1442,0.3628,0.044,0.5849
13,2020-09-20,0.9983,0.3231,0.1388,0.3462,0.0733,0.7771
14,2020-09-20,0.9976,0.2685,0.1149,0.4432,0.2067,0.9237
15,2020-09-20,0.9909,0.3015,0.1448,0.3224,0.0525,0.6677
16,2020-09-20,0.9995,0.2313,0.1112,0.2738,0.0555,0.7001
17,2020-09-20,0.9682,0.3016,0.1212,0.3775,0.1484,0.9207
18,2020-09-20,1.0,0.2873,0.1126,0.4336,0.1981,0.7915
19,2020-09-20,0.9997,0.2129,0.0933,0.3227,0.0684,0.6929
20,2020-09-20,1.0,0.2195,0.0965,0.2433,0.0435,0.6488
21,2020-09-20,1.0,0.261,0.1215,0.3689,0.0805,0.7449
22,2020-09-20,0.9977,0.5197,0.2958,0.3301,-0.1663,0.1391
23,2020-09-20,0.9848,0.3131,0.1443,0.3275,0.0273,0.5771
24,2020-09-20,0.9937,0.2313,0.11,0.2434,0.0663,0.6386
25,2020-09-20,0.9902,0.4607,0.2566,0.2937,-0.1272,0.0934
1,2020-09-23,0.964,0.2861,0.1397,0.2994,0.0177,0.5527
2,2020-09-23,0.9637,0.4176,0.182,0.3349,-0.0341,0.4013
3,2020-09-23,0.9801,0.2444,0.1052,0.3444,0.1414,0.8326
4,2020-09-23,0.933,0.3102,0.1389,0.3395,0.0796,0.7425
5,2020-09-23,0.9397,0.2839,0.1247,0.3337,0.0764,0.6591
6,2020-09-23,0.956,0.256,0.1155,0.2761,0.0532,0.6711
7,2020-09-23,0.9454,0.3215,0.1421,0.3459,0.0967,0.7233
8,2020-09-23,0.9441,0.3835,0.1666,0.3349,0.003,0.5061
9,2020-09-23,0.9285,0.3994,0.184,0.3532,-0.0096,0.4705
10,2020-09-23,0.9743,0.2947,0.1287,0.3054,0.046,0.6061
11,2020-09-23,1.0,0.2575,0.1229,0.2822,0.0611,0.733
12,2020-09-23,0.9402,0.374,0.1551,0.3652,0.0197,0.5416
13,2020-09-23,0.9614,0.3563,0.153,0.315,0.019,0.5795
14,2020-09-23,0.9205,0.2826,0.1194,0.3778,0.1615,0.8735
15,2020-09-23,0.9596,0.3177,0.1484,0.3084,0.0388,0.6258
16,2020-09-23,0.9967,0.2609,0.1273,0.2391,-0.0013,0.4922
17,2020-09-23,0.7704,0.3135,0.1274,0.3338,0.0766,0.7734
18,2020-09-23,0.838,0.3014,0.124,0.3585,0.1026,0.7008
19,2020-09-23,0.9881,0.2434,0.1103,0.267,-0.0113,0.4666
20,2020-09-23,0.9414,0.25,0.1154,0.1775,-0.0496,0.2837
21,2020-09-23,0.9401,0.27,0.1252,0.3643,0.0716,0.7461
22,2020-09-23,0.9995,0.5351,0.2992,0.3528,-0.1882,0.1463
23,2020-09-23,0.9304,0.3397,0.1574,0.2924,-0.0331,0.4176
24,2020-09-23,0.93,0.2721,0.1288,0.1697,-0.043,0.4553
25,2020-09-23,0.9956,0.5031,0.272,0.2986,-0.1707,0.0831
1,2020-09-25,0.627,0.2783,0.1321,0.2914,0.0469,0.6576
2,2020-09-25,0.8836,0.399,0.1676,0.3189,-0.0209,0.4396
3,2020-09-25,0.8645,0.2199,0.0988,0.319,0.1303,0.8543
4,2020-09-25,0.7137,0.2675,0.1154,0.3053,0.09,0.8155
5,2020-09-25,0.7515,0.242,0.1036,0.3171,0.1022,0.7279
6,2020-09-25,0.4436,0.232,0.0998,0.2703,0.0838,0.8133
7,2020-09-25,0.7011,0.2933,0.1167,0.3176,0.1064,0.7649
8,2020-09-25,0.8056,0.3362,0.1386,0.3239,0.0644,0.6312
9,2020-09-25,0.7435,0.3836,0.1845,0.328,-0.0045,0.4852
10,2020-09-25,0.6884,0.2513,0.1057,0.2854,0.0831,0.7244
11,2020-09-25,0.9011,0.2362,0.1135,0.2636,0.0645,0.7666
12,2020-09-25,0.7523,0.3592,0.1549,0.3308,0.0304,0.5826
13,2020-09-25,0.6747,0.2955,0.1276,0.2846,0.0462,0.725
14,2020-09-25,0.6479,0.2474,0.099,0.3436,0.1586,0.8814
15,2020-09-25,0.7957,0.2793,0.1328,0.2843,0.0487,0.6972
16,2020-09-25,0.575,0.2321,0.1079,0.2319,0.0255,0.5998
17,2020-09-25,0.3629,0.2805,0.1117,0.3229,0.1097,0.8534
18,2020-09-25,0.5939,0.2799,0.1219,0.3372,0.0905,0.6904
19,2020-09-25,0.3468,0.3154,0.1304,0.2888,0.0351,0.6584
20,2020-09-25,0.239,0.2274,0.1025,0.1896,-0.0047,0.4753
21,2020-09-25,0.669,0.3104,0.138,0.3386,0.0689,0.7699
22,2020-09-25,1.0,0.4671,0.2429,0.3492,-0.074,0.3472
23,2020-09-25,0.3929,0.3519,0.1687,0.2835,-0.0568,0.3491
24,2020-09-25,0.8207,0.2135,0.0981,0.1562,-0.0077,0.4924
25,2020-09-25,0.8906,0.4263,0.2394,0.2786,-0.1046,0.2053
1,2020-09-28,0.9682,0.2448,0.1239,0.2741,0.0133,0.5449
2,2020-09-28,0.9547,0.3803,0.1671,0.3278,-0.0122,0.4577
3,2020-09-28,0.9957,0.2275,0.1083,0.3231,0.1131,0.8186
4,2020-09-28,0.971,0.2703,0.125,0.2878,0.0369,0.6525
5,2020-09-28,0.9693,0.2366,0.1076,0.3,0.0607,0.6516
6,2020-09-28,0.9824,0.2227,0.1124,0.2429,0.0213,0.5875
7,2020-09-28,0.9634,0.2928,0.1364,0.3038,0.0399,0.6225
8,2020-09-28,0.9556,0.3282,0.1426,0.3204,0.0337,0.6062
9,2020-09-28,0.9994,0.3488,0.1684,0.3253,-0.0201,0.4328
10,2020-09-28,0.9768,0.2558,0.1166,0.2664,0.0148,0.5511
11,2020-09-28,1.0,0.2353,0.1181,0.257,0.0497,0.7197
12,2020-09-28,0.9918,0.3144,0.1285,0.3308,0.0295,0.5628
13,2020-09-28,0.9973,0.3052,0.137,0.2667,-0.0151,0.4145
14,2020-09-28,0.9837,0.2642,0.1199,0.3484,0.1253,0.8376
15,2020-09-28,0.9949,0.2713,0.136,0.2754,0.0281,0.6209
16,2020-09-28,0.9724,0.2335,0.1178,0.2131,-0.0064,0.4691
17,2020-09-28,0.9297,0.2753,0.1148,0.3124,0.0716,0.8161
18,2020-09-28,0.9923,0.2769,0.1237,0.3413,0.0704,0.6754
19,2020-09-28,0.9662,0.2083,0.1049,0.2539,0.0018,0.508
20,2020-09-28,0.999,0.2215,0.1116,0.1559,-0.0646,0.1894
21,2020-09-28,0.9299,0.2486,0.1111,0.3101,0.0527,0.6823
22,2020-09-28,0.9995,0.4514,0.2546,0.3428,-0.0798,0.3001
23,2020-09-28,0.9794,0.2956,0.1497,0.2878,-0.004,0.4857
24,2020-09-28,0.901,0.2151,0.1042,0.1537,-0.0377,0.4542
25,2020-09-28,0.9962,0.4196,0.238,0.2941,-0.0774,0.249
1,2020-09-30,0.6279,0.2483,0.1209,0.2635,0.0179,0.5752
2,2020-09-30,0.7733,0.3833,0.1833,0.2989,-0.0355,0.3539
3,2020-09-30,0.9341,0.2118,0.0989,0.3128,0.121,0.8497
4,2020-09-30,0.5944,0.2696,0.1259,0.2827,0.06,0.7576
5,2020-09-30,0.67,0.2368,0.1064,0.3022,0.094,0.7514
6,2020-09-30,0.6436,0.2159,0.1008,0.2475,0.051,0.756
7,2020-09-30,0.71,0.2621,0.1182,0.2843,0.0532,0.6773
8,2020-09-30,0.6771,0.35,0.1606,0.302,0.0087,0.5287
9,2020-09-30,0.6978,0.3737,0.1899,0.3161,-0.0202,0.4277
10,2020-09-30,0.8874,0.2409,0.1089,0.2637,0.0455,0.6473
11,2020-09-30,0.9879,0.2222,0.1115,0.2433,0.0431,0.7118
12,2020-09-30,0.6433,0.3647,0.1757,0.3097,-0.0202,0.4288
13,2020-09-30,0.6939,0.2825,0.1301,0.2698,0.0231,0.6541
14,2020-09-30,0.8048,0.2432,0.1106,0.3367,0.1283,0.8887
15,2020-09-30,0.7487,0.2739,0.1335,0.2697,0.0285,0.639
16,2020-09-30,0.9397,0.215,0.108,0.209,0.0058,0.5324
17,2020-09-30,0.313,0.2669,0.1194,0.3228,0.1128,0.9141
18,2020-09-30,0.6254,0.2651,0.1167,0.3336,0.102,0.7286
19,2020-09-30,0.7031,0.1873,0.0873,0.2337,0.0242,0.614
20,2020-09-30,0.7702,0.1941,0.0911,0.1559,-0.022,0.3527
21,2020-09-30,0.7715,0.2293,0.1079,0.2796,0.0171,0.5664
22,2020-09-30,0.9159,0.4508,0.2602,0.3142,-0.0905,0.1531
23,2020-09-30,0.6923,0.27,0.1311,0.2516,-0.0109,0.4579
24,2020-09-30,0.5134,0.2195,0.1014,0.2373,0.0616,0.5965
25,2020-09-30,0.87,0.4031,0.2319,0.245,-0.1118,0.0275
1,2020-10-05,0.8877,0.2605,0.134,0.3093,0.0411,0.638
2,2020-10-05,0.9222,0.401,0.1829,0.3486,-0.0012,0.496
3,2020-10-05,0.9884,0.2179,0.1011,0.3828,0.1713,0.8752
4,2020-10-05,0.9439,0.2688,0.1255,0.3422,0.1025,0.8267
5,2020-10-05,0.9342,0.2404,0.1114,0.3496,0.1208,0.7658
6,2020-10-05,0.9239,0.223,0.1092,0.2994,0.0848,0.7787
7,2020-10-05,0.9534,0.2856,0.1364,0.3542,0.1089,0.7751
8,2020-10-05,0.9178,0.3547,0.1601,0.3557,0.0535,0.6635
9,2020-10-05,0.97,0.3626,0.1815,0.3735,0.0232,0.5736
10,2020-10-05,0.9649,0.2538,0.1166,0.3302,0.0967,0.7367
11,2020-10-05,0.9982,0.2251,0.1146,0.2966,0.0914,0.8154
12,2020-10-05,0.9674,0.3342,0.1459,0.3615,0.042,0.5965
13,2020-10-05,0.9358,0.3025,0.1408,0.3298,0.0695,0.8058
14,2020-10-05,0.9532,0.2603,0.121,0.4177,0.1877,0.9234
15,2020-10-05,0.9499,0.287,0.146,0.3215,0.061,0.7076
16,2020-10-05,0.9359,0.222,0.115,0.2681,0.048,0.6902
17,2020-10-05,0.876,0.2864,0.1223,0.3677,0.1396,0.9359
18,2020-10-05,0.9571,0.2801,0.126,0.3874,0.1389,0.7421
19,2020-10-05,0.9077,0.2017,0.0977,0.2963,0.0412,0.6366
20,2020-10-05,0.9126,0.2109,0.1037,0.2183,0.0188,0.5742
21,2020-10-05,0.9397,0.2533,0.1268,0.3542,0.0629,0.7564
22,2020-10-05,0.9967,0.4887,0.2801,0.3553,-0.1098,0.2091
23,2020-10-05,0.7844,0.2984,0.1466,0.3079,0.0119,0.5353
24,2020-10-05,0.9146,0.196,0.0948,0.1999,0.0413,0.5582
25,2020-10-05,0.9402,0.4343,0.2541,0.2995,-0.0953,0.1215
1,2020-10-08,0.4723,0.2698,0.1322,0.3195,0.0626,0.7124
2,2020-10-08,0.7904,0.376,0.1767,0.3444,0.0152,0.5641
3,2020-10-08,0.722,0.2205,0.1051,0.3336,0.1287,0.8707
4,2020-10-08,0.7593,0.2597,0.1219,0.3256,0.09,0.8043
5,2020-10-08,0.6995,0.2279,0.1043,0.3339,0.0935,0.7177
6,2020-10-08,0.3977,0.2106,0.1074,0.2591,0.055,0.7372
7,2020-10-08,0.5606,0.3105,0.1388,0.3482,0.1086,0.8029
8,2020-10-08,0.6314,0.3625,0.1605,0.3502,0.0467,0.6872
9,2020-10-08,0.6609,0.3938,0.2023,0.3652,0.0242,0.6034
10,2020-10-08,0.8708,0.2495,0.116,0.2946,0.0603,0.6654
11,2020-10-08,0.9498,0.23,0.1234,0.2701,0.0583,0.7698
12,2020-10-08,0.7657,0.3518,0.1587,0.3576,0.0365,0.6432
13,2020-10-08,0.6508,0.2977,0.1419,0.305,0.0377,0.7029
14,2020-10-08,0.5341,0.2666,0.1245,0.3777,0.1593,0.9397
15,2020-10-08,0.6332,0.2806,0.1359,0.309,0.0542,0.7271
16,2020-10-08,0.7387,0.2299,0.1235,0.2335,0.0126,0.565
17,2020-10-08,0.1471,0.3282,0.1461,0.3493,0.0629,0.7989
18,2020-10-08,0.4719,0.2711,0.1143,0.3511,0.0849,0.6936
19,2020-10-08,0.6158,0.2151,0.1071,0.2821,0.0327,0.6263
20,2020-10-08,0.3732,0.1993,0.094,0.1745,-0.0271,0.3412
21,2020-10-08,0.6358,0.2886,0.1327,0.3661,0.0922,0.9253
22,2020-10-08,0.9883,0.4564,0.2561,0.3644,-0.0676,0.2861
23,2020-10-08,0.4566,0.3249,0.1754,0.3137,0.0124,0.5376
24,2020-10-08,0.7968,0.2068,0.0951,0.1747,0.0106,0.5093
25,2020-10-08,0.9527,0.4076,0.2442,0.3068,-0.0506,0.1902
1,2020-10-10,0.9357,0.2503,0.1292,0.2801,0.0113,0.5379
2,2020-10-10,0.9727,0.396,0.1839,0.3322,-0.0199,0.4458
3,2020-10-10,0.9663,0.2164,0.1055,0.3096,0.0977,0.7888
4,2020-10-10,0.9658,0.2679,0.1296,0.3029,0.061,0.7156
5,2020-10-10,0.8906,0.249,0.1214,0.3088,0.0638,0.6522
6,2020-10-10,0.9398,0.2197,0.1104,0.2497,0.0334,0.6302
7,2020-10-10,0.9635,0.2801,0.1302,0.3163,0.0847,0.7103
8,2020-10-10,0.9719,0.3304,0.155,0.3309,0.0422,0.6042
9,2020-10-10,0.9337,0.371,0.1879,0.3256,-0.0201,0.4314
10,2020-10-10,0.9899,0.2568,0.1198,0.273,0.0298,0.5767
11,2020-10-10,1.0,0.2191,0.1152,0.255,0.0432,0.6929
12,2020-10-10,0.891,0.349,0.1592,0.3389,0.0249,0.5581
13,2020-10-10,0.9428,0.3081,0.1459,0.2716,-0.0002,0.4993
14,2020-10-10,0.9176,0.2507,0.1189,0.3411,0.1301,0.8346
15,2020-10-10,0.9887,0.2745,0.1454,0.2805,0.0264,0.6098
16,2020-10-10,0.9883,0.2256,0.1212,0.2197,-0.0076,0.4677
17,2020-10-10,0.778,0.275,0.1233,0.32,0.0911,0.8545
18,2020-10-10,0.8869,0.2791,0.1303,0.3281,0.0561,0.6262
19,2020-10-10,0.9846,0.2007,0.0985,0.2265,-0.0008,0.497
20,2020-10-10,0.9656,0.2181,0.114,0.1479,-0.0759,0.1471
21,2020-10-10,0.9508,0.2426,0.1241,0.3159,0.0542,0.7168
22,2020-10-10,1.0,0.4892,0.2719,0.3598,-0.0987,0.2991
23,2020-10-10,0.949,0.2978,0.1578,0.2735,-0.0317,0.3996
24,2020-10-10,0.9186,0.2193,0.1106,0.1705,-0.0247,0.4703
25,2020-10-10,0.9864,0.4462,0.2621,0.2875,-0.1244,0.1566
1,2020-10-13,0.9103,0.1958,0.082,0.3215,0.1401,0.7587
2,2020-10-13,0.9917,0.3468,0.145,0.3389,0.0396,0.6001
3,2020-10-13,0.7471,0.2142,0.0935,0.3372,0.1485,0.854
4,2020-10-13,0.5093,0.2454,0.0936,0.3535,0.1567,0.7875
5,2020-10-13,0.8066,0.2271,0.1038,0.3165,0.097,0.6956
6,2020-10-13,0.6842,0.2038,0.0901,0.2797,0.0939,0.787
7,2020-10-13,0.8718,0.2297,0.08,0.3435,0.179,0.836
8,2020-10-13,0.8265,0.3081,0.1313,0.3365,0.0923,0.6761
9,2020-10-13,0.7373,0.3752,0.1829,0.3521,0.0304,0.5794
10,2020-10-13,0.9249,0.2434,0.1056,0.2897,0.0724,0.6624
11,2020-10-13,0.9652,0.188,0.067,0.3049,0.1644,0.9112
12,2020-10-13,0.7424,0.3572,0.1422,0.3754,0.0888,0.713
13,2020-10-13,0.7311,0.2951,0.1285,0.2717,0.0165,0.5715
14,2020-10-13,0.7983,0.219,0.0699,0.4143,0.2473,0.9471
15,2020-10-13,0.9759,0.2335,0.0967,0.3516,0.167,0.8582
16,2020-10-13,0.9341,0.2072,0.0911,0.2517,0.0664,0.6807
17,2020-10-13,0.4989,0.271,0.1178,0.318,0.0984,0.8226
18,2020-10-13,0.2922,0.3737,0.1644,0.3258,-0.0587,0.3283
19,2020-10-13,0.6277,0.1972,0.0866,0.2825,0.0618,0.6892
20,2020-10-13,0.5126,0.2099,0.0904,0.1576,-0.042,0.304
21,2020-10-13,0.9454,0.196,0.0664,0.3215,0.1711,0.8794
22,2020-10-13,1.0,0.466,0.2555,0.3525,-0.0715,0.3491
23,2020-10-13,0.8805,0.2782,0.1348,0.2849,-0.0023,0.4903
24,2020-10-13,0.7052,0.2251,0.1106,0.1055,-0.0979,0.3745
25,2020-10-13,0.9924,0.4007,0.2163,0.3128,-0.0262,0.3893
1,2020-10-15,0.9131,0.2846,0.1416,0.3185,0.0395,0.6039
2,2020-10-15,0.9799,0.4543,0.2069,0.3486,-0.0747,0.3251
3,2020-10-15,0.9271,0.2432,0.1111,0.3805,0.1796,0.8505
4,2020-10-15,0.9437,0.3005,0.1425,0.3309,0.0636,0.7057
5,2020-10-15,0.9383,0.2727,0.1284,0.3401,0.0812,0.655
6,2020-10-15,0.818,0.2537,0.1228,0.3,0.0729,0.7215
7,2020-10-15,0.878,0.322,0.1453,0.353,0.0815,0.6865
8,2020-10-15,0.9667,0.3929,0.1768,0.3505,-0.003,0.4945
9,2020-10-15,0.9256,0.4194,0.2089,0.3709,-0.0261,0.4349
10,2020-10-15,0.966,0.2823,0.1318,0.3204,0.0736,0.6564
11,2020-10-15,0.967,0.2463,0.1228,0.3052,0.1005,0.8117
12,2020-10-15,0.9484,0.3733,0.1585,0.3662,0.0114,0.5192
13,2020-10-15,0.9362,0.3396,0.1578,0.3226,0.0333,0.6374
14,2020-10-15,0.8679,0.2817,0.1275,0.4019,0.1763,0.8398
15,2020-10-15,0.9497,0.3131,0.1571,0.3303,0.0651,0.6711
16,2020-10-15,0.8277,0.2485,0.1221,0.272,0.0514,0.6678
17,2020-10-15,0.8787,0.3154,0.1377,0.3571,0.0954,0.8004
18,2020-10-15,0.9353,0.3081,0.1375,0.3865,0.1098,0.6819
19,2020-10-15,0.8103,0.2392,0.1126,0.308,0.0392,0.6006
20,2020-10-15,0.8301,0.2446,0.1177,0.1923,-0.0319,0.3474
21,2020-10-15,0.9579,0.2754,0.1336,0.3503,0.0614,0.6535
22,2020-10-15,0.9995,0.5851,0.3235,0.3637,-0.2792,0.1014
23,2020-10-15,0.6899,0.3689,0.1811,0.3375,-0.008,0.4851
24,2020-10-15,0.9482,0.2452,0.1214,0.1809,-0.0179,0.4832
25,2020-10-15,0.9815,0.5231,0.2931,0.3246,-0.1587,0.1724
1,2020-10-18,0.9926,0.2821,0.1472,0.3377,0.0416,0.5963
2,2020-10-18,0.9793,0.4435,0.2008,0.3789,-0.0314,0.432
3,2020-10-18,0.9993,0.2486,0.1142,0.4277,0.2123,0.8463
4,2020-10-18,0.9987,0.2952,0.1399,0.3646,0.098,0.7575
5,2020-10-18,0.9929,0.2702,0.1256,0.3669,0.1067,0.6754
6,2020-10-18,0.9985,0.2534,0.1263,0.3247,0.0901,0.7131
7,2020-10-18,0.989,0.3227,0.1553,0.3814,0.0931,0.6975
8,2020-10-18,0.9903,0.3816,0.1755,0.3819,0.0242,0.5495
9,2020-10-18,0.9994,0.4188,0.2035,0.4123,-0.007,0.4856
10,2020-10-18,0.9947,0.2865,0.1294,0.3599,0.0954,0.6741
11,2020-10-18,1.0,0.2494,0.1293,0.3269,0.1089,0.8024
12,2020-10-18,0.9993,0.3711,0.1586,0.3975,0.0208,0.5301
13,2020-10-18,0.9916,0.3425,0.1572,0.3603,0.0597,0.6951
14,2020-10-18,0.988,0.2917,0.1375,0.4459,0.191,0.8495
15,2020-10-18,0.9971,0.3217,0.1643,0.3539,0.0613,0.6478
16,2020-10-18,0.9995,0.2498,0.1316,0.299,0.0627,0.7006
17,2020-10-18,0.9669,0.3152,0.1299,0.3927,0.1296,0.8638
18,2020-10-18,0.9978,0.3089,0.1325,0.4397,0.1691,0.7307
19,2020-10-18,1.0,0.2301,0.1129,0.3279,0.0494,0.6235
20,2020-10-18,1.0,0.2415,0.119,0.2174,-0.0079,0.4661
21,2020-10-18,0.9947,0.2786,0.1363,0.3865,0.0624,0.6401
22,2020-10-18,0.9995,0.6191,0.3538,0.3808,-0.3198,0.0907
23,2020-10-18,0.9956,0.3501,0.1802,0.3602,0.0197,0.5315
24,2020-10-18,0.9761,0.2419,0.1161,0.2335,0.0282,0.5306
25,2020-10-18,1.0,0.5275,0.3032,0.3512,-0.1374,0.1469
1,2020-10-20,0.9977,0.2854,0.1503,0.3431,0.044,0.6031
2,2020-10-20,0.9858,0.4642,0.2249,0.3862,-0.0385,0.4266
3,2020-10-20,1.0,0.2466,0.1143,0.4114,0.1888,0.8464
4,2020-10-20,1.0,0.3028,0.1485,0.3794,0.1086,0.7723
5,2020-10-20,0.996,0.2828,0.137,0.3772,0.1158,0.6821
6,2020-10-20,0.9985,0.2574,0.1236,0.3415,0.1084,0.7376
7,2020-10-20,0.9978,0.3209,0.1537,0.3996,0.1212,0.7427
8,2020-10-20,0.9945,0.3957,0.1906,0.3971,0.0375,0.5785
9,2020-10-20,1.0,0.4212,0.2102,0.4191,0.0037,0.506
10,2020-10-20,0.9998,0.2932,0.136,0.3717,0.1065,0.6902
11,2020-10-20,1.0,0.2438,0.1245,0.3403,0.1302,0.8264
12,2020-10-20,0.9993,0.3916,0.1784,0.4018,0.0222,0.5284
13,2020-10-20,0.9975,0.3486,0.1593,0.3734,0.0721,0.7329
14,2020-10-20,0.9894,0.2876,0.1361,0.453,0.2051,0.8602
15,2020-10-20,0.9923,0.3256,0.1677,0.3682,0.0807,0.6837
16,2020-10-20,0.9997,0.2497,0.13,0.3155,0.0817,0.7214
17,2020-10-20,0.9788,0.325,0.1407,0.4144,0.1599,0.8938
18,2020-10-20,1.0,0.3135,0.1405,0.4029,0.119,0.6915
19,2020-10-20,1.0,0.232,0.1109,0.3282,0.0515,0.6191
20,2020-10-20,0.9987,0.2423,0.1224,0.2206,-0.0105,0.4602
21,2020-10-20,1.0,0.2777,0.1411,0.4098,0.0872,0.6934
22,2020-10-20,0.9995,0.6313,0.3622,0.3804,-0.3105,0.0986
23,2020-10-20,0.9946,0.3539,0.178,0.3514,0.0055,0.5108
24,2020-10-20,0.9858,0.2623,0.1317,0.2407,0.035,0.5439
25,2020-10-20,1.0,0.5532,0.3159,0.3507,-0.1683,0.105
1,2020-10-23,0.8209,0.3007,0.1522,0.3196,0.0284,0.5788
2,2020-10-23,0.9251,0.4479,0.2107,0.3696,-0.0421,0.4108
3,2020-10-23,0.9653,0.2449,0.1121,0.3449,0.1318,0.8072
4,2020-10-23,0.9507,0.305,0.1471,0.3308,0.059,0.6797
5,2020-10-23,0.9457,0.2815,0.1331,0.3485,0.0682,0.6256
6,2020-10-23,0.8193,0.2508,0.123,0.2786,0.0509,0.6488
7,2020-10-23,0.9155,0.3293,0.1529,0.3455,0.0757,0.6683
8,2020-10-23,0.938,0.3822,0.176,0.3738,0.03,0.5675
9,2020-10-23,0.9231,0.4302,0.2156,0.3691,-0.047,0.3897
10,2020-10-23,0.9697,0.3025,0.1412,0.3138,0.0336,0.5745
11,2020-10-23,1.0,0.2523,0.1302,0.2842,0.055,0.6928
12,2020-10-23,0.9406,0.3958,0.1748,0.3837,0.0121,0.5206
13,2020-10-23,0.8959,0.3619,0.1662,0.3158,0.0031,0.5123
14,2020-10-23,0.915,0.2847,0.1333,0.3693,0.1336,0.7835
15,2020-10-23,0.9714,0.324,0.1647,0.3219,0.0361,0.6041
16,2020-10-23,0.9924,0.2621,0.1386,0.2432,-0.008,0.4734
17,2020-10-23,0.5806,0.3211,0.1417,0.3651,0.093,0.7863
18,2020-10-23,0.804,0.3086,0.138,0.3721,0.0863,0.6489
19,2020-10-23,0.9801,0.2287,0.1136,0.2775,0.009,0.5253
20,2020-10-23,0.9696,0.2551,0.1303,0.1407,-0.1127,0.0999
21,2020-10-23,0.9024,0.267,0.1313,0.3842,0.0742,0.6908
22,2020-10-23,1.0,0.611,0.3464,0.3956,-0.2766,0.1458
23,2020-10-23,0.9005,0.3499,0.1748,0.3255,-0.0314,0.4293
24,2020-10-23,0.8719,0.281,0.1379,0.1831,-0.058,0.4458
25,2020-10-23,0.9978,0.5327,0.3053,0.3395,-0.1562,0.1221
1,2020-10-25,0.7062,0.251,0.1093,0.3403,0.1173,0.7864
2,2020-10-25,0.9645,0.3894,0.1553,0.3661,0.0329,0.566
3,2020-10-25,0.3452,0.2188,0.0927,0.3577,0.1713,0.8475
4,2020-10-25,0.739,0.2319,0.0825,0.3719,0.1865,0.9061
5,2020-10-25,0.7409,0.2367,0.1002,0.3489,0.1386,0.7646
6,2020-10-25,0.4689,0.2289,0.0955,0.3097,0.1142,0.8506
7,2020-10-25,0.7718,0.2619,0.0844,0.3812,0.2032,0.8731
8,2020-10-25,0.8945,0.3218,0.1416,0.3593,0.0976,0.6842
9,2020-10-25,0.7334,0.4088,0.2038,0.3677,0.016,0.543
10,2020-10-25,0.8989,0.2523,0.1082,0.3103,0.098,0.7217
11,2020-10-25,0.8356,0.2199,0.0967,0.3157,0.1406,0.8872
12,2020-10-25,0.7888,0.3748,0.1587,0.3891,0.0702,0.6822
13,2020-10-25,0.7764,0.2914,0.1244,0.3066,0.0727,0.7885
14,2020-10-25,0.6647,0.2599,0.0985,0.4071,0.2127,0.9137
15,2020-10-25,0.7523,0.2826,0.1362,0.3314,0.1014,0.7802
16,2020-10-25,0.6858,0.2307,0.1087,0.2728,0.077,0.7317
17,2020-10-25,0.3966,0.278,0.1211,0.3357,0.1236,0.8474
18,2020-10-25,0.4578,0.2949,0.1347,0.3608,0.0606,0.5743
19,2020-10-25,0.5757,0.2356,0.1049,0.3019,0.0591,0.6818
20,2020-10-25,0.311,0.2351,0.1117,0.1872,-0.033,0.3158
21,2020-10-25,0.7755,0.2561,0.1066,0.3667,0.1544,0.8993
22,2020-10-25,1.0,0.5088,0.2687,0.3722,-0.1159,0.2911
23,2020-10-25,0.4547,0.3878,0.1979,0.3171,-0.042,0.3987
24,2020-10-25,0.7092,0.224,0.1066,0.1505,-0.0469,0.4551
25,2020-10-25,0.9592,0.4654,0.2559,0.3338,-0.0742,0.2819
1,2020-10-28,0.9458,0.2577,0.1326,0.3109,0.0358,0.5814
2,2020-10-28,0.966,0.4193,0.1871,0.3711,-0.0365,0.4237
3,2020-10-28,0.9951,0.2315,0.116,0.3097,0.0762,0.7125
4,2020-10-28,0.9146,0.2899,0.1364,0.3342,0.0636,0.6955
5,2020-10-28,0.9347,0.2507,0.1195,0.3214,0.0536,0.6135
6,2020-10-28,0.9851,0.2357,0.1225,0.2589,0.0153,0.5489
7,2020-10-28,0.9937,0.2987,0.1338,0.3447,0.0807,0.6716
8,2020-10-28,0.9541,0.3557,0.1596,0.3689,0.0286,0.5578
9,2020-10-28,0.9924,0.3946,0.1938,0.3406,-0.0516,0.3758
10,2020-10-28,0.9936,0.271,0.1256,0.2928,0.0417,0.5849
11,2020-10-28,1.0,0.2281,0.1175,0.2852,0.0803,0.7655
12,2020-10-28,0.9912,0.3466,0.1469,0.3644,0.0068,0.5135
13,2020-10-28,0.9664,0.3319,0.1505,0.3119,0.0119,0.5513
14,2020-10-28,0.9914,0.2724,0.1243,0.3756,0.1587,0.8081
15,2020-10-28,0.9839,0.2988,0.1557,0.3207,0.0518,0.6419
16,2020-10-28,0.999,0.2323,0.1235,0.2496,0.0296,0.5964
17,2020-10-28,0.7514,0.2896,0.133,0.3397,0.0708,0.741
18,2020-10-28,0.9853,0.2821,0.1335,0.3036,0.0102,0.5199
19,2020-10-28,0.9982,0.2171,0.1169,0.2227,-0.0214,0.4301
20,2020-10-28,0.998,0.232,0.123,0.1408,-0.1008,0.1089
21,2020-10-28,0.9055,0.2572,0.1145,0.3221,0.0869,0.709
22,2020-10-28,1.0,0.5951,0.3272,0.4031,-0.2742,0.1729
23,2020-10-28,0.9912,0.3265,0.1682,0.2808,-0.0545,0.39
24,2020-10-28,0.7866,0.2174,0.1118,0.15,-0.077,0.4515
25,2020-10-28,1.0,0.5062,0.2784,0.3678,-0.0955,0.2758
1,2020-10-30,0.9813,0.2626,0.1467,0.3085,0.0165,0.5414
2,2020-10-30,0.9823,0.4602,0.2259,0.3744,-0.0633,0.3775
3,2020-10-30,0.9999,0.2286,0.1162,0.3234,0.0888,0.7284
4,2020-10-30,0.9796,0.2995,0.1506,0.3403,0.0615,0.6803
5,2020-10-30,0.9678,0.261,0.1367,0.3329,0.0625,0.6193
6,2020-10-30,0.9964,0.2409,0.1258,0.2762,0.033,0.5982
7,2020-10-30,0.9985,0.3142,0.1523,0.349,0.0643,0.6436
8,2020-10-30,0.9689,0.3902,0.1921,0.3788,0.0162,0.5344
9,2020-10-30,0.9933,0.4061,0.2098,0.3628,-0.0551,0.379
10,2020-10-30,0.9954,0.2864,0.1376,0.3097,0.0465,0.6006
11,2020-10-30,1.0,0.229,0.1221,0.2838,0.0733,0.7593
12,2020-10-30,0.9924,0.3754,0.1708,0.3814,0.0139,0.5201
13,2020-10-30,0.988,0.3418,0.1626,0.3262,0.0208,0.5774
14,2020-10-30,0.9921,0.2848,0.1392,0.3818,0.1481,0.7877
15,2020-10-30,1.0,0.3151,0.1638,0.3347,0.0549,0.6493
16,2020-10-30,0.9992,0.2427,0.1314,0.261,0.0341,0.6112
17,2020-10-30,0.9612,0.3107,0.1453,0.366,0.1002,0.8181
18,2020-10-30,0.9914,0.2867,0.1408,0.3289,0.0347,0.5647
19,2020-10-30,1.0,0.2153,0.1153,0.2315,-0.0193,0.427
20,2020-10-30,0.9997,0.235,0.1269,0.1479,-0.0961,0.1284
21,2020-10-30,0.9849,0.2553,0.1343,0.319,0.0321,0.5806
22,2020-10-30,0.9995,0.6282,0.3687,0.3883,-0.3072,0.1075
23,2020-10-30,0.998,0.3362,0.1755,0.2864,-0.0613,0.3692
24,2020-10-30,0.9345,0.2271,0.131,0.1737,-0.0111,0.4927
25,2020-10-30,1.0,0.5421,0.3115,0.3458,-0.1678,0.1692
1,2020-11-02,0.9262,0.2749,0.1476,0.3024,0.0075,0.5222
2,2020-11-02,0.9739,0.4215,0.2088,0.3669,-0.0218,0.4378
3,2020-11-02,0.9937,0.2379,0.1187,0.3184,0.0857,0.7434
4,2020-11-02,0.9628,0.3046,0.1547,0.3285,0.04,0.6332
5,2020-11-02,0.9568,0.2655,0.1357,0.3264,0.0459,0.592
6,2020-11-02,0.9737,0.2432,0.1274,0.2607,0.016,0.5566
7,2020-11-02,0.986,0.3229,0.162,0.334,0.0349,0.5959
8,2020-11-02,0.975,0.3765,0.1851,0.3678,0.0063,0.5197
9,2020-11-02,0.9884,0.4072,0.2145,0.3555,-0.0493,0.3704
10,2020-11-02,0.9929,0.2965,0.1479,0.2903,0.0002,0.5001
11,2020-11-02,1.0,0.2436,0.1318,0.2688,0.0307,0.6282
12,2020-11-02,0.9834,0.3732,0.1722,0.3771,0.0091,0.5159
13,2020-11-02,0.9552,0.3507,0.173,0.3068,-0.0139,0.4278
14,2020-11-02,0.9817,0.2887,0.1459,0.3647,0.1081,0.7564
15,2020-11-02,0.9882,0.3175,0.1716,0.3146,0.0272,0.5884
16,2020-11-02,0.9962,0.2584,0.1414,0.2372,-0.014,0.4477
17,2020-11-02,0.804,0.3029,0.1423,0.3478,0.0778,0.7974
18,2020-11-02,0.9776,0.2972,0.143,0.3442,0.048,0.6061
19,2020-11-02,0.9825,0.2243,0.1186,0.2405,-0.034,0.3865
20,2020-11-02,0.9997,0.2488,0.1362,0.1222,-0.1325,0.058
21,2020-11-02,0.8696,0.2571,0.1347,0.3094,0.0296,0.5913
22,2020-11-02,0.9995,0.5817,0.344,0.3797,-0.2264,0.1187
23,2020-11-02,0.9853,0.3328,0.1695,0.2925,-0.052,0.355
24,2020-11-02,0.9505,0.2464,0.1305,0.1787,-0.0372,0.4515
25,2020-11-02,0.9956,0.5332,0.3087,0.3433,-0.1519,0.1219
1,2020-11-04,0.943,0.2773,0.1508,0.3183,0.0158,0.5443
2,2020-11-04,0.9773,0.4465,0.2167,0.3763,-0.0388,0.4142
3,2020-11-04,0.9851,0.2357,0.1183,0.3384,0.1096,0.7833
4,2020-11-04,0.9964,0.2876,0.1461,0.3422,0.0643,0.7063
5,2020-11-04,0.9478,0.2596,0.1321,0.3551,0.081,0.6619
6,2020-11-04,0.9502,0.2406,0.1266,0.2852,0.0432,0.638
7,2020-11-04,0.9756,0.3105,0.1585,0.3474,0.0619,0.67
8,2020-11-04,0.9868,0.3765,0.1831,0.3813,0.0283,0.5699
9,2020-11-04,0.9707,0.4145,0.2209,0.3693,-0.0467,0.3798
10,2020-11-04,0.994,0.2817,0.1425,0.3104,0.0362,0.5872
11,2020-11-04,1.0,0.2331,0.1297,0.285,0.056,0.7247
12,2020-11-04,0.981,0.3761,0.1746,0.3866,0.0076,0.5128
13,2020-11-04,0.9861,0.3302,0.1612,0.3175,0.0184,0.5883
14,2020-11-04,0.9524,0.284,0.1458,0.371,0.1111,0.767
15,2020-11-04,0.9853,0.3132,0.1731,0.3201,0.0243,0.5738
16,2020-11-04,0.9967,0.2402,0.1357,0.2497,0.009,0.5311
17,2020-11-04,0.9465,0.3029,0.1396,0.3581,0.0916,0.8165
18,2020-11-04,0.9605,0.3025,0.1449,0.3633,0.0647,0.6376
19,2020-11-04,0.9754,0.218,0.1121,0.2707,0.0026,0.5068
20,2020-11-04,0.9794,0.2332,0.128,0.1464,-0.0908,0.1049
21,2020-11-04,0.9698,0.2686,0.1423,0.351,0.0476,0.64
22,2020-11-04,0.9995,0.5876,0.3489,0.3918,-0.2332,0.1117
23,2020-11-04,0.9682,0.3304,0.1747,0.3201,-0.0255,0.4332
24,2020-11-04,0.992,0.2224,0.1152,0.1976,0.0039,0.506
25,2020-11-04,0.9962,0.5184,0.3092,0.342,-0.141,0.1092
1,2020-11-07,0.1537,0.2886,0.1714,0.35,0.0977,0.865
2,2020-11-07,0.5919,0.3047,0.1712,0.3673,0.1248,0.9988
3,2020-11-07,0.0523,0.3421,0.1993,0.4052,0.1424,0.9903
4,2020-11-07,0.0083,0.3063,0.1831,0.4003,0.1693,0.9904
5,2020-11-07,0.1452,0.277,0.1494,0.3395,0.0854,0.778
6,2020-11-07,0.0265,0.3164,0.1888,0.406,0.1585,0.9932
7,2020-11-07,0.1432,0.3527,0.1998,0.385,0.0921,0.9486
8,2020-11-07,0.329,0.3019,0.1682,0.3693,0.1294,0.97
9,2020-11-07,0.4351,0.3734,0.2237,0.3941,0.0783,0.9155
10,2020-11-07,0.0919,0.3112,0.1887,0.3557,0.0972,0.9441
11,2020-11-07,0.058,0.3283,0.1938,0.3618,0.1074,0.9388
12,2020-11-07,0.4923,0.356,0.2029,0.3645,0.0623,0.9005
13,2020-11-07,0.0802,0.3096,0.1826,0.3459,0.0959,0.9789
14,2020-11-07,0.1856,0.3664,0.2098,0.416,0.1299,0.9884
15,2020-11-07,0.1639,0.3177,0.1875,0.3614,0.1024,0.9677
16,2020-11-07,0.0737,0.3379,0.203,0.3471,0.0847,0.8076
17,2020-11-07,0.0201,0.2991,0.1661,0.3588,0.1298,1.0
18,2020-11-07,0.1615,0.3553,0.187,0.3665,0.06,0.8168
19,2020-11-07,0.1502,0.312,0.2025,0.3651,0.1013,0.998
20,2020-11-07,0.0209,0.2795,0.1584,0.2449,0.0165,0.625
21,2020-11-07,0.2178,0.3344,0.2011,0.3932,0.1137,1.0
22,2020-11-07,0.9421,0.3656,0.2269,0.365,0.0674,0.9871
23,2020-11-07,0.1813,0.316,0.2039,0.3545,0.0904,0.9892
24,2020-11-07,0.1485,0.1151,0.0452,0.1689,0.0976,0.9042
25,2020-11-07,0.7329,0.3319,0.2194,0.3296,0.0554,0.925
1,2020-11-09,0.7767,0.2649,0.1432,0.3121,0.032,0.598
2,2020-11-09,0.9597,0.404,0.1932,0.382,0.0171,0.533
3,2020-11-09,0.9245,0.2186,0.1162,0.3299,0.1052,0.7901
4,2020-11-09,0.718,0.2671,0.1277,0.3501,0.1132,0.7768
5,2020-11-09,0.7728,0.2439,0.1319,0.3478,0.0843,0.6566
6,2020-11-09,0.6674,0.2242,0.1148,0.2871,0.0544,0.6927
7,2020-11-09,0.8473,0.2872,0.129,0.3545,0.1222,0.7747
8,2020-11-09,0.9138,0.3439,0.1731,0.3763,0.059,0.6268
9,2020-11-09,0.8257,0.4147,0.2256,0.362,-0.0273,0.4197
10,2020-11-09,0.9462,0.2667,0.1336,0.2974,0.0307,0.5753
11,2020-11-09,0.9947,0.2154,0.1251,0.2657,0.0427,0.6747
12,2020-11-09,0.7988,0.4033,0.2,0.3902,0.0181,0.5353
13,2020-11-09,0.844,0.3079,0.1504,0.3006,0.02,0.5805
14,2020-11-09,0.8636,0.2595,0.1308,0.3655,0.1379,0.8245
15,2020-11-09,0.8327,0.2974,0.1658,0.3125,0.0264,0.5873
16,2020-11-09,0.9825,0.2322,0.1367,0.2246,-0.0174,0.4258
17,2020-11-09,0.4919,0.2907,0.1412,0.3569,0.1064,0.8201
18,2020-11-09,0.5941,0.2934,0.1447,0.361,0.0505,0.5872
19,2020-11-09,0.8299,0.211,0.1083,0.2647,0.003,0.5048
20,2020-11-09,0.7499,0.218,0.1246,0.1213,-0.1218,0.0611
21,2020-11-09,0.8394,0.2537,0.1338,0.3276,0.0879,0.7807
22,2020-11-09,1.0,0.529,0.3114,0.3946,-0.1232,0.286
23,2020-11-09,0.682,0.3273,0.1796,0.3104,-0.0528,0.3628
24,2020-11-09,0.7473,0.244,0.1307,0.1605,-0.0689,0.4105
25,2020-11-09,0.9782,0.5019,0.3031,0.3363,-0.1459,0.1696
1,2020-11-12,0.9304,0.1477,0.0175,0.4113,0.3444,0.8219
2,2020-11-12,0.9859,0.346,0.1501,0.3792,0.0809,0.6705
3,2020-11-12,0.9904,0.194,0.0924,0.3588,0.1481,0.8279
4,2020-11-12,0.868,0.211,0.0895,0.3802,0.1904,0.8507
5,2020-11-12,0.8939,0.2036,0.0998,0.3414,0.1161,0.7138
6,2020-11-12,0.8862,0.1731,0.0705,0.3432,0.1771,0.7881
7,2020-11-12,0.9762,0.1942,0.046,0.4384,0.3218,0.906
8,2020-11-12,0.9661,0.2986,0.1457,0.3749,0.1184,0.7366
9,2020-11-12,0.9106,0.3595,0.1898,0.3866,0.0549,0.636
10,2020-11-12,0.9837,0.2272,0.0918,0.3426,0.1465,0.7594
11,2020-11-12,1.0,0.0415,-0.1087,0.5444,0.5962,0.9757
12,2020-11-12,0.9307,0.3046,0.1342,0.3996,0.1101,0.7507
13,2020-11-12,0.9168,0.292,0.1387,0.3014,0.0445,0.6371
14,2020-11-12,0.995,0.153,0.0035,0.5288,0.4916,0.9865
15,2020-11-12,0.9966,0.1234,-0.0367,0.4812,0.4677,0.9529
16,2020-11-12,0.9977,0.1036,-0.0425,0.478,0.463,0.9238
17,2020-11-12,0.684,0.2634,0.1267,0.3423,0.1213,0.8881
18,2020-11-12,0.8056,0.2744,0.1384,0.3117,0.0459,0.6115
19,2020-11-12,0.8774,0.1777,0.0901,0.2152,0.019,0.5936
20,2020-11-12,0.9689,0.1754,0.0781,0.2125,0.0244,0.5213
21,2020-11-12,0.9414,0.1433,0.0333,0.4262,0.2752,0.9397
22,2020-11-12,1.0,0.4848,0.3004,0.3795,-0.0627,0.3668
23,2020-11-12,0.9427,0.254,0.1154,0.3254,0.0563,0.5748
24,2020-11-12,0.7758,0.1955,0.1067,0.0428,-0.1353,0.4263
25,2020-11-12,0.9995,0.4188,0.2361,0.3537,0.0184,0.5792
1,2020-11-14,0.9169,0.1517,0.0316,0.408,0.3303,0.8607
2,2020-11-14,0.9629,0.3574,0.1672,0.3793,0.0807,0.6952
3,2020-11-14,0.9847,0.19,0.0918,0.4317,0.2343,0.9248
4,2020-11-14,0.8696,0.2325,0.1095,0.3603,0.139,0.8969
5,2020-11-14,0.8776,0.2214,0.1151,0.3593,0.1339,0.7827
6,2020-11-14,0.8758,0.1794,0.0871,0.3521,0.1729,0.873
7,2020-11-14,0.9601,0.1955,0.0707,0.4133,0.2754,0.9359
8,2020-11-14,0.9304,0.2959,0.1479,0.3813,0.1337,0.8158
9,2020-11-14,0.9222,0.3481,0.1928,0.4032,0.0896,0.7685
10,2020-11-14,0.9715,0.2299,0.1079,0.3464,0.1452,0.8136
11,2020-11-14,1.0,0.0281,-0.1138,0.5103,0.5723,0.994
12,2020-11-14,0.9434,0.2971,0.1334,0.3972,0.1316,0.8229
13,2020-11-14,0.874,0.2885,0.1463,0.3164,0.0627,0.7686
14,2020-11-14,0.9846,0.149,0.009,0.5091,0.4825,0.9934
15,2020-11-14,0.9819,0.098,-0.0351,0.4392,0.4461,0.9554
16,2020-11-14,0.997,0.0287,-0.1008,0.458,0.5121,0.9743
17,2020-11-14,0.6925,0.2623,0.1326,0.354,0.1295,0.9208
18,2020-11-14,0.9242,0.2842,0.1461,0.3883,0.1086,0.7338
19,2020-11-14,0.8768,0.1713,0.0883,0.2859,0.0819,0.8182
20,2020-11-14,0.948,0.1677,0.0789,0.2396,0.0455,0.5784
21,2020-11-14,0.9481,0.149,0.0449,0.421,0.2762,0.9663
22,2020-11-14,1.0,0.4537,0.2716,0.381,-0.0016,0.4977
23,2020-11-14,0.9304,0.2417,0.1161,0.3632,0.1311,0.7183
24,2020-11-14,0.7797,0.1931,0.1044,0.2343,0.045,0.5752
25,2020-11-14,0.9935,0.3836,0.2277,0.3394,0.0377,0.7021
1,2020-11-17,0.3204,0.2905,0.1411,0.4117,0.1909,0.8618
2,2020-11-17,0.7925,0.3792,0.1913,0.4109,0.084,0.7553
3,2020-11-17,0.0931,0.3679,0.2047,0.4785,0.2015,0.9899
4,2020-11-17,0.1968,0.2651,0.1322,0.4161,0.1454,0.7299
5,2020-11-17,0.333,0.2665,0.1402,0.3696,0.0656,0.6653
6,2020-11-17,0.1377,0.24,0.1318,0.3836,0.1036,0.6478
7,2020-11-17,0.3171,0.3352,0.1503,0.4698,0.2363,0.939
8,2020-11-17,0.5866,0.3568,0.1784,0.4146,0.121,0.8318
9,2020-11-17,0.5998,0.416,0.236,0.4472,0.0837,0.7793
10,2020-11-17,0.2252,0.335,0.1864,0.3938,0.1097,0.8247
11,2020-11-17,0.137,0.3031,0.1587,0.4085,0.2045,0.9715
12,2020-11-17,0.5692,0.3932,0.2076,0.4193,0.0872,0.7713
13,2020-11-17,0.2466,0.343,0.17,0.3951,0.1239,0.8938
14,2020-11-17,0.312,0.3589,0.1799,0.5109,0.2683,0.9931
15,2020-11-17,0.3331,0.3263,0.1876,0.3934,0.1673,0.8974
16,2020-11-17,0.1875,0.3142,0.1697,0.3987,0.1936,0.9216
17,2020-11-17,0.171,0.3199,0.1676,0.4114,0.1505,0.9413
18,2020-11-17,0.2765,0.3727,0.1952,0.4008,0.032,0.592
19,2020-11-17,0.291,0.3567,0.1991,0.3967,0.1025,0.8622
20,2020-11-17,0.1077,0.3209,0.1672,0.3456,0.0724,0.8055
21,2020-11-17,0.3909,0.3669,0.1774,0.4906,0.2318,0.9977
22,2020-11-17,0.9981,0.4648,0.2784,0.4064,-0.0257,0.4293
23,2020-11-17,0.3258,0.3809,0.2306,0.3785,0.028,0.6571
24,2020-11-17,0.4405,0.1968,0.0947,0.1774,0.0107,0.5724
25,2020-11-17,0.9559,0.4074,0.2484,0.3699,0.0277,0.6682
1,2020-11-19,0.6696,0.2402,0.1321,0.315,0.0428,0.623
2,2020-11-19,0.9295,0.4376,0.2225,0.4055,-0.0066,0.4857
3,2020-11-19,0.9906,0.24,0.1243,0.3868,0.1488,0.8285
4,2020-11-19,0.5939,0.2881,0.1501,0.3629,0.1039,0.7948
5,2020-11-19,0.9533,0.2807,0.1476,0.3917,0.104,0.6877
6,2020-11-19,0.868,0.2403,0.1191,0.3432,0.1062,0.7795
7,2020-11-19,0.9833,0.3191,0.1656,0.4019,0.1148,0.7367
8,2020-11-19,0.913,0.3558,0.1821,0.404,0.0581,0.6378
9,2020-11-19,0.9348,0.4109,0.2219,0.4072,-0.0138,0.4679
10,2020-11-19,0.544,0.253,0.1219,0.3844,0.1732,0.7722
11,2020-11-19,1.0,0.2389,0.1327,0.326,0.0913,0.7796
12,2020-11-19,0.9736,0.3949,0.1972,0.4177,0.0169,0.5248
13,2020-11-19,0.2827,0.3043,0.1566,0.3571,0.0762,0.826
14,2020-11-19,0.9834,0.2877,0.1517,0.4539,0.194,0.8669
15,2020-11-19,0.6984,0.3059,0.1744,0.3676,0.0772,0.7002
16,2020-11-19,0.9954,0.2537,0.1449,0.2968,0.0319,0.6011
17,2020-11-19,0.6596,0.2779,0.1216,0.4134,0.1958,0.9547
18,2020-11-19,0.9101,0.3119,0.1516,0.3949,0.0834,0.6586
19,2020-11-19,0.981,0.2281,0.1174,0.2849,-0.0075,0.4743
20,2020-11-19,0.9676,0.2441,0.1358,0.1947,-0.074,0.227
21,2020-11-19,0.945,0.2374,0.1267,0.4095,0.1147,0.7638
22,2020-11-19,1.0,0.5946,0.3718,0.4084,-0.2302,0.1397
23,2020-11-19,0.9118,0.345,0.19,0.3426,-0.0132,0.4707
24,2020-11-19,0.6147,0.2438,0.11,0.3078,0.1094,0.7444
25,2020-11-19,0.8928,0.4729,0.2834,0.3216,-0.1243,0.1164
1,2020-11-22,0.9442,0.2739,0.1395,0.3806,0.1078,0.714
2,2020-11-22,0.9893,0.3964,0.1709,0.4191,0.072,0.6244
3,2020-11-22,0.9869,0.2441,0.1193,0.3936,0.1693,0.849
4,2020-11-22,0.9778,0.2543,0.1068,0.4486,0.221,0.8415
5,2020-11-22,0.9622,0.2714,0.1314,0.3894,0.1282,0.7022
6,2020-11-22,0.9613,0.24,0.1156,0.3425,0.1104,0.7498
7,2020-11-22,0.9911,0.2872,0.1201,0.4561,0.2096,0.8396
8,2020-11-22,0.9835,0.3383,0.1615,0.4199,0.1239,0.7327
9,2020-11-22,0.9862,0.42,0.2231,0.4146,0.0035,0.5076
10,2020-11-22,0.9954,0.2962,0.1434,0.3726,0.0976,0.663
11,2020-11-22,0.9993,0.2407,0.1255,0.3482,0.1238,0.8302
12,2020-11-22,0.9898,0.3795,0.1831,0.4447,0.0654,0.6076
13,2020-11-22,0.9926,0.3263,0.1383,0.3909,0.1284,0.7924
14,2020-11-22,0.9834,0.2754,0.1221,0.5198,0.2594,0.9201
15,2020-11-22,0.9949,0.3212,0.1747,0.3987,0.1178,0.745
16,2020-11-22,0.9987,0.2634,0.1424,0.2959,0.0379,0.6052
17,2020-11-22,0.9036,0.2998,0.1401,0.3812,0.1269,0.8711
18,2020-11-22,0.9793,0.3127,0.1562,0.3932,0.0862,0.6618
19,2020-11-22,0.9751,0.2171,0.1021,0.2936,0.0372,0.6032
20,2020-11-22,0.9768,0.249,0.132,0.1838,-0.0739,0.2594
21,2020-11-22,0.9503,0.2642,0.1326,0.451,0.1759,0.895
22,2020-11-22,1.0,0.5942,0.362,0.4165,-0.2152,0.2224
23,2020-11-22,0.9652,0.3546,0.1823,0.3444,-0.0233,0.4548
24,2020-11-22,0.9585,0.2683,0.1354,0.206,-0.0017,0.4976
25,2020-11-22,1.0,0.542,0.3212,0.3884,-0.1211,0.2187
1,2020-11-24,0.3394,0.0607,-0.0245,0.2705,0.3321,0.8835
2,2020-11-24,0.8719,0.1429,0.0222,0.3828,0.3936,0.9859
3,2020-11-24,0.9991,0.1241,-0.0266,0.5332,0.5306,0.9306
4,2020-11-24,0.9448,0.0299,-0.0913,0.4229,0.5048,0.9903
5,2020-11-24,0.9909,0.0204,-0.1027,0.4415,0.533,0.949
6,2020-11-24,0.5208,0.0,-0.0979,0.3463,0.4422,0.8912
7,2020-11-24,0.939,0.0281,-0.0847,0.448,0.5171,0.9985
8,2020-11-24,0.9748,0.1538,0.0133,0.3973,0.3809,0.994
9,2020-11-24,0.4821,0.235,0.114,0.4055,0.1933,0.8892
10,2020-11-24,0.8536,0.0465,-0.0672,0.4018,0.4412,0.989
11,2020-11-24,1.0,-0.1257,-0.2334,0.4604,0.669,0.9991
12,2020-11-24,0.9955,0.2076,0.0796,0.4169,0.2757,0.9166
13,2020-11-24,0.89,0.0771,-0.0552,0.3905,0.4123,0.9872
14,2020-11-24,0.9981,-0.0187,-0.1493,0.5198,0.6416,0.9988
15,2020-11-24,0.4416,0.0724,0.002,0.2931,0.3088,0.9248
16,2020-11-24,1.0,-0.0813,-0.1762,0.4625,0.6188,1.0
17,2020-11-24,0.8339,0.0514,-0.1283,0.5132,0.5772,1.0
18,2020-11-24,0.9735,0.2363,0.084,0.4565,0.2577,0.7842
19,2020-11-24,0.541,0.0016,-0.0769,0.3708,0.4068,0.921
20,2020-11-24,0.1411,-0.0467,-0.1003,0.2622,0.3598,1.0
21,2020-11-24,0.5035,0.0873,-0.0146,0.3057,0.3341,1.0
22,2020-11-24,0.7617,0.3159,0.1895,0.3545,0.2466,0.9945
23,2020-11-24,0.7291,0.1232,0.0106,0.3581,0.3355,0.8548
24,2020-11-24,0.963,0.1315,0.0366,0.2238,0.1605,0.5987
25,2020-11-24,0.2987,0.1944,0.037,0.19,0.2647,0.9399
1,2020-12-02,0.9427,0.2605,0.1373,0.3597,0.0756,0.6631
2,2020-12-02,0.987,0.4122,0.2033,0.4079,0.0186,0.5313
3,2020-12-02,0.986,0.2342,0.124,0.3667,0.1366,0.8064
4,2020-12-02,0.9791,0.2939,0.1546,0.3625,0.0763,0.702
5,2020-12-02,0.9735,0.2663,0.1449,0.378,0.0845,0.6426
6,2020-12-02,0.9647,0.2409,0.1264,0.3096,0.0674,0.6767
7,2020-12-02,0.9894,0.2851,0.1376,0.3749,0.1217,0.7308
8,2020-12-02,0.9852,0.3571,0.1828,0.4129,0.0568,0.6186
9,2020-12-02,0.9851,0.4146,0.2309,0.3987,-0.0242,0.4432
10,2020-12-02,0.995,0.2894,0.1529,0.3402,0.0491,0.5931
11,2020-12-02,0.9993,0.2133,0.1121,0.3235,0.1094,0.803
12,2020-12-02,0.9903,0.3711,0.189,0.4299,0.0488,0.5789
13,2020-12-02,0.9759,0.3511,0.179,0.3416,0.012,0.5429
14,2020-12-02,0.9745,0.2708,0.1377,0.4114,0.1648,0.8263
15,2020-12-02,0.9918,0.3041,0.1716,0.3647,0.0735,0.685
16,2020-12-02,0.999,0.2436,0.1345,0.2735,0.0177,0.5556
17,2020-12-02,0.9074,0.3005,0.1515,0.3796,0.0955,0.8112
18,2020-12-02,0.974,0.3045,0.1598,0.3874,0.0664,0.6361
19,2020-12-02,0.9762,0.223,0.1185,0.2904,-0.0027,0.4915
20,2020-12-02,0.9813,0.244,0.1441,0.1666,-0.1094,0.1278
21,2020-12-02,0.9521,0.2526,0.1312,0.4181,0.1543,0.8448
22,2020-12-02,1.0,0.6026,0.373,0.4262,-0.2307,0.222
23,2020-12-02,0.9824,0.3526,0.1856,0.3546,-0.0328,0.4349
24,2020-12-02,0.9357,0.2824,0.1585,0.2251,-0.0195,0.4757
25,2020-12-02,1.0,0.5872,0.3428,0.4047,-0.1654,0.1964
1,2020-12-04,0.9748,0.2649,0.1498,0.3501,0.0558,0.6671
2,2020-12-04,0.9824,0.4245,0.2205,0.4169,0.024,0.5557
3,2020-12-04,0.9979,0.2134,0.1139,0.3582,0.1374,0.9035
4,2020-12-04,0.9965,0.2856,0.1558,0.371,0.0929,0.7997
5,2020-12-04,0.9744,0.2461,0.1351,0.3926,0.1162,0.7344
6,2020-12-04,0.9827,0.2256,0.123,0.3034,0.0811,0.7664
7,2020-12-04,0.9875,0.2736,0.1482,0.3693,0.1201,0.8338
8,2020-12-04,0.9851,0.364,0.1906,0.4313,0.0823,0.7164
9,2020-12-04,0.9937,0.4045,0.232,0.4109,0.0138,0.5474
10,2020-12-04,0.9959,0.2562,0.1386,0.3309,0.0745,0.7305
11,2020-12-04,0.9725,0.2016,0.1111,0.2952,0.0825,0.8341
12,2020-12-04,0.9974,0.362,0.1863,0.4266,0.0682,0.6334
13,2020-12-04,0.9848,0.3324,0.1753,0.3538,0.0484,0.725
14,2020-12-04,0.9174,0.1902,0.1021,0.3267,0.1302,0.9971
15,2020-12-04,0.9819,0.2932,0.1714,0.3512,0.0659,0.7466
16,2020-12-04,0.9285,0.1888,0.1019,0.2482,0.0571,0.7153
17,2020-12-04,0.9506,0.2975,0.1505,0.3941,0.1311,0.9155
18,2020-12-04,0.9923,0.2979,0.1586,0.4013,0.1025,0.7306
19,2020-12-04,0.3017,0.0955,0.0391,0.1889,0.0767,0.812
20,2020-12-04,0.9908,0.2207,0.1308,0.1842,-0.0481,0.2289
21,2020-12-04,0.9907,0.2652,0.1481,0.4337,0.1252,0.8912
22,2020-12-04,1.0,0.5616,0.3452,0.4395,-0.13,0.2495
23,2020-12-04,0.9299,0.1973,0.1063,0.2524,0.0344,0.6739
24,2020-12-04,0.9812,0.2477,0.1358,0.2526,0.043,0.5731
25,2020-12-04,0.9951,0.518,0.3165,0.3902,-0.0911,0.1695
1,2020-12-07,0.9346,0.2678,0.1467,0.4465,0.1591,0.8122
2,2020-12-07,0.9938,0.3764,0.1654,0.4824,0.1683,0.8049
3,2020-12-07,0.9953,0.1972,0.0747,0.5581,0.3909,0.9351
4,2020-12-07,0.9815,0.2485,0.1056,0.4898,0.2718,0.9074
5,2020-12-07,0.9645,0.2421,0.1195,0.4568,0.2185,0.8026
6,2020-12-07,0.957,0.2061,0.0984,0.4178,0.2226,0.8589
7,2020-12-07,0.9922,0.272,0.1217,0.5164,0.2933,0.9243
8,2020-12-07,0.9855,0.3346,0.1584,0.4867,0.1801,0.8404
9,2020-12-07,0.9914,0.395,0.2058,0.5081,0.1213,0.7621
10,2020-12-07,0.9913,0.2669,0.129,0.4548,0.2129,0.822
11,2020-12-07,1.0,0.227,0.1263,0.4146,0.2081,0.8987
12,2020-12-07,0.9845,0.3491,0.1705,0.4947,0.1418,0.7384
13,2020-12-07,0.9859,0.3075,0.1364,0.4556,0.2084,0.9298
14,2020-12-07,0.9978,0.2424,0.1046,0.5985,0.4212,0.9839
15,2020-12-07,0.9923,0.3058,0.1792,0.4464,0.1671,0.8334
16,2020-12-07,0.999,0.24,0.1336,0.3939,0.1596,0.8516
17,2020-12-07,0.9786,0.2579,0.0874,0.5523,0.3699,0.9706
18,2020-12-07,0.987,0.2802,0.1297,0.5316,0.2991,0.8202
19,2020-12-07,0.9771,0.2,0.0984,0.3862,0.1253,0.7712
20,2020-12-07,0.9764,0.2188,0.1166,0.338,0.1103,0.7717
21,2020-12-07,0.9658,0.2723,0.1375,0.5223,0.2083,0.9591
22,2020-12-07,1.0,0.5574,0.3368,0.4433,-0.1106,0.3033
23,2020-12-07,0.977,0.3341,0.1812,0.4196,0.0843,0.676
24,2020-12-07,0.9385,0.2416,0.1247,0.3014,0.1129,0.6004
25,2020-12-07,1.0,0.5406,0.3366,0.4238,-0.072,0.2922
1,2020-12-09,0.0031,0.1054,0.0342,0.1939,0.1919,1.0
2,2020-12-09,0.1983,0.2412,0.0959,0.3655,0.2579,0.9876
3,2020-12-09,0.0716,0.1527,0.0727,0.2905,0.1993,0.9576
4,2020-12-09,0.1783,0.0606,-0.0377,0.3983,0.4559,0.9991
5,2020-12-09,0.9341,0.0995,0.0232,0.3682,0.3596,0.9729
6,2020-12-09,0.825,0.0941,0.0259,0.3441,0.3161,0.9979
7,2020-12-09,0.155,0.1467,0.0051,0.4008,0.3551,0.9889
8,2020-12-09,0.0416,0.1251,0.0419,0.2501,0.272,0.9855
9,2020-12-09,0.0662,0.2359,0.1285,0.2234,-0.0042,0.4772
10,2020-12-09,0.9373,0.2193,0.1053,0.3643,0.1824,0.8793
11,2020-12-09,0.5005,0.1456,0.0568,0.3544,0.2691,0.978
12,2020-12-09,0.0458,0.2156,0.1149,0.2651,0.0606,0.7642
13,2020-12-09,0.9901,0.117,0.0121,0.4311,0.4332,0.9991
16,2020-12-09,0.3969,0.1491,0.0684,0.297,0.1781,0.9183
17,2020-12-09,0.2937,0.1274,0.0352,0.4001,0.4123,1.0
19,2020-12-09,0.1817,0.058,0.0169,0.2144,0.2034,1.0
20,2020-12-09,0.874,0.1512,0.0776,0.1824,0.0651,0.5966
22,2020-12-09,0.2173,0.1988,0.0943,0.2959,0.2125,0.9226
23,2020-12-09,0.3709,0.1584,0.0802,0.3186,0.2191,0.9947
25,2020-12-09,0.4309,0.2729,0.1757,0.3137,0.0917,0.8283
1,2020-12-12,0.9958,0.0203,-0.0792,0.4815,0.5651,0.9523
2,2020-12-12,0.9026,0.2883,0.1068,0.4213,0.285,0.9751
3,2020-12-12,0.9988,0.0764,-0.0912,0.5703,0.6464,0.9466
4,2020-12-12,0.9996,0.0749,-0.0772,0.4817,0.5575,0.9003
5,2020-12-12,0.9987,0.0103,-0.124,0.4769,0.5957,0.902
6,2020-12-12,0.9981,-0.0567,-0.1941,0.5192,0.659,0.8866
7,2020-12-12,0.9963,0.0141,-0.0905,0.4907,0.5901,0.9931
8,2020-12-12,0.8282,0.1821,0.0381,0.438,0.3705,0.9707
9,2020-12-12,0.9966,0.2521,0.0989,0.4874,0.3559,0.9258
10,2020-12-12,0.9986,0.0087,-0.1089,0.4545,0.552,0.9828
11,2020-12-12,1.0,-0.2981,-0.3619,0.4955,0.7713,0.9965
12,2020-12-12,0.9974,0.2035,0.0634,0.4514,0.3613,0.9236
13,2020-12-12,0.9949,0.1802,0.0232,0.4576,0.3929,0.9293
14,2020-12-12,0.999,-0.0832,-0.1645,0.534,0.6998,0.9983
15,2020-12-12,0.9988,0.0518,-0.0515,0.4629,0.5381,0.9918
16,2020-12-12,0.9901,-0.1955,-0.2862,0.4804,0.7148,0.9997
17,2020-12-12,0.9913,0.1427,-0.0317,0.5813,0.5811,0.9921
18,2020-12-12,0.9906,0.2193,0.0668,0.4868,0.3427,0.8817
19,2020-12-12,0.9982,-0.0871,-0.19,0.4726,0.6454,0.945
20,2020-12-12,0.9984,-0.126,-0.2436,0.4492,0.6337,0.9738
21,2020-12-12,0.9925,0.0252,-0.0778,0.4902,0.5043,0.9875
22,2020-12-12,1.0,0.5486,0.349,0.4289,-0.0396,0.407
23,2020-12-12,0.9691,0.1475,0.0169,0.4274,0.3244,0.8898
24,2020-12-12,0.9977,0.2035,0.1057,0.2007,0.0567,0.5602
25,2020-12-12,0.8721,0.2713,0.1321,0.4312,0.4007,0.937
1,2020-12-14,0.399,0.1466,0.0245,0.4257,0.3793,0.9595
3,2020-12-14,0.0277,0.1939,0.0949,0.4033,0.2983,1.0
6,2020-12-14,0.0887,0.1271,0.024,0.3955,0.3914,0.999
7,2020-12-14,0.0285,0.1484,0.0571,0.3358,0.3,0.9798
14,2020-12-14,0.1232,0.09,0.0114,0.466,0.46,1.0
15,2020-12-14,0.4816,0.058,-0.0846,0.5274,0.5636,0.9545
20,2020-12-14,0.0419,0.0773,-0.0065,0.3246,0.3612,1.0
21,2020-12-14,0.3301,0.172,0.0694,0.391,0.3,0.9919
25,2020-12-14,0.4587,0.3853,0.2386,0.4099,0.1643,0.9442
1,2020-12-17,0.7638,0.3115,0.1714,0.3881,0.0687,0.6608
2,2020-12-17,0.8423,0.4363,0.2291,0.4332,0.0263,0.561
3,2020-12-17,0.7083,0.2535,0.1374,0.4029,0.1528,0.833
4,2020-12-17,0.8266,0.2925,0.1554,0.3991,0.1138,0.7917
5,2020-12-17,0.5046,0.2893,0.1597,0.43,0.0778,0.6057
6,2020-12-17,0.898,0.2426,0.1301,0.3371,0.099,0.7482
7,2020-12-17,0.2998,0.4407,0.2356,0.4583,0.0992,0.7129
8,2020-12-17,0.9808,0.3782,0.1913,0.442,0.0598,0.6283
9,2020-12-17,0.5334,0.4701,0.2676,0.4439,-0.0091,0.476
10,2020-12-17,0.2321,0.4086,0.2345,0.4038,0.0396,0.5912
11,2020-12-17,0.9993,0.2431,0.1421,0.3225,0.0785,0.7533
12,2020-12-17,0.5815,0.4699,0.2559,0.4436,-0.0006,0.4978
13,2020-12-17,0.2964,0.4151,0.2157,0.4252,0.0846,0.7828
14,2020-12-17,0.3088,0.4514,0.2505,0.5085,0.1591,0.8281
15,2020-12-17,0.9901,0.3271,0.1921,0.3737,0.0512,0.6373
16,2020-12-17,0.9982,0.2661,0.1582,0.2744,-0.0045,0.4803
17,2020-12-17,0.9126,0.315,0.1617,0.4119,0.115,0.8376
18,2020-12-17,0.214,0.3992,0.2141,0.403,-0.0014,0.4987
19,2020-12-17,0.9742,0.2433,0.137,0.3076,-0.0148,0.4566
20,2020-12-17,0.1682,0.3939,0.2237,0.2959,-0.0936,0.2121
21,2020-12-17,0.9614,0.283,0.1472,0.4488,0.1199,0.7831
22,2020-12-17,1.0,0.6193,0.3739,0.4557,-0.2391,0.1785
23,2020-12-17,0.9765,0.3629,0.2001,0.3671,-0.0204,0.4581
24,2020-12-17,0.955,0.2727,0.1545,0.255,0.0173,0.5185
25,2020-12-17,1.0,0.6264,0.3795,0.3928,-0.257,0.0968
1,2020-12-19,0.9725,0.2838,0.1604,0.3745,0.0514,0.6197
2,2020-12-19,0.9463,0.4613,0.2463,0.4315,-0.0006,0.4987
3,2020-12-19,0.9962,0.2389,0.1283,0.3933,0.1613,0.8276
4,2020-12-19,0.9933,0.3039,0.1678,0.4043,0.1043,0.7733
5,2020-12-19,0.9757,0.2759,0.1558,0.4154,0.1196,0.6908
6,2020-12-19,0.9826,0.2475,0.1327,0.3408,0.0919,0.7151
7,2020-12-19,0.9913,0.3157,0.1707,0.4082,0.1151,0.7364
8,2020-12-19,0.9844,0.3904,0.2058,0.4499,0.0693,0.6471
9,2020-12-19,0.9904,0.4327,0.2422,0.4287,-0.0226,0.4501
10,2020-12-19,0.9973,0.292,0.1581,0.3697,0.0685,0.626
11,2020-12-19,1.0,0.232,0.1344,0.3317,0.0936,0.7771
12,2020-12-19,0.9909,0.3833,0.2061,0.4478,0.0307,0.5421
13,2020-12-19,0.9818,0.3579,0.1857,0.3898,0.0541,0.6863
14,2020-12-19,0.9841,0.2862,0.1542,0.4373,0.1795,0.8436
15,2020-12-19,0.9868,0.3306,0.1895,0.3847,0.058,0.6363
16,2020-12-19,0.9995,0.2574,0.1532,0.2859,0.0154,0.5515
17,2020-12-19,0.9446,0.3146,0.1633,0.4199,0.1358,0.8793
18,2020-12-19,0.9867,0.3054,0.1599,0.4196,0.1019,0.694
19,2020-12-19,0.9926,0.2326,0.1268,0.3217,0.0058,0.5163
20,2020-12-19,0.9876,0.2491,0.1461,0.1897,-0.0836,0.1896
21,2020-12-19,0.9823,0.2857,0.1545,0.4581,0.1015,0.738
22,2020-12-19,1.0,0.6393,0.3971,0.4542,-0.2415,0.1556
23,2020-12-19,0.9887,0.3602,0.1954,0.3814,-0.0055,0.4916
24,2020-12-19,0.9624,0.2852,0.1668,0.2531,0.0299,0.5287
25,2020-12-19,1.0,0.605,0.3656,0.3908,-0.2136,0.0783
1,2020-12-22,0.4018,0.1942,0.0928,0.3607,0.1979,0.8293
2,2020-12-22,0.9872,0.3642,0.1536,0.4687,0.1993,0.8337
3,2020-12-22,0.9929,0.2137,0.0932,0.5009,0.2625,0.8787
4,2020-12-22,0.867,0.1744,0.0382,0.4714,0.3775,0.8834
5,2020-12-22,0.9699,0.2255,0.1016,0.4445,0.2331,0.7693
6,2020-12-22,0.8438,0.1869,0.0825,0.415,0.2446,0.8572
7,2020-12-22,0.9656,0.2348,0.0749,0.4982,0.3304,0.9397
8,2020-12-22,0.9537,0.3075,0.1375,0.5007,0.26,0.8692
9,2020-12-22,0.8463,0.3705,0.1995,0.5095,0.1403,0.7552
10,2020-12-22,0.8761,0.2425,0.1055,0.4511,0.2279,0.8404
11,2020-12-22,1.0,0.2165,0.106,0.4589,0.2744,0.918
12,2020-12-22,0.9909,0.3522,0.1761,0.5001,0.1302,0.6596
13,2020-12-22,0.9168,0.2141,0.0621,0.4219,0.2647,0.9615
14,2020-12-22,1.0,0.2318,0.0825,0.6049,0.4594,0.9731
15,2020-12-22,0.645,0.2331,0.1224,0.4641,0.2623,0.8873
16,2020-12-22,0.9997,0.2453,0.1263,0.4526,0.2296,0.8781
17,2020-12-22,0.9796,0.2124,0.0377,0.5425,0.4169,0.9895
18,2020-12-22,0.9923,0.3012,0.1604,0.4253,0.1223,0.6913
19,2020-12-22,0.995,0.2027,0.0979,0.3439,0.0847,0.6929
20,2020-12-22,0.983,0.2118,0.1007,0.3611,0.1533,0.7323
21,2020-12-22,0.1854,0.2129,0.1054,0.4253,0.2365,0.9258
22,2020-12-22,1.0,0.6114,0.3712,0.4492,-0.1685,0.265
23,2020-12-22,0.853,0.3102,0.1656,0.3918,0.0834,0.6221
24,2020-12-22,0.572,0.1375,0.0272,0.4075,0.4011,0.7741
25,2020-12-22,0.9657,0.5326,0.3041,0.4262,-0.0459,0.3544
1,2020-12-24,0.9971,0.1288,-0.0221,0.5281,0.512,0.8962
2,2020-12-24,0.9918,0.3555,0.129,0.4485,0.2425,0.7885
3,2020-12-24,0.9995,0.1212,-0.0665,0.6327,0.6414,0.9098
4,2020-12-24,0.9989,0.0719,-0.0993,0.5103,0.5844,0.9216
5,2020-12-24,0.9968,0.0906,-0.0828,0.5253,0.5705,0.8529
6,2020-12-24,0.998,0.0046,-0.1568,0.5504,0.6523,0.8838
7,2020-12-24,0.9957,0.1047,-0.0725,0.5488,0.5733,0.9579
8,2020-12-24,0.9969,0.242,0.0468,0.484,0.3958,0.9008
9,2020-12-24,1.0,0.3329,0.1495,0.5078,0.2614,0.8404
10,2020-12-24,0.9931,0.0955,-0.0728,0.5148,0.527,0.9471
11,2020-12-24,1.0,-0.0928,-0.2478,0.6228,0.7774,0.983
12,2020-12-24,0.9946,0.2788,0.1126,0.4845,0.2713,0.7346
13,2020-12-24,0.9998,0.1345,-0.0506,0.4809,0.4978,0.9721
14,2020-12-24,1.0,0.0063,-0.1547,0.6192,0.7176,0.9789
15,2020-12-24,0.9952,0.143,-0.0278,0.5492,0.5355,0.9328
16,2020-12-24,0.9997,0.0005,-0.1538,0.6196,0.6973,0.9863
17,2020-12-24,0.9967,0.0206,-0.193,0.5669,0.6688,0.9929
18,2020-12-24,0.9895,0.2395,0.057,0.5579,0.4114,0.7608
19,2020-12-24,0.9926,0.089,-0.0421,0.4837,0.4553,0.8717
20,2020-12-24,0.9987,0.0091,-0.1425,0.4728,0.5385,0.9544
21,2020-12-24,0.9845,0.1423,-0.0113,0.5302,0.4363,0.9766
22,2020-12-24,1.0,0.6223,0.3731,0.4559,-0.1767,0.2598
23,2020-12-24,0.975,0.2414,0.0737,0.4638,0.2765,0.7899
24,2020-12-24,0.9994,0.1838,0.0272,0.4212,0.3899,0.611
25,2020-12-24,1.0,0.5467,0.3076,0.4377,-0.0017,0.4924
1,2020-12-27,0.6754,0.1808,0.003,0.5174,0.4908,0.9051
2,2020-12-27,0.9236,0.3879,0.1675,0.4566,0.1279,0.6908
3,2020-12-27,0.2077,0.1993,0.0419,0.5622,0.4934,0.9552
4,2020-12-27,0.6113,0.1483,-0.034,0.5188,0.5144,0.8844
5,2020-12-27,0.5106,0.2265,0.114,0.4722,0.2893,0.7018
6,2020-12-27,0.3965,0.153,-0.0188,0.5025,0.4827,0.789
7,2020-12-27,0.7698,0.1439,-0.0439,0.5217,0.4954,0.964
8,2020-12-27,0.8082,0.3255,0.1454,0.474,0.2337,0.8166
9,2020-12-27,0.6728,0.4568,0.2444,0.4917,0.0697,0.6437
10,2020-12-27,0.4072,0.2773,0.1199,0.4881,0.3231,0.8791
11,2020-12-27,0.9455,-0.001,-0.1461,0.5825,0.6783,0.994
12,2020-12-27,0.6936,0.3998,0.1981,0.4755,0.1055,0.685
13,2020-12-27,0.4319,0.3255,0.1268,0.456,0.2582,0.8881
14,2020-12-27,0.7354,0.1157,-0.0522,0.5848,0.6111,0.9824
15,2020-12-27,0.8905,0.1125,-0.0384,0.5363,0.5308,0.9451
16,2020-12-27,0.7116,0.0201,-0.1208,0.5542,0.6138,0.9879
17,2020-12-27,0.2239,0.3204,0.155,0.4483,0.2118,0.9345
18,2020-12-27,0.2607,0.4263,0.2219,0.4366,-0.0304,0.4221
19,2020-12-27,0.3827,0.3776,0.1934,0.414,0.0868,0.7285
20,2020-12-27,0.329,0.114,-0.0378,0.4944,0.4692,0.9373
21,2020-12-27,0.6473,0.2768,0.0753,0.5226,0.3836,0.9973
22,2020-12-27,1.0,0.5896,0.3496,0.4449,-0.1763,0.2537
23,2020-12-27,0.5331,0.3795,0.2036,0.4389,0.0772,0.5956
24,2020-12-27,0.5418,0.2465,0.1603,0.0905,-0.1762,0.1943
25,2020-12-27,0.9946,0.5073,0.2868,0.4267,-0.0027,0.4907
1,2020-12-29,0.9985,0.1252,-0.0128,0.4665,0.4519,0.8793
2,2020-12-29,0.9975,0.3797,0.1577,0.4443,0.171,0.7794
3,2020-12-29,1.0,0.1841,0.0678,0.5011,0.3445,0.9423
4,2020-12-29,0.9999,0.1747,0.0152,0.4579,0.4341,0.8865
5,2020-12-29,0.9958,0.1679,0.0441,0.4675,0.3709,0.8143
6,2020-12-29,0.9983,0.1062,-0.0502,0.4888,0.4872,0.8724
7,2020-12-29,0.9988,0.0994,-0.0674,0.4845,0.5066,0.9614
8,2020-12-29,0.9984,0.2895,0.1184,0.4687,0.2749,0.8838
9,2020-12-29,0.9983,0.3452,0.1709,0.4848,0.1801,0.7775
10,2020-12-29,0.9993,0.1334,-0.0293,0.4676,0.4499,0.9043
11,2020-12-29,1.0,-0.1641,-0.2907,0.5094,0.719,0.9821
12,2020-12-29,0.9998,0.2829,0.1321,0.4527,0.207,0.7701
13,2020-12-29,0.9958,0.2616,0.0999,0.4188,0.2425,0.884
14,2020-12-29,1.0,0.0051,-0.1263,0.5362,0.6489,0.9839
15,2020-12-29,0.9981,0.0962,-0.0449,0.4623,0.4932,0.9494
16,2020-12-29,0.9967,-0.1141,-0.2327,0.4769,0.6491,0.9774
17,2020-12-29,0.9805,0.2707,0.1185,0.4522,0.2436,0.9867
18,2020-12-29,0.9989,0.2773,0.1362,0.4375,0.1497,0.7827
19,2020-12-29,0.9979,0.1169,0.0153,0.4154,0.2954,0.8521
20,2020-12-29,0.9974,0.0847,-0.059,0.412,0.4053,0.8618
21,2020-12-29,0.9956,0.1174,-0.0221,0.4816,0.4083,0.9759
22,2020-12-29,1.0,0.574,0.3517,0.443,-0.0992,0.3196
23,2020-12-29,0.9946,0.2389,0.0855,0.4208,0.2132,0.7463
24,2020-12-29,0.9977,0.2367,0.1337,0.25,0.0639,0.5642
25,2020-12-29,1.0,0.51,0.2936,0.3883,-0.023,0.4293
1,2021-01-01,0.9319,0.2489,0.1321,0.3768,0.1015,0.7272
2,2021-01-01,0.9825,0.3955,0.1974,0.431,0.0715,0.6406
3,2021-01-01,0.9732,0.2312,0.1233,0.3896,0.1633,0.8429
4,2021-01-01,0.967,0.2772,0.1469,0.3903,0.1181,0.794
5,2021-01-01,0.9572,0.2532,0.1402,0.4005,0.122,0.7014
6,2021-01-01,0.9512,0.2282,0.1199,0.3298,0.0995,0.748
7,2021-01-01,0.9809,0.2759,0.1292,0.4062,0.1579,0.7943
8,2021-01-01,0.9796,0.3423,0.1752,0.4376,0.1018,0.7271
9,2021-01-01,0.9666,0.4082,0.2268,0.4227,0.0155,0.5381
10,2021-01-01,0.992,0.2776,0.1435,0.358,0.0815,0.6522
11,2021-01-01,0.9986,0.2106,0.111,0.3371,0.1263,0.8368
12,2021-01-01,0.9851,0.355,0.1856,0.4521,0.0852,0.6487
13,2021-01-01,0.9614,0.3426,0.1721,0.3746,0.0553,0.6809
14,2021-01-01,0.9606,0.2666,0.1322,0.4475,0.2039,0.8768
15,2021-01-01,0.9906,0.2969,0.1652,0.3832,0.1021,0.749
16,2021-01-01,0.9947,0.242,0.1351,0.2868,0.0378,0.6219
17,2021-01-01,0.9096,0.2942,0.1539,0.4035,0.1316,0.8887
18,2021-01-01,0.9447,0.2945,0.1593,0.4159,0.105,0.7091
19,2021-01-01,0.9771,0.214,0.1155,0.3073,0.025,0.5755
20,2021-01-01,0.9656,0.2373,0.1378,0.181,-0.0834,0.1834
21,2021-01-01,0.9667,0.2479,0.1301,0.4495,0.1729,0.8958
22,2021-01-01,1.0,0.5864,0.3519,0.4459,-0.1639,0.2579
23,2021-01-01,0.9691,0.3354,0.1751,0.3728,0.0,0.4995
24,2021-01-01,0.9641,0.2568,0.1527,0.2389,0.0085,0.5065
25,2021-01-01,1.0,0.5406,0.3094,0.4041,-0.0988,0.2427
1,2021-01-06,0.9993,0.2732,0.1592,0.4534,0.1381,0.7648
2,2021-01-06,0.9933,0.42,0.1965,0.5277,0.172,0.7955
3,2021-01-06,1.0,0.2338,0.1251,0.4608,0.2118,0.9149
4,2021-01-06,0.9999,0.2693,0.1317,0.5038,0.2516,0.8878
5,2021-01-06,0.9953,0.2351,0.1265,0.467,0.2207,0.791
6,2021-01-06,0.9992,0.2331,0.1252,0.4008,0.1599,0.8112
7,2021-01-06,1.0,0.2938,0.1504,0.5249,0.2832,0.9288
8,2021-01-06,0.9976,0.3576,0.1783,0.5365,0.2104,0.8481
9,2021-01-06,1.0,0.4184,0.2299,0.5263,0.1188,0.7692
10,2021-01-06,0.9998,0.2793,0.1449,0.4758,0.2188,0.8364
11,2021-01-06,1.0,0.2292,0.1355,0.4189,0.1905,0.9272
12,2021-01-06,1.0,0.3716,0.197,0.5231,0.1377,0.7275
13,2021-01-06,1.0,0.328,0.1551,0.5065,0.2391,0.9504
14,2021-01-06,0.9995,0.2722,0.1404,0.5725,0.3233,0.981
15,2021-01-06,1.0,0.3296,0.1945,0.4853,0.1801,0.8561
16,2021-01-06,1.0,0.2502,0.1482,0.4127,0.1651,0.8786
17,2021-01-06,0.9815,0.2844,0.127,0.5368,0.3188,0.9688
18,2021-01-06,1.0,0.3032,0.1668,0.4633,0.1485,0.7694
19,2021-01-06,1.0,0.2119,0.1153,0.3398,0.1172,0.8507
20,2021-01-06,0.9951,0.2277,0.1298,0.3036,0.0533,0.6385
21,2021-01-06,1.0,0.277,0.1531,0.5167,0.1981,0.9255
22,2021-01-06,1.0,0.6217,0.371,0.5002,-0.0886,0.3425
23,2021-01-06,0.9966,0.3562,0.208,0.437,0.0719,0.65
24,2021-01-06,0.9892,0.2429,0.1406,0.283,0.0884,0.6007
25,2021-01-06,1.0,0.6411,0.3826,0.5076,-0.0684,0.2889
1,2021-01-11,0.9877,-0.033,-0.1251,0.5542,0.6967,0.9485
2,2021-01-11,0.5827,0.1401,-0.0283,0.4784,0.4929,0.8764
3,2021-01-11,0.9997,-0.1343,-0.3084,0.6121,0.8038,0.9616
4,2021-01-11,0.997,0.0067,-0.1433,0.5398,0.6694,0.9558
5,2021-01-11,0.948,-0.1706,-0.2812,0.4502,0.6983,0.9564
6,2021-01-11,0.9995,-0.1589,-0.3175,0.5551,0.7753,0.9237
7,2021-01-11,0.9458,-0.0226,-0.1001,0.5017,0.6771,0.9701
8,2021-01-11,0.85,0.1587,-0.0069,0.5013,0.5226,0.8982
9,2021-01-11,0.9691,0.3212,0.1106,0.5291,0.4019,0.8123
10,2021-01-11,0.9942,-0.0095,-0.1053,0.4853,0.6314,0.9238
11,2021-01-11,1.0,-0.4606,-0.4621,0.4397,0.8396,0.9686
12,2021-01-11,0.9104,0.1817,0.0479,0.4725,0.4562,0.7592
13,2021-01-11,0.9911,0.14,-0.0586,0.5241,0.5561,0.9504
14,2021-01-11,0.999,-0.0783,-0.1398,0.5799,0.751,0.9594
15,2021-01-11,0.9904,0.1164,-0.0022,0.5373,0.6066,0.9213
16,2021-01-11,0.9957,-0.2964,-0.3584,0.4982,0.7939,0.9557
17,2021-01-11,0.9829,-0.0847,-0.2602,0.5273,0.7135,0.9917
18,2021-01-11,0.9795,-0.0038,-0.1816,0.5078,0.6387,0.9187
19,2021-01-11,0.9555,-0.2616,-0.3961,0.5146,0.7815,0.8505
20,2021-01-11,1.0,-0.2871,-0.4199,0.5,0.8076,0.9594
21,2021-01-11,0.9982,-0.0201,-0.1356,0.5396,0.6146,0.98
22,2021-01-11,0.6,0.7627,0.4755,0.4934,-0.397,0.0833
23,2021-01-11,0.9917,0.1836,0.0105,0.4751,0.392,0.7846
24,2021-01-11,0.9277,0.107,-0.055,0.5292,0.601,0.6896
25,2021-01-11,0.9304,0.7814,0.4359,0.5057,-0.1944,0.2567
1,2021-01-13,0.9833,0.2199,0.103,0.4713,0.2445,0.7889
2,2021-01-13,0.9912,0.4246,0.2023,0.4678,0.0838,0.6313
3,2021-01-13,0.9903,0.221,0.1141,0.4172,0.2002,0.8661
4,2021-01-13,0.9992,0.2658,0.1295,0.4087,0.154,0.8283
5,2021-01-13,0.9687,0.2512,0.1323,0.4196,0.1564,0.732
6,2021-01-13,0.9764,0.2239,0.1073,0.3818,0.1572,0.7945
7,2021-01-13,0.9903,0.2527,0.1091,0.4416,0.2348,0.8487
8,2021-01-13,0.9963,0.3481,0.1742,0.4773,0.1386,0.7536
9,2021-01-13,0.9934,0.4244,0.2313,0.4577,0.0411,0.586
10,2021-01-13,0.9988,0.2673,0.1335,0.3923,0.1431,0.7467
11,2021-01-13,0.9993,0.1637,0.0465,0.46,0.342,0.948
12,2021-01-13,0.9916,0.3609,0.1791,0.4974,0.1239,0.6696
13,2021-01-13,0.9835,0.3432,0.1702,0.3898,0.0784,0.7467
14,2021-01-13,0.9854,0.2315,0.0993,0.532,0.2931,0.9198
15,2021-01-13,0.9988,0.2646,0.1011,0.5824,0.4184,0.8814
16,2021-01-13,0.9995,0.2033,0.0893,0.4283,0.2137,0.8474
17,2021-01-13,0.9767,0.3009,0.1515,0.4346,0.1658,0.9094
18,2021-01-13,0.9853,0.3063,0.1648,0.4377,0.115,0.6975
19,2021-01-13,0.9843,0.2038,0.1049,0.3099,0.0705,0.6817
20,2021-01-13,0.9889,0.221,0.1234,0.2289,-0.0246,0.4124
21,2021-01-13,0.9911,0.228,0.0964,0.5005,0.2716,0.9423
22,2021-01-13,1.0,0.6521,0.3582,0.4797,-0.1991,0.2593
23,2021-01-13,0.9892,0.3498,0.1793,0.4397,0.063,0.5978
24,2021-01-13,0.9653,0.2639,0.1554,0.2626,0.0353,0.533
25,2021-01-13,1.0,0.6585,0.349,0.4931,-0.0875,0.3281
1,2021-01-16,0.9865,0.2927,0.17,0.3949,0.0652,0.6426
2,2021-01-16,0.9859,0.4669,0.2393,0.4833,0.0456,0.5788
3,2021-01-16,0.9965,0.2533,0.1392,0.4057,0.1645,0.8286
4,2021-01-16,0.9994,0.3039,0.1697,0.4171,0.1236,0.8038
5,2021-01-16,0.9916,0.27,0.1493,0.4322,0.1384,0.7132
6,2021-01-16,0.9911,0.2563,0.141,0.3455,0.098,0.7224
7,2021-01-16,0.9953,0.3317,0.1844,0.421,0.1172,0.7331
8,2021-01-16,0.9899,0.3912,0.204,0.4969,0.1021,0.7183
9,2021-01-16,0.9994,0.4524,0.2471,0.4758,0.0033,0.5053
10,2021-01-16,0.9998,0.2991,0.1615,0.3891,0.0929,0.6631
11,2021-01-16,1.0,0.2457,0.1459,0.3473,0.1086,0.8074
12,2021-01-16,1.0,0.3895,0.2043,0.4955,0.0667,0.5783
13,2021-01-16,0.9951,0.3755,0.1925,0.4235,0.0743,0.7414
14,2021-01-16,0.9899,0.298,0.1635,0.4462,0.1727,0.8142
15,2021-01-16,0.9971,0.353,0.2022,0.4117,0.0696,0.6633
16,2021-01-16,0.9992,0.2695,0.161,0.3096,0.0462,0.6475
17,2021-01-16,0.9761,0.3151,0.1644,0.4481,0.1628,0.9196
18,2021-01-16,0.9953,0.3143,0.1696,0.4543,0.1344,0.7272
19,2021-01-16,0.997,0.2381,0.1344,0.3287,0.0493,0.6298
20,2021-01-16,0.9987,0.2561,0.1526,0.2184,-0.061,0.2622
21,2021-01-16,0.9965,0.2964,0.1645,0.4516,0.1111,0.7658
22,2021-01-16,1.0,0.717,0.4238,0.5114,-0.3162,0.1486
23,2021-01-16,0.9951,0.3857,0.2151,0.4348,0.0308,0.5598
24,2021-01-16,0.9459,0.27,0.1594,0.2836,0.0593,0.5614
25,2021-01-16,1.0,0.7011,0.4005,0.4991,-0.1752,0.1425
1,2021-01-18,0.8747,0.2871,0.1673,0.3678,0.0484,0.6343
2,2021-01-18,0.9453,0.4568,0.2445,0.4432,0.0172,0.5311
3,2021-01-18,0.9856,0.2335,0.1296,0.3727,0.13,0.8021
4,2021-01-18,0.927,0.297,0.1658,0.4044,0.118,0.8258
5,2021-01-18,0.9188,0.2582,0.1497,0.4047,0.1224,0.7217
6,2021-01-18,0.8728,0.2378,0.1296,0.3235,0.0767,0.7329
7,2021-01-18,0.9633,0.3087,0.1672,0.3903,0.1079,0.7484
8,2021-01-18,0.9412,0.3835,0.2071,0.4589,0.0783,0.6835
9,2021-01-18,0.9321,0.4359,0.2422,0.4246,-0.0148,0.462
10,2021-01-18,0.9793,0.2823,0.1555,0.3475,0.0594,0.622
11,2021-01-18,0.9993,0.2275,0.1368,0.3174,0.0797,0.7748
12,2021-01-18,0.9579,0.3888,0.2139,0.4542,0.0383,0.5499
13,2021-01-18,0.943,0.3557,0.1878,0.38,0.0503,0.6978
14,2021-01-18,0.9385,0.2765,0.1534,0.4185,0.1552,0.8298
15,2021-01-18,0.9449,0.3302,0.1925,0.3751,0.0467,0.6261
16,2021-01-18,0.9962,0.2524,0.15,0.2791,0.0191,0.5696
17,2021-01-18,0.8149,0.3016,0.1593,0.4218,0.1514,0.9131
18,2021-01-18,0.8781,0.3007,0.1635,0.4156,0.1058,0.7157
19,2021-01-18,0.9388,0.2319,0.1253,0.2931,0.0019,0.5066
20,2021-01-18,0.9368,0.2356,0.1397,0.1883,-0.0756,0.1737
21,2021-01-18,0.9241,0.2898,0.1578,0.3888,0.0767,0.7302
22,2021-01-18,0.9977,0.6317,0.3791,0.4598,-0.2076,0.1724
23,2021-01-18,0.9637,0.3593,0.1946,0.3744,-0.0208,0.457
24,2021-01-18,0.9061,0.2554,0.1636,0.2414,0.0163,0.5144
25,2021-01-18,0.9989,0.6202,0.3596,0.417,-0.1818,0.0861
1,2021-01-21,0.9675,0.268,0.1566,0.3515,0.0524,0.6287
2,2021-01-21,0.972,0.4409,0.2156,0.4616,0.0413,0.5747
3,2021-01-21,0.9911,0.2286,0.1241,0.338,0.0993,0.7831
4,2021-01-21,0.9442,0.2857,0.1489,0.387,0.1213,0.7795
5,2021-01-21,0.9428,0.2527,0.1406,0.3549,0.0859,0.6707
6,2021-01-21,0.9783,0.234,0.1293,0.288,0.0493,0.6541
7,2021-01-21,0.9918,0.2973,0.153,0.408,0.1574,0.811
8,2021-01-21,0.9756,0.3666,0.1849,0.4516,0.0901,0.6737
9,2021-01-21,0.9755,0.4251,0.2337,0.3926,0.0037,0.5086
10,2021-01-21,0.9947,0.2852,0.1508,0.3199,0.053,0.6152
11,2021-01-21,1.0,0.2256,0.1286,0.2996,0.0731,0.7705
12,2021-01-21,0.9838,0.3708,0.2022,0.4216,0.0492,0.6056
13,2021-01-21,0.9799,0.3497,0.1766,0.3629,0.0622,0.7001
14,2021-01-21,0.9866,0.2738,0.1471,0.4111,0.1748,0.8926
15,2021-01-21,0.9995,0.3226,0.1884,0.3703,0.0625,0.6824
16,2021-01-21,0.998,0.2524,0.1453,0.2691,0.0201,0.5714
17,2021-01-21,0.7709,0.3,0.1546,0.3774,0.1057,0.8521
18,2021-01-21,0.9699,0.2953,0.1673,0.3534,0.0444,0.5921
19,2021-01-21,0.9872,0.2135,0.1146,0.2371,0.012,0.5426
20,2021-01-21,0.9931,0.2391,0.1426,0.1635,-0.0968,0.1424
21,2021-01-21,0.9778,0.2627,0.1515,0.3406,0.1031,0.7995
22,2021-01-21,0.9701,0.6754,0.3893,0.5132,-0.202,0.2717
23,2021-01-21,0.9882,0.3474,0.1896,0.3455,-0.0286,0.4422
24,2021-01-21,0.9414,0.2608,0.1629,0.1449,-0.0734,0.4371
25,2021-01-21,1.0,0.6664,0.3821,0.4665,-0.1884,0.1632
1,2021-01-23,0.9531,0.2336,0.1316,0.3045,0.0386,0.6305
2,2021-01-23,0.9325,0.3821,0.1916,0.3835,0.0208,0.5514
3,2021-01-23,0.9916,0.1969,0.1091,0.3071,0.0946,0.8107
4,2021-01-23,0.9514,0.231,0.1181,0.3142,0.0845,0.8368
5,2021-01-23,0.8562,0.199,0.0987,0.3085,0.0967,0.7963
6,2021-01-23,0.9676,0.1932,0.1066,0.2551,0.0425,0.6846
7,2021-01-23,0.986,0.2414,0.1261,0.3131,0.0886,0.7786
8,2021-01-23,0.9507,0.3007,0.1501,0.3706,0.0692,0.7007
9,2021-01-23,0.9541,0.3431,0.1904,0.3346,0.0026,0.5075
10,2021-01-23,0.9973,0.2224,0.1147,0.2689,0.0511,0.6557
11,2021-01-23,0.9993,0.1882,0.1057,0.2581,0.0678,0.8224
12,2021-01-23,0.9406,0.2986,0.1542,0.3393,0.0482,0.6691
13,2021-01-23,0.9738,0.2699,0.134,0.2792,0.0278,0.6536
14,2021-01-23,0.9469,0.237,0.1268,0.3533,0.145,0.8838
15,2021-01-23,0.9567,0.2652,0.1526,0.3063,0.0493,0.678
16,2021-01-23,0.9942,0.2025,0.1139,0.2351,0.0269,0.6396
17,2021-01-23,0.9281,0.2446,0.1224,0.341,0.1216,0.9535
18,2021-01-23,0.9798,0.2545,0.1401,0.3138,0.04,0.6061
19,2021-01-23,0.9617,0.1771,0.0936,0.2204,0.0023,0.5119
20,2021-01-23,0.9722,0.1912,0.1119,0.1617,-0.058,0.1478
21,2021-01-23,0.9978,0.2278,0.122,0.302,0.057,0.7297
22,2021-01-23,0.9944,0.4692,0.2635,0.3974,-0.0493,0.3717
23,2021-01-23,0.977,0.269,0.1461,0.2721,-0.0208,0.4323
24,2021-01-23,0.7991,0.1908,0.1074,0.2062,0.0314,0.5598
25,2021-01-23,0.9576,0.4572,0.2718,0.3136,-0.1381,0.0642
1,2021-01-26,0.3339,0.1322,0.0249,0.4499,0.4257,0.9561
2,2021-01-26,0.6931,0.2931,0.1363,0.4273,0.2385,1.0
3,2021-01-26,0.1095,0.2231,0.0915,0.5357,0.4223,1.0
4,2021-01-26,0.201,0.0404,-0.0974,0.4255,0.4881,0.9503
5,2021-01-26,0.3746,0.0925,-0.0063,0.4065,0.3989,0.9032
6,2021-01-26,0.1967,0.0891,0.015,0.4315,0.4106,0.9281
7,2021-01-26,0.4866,0.1417,0.0079,0.4562,0.4273,0.9998
8,2021-01-26,0.3103,0.1996,0.0786,0.3773,0.2869,0.9791
9,2021-01-26,0.5607,0.3698,0.1887,0.4719,0.2039,0.9386
10,2021-01-26,0.2411,0.2415,0.1061,0.4313,0.3073,0.9927
11,2021-01-26,0.3733,0.0108,-0.1091,0.4729,0.5518,1.0
12,2021-01-26,0.6413,0.3112,0.1448,0.4514,0.2439,0.9561
13,2021-01-26,0.4127,0.1757,0.0636,0.3542,0.2542,0.9985
14,2021-01-26,0.5488,0.1103,-0.0093,0.531,0.5506,1.0
15,2021-01-26,0.5297,0.1115,0.0162,0.4581,0.4381,1.0
16,2021-01-26,0.2357,0.2011,0.0899,0.4546,0.373,1.0
17,2021-01-26,0.0679,0.2496,0.1018,0.4308,0.3149,1.0
18,2021-01-26,0.1822,0.3828,0.1991,0.4454,0.0839,0.7405
19,2021-01-26,0.348,0.3014,0.1558,0.4019,0.1617,0.9915
20,2021-01-26,0.1561,0.141,0.0246,0.4347,0.3834,0.9853
21,2021-01-26,0.4725,0.2377,0.0801,0.4613,0.3555,1.0
22,2021-01-26,0.2056,0.1987,0.1101,0.3042,0.226,0.9818
23,2021-01-26,0.2817,0.3774,0.221,0.4321,0.0891,0.9374
24,2021-01-26,0.3244,0.1273,0.0902,0.0445,-0.0834,0.2298
25,2021-01-26,0.8553,0.3888,0.2186,0.3856,0.0798,0.9822
1,2021-01-28,0.9915,0.239,0.121,0.4101,0.1469,0.7438
2,2021-01-28,0.9925,0.4508,0.214,0.4718,0.0654,0.6042
3,2021-01-28,0.9997,0.2309,0.12,0.3901,0.1665,0.8453
4,2021-01-28,0.9701,0.2812,0.1444,0.3938,0.1327,0.8098
5,2021-01-28,0.9607,0.2522,0.1375,0.4019,0.1377,0.7111
6,2021-01-28,0.9946,0.2331,0.117,0.3343,0.1071,0.759
7,2021-01-28,0.9909,0.2699,0.1171,0.4125,0.2013,0.826
8,2021-01-28,0.9762,0.3697,0.1841,0.4792,0.136,0.7506
9,2021-01-28,1.0,0.4194,0.2218,0.4375,0.0296,0.5617
10,2021-01-28,0.9717,0.2729,0.1355,0.365,0.1167,0.7167
11,2021-01-28,0.9989,0.1958,0.0866,0.3668,0.1969,0.92
12,2021-01-28,1.0,0.3606,0.1839,0.4884,0.1205,0.6906
13,2021-01-28,0.9922,0.3424,0.168,0.375,0.0707,0.7353
14,2021-01-28,1.0,0.2585,0.1164,0.4566,0.2379,0.8984
15,2021-01-28,0.9981,0.2999,0.1503,0.469,0.1914,0.8269
16,2021-01-28,0.997,0.2351,0.1182,0.3315,0.1042,0.7613
17,2021-01-28,0.9815,0.3115,0.1589,0.4376,0.167,0.9284
18,2021-01-28,0.9826,0.3102,0.1644,0.4199,0.0954,0.6728
19,2021-01-28,0.9748,0.2228,0.1147,0.2852,0.0482,0.6592
20,2021-01-28,0.9434,0.2427,0.1353,0.2017,-0.0566,0.2852
21,2021-01-28,0.9938,0.2518,0.1203,0.3868,0.2,0.8915
22,2021-01-28,1.0,0.6673,0.3764,0.4917,-0.2165,0.2645
23,2021-01-28,0.977,0.344,0.1792,0.3858,0.0203,0.5376
24,2021-01-28,1.0,0.2597,0.1598,0.2408,0.027,0.5253
25,2021-01-28,0.9995,0.6258,0.3289,0.4823,-0.0794,0.3157
1,2021-01-31,0.1635,0.3669,0.2176,0.4249,0.1265,0.895
2,2021-01-31,0.2855,0.3343,0.19,0.404,0.1324,0.9723
3,2021-01-31,0.0484,0.3804,0.2217,0.4805,0.1801,0.994
4,2021-01-31,0.1486,0.1427,0.0632,0.3537,0.2246,0.9909
5,2021-01-31,0.0675,0.138,0.0687,0.3407,0.1795,0.926
6,2021-01-31,0.0817,0.2266,0.1396,0.3431,0.1341,0.7969
7,2021-01-31,0.0764,0.3296,0.175,0.4795,0.2622,1.0
8,2021-01-31,0.217,0.2894,0.1668,0.3857,0.1543,0.9895
9,2021-01-31,0.2858,0.3603,0.213,0.4035,0.1299,0.9709
10,2021-01-31,0.0287,0.2566,0.1571,0.3611,0.1416,1.0
11,2021-01-31,0.0607,0.3545,0.2077,0.3967,0.1162,0.9415
12,2021-01-31,0.0143,0.2858,0.1627,0.3617,0.1712,1.0
13,2021-01-31,0.1343,0.1852,0.0849,0.3051,0.1737,0.989
14,2021-01-31,0.1856,0.3799,0.2095,0.5202,0.2708,1.0
15,2021-01-31,0.3865,0.2119,0.1192,0.3684,0.2196,0.9496
16,2021-01-31,0.1057,0.3655,0.2206,0.3989,0.123,0.9041
17,2021-01-31,0.0727,0.1541,0.0541,0.3441,0.2618,1.0
18,2021-01-31,0.0995,0.3139,0.1761,0.3661,0.1115,0.9611
19,2021-01-31,0.2432,0.4276,0.2552,0.4156,0.0313,0.757
20,2021-01-31,0.0416,0.3645,0.2177,0.3413,0.0278,0.7008
21,2021-01-31,0.5004,0.2563,0.1485,0.4264,0.2133,1.0
22,2021-01-31,0.5285,0.3428,0.195,0.382,0.1333,0.9885
23,2021-01-31,0.2744,0.3922,0.2343,0.3984,0.0455,0.8607
24,2021-01-31,0.0222,0.0893,0.0401,0.1514,0.1516,0.9487
25,2021-01-31,0.9347,0.4669,0.2836,0.3725,-0.0388,0.2648
1,2021-02-02,0.1421,0.344,0.1981,0.4019,0.129,0.8024
2,2021-02-02,0.7428,0.3978,0.201,0.4503,0.0797,0.6584
3,2021-02-02,0.8565,0.2191,0.1195,0.3906,0.1747,0.8592
4,2021-02-02,0.3193,0.2387,0.1318,0.341,0.1752,0.8166
5,2021-02-02,0.7987,0.2477,0.1421,0.4332,0.1649,0.7655
6,2021-02-02,0.0727,0.2311,0.1357,0.3436,0.1249,0.8516
7,2021-02-02,0.2153,0.2605,0.1404,0.4137,0.2354,0.9001
8,2021-02-02,0.1434,0.4726,0.2751,0.4644,0.0693,0.6706
9,2021-02-02,0.7842,0.3728,0.2026,0.4344,0.0788,0.6928
10,2021-02-02,0.3861,0.2459,0.1316,0.3499,0.1333,0.7813
11,2021-02-02,0.9631,0.2148,0.1295,0.3319,0.1179,0.848
12,2021-02-02,0.9821,0.3717,0.1952,0.4571,0.064,0.5959
13,2021-02-02,0.2402,0.3101,0.156,0.3914,0.1566,0.8998
14,2021-02-02,0.8283,0.2397,0.1217,0.4358,0.2751,0.9577
15,2021-02-02,0.4501,0.3359,0.1987,0.4334,0.1388,0.8144
16,2021-02-02,0.945,0.2248,0.1351,0.3151,0.096,0.7908
17,2021-02-02,0.4872,0.293,0.1484,0.4288,0.1921,0.9265
18,2021-02-02,0.9853,0.2985,0.1654,0.4176,0.1072,0.6978
19,2021-02-02,0.1885,0.3974,0.2264,0.3785,-0.0034,0.4929
20,2021-02-02,0.4141,0.2137,0.13,0.2475,0.0459,0.6893
21,2021-02-02,0.1411,0.1892,0.1155,0.3982,0.1298,0.8239
22,2021-02-02,0.9252,0.6631,0.3912,0.476,-0.2254,0.1823
23,2021-02-02,0.1078,0.2379,0.1328,0.2477,0.0735,0.6955
24,2021-02-02,0.7416,0.2367,0.1538,0.1978,-0.0021,0.4965
25,2021-02-02,0.6279,0.5345,0.3082,0.3857,-0.1001,0.1906
1,2021-02-05,0.9655,0.2611,0.1483,0.4465,0.1384,0.7495
2,2021-02-05,0.9885,0.4125,0.1866,0.5254,0.165,0.753
3,2021-02-05,0.991,0.2165,0.1026,0.5192,0.269,0.8651
4,2021-02-05,0.9917,0.2547,0.1181,0.5041,0.2662,0.867
5,2021-02-05,0.9636,0.2393,0.1236,0.4758,0.2158,0.7678
6,2021-02-05,0.9717,0.2157,0.1084,0.4122,0.1912,0.8072
7,2021-02-05,0.9904,0.2916,0.1411,0.5291,0.283,0.893
8,2021-02-05,0.9921,0.3509,0.169,0.5299,0.1957,0.8252
9,2021-02-05,0.9984,0.4178,0.2171,0.532,0.1015,0.6831
10,2021-02-05,0.9989,0.2709,0.1318,0.4684,0.2132,0.7882
11,2021-02-05,1.0,0.2284,0.1288,0.4301,0.2124,0.8885
12,2021-02-05,0.9857,0.3694,0.1875,0.5277,0.1121,0.6304
13,2021-02-05,0.9905,0.3179,0.1395,0.4935,0.2269,0.9222
14,2021-02-05,0.9911,0.2562,0.1168,0.6016,0.3911,0.9547
15,2021-02-05,0.9933,0.3128,0.1773,0.4683,0.1733,0.8028
16,2021-02-05,0.999,0.2459,0.1368,0.4142,0.172,0.8442
17,2021-02-05,0.9805,0.2616,0.0968,0.5712,0.3877,0.9665
18,2021-02-05,0.9677,0.2867,0.1501,0.4847,0.18,0.7057
19,2021-02-05,0.9697,0.2106,0.1063,0.4007,0.1148,0.7327
20,2021-02-05,0.9833,0.225,0.1208,0.318,0.0722,0.6678
21,2021-02-05,0.9854,0.2692,0.142,0.5156,0.1764,0.9068
22,2021-02-05,1.0,0.6637,0.3779,0.5022,-0.2293,0.2435
23,2021-02-05,0.9833,0.3447,0.1855,0.4295,0.0618,0.5949
24,2021-02-05,0.9835,0.2286,0.1359,0.2238,0.0389,0.5203
25,2021-02-05,1.0,0.6032,0.3502,0.4699,-0.0984,0.2486
1,2021-02-07,0.9742,0.0836,-0.0332,0.4415,0.4527,0.9358
2,2021-02-07,0.9972,0.2617,0.0919,0.3898,0.2613,0.9284
3,2021-02-07,0.9965,-0.012,-0.1638,0.5029,0.6237,0.9625
4,2021-02-07,0.9958,-0.0041,-0.1228,0.4062,0.5281,0.9676
5,2021-02-07,0.9819,0.0423,-0.0892,0.4273,0.4954,0.9202
6,2021-02-07,0.9705,-0.0547,-0.1833,0.4215,0.571,0.9365
7,2021-02-07,0.9725,0.0674,-0.0803,0.4467,0.4905,0.9819
8,2021-02-07,0.9853,0.1748,0.0262,0.3943,0.3536,0.9601
9,2021-02-07,0.9816,0.2731,0.1052,0.4562,0.2646,0.8811
10,2021-02-07,0.9812,0.0739,-0.0557,0.4258,0.4439,0.9672
11,2021-02-07,1.0,-0.1006,-0.2291,0.4591,0.6361,0.9878
12,2021-02-07,0.9797,0.2092,0.0859,0.4267,0.2631,0.8606
13,2021-02-07,0.951,0.0798,-0.0495,0.368,0.4109,0.9789
14,2021-02-07,0.988,-0.0229,-0.1658,0.5098,0.6249,0.9908
15,2021-02-07,0.9793,0.1138,-0.0266,0.4573,0.4462,0.9617
16,2021-02-07,0.9937,-0.0057,-0.1371,0.4768,0.5582,0.9883
17,2021-02-07,0.991,-0.0379,-0.1874,0.4148,0.57,0.9962
18,2021-02-07,0.9873,0.122,-0.0515,0.4939,0.4853,0.8832
19,2021-02-07,0.9691,0.0205,-0.1005,0.4085,0.4517,0.8775
20,2021-02-07,0.9463,-0.0324,-0.1542,0.3901,0.4942,0.9713
21,2021-02-07,0.9654,0.1009,-0.0126,0.4446,0.3729,0.9724
22,2021-02-07,1.0,0.4954,0.2934,0.4042,-0.0444,0.4033
23,2021-02-07,0.9182,0.1752,0.0407,0.4031,0.2581,0.8324
24,2021-02-07,0.9846,0.0137,-0.1101,0.3882,0.4922,0.8844
25,2021-02-07,0.9978,0.4571,0.2501,0.3725,-0.0077,0.4738
1,2021-02-12,0.9437,0.2568,0.1393,0.3916,0.1111,0.7531
2,2021-02-12,0.966,0.4439,0.2196,0.4697,0.0701,0.6356
3,2021-02-12,0.9874,0.2227,0.1185,0.3934,0.1726,0.8859
4,2021-02-12,0.979,0.2789,0.1461,0.4142,0.1483,0.8563
5,2021-02-12,0.9479,0.2369,0.1279,0.4248,0.1676,0.7779
6,2021-02-12,0.9607,0.2276,0.1236,0.3408,0.114,0.8071
7,2021-02-12,0.9902,0.2766,0.1386,0.4203,0.1797,0.8719
8,2021-02-12,0.9671,0.3631,0.1803,0.4859,0.1434,0.7837
9,2021-02-12,0.9878,0.4101,0.2249,0.4501,0.0524,0.6277
10,2021-02-12,0.9972,0.2669,0.1382,0.3793,0.1281,0.7699
11,2021-02-12,1.0,0.2166,0.1168,0.3361,0.1311,0.8848
12,2021-02-12,0.9888,0.3583,0.188,0.4702,0.1103,0.6924
13,2021-02-12,0.985,0.3362,0.1712,0.4063,0.1049,0.8258
14,2021-02-12,0.9685,0.2593,0.1323,0.4462,0.2158,0.914
15,2021-02-12,0.988,0.3032,0.1715,0.4009,0.1223,0.7849
16,2021-02-12,0.9944,0.2336,0.1297,0.2941,0.0614,0.738
17,2021-02-12,0.9406,0.3025,0.1526,0.4482,0.1841,0.9475
18,2021-02-12,0.9862,0.2975,0.161,0.4279,0.1251,0.7502
19,2021-02-12,0.9813,0.2113,0.1142,0.3175,0.057,0.6956
20,2021-02-12,0.9853,0.2296,0.1346,0.218,-0.0274,0.3615
21,2021-02-12,0.976,0.2631,0.1335,0.4604,0.1772,0.9095
22,2021-02-12,0.9981,0.6322,0.3623,0.4923,-0.1642,0.2818
23,2021-02-12,0.9833,0.328,0.1766,0.3906,0.0546,0.6213
24,2021-02-12,0.963,0.2212,0.1303,0.2472,0.058,0.5721
25,2021-02-12,0.9995,0.5634,0.32,0.4364,-0.0661,0.307
1,2021-02-15,0.9699,0.272,0.1539,0.4137,0.0963,0.7125
2,2021-02-15,0.9751,0.4455,0.2298,0.4817,0.0712,0.6548
3,2021-02-15,0.9814,0.2373,0.1251,0.4312,0.2031,0.8927
4,2021-02-15,0.9981,0.2765,0.1455,0.4301,0.1618,0.8654
5,2021-02-15,0.9606,0.2393,0.13,0.4428,0.1807,0.7839
6,2021-02-15,0.9682,0.2391,0.1292,0.378,0.1365,0.7882
7,2021-02-15,0.9926,0.3032,0.1641,0.4549,0.1784,0.8451
8,2021-02-15,0.9714,0.3827,0.1961,0.4977,0.1202,0.758
9,2021-02-15,0.9966,0.4221,0.2289,0.4942,0.0539,0.6165
10,2021-02-15,0.9989,0.2715,0.1397,0.4231,0.1557,0.7967
11,2021-02-15,1.0,0.2398,0.1361,0.3771,0.1494,0.8561
12,2021-02-15,0.9873,0.3596,0.1878,0.4895,0.0977,0.6657
13,2021-02-15,0.9941,0.3318,0.1663,0.4413,0.1377,0.8902
14,2021-02-15,0.9793,0.2689,0.1432,0.4903,0.2321,0.9218
15,2021-02-15,0.975,0.323,0.187,0.4388,0.123,0.7487
16,2021-02-15,0.999,0.2578,0.1476,0.3484,0.0932,0.7628
17,2021-02-15,0.9677,0.3039,0.1492,0.4821,0.2223,0.9652
18,2021-02-15,0.992,0.2985,0.1553,0.458,0.1519,0.7584
19,2021-02-15,0.986,0.223,0.1202,0.3621,0.0739,0.6965
20,2021-02-15,0.9794,0.2448,0.1391,0.2586,0.0005,0.502
21,2021-02-15,0.9889,0.2789,0.1514,0.4827,0.1412,0.8798
22,2021-02-15,1.0,0.645,0.3899,0.4904,-0.1925,0.2061
23,2021-02-15,0.9833,0.3461,0.1875,0.4371,0.0753,0.6562
24,2021-02-15,0.971,0.2231,0.1291,0.2572,0.0789,0.5826
25,2021-02-15,1.0,0.6074,0.3539,0.4633,-0.1066,0.2073
1,2021-02-17,0.8919,0.2798,0.1595,0.404,0.0918,0.7019
2,2021-02-17,0.9668,0.4632,0.2466,0.4637,0.0349,0.5667
3,2021-02-17,0.9872,0.2258,0.1201,0.4222,0.1719,0.839
4,2021-02-17,0.9647,0.2883,0.1588,0.4358,0.1615,0.842
5,2021-02-17,0.93,0.2505,0.1438,0.4348,0.1713,0.7512
6,2021-02-17,0.9062,0.2354,0.1267,0.3755,0.1341,0.7938
7,2021-02-17,0.973,0.3016,0.1587,0.4623,0.1821,0.824
8,2021-02-17,0.9669,0.3847,0.2037,0.4866,0.116,0.732
9,2021-02-17,0.962,0.4299,0.2361,0.4778,0.0348,0.5753
10,2021-02-17,0.9933,0.2814,0.1515,0.4208,0.1393,0.7172
11,2021-02-17,0.9989,0.2269,0.1302,0.3739,0.1525,0.8523
12,2021-02-17,0.9613,0.3921,0.2122,0.4738,0.056,0.5724
13,2021-02-17,0.9567,0.3525,0.1829,0.441,0.1188,0.8129
14,2021-02-17,0.9635,0.2697,0.1406,0.5087,0.257,0.9053
15,2021-02-17,0.9603,0.3176,0.1844,0.4269,0.1188,0.7346
16,2021-02-17,0.9952,0.2481,0.1412,0.3508,0.1007,0.7413
17,2021-02-17,0.9558,0.3114,0.1558,0.4885,0.2355,0.9492
18,2021-02-17,0.916,0.2943,0.157,0.4225,0.1303,0.7087
19,2021-02-17,0.9516,0.2245,0.1242,0.328,0.0359,0.5922
20,2021-02-17,0.9561,0.236,0.1372,0.2466,-0.0101,0.4697
21,2021-02-17,0.9583,0.2782,0.1529,0.4589,0.1188,0.8032
22,2021-02-17,0.9981,0.6731,0.4047,0.4679,-0.2662,0.1559
23,2021-02-17,0.9745,0.3472,0.1881,0.3872,0.0142,0.5309
24,2021-02-17,0.9089,0.2416,0.1563,0.235,0.0313,0.5197
25,2021-02-17,0.9946,0.6118,0.354,0.4227,-0.1622,0.1121
1,2021-02-20,0.6049,0.2125,0.1255,0.3539,0.0845,0.7177
2,2021-02-20,0.9896,0.3484,0.1818,0.4337,0.1015,0.77
3,2021-02-20,0.8792,0.1954,0.1047,0.4057,0.1661,0.9032
4,2021-02-20,1.0,0.2093,0.1144,0.368,0.1409,0.7928
5,2021-02-20,0.9299,0.1853,0.1092,0.3732,0.1409,0.7501
6,2021-02-20,0.9588,0.1673,0.0959,0.2755,0.0695,0.6911
7,2021-02-20,0.9938,0.2011,0.1034,0.3598,0.1366,0.8019
8,2021-02-20,0.9542,0.2644,0.1384,0.4142,0.1133,0.7714
9,2021-02-20,0.9984,0.3482,0.197,0.4302,0.0579,0.6621
10,2021-02-20,0.9911,0.1963,0.1015,0.3409,0.0764,0.6932
11,2021-02-20,0.5641,0.2183,0.1257,0.363,0.1418,0.865
12,2021-02-20,0.9978,0.302,0.161,0.4271,0.0803,0.6927
13,2021-02-20,0.9932,0.2608,0.1307,0.3708,0.1163,0.8531
14,2021-02-20,0.9952,0.2314,0.1186,0.4869,0.2626,0.9653
15,2021-02-20,0.9514,0.2448,0.1468,0.3769,0.1196,0.8115
16,2021-02-20,0.2757,0.2925,0.1614,0.3524,0.0829,0.7592
17,2021-02-20,0.9764,0.223,0.1082,0.426,0.2227,0.9836
18,2021-02-20,0.9762,0.2498,0.1452,0.3516,0.0631,0.6463
19,2021-02-20,0.6559,0.2154,0.1181,0.3305,0.0363,0.6532
20,2021-02-20,0.4563,0.201,0.1255,0.2528,-0.0008,0.4957
21,2021-02-20,1.0,0.2215,0.1294,0.4138,0.1215,0.8833
22,2021-02-20,0.9874,0.4973,0.305,0.4282,-0.0554,0.3706
23,2021-02-20,0.7384,0.2876,0.1584,0.3208,-0.0133,0.4665
24,2021-02-20,1.0,0.1652,0.104,0.1165,-0.0307,0.4468
25,2021-02-20,0.9978,0.4408,0.2638,0.347,-0.0762,0.1745
1,2021-02-22,0.9818,0.1303,0.0192,0.4768,0.3955,0.9063
2,2021-02-22,0.9955,0.2801,0.1002,0.4298,0.2576,0.937
3,2021-02-22,0.9931,0.0815,-0.0601,0.5757,0.5911,0.9358
4,2021-02-22,0.9937,0.0516,-0.0878,0.4511,0.5103,0.9404
5,2021-02-22,0.9708,0.1169,-0.0015,0.469,0.4188,0.8661
6,2021-02-22,0.9667,0.0386,-0.0926,0.478,0.5286,0.9216
7,2021-02-22,0.9892,0.1094,-0.0472,0.5036,0.4938,0.9787
8,2021-02-22,0.9904,0.2062,0.0549,0.4312,0.341,0.9522
9,2021-02-22,0.9902,0.2952,0.1311,0.4854,0.2433,0.8804
10,2021-02-22,0.9959,0.1285,-0.0133,0.4681,0.4134,0.9536
11,2021-02-22,1.0,0.0627,-0.0705,0.5768,0.607,0.9863
12,2021-02-22,0.9851,0.2318,0.0984,0.4557,0.2379,0.8425
13,2021-02-22,0.9926,0.1049,-0.0455,0.4165,0.4064,0.9789
14,2021-02-22,0.9981,0.0368,-0.1121,0.6085,0.6704,0.9935
15,2021-02-22,0.9995,0.1704,0.0218,0.542,0.4652,0.9591
16,2021-02-22,0.999,0.1069,-0.0159,0.5362,0.4932,0.9772
17,2021-02-22,0.987,0.0486,-0.1194,0.5375,0.5796,0.9956
18,2021-02-22,0.9878,0.1832,0.0288,0.5492,0.449,0.8433
19,2021-02-22,0.9546,0.1081,0.0143,0.4214,0.3069,0.8485
20,2021-02-22,0.9833,0.0723,-0.0491,0.4277,0.4102,0.9471
21,2021-02-22,0.9907,0.1276,0.0152,0.4673,0.352,0.9687
22,2021-02-22,1.0,0.5156,0.3106,0.4316,-0.0274,0.4407
23,2021-02-22,0.9441,0.2122,0.0827,0.4467,0.2461,0.8267
24,2021-02-22,0.9977,0.1198,0.0063,0.3857,0.3635,0.7273
25,2021-02-22,1.0,0.4763,0.2637,0.3926,-0.0094,0.4717
1,2021-03-02,0.0807,0.3541,0.2136,0.381,0.0577,0.8149
2,2021-03-02,0.427,0.3487,0.2034,0.3946,0.091,0.99
3,2021-03-02,0.0362,0.3595,0.2028,0.4638,0.1848,1.0
4,2021-03-02,0.0041,0.133,0.095,0.05,-0.056,0.4231
5,2021-03-02,0.0658,0.3128,0.1882,0.379,0.0788,0.7687
6,2021-03-02,0.0209,0.3685,0.2187,0.4146,0.1018,0.961
7,2021-03-02,0.0778,0.3571,0.2019,0.4731,0.1672,0.9808
8,2021-03-02,0.1861,0.3463,0.2032,0.396,0.1,0.991
9,2021-03-02,0.3343,0.3857,0.23,0.4134,0.0891,0.9279
10,2021-03-02,0.0467,0.3525,0.2153,0.357,0.0381,0.8447
11,2021-03-02,0.0288,0.3604,0.2087,0.3626,0.0336,0.7963
12,2021-03-02,0.3764,0.3799,0.2254,0.3926,0.0647,0.9099
13,2021-03-02,0.0365,0.3497,0.2124,0.3854,0.061,0.8728
14,2021-03-02,0.1182,0.3831,0.2131,0.4973,0.208,1.0
15,2021-03-02,0.1288,0.3845,0.2324,0.3804,0.0431,0.7495
16,2021-03-02,0.035,0.3588,0.2213,0.3739,0.0679,0.8768
18,2021-03-02,0.1078,0.4028,0.2312,0.4085,0.039,0.7487
19,2021-03-02,0.1393,0.3676,0.2329,0.3596,0.0118,0.7292
20,2021-03-02,0.0154,0.3303,0.2089,0.3384,0.0367,0.8085
21,2021-03-02,0.1695,0.3739,0.22,0.4107,0.0855,1.0
22,2021-03-02,0.8089,0.3968,0.2497,0.4009,0.0611,0.9988
23,2021-03-02,0.1558,0.3775,0.229,0.3585,0.0164,0.7107
24,2021-03-02,0.2749,0.116,0.0727,0.0426,-0.0691,0.2567
25,2021-03-02,0.7758,0.398,0.2475,0.3106,-0.0556,0.1178
1,2021-03-04,0.9601,0.2392,0.1379,0.3784,0.0957,0.7465
2,2021-03-04,0.9723,0.394,0.21,0.439,0.0741,0.686
3,2021-03-04,0.9981,0.1928,0.0903,0.4889,0.2868,0.9065
4,2021-03-04,0.9688,0.2409,0.1265,0.4167,0.1776,0.915
5,2021-03-04,0.9149,0.2065,0.1142,0.4194,0.1941,0.8248
6,2021-03-04,0.9724,0.1978,0.1081,0.3645,0.1511,0.8277
7,2021-03-04,0.9863,0.2598,0.139,0.4453,0.2039,0.89
8,2021-03-04,0.9686,0.3231,0.1705,0.4511,0.1303,0.8243
9,2021-03-04,0.9825,0.374,0.2037,0.462,0.0838,0.7088
10,2021-03-04,0.9961,0.2372,0.1261,0.4021,0.1603,0.805
11,2021-03-04,1.0,0.1929,0.1072,0.3655,0.1673,0.8917
12,2021-03-04,0.9829,0.3296,0.1764,0.4558,0.0998,0.6742
13,2021-03-04,0.9823,0.2851,0.1437,0.4099,0.143,0.9134
14,2021-03-04,0.9796,0.2369,0.1205,0.529,0.2946,0.961
15,2021-03-04,0.96,0.2762,0.1614,0.3972,0.1163,0.7731
16,2021-03-04,0.9838,0.2061,0.1161,0.3455,0.1256,0.8493
17,2021-03-04,0.9685,0.2614,0.1251,0.4708,0.252,0.9697
18,2021-03-04,0.9928,0.2629,0.1363,0.4868,0.2453,0.7814
19,2021-03-04,0.9798,0.1761,0.092,0.3597,0.0952,0.7585
20,2021-03-04,0.982,0.1934,0.1102,0.2773,0.0664,0.7363
21,2021-03-04,0.9889,0.2402,0.1337,0.4386,0.1258,0.8775
22,2021-03-04,0.9995,0.5552,0.3378,0.4448,-0.1329,0.2487
23,2021-03-04,0.9721,0.2942,0.1566,0.3911,0.0769,0.6915
24,2021-03-04,0.9528,0.1688,0.1002,0.2725,0.1151,0.6738
25,2021-03-04,0.988,0.4861,0.2965,0.3674,-0.0991,0.1531
1,2021-03-07,0.9797,0.2326,0.132,0.4413,0.1693,0.8012
2,2021-03-07,0.9864,0.3554,0.1559,0.5043,0.2139,0.8861
3,2021-03-07,0.9969,0.1838,0.0776,0.5427,0.359,0.9177
4,2021-03-07,0.997,0.2042,0.0848,0.4927,0.3079,0.8973
5,2021-03-07,0.9629,0.1995,0.0989,0.4534,0.2425,0.8195
6,2021-03-07,0.984,0.1803,0.0843,0.4211,0.2441,0.8547
7,2021-03-07,0.9957,0.2471,0.1112,0.519,0.3283,0.9356
8,2021-03-07,0.9907,0.2901,0.1371,0.4945,0.2402,0.8995
9,2021-03-07,0.9968,0.3668,0.1858,0.5199,0.1586,0.8062
10,2021-03-07,0.9982,0.231,0.1062,0.4545,0.2463,0.8643
11,2021-03-07,1.0,0.2049,0.1109,0.4235,0.2369,0.9301
12,2021-03-07,0.9892,0.3159,0.1576,0.5093,0.1709,0.7635
13,2021-03-07,0.9894,0.2623,0.1082,0.4657,0.2561,0.9541
14,2021-03-07,0.9921,0.2149,0.0886,0.6025,0.4446,0.9881
15,2021-03-07,0.9918,0.2757,0.1575,0.4519,0.1943,0.8505
16,2021-03-07,1.0,0.2178,0.1148,0.4181,0.2178,0.9209
17,2021-03-07,0.978,0.2221,0.0639,0.5721,0.4228,0.9836
18,2021-03-07,0.9898,0.2613,0.1323,0.5155,0.2708,0.7869
19,2021-03-07,0.9926,0.1863,0.0904,0.3787,0.1303,0.7945
20,2021-03-07,0.9889,0.195,0.099,0.3451,0.1449,0.8163
21,2021-03-07,0.9978,0.2438,0.1236,0.5168,0.2333,0.9529
22,2021-03-07,1.0,0.567,0.3303,0.4723,-0.0621,0.3893
23,2021-03-07,0.9833,0.2941,0.1604,0.4164,0.099,0.6966
24,2021-03-07,0.988,0.1836,0.1005,0.2599,0.1083,0.5789
25,2021-03-07,0.9989,0.5125,0.3057,0.4307,-0.0369,0.3709
1,2021-03-09,0.965,0.0571,-0.0481,0.3768,0.4065,0.9306
2,2021-03-09,0.9799,0.2119,0.0654,0.3631,0.2806,0.9929
3,2021-03-09,0.9994,0.0287,-0.1219,0.4667,0.5482,0.9463
4,2021-03-09,0.9328,-0.0069,-0.118,0.3507,0.4689,0.968
5,2021-03-09,0.766,0.013,-0.1034,0.3566,0.4606,0.9058
6,2021-03-09,0.9738,-0.0265,-0.1498,0.3616,0.4803,0.9161
7,2021-03-09,0.9697,0.0188,-0.1017,0.3704,0.4624,0.9986
8,2021-03-09,0.771,0.1598,0.0313,0.3513,0.3307,0.9935
9,2021-03-09,0.9818,0.2034,0.0623,0.4009,0.2808,0.9541
10,2021-03-09,0.9743,0.0304,-0.0761,0.339,0.3914,0.9876
11,2021-03-09,1.0,-0.0931,-0.2092,0.3811,0.5578,0.9986
12,2021-03-09,0.979,0.147,0.0402,0.3748,0.2916,0.9618
13,2021-03-09,0.9884,0.045,-0.073,0.3121,0.362,0.9936
14,2021-03-09,0.9851,-0.0462,-0.1756,0.4616,0.6014,0.9998
15,2021-03-09,0.9742,0.0662,-0.0529,0.386,0.4178,0.9896
16,2021-03-09,0.9977,-0.0409,-0.1519,0.3735,0.4866,0.9997
17,2021-03-09,0.9783,-0.0229,-0.1606,0.3833,0.5201,0.9964
18,2021-03-09,0.9878,0.1503,-0.0017,0.4533,0.4069,0.8766
19,2021-03-09,0.9676,0.0295,-0.0762,0.3357,0.3495,0.9445
20,2021-03-09,0.9643,-0.0236,-0.1301,0.3156,0.4107,0.9769
21,2021-03-09,0.9703,0.0683,-0.0406,0.3715,0.3506,0.9735
22,2021-03-09,1.0,0.4164,0.2533,0.3867,0.0852,0.8467
23,2021-03-09,0.8765,0.1333,0.0105,0.3444,0.2487,0.9184
24,2021-03-09,0.9522,0.0539,-0.0431,0.2826,0.339,0.6928
25,2021-03-09,0.9423,0.3414,0.1908,0.3039,0.0394,0.7321
1,2021-03-12,0.8587,0.1994,0.106,0.2928,0.0764,0.7401
2,2021-03-12,0.8826,0.3119,0.1669,0.3576,0.0864,0.8295
3,2021-03-12,0.9737,0.1868,0.1005,0.312,0.114,0.8241
4,2021-03-12,0.8942,0.2196,0.1155,0.3009,0.0847,0.8221
5,2021-03-12,0.8478,0.1799,0.0956,0.3038,0.1095,0.8056
6,2021-03-12,0.8786,0.1828,0.1,0.2456,0.0521,0.7224
7,2021-03-12,0.9512,0.2114,0.1003,0.3152,0.1241,0.8357
8,2021-03-12,0.8845,0.2572,0.132,0.3479,0.0993,0.8032
9,2021-03-12,0.904,0.3156,0.1743,0.329,0.0383,0.6398
10,2021-03-12,0.9736,0.2116,0.1098,0.2571,0.048,0.6385
11,2021-03-12,0.9901,0.1763,0.0919,0.2566,0.0854,0.8428
12,2021-03-12,0.9059,0.2737,0.1414,0.3548,0.1066,0.7827
13,2021-03-12,0.9054,0.2537,0.129,0.2677,0.0269,0.6419
14,2021-03-12,0.9162,0.2081,0.1012,0.3581,0.1744,0.936
15,2021-03-12,0.956,0.2346,0.1329,0.2926,0.0774,0.7815
16,2021-03-12,0.9909,0.1921,0.1026,0.2155,0.0257,0.6166
17,2021-03-12,0.8227,0.2263,0.1192,0.3283,0.1237,0.9588
18,2021-03-12,0.8383,0.239,0.1296,0.328,0.0887,0.7444
19,2021-03-12,0.9474,0.176,0.0976,0.2063,-0.0092,0.4535
20,2021-03-12,0.9391,0.188,0.1114,0.1433,-0.0632,0.1663
21,2021-03-12,0.9193,0.194,0.0946,0.2837,0.1217,0.8591
22,2021-03-12,0.9981,0.4005,0.2418,0.3803,0.0767,0.7734
23,2021-03-12,0.9363,0.25,0.1319,0.2659,-0.004,0.4867
24,2021-03-12,0.7718,0.1586,0.1002,0.1833,0.0203,0.5383
25,2021-03-12,0.9733,0.4281,0.2521,0.2927,-0.1098,0.1962
4,2021-03-14,0.004,0.1118,0.0468,0.2266,0.1185,1.0
1,2021-03-19,0.0091,0.2964,0.1656,0.355,0.0963,0.8189
2,2021-03-19,0.0693,0.3709,0.2247,0.3606,0.0493,0.9812
3,2021-03-19,0.0637,0.1941,0.074,0.48,0.3382,1.0
4,2021-03-19,0.0662,0.2168,0.1028,0.3992,0.2243,1.0
5,2021-03-19,0.0506,0.1709,0.0754,0.3563,0.2057,0.9968
7,2021-03-19,0.0627,0.2736,0.1363,0.457,0.242,1.0
8,2021-03-19,0.0153,0.3733,0.2274,0.3597,0.0477,1.0
9,2021-03-19,0.2712,0.3542,0.2028,0.3985,0.0868,0.9619
11,2021-03-19,0.0147,0.1598,0.0737,0.3352,0.1978,0.988
12,2021-03-19,0.1956,0.3684,0.2188,0.3774,0.0658,0.9276
14,2021-03-19,0.152,0.2942,0.1474,0.4789,0.2694,1.0
18,2021-03-19,0.1081,0.3448,0.199,0.3861,0.0583,0.757
21,2021-03-19,0.0745,0.3396,0.1924,0.3801,0.0917,1.0
22,2021-03-19,0.6252,0.3826,0.2354,0.369,0.0615,1.0
1,2021-03-22,0.3873,0.2737,0.15,0.3717,0.1159,0.8293
2,2021-03-22,0.6896,0.3398,0.182,0.3978,0.1032,0.8744
3,2021-03-22,0.8198,0.1812,0.082,0.4432,0.2451,0.9232
4,2021-03-22,0.357,0.2135,0.1009,0.4026,0.2141,0.9631
5,2021-03-22,0.6662,0.1824,0.0902,0.3813,0.188,0.8804
6,2021-03-22,0.1107,0.1982,0.1016,0.3567,0.149,0.95
7,2021-03-22,0.7247,0.2405,0.1156,0.4196,0.2331,0.9559
8,2021-03-22,0.5365,0.296,0.1421,0.4064,0.1538,0.896
9,2021-03-22,0.8115,0.3442,0.1811,0.4296,0.108,0.8021
10,2021-03-22,0.7286,0.1986,0.0973,0.3511,0.159,0.8535
11,2021-03-22,0.5935,0.1842,0.0965,0.3393,0.1602,0.9222
12,2021-03-22,0.8173,0.3094,0.158,0.4129,0.1057,0.7675
13,2021-03-22,0.6299,0.2368,0.1117,0.3659,0.1567,0.9544
14,2021-03-22,0.8348,0.2226,0.0994,0.4981,0.3055,0.9856
15,2021-03-22,0.6084,0.2688,0.1459,0.3657,0.1242,0.8532
16,2021-03-22,0.336,0.2093,0.1061,0.3329,0.126,0.8944
17,2021-03-22,0.8154,0.2048,0.0862,0.4083,0.2475,0.9933
18,2021-03-22,0.7053,0.2437,0.1269,0.4073,0.1599,0.7758
19,2021-03-22,0.3554,0.3156,0.156,0.3655,0.0572,0.7561
20,2021-03-22,0.2049,0.1691,0.084,0.2525,0.0746,0.7971
21,2021-03-22,0.2791,0.3774,0.207,0.4347,0.1107,0.9952
22,2021-03-22,1.0,0.4353,0.2569,0.4013,0.0236,0.5673
23,2021-03-22,0.2146,0.364,0.2132,0.3228,-0.0458,0.3539
24,2021-03-22,0.2857,0.1292,0.0878,-0.0307,-0.1759,0.0857
25,2021-03-22,0.6719,0.3933,0.2406,0.309,-0.0635,0.0988
1,2021-03-24,0.9857,0.1252,0.0218,0.4319,0.3497,0.9082
2,2021-03-24,0.9956,0.2516,0.0853,0.3989,0.2529,0.9559
3,2021-03-24,0.9983,0.0775,-0.059,0.5274,0.5418,0.9465
4,2021-03-24,0.9948,0.0646,-0.0732,0.4089,0.4561,0.9289
5,2021-03-24,0.9588,0.1034,0.0015,0.432,0.385,0.9003
6,2021-03-24,0.9895,0.061,-0.0645,0.4265,0.4572,0.9036
7,2021-03-24,0.9839,0.0951,-0.0513,0.4548,0.455,0.995
8,2021-03-24,0.9849,0.1913,0.0523,0.392,0.3077,0.9518
9,2021-03-24,0.9904,0.2634,0.1093,0.4442,0.2287,0.9104
10,2021-03-24,0.9917,0.1211,-0.0039,0.4268,0.364,0.9716
11,2021-03-24,0.9995,0.082,-0.0366,0.5112,0.518,0.995
12,2021-03-24,0.9734,0.1985,0.0799,0.4219,0.2508,0.8904
13,2021-03-24,0.9968,0.093,-0.05,0.3851,0.3778,0.9926
14,2021-03-24,0.9993,0.0373,-0.1112,0.5688,0.6306,0.9986
15,2021-03-24,0.9945,0.1716,0.0392,0.4998,0.4022,0.9528
16,2021-03-24,0.9995,0.1097,-0.0003,0.4685,0.4145,0.9942
17,2021-03-24,0.9742,0.0752,-0.0883,0.5155,0.5275,0.9933
18,2021-03-24,0.9898,0.1723,0.0305,0.5138,0.4078,0.8665
19,2021-03-24,0.9792,0.1034,0.0153,0.3602,0.2708,0.9106
20,2021-03-24,0.9902,0.0823,-0.0305,0.3908,0.3622,0.9679
21,2021-03-24,0.9965,0.1336,0.0207,0.4251,0.3257,0.9737
22,2021-03-24,1.0,0.4639,0.2748,0.4024,0.0034,0.5047
23,2021-03-24,0.952,0.1846,0.0661,0.3987,0.2216,0.8384
24,2021-03-24,0.9761,0.1136,0.0274,0.3073,0.2332,0.6857
25,2021-03-24,0.9908,0.3699,0.1979,0.3379,0.0339,0.6348
1,2021-03-27,0.6507,0.0504,-0.0874,0.4391,0.5163,0.9716
2,2021-03-27,0.8231,0.3181,0.1345,0.4272,0.2222,0.9395
3,2021-03-27,0.3438,-0.0726,-0.2142,0.5405,0.6972,0.9981
4,2021-03-27,0.5211,0.0344,-0.1194,0.4455,0.5296,0.9741
5,2021-03-27,0.423,0.0452,-0.0981,0.4267,0.4926,0.8899
6,2021-03-27,0.3484,-0.016,-0.1554,0.476,0.5865,0.9493
7,2021-03-27,0.6792,0.0305,-0.1023,0.4332,0.5133,0.9988
8,2021-03-27,0.6429,0.2437,0.0904,0.4238,0.3043,0.9308
9,2021-03-27,0.6084,0.3466,0.1572,0.4521,0.2214,0.8896
10,2021-03-27,0.3643,0.1331,0.0245,0.4223,0.4081,0.983
11,2021-03-27,0.8715,-0.1503,-0.2675,0.4601,0.6698,0.9996
12,2021-03-27,0.7135,0.2636,0.1109,0.4136,0.2371,0.9013
13,2021-03-27,0.2772,0.2351,0.0766,0.4132,0.2969,0.9642
14,2021-03-27,0.9102,-0.0721,-0.2029,0.4822,0.6589,0.9982
15,2021-03-27,0.8125,0.0049,-0.1168,0.4178,0.5144,0.9861
16,2021-03-27,0.7719,-0.1192,-0.2413,0.4018,0.6054,0.9993
17,2021-03-27,0.1143,0.2443,0.1087,0.4093,0.2741,0.9881
18,2021-03-27,0.1877,0.3727,0.168,0.443,0.0783,0.704
19,2021-03-27,0.3928,0.2947,0.135,0.3725,0.1423,0.9033
20,2021-03-27,0.3699,-0.0658,-0.198,0.4309,0.5802,0.9929
21,2021-03-27,0.7072,0.1398,-0.0203,0.4398,0.427,1.0
22,2021-03-27,1.0,0.5001,0.3068,0.4097,-0.0471,0.4079
23,2021-03-27,0.3239,0.347,0.162,0.3821,0.1207,0.6657
24,2021-03-27,0.3682,0.1435,0.1004,0.0124,-0.1381,0.0757
25,2021-03-27,0.9559,0.3899,0.2155,0.3548,0.0553,0.757
1,2021-03-29,0.2686,0.295,0.1515,0.3756,0.1187,0.8552
2,2021-03-29,0.4131,0.4401,0.2492,0.4052,0.001,0.504
3,2021-03-29,0.6618,0.205,0.0959,0.4495,0.2698,0.9763
4,2021-03-29,0.3119,0.2603,0.1315,0.3945,0.1697,0.9626
5,2021-03-29,0.3666,0.2028,0.097,0.398,0.2037,0.8705
6,2021-03-29,0.1275,0.1984,0.0967,0.3671,0.1731,0.973
7,2021-03-29,0.4262,0.2673,0.1294,0.4079,0.1887,0.9271
8,2021-03-29,0.2871,0.3795,0.2088,0.4153,0.0946,0.7776
9,2021-03-29,0.6332,0.3951,0.2101,0.4273,0.0697,0.706
10,2021-03-29,0.125,0.3044,0.1467,0.3755,0.0548,0.6728
11,2021-03-29,0.1906,0.1895,0.0986,0.3456,0.1564,0.9171
12,2021-03-29,0.7649,0.3178,0.1586,0.4102,0.1207,0.7385
13,2021-03-29,0.099,0.3592,0.1828,0.3989,0.108,0.806
14,2021-03-29,0.7502,0.2352,0.1115,0.4583,0.2547,0.9718
15,2021-03-29,0.3706,0.2817,0.1443,0.3707,0.1212,0.8383
16,2021-03-29,0.1277,0.2314,0.1157,0.3371,0.1035,0.8175
17,2021-03-29,0.0592,0.2717,0.1337,0.4116,0.2001,0.9817
18,2021-03-29,0.6937,0.2547,0.1251,0.4409,0.2151,0.8442
19,2021-03-29,0.1039,0.4339,0.2663,0.3649,-0.0567,0.2086
20,2021-03-29,0.0498,0.274,0.1438,0.2996,0.0349,0.6513
21,2021-03-29,0.3722,0.3884,0.2033,0.435,0.111,0.9774
22,2021-03-29,0.9477,0.5084,0.3007,0.4051,-0.0951,0.2825
23,2021-03-29,0.1186,0.4403,0.2647,0.3565,-0.0566,0.1157
24,2021-03-29,0.3244,0.1571,0.0931,0.164,0.0185,0.5456
25,2021-03-29,0.5794,0.4353,0.2644,0.3244,-0.086,0.1793
1,2021-04-01,0.9821,0.2323,0.125,0.3485,0.0931,0.7716
2,2021-04-01,0.9238,0.3588,0.1894,0.399,0.076,0.7347
3,2021-04-01,0.9962,0.1906,0.072,0.4896,0.3305,0.9746
4,2021-04-01,0.9723,0.2349,0.1166,0.3806,0.1631,0.9373
5,2021-04-01,0.8802,0.2063,0.1014,0.3945,0.1957,0.8849
6,2021-04-01,0.9573,0.1953,0.0923,0.3564,0.1741,0.8892
7,2021-04-01,0.9327,0.2601,0.1307,0.4068,0.1843,0.901
8,2021-04-01,0.9603,0.2981,0.1548,0.4001,0.1112,0.8354
9,2021-04-01,0.9084,0.361,0.1911,0.4377,0.0988,0.7581
10,2021-04-01,0.9471,0.2318,0.1125,0.3726,0.1567,0.835
11,2021-04-01,0.9998,0.1997,0.1012,0.3451,0.162,0.9112
12,2021-04-01,0.8774,0.3114,0.1615,0.4245,0.1121,0.7321
13,2021-04-01,0.9168,0.2648,0.1285,0.3795,0.1378,0.939
14,2021-04-01,0.9508,0.2424,0.1132,0.5035,0.2821,0.9778
15,2021-04-01,0.9439,0.2699,0.15,0.3643,0.1089,0.7953
16,2021-04-01,0.9417,0.206,0.1061,0.3091,0.1111,0.8778
17,2021-04-01,0.9479,0.2488,0.1177,0.4221,0.2142,0.988
18,2021-04-01,0.8988,0.2508,0.1181,0.4763,0.2685,0.8628
19,2021-04-01,0.9798,0.1712,0.0786,0.3487,0.1217,0.8618
20,2021-04-01,0.9689,0.1926,0.0972,0.2598,0.0775,0.7956
21,2021-04-01,1.0,0.2289,0.1206,0.4107,0.132,0.9255
22,2021-04-01,0.9766,0.5114,0.3138,0.4085,-0.0989,0.2632
23,2021-04-01,0.9623,0.2659,0.1349,0.3493,0.074,0.7088
24,2021-04-01,0.8782,0.1578,0.0768,0.2868,0.1412,0.8017
25,2021-04-01,0.969,0.3977,0.2382,0.3069,-0.0643,0.1645
1,2021-04-03,0.0533,0.4079,0.2385,0.4048,0.0433,0.7039
2,2021-04-03,0.4057,0.4178,0.2346,0.421,0.0502,0.7473
3,2021-04-03,0.0283,0.389,0.2029,0.5088,0.237,1.0
5,2021-04-03,0.0622,0.3838,0.2201,0.4027,0.0289,0.6464
6,2021-04-03,0.0259,0.3866,0.2066,0.428,0.1428,0.9755
7,2021-04-03,0.0569,0.3898,0.2137,0.4222,0.1173,0.9494
8,2021-04-03,0.1683,0.4161,0.2359,0.4219,0.0726,0.755
9,2021-04-03,0.316,0.4424,0.2533,0.4603,0.088,0.8478
10,2021-04-03,0.0421,0.4137,0.2504,0.3978,0.0239,0.7059
11,2021-04-03,0.0186,0.4292,0.2495,0.39,0.0153,0.6286
12,2021-04-03,0.344,0.439,0.2571,0.4237,0.0354,0.6887
13,2021-04-03,0.041,0.3767,0.202,0.409,0.1098,0.933
14,2021-04-03,0.0809,0.4329,0.2228,0.5329,0.2113,1.0
15,2021-04-03,0.0999,0.4359,0.2526,0.3937,0.0036,0.5229
16,2021-04-03,0.0175,0.4256,0.2653,0.3982,0.0136,0.6377
18,2021-04-03,0.1059,0.4536,0.2459,0.4513,0.0398,0.6893
19,2021-04-03,0.1351,0.3878,0.2098,0.3851,0.0623,0.9692
21,2021-04-03,0.134,0.4281,0.2427,0.4624,0.1015,1.0
22,2021-04-03,0.8995,0.4954,0.3028,0.4045,-0.0763,0.3003
23,2021-04-03,0.1137,0.4219,0.2559,0.3648,-0.0183,0.3319
24,2021-04-03,0.2163,0.1208,0.0683,0.1871,0.0988,0.9368
25,2021-04-03,0.4668,0.4236,0.2634,0.3204,-0.0755,0.0361
1,2021-04-06,0.9634,0.2063,0.0998,0.4539,0.2335,0.8377
2,2021-04-06,0.9805,0.3246,0.1175,0.4789,0.2479,0.9033
3,2021-04-06,0.9932,0.1657,0.0547,0.5516,0.3931,0.9293
4,2021-04-06,0.9712,0.1502,0.0084,0.5042,0.4468,0.9132
5,2021-04-06,0.9196,0.1714,0.062,0.4708,0.3213,0.8704
6,2021-04-06,0.9304,0.1611,0.051,0.4445,0.3272,0.8696
7,2021-04-06,0.9535,0.2104,0.0468,0.5318,0.4131,0.9592
8,2021-04-06,0.9666,0.2721,0.106,0.4763,0.2832,0.9054
9,2021-04-06,0.9854,0.3429,0.1573,0.5036,0.1754,0.8003
10,2021-04-06,0.895,0.2034,0.068,0.4745,0.3232,0.9064
11,2021-04-06,1.0,0.1782,0.0759,0.4564,0.3242,0.9631
12,2021-04-06,0.9728,0.2802,0.1233,0.4932,0.2132,0.7972
13,2021-04-06,1.0,0.1891,0.027,0.4759,0.3776,0.9802
14,2021-04-06,0.9957,0.179,0.0374,0.613,0.5159,0.9824
15,2021-04-06,0.9451,0.26,0.1339,0.4687,0.2556,0.8841
16,2021-04-06,0.9995,0.1884,0.0817,0.4393,0.2809,0.9602
17,2021-04-06,0.9742,0.1804,0.0033,0.6084,0.5161,0.9861
18,2021-04-06,0.9649,0.256,0.1196,0.5019,0.2558,0.7734
19,2021-04-06,0.9284,0.1663,0.0669,0.3788,0.162,0.873
20,2021-04-06,0.9722,0.1714,0.0642,0.3859,0.2407,0.9007
21,2021-04-06,0.9978,0.2185,0.0855,0.5178,0.2956,0.9595
22,2021-04-06,0.9972,0.5783,0.3268,0.4377,-0.0891,0.366
23,2021-04-06,0.9378,0.2677,0.1309,0.3855,0.1258,0.7017
24,2021-04-06,0.8708,0.1542,0.0669,0.2632,0.139,0.5784
25,2021-04-06,0.9984,0.459,0.2526,0.4156,0.0201,0.5689
1,2021-04-08,0.8585,0.0962,-0.059,0.4913,0.5089,0.9502
2,2021-04-08,0.9631,0.3476,0.13,0.4553,0.2258,0.8849
3,2021-04-08,0.7699,0.1357,-0.0113,0.544,0.4904,0.9866
4,2021-04-08,0.9209,0.0996,-0.0773,0.4788,0.5313,0.9397
5,2021-04-08,0.8844,0.1091,-0.0404,0.4979,0.4961,0.8777
6,2021-04-08,0.7891,0.0745,-0.0896,0.5228,0.5646,0.9765
7,2021-04-08,0.9384,0.0531,-0.1147,0.4904,0.5703,0.9885
8,2021-04-08,0.9263,0.2503,0.0717,0.4763,0.3553,0.9232
9,2021-04-08,0.9605,0.2993,0.1204,0.488,0.2409,0.851
10,2021-04-08,0.969,0.1,-0.0656,0.4823,0.499,0.9478
11,2021-04-08,0.9908,-0.0776,-0.2289,0.6045,0.7561,0.9919
12,2021-04-08,0.9234,0.2455,0.0945,0.4527,0.2508,0.8707
13,2021-04-08,0.9641,0.1913,0.0223,0.4545,0.3727,0.9501
14,2021-04-08,0.9962,0.0121,-0.1406,0.5592,0.6717,0.9848
15,2021-04-08,0.9694,0.0778,-0.082,0.5148,0.5564,0.9647
16,2021-04-08,0.9954,-0.0461,-0.1948,0.5629,0.6863,0.9936
17,2021-04-08,0.9359,0.2334,0.0834,0.4763,0.3238,0.989
18,2021-04-08,0.8756,0.2363,0.1071,0.3684,0.1439,0.7531
19,2021-04-08,0.7556,0.1298,-0.0009,0.4246,0.3201,0.9128
20,2021-04-08,0.8573,0.0681,-0.0819,0.4631,0.4775,0.9351
21,2021-04-08,0.9512,0.1098,-0.035,0.4793,0.4163,0.9785
22,2021-04-08,1.0,0.5905,0.3396,0.4418,-0.1012,0.3346
23,2021-04-08,0.6712,0.189,0.0193,0.4548,0.3892,0.7774
24,2021-04-08,0.8571,0.1563,0.072,0.2226,0.0932,0.5764
25,2021-04-08,0.9412,0.4528,0.2305,0.3838,0.0494,0.652
1,2021-04-11,0.7483,0.2242,0.1189,0.3017,0.0621,0.7202
2,2021-04-11,0.803,0.3354,0.1814,0.3461,0.0338,0.6245
3,2021-04-11,0.9054,0.1847,0.0952,0.3508,0.1469,0.8545
4,2021-04-11,0.8234,0.2215,0.1151,0.3166,0.0987,0.8747
5,2021-04-11,0.7933,0.1819,0.0916,0.3238,0.1308,0.8402
6,2021-04-11,0.7364,0.1833,0.0954,0.2791,0.0815,0.8146
7,2021-04-11,0.8977,0.2316,0.1153,0.3268,0.1142,0.8432
8,2021-04-11,0.8252,0.2699,0.141,0.3415,0.0729,0.7687
9,2021-04-11,0.8741,0.3251,0.1781,0.3557,0.0265,0.5896
10,2021-04-11,0.929,0.2038,0.1029,0.2877,0.0827,0.7309
11,2021-04-11,0.8852,0.1783,0.0929,0.2793,0.1076,0.8899
12,2021-04-11,0.8543,0.2711,0.1401,0.3466,0.0675,0.6667
13,2021-04-11,0.9096,0.2366,0.1186,0.2929,0.063,0.8027
14,2021-04-11,0.8967,0.2216,0.108,0.3922,0.1911,0.9347
15,2021-04-11,0.8939,0.2391,0.1323,0.3062,0.0746,0.773
16,2021-04-11,0.7494,0.1835,0.0956,0.252,0.0733,0.8123
17,2021-04-11,0.8979,0.2234,0.113,0.34,0.1295,0.9646
18,2021-04-11,0.8142,0.2308,0.1242,0.3498,0.1026,0.7124
19,2021-04-11,0.5116,0.2255,0.1074,0.2884,0.0154,0.5676
20,2021-04-11,0.9234,0.1765,0.0958,0.1809,-0.0053,0.469
21,2021-04-11,0.7937,0.2253,0.1154,0.323,0.0611,0.7803
22,2021-04-11,0.978,0.43,0.2612,0.3523,-0.036,0.3908
23,2021-04-11,0.7109,0.2483,0.1318,0.2736,0.0012,0.5065
24,2021-04-11,0.638,0.1384,0.0815,0.2275,0.078,0.6601
25,2021-04-11,0.8716,0.3747,0.2218,0.2727,-0.0801,0.1386
1,2021-04-13,0.739,0.225,0.1217,0.3085,0.065,0.7404
2,2021-04-13,0.583,0.3532,0.1939,0.3584,0.0255,0.586
3,2021-04-13,0.9162,0.1786,0.0925,0.3545,0.1469,0.8503
4,2021-04-13,0.9052,0.2239,0.1181,0.3246,0.0998,0.862
5,2021-04-13,0.829,0.1886,0.0953,0.3396,0.1333,0.8416
6,2021-04-13,0.8271,0.1817,0.0969,0.2906,0.0871,0.8208
7,2021-04-13,0.8615,0.2269,0.1163,0.3426,0.1191,0.8796
8,2021-04-13,0.6031,0.2773,0.1465,0.3626,0.1013,0.825
9,2021-04-13,0.902,0.3239,0.1757,0.3577,0.0261,0.59
10,2021-04-13,0.8531,0.2067,0.1108,0.3074,0.0854,0.7346
11,2021-04-13,0.9427,0.1786,0.0974,0.2865,0.1021,0.8665
12,2021-04-13,0.8523,0.2788,0.1473,0.3565,0.045,0.5975
13,2021-04-13,0.8898,0.2447,0.1273,0.31,0.0695,0.8292
14,2021-04-13,0.8898,0.2181,0.1115,0.3941,0.1791,0.9325
15,2021-04-13,0.827,0.2395,0.1337,0.3186,0.0784,0.7532
16,2021-04-13,0.8462,0.1846,0.0997,0.2508,0.0492,0.7269
17,2021-04-13,0.7915,0.2277,0.1171,0.3587,0.1474,0.9667
18,2021-04-13,0.8325,0.2262,0.1217,0.3578,0.1093,0.7164
19,2021-04-13,0.7233,0.1843,0.0942,0.2836,0.0261,0.5977
20,2021-04-13,0.8926,0.1747,0.0969,0.1922,0.0043,0.5277
21,2021-04-13,0.9259,0.2225,0.1159,0.3307,0.0559,0.7494
22,2021-04-13,0.85,0.4687,0.2894,0.3704,-0.0762,0.2106
23,2021-04-13,0.6428,0.2381,0.1207,0.2826,0.028,0.5747
24,2021-04-13,0.5908,0.1401,0.0756,0.2535,0.107,0.7775
25,2021-04-13,0.8248,0.3782,0.2244,0.2641,-0.0973,0.0534
1,2021-04-16,0.0365,0.3827,0.2286,0.3729,0.0231,0.6201
2,2021-04-16,0.2267,0.3669,0.2159,0.381,0.0462,0.8911
3,2021-04-16,0.0187,0.3874,0.2368,0.4627,0.1594,1.0
5,2021-04-16,0.0307,0.3656,0.2148,0.3908,0.056,0.8976
6,2021-04-16,0.0082,0.368,0.2217,0.4071,0.0875,0.9222
7,2021-04-16,0.0239,0.357,0.2112,0.3776,0.0747,0.8798
8,2021-04-16,0.0724,0.3768,0.2181,0.3827,0.0445,0.892
9,2021-04-16,0.2392,0.4045,0.2378,0.4291,0.0866,0.9076
10,2021-04-16,0.0283,0.3847,0.2316,0.3713,0.0152,0.675
11,2021-04-16,0.0135,0.3871,0.2436,0.3617,-0.0027,0.4868
12,2021-04-16,0.2712,0.3926,0.229,0.3968,0.0411,0.7933
13,2021-04-16,0.0169,0.3767,0.2336,0.3944,0.0594,0.8875
14,2021-04-16,0.0569,0.4088,0.2359,0.4963,0.1673,1.0
15,2021-04-16,0.0777,0.4069,0.2466,0.3712,0.003,0.5201
16,2021-04-16,0.0129,0.3995,0.2549,0.3645,0.0076,0.5294
18,2021-04-16,0.0854,0.4006,0.2209,0.4285,0.0761,0.822
19,2021-04-16,0.0119,0.1246,0.0968,0.0706,-0.0405,0.275
21,2021-04-16,0.0586,0.3899,0.2257,0.4093,0.0669,0.9848
22,2021-04-16,0.6939,0.4147,0.2528,0.4076,0.0448,0.9811
23,2021-04-16,0.098,0.3717,0.2377,0.3345,-0.0079,0.4
24,2021-04-16,0.0239,0.1155,0.08,0.1342,0.007,0.5
25,2021-04-16,0.4238,0.374,0.2419,0.2943,-0.0498,0.0347
2,2021-04-18,0.0056,0.4107,0.2554,0.3461,-0.0152,0.2308
9,2021-04-18,0.0327,0.4099,0.2417,0.3759,0.0415,0.8596
22,2021-04-18,0.335,0.4104,0.2534,0.3751,0.0254,0.9707
1,2021-04-21,0.0708,0.3774,0.2193,0.3834,-0.0081,0.4746
2,2021-04-21,0.3723,0.4081,0.2341,0.3875,0.0154,0.58
3,2021-04-21,0.0362,0.3868,0.2051,0.4801,0.2175,0.99
4,2021-04-21,0.0131,0.1549,0.1063,-0.0254,-0.197,0.2
5,2021-04-21,0.0864,0.2883,0.161,0.3687,-0.0677,0.3377
6,2021-04-21,0.0325,0.3796,0.1992,0.4228,0.0904,0.6936
7,2021-04-21,0.073,0.3791,0.186,0.4315,0.1313,0.9227
8,2021-04-21,0.1777,0.4082,0.23,0.3941,0.0512,0.6631
9,2021-04-21,0.3339,0.4382,0.2473,0.449,0.0846,0.7799
10,2021-04-21,0.0853,0.4068,0.2309,0.3929,0.0353,0.6494
11,2021-04-21,0.0319,0.4224,0.2385,0.3918,0.0336,0.6556
12,2021-04-21,0.3738,0.4406,0.2523,0.4033,0.0117,0.5506
13,2021-04-21,0.0714,0.366,0.1909,0.4308,0.1329,0.8964
14,2021-04-21,0.0994,0.4146,0.2108,0.5285,0.2318,1.0
15,2021-04-21,0.1213,0.4388,0.2412,0.3946,0.0294,0.6111
16,2021-04-21,0.0532,0.4093,0.232,0.4149,0.075,0.7905
17,2021-04-21,0.0149,0.3892,0.2431,0.4239,0.0904,0.9091
18,2021-04-21,0.1012,0.4616,0.2612,0.3885,-0.0789,0.2131
19,2021-04-21,0.193,0.3773,0.2021,0.3939,0.0581,0.7862
20,2021-04-21,0.0115,0.3711,0.2277,0.3581,0.0307,0.6571
21,2021-04-21,0.1074,0.4154,0.2328,0.4458,0.1031,0.9876
22,2021-04-21,0.9009,0.5051,0.3087,0.3899,-0.106,0.2687
23,2021-04-21,0.144,0.4261,0.2541,0.3467,-0.0477,0.2245
24,2021-04-21,0.2595,0.1384,0.1032,-0.0538,-0.2048,0.0
25,2021-04-21,0.6736,0.4209,0.256,0.3304,-0.0559,0.1502
1,2021-04-23,0.1431,0.2305,0.0875,0.4024,0.2843,0.9363
2,2021-04-23,0.6615,0.287,0.1157,0.3799,0.2231,0.9716
3,2021-04-23,0.1625,0.0823,-0.0673,0.599,0.6061,0.9996
4,2021-04-23,0.3048,0.0264,-0.1131,0.4019,0.5058,0.9745
5,2021-04-23,0.2451,0.112,0.003,0.4346,0.41,0.8787
6,2021-04-23,0.0321,0.3171,0.1488,0.3976,0.1847,0.8983
7,2021-04-23,0.2077,0.2157,0.0594,0.4342,0.3221,0.9994
8,2021-04-23,0.3979,0.2482,0.0953,0.3831,0.2699,0.9662
9,2021-04-23,0.358,0.3702,0.1742,0.4185,0.1553,0.9022
10,2021-04-23,0.0843,0.3262,0.1647,0.3868,0.1727,0.9538
11,2021-04-23,0.0809,0.1596,0.0438,0.46,0.4127,1.0
12,2021-04-23,0.5629,0.3117,0.1412,0.3993,0.1844,0.9345
13,2021-04-23,0.1138,0.2584,0.1071,0.3676,0.2381,0.9981
14,2021-04-23,0.6371,0.1132,-0.0506,0.56,0.5526,1.0
15,2021-04-23,0.2253,0.2657,0.1259,0.4016,0.2371,0.9701
16,2021-04-23,0.0514,0.3217,0.1583,0.3963,0.2015,0.9852
17,2021-04-23,0.0898,0.1386,0.039,0.3965,0.3019,1.0
18,2021-04-23,0.076,0.4416,0.2426,0.4277,0.0169,0.5382
19,2021-04-23,0.1678,0.3326,0.1686,0.3236,0.0597,0.8177
21,2021-04-23,0.2107,0.3171,0.1204,0.412,0.2356,1.0
22,2021-04-23,0.9995,0.446,0.2571,0.3771,0.0092,0.5161
23,2021-04-23,0.0686,0.4211,0.2592,0.297,-0.0928,0.0571
24,2021-04-23,0.2339,0.1158,0.0899,-0.0572,-0.1832,0.0122
25,2021-04-23,0.5392,0.3774,0.2084,0.3258,0.0241,0.6912
1,2021-04-26,0.0535,0.2985,0.1535,0.3571,0.1261,0.8711
2,2021-04-26,0.22,0.3609,0.2145,0.3506,0.0305,0.7864
3,2021-04-26,0.0182,0.4002,0.2442,0.4168,0.083,0.9167
4,2021-04-26,0.0029,0.1035,0.0828,-0.0291,-0.1674,0.0
5,2021-04-26,0.0422,0.319,0.1829,0.3463,0.0491,0.696
6,2021-04-26,0.0151,0.3148,0.1642,0.3583,0.12,0.8503
7,2021-04-26,0.0432,0.296,0.1296,0.3692,0.1312,0.912
8,2021-04-26,0.084,0.357,0.205,0.3506,0.0545,0.8226
9,2021-04-26,0.2709,0.368,0.2096,0.393,0.097,0.8638
10,2021-04-26,0.0349,0.3574,0.2112,0.3361,0.0594,0.7411
11,2021-04-26,0.0275,0.3413,0.1833,0.3353,0.0804,0.929
12,2021-04-26,0.2995,0.3497,0.1866,0.3618,0.094,0.7948
13,2021-04-26,0.0093,0.385,0.2433,0.3551,0.0066,0.5227
14,2021-04-26,0.0624,0.395,0.2149,0.4554,0.1762,0.9885
15,2021-04-26,0.1073,0.3476,0.1924,0.347,0.079,0.8206
16,2021-04-26,0.0335,0.2953,0.1738,0.3348,0.1293,0.8864
18,2021-04-26,0.0793,0.4033,0.2296,0.3676,-0.0158,0.439
19,2021-04-26,0.0439,0.1208,0.0893,-0.0365,-0.1627,0.277
21,2021-04-26,0.0639,0.3257,0.1475,0.4062,0.1762,1.0
22,2021-04-26,0.8266,0.3837,0.2321,0.3558,0.061,0.8027
23,2021-04-26,0.099,0.3798,0.2369,0.3031,-0.0479,0.099
24,2021-04-26,0.1042,0.0975,0.0817,-0.0329,-0.1685,0.0
25,2021-04-26,0.5005,0.3606,0.2246,0.3123,0.0115,0.5663
1,2021-05-01,0.2182,0.2767,0.1443,0.3538,0.0974,0.8339
2,2021-05-01,0.4055,0.3299,0.1883,0.3642,0.0784,0.9189
3,2021-05-01,0.8238,0.1611,0.056,0.478,0.3375,0.9883
4,2021-05-01,0.3864,0.2195,0.116,0.3632,0.1528,0.9567
5,2021-05-01,0.58,0.1865,0.0977,0.3541,0.1552,0.9221
6,2021-05-01,0.3861,0.1767,0.0793,0.3667,0.1903,0.9714
7,2021-05-01,0.7779,0.2434,0.1288,0.3727,0.1499,0.91
8,2021-05-01,0.2633,0.2761,0.145,0.3751,0.1299,0.9521
9,2021-05-01,0.713,0.3427,0.1879,0.4163,0.0922,0.8188
10,2021-05-01,0.5918,0.2095,0.1112,0.3452,0.1116,0.8017
11,2021-05-01,0.4956,0.1878,0.0993,0.3416,0.1483,0.9158
12,2021-05-01,0.8449,0.2735,0.149,0.3769,0.0912,0.7932
13,2021-05-01,0.4524,0.2418,0.1227,0.3578,0.1194,0.9491
14,2021-05-01,0.9169,0.2092,0.101,0.4723,0.2577,0.9942
15,2021-05-01,0.4402,0.2449,0.1318,0.3446,0.1044,0.7961
16,2021-05-01,0.2304,0.2352,0.1291,0.3113,0.0675,0.813
17,2021-05-01,0.4574,0.2003,0.094,0.3703,0.1823,0.9988
18,2021-05-01,0.9312,0.2107,0.1032,0.4365,0.2327,0.8875
19,2021-05-01,0.3177,0.299,0.1514,0.3866,0.0923,0.9308
20,2021-05-01,0.3722,0.1654,0.0864,0.2588,0.0986,0.8734
21,2021-05-01,0.2103,0.2218,0.1117,0.4061,0.1184,0.9705
22,2021-05-01,0.9117,0.4212,0.2589,0.3745,0.0152,0.6146
23,2021-05-01,0.3978,0.3031,0.1627,0.3606,0.0588,0.7722
24,2021-05-01,0.0837,0.1179,0.0536,0.2516,0.1435,0.9524
25,2021-05-01,0.71,0.378,0.2306,0.2858,-0.0566,0.0782
1,2021-05-03,0.8138,0.2379,0.1182,0.4084,0.1752,0.908
2,2021-05-03,0.9539,0.3202,0.1362,0.4291,0.181,0.9021
3,2021-05-03,0.9754,0.0977,-0.0387,0.5446,0.5211,0.9963
4,2021-05-03,0.97,0.1682,0.0468,0.4605,0.329,0.9951
5,2021-05-03,0.9187,0.1647,0.0673,0.4359,0.2697,0.9448
6,2021-05-03,0.9222,0.1121,-0.0109,0.433,0.3887,0.9878
7,2021-05-03,0.8866,0.2321,0.0974,0.4854,0.299,0.9679
8,2021-05-03,0.8435,0.2785,0.1255,0.4565,0.2193,0.9158
9,2021-05-03,0.9531,0.3313,0.1588,0.4746,0.165,0.883
10,2021-05-03,0.7293,0.2144,0.0954,0.43,0.2408,0.9141
11,2021-05-03,0.6319,0.1766,0.0795,0.4233,0.274,0.9542
12,2021-05-03,0.9685,0.2714,0.1236,0.4504,0.1862,0.8483
13,2021-05-03,0.9441,0.2022,0.0551,0.4284,0.2883,0.9879
14,2021-05-03,0.9827,0.1764,0.0381,0.5801,0.4618,0.9919
15,2021-05-03,0.857,0.2517,0.1356,0.3975,0.1603,0.8823
16,2021-05-03,0.3046,0.2094,0.099,0.3993,0.1847,0.9218
17,2021-05-03,0.9555,0.1842,0.0241,0.5397,0.4253,0.9855
18,2021-05-03,0.9826,0.1974,0.0604,0.5157,0.3776,0.9049
19,2021-05-03,0.3373,0.29,0.1303,0.3963,0.1297,0.8979
20,2021-05-03,0.7336,0.1616,0.0531,0.3906,0.2466,0.9424
21,2021-05-03,0.9343,0.2339,0.1104,0.485,0.2314,0.9915
22,2021-05-03,0.9949,0.5017,0.291,0.41,-0.0504,0.396
23,2021-05-03,0.413,0.3362,0.1577,0.4126,0.1127,0.7117
24,2021-05-03,0.8776,0.1238,0.0416,0.376,0.2858,0.9955
25,2021-05-03,0.5011,0.4267,0.2681,0.3284,-0.0775,0.1086
1,2021-05-08,0.9329,0.1429,0.0398,0.3775,0.2546,0.8291
2,2021-05-08,0.8699,0.3294,0.1499,0.3773,0.1096,0.7302
3,2021-05-08,0.9356,0.1706,0.0754,0.3922,0.2097,0.911
4,2021-05-08,0.9393,0.1576,0.056,0.3669,0.226,0.9003
5,2021-05-08,0.7881,0.1672,0.0706,0.3574,0.1812,0.8681
6,2021-05-08,0.8353,0.1599,0.0638,0.339,0.1748,0.9014
7,2021-05-08,0.9461,0.166,0.0372,0.4134,0.3072,0.9555
8,2021-05-08,0.8258,0.2583,0.1169,0.3789,0.175,0.8572
9,2021-05-08,0.8932,0.323,0.1563,0.3971,0.1018,0.766
10,2021-05-08,0.9237,0.1865,0.0719,0.3598,0.1943,0.8676
11,2021-05-08,0.9915,0.124,0.0037,0.3908,0.3274,0.991
12,2021-05-08,0.9298,0.2599,0.1163,0.3918,0.1508,0.8502
13,2021-05-08,0.8997,0.2331,0.1001,0.3255,0.1263,0.885
14,2021-05-08,0.9649,0.1543,0.0267,0.4703,0.3774,0.9806
15,2021-05-08,0.9627,0.1647,0.0161,0.4578,0.3795,0.9448
16,2021-05-08,0.9812,0.1493,0.0421,0.3516,0.2212,0.9316
17,2021-05-08,0.9118,0.2312,0.1124,0.357,0.1545,0.9783
18,2021-05-08,0.8667,0.2352,0.1185,0.3667,0.123,0.7346
19,2021-05-08,0.8468,0.1516,0.066,0.2698,0.0795,0.8401
20,2021-05-08,0.9421,0.1605,0.073,0.2238,0.0558,0.6876
21,2021-05-08,0.9494,0.1621,0.0393,0.3928,0.2479,0.9607
22,2021-05-08,1.0,0.4905,0.2843,0.3894,-0.0352,0.4285
23,2021-05-08,0.8457,0.2444,0.1105,0.3181,0.0684,0.6385
24,2021-05-08,0.8167,0.1372,0.0745,0.2058,0.0743,0.63
25,2021-05-08,0.8847,0.3608,0.1857,0.3167,0.0348,0.6722
1,2021-05-13,0.857,0.2458,0.1269,0.3331,0.0756,0.7269
2,2021-05-13,0.9694,0.3523,0.1811,0.3582,0.0299,0.5891
3,2021-05-13,0.9957,0.1806,0.0731,0.4542,0.2839,0.9517
4,2021-05-13,0.9948,0.2307,0.1146,0.3456,0.1146,0.8618
5,2021-05-13,0.941,0.1919,0.0968,0.3516,0.1385,0.8075
6,2021-05-13,0.9541,0.1921,0.0932,0.3394,0.1434,0.8549
7,2021-05-13,0.9299,0.2493,0.1246,0.3823,0.1438,0.8661
8,2021-05-13,0.8857,0.3069,0.1516,0.3725,0.0762,0.7394
9,2021-05-13,0.98,0.3492,0.1793,0.3949,0.0478,0.6452
10,2021-05-13,0.8265,0.2279,0.114,0.3552,0.1219,0.7738
11,2021-05-13,0.9872,0.1874,0.0946,0.3216,0.1316,0.8875
12,2021-05-13,0.9838,0.2933,0.146,0.378,0.0708,0.6323
13,2021-05-13,0.9113,0.2682,0.1307,0.3496,0.0968,0.8749
14,2021-05-13,0.9916,0.2314,0.1091,0.4574,0.2231,0.9411
15,2021-05-13,0.8686,0.2572,0.1378,0.3408,0.0882,0.7445
16,2021-05-13,0.8654,0.1985,0.1009,0.2875,0.0786,0.7792
17,2021-05-13,0.9596,0.2465,0.1188,0.3804,0.1585,0.9576
18,2021-05-13,0.9986,0.2374,0.1144,0.4349,0.2073,0.8051
19,2021-05-13,0.8967,0.1847,0.0889,0.3375,0.0787,0.7348
20,2021-05-13,0.7381,0.1988,0.1059,0.2475,0.052,0.7144
21,2021-05-13,0.9752,0.2426,0.1237,0.389,0.1046,0.8567
22,2021-05-13,0.9879,0.5092,0.2988,0.3747,-0.1231,0.2181
23,2021-05-13,0.8241,0.2894,0.1472,0.3485,0.0649,0.673
24,2021-05-13,0.9806,0.145,0.0835,0.2263,0.0872,0.7731
25,2021-05-13,0.7546,0.4211,0.2499,0.2822,-0.1159,0.0598
1,2021-05-18,0.619,0.2359,0.1106,0.3697,0.1477,0.8871
2,2021-05-18,0.7854,0.3681,0.1816,0.4022,0.0851,0.7133
3,2021-05-18,0.9936,0.1384,0.014,0.5257,0.4356,0.99
4,2021-05-18,0.6969,0.2329,0.0955,0.4283,0.235,0.9828
5,2021-05-18,0.6836,0.2027,0.0905,0.409,0.2182,0.9275
6,2021-05-18,0.9171,0.1558,0.0486,0.3926,0.2562,0.961
7,2021-05-18,0.926,0.231,0.101,0.4452,0.2492,0.962
8,2021-05-18,0.6942,0.3078,0.1475,0.42,0.1407,0.8483
9,2021-05-18,0.9462,0.3387,0.1611,0.4433,0.1198,0.817
10,2021-05-18,0.8175,0.2165,0.0948,0.3899,0.1896,0.8675
11,2021-05-18,0.9492,0.1807,0.0831,0.3587,0.1891,0.9346
12,2021-05-18,0.8799,0.3,0.144,0.4195,0.1415,0.7739
13,2021-05-18,0.9132,0.2496,0.1026,0.3911,0.1797,0.9595
14,2021-05-18,0.9789,0.2069,0.0717,0.5304,0.3606,0.9882
15,2021-05-18,0.7295,0.2481,0.1238,0.3649,0.1406,0.8499
16,2021-05-18,0.929,0.1887,0.087,0.3349,0.1461,0.9146
17,2021-05-18,0.8379,0.2286,0.0863,0.4664,0.2896,0.989
18,2021-05-18,0.9712,0.2274,0.0891,0.4854,0.3035,0.8696
19,2021-05-18,0.8364,0.1652,0.0622,0.3691,0.1559,0.907
20,2021-05-18,0.9414,0.173,0.0739,0.3093,0.1359,0.886
21,2021-05-18,0.8345,0.2303,0.107,0.4356,0.1757,0.9856
22,2021-05-18,0.936,0.5249,0.3084,0.3903,-0.1218,0.2586
23,2021-05-18,0.5272,0.3085,0.1419,0.3638,0.0712,0.6775
24,2021-05-18,0.617,0.1521,0.0673,0.3414,0.2063,0.9437
25,2021-05-18,0.6654,0.4076,0.2337,0.2924,-0.0862,0.0924
1,2021-05-23,0.9189,0.0133,-0.1043,0.3375,0.4249,0.9577
2,2021-05-23,0.9947,0.2247,0.0561,0.3226,0.2245,0.9458
3,2021-05-23,0.9814,-0.0411,-0.2147,0.4086,0.572,0.9734
4,2021-05-23,0.9821,-0.0259,-0.1561,0.3159,0.4608,0.9642
5,2021-05-23,0.9572,-0.0403,-0.1644,0.3217,0.4742,0.9582
6,2021-05-23,0.9425,-0.0774,-0.226,0.3357,0.5143,0.9425
7,2021-05-23,0.8332,0.0058,-0.1135,0.3318,0.4307,0.9943
8,2021-05-23,0.9345,0.1351,-0.0094,0.3171,0.2993,0.964
9,2021-05-23,0.9475,0.2051,0.0385,0.362,0.2604,0.9223
10,2021-05-23,0.9072,-0.0005,-0.1164,0.2986,0.3863,0.9805
11,2021-05-23,0.9993,-0.2024,-0.3259,0.3221,0.5973,0.9943
12,2021-05-23,0.9525,0.1332,0.0159,0.3383,0.2741,0.9257
13,2021-05-23,0.9582,0.0342,-0.0978,0.2893,0.3605,0.9907
14,2021-05-23,0.9325,-0.0836,-0.2033,0.3902,0.5572,0.9969
15,2021-05-23,0.8549,0.044,-0.085,0.3229,0.3823,0.9651
16,2021-05-23,0.9701,-0.1342,-0.2665,0.323,0.5444,0.9953
17,2021-05-23,0.9639,-0.0368,-0.2015,0.3419,0.4952,0.9932
18,2021-05-23,0.9643,0.0855,-0.104,0.3948,0.426,0.9157
19,2021-05-23,0.9127,-0.0332,-0.173,0.3098,0.4287,0.919
20,2021-05-23,0.9054,-0.0932,-0.2218,0.2834,0.4772,0.9812
21,2021-05-23,0.9193,0.0585,-0.0608,0.338,0.3455,0.9884
22,2021-05-23,1.0,0.4525,0.27,0.357,-0.0259,0.4425
23,2021-05-23,0.7261,0.1262,-0.0129,0.318,0.2489,0.8421
24,2021-05-23,0.9567,0.0245,-0.0998,0.3159,0.4311,0.8073
25,2021-05-23,0.8662,0.3192,0.1648,0.2587,0.0248,0.5999
1,2021-05-28,0.0632,0.3505,0.1782,0.339,0.0183,0.5664
2,2021-05-28,0.2753,0.4374,0.2366,0.3516,-0.0518,0.2249
3,2021-05-28,0.1214,0.2154,0.0676,0.5149,0.3846,0.9946
4,2021-05-28,0.0274,0.2464,0.1016,0.3894,0.192,0.9536
5,2021-05-28,0.0519,0.2919,0.1383,0.3466,0.0176,0.5621
6,2021-05-28,0.0184,0.3502,0.1729,0.3792,0.0851,0.8325
7,2021-05-28,0.0392,0.4051,0.1942,0.3838,0.0908,0.7155
8,2021-05-28,0.1081,0.4452,0.2384,0.3581,-0.0406,0.2992
9,2021-05-28,0.2918,0.4569,0.2396,0.4093,0.0123,0.5539
10,2021-05-28,0.0503,0.4219,0.2314,0.3535,-0.0193,0.4085
11,2021-05-28,0.014,0.4282,0.2292,0.3398,-0.0487,0.3671
12,2021-05-28,0.3511,0.4223,0.2231,0.3639,-0.0159,0.4292
13,2021-05-28,0.0543,0.3321,0.1602,0.3563,0.0556,0.7588
14,2021-05-28,0.1501,0.2827,0.1147,0.4787,0.2284,0.9616
15,2021-05-28,0.0722,0.4335,0.2315,0.332,-0.055,0.2767
16,2021-05-28,0.022,0.4232,0.2409,0.3465,-0.0405,0.2989
17,2021-05-28,0.0608,0.2456,0.1056,0.3912,0.1968,1.0
18,2021-05-28,0.1974,0.3423,0.1312,0.4036,0.1138,0.6597
19,2021-05-28,0.0341,0.4346,0.2337,0.3376,-0.0494,0.313
21,2021-05-28,0.2134,0.3673,0.1853,0.3798,0.0824,0.8628
22,2021-05-28,0.7089,0.5272,0.3121,0.3645,-0.1352,0.0554
23,2021-05-28,0.1019,0.4448,0.2455,0.3284,-0.0709,0.0529
24,2021-05-28,0.3204,0.1686,0.0869,0.2671,0.1037,0.7886
25,2021-05-28,0.148,0.4304,0.2477,0.2715,-0.1239,0.0
1,2021-06-02,0.9103,0.2314,0.11,0.3731,0.1395,0.8222
2,2021-06-02,0.9647,0.3526,0.1423,0.4184,0.1255,0.7632
3,2021-06-02,0.9983,0.139,0.0119,0.5259,0.4404,0.974
4,2021-06-02,0.9772,0.2072,0.0725,0.4307,0.25,0.9514
5,2021-06-02,0.9163,0.1886,0.0752,0.4092,0.2307,0.8819
6,2021-06-02,0.9562,0.1655,0.0555,0.3839,0.2461,0.9091
7,2021-06-02,0.9492,0.2264,0.0859,0.464,0.2837,0.957
8,2021-06-02,0.9157,0.2954,0.1262,0.4218,0.1607,0.8505
9,2021-06-02,0.9799,0.3365,0.1479,0.4473,0.1296,0.8027
10,2021-06-02,0.9556,0.2137,0.0852,0.3971,0.2121,0.8666
11,2021-06-02,0.9988,0.1824,0.0779,0.3779,0.2227,0.9291
12,2021-06-02,0.9704,0.2929,0.1283,0.4217,0.1426,0.7434
13,2021-06-02,0.9588,0.2472,0.0864,0.404,0.2133,0.9624
14,2021-06-02,0.9851,0.1943,0.0503,0.5486,0.4026,0.9781
15,2021-06-02,0.9377,0.2528,0.1211,0.3786,0.1544,0.8452
16,2021-06-02,0.9927,0.1905,0.082,0.354,0.178,0.902
17,2021-06-02,0.9615,0.2236,0.0576,0.5005,0.3449,0.9768
18,2021-06-02,0.9878,0.2215,0.0732,0.4879,0.3216,0.8435
19,2021-06-02,0.9445,0.1643,0.0551,0.3586,0.1739,0.8934
20,2021-06-02,0.9751,0.1788,0.0682,0.3242,0.1582,0.8758
21,2021-06-02,0.988,0.2312,0.1056,0.4385,0.1735,0.9614
22,2021-06-02,0.9921,0.5287,0.2875,0.3912,-0.1295,0.2935
23,2021-06-02,0.8241,0.2852,0.1266,0.3753,0.1141,0.7467
24,2021-06-02,0.9363,0.155,0.0686,0.3077,0.1815,0.8967
25,2021-06-02,0.8449,0.424,0.2343,0.3112,-0.081,0.19
1,2021-06-07,0.407,0.1891,0.077,0.2643,0.0916,0.8873
2,2021-06-07,0.3503,0.2655,0.1128,0.3049,0.0978,0.7385
3,2021-06-07,0.5856,0.165,0.0676,0.3445,0.2032,0.9819
4,2021-06-07,0.4781,0.2038,0.0893,0.2823,0.1104,0.9413
5,2021-06-07,0.4523,0.1629,0.0684,0.2935,0.1454,0.9303
6,2021-06-07,0.4063,0.1611,0.0644,0.2564,0.1156,0.9581
7,2021-06-07,0.4818,0.1764,0.0612,0.3091,0.1728,0.9618
8,2021-06-07,0.3964,0.2206,0.0898,0.2988,0.1343,0.8814
9,2021-06-07,0.5955,0.2875,0.1368,0.3084,0.0509,0.7319
10,2021-06-07,0.5364,0.1643,0.0634,0.2518,0.108,0.8558
11,2021-06-07,0.568,0.1556,0.0626,0.2467,0.1081,0.9319
12,2021-06-07,0.6158,0.2397,0.1028,0.3118,0.1068,0.8255
13,2021-06-07,0.5567,0.2059,0.0873,0.2471,0.0654,0.8821
14,2021-06-07,0.6119,0.1781,0.0683,0.3472,0.1997,0.9859
15,2021-06-07,0.4253,0.1907,0.0861,0.2514,0.0804,0.8636
16,2021-06-07,0.4691,0.1548,0.0633,0.2134,0.0759,0.8395
17,2021-06-07,0.4587,0.1945,0.0886,0.2965,0.1285,0.9911
18,2021-06-07,0.6049,0.2038,0.0914,0.3423,0.1576,0.8816
19,2021-06-07,0.4281,0.1363,0.0557,0.243,0.0719,0.8918
20,2021-06-07,0.2871,0.1451,0.0632,0.1694,0.0322,0.7685
21,2021-06-07,0.6389,0.1964,0.0679,0.3025,0.1226,0.9556
22,2021-06-07,0.8949,0.3755,0.2152,0.3142,0.0166,0.5535
23,2021-06-07,0.1308,0.1886,0.0732,0.2316,0.059,0.7603
24,2021-06-07,0.3164,0.1716,0.0601,0.2782,0.1227,0.9946
25,2021-06-07,0.3651,0.296,0.1608,0.231,-0.0285,0.3383
1,2021-06-12,0.0699,0.2913,0.1279,0.3071,0.0172,0.556
2,2021-06-12,0.2228,0.4162,0.2191,0.3199,-0.0644,0.1239
3,2021-06-12,0.5194,0.1799,0.0617,0.4459,0.3107,0.995
4,2021-06-12,0.0675,0.2543,0.1041,0.3272,0.1093,0.886
5,2021-06-12,0.2319,0.1705,0.061,0.3608,0.2056,0.8718
6,2021-06-12,0.1438,0.1852,0.0693,0.3705,0.2132,0.966
7,2021-06-12,0.0783,0.1789,0.0657,0.3688,0.2125,0.9118
8,2021-06-12,0.0911,0.4212,0.2188,0.3213,-0.0543,0.2071
9,2021-06-12,0.3521,0.4074,0.2102,0.3668,0.0168,0.5691
10,2021-06-12,0.0722,0.2225,0.0823,0.3202,0.1228,0.7745
11,2021-06-12,0.0282,0.1858,0.0714,0.2991,0.1444,0.805
12,2021-06-12,0.2347,0.4205,0.2141,0.3304,-0.0353,0.2825
13,2021-06-12,0.1512,0.2476,0.1069,0.3165,0.0935,0.919
14,2021-06-12,0.5062,0.218,0.0901,0.4176,0.22,0.9867
15,2021-06-12,0.0669,0.3793,0.1986,0.3016,-0.05,0.3813
16,2021-06-12,0.0471,0.1856,0.0772,0.2618,0.0746,0.828
17,2021-06-12,0.1574,0.2064,0.0769,0.3641,0.1911,0.9879
18,2021-06-12,0.2004,0.2742,0.1074,0.4005,0.1806,0.7076
19,2021-06-12,0.1185,0.153,0.0657,0.3001,0.1083,0.8872
20,2021-06-12,0.0386,0.166,0.0641,0.2129,0.0588,0.7881
21,2021-06-12,0.2023,0.169,0.058,0.3481,0.171,0.7325
22,2021-06-12,0.6771,0.4836,0.2818,0.346,-0.1062,0.0711
23,2021-06-12,0.0451,0.4111,0.2397,0.2928,-0.0852,0.0
24,2021-06-12,0.2681,0.1846,0.08,0.335,0.1414,0.9257
25,2021-06-12,0.1513,0.4015,0.2297,0.2488,-0.1204,0.0504
1,2021-06-17,0.1328,0.2071,0.0789,0.3229,0.1415,0.9173
2,2021-06-17,0.3641,0.3159,0.1475,0.3375,0.0795,0.7397
3,2021-06-17,0.8079,0.1463,0.0246,0.4714,0.3749,0.9847
4,2021-06-17,0.4112,0.209,0.0787,0.3492,0.1874,0.9938
5,2021-06-17,0.2531,0.1737,0.0578,0.3782,0.2475,0.9589
6,2021-06-17,0.5227,0.1543,0.044,0.3359,0.2074,0.9924
7,2021-06-17,0.3923,0.1914,0.0647,0.4064,0.2532,0.9909
8,2021-06-17,0.4207,0.2259,0.0873,0.3388,0.1536,0.9126
9,2021-06-17,0.5668,0.3514,0.1633,0.3952,0.0891,0.7964
10,2021-06-17,0.3324,0.1728,0.0552,0.3317,0.1884,0.9457
11,2021-06-17,0.2684,0.1616,0.0561,0.3421,0.2118,0.957
12,2021-06-17,0.3418,0.3567,0.168,0.355,0.0582,0.7351
13,2021-06-17,0.3652,0.2114,0.0771,0.3046,0.1315,0.9867
14,2021-06-17,0.7423,0.1949,0.0625,0.4776,0.3222,0.9948
15,2021-06-17,0.2202,0.2144,0.0888,0.3044,0.118,0.941
16,2021-06-17,0.3462,0.1789,0.0731,0.2908,0.1212,0.9334
17,2021-06-17,0.5646,0.1892,0.0504,0.4049,0.2686,1.0
18,2021-06-17,0.6862,0.215,0.0746,0.4374,0.2718,0.888
19,2021-06-17,0.7452,0.1432,0.0485,0.2679,0.1025,0.9096
20,2021-06-17,0.346,0.1589,0.0547,0.2701,0.1296,0.9461
21,2021-06-17,0.1863,0.1361,0.0327,0.388,0.2714,0.9952
22,2021-06-17,0.8598,0.4101,0.2237,0.3299,-0.002,0.4913
23,2021-06-17,0.3748,0.1811,0.0748,0.2758,0.1001,0.8915
24,2021-06-17,0.2305,0.1812,0.0516,0.3435,0.2026,1.0
25,2021-06-17,0.1431,0.3173,0.1551,0.225,-0.0634,0.1293
1,2021-06-20,0.0314,0.2302,0.1148,0.2835,0.0854,0.8425
2,2021-06-20,0.3656,0.2441,0.1036,0.2715,0.1008,0.9911
5,2021-06-20,0.0384,0.2373,0.1054,0.2757,0.1353,0.9748
8,2021-06-20,0.1315,0.2304,0.1015,0.2509,0.1091,0.9936
9,2021-06-20,0.2545,0.2782,0.128,0.3074,0.1086,0.9695
12,2021-06-20,0.2649,0.2514,0.1085,0.2754,0.1031,0.9909
14,2021-06-20,0.0115,0.2171,0.0858,0.3302,0.2164,1.0
15,2021-06-20,0.0474,0.2842,0.1541,0.2699,0.0328,0.797
18,2021-06-20,0.0708,0.3312,0.1673,0.3187,0.0403,0.7695
21,2021-06-20,0.1074,0.2434,0.0915,0.2866,0.1301,1.0
22,2021-06-20,0.8687,0.3047,0.173,0.2701,0.0696,0.9446
1,2021-06-22,0.1521,0.2372,0.0988,0.2725,0.0889,0.8579
2,2021-06-22,0.1377,0.2628,0.1016,0.2855,0.101,0.7166
3,2021-06-22,0.2051,0.1843,0.0727,0.3551,0.2141,0.9803
4,2021-06-22,0.2837,0.2169,0.0893,0.2744,0.0962,0.9418
5,2021-06-22,0.3289,0.1772,0.0608,0.285,0.147,0.9635
6,2021-06-22,0.0315,0.1803,0.0676,0.2719,0.1239,0.9885
7,2021-06-22,0.118,0.2272,0.0624,0.3398,0.2005,0.962
8,2021-06-22,0.0899,0.2326,0.0684,0.2719,0.1285,0.7874
9,2021-06-22,0.389,0.3234,0.1546,0.3113,0.0334,0.6494
10,2021-06-22,0.0253,0.1856,0.0653,0.2301,0.1104,0.8182
11,2021-06-22,0.0254,0.1594,0.0561,0.2749,0.1487,0.9231
12,2021-06-22,0.5673,0.2511,0.1018,0.2909,0.0914,0.8178
13,2021-06-22,0.0414,0.2156,0.0683,0.2341,0.0845,0.898
14,2021-06-22,0.4959,0.2076,0.0802,0.3462,0.1891,0.984
15,2021-06-22,0.2243,0.2076,0.0901,0.2477,0.0802,0.838
16,2021-06-22,0.0243,0.1809,0.0647,0.2298,0.0696,0.8646
17,2021-06-22,0.228,0.201,0.0722,0.2747,0.1175,0.9726
18,2021-06-22,0.3705,0.222,0.0989,0.3249,0.134,0.7955
21,2021-06-22,0.2618,0.2833,0.1045,0.321,0.1373,0.9847
22,2021-06-22,0.7911,0.3344,0.1864,0.2846,0.0391,0.6627
24,2021-06-22,0.0296,0.209,0.0951,0.2848,0.1267,1.0
25,2021-06-22,0.0664,0.2485,0.1236,0.2029,-0.0017,0.4836
1,2021-06-25,0.0063,0.3613,0.2017,0.2966,-0.032,0.1705
2,2021-06-25,0.0783,0.347,0.1896,0.303,-0.0118,0.2692
5,2021-06-25,0.0052,0.343,0.1797,0.3149,0.0174,0.9531
8,2021-06-25,0.025,0.3403,0.184,0.2977,-0.0095,0.3654
9,2021-06-25,0.0949,0.382,0.2069,0.3401,0.0108,0.6067
12,2021-06-25,0.0376,0.3485,0.1919,0.3011,-0.019,0.198
15,2021-06-25,0.0087,0.3381,0.2046,0.2572,-0.0592,0.0
18,2021-06-25,0.0382,0.3761,0.1901,0.3338,-0.0058,0.4565
22,2021-06-25,0.4659,0.3735,0.2079,0.346,0.02,0.8806
1,2021-06-27,0.1163,0.2349,0.1054,0.27,0.0666,0.8846
2,2021-06-27,0.0258,0.266,0.1281,0.2816,0.0602,0.9888
3,2021-06-27,0.4807,0.1654,0.0477,0.3975,0.2729,0.9961
4,2021-06-27,0.4193,0.216,0.0872,0.3038,0.1311,0.9871
5,2021-06-27,0.105,0.1864,0.0694,0.319,0.162,0.9524
6,2021-06-27,0.2859,0.1638,0.0607,0.2908,0.1512,0.9886
7,2021-06-27,0.0626,0.2981,0.134,0.3699,0.117,0.9835
8,2021-06-27,0.0363,0.2239,0.0924,0.3373,0.1631,0.9636
9,2021-06-27,0.2679,0.2928,0.1365,0.3316,0.0795,0.8424
10,2021-06-27,0.0055,0.2529,0.1066,0.2755,0.0802,1.0
11,2021-06-27,0.1159,0.1533,0.0615,0.2735,0.1442,0.9801
12,2021-06-27,0.1667,0.1999,0.0718,0.3491,0.1926,0.9441
13,2021-06-27,0.1556,0.2294,0.0942,0.2905,0.0952,0.9579
14,2021-06-27,0.5351,0.2088,0.0839,0.3889,0.2091,0.9987
15,2021-06-27,0.2039,0.2087,0.0956,0.2495,0.0681,0.856
16,2021-06-27,0.0182,0.2128,0.0961,0.2217,0.0243,0.7639
17,2021-06-27,0.1952,0.2124,0.0817,0.3205,0.1559,0.9903
18,2021-06-27,0.3448,0.2036,0.08,0.3806,0.2126,0.9374
19,2021-06-27,0.0445,0.1665,0.0691,0.2322,0.0634,0.9133
20,2021-06-27,0.0432,0.1799,0.0828,0.1981,0.0273,0.7879
21,2021-06-27,0.0807,0.1739,0.0681,0.2948,0.1113,0.9451
22,2021-06-27,0.3374,0.3363,0.185,0.3096,0.0192,0.6662
23,2021-06-27,0.0186,0.2365,0.0901,0.2556,0.035,0.7632
24,2021-06-27,0.169,0.1545,0.057,0.2626,0.1256,0.9832
1,2021-06-30,0.0247,0.3429,0.1872,0.3034,0.0005,0.5058
2,2021-06-30,0.2676,0.3257,0.1704,0.3039,0.0292,0.7829
3,2021-06-30,0.0039,0.3232,0.1606,0.363,0.1052,1.0
5,2021-06-30,0.0285,0.3119,0.1622,0.2984,0.0373,0.774
7,2021-06-30,0.0077,0.3095,0.1662,0.299,0.064,0.9254
8,2021-06-30,0.0858,0.3322,0.1761,0.3009,0.0258,0.7381
9,2021-06-30,0.175,0.3566,0.1911,0.3513,0.0751,0.9352
12,2021-06-30,0.1317,0.3359,0.185,0.3036,0.0187,0.6818
13,2021-06-30,0.0084,0.3058,0.1656,0.2791,0.037,0.9
14,2021-06-30,0.0336,0.3379,0.1665,0.3915,0.1359,1.0
15,2021-06-30,0.0452,0.3451,0.2003,0.2746,-0.033,0.2021
18,2021-06-30,0.0752,0.3372,0.1652,0.3347,0.0608,0.8272
21,2021-06-30,0.039,0.3529,0.1798,0.3394,0.0502,1.0
22,2021-06-30,0.7033,0.3594,0.2024,0.3029,0.0248,0.7708
23,2021-06-30,0.0333,0.318,0.1924,0.2566,-0.032,0.0147
25,2021-06-30,0.0392,0.3221,0.2033,0.231,-0.0567,0.0
1,2021-07-02,0.6535,0.251,0.1205,0.3107,0.0751,0.7951
2,2021-07-02,0.8226,0.3301,0.1511,0.3314,0.0398,0.62
3,2021-07-02,0.651,0.1828,0.0657,0.4291,0.2733,0.9801
4,2021-07-02,0.9714,0.216,0.0915,0.342,0.1336,0.8426
5,2021-07-02,0.7851,0.1888,0.0792,0.3286,0.1355,0.8389
6,2021-07-02,0.7365,0.1888,0.0813,0.3106,0.1303,0.9009
7,2021-07-02,0.7797,0.2446,0.1054,0.3805,0.1864,0.9572
8,2021-07-02,0.7235,0.2871,0.1285,0.3562,0.1111,0.8226
9,2021-07-02,0.8686,0.3195,0.1542,0.3714,0.0787,0.7908
10,2021-07-02,0.3941,0.209,0.0894,0.3299,0.1468,0.8899
11,2021-07-02,0.683,0.192,0.0883,0.312,0.1388,0.9192
12,2021-07-02,0.8134,0.2676,0.1208,0.3448,0.0834,0.752
13,2021-07-02,0.8404,0.24,0.1012,0.3257,0.1233,0.9543
14,2021-07-02,0.8564,0.2172,0.0882,0.4492,0.2627,0.9944
15,2021-07-02,0.7446,0.2341,0.1173,0.3056,0.0864,0.8048
16,2021-07-02,0.3251,0.2097,0.1016,0.282,0.0729,0.8332
17,2021-07-02,0.9305,0.2232,0.0875,0.38,0.1958,0.9743
18,2021-07-02,0.6948,0.2294,0.1034,0.3653,0.1447,0.7895
19,2021-07-02,0.4151,0.2396,0.0895,0.3029,0.0705,0.8484
20,2021-07-02,0.3666,0.1884,0.0912,0.2434,0.0648,0.7696
21,2021-07-02,0.8212,0.2573,0.1223,0.3591,0.0891,0.9249
22,2021-07-02,0.9724,0.4094,0.2251,0.3283,-0.0433,0.3902
23,2021-07-02,0.536,0.2466,0.118,0.268,0.0354,0.6618
24,2021-07-02,0.6466,0.1456,0.0697,0.2471,0.1004,0.7368
25,2021-07-02,0.4102,0.3332,0.1915,0.2502,-0.0478,0.1512
1,2021-07-07,0.0022,-0.0157,-0.0949,-0.0771,-0.0717,0.1667
4,2021-07-07,0.0475,0.0629,0.0427,0.1424,0.0687,0.8982
9,2021-07-07,0.0421,0.1755,0.0884,0.2467,0.1277,0.959
1,2021-07-22,0.874,0.2193,0.1214,0.2545,0.0133,0.5643
2,2021-07-22,0.845,0.3222,0.1705,0.2987,-0.0041,0.4833
3,2021-07-22,0.9886,0.1642,0.0861,0.305,0.1221,0.8705
4,2021-07-22,0.9624,0.2171,0.1131,0.2592,0.0323,0.6937
5,2021-07-22,0.8802,0.1815,0.0912,0.2818,0.079,0.798
6,2021-07-22,0.91,0.1691,0.0921,0.2331,0.0388,0.6999
7,2021-07-22,0.8869,0.2182,0.114,0.2627,0.0313,0.6566
8,2021-07-22,0.8071,0.2777,0.1441,0.2916,0.0161,0.5733
9,2021-07-22,0.9523,0.2989,0.1618,0.2947,-0.0008,0.4947
10,2021-07-22,0.8626,0.1979,0.1061,0.2431,0.0258,0.6023
11,2021-07-22,0.972,0.1637,0.0903,0.2264,0.0448,0.7579
12,2021-07-22,0.9231,0.2558,0.1289,0.2916,0.0269,0.5874
13,2021-07-22,0.9698,0.2383,0.1207,0.2454,0.0125,0.5949
14,2021-07-22,0.9253,0.2071,0.1053,0.3183,0.1078,0.8848
15,2021-07-22,0.9312,0.2285,0.1268,0.2488,0.0144,0.5689
16,2021-07-22,0.8262,0.1738,0.0992,0.1877,-0.0134,0.4212
17,2021-07-22,0.8925,0.2236,0.1103,0.285,0.0712,0.9069
18,2021-07-22,0.9762,0.2175,0.1128,0.315,0.0865,0.7451
19,2021-07-22,0.859,0.1636,0.0894,0.2232,-0.0052,0.4722
20,2021-07-22,0.9064,0.1563,0.0934,0.1436,-0.0407,0.2073
21,2021-07-22,0.9729,0.2093,0.1132,0.2781,0.0238,0.5942
22,2021-07-22,0.8486,0.4144,0.2443,0.34,-0.0325,0.2919
23,2021-07-22,0.9069,0.2357,0.1266,0.2494,-0.0042,0.4689
24,2021-07-22,0.6898,0.1274,0.0697,0.1933,0.0415,0.7112
25,2021-07-22,0.8634,0.3627,0.2244,0.2319,-0.112,0.0195
1,2021-07-27,0.4509,0.2548,0.121,0.3187,0.0695,0.7368
2,2021-07-27,0.6754,0.4196,0.2113,0.344,-0.0333,0.395
3,2021-07-27,0.9375,0.1811,0.0586,0.4471,0.2995,0.9635
4,2021-07-27,0.5756,0.2708,0.1242,0.3544,0.1333,0.909
5,2021-07-27,0.6121,0.2244,0.0995,0.3598,0.1552,0.8587
6,2021-07-27,0.6894,0.1972,0.0812,0.3339,0.1488,0.9226
7,2021-07-27,0.5554,0.234,0.0991,0.3655,0.1601,0.9051
8,2021-07-27,0.5133,0.3944,0.197,0.356,0.0196,0.5689
9,2021-07-27,0.7707,0.3848,0.1851,0.3842,0.0459,0.6608
10,2021-07-27,0.864,0.2354,0.1074,0.3267,0.0983,0.7654
11,2021-07-27,0.6933,0.1888,0.0851,0.3051,0.1309,0.872
12,2021-07-27,0.5956,0.3617,0.1769,0.3586,0.0277,0.5757
13,2021-07-27,0.7258,0.2855,0.1264,0.3379,0.0857,0.8874
14,2021-07-27,0.8345,0.226,0.0956,0.4378,0.2315,0.9689
15,2021-07-27,0.5572,0.2855,0.1383,0.3168,0.0527,0.676
16,2021-07-27,0.7083,0.2079,0.1009,0.2604,0.0458,0.6769
17,2021-07-27,0.5231,0.2617,0.1111,0.3764,0.165,0.9512
18,2021-07-27,0.7943,0.246,0.0996,0.4354,0.2331,0.8643
19,2021-07-27,0.8088,0.1846,0.0816,0.3221,0.0689,0.7372
20,2021-07-27,0.5476,0.1848,0.0805,0.2447,0.0623,0.7788
21,2021-07-27,0.2533,0.4417,0.2215,0.385,0.0175,0.6743
22,2021-07-27,0.8481,0.521,0.2998,0.3665,-0.1184,0.1433
23,2021-07-27,0.6453,0.2802,0.1324,0.3119,0.0405,0.6188
24,2021-07-27,0.3409,0.2007,0.0897,0.2835,0.1186,0.8631
25,2021-07-27,0.827,0.449,0.2522,0.2843,-0.12,0.0171
1,2021-08-01,0.622,0.2652,0.1232,0.2895,0.0424,0.667
2,2021-08-01,0.6633,0.413,0.1971,0.3135,-0.0641,0.2893
3,2021-08-01,0.3486,0.183,0.0717,0.3229,0.1638,0.9159
4,2021-08-01,0.8365,0.2681,0.118,0.3021,0.0687,0.8204
5,2021-08-01,0.6071,0.2233,0.0945,0.3057,0.0936,0.8002
6,2021-08-01,0.3409,0.2167,0.0887,0.2806,0.0799,0.8355
7,2021-08-01,0.3819,0.2762,0.1173,0.3308,0.1169,0.8556
8,2021-08-01,0.6721,0.3545,0.1565,0.3226,0.028,0.594
9,2021-08-01,0.704,0.3955,0.1914,0.3371,0.0026,0.5112
10,2021-08-01,0.6254,0.2476,0.1104,0.2774,0.0588,0.6853
11,2021-08-01,0.2847,0.2203,0.0965,0.2789,0.0855,0.7787
12,2021-08-01,0.6443,0.3458,0.1635,0.3298,0.0134,0.5383
13,2021-08-01,0.6707,0.2877,0.1268,0.2869,0.0402,0.7472
14,2021-08-01,0.5098,0.2228,0.0867,0.3461,0.1625,0.9251
15,2021-08-01,0.6787,0.2788,0.1301,0.2841,0.0431,0.6624
16,2021-08-01,0.3031,0.2373,0.1122,0.2532,0.0078,0.5242
17,2021-08-01,0.513,0.2665,0.1143,0.3089,0.0858,0.8751
18,2021-08-01,0.5571,0.251,0.1106,0.3311,0.1073,0.7365
19,2021-08-01,0.4038,0.2999,0.1263,0.2912,0.0082,0.5301
20,2021-08-01,0.2,0.1957,0.0852,0.1835,0.0042,0.5188
21,2021-08-01,0.7542,0.268,0.1222,0.3016,0.0329,0.6518
22,2021-08-01,0.914,0.4892,0.2606,0.3603,-0.099,0.2275
23,2021-08-01,0.3072,0.3317,0.153,0.2762,-0.0393,0.4195
24,2021-08-01,0.5976,0.1737,0.077,0.2189,0.0603,0.7324
25,2021-08-01,0.8161,0.4442,0.2433,0.2835,-0.117,0.0453
1,2021-08-04,0.4971,0.2301,0.109,0.2678,0.0266,0.6235
2,2021-08-04,0.7099,0.3465,0.1618,0.303,-0.0013,0.4915
3,2021-08-04,0.9594,0.2023,0.0982,0.2984,0.0933,0.8093
4,2021-08-04,0.7882,0.239,0.1101,0.2727,0.044,0.7595
5,2021-08-04,0.7932,0.2028,0.0886,0.2876,0.0843,0.7993
6,2021-08-04,0.6802,0.1945,0.0953,0.228,0.0308,0.6673
7,2021-08-04,0.8588,0.2489,0.1209,0.2713,0.0304,0.6526
8,2021-08-04,0.7944,0.2948,0.1313,0.3008,0.0348,0.6615
9,2021-08-04,0.7277,0.3589,0.1781,0.3215,-0.0033,0.4841
10,2021-08-04,0.9078,0.2205,0.1053,0.2482,0.0209,0.592
11,2021-08-04,1.0,0.2034,0.1025,0.2242,0.0198,0.6244
12,2021-08-04,0.802,0.2753,0.1208,0.3048,0.0453,0.6456
13,2021-08-04,0.7748,0.2536,0.116,0.2613,0.0162,0.6392
14,2021-08-04,0.8381,0.2329,0.1097,0.3186,0.1014,0.8828
15,2021-08-04,0.4789,0.2693,0.1292,0.2674,0.0221,0.6156
16,2021-08-04,0.9235,0.2063,0.1076,0.1836,-0.0376,0.2846
17,2021-08-04,0.4186,0.2399,0.0987,0.2988,0.0778,0.8761
18,2021-08-04,0.6315,0.2392,0.1081,0.3381,0.1012,0.7903
19,2021-08-04,0.891,0.199,0.1002,0.222,-0.037,0.3082
20,2021-08-04,0.9286,0.1952,0.1033,0.1466,-0.0606,0.1438
21,2021-08-04,0.5209,0.2064,0.0946,0.2861,0.024,0.5801
22,2021-08-04,0.9547,0.4003,0.2052,0.348,0.0289,0.674
23,2021-08-04,0.8427,0.2552,0.1305,0.2533,-0.0047,0.4733
24,2021-08-04,0.5054,0.1611,0.0732,0.2348,0.0611,0.8266
25,2021-08-04,0.8917,0.3785,0.2234,0.2524,-0.0844,0.0659
1,2021-08-06,0.9938,0.2198,0.1152,0.2344,-0.0091,0.4419
2,2021-08-06,0.9587,0.3223,0.1579,0.2939,0.0071,0.5368
3,2021-08-06,0.9782,0.1954,0.0916,0.3198,0.1217,0.8715
4,2021-08-06,0.9914,0.237,0.1171,0.2622,0.0325,0.6989
5,2021-08-06,0.8939,0.2131,0.1012,0.2855,0.0667,0.7537
6,2021-08-06,0.9966,0.1846,0.095,0.2284,0.0241,0.6178
7,2021-08-06,0.9736,0.2456,0.1187,0.272,0.0242,0.6245
8,2021-08-06,0.9403,0.288,0.1384,0.29,0.0259,0.6411
9,2021-08-06,0.972,0.3239,0.1642,0.3079,-0.0066,0.4701
10,2021-08-06,0.9989,0.2195,0.1096,0.2499,0.0154,0.5761
11,2021-08-06,1.0,0.1913,0.0978,0.2304,0.0286,0.6638
12,2021-08-06,0.9095,0.2856,0.1366,0.3063,0.0272,0.5835
13,2021-08-06,0.9992,0.2565,0.123,0.2529,0.0077,0.5688
14,2021-08-06,0.9073,0.231,0.1094,0.322,0.0992,0.8708
15,2021-08-06,0.9822,0.2377,0.1253,0.2411,0.0004,0.5016
16,2021-08-06,1.0,0.2005,0.1094,0.1866,-0.0336,0.2881
17,2021-08-06,0.9558,0.2379,0.1081,0.2913,0.0772,0.9372
18,2021-08-06,0.9618,0.2466,0.1141,0.3396,0.0998,0.7715
19,2021-08-06,0.9911,0.1767,0.0904,0.2281,-0.0206,0.3981
20,2021-08-06,1.0,0.1808,0.0974,0.1394,-0.0598,0.1574
21,2021-08-06,1.0,0.2172,0.1118,0.2727,0.0166,0.5847
22,2021-08-06,0.9804,0.4053,0.2249,0.3359,-0.0093,0.4433
23,2021-08-06,0.9892,0.2434,0.124,0.254,-0.0039,0.475
24,2021-08-06,0.971,0.1459,0.0736,0.1851,0.0431,0.762
25,2021-08-06,0.975,0.3448,0.204,0.222,-0.0881,0.0335
1,2021-08-09,0.8342,0.2338,0.1161,0.2613,0.0166,0.5763
2,2021-08-09,0.7276,0.3437,0.1647,0.2991,-0.0136,0.4397
3,2021-08-09,0.9864,0.1873,0.0757,0.3619,0.1839,0.9167
4,2021-08-09,0.9305,0.2442,0.1141,0.2806,0.0476,0.751
5,2021-08-09,0.825,0.2118,0.0947,0.3024,0.0937,0.8164
6,2021-08-09,0.8982,0.1916,0.0896,0.2668,0.0656,0.7738
7,2021-08-09,0.955,0.2481,0.1192,0.2812,0.0433,0.6697
8,2021-08-09,0.789,0.2926,0.1349,0.2929,0.0168,0.5705
9,2021-08-09,0.9024,0.3362,0.1669,0.3244,0.0036,0.5142
10,2021-08-09,0.9703,0.2238,0.1084,0.265,0.0305,0.6003
11,2021-08-09,0.983,0.1959,0.0934,0.245,0.0487,0.7221
12,2021-08-09,0.8482,0.2847,0.1298,0.3168,0.0399,0.5986
13,2021-08-09,0.9115,0.2593,0.1191,0.2694,0.0216,0.6383
14,2021-08-09,0.9464,0.2312,0.1032,0.362,0.1387,0.9201
15,2021-08-09,0.9057,0.2507,0.1291,0.2592,0.0149,0.5703
16,2021-08-09,0.9833,0.2061,0.1057,0.2006,-0.0181,0.3972
17,2021-08-09,0.7701,0.2364,0.1012,0.2995,0.0861,0.8999
18,2021-08-09,0.971,0.2354,0.1046,0.3529,0.1326,0.783
19,2021-08-09,0.9273,0.1792,0.0819,0.247,0.0069,0.5344
20,2021-08-09,0.9401,0.1895,0.0949,0.1718,-0.0331,0.3182
21,2021-08-09,0.9339,0.214,0.1059,0.302,0.0451,0.6708
22,2021-08-09,0.9023,0.421,0.23,0.3518,-0.0188,0.3749
23,2021-08-09,0.9245,0.2446,0.1164,0.2545,-0.0015,0.4897
24,2021-08-09,0.6517,0.1555,0.0741,0.2192,0.0601,0.7703
25,2021-08-09,0.9113,0.3828,0.2208,0.2315,-0.1236,0.0066
1,2021-08-11,0.7811,0.2378,0.1159,0.2942,0.0532,0.7225
2,2021-08-11,0.5902,0.3734,0.1779,0.3177,-0.0198,0.4258
3,2021-08-11,0.9931,0.1851,0.0661,0.4131,0.249,0.9532
4,2021-08-11,0.9118,0.2513,0.1111,0.3192,0.0928,0.8932
5,2021-08-11,0.7934,0.2192,0.0923,0.334,0.1307,0.8806
6,2021-08-11,0.8612,0.1958,0.086,0.3022,0.1117,0.889
7,2021-08-11,0.8071,0.2397,0.11,0.336,0.1171,0.8848
8,2021-08-11,0.6056,0.3092,0.1396,0.3286,0.0553,0.6943
9,2021-08-11,0.9134,0.3373,0.1653,0.3549,0.0419,0.6756
10,2021-08-11,0.9163,0.2274,0.1048,0.3061,0.0849,0.7757
11,2021-08-11,1.0,0.1912,0.089,0.2755,0.0874,0.8438
12,2021-08-11,0.8188,0.2872,0.1298,0.3407,0.0694,0.6797
13,2021-08-11,0.8702,0.2673,0.1188,0.3084,0.0686,0.8705
14,2021-08-11,0.9364,0.2329,0.1017,0.4092,0.1931,0.9736
15,2021-08-11,0.8498,0.2546,0.1266,0.2933,0.0507,0.7029
16,2021-08-11,0.9141,0.1972,0.0981,0.2361,0.0274,0.6462
17,2021-08-11,0.6145,0.2465,0.0983,0.349,0.1492,0.962
18,2021-08-11,0.9453,0.2427,0.1019,0.4016,0.186,0.8356
19,2021-08-11,0.8584,0.1773,0.08,0.2803,0.0461,0.689
20,2021-08-11,0.9064,0.1812,0.0851,0.2158,0.0283,0.6674
21,2021-08-11,0.957,0.2334,0.1102,0.3424,0.0823,0.8201
22,2021-08-11,0.7916,0.4534,0.251,0.3526,-0.0526,0.2072
23,2021-08-11,0.8707,0.2542,0.1215,0.2846,0.0355,0.65
24,2021-08-11,0.6568,0.1621,0.0705,0.2608,0.105,0.9315
25,2021-08-11,0.7916,0.3928,0.2267,0.2587,-0.1038,0.0227
1,2021-08-16,0.9386,0.2152,0.1139,0.2769,0.0386,0.6854
2,2021-08-16,0.9329,0.3049,0.1462,0.3042,0.0447,0.6918
3,2021-08-16,0.9968,0.1857,0.0908,0.3157,0.1201,0.9106
4,2021-08-16,0.9607,0.215,0.1028,0.3144,0.1026,0.8583
5,2021-08-16,0.8752,0.2022,0.094,0.3106,0.1159,0.8822
6,2021-08-16,0.9697,0.1706,0.0893,0.25,0.0576,0.7539
7,2021-08-16,0.9914,0.2157,0.1036,0.3228,0.1311,0.9225
8,2021-08-16,0.9102,0.2632,0.1248,0.3148,0.0889,0.8277
9,2021-08-16,0.9561,0.2949,0.1557,0.3223,0.0557,0.7661
10,2021-08-16,0.9207,0.2018,0.1003,0.2833,0.0804,0.8283
11,2021-08-16,1.0,0.1738,0.091,0.2519,0.0691,0.9047
12,2021-08-16,0.9382,0.2592,0.1232,0.3223,0.0867,0.8692
13,2021-08-16,0.9922,0.2205,0.1042,0.2865,0.088,0.8968
14,2021-08-16,0.9731,0.2153,0.1019,0.3697,0.1786,0.9941
15,2021-08-16,0.9432,0.2262,0.1216,0.284,0.0587,0.7903
16,2021-08-16,0.9739,0.1783,0.0991,0.2248,0.0306,0.6956
17,2021-08-16,0.9547,0.2274,0.0988,0.3095,0.1176,0.9801
18,2021-08-16,0.9729,0.2342,0.1144,0.315,0.0805,0.7795
19,2021-08-16,0.8492,0.168,0.0871,0.2241,0.0285,0.6776
20,2021-08-16,0.9414,0.1577,0.0842,0.1849,0.0105,0.5622
21,2021-08-16,0.9592,0.2168,0.1119,0.3286,0.0761,0.8964
22,2021-08-16,0.9766,0.3596,0.2048,0.334,0.0473,0.722
23,2021-08-16,0.9735,0.2127,0.1117,0.243,0.0189,0.6246
24,2021-08-16,0.7769,0.1455,0.0731,0.1978,0.0575,0.7744
25,2021-08-16,0.9233,0.3276,0.2012,0.2632,-0.0364,0.1556
1,2021-08-19,0.0316,0.3038,0.1669,0.2834,0.0118,0.6
2,2021-08-19,0.3171,0.2944,0.1594,0.2662,0.016,0.7609
5,2021-08-19,0.0307,0.296,0.1596,0.2846,0.0544,0.9895
8,2021-08-19,0.111,0.2996,0.1586,0.2672,0.0245,0.7822
9,2021-08-19,0.2063,0.342,0.1951,0.3186,0.0473,0.9151
12,2021-08-19,0.1635,0.2935,0.1589,0.2806,0.0395,0.9556
14,2021-08-19,0.0202,0.3286,0.1768,0.3462,0.0962,1.0
15,2021-08-19,0.0356,0.31,0.1793,0.267,-0.0011,0.4865
18,2021-08-19,0.0818,0.3318,0.1723,0.3021,0.0227,0.7669
21,2021-08-19,0.0568,0.322,0.1763,0.2937,0.0317,1.0
22,2021-08-19,0.7341,0.3057,0.1768,0.3005,0.0849,1.0
25,2021-08-19,0.0588,0.3115,0.2035,0.2502,-0.0305,0.0
1,2021-08-21,0.6616,0.212,0.108,0.2624,0.0374,0.6743
2,2021-08-21,0.4998,0.3547,0.1759,0.2982,-0.0407,0.3486
3,2021-08-21,0.845,0.1808,0.0817,0.345,0.1732,0.9269
4,2021-08-21,0.8728,0.2399,0.1146,0.2749,0.0483,0.7825
5,2021-08-21,0.711,0.2022,0.0896,0.2972,0.1005,0.8583
6,2021-08-21,0.6712,0.1841,0.0864,0.2592,0.0773,0.8527
7,2021-08-21,0.4539,0.1978,0.0929,0.2875,0.0977,0.86
8,2021-08-21,0.5996,0.277,0.1301,0.2955,0.0368,0.6449
9,2021-08-21,0.7445,0.3427,0.1795,0.3146,-0.0032,0.4848
10,2021-08-21,0.8725,0.2083,0.1023,0.26,0.0506,0.688
11,2021-08-21,0.7586,0.1828,0.0892,0.2526,0.0688,0.7932
12,2021-08-21,0.612,0.2542,0.1163,0.3104,0.0605,0.6205
13,2021-08-21,0.8035,0.2503,0.1175,0.265,0.0318,0.7189
14,2021-08-21,0.6547,0.1996,0.0912,0.3372,0.1474,0.9226
15,2021-08-21,0.6164,0.2298,0.1174,0.2621,0.0404,0.6833
16,2021-08-21,0.7828,0.1851,0.0974,0.2012,0.0024,0.5115
17,2021-08-21,0.5052,0.2263,0.0994,0.2996,0.1042,0.9371
18,2021-08-21,0.7277,0.2377,0.1078,0.349,0.1311,0.8108
19,2021-08-21,0.7055,0.1583,0.0761,0.2373,0.0329,0.6831
20,2021-08-21,0.6259,0.1698,0.0828,0.1717,-0.0074,0.4576
21,2021-08-21,0.9135,0.2187,0.1085,0.296,0.0464,0.6508
22,2021-08-21,0.6846,0.431,0.2495,0.3388,-0.0475,0.1331
23,2021-08-21,0.5443,0.2128,0.1013,0.2501,0.0346,0.6778
24,2021-08-21,0.5373,0.1631,0.0725,0.2367,0.0788,0.857
25,2021-08-21,0.7367,0.3566,0.2131,0.2327,-0.1035,0.0222
1,2021-08-24,0.0683,0.3356,0.1801,0.3156,0.0151,0.6271
2,2021-08-24,0.4448,0.3302,0.164,0.3252,0.0399,0.9101
3,2021-08-24,0.0171,0.3387,0.1754,0.4132,0.1541,1.0
5,2021-08-24,0.0569,0.3319,0.1679,0.347,0.0583,0.8371
6,2021-08-24,0.0189,0.3274,0.1813,0.3513,0.049,0.6731
7,2021-08-24,0.0315,0.3329,0.1718,0.317,0.0453,0.8869
8,2021-08-24,0.1696,0.3411,0.1696,0.3268,0.0411,0.9249
9,2021-08-24,0.2778,0.3877,0.2105,0.3854,0.0717,0.9209
10,2021-08-24,0.022,0.3477,0.1938,0.3225,0.0153,0.7339
11,2021-08-24,0.0103,0.3617,0.2161,0.3041,-0.0161,0.2759
12,2021-08-24,0.2663,0.3538,0.1812,0.3409,0.0348,0.8643
13,2021-08-24,0.0236,0.3277,0.1758,0.3159,0.0335,0.8571
14,2021-08-24,0.0509,0.3558,0.1843,0.4284,0.1631,1.0
15,2021-08-24,0.1006,0.3566,0.1981,0.3119,0.002,0.5311
16,2021-08-24,0.0106,0.3508,0.2111,0.296,-0.01,0.381
18,2021-08-24,0.0934,0.3644,0.1685,0.3682,0.0697,0.8905
19,2021-08-24,0.0223,0.3384,0.1975,0.286,-0.0118,0.4
21,2021-08-24,0.11,0.3652,0.1961,0.3543,0.0459,0.996
22,2021-08-24,0.7313,0.3767,0.2071,0.372,0.068,0.9987
23,2021-08-24,0.0921,0.3352,0.2097,0.2949,-0.0025,0.4468
24,2021-08-24,0.0421,0.1462,0.0546,0.2071,0.0855,1.0
25,2021-08-24,0.4538,0.3556,0.229,0.2677,-0.0508,0.0108
1,2021-08-26,0.9982,0.233,0.1152,0.2848,0.0452,0.7431
2,2021-08-26,0.7444,0.276,0.1282,0.313,0.085,0.9267
3,2021-08-26,0.9998,0.1958,0.0748,0.4258,0.2564,0.9653
4,2021-08-26,0.9184,0.2334,0.1087,0.327,0.1194,0.9257
5,2021-08-26,0.9697,0.2099,0.0922,0.3157,0.123,0.9148
6,2021-08-26,0.9978,0.1903,0.088,0.2882,0.1003,0.8637
7,2021-08-26,0.8551,0.2252,0.114,0.3264,0.1224,0.8767
8,2021-08-26,0.9779,0.2481,0.1171,0.3096,0.0989,0.9428
9,2021-08-26,0.95,0.2761,0.1401,0.3344,0.0772,0.8098
10,2021-08-26,0.9363,0.2083,0.0959,0.3061,0.1014,0.9022
11,2021-08-26,1.0,0.2023,0.0965,0.2843,0.086,0.8777
12,2021-08-26,0.9614,0.2422,0.1055,0.3257,0.1018,0.9272
13,2021-08-26,0.9983,0.2435,0.1119,0.3128,0.0987,0.9507
14,2021-08-26,0.9923,0.2407,0.1086,0.4184,0.2032,0.9937
15,2021-08-26,0.9829,0.2502,0.1289,0.291,0.0521,0.8024
16,2021-08-26,0.9997,0.2039,0.1069,0.2388,0.0262,0.6697
17,2021-08-26,0.8529,0.2132,0.0759,0.3526,0.1889,0.9917
18,2021-08-26,1.0,0.2368,0.1048,0.3913,0.1798,0.8803
19,2021-08-26,1.0,0.1815,0.0821,0.294,0.0702,0.894
20,2021-08-26,0.9899,0.1584,0.0748,0.2001,0.04,0.7589
21,2021-08-26,1.0,0.2283,0.1114,0.3377,0.0917,0.9241
22,2021-08-26,0.7229,0.3662,0.2036,0.346,0.0543,0.9043
23,2021-08-26,0.9936,0.2281,0.1138,0.292,0.068,0.8866
24,2021-08-26,1.0,0.1515,0.0636,0.2309,0.112,0.9829
25,2021-08-26,0.9935,0.3244,0.1971,0.2613,-0.0186,0.2963
1,2021-08-29,0.0347,0.3502,0.1821,0.2788,-0.023,0.2857
2,2021-08-29,0.4005,0.3317,0.1632,0.2726,-0.0115,0.3632
5,2021-08-29,0.0356,0.3387,0.1681,0.2939,0.0254,0.7828
8,2021-08-29,0.1296,0.3371,0.1659,0.2759,-0.0003,0.4926
9,2021-08-29,0.236,0.3766,0.2017,0.3329,0.0265,0.7354
12,2021-08-29,0.2123,0.3435,0.1719,0.2988,0.0013,0.514
14,2021-08-29,0.0163,0.3626,0.1866,0.368,0.081,1.0
15,2021-08-29,0.0623,0.3502,0.1895,0.2701,-0.0404,0.1467
18,2021-08-29,0.0865,0.3621,0.1715,0.2984,-0.0167,0.345
21,2021-08-29,0.0408,0.3523,0.1828,0.3005,0.011,0.7826
22,2021-08-29,0.714,0.3557,0.1902,0.3265,0.0476,0.9863
23,2021-08-29,0.0255,0.34,0.2107,0.2581,-0.0667,0.0
25,2021-08-29,0.1828,0.3463,0.2096,0.2341,-0.0762,0.0
1,2021-08-31,0.2251,0.2696,0.1214,0.2696,0.035,0.6368
2,2021-08-31,0.4335,0.3734,0.18,0.2684,-0.0692,0.1291
3,2021-08-31,0.2146,0.1659,0.064,0.3,0.1602,0.9465
4,2021-08-31,0.3342,0.2491,0.1137,0.2546,0.0474,0.7581
5,2021-08-31,0.4513,0.2016,0.0763,0.28,0.1025,0.8546
6,2021-08-31,0.1226,0.2023,0.0825,0.2335,0.0569,0.8093
7,2021-08-31,0.19,0.2133,0.0873,0.2894,0.1048,0.897
8,2021-08-31,0.2737,0.3612,0.161,0.2767,-0.0258,0.3975
9,2021-08-31,0.4699,0.3894,0.1966,0.3067,-0.0331,0.3501
10,2021-08-31,0.313,0.2296,0.0982,0.2439,0.0502,0.7014
11,2021-08-31,0.1676,0.2064,0.0939,0.2384,0.0533,0.7479
12,2021-08-31,0.3442,0.3541,0.174,0.2909,-0.0196,0.421
13,2021-08-31,0.2763,0.2658,0.1166,0.2582,0.0361,0.7624
14,2021-08-31,0.3144,0.2057,0.0789,0.3181,0.1467,0.9274
15,2021-08-31,0.3711,0.2582,0.119,0.2523,0.026,0.6096
16,2021-08-31,0.2349,0.2095,0.0987,0.2073,0.0129,0.5728
17,2021-08-31,0.0407,0.2984,0.1329,0.2999,0.0752,0.9333
18,2021-08-31,0.1496,0.3762,0.164,0.297,-0.0646,0.3623
19,2021-08-31,0.1574,0.1924,0.0788,0.2241,0.0287,0.6604
20,2021-08-31,0.0759,0.1879,0.0852,0.1577,-0.013,0.431
21,2021-08-31,0.4547,0.3554,0.1626,0.2775,-0.0071,0.4517
22,2021-08-31,0.7724,0.4099,0.2215,0.3149,-0.0493,0.2123
23,2021-08-31,0.0348,0.3712,0.2268,0.2572,-0.1083,0.2676
24,2021-08-31,0.2186,0.2181,0.0837,0.2769,0.0896,0.8307
25,2021-08-31,0.5092,0.3779,0.214,0.2402,-0.107,0.0534
1,2021-09-03,0.139,0.3449,0.1648,0.3105,0.0166,0.5599
2,2021-09-03,0.5886,0.3559,0.1616,0.3002,0.0003,0.5001
3,2021-09-03,0.0196,0.3796,0.191,0.3401,0.0321,0.7306
4,2021-09-03,0.0047,0.3539,0.1665,0.335,0.0545,0.9831
5,2021-09-03,0.0791,0.3336,0.1527,0.3143,0.0416,0.7584
6,2021-09-03,0.0276,0.3681,0.1877,0.3292,0.0441,0.6875
7,2021-09-03,0.1242,0.3689,0.1683,0.3184,0.0207,0.6376
8,2021-09-03,0.2898,0.3443,0.155,0.2955,0.0207,0.6562
9,2021-09-03,0.3625,0.4161,0.2131,0.3505,0.0047,0.5295
10,2021-09-03,0.071,0.3615,0.1863,0.3009,-0.0031,0.4863
11,2021-09-03,0.0325,0.3369,0.1731,0.2938,0.0257,0.6885
12,2021-09-03,0.3736,0.3662,0.1725,0.3145,0.0101,0.5588
13,2021-09-03,0.0359,0.3389,0.1637,0.2735,-0.0176,0.2941
14,2021-09-03,0.0817,0.3824,0.1811,0.3601,0.0677,0.8912
15,2021-09-03,0.1882,0.3597,0.1686,0.3151,0.0283,0.6279
16,2021-09-03,0.0497,0.3469,0.1784,0.2756,0.0252,0.5867
17,2021-09-03,0.016,0.3376,0.1593,0.2969,0.031,0.8475
18,2021-09-03,0.0984,0.3977,0.1809,0.3261,-0.0289,0.3596
19,2021-09-03,0.1312,0.3738,0.203,0.2797,-0.0614,0.0724
20,2021-09-03,0.0245,0.3395,0.1754,0.2242,-0.0749,0.0533
21,2021-09-03,0.1792,0.3785,0.1845,0.3116,-0.0015,0.4678
22,2021-09-03,0.8977,0.3773,0.1928,0.3339,0.0447,0.797
23,2021-09-03,0.1499,0.3845,0.2198,0.2888,-0.0587,0.098
24,2021-09-03,0.0746,0.1689,0.0691,0.1123,-0.0326,0.1832
25,2021-09-03,0.6899,0.3933,0.2312,0.2759,-0.0827,0.0915
1,2021-09-05,0.139,0.3141,0.1426,0.2827,-0.0154,0.4489
2,2021-09-05,0.4886,0.4013,0.1965,0.2868,-0.0696,0.1341
3,2021-09-05,0.1403,0.1821,0.0674,0.3557,0.2043,0.9249
4,2021-09-05,0.0327,0.2799,0.1293,0.2282,-0.0131,0.4442
5,2021-09-05,0.1163,0.2827,0.1153,0.2916,0.0086,0.5239
6,2021-09-05,0.0622,0.2046,0.0895,0.2639,0.0483,0.6822
7,2021-09-05,0.1231,0.3493,0.1467,0.3118,0.0105,0.5748
8,2021-09-05,0.2571,0.3952,0.1879,0.2835,-0.0496,0.2202
9,2021-09-05,0.3421,0.4379,0.2235,0.3316,-0.0462,0.2589
10,2021-09-05,0.0954,0.2743,0.1251,0.2845,0.0315,0.5993
11,2021-09-05,0.099,0.2328,0.1135,0.2566,0.0304,0.6165
12,2021-09-05,0.2924,0.4192,0.2054,0.3082,-0.0593,0.1236
13,2021-09-05,0.1062,0.3297,0.1442,0.2787,0.0199,0.6123
14,2021-09-05,0.1527,0.2765,0.0983,0.3547,0.1062,0.8711
15,2021-09-05,0.219,0.341,0.1425,0.2852,-0.0099,0.4615
16,2021-09-05,0.224,0.22,0.1059,0.2046,-0.0161,0.4299
18,2021-09-05,0.1067,0.4396,0.1995,0.3194,-0.0667,0.1969
19,2021-09-05,0.1128,0.1889,0.0902,0.2878,0.0435,0.6184
20,2021-09-05,0.0337,0.2469,0.0906,0.1596,-0.0621,0.233
21,2021-09-05,0.3789,0.3904,0.1832,0.3094,-0.0241,0.3583
22,2021-09-05,0.8037,0.454,0.254,0.3235,-0.0826,0.1209
23,2021-09-05,0.121,0.3952,0.2276,0.2728,-0.0955,0.1336
24,2021-09-05,0.0945,0.2065,0.0897,0.1231,-0.0508,0.1988
25,2021-09-05,0.6279,0.4181,0.2356,0.2547,-0.1215,0.0329
1,2021-09-08,0.1238,0.339,0.1755,0.3156,0.0348,0.7488
2,2021-09-08,0.5665,0.3484,0.1718,0.3204,0.033,0.7668
3,2021-09-08,0.9773,0.2024,0.0826,0.4031,0.2202,0.951
4,2021-09-08,0.0091,0.3203,0.1734,0.3501,0.0682,0.8
5,2021-09-08,0.0981,0.3286,0.1565,0.3332,0.0509,0.7847
6,2021-09-08,0.0425,0.3178,0.1537,0.3349,0.0756,0.678
7,2021-09-08,0.5256,0.2777,0.1279,0.3241,0.0952,0.8575
8,2021-09-08,0.2723,0.3442,0.1687,0.3237,0.0494,0.8759
9,2021-09-08,0.492,0.3834,0.2066,0.3693,0.0581,0.8132
10,2021-09-08,0.3193,0.2586,0.1135,0.3131,0.0757,0.8315
11,2021-09-08,0.9995,0.2031,0.0983,0.265,0.0685,0.8094
12,2021-09-08,0.3932,0.3672,0.1865,0.3426,0.039,0.8186
13,2021-09-08,0.0663,0.3397,0.167,0.3245,0.0494,0.9045
14,2021-09-08,0.5048,0.2077,0.0874,0.4107,0.2087,0.9919
15,2021-09-08,0.1646,0.3581,0.1855,0.319,0.021,0.6988
16,2021-09-08,0.9313,0.2175,0.1159,0.2239,0.0055,0.5331
18,2021-09-08,0.1396,0.3865,0.177,0.3682,0.0497,0.7386
19,2021-09-08,0.8756,0.1878,0.0871,0.2918,0.0518,0.766
20,2021-09-08,0.0773,0.1898,0.0886,0.2131,0.026,0.6398
21,2021-09-08,0.1854,0.3762,0.1945,0.3502,0.0466,0.9856
22,2021-09-08,0.8603,0.3952,0.2205,0.3561,0.04,0.9104
23,2021-09-08,0.4174,0.2729,0.144,0.3143,0.0689,0.912
24,2021-09-08,0.0933,0.1511,0.0561,0.2015,0.1063,0.9634
25,2021-09-08,0.8096,0.3623,0.2146,0.2725,-0.0365,0.1022
1,2021-09-10,0.0426,0.3728,0.1919,0.3132,-0.0037,0.4596
2,2021-09-10,0.3979,0.3626,0.1842,0.3187,0.0146,0.6362
3,2021-09-10,0.0052,0.3849,0.2007,0.4065,0.1036,1.0
5,2021-09-10,0.0373,0.3874,0.196,0.3421,0.027,0.7775
7,2021-09-10,0.0499,0.149,0.0371,0.2879,0.2197,1.0
8,2021-09-10,0.1173,0.3684,0.1924,0.3241,0.0297,0.7346
9,2021-09-10,0.2506,0.4187,0.2296,0.3843,0.0467,0.8351
12,2021-09-10,0.1438,0.3734,0.2015,0.3347,0.0184,0.7604
13,2021-09-10,0.0093,0.3519,0.1637,0.3048,0.0295,0.9318
14,2021-09-10,0.024,0.3933,0.2037,0.426,0.1257,1.0
15,2021-09-10,0.0585,0.3812,0.2091,0.3104,-0.0205,0.3251
18,2021-09-10,0.099,0.3882,0.1986,0.3537,0.0279,0.7682
21,2021-09-10,0.0639,0.3965,0.2127,0.3621,0.0332,0.9931
22,2021-09-10,0.6991,0.4055,0.2323,0.3471,0.0129,0.6444
23,2021-09-10,0.0235,0.3864,0.2431,0.325,-0.0327,0.0417
24,2021-09-10,0.0677,0.187,0.0679,0.2417,0.1276,1.0
25,2021-09-10,0.161,0.4006,0.2403,0.2908,-0.0614,0.0034
1,2021-09-15,0.706,0.2928,0.1423,0.2792,0.0059,0.5214
2,2021-09-15,0.6945,0.4301,0.2122,0.3106,-0.0629,0.2544
3,2021-09-15,0.7326,0.2348,0.1065,0.321,0.1184,0.8177
4,2021-09-15,0.4052,0.294,0.1372,0.2978,0.0416,0.6825
5,2021-09-15,0.2718,0.294,0.139,0.3093,0.0177,0.5523
6,2021-09-15,0.754,0.2218,0.1062,0.25,0.0403,0.6645
7,2021-09-15,0.5184,0.3391,0.1541,0.3135,0.0274,0.6068
8,2021-09-15,0.4367,0.4225,0.2065,0.3235,-0.0222,0.4066
9,2021-09-15,0.6437,0.4233,0.2175,0.3387,-0.0362,0.3834
10,2021-09-15,0.3767,0.2987,0.1466,0.2845,0.0134,0.5432
11,2021-09-15,0.6056,0.2286,0.1099,0.2516,0.0489,0.7365
12,2021-09-15,0.6234,0.3975,0.1941,0.3241,-0.0182,0.4407
13,2021-09-15,0.6042,0.3247,0.1481,0.2883,0.0214,0.6195
14,2021-09-15,0.6246,0.2935,0.1328,0.3332,0.0824,0.7543
15,2021-09-15,0.8859,0.2878,0.1427,0.2713,0.0179,0.5789
16,2021-09-15,0.3756,0.2492,0.1346,0.2186,-0.037,0.3623
17,2021-09-15,0.1132,0.3587,0.1499,0.3376,0.0703,0.8153
18,2021-09-15,0.5546,0.288,0.1286,0.3377,0.0644,0.6371
19,2021-09-15,0.4682,0.304,0.1332,0.2768,-0.0216,0.4299
20,2021-09-15,0.6373,0.2158,0.1055,0.1624,-0.041,0.2686
21,2021-09-15,0.6668,0.365,0.1699,0.3236,0.0044,0.5236
22,2021-09-15,0.9771,0.4917,0.275,0.3533,-0.0972,0.2936
23,2021-09-15,0.4772,0.3492,0.1793,0.2948,-0.0385,0.4055
24,2021-09-15,0.4143,0.2231,0.1077,0.1173,-0.058,0.3283
25,2021-09-15,0.8879,0.4418,0.256,0.277,-0.1176,0.1121
1,2021-09-18,0.7839,0.2638,0.1315,0.2673,0.003,0.5099
2,2021-09-18,0.9279,0.3844,0.1781,0.2961,-0.0541,0.3092
3,2021-09-18,0.9156,0.2259,0.1004,0.3216,0.1192,0.8147
4,2021-09-18,0.7733,0.2827,0.134,0.2725,0.0171,0.5732
5,2021-09-18,0.7764,0.245,0.1149,0.2916,0.0484,0.6203
6,2021-09-18,0.7374,0.2225,0.1089,0.232,0.0191,0.5778
7,2021-09-18,0.8169,0.3031,0.1382,0.2848,0.0097,0.5286
8,2021-09-18,0.8782,0.3577,0.1625,0.2903,-0.0339,0.3958
9,2021-09-18,0.8307,0.3948,0.1956,0.3149,-0.0457,0.3504
10,2021-09-18,0.9318,0.2723,0.1286,0.2568,0.0,0.4996
11,2021-09-18,0.9957,0.2288,0.1089,0.2367,0.0287,0.6299
12,2021-09-18,0.8003,0.3613,0.1611,0.3119,-0.0284,0.4426
13,2021-09-18,0.7389,0.3212,0.1471,0.2618,-0.022,0.3829
14,2021-09-18,0.8333,0.2621,0.1157,0.3371,0.106,0.7787
15,2021-09-18,0.8758,0.2906,0.1424,0.2691,0.0146,0.5529
16,2021-09-18,0.9539,0.2438,0.1262,0.1867,-0.0542,0.2744
17,2021-09-18,0.4642,0.2942,0.1257,0.3051,0.0548,0.7082
18,2021-09-18,0.7042,0.2713,0.1193,0.3394,0.0957,0.6918
19,2021-09-18,0.9302,0.2291,0.1115,0.2411,-0.0419,0.3604
20,2021-09-18,0.6481,0.2236,0.1071,0.1438,-0.0787,0.1318
21,2021-09-18,0.8323,0.2595,0.1201,0.294,0.0121,0.533
22,2021-09-18,0.9738,0.4904,0.2775,0.3246,-0.1409,0.1363
23,2021-09-18,0.8839,0.3128,0.1499,0.2666,-0.0384,0.3847
24,2021-09-18,0.7786,0.2144,0.105,0.1394,-0.0602,0.4313
25,2021-09-18,0.9788,0.4803,0.2706,0.2584,-0.1866,0.0706
1,2021-09-20,0.6211,0.2411,0.119,0.2803,0.0404,0.6639
2,2021-09-20,0.6262,0.3903,0.1858,0.3036,-0.0489,0.2725
3,2021-09-20,0.946,0.2022,0.0898,0.3497,0.1629,0.9026
4,2021-09-20,0.7398,0.2584,0.1194,0.2959,0.0674,0.8174
5,2021-09-20,0.6661,0.2231,0.0971,0.3108,0.1058,0.7981
6,2021-09-20,0.6878,0.2046,0.095,0.2664,0.0714,0.8128
7,2021-09-20,0.5209,0.2282,0.1031,0.3026,0.0935,0.8217
8,2021-09-20,0.4365,0.3714,0.1715,0.3032,-0.0209,0.4037
9,2021-09-20,0.7438,0.3692,0.1893,0.3279,-0.009,0.4623
10,2021-09-20,0.9164,0.2328,0.1094,0.2722,0.0544,0.6834
11,2021-09-20,0.9581,0.204,0.0992,0.2532,0.0611,0.7718
12,2021-09-20,0.7357,0.3037,0.1382,0.3207,0.0223,0.5471
13,2021-09-20,0.7243,0.2734,0.1273,0.2796,0.0373,0.7412
14,2021-09-20,0.6996,0.2258,0.1008,0.3555,0.1466,0.9145
15,2021-09-20,0.7401,0.2641,0.1297,0.281,0.0385,0.6501
16,2021-09-20,0.943,0.2066,0.1096,0.2065,-0.001,0.4937
17,2021-09-20,0.155,0.2501,0.0971,0.3364,0.1421,0.9492
18,2021-09-20,0.8065,0.2539,0.1133,0.3602,0.1333,0.7796
19,2021-09-20,0.6473,0.1783,0.0821,0.2619,0.0501,0.728
20,2021-09-20,0.6776,0.1911,0.0932,0.1747,-0.0114,0.4266
21,2021-09-20,0.7045,0.2159,0.105,0.3093,0.0394,0.5945
22,2021-09-20,0.7991,0.44,0.2499,0.3309,-0.0644,0.1526
23,2021-09-20,0.5982,0.2588,0.1228,0.2668,0.0082,0.525
24,2021-09-20,0.5561,0.1857,0.077,0.2498,0.0861,0.7247
25,2021-09-20,0.8025,0.4095,0.2388,0.259,-0.1166,0.0332
1,2021-09-23,0.925,0.2622,0.1324,0.3178,0.0399,0.6197
2,2021-09-23,0.9647,0.3906,0.1704,0.3482,-0.0055,0.4806
3,2021-09-23,0.9729,0.23,0.1006,0.4176,0.213,0.8795
4,2021-09-23,0.9709,0.2685,0.1231,0.3431,0.0925,0.8004
5,2021-09-23,0.9068,0.2458,0.1098,0.353,0.112,0.751
6,2021-09-23,0.8427,0.225,0.1066,0.3081,0.0923,0.7651
7,2021-09-23,0.8535,0.3067,0.1396,0.3629,0.0949,0.7438
8,2021-09-23,0.922,0.3522,0.1526,0.3503,0.0303,0.5885
9,2021-09-23,0.9449,0.3923,0.1869,0.3885,0.0103,0.531
10,2021-09-23,0.9821,0.2671,0.121,0.3339,0.0734,0.6727
11,2021-09-23,0.9972,0.2348,0.1155,0.2948,0.0767,0.752
12,2021-09-23,0.9169,0.3289,0.1392,0.3683,0.0303,0.5582
13,2021-09-23,0.9759,0.3129,0.1398,0.3323,0.0488,0.7095
14,2021-09-23,0.9056,0.269,0.1231,0.4333,0.1876,0.8918
15,2021-09-23,0.9396,0.298,0.1483,0.3262,0.0471,0.636
16,2021-09-23,0.9412,0.2496,0.1306,0.2543,0.004,0.5148
17,2021-09-23,0.7823,0.2896,0.1112,0.3682,0.1334,0.9067
18,2021-09-23,0.9433,0.2725,0.1109,0.4251,0.1844,0.7902
19,2021-09-23,0.8759,0.2252,0.1108,0.3103,0.0282,0.5753
20,2021-09-23,0.7264,0.2343,0.1112,0.2303,-0.003,0.4845
21,2021-09-23,0.8629,0.2713,0.1257,0.3598,0.0519,0.6535
22,2021-09-23,0.9612,0.4969,0.2742,0.3711,-0.0945,0.2295
23,2021-09-23,0.8907,0.3202,0.1579,0.3274,0.0199,0.5501
24,2021-09-23,0.9499,0.1976,0.0917,0.2123,0.0288,0.5518
25,2021-09-23,0.9608,0.4777,0.2694,0.3148,-0.1231,0.1155
1,2021-09-25,0.8287,0.2442,0.127,0.2989,0.0431,0.6823
2,2021-09-25,0.702,0.3518,0.173,0.3238,0.0237,0.6183
3,2021-09-25,0.9759,0.2077,0.0968,0.3882,0.1878,0.8912
4,2021-09-25,0.9049,0.2539,0.1239,0.332,0.1031,0.8849
5,2021-09-25,0.8496,0.2355,0.1116,0.338,0.1171,0.831
6,2021-09-25,0.9112,0.2026,0.1041,0.2885,0.077,0.7948
7,2021-09-25,0.9339,0.2643,0.127,0.3433,0.1077,0.8143
8,2021-09-25,0.4891,0.3384,0.159,0.3404,0.0662,0.795
9,2021-09-25,0.9123,0.3497,0.1803,0.366,0.0427,0.6843
10,2021-09-25,0.9788,0.241,0.1145,0.3127,0.0763,0.7309
11,2021-09-25,1.0,0.2041,0.1062,0.2804,0.0776,0.8012
12,2021-09-25,0.9238,0.3006,0.1411,0.3388,0.0518,0.6768
13,2021-09-25,0.9251,0.2755,0.1321,0.3176,0.0717,0.8521
14,2021-09-25,0.8953,0.2424,0.1166,0.4138,0.1839,0.9697
15,2021-09-25,0.9343,0.2627,0.1393,0.3065,0.0521,0.7089
16,2021-09-25,0.9802,0.2207,0.1221,0.2449,0.0115,0.5558
17,2021-09-25,0.7747,0.2605,0.1127,0.3569,0.1517,0.9818
18,2021-09-25,0.95,0.2566,0.1164,0.3896,0.1607,0.8082
19,2021-09-25,0.9142,0.1958,0.0988,0.2794,0.0242,0.6038
20,2021-09-25,0.9381,0.2017,0.1069,0.2028,-0.0087,0.4595
21,2021-09-25,0.8984,0.2351,0.1199,0.3531,0.0839,0.9175
22,2021-09-25,0.9607,0.4207,0.2429,0.344,-0.0264,0.3711
23,2021-09-25,0.929,0.2726,0.1414,0.2902,0.0175,0.567
24,2021-09-25,0.7183,0.1735,0.0781,0.246,0.0964,0.7219
25,2021-09-25,0.9178,0.3976,0.2359,0.2845,-0.072,0.0836
1,2021-09-28,0.0957,0.3146,0.171,0.2904,0.0102,0.5596
2,2021-09-28,0.5856,0.3199,0.1627,0.2928,0.023,0.7233
3,2021-09-28,0.014,0.335,0.1791,0.3292,0.0502,0.9897
4,2021-09-28,0.0033,0.3196,0.174,0.3354,0.0635,1.0
5,2021-09-28,0.0839,0.3003,0.1488,0.3002,0.0391,0.7618
6,2021-09-28,0.0189,0.3219,0.1738,0.3177,0.0436,0.7177
7,2021-09-28,0.0688,0.3319,0.1684,0.3258,0.0473,0.8344
8,2021-09-28,0.3107,0.312,0.1535,0.2899,0.0334,0.7513
9,2021-09-28,0.375,0.3669,0.2038,0.3341,0.0259,0.7144
10,2021-09-28,0.0427,0.3244,0.1852,0.2802,-0.0009,0.4979
11,2021-09-28,0.0147,0.3126,0.1761,0.2854,0.0225,0.7831
12,2021-09-28,0.3809,0.3281,0.1645,0.307,0.034,0.7594
13,2021-09-28,0.0152,0.2999,0.1552,0.2545,-0.0156,0.1944
14,2021-09-28,0.073,0.3346,0.1652,0.3468,0.0861,0.9934
15,2021-09-28,0.1446,0.3204,0.1752,0.2929,0.0172,0.6223
16,2021-09-28,0.0139,0.3198,0.1893,0.2666,-0.0089,0.3818
17,2021-09-28,0.0141,0.2976,0.1589,0.2956,0.0546,1.0
18,2021-09-28,0.1142,0.355,0.1758,0.2907,-0.03,0.2712
20,2021-09-28,0.0131,0.2861,0.1571,0.2063,-0.0449,0.075
21,2021-09-28,0.1704,0.3409,0.1841,0.3154,0.0281,0.9141
22,2021-09-28,0.8687,0.3546,0.1965,0.3263,0.0376,0.7719
23,2021-09-28,0.1088,0.312,0.1937,0.257,-0.0369,0.0676
24,2021-09-28,0.1554,0.1507,0.0678,0.091,-0.0398,0.2015
25,2021-09-28,0.4135,0.3158,0.1982,0.2468,-0.0301,0.0829
1,2021-09-30,0.0866,0.354,0.1887,0.2984,-0.0361,0.3582
2,2021-09-30,0.5614,0.3799,0.1932,0.2962,-0.026,0.3496
3,2021-09-30,0.0193,0.4182,0.2226,0.354,0.0073,0.5393
4,2021-09-30,0.0108,0.2007,0.1156,0.0564,-0.1001,0.25
5,2021-09-30,0.1213,0.3204,0.1431,0.3059,-0.027,0.4106
6,2021-09-30,0.0227,0.3787,0.1986,0.322,0.014,0.552
7,2021-09-30,0.0847,0.381,0.188,0.3274,0.0003,0.5027
8,2021-09-30,0.3224,0.3647,0.1777,0.3071,0.0113,0.563
9,2021-09-30,0.3432,0.4389,0.2445,0.3451,-0.0323,0.3338
10,2021-09-30,0.0515,0.3863,0.2104,0.3009,-0.021,0.3952
11,2021-09-30,0.0259,0.3845,0.2083,0.3006,-0.0067,0.4726
12,2021-09-30,0.3753,0.3912,0.1987,0.3135,-0.0138,0.4189
13,2021-09-30,0.0304,0.3742,0.2045,0.2661,-0.0514,0.1528
14,2021-09-30,0.0768,0.4128,0.2121,0.367,0.0262,0.6719
15,2021-09-30,0.1471,0.3583,0.1888,0.3047,0.0205,0.6007
16,2021-09-30,0.0226,0.3699,0.1991,0.2681,-0.0239,0.4157
17,2021-09-30,0.0176,0.3383,0.1719,0.3075,0.0478,0.8462
18,2021-09-30,0.1164,0.4354,0.2133,0.3227,-0.0611,0.1876
19,2021-09-30,0.0163,0.1833,0.0904,0.1526,-0.0111,0.4182
20,2021-09-30,0.0144,0.3554,0.1988,0.2134,-0.093,0.0
21,2021-09-30,0.1588,0.4045,0.2265,0.3304,-0.0066,0.405
22,2021-09-30,0.9439,0.4131,0.2317,0.3364,-0.0271,0.4
23,2021-09-30,0.1166,0.388,0.2402,0.2846,-0.0712,0.0336
24,2021-09-30,0.2186,0.1849,0.0873,0.0774,-0.0708,0.1615
25,2021-09-30,0.4516,0.3963,0.2438,0.273,-0.0886,0.0301
2,2021-10-03,0.0973,0.2734,0.16,0.2822,0.0425,0.9993
8,2021-10-03,0.0078,0.2546,0.1581,0.2738,0.0526,1.0
22,2021-10-03,0.4631,0.2588,0.1586,0.3017,0.1093,1.0
1,2021-10-05,0.528,0.1747,0.1012,0.2059,0.0183,0.5615
3,2021-10-05,0.9845,0.2161,0.1014,0.3785,0.1718,0.8842
4,2021-10-05,0.0026,0.2618,0.1937,0.1457,-0.1028,0.0
5,2021-10-05,0.0776,0.187,0.113,0.1838,0.0023,0.5067
6,2021-10-05,0.8084,0.1837,0.0944,0.2621,0.0834,0.7966
7,2021-10-05,0.2214,0.3265,0.1577,0.3558,0.1058,0.9007
9,2021-10-05,0.6434,0.3,0.1547,0.2716,0.0303,0.6749
10,2021-10-05,0.2751,0.3135,0.164,0.311,0.0268,0.6017
11,2021-10-05,1.0,0.2093,0.1068,0.2695,0.0656,0.7538
12,2021-10-05,0.0188,0.2283,0.1358,0.1686,-0.0815,0.1485
13,2021-10-05,0.6099,0.2627,0.1212,0.2687,0.0599,0.7414
14,2021-10-05,0.5708,0.2229,0.1071,0.3824,0.1754,0.8801
15,2021-10-05,0.5047,0.2111,0.1142,0.2335,0.0604,0.7539
16,2021-10-05,0.8986,0.2249,0.124,0.2309,-0.0056,0.4757
18,2021-10-05,0.3412,0.1997,0.0864,0.2101,0.0256,0.6248
19,2021-10-05,0.2372,0.1588,0.0758,0.2841,0.059,0.6508
20,2021-10-05,0.2887,0.2086,0.1225,0.2195,0.0215,0.6202
21,2021-10-05,0.3576,0.2014,0.1574,0.2665,-0.0343,0.4082
23,2021-10-05,0.9677,0.2702,0.1449,0.3035,0.0497,0.6673
25,2021-10-05,0.1676,0.2735,0.1878,0.1671,-0.1774,0.0227
1,2021-10-08,0.9925,0.2578,0.1372,0.3045,0.028,0.5871
2,2021-10-08,0.9274,0.4017,0.189,0.3479,-0.0048,0.4841
3,2021-10-08,0.9892,0.2342,0.101,0.4124,0.2036,0.8822
4,2021-10-08,0.7604,0.2826,0.138,0.3357,0.0804,0.7549
5,2021-10-08,0.9163,0.2574,0.1214,0.3424,0.0956,0.7174
6,2021-10-08,0.9618,0.231,0.1165,0.2987,0.0733,0.718
7,2021-10-08,0.9487,0.3098,0.1504,0.3492,0.0743,0.703
8,2021-10-08,0.8158,0.3775,0.173,0.3495,0.0162,0.5587
9,2021-10-08,0.976,0.3894,0.1928,0.3813,0.0101,0.5301
10,2021-10-08,0.9835,0.2842,0.1348,0.3209,0.049,0.615
11,2021-10-08,1.0,0.2282,0.1099,0.2858,0.0758,0.7504
12,2021-10-08,0.949,0.3419,0.1528,0.363,0.027,0.5503
13,2021-10-08,0.9175,0.3332,0.1572,0.3267,0.0261,0.6141
14,2021-10-08,0.9392,0.2752,0.1314,0.4259,0.1746,0.887
15,2021-10-08,0.9408,0.3022,0.1558,0.3237,0.0499,0.6577
16,2021-10-08,0.9965,0.2527,0.1354,0.2428,-0.0096,0.4591
17,2021-10-08,0.5934,0.3016,0.1212,0.3619,0.1156,0.8888
18,2021-10-08,0.8977,0.2856,0.1207,0.4176,0.1794,0.7835
19,2021-10-08,0.9528,0.2268,0.1103,0.2888,0.0065,0.5182
20,2021-10-08,0.9725,0.2381,0.125,0.2052,-0.0367,0.3608
21,2021-10-08,0.992,0.2652,0.1309,0.3584,0.0508,0.6637
22,2021-10-08,0.9458,0.5191,0.2985,0.3611,-0.1382,0.1556
23,2021-10-08,0.8775,0.3305,0.164,0.3188,-0.0055,0.4846
24,2021-10-08,0.9266,0.2375,0.1115,0.2056,0.0145,0.5209
25,2021-10-08,0.9744,0.4885,0.2857,0.3073,-0.1404,0.1022
1,2021-10-10,0.975,0.2624,0.139,0.3218,0.0367,0.6162
2,2021-10-10,0.9787,0.4132,0.1927,0.363,-0.0023,0.4922
3,2021-10-10,0.9991,0.2278,0.1055,0.3752,0.1491,0.8612
4,2021-10-10,0.999,0.2688,0.1308,0.3499,0.0922,0.7983
5,2021-10-10,0.9624,0.2557,0.1196,0.3568,0.1077,0.7374
6,2021-10-10,0.9888,0.2286,0.117,0.3053,0.0737,0.7263
7,2021-10-10,0.9773,0.2892,0.1411,0.3648,0.1036,0.7879
8,2021-10-10,0.9855,0.3574,0.1654,0.3659,0.0457,0.651
9,2021-10-10,0.9447,0.4063,0.2083,0.39,0.0061,0.52
10,2021-10-10,0.994,0.2768,0.1311,0.3408,0.0798,0.6946
11,2021-10-10,1.0,0.2083,0.1023,0.3043,0.1063,0.8516
12,2021-10-10,0.9624,0.3489,0.1537,0.3752,0.0309,0.557
13,2021-10-10,0.9825,0.3166,0.1499,0.3419,0.0627,0.7714
14,2021-10-10,0.9781,0.2693,0.1318,0.4182,0.1706,0.929
15,2021-10-10,0.975,0.3004,0.1568,0.3394,0.0596,0.6885
16,2021-10-10,0.9957,0.2402,0.1295,0.2725,0.0282,0.606
17,2021-10-10,0.9593,0.307,0.1232,0.3776,0.1342,0.9253
18,2021-10-10,0.9364,0.2921,0.1324,0.3782,0.1018,0.698
19,2021-10-10,0.9941,0.2172,0.1083,0.2836,0.0121,0.5445
20,2021-10-10,0.9915,0.2219,0.1137,0.2204,-0.0031,0.484
21,2021-10-10,0.9339,0.2731,0.1363,0.3821,0.0654,0.7088
22,2021-10-10,0.9953,0.5183,0.2882,0.3779,-0.1197,0.2188
23,2021-10-10,0.9882,0.3118,0.1604,0.3149,0.006,0.524
24,2021-10-10,0.9886,0.2244,0.1072,0.2092,0.0359,0.5475
25,2021-10-10,0.9908,0.4645,0.2794,0.3207,-0.1012,0.1236
1,2021-10-13,0.2662,0.3559,0.1802,0.3554,0.0424,0.6254
2,2021-10-13,0.7578,0.4068,0.1938,0.3558,0.0071,0.5288
3,2021-10-13,0.0775,0.3902,0.2008,0.4004,0.0835,0.8343
4,2021-10-13,0.1338,0.3043,0.1438,0.3788,0.0753,0.6497
5,2021-10-13,0.2551,0.3146,0.1424,0.3325,-0.0238,0.4474
6,2021-10-13,0.1257,0.2382,0.1418,0.141,-0.0657,0.4009
7,2021-10-13,0.2637,0.4033,0.1993,0.3916,0.0868,0.825
8,2021-10-13,0.5586,0.3947,0.1825,0.3623,0.0386,0.6232
9,2021-10-13,0.5373,0.4539,0.2405,0.3946,0.0039,0.5148
10,2021-10-13,0.2055,0.3906,0.1987,0.3434,0.0278,0.578
11,2021-10-13,0.1038,0.3664,0.1904,0.3459,0.0726,0.759
12,2021-10-13,0.5234,0.4195,0.2076,0.3611,0.0026,0.5121
13,2021-10-13,0.2409,0.3849,0.1818,0.3627,0.0855,0.7704
14,2021-10-13,0.275,0.41,0.2014,0.4226,0.1326,0.8454
15,2021-10-13,0.2948,0.3818,0.1985,0.3631,0.0634,0.6849
16,2021-10-13,0.1391,0.3877,0.2183,0.3211,0.0272,0.5993
17,2021-10-13,0.1843,0.3351,0.1431,0.3626,0.0716,0.8306
18,2021-10-13,0.2262,0.382,0.1773,0.3515,-0.0256,0.4181
19,2021-10-13,0.2684,0.4042,0.2266,0.3598,0.0114,0.5619
20,2021-10-13,0.0642,0.3577,0.196,0.2758,-0.0329,0.3163
21,2021-10-13,0.3425,0.4251,0.22,0.4198,0.0723,0.9262
22,2021-10-13,0.9804,0.5018,0.2772,0.3859,-0.092,0.3136
23,2021-10-13,0.2984,0.4101,0.2346,0.3399,-0.028,0.3596
24,2021-10-13,0.4377,0.2084,0.0994,0.1028,-0.0666,0.2029
25,2021-10-13,0.9102,0.4478,0.2683,0.3315,-0.0604,0.2277
1,2021-11-04,0.9688,0.2586,0.1415,0.3085,0.0262,0.58
2,2021-11-04,0.9827,0.4299,0.2129,0.3775,-0.0123,0.4634
3,2021-11-04,0.9968,0.2361,0.1212,0.3544,0.1095,0.7793
4,2021-11-04,0.9876,0.2912,0.1484,0.3343,0.0599,0.7094
5,2021-11-04,0.9707,0.2584,0.1313,0.3401,0.0789,0.6785
6,2021-11-04,0.9768,0.2358,0.1289,0.2813,0.0358,0.6283
7,2021-11-04,0.9934,0.3064,0.1511,0.3509,0.0721,0.6921
8,2021-11-04,0.9757,0.3713,0.182,0.3815,0.0382,0.6109
9,2021-11-04,0.9763,0.4085,0.2173,0.378,-0.0214,0.4413
10,2021-11-04,0.9943,0.2903,0.143,0.3173,0.0431,0.6032
11,2021-11-04,1.0,0.2289,0.1141,0.2904,0.0814,0.7856
12,2021-11-04,0.981,0.3501,0.1666,0.3772,0.046,0.5946
13,2021-11-04,0.9745,0.3361,0.1692,0.3229,0.0169,0.5804
14,2021-11-04,0.9789,0.2855,0.1379,0.3967,0.1473,0.8533
15,2021-11-04,0.9937,0.3059,0.1654,0.3266,0.045,0.6517
16,2021-11-04,0.9985,0.2579,0.1435,0.2458,-0.0081,0.4668
17,2021-11-04,0.924,0.3045,0.1405,0.3687,0.1103,0.8975
18,2021-11-04,0.9522,0.2909,0.1456,0.3668,0.0739,0.6521
19,2021-11-04,0.9896,0.2221,0.1157,0.2676,-0.0176,0.4368
20,2021-11-04,0.9938,0.2466,0.1373,0.1803,-0.0751,0.2003
21,2021-11-04,0.9858,0.2649,0.1347,0.3342,0.0562,0.6629
22,2021-11-04,0.9995,0.5223,0.3064,0.3879,-0.1184,0.2613
23,2021-11-04,0.9775,0.3205,0.1739,0.3066,-0.0228,0.4336
24,2021-11-04,0.9846,0.2315,0.1301,0.1905,-0.0055,0.4902
25,2021-11-04,0.9978,0.4944,0.2917,0.3477,-0.0949,0.247
1,2021-11-12,0.9425,0.2556,0.1319,0.3361,0.0725,0.6867
2,2021-11-12,0.9884,0.3792,0.163,0.4049,0.0836,0.6745
3,2021-11-12,0.9831,0.252,0.128,0.359,0.1303,0.8026
4,2021-11-12,0.9671,0.245,0.1048,0.3663,0.1475,0.8435
5,2021-11-12,0.9452,0.2493,0.1171,0.3679,0.1263,0.7474
6,2021-11-12,0.9513,0.2348,0.1214,0.2953,0.0686,0.7136
7,2021-11-12,0.9815,0.2951,0.1352,0.3787,0.1495,0.8155
8,2021-11-12,0.975,0.3333,0.1519,0.395,0.1024,0.7175
9,2021-11-12,0.9551,0.4067,0.2084,0.3872,0.0202,0.5622
10,2021-11-12,0.9834,0.2813,0.1323,0.3261,0.0698,0.6639
11,2021-11-12,1.0,0.2372,0.1223,0.2958,0.0795,0.765
12,2021-11-12,0.9711,0.3339,0.1508,0.3979,0.0826,0.6832
13,2021-11-12,0.9647,0.3084,0.1383,0.3298,0.077,0.7709
14,2021-11-12,0.9565,0.29,0.1417,0.3941,0.167,0.8511
15,2021-11-12,0.9877,0.3051,0.1671,0.3338,0.0584,0.6781
16,2021-11-12,0.998,0.2693,0.1553,0.2381,-0.0226,0.4203
17,2021-11-12,0.8255,0.2907,0.1293,0.3623,0.1241,0.9046
18,2021-11-12,0.9447,0.2887,0.1356,0.3809,0.0997,0.7021
19,2021-11-12,0.9718,0.2332,0.1167,0.278,0.022,0.5686
20,2021-11-12,0.9588,0.2487,0.1375,0.1904,-0.062,0.2489
21,2021-11-12,0.9374,0.2648,0.1269,0.3866,0.1454,0.8751
22,2021-11-12,1.0,0.523,0.2918,0.416,-0.0755,0.3696
23,2021-11-12,0.9775,0.3521,0.1902,0.3427,-0.0069,0.4812
24,2021-11-12,0.9556,0.2327,0.1131,0.2222,0.0312,0.5348
25,2021-11-12,0.9978,0.6045,0.3524,0.4172,-0.1279,0.2257
1,2021-11-14,0.9772,0.1615,-0.0013,0.4519,0.3998,0.8372
2,2021-11-14,0.9981,0.4277,0.1535,0.4304,0.0906,0.629
3,2021-11-14,0.9989,0.2176,0.0854,0.4501,0.2305,0.873
4,2021-11-14,0.996,0.1931,0.0063,0.4543,0.4289,0.8441
5,2021-11-14,0.9766,0.1901,0.0271,0.4548,0.3595,0.7822
6,2021-11-14,0.9833,0.1584,-0.0098,0.4665,0.4178,0.8338
7,2021-11-14,0.9907,0.1791,-0.0285,0.503,0.464,0.9408
8,2021-11-14,0.9971,0.3317,0.1248,0.4579,0.2265,0.7905
9,2021-11-14,0.9851,0.4052,0.1815,0.4751,0.1081,0.6631
10,2021-11-14,0.9981,0.2044,0.0021,0.4756,0.3884,0.8363
11,2021-11-14,1.0,-0.0353,-0.207,0.5874,0.7208,0.9693
12,2021-11-14,0.9873,0.3114,0.1183,0.4205,0.144,0.6844
13,2021-11-14,0.9823,0.2785,0.0909,0.3904,0.2107,0.8165
14,2021-11-14,1.0,0.1118,-0.0642,0.5725,0.6028,0.9637
15,2021-11-14,0.9928,0.1531,-0.0326,0.4928,0.4698,0.9021
16,2021-11-14,1.0,0.0441,-0.1251,0.5576,0.6146,0.9584
17,2021-11-14,0.9647,0.3013,0.1056,0.4352,0.2228,0.9479
18,2021-11-14,0.9397,0.2914,0.125,0.3884,0.1037,0.6502
19,2021-11-14,0.9635,0.1903,0.0629,0.415,0.1355,0.6958
20,2021-11-14,0.9869,0.175,-0.0141,0.4065,0.3245,0.7701
21,2021-11-14,0.98,0.1599,0.009,0.4709,0.3239,0.9516
22,2021-11-14,0.9925,0.6071,0.3417,0.4201,-0.2008,0.2556
23,2021-11-14,0.9863,0.2996,0.1199,0.3961,0.1192,0.6061
24,2021-11-14,0.9596,0.2438,0.1214,0.177,-0.0145,0.4875
25,2021-11-14,1.0,0.6633,0.3547,0.4435,-0.1328,0.2927
1,2021-11-17,0.9315,0.1613,0.0442,0.3743,0.2595,0.8297
2,2021-11-17,0.9664,0.343,0.1578,0.3696,0.0738,0.7004
3,2021-11-17,0.99,0.205,0.0982,0.3651,0.1549,0.8787
4,2021-11-17,0.8781,0.2368,0.1087,0.3477,0.1187,0.8392
5,2021-11-17,0.8859,0.2179,0.1087,0.3385,0.119,0.764
6,2021-11-17,0.9241,0.1876,0.0882,0.3202,0.1249,0.7904
7,2021-11-17,0.9794,0.2138,0.0809,0.3887,0.2265,0.9038
8,2021-11-17,0.9348,0.3063,0.1487,0.3674,0.0946,0.7451
9,2021-11-17,0.939,0.3489,0.1872,0.3734,0.0566,0.6715
10,2021-11-17,0.9772,0.241,0.1092,0.3164,0.0973,0.7263
11,2021-11-17,1.0,0.0979,-0.0448,0.436,0.4253,0.9854
12,2021-11-17,0.9439,0.2835,0.1249,0.3815,0.119,0.793
13,2021-11-17,0.8866,0.2952,0.1454,0.3022,0.0359,0.6426
14,2021-11-17,0.9911,0.1815,0.0593,0.472,0.3594,0.984
15,2021-11-17,0.9969,0.1529,-0.0042,0.4417,0.3886,0.9462
16,2021-11-17,0.9995,0.1409,0.0042,0.3935,0.3306,0.8864
17,2021-11-17,0.5806,0.2738,0.1269,0.3481,0.1117,0.8915
18,2021-11-17,0.8496,0.267,0.1316,0.3489,0.0815,0.6974
19,2021-11-17,0.9421,0.1929,0.0959,0.231,0.0129,0.5509
20,2021-11-17,0.963,0.2004,0.1069,0.2089,-0.0196,0.4439
21,2021-11-17,0.9321,0.1805,0.0594,0.3797,0.2053,0.9543
22,2021-11-17,1.0,0.4532,0.2648,0.3758,-0.0184,0.4584
23,2021-11-17,0.9721,0.2767,0.1315,0.3369,0.0521,0.5827
24,2021-11-17,0.8702,0.2183,0.1185,0.1753,-0.0255,0.4716
25,2021-11-17,1.0,0.5151,0.2939,0.3805,-0.0554,0.3351
1,2021-11-19,0.0898,0.0657,0.0298,0.2662,0.254,0.968
2,2021-11-19,0.2428,0.2703,0.1349,0.4745,0.383,0.9869
3,2021-11-19,0.9656,0.2195,0.1135,0.3605,0.1336,0.8666
4,2021-11-19,0.0626,0.0784,0.0349,0.3589,0.3712,1.0
5,2021-11-19,0.4224,0.0747,0.0098,0.3695,0.3912,0.9874
6,2021-11-19,0.2847,0.1659,0.0773,0.3428,0.2328,0.8975
7,2021-11-19,0.7658,0.1982,0.0633,0.4247,0.3193,0.9226
9,2021-11-19,0.6042,0.2756,0.1451,0.3712,0.1442,0.7988
10,2021-11-19,0.374,0.1094,0.0496,0.3189,0.213,0.9503
11,2021-11-19,0.9787,0.142,0.0138,0.4385,0.3544,0.9826
12,2021-11-19,0.8525,0.2759,0.1354,0.3749,0.1244,0.8418
13,2021-11-19,0.3872,0.0726,0.0376,0.2452,0.2101,0.9449
14,2021-11-19,0.9512,0.2158,0.0925,0.4711,0.2935,0.9773
15,2021-11-19,0.5126,0.0981,-0.0004,0.4405,0.4476,0.962
16,2021-11-19,0.9972,0.1918,0.0691,0.4114,0.256,0.8381
17,2021-11-19,0.1317,-0.0783,-0.1419,0.5454,0.7265,0.9835
18,2021-11-19,0.6381,0.2676,0.1341,0.3617,0.114,0.8042
19,2021-11-19,0.8875,0.1427,0.0571,0.3215,0.2913,0.9294
20,2021-11-19,0.5404,0.0907,0.0392,0.2879,0.2601,0.9443
23,2021-11-19,0.854,0.2187,0.0975,0.3762,0.2171,0.8267
24,2021-11-19,0.1793,0.0046,-0.0387,0.2694,0.3701,0.9905
25,2021-11-19,0.9815,0.4536,0.2677,0.4086,0.0661,0.8703
1,2021-11-22,0.9346,0.2719,0.1438,0.3418,0.0613,0.6551
2,2021-11-22,0.9831,0.4117,0.2013,0.3997,0.0236,0.5491
3,2021-11-22,0.9869,0.2596,0.1379,0.3568,0.1157,0.7676
4,2021-11-22,0.9622,0.2956,0.1509,0.3563,0.0786,0.7373
5,2021-11-22,0.9485,0.2696,0.1329,0.3729,0.0991,0.6933
6,2021-11-22,0.9393,0.2479,0.1337,0.3017,0.0589,0.6818
7,2021-11-22,0.9826,0.3223,0.1639,0.37,0.09,0.7038
8,2021-11-22,0.9779,0.3698,0.18,0.4038,0.0541,0.6213
9,2021-11-22,0.9386,0.4361,0.2281,0.396,-0.0205,0.4436
10,2021-11-22,0.9834,0.297,0.1505,0.3306,0.0555,0.6146
11,2021-11-22,1.0,0.2417,0.1318,0.3008,0.075,0.74
12,2021-11-22,0.9575,0.3631,0.1756,0.4002,0.0449,0.5763
13,2021-11-22,0.9367,0.347,0.1708,0.335,0.0212,0.5894
14,2021-11-22,0.9709,0.301,0.1538,0.3905,0.1466,0.7977
15,2021-11-22,0.9853,0.3175,0.1776,0.3427,0.053,0.6492
16,2021-11-22,0.999,0.2757,0.165,0.2514,-0.0246,0.4084
17,2021-11-22,0.81,0.3048,0.1433,0.3748,0.1084,0.8525
18,2021-11-22,0.9129,0.2987,0.1464,0.3875,0.0913,0.6784
19,2021-11-22,0.976,0.2483,0.1371,0.2777,-0.0047,0.488
20,2021-11-22,0.9604,0.2618,0.1541,0.2001,-0.0751,0.2198
21,2021-11-22,0.9357,0.2779,0.1351,0.3942,0.1093,0.7719
22,2021-11-22,1.0,0.5686,0.3293,0.4261,-0.17,0.2692
23,2021-11-22,0.9598,0.366,0.1984,0.3471,-0.0244,0.4395
24,2021-11-22,0.9493,0.2734,0.1422,0.2157,-0.0096,0.4892
25,2021-11-22,1.0,0.6235,0.3661,0.4204,-0.165,0.21
1,2021-11-24,0.2498,0.3828,0.2097,0.378,0.0234,0.5632
2,2021-11-24,0.9492,0.4241,0.2167,0.3908,0.0026,0.5051
3,2021-11-24,0.8693,0.2458,0.13,0.356,0.1218,0.7934
4,2021-11-24,0.1746,0.3655,0.2006,0.4112,0.0465,0.6065
5,2021-11-24,0.2625,0.3484,0.1821,0.3721,-0.0354,0.4289
6,2021-11-24,0.1203,0.2753,0.1692,0.3283,-0.0659,0.4002
7,2021-11-24,0.5356,0.3825,0.1913,0.3922,0.0814,0.7385
8,2021-11-24,0.8958,0.3756,0.1905,0.401,0.0558,0.6447
9,2021-11-24,0.5657,0.4966,0.28,0.4193,-0.038,0.3753
10,2021-11-24,0.211,0.4365,0.2426,0.3777,-0.0032,0.4874
11,2021-11-24,0.9657,0.2317,0.1264,0.2939,0.0655,0.7337
12,2021-11-24,0.5347,0.467,0.2514,0.3957,-0.0257,0.4166
13,2021-11-24,0.2263,0.4288,0.2231,0.3838,0.0308,0.6035
14,2021-11-24,0.7891,0.2879,0.1464,0.3897,0.1414,0.8153
15,2021-11-24,0.2753,0.411,0.2256,0.3825,0.0448,0.6119
16,2021-11-24,0.8226,0.2533,0.1495,0.2506,-0.0091,0.4633
17,2021-11-24,0.1493,0.3862,0.2116,0.3968,0.0735,0.8164
18,2021-11-24,0.2226,0.4359,0.2267,0.3757,-0.0882,0.282
19,2021-11-24,0.3239,0.4886,0.2775,0.3947,-0.0635,0.3025
20,2021-11-24,0.0841,0.4087,0.2288,0.3057,-0.0891,0.1868
21,2021-11-24,0.366,0.4697,0.263,0.4469,0.0436,0.7212
22,2021-11-24,0.9986,0.5398,0.3278,0.4119,-0.1308,0.2742
23,2021-11-24,0.3248,0.4612,0.2714,0.3614,-0.0863,0.2066
24,2021-11-24,0.4434,0.2533,0.1392,0.0877,-0.1184,0.1515
25,2021-11-24,0.9592,0.5674,0.3374,0.3829,-0.1488,0.152
1,2021-11-27,0.9589,0.2951,0.159,0.3396,0.0344,0.5836
2,2021-11-27,0.9779,0.4464,0.2146,0.4175,0.0016,0.5027
3,2021-11-27,0.9871,0.2707,0.1383,0.3689,0.1193,0.7614
4,2021-11-27,0.9829,0.3128,0.1555,0.3689,0.0818,0.7089
5,2021-11-27,0.968,0.2909,0.146,0.3776,0.0785,0.6402
6,2021-11-27,0.9738,0.2623,0.1396,0.3033,0.0431,0.6181
7,2021-11-27,0.9824,0.349,0.1774,0.3883,0.0927,0.6948
8,2021-11-27,0.9803,0.3967,0.1917,0.4172,0.0372,0.5784
9,2021-11-27,0.9792,0.4646,0.2472,0.4055,-0.0509,0.3869
10,2021-11-27,0.9936,0.3316,0.1672,0.336,0.0212,0.5439
11,2021-11-27,0.9993,0.258,0.1349,0.3093,0.0667,0.7094
12,2021-11-27,0.9881,0.3882,0.1886,0.413,0.0147,0.5176
13,2021-11-27,0.9848,0.3763,0.1825,0.3384,0.0127,0.5436
14,2021-11-27,0.9832,0.3153,0.1618,0.4003,0.1373,0.7755
15,2021-11-27,0.9947,0.3434,0.1903,0.3451,0.0267,0.5744
16,2021-11-27,0.9995,0.2985,0.1736,0.2583,-0.0365,0.3747
17,2021-11-27,0.8966,0.3333,0.1547,0.3763,0.0823,0.7953
18,2021-11-27,0.9693,0.3183,0.1583,0.3938,0.0739,0.6292
19,2021-11-27,0.9786,0.2641,0.1376,0.2923,-0.0118,0.4669
20,2021-11-27,0.9732,0.2792,0.1595,0.193,-0.0985,0.1847
21,2021-11-27,0.9472,0.3,0.157,0.3899,0.0761,0.6848
22,2021-11-27,1.0,0.6257,0.3613,0.4347,-0.2463,0.2224
23,2021-11-27,0.9873,0.3921,0.2058,0.3575,-0.0542,0.3906
24,2021-11-27,0.9345,0.3037,0.152,0.2193,-0.015,0.4836
25,2021-11-27,1.0,0.6947,0.3945,0.4329,-0.2502,0.1284
1,2021-11-29,0.9691,0.2125,0.1041,0.3766,0.1815,0.7914
2,2021-11-29,0.9945,0.3987,0.1747,0.4149,0.085,0.6609
3,2021-11-29,0.9893,0.2499,0.1316,0.3586,0.1012,0.7685
4,2021-11-29,0.9436,0.2082,0.0753,0.4524,0.3066,0.8564
5,2021-11-29,0.9284,0.2299,0.1087,0.3577,0.1237,0.7078
6,2021-11-29,0.9712,0.2112,0.107,0.3114,0.0911,0.7383
7,2021-11-29,0.8748,0.2216,0.0805,0.4424,0.3475,0.9574
8,2021-11-29,0.5183,0.3098,0.1609,0.3525,0.0874,0.6616
9,2021-11-29,0.5698,0.445,0.2502,0.4196,0.0323,0.5845
10,2021-11-29,0.7157,0.2551,0.1232,0.3362,0.1103,0.7779
11,2021-11-29,0.9986,0.2074,0.0936,0.3365,0.1436,0.8708
12,2021-11-29,0.9966,0.3346,0.1632,0.4196,0.0873,0.7034
13,2021-11-29,0.9618,0.2846,0.1279,0.3409,0.1164,0.8141
14,2021-11-29,0.9914,0.2743,0.1266,0.488,0.2308,0.9218
15,2021-11-29,0.9974,0.3018,0.1576,0.4006,0.1281,0.7785
16,2021-11-29,0.9939,0.2649,0.1502,0.289,0.0328,0.5905
17,2021-11-29,0.6292,0.2483,0.1099,0.3575,0.1705,0.9081
18,2021-11-29,0.9309,0.2975,0.1556,0.3502,0.0499,0.6062
19,2021-11-29,0.981,0.2089,0.1043,0.2448,0.0252,0.5893
20,2021-11-29,0.9885,0.2424,0.1386,0.2072,-0.0485,0.3387
21,2021-11-29,0.9947,0.239,0.1171,0.3771,0.1472,0.8595
22,2021-11-29,0.0607,0.3394,0.1982,0.2972,0.0183,0.5615
23,2021-11-29,0.9868,0.3369,0.1808,0.3169,-0.0191,0.4484
24,2021-11-29,0.9841,0.2089,0.1122,0.1618,-0.0057,0.4945
25,2021-11-29,0.9505,0.5336,0.3123,0.4062,-0.0633,0.3463
1,2021-12-02,0.8276,0.0758,-0.0725,0.4535,0.5198,0.9375
2,2021-12-02,0.8804,0.3441,0.1383,0.41,0.1752,0.8783
3,2021-12-02,0.3531,-0.0101,-0.1714,0.5351,0.6543,0.9865
4,2021-12-02,0.0342,0.0864,-0.0757,0.4033,0.4415,1.0
6,2021-12-02,0.6799,0.0045,-0.1518,0.5069,0.5986,0.8943
8,2021-12-02,0.2455,0.344,0.1576,0.4162,0.1722,0.8359
11,2021-12-02,0.9957,-0.1862,-0.2915,0.4606,0.6904,0.9977
13,2021-12-02,0.1493,0.2772,0.1088,0.3683,0.2069,0.9646
14,2021-12-02,0.261,0.2541,0.0996,0.4839,0.4236,1.0
15,2021-12-02,0.9711,0.0864,-0.049,0.4413,0.4814,0.9717
16,2021-12-02,0.9919,-0.1,-0.2207,0.4335,0.6201,0.999
19,2021-12-02,0.7536,0.1085,-0.0617,0.4848,0.4748,0.8609
20,2021-12-02,0.7751,-0.0311,-0.1782,0.4345,0.5609,0.9772
21,2021-12-02,0.8376,0.1245,-0.0375,0.4773,0.4506,0.9979
23,2021-12-02,0.805,0.2579,0.077,0.4494,0.2923,0.7918
24,2021-12-02,0.3796,0.1884,0.1098,0.0872,-0.0905,0.2414
25,2021-12-02,1.0,0.5767,0.3356,0.4667,0.0134,0.5305
1,2021-12-04,0.8439,0.1628,0.0114,0.4636,0.3942,0.882
2,2021-12-04,0.409,0.377,0.1748,0.394,0.0858,0.6439
3,2021-12-04,0.997,0.2242,0.1013,0.463,0.2454,0.8867
4,2021-12-04,0.761,0.2139,0.0632,0.4484,0.3246,0.8999
5,2021-12-04,0.4135,0.2009,0.078,0.3169,0.1707,0.7954
6,2021-12-04,0.6884,0.1839,0.0544,0.4506,0.3004,0.8719
7,2021-12-04,0.78,0.1517,-0.0245,0.4689,0.4568,0.9562
8,2021-12-04,0.4684,0.2587,0.0913,0.3622,0.3042,0.8617
9,2021-12-04,0.7848,0.3665,0.1778,0.4367,0.1073,0.698
10,2021-12-04,0.8885,0.2239,0.0648,0.4262,0.2794,0.8356
11,2021-12-04,0.9171,-0.0461,-0.2041,0.5345,0.6685,0.9683
12,2021-12-04,0.7214,0.2625,0.1022,0.4403,0.2263,0.8286
13,2021-12-04,0.7678,0.3272,0.1406,0.4087,0.1362,0.8004
14,2021-12-04,1.0,0.1341,-0.0302,0.5588,0.5867,0.9645
15,2021-12-04,0.9945,0.1406,-0.0299,0.4773,0.4764,0.9066
16,2021-12-04,0.9995,-0.0268,-0.1775,0.5355,0.6361,0.9612
17,2021-12-04,0.9387,0.3107,0.1401,0.4104,0.1608,0.9303
18,2021-12-04,0.512,0.3197,0.1653,0.3992,0.0587,0.6312
19,2021-12-04,0.9302,0.2022,0.0857,0.3548,0.1127,0.714
20,2021-12-04,0.9738,0.2026,0.0631,0.3686,0.2243,0.7133
21,2021-12-04,0.9725,0.1659,0.0197,0.4767,0.3184,0.9526
22,2021-12-04,0.9893,0.6008,0.352,0.4213,-0.1578,0.2872
23,2021-12-04,0.5703,0.31,0.1192,0.402,0.1391,0.64
24,2021-12-04,0.222,0.1895,0.0933,0.2736,0.1139,0.7538
25,2021-12-04,0.0865,0.5067,0.3074,0.3319,-0.0924,0.2642
1,2021-12-07,0.9258,0.2838,0.1463,0.3749,0.0895,0.7044
2,2021-12-07,0.9755,0.4292,0.2122,0.425,0.0342,0.5669
3,2021-12-07,0.9909,0.2606,0.1351,0.3952,0.1524,0.8322
4,2021-12-07,0.9664,0.3062,0.159,0.3973,0.1007,0.7668
5,2021-12-07,0.9716,0.2734,0.1409,0.4052,0.1254,0.7216
6,2021-12-07,0.9666,0.251,0.1322,0.3438,0.091,0.7253
7,2021-12-07,0.9904,0.3276,0.1629,0.4151,0.1294,0.775
8,2021-12-07,0.9731,0.3859,0.1906,0.4425,0.079,0.6667
9,2021-12-07,0.9777,0.442,0.2388,0.4337,0.0011,0.5018
10,2021-12-07,0.9965,0.3146,0.1624,0.3773,0.0736,0.6358
11,2021-12-07,0.9993,0.2424,0.1239,0.3422,0.1136,0.8037
12,2021-12-07,0.9905,0.3615,0.175,0.4347,0.0808,0.6392
13,2021-12-07,0.977,0.3565,0.1781,0.3847,0.0586,0.6971
14,2021-12-07,0.9839,0.3029,0.1505,0.4536,0.1891,0.8738
15,2021-12-07,0.98,0.3367,0.1856,0.3961,0.0922,0.7208
16,2021-12-07,0.999,0.2827,0.1624,0.2954,0.015,0.5457
17,2021-12-07,0.8982,0.3194,0.1534,0.4172,0.1377,0.8982
18,2021-12-07,0.9685,0.3102,0.1578,0.4134,0.1007,0.7003
19,2021-12-07,0.9673,0.2461,0.1301,0.3222,0.0286,0.5856
20,2021-12-07,0.9529,0.2604,0.1504,0.226,-0.0528,0.326
21,2021-12-07,0.9232,0.2966,0.1498,0.4627,0.135,0.7881
22,2021-12-07,1.0,0.5987,0.3518,0.4362,-0.1757,0.2696
23,2021-12-07,0.9593,0.376,0.1955,0.3845,-0.0076,0.4867
24,2021-12-07,0.9414,0.2825,0.1494,0.2437,0.0099,0.5145
25,2021-12-07,1.0,0.6036,0.3469,0.4271,-0.1258,0.2247
1,2021-12-09,0.991,0.289,0.1592,0.3589,0.0397,0.5908
2,2021-12-09,0.9962,0.4428,0.2233,0.4096,-0.012,0.4779
3,2021-12-09,1.0,0.2692,0.1416,0.3929,0.1419,0.7825
4,2021-12-09,1.0,0.3118,0.1618,0.3879,0.0886,0.7356
5,2021-12-09,0.9848,0.2911,0.1489,0.4029,0.1035,0.68
6,2021-12-09,1.0,0.2617,0.1407,0.3289,0.0665,0.6665
7,2021-12-09,0.9985,0.349,0.1832,0.4023,0.0804,0.6777
8,2021-12-09,0.9988,0.4043,0.2021,0.4245,0.0288,0.5572
9,2021-12-09,0.9898,0.4606,0.248,0.4236,-0.0377,0.4144
10,2021-12-09,0.9434,0.3311,0.1717,0.3647,0.0396,0.5795
11,2021-12-09,1.0,0.2545,0.136,0.3321,0.088,0.7453
12,2021-12-09,1.0,0.3876,0.2007,0.4244,0.0161,0.5195
13,2021-12-09,1.0,0.3781,0.187,0.3685,0.0293,0.6063
14,2021-12-09,1.0,0.3133,0.1665,0.4222,0.1467,0.78
15,2021-12-09,0.9998,0.3439,0.1899,0.3652,0.0325,0.5729
16,2021-12-09,1.0,0.2959,0.1719,0.2746,-0.033,0.3956
17,2021-12-09,1.0,0.3389,0.159,0.3925,0.0915,0.801
18,2021-12-09,1.0,0.3125,0.1602,0.4111,0.0976,0.6729
19,2021-12-09,1.0,0.2665,0.1402,0.3088,-0.016,0.4549
20,2021-12-09,1.0,0.2742,0.1568,0.2148,-0.0799,0.2344
21,2021-12-09,0.9969,0.3053,0.162,0.4336,0.076,0.6591
22,2021-12-09,1.0,0.6303,0.3722,0.4386,-0.2599,0.1738
23,2021-12-09,1.0,0.3946,0.2069,0.3679,-0.0492,0.4101
24,2021-12-09,1.0,0.3042,0.165,0.2497,0.0077,0.5071
25,2021-12-09,0.9646,0.6901,0.3938,0.4013,-0.3184,0.0649
1,2021-12-17,0.9997,0.1054,-0.043,0.4608,0.4828,0.8733
2,2021-12-17,0.9986,0.3676,0.1389,0.4277,0.153,0.7361
3,2021-12-17,1.0,0.2085,0.0625,0.5408,0.3942,0.9011
4,2021-12-17,1.0,0.181,0.0022,0.4655,0.4488,0.8478
5,2021-12-17,0.9979,0.1582,-0.0094,0.4707,0.451,0.8095
6,2021-12-17,0.9993,0.0783,-0.0894,0.516,0.5607,0.8511
7,2021-12-17,0.9949,0.1127,-0.0665,0.4934,0.5221,0.9529
8,2021-12-17,0.9986,0.3113,0.1164,0.4631,0.2553,0.811
9,2021-12-17,0.9981,0.3724,0.1714,0.4974,0.1965,0.7292
10,2021-12-17,1.0,0.1258,-0.059,0.4781,0.4677,0.8787
11,2021-12-17,1.0,-0.2329,-0.3546,0.5166,0.756,0.9707
12,2021-12-17,0.997,0.2772,0.1073,0.4401,0.2157,0.7069
13,2021-12-17,1.0,0.2838,0.0981,0.4136,0.2392,0.7999
14,2021-12-17,1.0,-0.0063,-0.1333,0.5413,0.6691,0.9659
15,2021-12-17,1.0,0.1047,-0.049,0.4632,0.5013,0.9242
16,2021-12-17,1.0,-0.1122,-0.2493,0.4781,0.6579,0.9625
17,2021-12-17,0.9848,0.289,0.1131,0.4476,0.2313,0.9644
18,2021-12-17,1.0,0.2862,0.1278,0.4288,0.1402,0.7125
19,2021-12-17,1.0,0.1119,-0.0258,0.4797,0.4006,0.7877
20,2021-12-17,1.0,0.0344,-0.1351,0.4421,0.4972,0.9178
21,2021-12-17,1.0,0.1067,-0.0368,0.4759,0.4031,0.9614
22,2021-12-17,0.9126,0.6223,0.3685,0.4254,-0.2157,0.2325
23,2021-12-17,0.9966,0.266,0.0796,0.4322,0.2014,0.6922
24,2021-12-17,0.9818,0.2584,0.1343,0.2166,0.0,0.4997
25,2021-12-17,1.0,0.6687,0.3669,0.4371,-0.138,0.2933
1,2021-12-22,0.9977,0.2716,0.1347,0.4104,0.0855,0.615
2,2021-12-22,1.0,0.4759,0.2221,0.4438,-0.0996,0.3834
3,2021-12-22,1.0,0.2762,0.1503,0.4226,0.1367,0.7173
4,2021-12-22,1.0,0.3251,0.159,0.4257,0.0682,0.6258
5,2021-12-22,1.0,0.311,0.1572,0.4343,0.0761,0.599
6,2021-12-22,1.0,0.2647,0.1417,0.3663,0.0687,0.6307
7,2021-12-22,0.9803,0.3542,0.1599,0.4725,0.0976,0.6122
8,2021-12-22,0.9971,0.4344,0.2134,0.457,-0.0492,0.4407
9,2021-12-22,0.9989,0.514,0.2718,0.4651,-0.1338,0.3237
10,2021-12-22,0.9952,0.3633,0.1869,0.4093,0.0142,0.5139
11,2021-12-22,1.0,0.2351,0.1114,0.3824,0.1491,0.7604
12,2021-12-22,1.0,0.4314,0.2085,0.4707,-0.0348,0.4718
13,2021-12-22,1.0,0.4324,0.2073,0.411,-0.0324,0.4264
14,2021-12-22,1.0,0.3,0.1459,0.5195,0.2144,0.7582
15,2021-12-22,1.0,0.3485,0.1839,0.4508,0.0899,0.6217
16,2021-12-22,1.0,0.3147,0.1834,0.3232,-0.0431,0.4151
17,2021-12-22,0.9978,0.3608,0.1764,0.4285,0.0461,0.6178
18,2021-12-22,1.0,0.3215,0.1721,0.4414,0.0601,0.5845
19,2021-12-22,1.0,0.2907,0.1576,0.3164,-0.0832,0.3557
20,2021-12-22,1.0,0.3077,0.1854,0.2447,-0.1336,0.2259
21,2021-12-22,1.0,0.2894,0.1397,0.4949,0.1284,0.6863
22,2021-12-22,1.0,0.7669,0.4183,0.4715,-0.7774,0.093
23,2021-12-22,1.0,0.4459,0.2432,0.4031,-0.1365,0.3586
24,2021-12-22,1.0,0.3838,0.2113,0.2311,-0.1143,0.4115
25,2021-12-22,1.0,1.0,0.5254,0.4769,-0.902,0.0843
1,2021-12-24,0.9176,0.2793,0.1583,0.3555,0.0416,0.5988
2,2021-12-24,0.9804,0.4399,0.233,0.4172,-0.0043,0.4922
3,2021-12-24,0.9837,0.2482,0.1386,0.3829,0.1328,0.7788
4,2021-12-24,0.9541,0.2985,0.1654,0.3871,0.0875,0.7475
5,2021-12-24,0.9519,0.2777,0.1551,0.4057,0.1114,0.697
6,2021-12-24,0.9357,0.2392,0.1344,0.3259,0.0724,0.6913
7,2021-12-24,0.9713,0.3269,0.1798,0.3923,0.0798,0.6822
8,2021-12-24,0.9732,0.3989,0.2115,0.4324,0.0333,0.5673
9,2021-12-24,0.9541,0.4538,0.2521,0.4242,-0.0383,0.4064
10,2021-12-24,0.9888,0.3064,0.1655,0.358,0.0444,0.5829
11,2021-12-24,1.0,0.2311,0.133,0.3183,0.0801,0.7359
12,2021-12-24,0.9715,0.3806,0.2004,0.4293,0.0256,0.5382
13,2021-12-24,0.9504,0.3597,0.1912,0.3613,0.0165,0.5644
14,2021-12-24,0.9666,0.2916,0.163,0.4132,0.1404,0.7752
15,2021-12-24,0.9661,0.3281,0.1877,0.3654,0.0375,0.5999
16,2021-12-24,0.9954,0.2704,0.1665,0.2682,-0.0258,0.414
17,2021-12-24,0.889,0.3192,0.1618,0.405,0.1179,0.8559
18,2021-12-24,0.9121,0.3037,0.1626,0.4198,0.1054,0.6832
19,2021-12-24,0.9498,0.2518,0.1402,0.3056,-0.0286,0.4308
20,2021-12-24,0.8949,0.2477,0.1529,0.2134,-0.0689,0.2473
21,2021-12-24,0.9432,0.2938,0.1587,0.4305,0.0689,0.6656
22,2021-12-24,1.0,0.6122,0.3728,0.4417,-0.222,0.1916
23,2021-12-24,0.9618,0.3746,0.2088,0.367,-0.0437,0.4167
24,2021-12-24,0.9249,0.2887,0.1659,0.2492,0.0027,0.5034
25,2021-12-24,0.9989,0.6649,0.3886,0.3991,-0.2791,0.0773
1,2021-12-27,0.7367,0.228,0.136,0.3575,0.0674,0.6504
2,2021-12-27,0.9763,0.3866,0.1798,0.4461,0.0826,0.6309
3,2021-12-27,1.0,0.2513,0.132,0.4386,0.1717,0.8179
4,2021-12-27,0.0824,0.2869,0.159,0.47,0.2061,0.8681
5,2021-12-27,0.985,0.2638,0.1403,0.4317,0.1473,0.7201
6,2021-12-27,0.955,0.2311,0.1222,0.3898,0.1351,0.7641
7,2021-12-27,0.9323,0.318,0.1607,0.5002,0.2059,0.8288
8,2021-12-27,0.9446,0.3364,0.1662,0.4554,0.1437,0.7493
9,2021-12-27,0.9078,0.4316,0.2442,0.481,0.0116,0.5248
10,2021-12-27,0.7987,0.3096,0.1579,0.4401,0.1326,0.6837
11,2021-12-27,1.0,0.2369,0.1279,0.3766,0.1403,0.8149
12,2021-12-27,0.9659,0.3671,0.1964,0.4727,0.0628,0.5781
13,2021-12-27,0.1609,0.3172,0.1357,0.4641,0.238,0.9738
14,2021-12-27,1.0,0.2877,0.1476,0.5448,0.2602,0.8919
15,2021-12-27,0.6876,0.3299,0.1909,0.4445,0.1249,0.7487
16,2021-12-27,1.0,0.2849,0.1695,0.3554,0.0462,0.6014
17,2021-12-27,0.0524,0.217,0.0943,0.4588,0.2611,0.9793
18,2021-12-27,1.0,0.3063,0.169,0.4354,0.1019,0.6685
19,2021-12-27,1.0,0.2373,0.13,0.3054,-0.0032,0.4917
20,2021-12-27,1.0,0.2554,0.1504,0.2807,-0.0187,0.4543
21,2021-12-27,1.0,0.277,0.1504,0.4844,0.1366,0.8114
22,2021-12-27,0.3449,0.3522,0.1936,0.3549,0.0498,0.5772
23,2021-12-27,0.8819,0.3731,0.208,0.3799,-0.0109,0.475
24,2021-12-27,0.1303,0.2558,0.1913,-0.0148,-0.2638,0.0
25,2021-12-27,0.9603,0.689,0.413,0.4323,-0.2799,0.0997
1,2022-01-06,0.2088,0.3961,0.2425,0.478,0.174,0.9512
2,2022-01-06,0.1675,0.2844,0.156,0.4642,0.3249,0.9991
3,2022-01-06,0.0762,0.1971,0.0803,0.5547,0.4998,0.9972
4,2022-01-06,0.2228,0.1765,0.0896,0.4105,0.3212,0.9897
6,2022-01-06,0.0615,0.3534,0.2253,0.4591,0.1238,0.6156
7,2022-01-06,0.0447,0.1956,0.1065,0.4264,0.2813,0.9794
8,2022-01-06,0.0446,0.2217,0.1271,0.3952,0.2737,0.9623
10,2022-01-06,0.006,0.1761,0.1141,0.3786,0.2592,1.0
14,2022-01-06,0.0831,0.2999,0.1941,0.5137,0.3306,1.0
15,2022-01-06,0.3321,0.4007,0.2458,0.4729,0.1696,0.9493
16,2022-01-06,0.0099,0.4097,0.2588,0.4425,0.125,0.9744
19,2022-01-06,0.2147,0.425,0.2666,0.4954,0.165,0.9779
20,2022-01-06,0.0488,0.417,0.2644,0.4724,0.15,0.9664
21,2022-01-06,0.3651,0.4845,0.293,0.547,0.1777,1.0
23,2022-01-06,0.3464,0.452,0.2797,0.4643,0.0823,0.9562
24,2022-01-06,0.1981,0.1448,0.0804,0.1081,0.0124,0.5345
25,2022-01-06,0.9309,0.527,0.3257,0.4781,0.0461,0.789
1,2022-01-08,0.9981,0.2818,0.1654,0.4144,0.0891,0.7059
2,2022-01-08,0.9907,0.4817,0.2649,0.4908,0.0526,0.5868
3,2022-01-08,1.0,0.2431,0.1299,0.4402,0.1824,0.8672
4,2022-01-08,1.0,0.2887,0.1519,0.4494,0.1586,0.8747
5,2022-01-08,0.9935,0.2674,0.1468,0.4436,0.1609,0.7567
6,2022-01-08,0.9985,0.2438,0.134,0.3852,0.1343,0.7799
7,2022-01-08,0.9963,0.3184,0.1714,0.4621,0.1712,0.8555
8,2022-01-08,0.9978,0.4029,0.2141,0.4987,0.1093,0.7379
9,2022-01-08,0.9994,0.4596,0.2635,0.4964,0.0427,0.6054
10,2022-01-08,0.9991,0.31,0.1686,0.4304,0.1314,0.7442
11,2022-01-08,1.0,0.2247,0.1235,0.3888,0.1694,0.8614
12,2022-01-08,1.0,0.4142,0.2284,0.4877,0.0731,0.6042
13,2022-01-08,0.9983,0.3582,0.184,0.4398,0.1233,0.8467
14,2022-01-08,0.9974,0.3001,0.1641,0.5096,0.2342,0.9034
15,2022-01-08,0.9986,0.3414,0.1978,0.4387,0.1151,0.7525
16,2022-01-08,0.9997,0.267,0.153,0.3693,0.0935,0.7321
17,2022-01-08,0.9777,0.3346,0.164,0.4973,0.2274,0.945
18,2022-01-08,1.0,0.3273,0.1817,0.4432,0.1071,0.6854
19,2022-01-08,0.9976,0.2223,0.1161,0.3263,0.0638,0.6667
20,2022-01-08,0.9974,0.2354,0.1327,0.3014,0.0427,0.615
21,2022-01-08,0.9982,0.2853,0.1586,0.4652,0.114,0.7956
22,2022-01-08,1.0,0.6654,0.3983,0.5166,-0.1828,0.2551
23,2022-01-08,0.9985,0.3711,0.2107,0.4021,0.0114,0.524
24,2022-01-08,1.0,0.241,0.1399,0.2771,0.0735,0.6118
25,2022-01-08,1.0,0.5921,0.3607,0.4386,-0.1213,0.1507
1,2022-01-11,0.9926,0.2388,0.0993,0.5757,0.3561,0.8284
2,2022-01-11,0.9959,0.4525,0.1859,0.5643,0.2349,0.7571
3,2022-01-11,0.9933,0.2031,0.0709,0.6324,0.4198,0.8867
4,2022-01-11,0.9963,0.172,-0.013,0.6093,0.5777,0.8977
5,2022-01-11,0.9798,0.2198,0.0742,0.5812,0.3871,0.802
6,2022-01-11,0.9925,0.168,0.0379,0.5602,0.4542,0.8506
7,2022-01-11,0.9872,0.2544,0.0661,0.6492,0.5105,0.9456
8,2022-01-11,0.9986,0.366,0.1475,0.5922,0.3345,0.8466
9,2022-01-11,0.994,0.4634,0.2355,0.6127,0.1638,0.7104
10,2022-01-11,0.9995,0.2687,0.0924,0.6078,0.4167,0.8601
11,2022-01-11,1.0,0.1845,0.0508,0.5881,0.4793,0.9395
12,2022-01-11,0.9905,0.3778,0.1789,0.5892,0.2116,0.6858
13,2022-01-11,1.0,0.2505,0.0259,0.6001,0.4915,0.9483
14,2022-01-11,0.9978,0.1924,0.0371,0.713,0.6311,0.9617
15,2022-01-11,1.0,0.3266,0.1539,0.6294,0.4157,0.8787
16,2022-01-11,0.9997,0.2474,0.1088,0.558,0.3714,0.9022
17,2022-01-11,0.9924,0.1934,-0.0284,0.7172,0.6737,0.9841
18,2022-01-11,0.9743,0.3106,0.1551,0.5606,0.2383,0.706
19,2022-01-11,0.962,0.2074,0.0871,0.4949,0.1745,0.7262
20,2022-01-11,1.0,0.1974,0.0673,0.51,0.3496,0.8766
21,2022-01-11,0.9898,0.2565,0.0986,0.6161,0.344,0.948
22,2022-01-11,0.9589,0.7851,0.4512,0.5664,-0.3414,0.2412
23,2022-01-11,0.9897,0.3809,0.1935,0.5108,0.1147,0.6099
24,2022-01-11,0.9994,0.2564,0.1112,0.3084,0.1599,0.5564
25,2022-01-11,1.0,0.7631,0.4304,0.5643,-0.1685,0.2742
1,2022-01-13,0.9956,0.103,-0.0311,0.5623,0.5701,0.9315
2,2022-01-13,0.9983,0.3996,0.1815,0.5142,0.2905,0.8899
3,2022-01-13,1.0,0.0952,-0.087,0.6617,0.6885,0.9284
4,2022-01-13,0.9974,0.0875,-0.0693,0.5512,0.6026,0.9346
5,2022-01-13,0.9965,0.0493,-0.0907,0.5521,0.6129,0.9281
6,2022-01-13,0.9956,-0.0234,-0.1784,0.584,0.6827,0.9048
7,2022-01-13,0.9929,0.1084,-0.0509,0.5765,0.5909,0.99
8,2022-01-13,0.9987,0.2804,0.1016,0.5423,0.4236,0.9519
9,2022-01-13,0.9971,0.374,0.1655,0.5684,0.3225,0.8722
10,2022-01-13,0.9961,0.1107,-0.038,0.54,0.5364,0.9746
11,2022-01-13,1.0,-0.2003,-0.3027,0.5946,0.781,0.9929
12,2022-01-13,0.9976,0.2601,0.0993,0.5331,0.3838,0.8572
13,2022-01-13,0.9996,0.1748,-0.0013,0.5354,0.5076,0.9846
14,2022-01-13,0.9981,0.0112,-0.1075,0.612,0.7005,0.988
15,2022-01-13,0.9971,0.1576,0.0078,0.5628,0.5515,0.9703
16,2022-01-13,1.0,-0.0607,-0.192,0.6036,0.7136,0.9944
17,2022-01-13,0.9989,0.0673,-0.1272,0.5928,0.6584,0.9954
18,2022-01-13,0.9887,0.2286,0.0445,0.5906,0.5001,0.8266
19,2022-01-13,0.9872,0.0401,-0.1122,0.5563,0.5637,0.8866
20,2022-01-13,0.9987,-0.0524,-0.193,0.5474,0.6416,0.9692
21,2022-01-13,0.988,0.1491,-0.0061,0.5654,0.4601,0.9784
22,2022-01-13,1.0,0.6677,0.4054,0.5262,-0.0723,0.379
23,2022-01-13,0.9755,0.2427,0.0687,0.5112,0.3476,0.8795
24,2022-01-13,0.9994,0.1674,0.0243,0.4618,0.427,0.6555
25,2022-01-13,1.0,0.6324,0.3585,0.5024,-0.0095,0.4793
1,2022-01-18,0.9887,0.2047,0.1114,0.3915,0.1404,0.7305
2,2022-01-18,0.9938,0.4143,0.2201,0.4333,0.0337,0.5737
3,2022-01-18,0.9978,0.2106,0.1222,0.355,0.1081,0.7949
4,2022-01-18,0.9988,0.2471,0.1378,0.3543,0.0709,0.716
5,2022-01-18,0.9908,0.2277,0.1328,0.3647,0.0845,0.6832
6,2022-01-18,0.9931,0.205,0.1183,0.3047,0.0554,0.6751
7,2022-01-18,0.9967,0.2464,0.1226,0.3864,0.1471,0.8166
8,2022-01-18,0.996,0.3477,0.1906,0.4308,0.0706,0.6691
9,2022-01-18,0.9994,0.4029,0.2329,0.4084,0.0134,0.5378
10,2022-01-18,1.0,0.2735,0.1563,0.3304,0.0432,0.6095
11,2022-01-18,1.0,0.1543,0.0608,0.378,0.2188,0.9389
12,2022-01-18,0.9998,0.3408,0.1828,0.4292,0.073,0.6775
13,2022-01-18,0.9966,0.3304,0.1824,0.3398,0.0162,0.5658
14,2022-01-18,0.999,0.2305,0.1177,0.4517,0.1968,0.906
15,2022-01-18,1.0,0.2626,0.1333,0.4679,0.2141,0.8337
16,2022-01-18,0.9997,0.2109,0.1103,0.3364,0.0996,0.7171
17,2022-01-18,0.9799,0.3102,0.1723,0.3801,0.0794,0.8296
18,2022-01-18,0.9989,0.298,0.1771,0.3795,0.0283,0.5724
19,2022-01-18,0.9941,0.1953,0.1121,0.2498,0.0071,0.5248
20,2022-01-18,0.9971,0.2066,0.1269,0.2122,-0.0509,0.3158
21,2022-01-18,0.9996,0.2336,0.1225,0.373,0.1394,0.8788
22,2022-01-18,1.0,0.5692,0.3469,0.4692,-0.0656,0.379
23,2022-01-18,0.9931,0.3275,0.187,0.3588,-0.0105,0.4741
24,2022-01-18,0.9932,0.2087,0.1307,0.1992,-0.0206,0.4636
25,2022-01-18,1.0,0.5637,0.3283,0.4346,-0.0881,0.2769
1,2022-01-21,0.5316,0.1964,0.0479,0.4574,0.3876,0.9706
2,2022-01-21,0.9124,0.3468,0.1485,0.4487,0.2126,0.9469
3,2022-01-21,0.2131,0.1063,-0.052,0.5194,0.4994,0.9997
4,2022-01-21,0.4691,0.149,-0.0009,0.4385,0.4119,0.9778
5,2022-01-21,0.4208,0.1899,0.0753,0.4434,0.3424,0.8893
6,2022-01-21,0.2709,0.1034,-0.0552,0.4241,0.4378,0.8816
7,2022-01-21,0.527,0.2017,0.0595,0.4289,0.3402,0.9998
8,2022-01-21,0.7621,0.3033,0.127,0.4316,0.2502,0.9446
9,2022-01-21,0.6899,0.3834,0.1892,0.479,0.2069,0.9336
10,2022-01-21,0.3526,0.2544,0.1085,0.4214,0.278,0.9869
11,2022-01-21,0.3182,0.0949,-0.0654,0.419,0.4449,0.9994
12,2022-01-21,0.3641,0.3236,0.1665,0.4109,0.1661,0.9161
13,2022-01-21,0.3509,0.2933,0.1205,0.4146,0.2283,0.9651
14,2022-01-21,0.4549,0.1288,0.0097,0.4805,0.4784,1.0
15,2022-01-21,0.6806,0.1723,0.0412,0.4413,0.3779,0.971
16,2022-01-21,0.6566,0.0191,-0.1047,0.4021,0.4816,0.9965
17,2022-01-21,0.2609,0.2525,0.0945,0.4833,0.3318,0.9979
18,2022-01-21,0.2527,0.3652,0.1699,0.4832,0.1292,0.7899
19,2022-01-21,0.2218,0.341,0.1945,0.3438,0.0504,0.8581
20,2022-01-21,0.2059,0.1635,0.0121,0.392,0.3327,0.9873
21,2022-01-21,0.4796,0.3357,0.1445,0.4596,0.2581,1.0
22,2022-01-21,1.0,0.5394,0.3254,0.4631,-0.0213,0.4626
23,2022-01-21,0.3449,0.3988,0.2194,0.4031,0.0581,0.6491
24,2022-01-21,0.3956,0.1606,0.0791,0.2191,0.0592,0.8489
25,2022-01-21,0.8803,0.4336,0.251,0.3675,-0.0015,0.4932
1,2022-01-23,0.8348,0.3061,0.1776,0.3673,0.0349,0.5801
2,2022-01-23,0.9278,0.5335,0.2939,0.4523,-0.08,0.3608
3,2022-01-23,0.9563,0.2493,0.1353,0.3554,0.1105,0.7382
4,2022-01-23,0.6405,0.3353,0.1883,0.3945,0.0742,0.7021
5,2022-01-23,0.8805,0.2857,0.1619,0.3884,0.0873,0.6584
6,2022-01-23,0.8542,0.2515,0.1345,0.3159,0.0685,0.6828
7,2022-01-23,0.9229,0.3472,0.1864,0.3848,0.0598,0.6184
8,2022-01-23,0.8327,0.4611,0.254,0.4428,-0.0177,0.4625
9,2022-01-23,0.892,0.5106,0.2861,0.4247,-0.0838,0.337
10,2022-01-23,0.9802,0.3168,0.1748,0.3386,0.0199,0.5348
11,2022-01-23,0.9441,0.2442,0.1435,0.3135,0.0819,0.7233
12,2022-01-23,0.8946,0.447,0.2512,0.4209,-0.0317,0.4624
13,2022-01-23,0.7919,0.3739,0.1947,0.3649,0.0172,0.5657
14,2022-01-23,0.9395,0.3021,0.1688,0.4019,0.1203,0.7134
15,2022-01-23,0.8818,0.3698,0.2158,0.3929,0.0407,0.58
16,2022-01-23,0.9118,0.2869,0.1706,0.2782,-0.0074,0.4753
17,2022-01-23,0.7581,0.3424,0.1858,0.4313,0.1087,0.7812
18,2022-01-23,0.8269,0.32,0.1764,0.3812,0.057,0.6038
19,2022-01-23,0.5906,0.3562,0.1948,0.345,-0.0396,0.4093
20,2022-01-23,0.8386,0.2468,0.1406,0.2104,-0.0612,0.2646
21,2022-01-23,0.9224,0.3135,0.1691,0.3751,0.0352,0.5613
22,2022-01-23,0.9589,0.7807,0.4834,0.5132,-0.4177,0.1213
23,2022-01-23,0.1024,0.3833,0.2019,0.3297,-0.064,0.3397
24,2022-01-23,0.5953,0.2616,0.1601,0.0461,-0.2085,0.3155
25,2022-01-23,0.9119,0.6286,0.3715,0.4048,-0.2364,0.0668
1,2022-01-26,0.9999,0.2562,0.1504,0.3703,0.0695,0.658
2,2022-01-26,0.9996,0.4257,0.2242,0.466,0.0548,0.6034
3,2022-01-26,1.0,0.2291,0.1259,0.348,0.1152,0.8013
4,2022-01-26,1.0,0.2638,0.1364,0.4212,0.1515,0.8067
5,2022-01-26,1.0,0.2375,0.1312,0.3922,0.1264,0.7234
6,2022-01-26,1.0,0.2213,0.1217,0.311,0.0759,0.7087
7,2022-01-26,1.0,0.303,0.159,0.4414,0.1616,0.8315
8,2022-01-26,0.9987,0.363,0.1873,0.4643,0.0984,0.7151
9,2022-01-26,0.9971,0.4271,0.2407,0.4297,0.0158,0.5433
10,2022-01-26,1.0,0.2906,0.1593,0.3623,0.0755,0.6442
11,2022-01-26,1.0,0.2221,0.1228,0.33,0.1115,0.8317
12,2022-01-26,1.0,0.36,0.1977,0.448,0.0543,0.6124
13,2022-01-26,1.0,0.3371,0.1682,0.4131,0.1161,0.8178
14,2022-01-26,1.0,0.2733,0.1454,0.4773,0.2228,0.9258
15,2022-01-26,1.0,0.3104,0.1786,0.4028,0.0986,0.7264
16,2022-01-26,1.0,0.2591,0.1526,0.2976,0.0268,0.5874
17,2022-01-26,1.0,0.2986,0.1502,0.4184,0.1514,0.9167
18,2022-01-26,1.0,0.2911,0.1685,0.3469,0.0323,0.5607
19,2022-01-26,1.0,0.2045,0.1104,0.2426,-0.0029,0.4896
20,2022-01-26,1.0,0.2258,0.1269,0.2085,-0.0404,0.3627
21,2022-01-26,0.9991,0.2712,0.1489,0.377,0.1001,0.8282
22,2022-01-26,1.0,0.6278,0.3789,0.5145,-0.1482,0.3084
23,2022-01-26,1.0,0.3459,0.1904,0.3295,-0.0464,0.415
24,2022-01-26,1.0,0.2165,0.1315,0.1525,-0.0248,0.4713
25,2022-01-26,1.0,0.6158,0.3623,0.4138,-0.2104,0.0947
1,2022-01-31,0.993,0.1358,0.0073,0.354,0.2796,0.7718
2,2022-01-31,1.0,0.4098,0.1779,0.4217,-0.0302,0.4609
3,2022-01-31,1.0,0.1923,0.0809,0.419,0.2234,0.819
4,2022-01-31,1.0,0.1881,0.0496,0.3496,0.1939,0.8048
5,2022-01-31,0.9998,0.1737,0.0468,0.382,0.216,0.7258
6,2022-01-31,1.0,0.1228,-0.0124,0.3449,0.2746,0.7864
7,2022-01-31,0.9925,0.1464,-0.0177,0.3442,0.2761,0.7531
8,2022-01-31,1.0,0.3382,0.1515,0.397,0.0276,0.538
9,2022-01-31,1.0,0.3992,0.1967,0.4397,-0.003,0.4966
10,2022-01-31,1.0,0.1947,0.0313,0.3575,0.2111,0.6904
11,2022-01-31,1.0,-0.143,-0.2689,0.2442,0.4831,0.8905
12,2022-01-31,1.0,0.309,0.1379,0.4182,0.0613,0.555
13,2022-01-31,1.0,0.333,0.1411,0.3506,0.0158,0.521
14,2022-01-31,1.0,0.0413,-0.0877,0.4428,0.4767,0.8763
15,2022-01-31,1.0,0.1429,-0.0115,0.3422,0.2959,0.7875
16,2022-01-31,1.0,-0.0335,-0.1713,0.207,0.3603,0.8198
17,2022-01-31,1.0,0.3027,0.1358,0.4231,0.1079,0.7847
18,2022-01-31,1.0,0.2708,0.1345,0.4128,0.0854,0.624
19,2022-01-31,1.0,0.1403,0.0311,0.2821,0.08,0.5763
20,2022-01-31,1.0,0.1308,-0.0241,0.2534,0.1804,0.7064
21,2022-01-31,0.9991,0.1316,-0.0079,0.3852,0.2607,0.8024
22,2022-01-31,1.0,0.6836,0.3781,0.4778,-0.5917,0.1117
23,2022-01-31,1.0,0.2956,0.118,0.3486,-0.0194,0.4831
24,2022-01-31,1.0,0.2578,0.1312,0.2064,-0.0376,0.465
25,2022-01-31,1.0,0.8292,0.4566,0.3414,-0.6871,0.0272
1,2022-02-02,0.2708,0.1756,0.097,0.3162,0.111,0.7638
3,2022-02-02,1.0,0.2177,0.1157,0.3787,0.1535,0.8362
4,2022-02-02,0.05,0.3007,0.1661,0.4452,0.1447,0.9
5,2022-02-02,0.7975,0.2376,0.1269,0.416,0.1534,0.7755
6,2022-02-02,0.8031,0.2,0.1072,0.306,0.0917,0.7409
7,2022-02-02,0.9675,0.2682,0.125,0.3948,0.1406,0.7705
8,2022-02-02,0.1266,0.2502,0.132,0.3315,0.1188,0.8879
9,2022-02-02,0.559,0.3742,0.2023,0.4315,0.0519,0.6189
10,2022-02-02,0.5171,0.2476,0.1268,0.3564,0.113,0.7295
11,2022-02-02,1.0,0.1912,0.0926,0.3272,0.1388,0.8584
12,2022-02-02,0.8728,0.3763,0.1912,0.4539,0.087,0.6645
13,2022-02-02,0.011,0.3179,0.1584,0.4172,0.1022,0.7692
14,2022-02-02,0.6897,0.2117,0.108,0.4071,0.2201,0.9088
15,2022-02-02,0.1641,0.1975,0.0997,0.3593,0.1567,0.871
16,2022-02-02,1.0,0.2384,0.1292,0.2909,0.0367,0.6176
17,2022-02-02,0.067,0.2628,0.1221,0.4132,0.2142,1.0
18,2022-02-02,1.0,0.2825,0.1549,0.4048,0.091,0.6735
19,2022-02-02,0.8159,0.1834,0.0946,0.2506,0.0077,0.5309
20,2022-02-02,0.7944,0.2094,0.1195,0.2078,-0.0347,0.3564
23,2022-02-02,0.4836,0.2585,0.1344,0.3176,0.0612,0.6484
24,2022-02-02,0.0546,0.2467,0.0958,0.4373,0.2577,1.0
1,2022-02-05,1.0,0.278,0.1668,0.3778,0.0349,0.5705
2,2022-02-05,1.0,0.4811,0.2656,0.4538,-0.0341,0.4402
3,2022-02-05,1.0,0.2444,0.1331,0.4024,0.1414,0.7706
4,2022-02-05,1.0,0.301,0.1714,0.403,0.0749,0.6842
5,2022-02-05,1.0,0.2694,0.1561,0.4184,0.104,0.664
6,2022-02-05,1.0,0.2457,0.1381,0.3425,0.0749,0.6649
7,2022-02-05,1.0,0.3366,0.1854,0.4258,0.0798,0.6544
8,2022-02-05,1.0,0.4147,0.2276,0.4657,0.0119,0.5213
9,2022-02-05,0.9983,0.465,0.2606,0.4662,-0.0449,0.4156
10,2022-02-05,0.9742,0.3204,0.1789,0.398,0.0527,0.5795
11,2022-02-05,1.0,0.2336,0.1323,0.3557,0.1146,0.7675
12,2022-02-05,1.0,0.3962,0.2208,0.4649,0.003,0.5029
13,2022-02-05,1.0,0.3895,0.2076,0.4202,0.0332,0.5938
14,2022-02-05,1.0,0.2902,0.1598,0.4614,0.1723,0.8
15,2022-02-05,1.0,0.3409,0.1992,0.411,0.0562,0.6123
16,2022-02-05,1.0,0.2833,0.1706,0.3157,0.0054,0.5167
17,2022-02-05,1.0,0.3405,0.1791,0.4491,0.1267,0.8322
18,2022-02-05,1.0,0.3077,0.1735,0.4211,0.0778,0.6293
19,2022-02-05,1.0,0.2349,0.1286,0.2957,-0.0176,0.459
20,2022-02-05,1.0,0.2515,0.1494,0.229,-0.0665,0.3149
21,2022-02-05,1.0,0.2999,0.1719,0.436,0.05,0.5963
22,2022-02-05,1.0,0.7553,0.474,0.4936,-0.4609,0.122
23,2022-02-05,1.0,0.3907,0.2131,0.3822,-0.0594,0.3915
24,2022-02-05,1.0,0.2614,0.1579,0.2261,-0.0099,0.4883
25,2022-02-05,1.0,0.7465,0.429,0.4279,-0.4061,0.0397
3,2022-02-07,0.9708,0.2296,0.1154,0.4669,0.209,0.8999
7,2022-02-07,0.4017,0.2242,0.1159,0.4579,0.2556,0.8934
9,2022-02-07,0.0494,0.236,0.1156,0.2829,0.0448,0.625
10,2022-02-07,0.0609,0.2135,0.1174,0.4148,0.2125,0.8401
11,2022-02-07,0.6196,0.185,0.0965,0.3826,0.2099,0.943
12,2022-02-07,0.0117,0.2548,0.1208,0.4883,0.2816,1.0
14,2022-02-07,0.7755,0.2486,0.1233,0.5377,0.3221,0.9517
16,2022-02-07,0.3832,0.2009,0.1065,0.324,0.1303,0.8968
18,2022-02-07,0.5856,0.2736,0.1469,0.4685,0.2245,0.8744
20,2022-02-07,0.2458,0.1874,0.0969,0.297,0.0992,0.7071
22,2022-02-07,0.1308,0.6539,0.4115,0.5018,-0.1197,0.3464
1,2022-02-10,1.0,0.2522,0.1373,0.4738,0.1766,0.7411
2,2022-02-10,1.0,0.4201,0.175,0.5421,0.1701,0.7203
3,2022-02-10,1.0,0.216,0.0993,0.5037,0.2377,0.8594
4,2022-02-10,1.0,0.2251,0.084,0.5397,0.3367,0.8516
5,2022-02-10,0.9931,0.2283,0.1114,0.4843,0.2251,0.7585
6,2022-02-10,1.0,0.2068,0.0947,0.4356,0.2245,0.7934
7,2022-02-10,1.0,0.276,0.1143,0.5559,0.3366,0.91
8,2022-02-10,1.0,0.3582,0.1656,0.5433,0.2109,0.797
9,2022-02-10,0.9658,0.441,0.2273,0.5582,0.0988,0.672
10,2022-02-10,0.9796,0.2878,0.1365,0.4911,0.2269,0.7701
11,2022-02-10,1.0,0.2114,0.1097,0.4517,0.2584,0.9013
12,2022-02-10,1.0,0.3515,0.1804,0.5518,0.1334,0.672
13,2022-02-10,1.0,0.3108,0.1168,0.5215,0.2746,0.9168
14,2022-02-10,1.0,0.2443,0.101,0.6241,0.4263,0.9592
15,2022-02-10,1.0,0.3196,0.1742,0.5053,0.217,0.8048
16,2022-02-10,1.0,0.2603,0.1433,0.434,0.1799,0.8249
17,2022-02-10,1.0,0.2767,0.096,0.593,0.3999,0.9533
18,2022-02-10,1.0,0.2913,0.1583,0.422,0.1004,0.6351
19,2022-02-10,1.0,0.2016,0.1,0.3669,0.0733,0.6431
20,2022-02-10,1.0,0.2254,0.1153,0.3671,0.1274,0.7002
21,2022-02-10,1.0,0.2753,0.1379,0.5438,0.2278,0.9059
22,2022-02-10,1.0,0.7099,0.3935,0.5536,-0.2419,0.2963
23,2022-02-10,1.0,0.3641,0.1992,0.4231,0.0216,0.5257
24,2022-02-10,1.0,0.2289,0.1252,0.1784,-0.006,0.4963
25,2022-02-10,1.0,0.7366,0.409,0.5083,-0.2561,0.191
1,2022-02-12,1.0,0.0818,-0.0521,0.4819,0.4908,0.9014
2,2022-02-12,1.0,0.3238,0.1218,0.4485,0.2464,0.8468
3,2022-02-12,0.9991,0.0528,-0.1253,0.5797,0.6449,0.9172
4,2022-02-12,1.0,0.0426,-0.1083,0.4671,0.5531,0.9284
5,2022-02-12,0.9844,0.0533,-0.0968,0.4811,0.5481,0.8776
6,2022-02-12,1.0,-0.039,-0.2001,0.479,0.6135,0.8927
7,2022-02-12,0.9997,0.0768,-0.093,0.4898,0.5348,0.9609
8,2022-02-12,1.0,0.2383,0.0654,0.4589,0.3509,0.9038
9,2022-02-12,1.0,0.3189,0.1201,0.5072,0.269,0.8193
10,2022-02-12,0.9526,0.092,-0.0651,0.4714,0.4835,0.9076
11,2022-02-12,1.0,-0.1727,-0.3019,0.5024,0.7128,0.9689
12,2022-02-12,1.0,0.2208,0.0884,0.4736,0.2917,0.7754
13,2022-02-12,1.0,0.1347,-0.0447,0.4245,0.4276,0.9546
14,2022-02-12,1.0,-0.0273,-0.1605,0.5514,0.6623,0.9721
15,2022-02-12,0.9774,0.1158,-0.0392,0.4889,0.4886,0.9197
16,2022-02-12,1.0,-0.0346,-0.1844,0.4971,0.6141,0.9564
17,2022-02-12,1.0,0.0259,-0.1655,0.5089,0.6061,0.9946
18,2022-02-12,1.0,0.1778,0.0059,0.5394,0.4666,0.7938
19,2022-02-12,1.0,0.0414,-0.1042,0.4366,0.4457,0.7512
20,2022-02-12,1.0,-0.0295,-0.1827,0.4241,0.5252,0.943
21,2022-02-12,1.0,0.1187,-0.0306,0.4976,0.4021,0.972
22,2022-02-12,1.0,0.631,0.3696,0.4912,-0.1404,0.3234
23,2022-02-12,1.0,0.221,0.0462,0.4363,0.2515,0.7634
24,2022-02-12,1.0,0.1239,-0.0223,0.38,0.3858,0.638
25,2022-02-12,1.0,0.6668,0.3569,0.4287,-0.1859,0.2552
1,2022-02-15,0.9999,0.1465,0.0256,0.467,0.3633,0.8188
2,2022-02-15,1.0,0.3856,0.1768,0.4689,0.117,0.6882
3,2022-02-15,1.0,0.1927,0.0911,0.4027,0.1915,0.8713
4,2022-02-15,1.0,0.1912,0.072,0.4386,0.2546,0.8345
5,2022-02-15,1.0,0.1926,0.0919,0.3913,0.1612,0.753
6,2022-02-15,1.0,0.1626,0.0612,0.386,0.2053,0.8109
7,2022-02-15,1.0,0.1734,0.0296,0.5037,0.4005,0.9397
8,2022-02-15,1.0,0.3221,0.1583,0.4574,0.1541,0.7666
9,2022-02-15,1.0,0.3764,0.199,0.4572,0.0973,0.6924
10,2022-02-15,1.0,0.2277,0.0938,0.4216,0.2036,0.7757
11,2022-02-15,1.0,0.0202,-0.1215,0.5598,0.6252,0.9826
12,2022-02-15,1.0,0.2922,0.1436,0.477,0.1549,0.7689
13,2022-02-15,0.9985,0.3051,0.1426,0.3592,0.0955,0.7249
14,2022-02-15,1.0,0.1452,0.0016,0.5711,0.52,0.9681
15,2022-02-15,1.0,0.1277,-0.0416,0.5239,0.5091,0.9266
16,2022-02-15,1.0,0.0834,-0.0679,0.5217,0.5219,0.9237
17,2022-02-15,0.9951,0.2889,0.1467,0.4066,0.1493,0.9324
18,2022-02-15,1.0,0.2721,0.1486,0.3782,0.0799,0.6395
19,2022-02-15,1.0,0.1669,0.0791,0.2562,0.0563,0.6755
20,2022-02-15,1.0,0.1876,0.0923,0.2631,0.0428,0.5712
21,2022-02-15,1.0,0.1526,0.0282,0.4918,0.3239,0.9587
22,2022-02-15,1.0,0.6189,0.3583,0.503,-0.0976,0.3808
23,2022-02-15,1.0,0.2869,0.134,0.4061,0.0881,0.5884
24,2022-02-15,1.0,0.2069,0.1242,0.1626,-0.0153,0.4809
25,2022-02-15,1.0,0.6296,0.3336,0.4374,-0.1177,0.3161
1,2022-02-17,1.0,0.2564,0.1467,0.3614,0.0574,0.6191
2,2022-02-17,0.9994,0.4629,0.2404,0.4512,-0.0082,0.4849
3,2022-02-17,1.0,0.2315,0.1259,0.3732,0.1292,0.7739
4,2022-02-17,0.9936,0.289,0.1605,0.3821,0.0728,0.7015
5,2022-02-17,0.9952,0.2517,0.1406,0.3971,0.1064,0.6849
6,2022-02-17,1.0,0.2354,0.133,0.3153,0.0634,0.6602
7,2022-02-17,0.9998,0.3163,0.1683,0.3916,0.0904,0.6832
8,2022-02-17,0.9993,0.3991,0.207,0.4619,0.0414,0.5743
9,2022-02-17,1.0,0.4393,0.2398,0.4288,-0.0328,0.4304
10,2022-02-17,1.0,0.3015,0.1608,0.3463,0.036,0.5647
11,2022-02-17,1.0,0.2193,0.1219,0.318,0.0999,0.7712
12,2022-02-17,1.0,0.3738,0.202,0.446,0.0414,0.5537
13,2022-02-17,1.0,0.3708,0.1918,0.3694,0.0141,0.5484
14,2022-02-17,0.999,0.2731,0.1457,0.4078,0.1606,0.7901
15,2022-02-17,1.0,0.3143,0.1761,0.3705,0.0599,0.6301
16,2022-02-17,1.0,0.2664,0.1543,0.2727,-0.0108,0.4665
17,2022-02-17,1.0,0.3315,0.1688,0.425,0.1122,0.8268
18,2022-02-17,1.0,0.292,0.1604,0.4105,0.0864,0.6453
19,2022-02-17,1.0,0.2295,0.1234,0.275,-0.0217,0.4382
20,2022-02-17,1.0,0.2485,0.1464,0.2046,-0.0819,0.2095
21,2022-02-17,1.0,0.2828,0.1504,0.3921,0.0878,0.6899
22,2022-02-17,1.0,0.6983,0.4073,0.5064,-0.3393,0.2028
23,2022-02-17,1.0,0.3693,0.2022,0.3646,-0.0457,0.4165
24,2022-02-17,1.0,0.2449,0.1434,0.2144,-0.0065,0.4923
25,2022-02-17,1.0,0.7209,0.3896,0.4185,-0.3574,0.0968
1,2022-02-20,1.0,0.2519,0.1529,0.3683,0.0506,0.6122
2,2022-02-20,1.0,0.4386,0.2397,0.4476,0.0098,0.5209
3,2022-02-20,1.0,0.2314,0.1286,0.3893,0.1422,0.7935
4,2022-02-20,1.0,0.2706,0.1534,0.3895,0.0915,0.7416
5,2022-02-20,1.0,0.2382,0.1376,0.4041,0.1161,0.6992
6,2022-02-20,1.0,0.2254,0.1315,0.3286,0.0757,0.6842
7,2022-02-20,1.0,0.3084,0.1728,0.4123,0.1045,0.7346
8,2022-02-20,1.0,0.3753,0.2022,0.4554,0.049,0.6012
9,2022-02-20,1.0,0.4208,0.2355,0.4495,-0.0091,0.4779
10,2022-02-20,1.0,0.288,0.1579,0.3745,0.0648,0.6114
11,2022-02-20,1.0,0.2201,0.1272,0.3326,0.111,0.7998
12,2022-02-20,1.0,0.3602,0.1951,0.4493,0.03,0.5409
13,2022-02-20,1.0,0.3455,0.1804,0.3952,0.0507,0.6671
14,2022-02-20,1.0,0.2755,0.1509,0.4438,0.1832,0.8415
15,2022-02-20,1.0,0.3126,0.1816,0.4007,0.0723,0.6529
16,2022-02-20,1.0,0.2677,0.1617,0.2958,0.0088,0.5253
17,2022-02-20,1.0,0.3092,0.1588,0.4324,0.1384,0.8708
18,2022-02-20,1.0,0.2828,0.1542,0.4103,0.0938,0.6552
19,2022-02-20,1.0,0.2142,0.1226,0.2753,-0.0109,0.467
20,2022-02-20,1.0,0.2376,0.145,0.2181,-0.0548,0.3198
21,2022-02-20,1.0,0.2733,0.1538,0.4029,0.0586,0.6411
22,2022-02-20,1.0,0.6863,0.4339,0.4779,-0.3212,0.1706
23,2022-02-20,1.0,0.3552,0.2018,0.3669,-0.0239,0.4537
24,2022-02-20,1.0,0.2148,0.1406,0.1947,-0.0068,0.4923
25,2022-02-20,1.0,0.6506,0.3884,0.3976,-0.2882,0.0696
1,2022-02-25,1.0,0.2338,0.1304,0.4462,0.1839,0.8199
2,2022-02-25,1.0,0.3665,0.156,0.5017,0.217,0.8593
3,2022-02-25,1.0,0.1582,0.0343,0.5904,0.4725,0.9549
4,2022-02-25,0.9941,0.1994,0.0684,0.4997,0.3429,0.9448
5,2022-02-25,1.0,0.2051,0.097,0.4777,0.269,0.8515
6,2022-02-25,1.0,0.1722,0.0645,0.4326,0.2801,0.8751
7,2022-02-25,0.9643,0.252,0.1035,0.5289,0.3402,0.9535
8,2022-02-25,1.0,0.3218,0.1532,0.4992,0.2187,0.8701
9,2022-02-25,0.9973,0.3808,0.194,0.5309,0.1578,0.8021
10,2022-02-25,1.0,0.2562,0.1186,0.4657,0.2399,0.8359
11,2022-02-25,1.0,0.2004,0.0993,0.4386,0.2598,0.9279
12,2022-02-25,0.9985,0.321,0.16,0.5302,0.2016,0.7832
13,2022-02-25,1.0,0.266,0.0917,0.4791,0.2899,0.9502
14,2022-02-25,1.0,0.2126,0.0698,0.6272,0.4758,0.9827
15,2022-02-25,1.0,0.294,0.1638,0.4683,0.1946,0.8325
16,2022-02-25,1.0,0.2403,0.1313,0.413,0.1828,0.8771
17,2022-02-25,1.0,0.2333,0.055,0.595,0.4476,0.9786
18,2022-02-25,1.0,0.2442,0.1014,0.559,0.3766,0.8394
19,2022-02-25,1.0,0.1754,0.0742,0.416,0.1737,0.7936
20,2022-02-25,1.0,0.2008,0.0937,0.3697,0.1763,0.8386
21,2022-02-25,0.9969,0.2576,0.1369,0.5296,0.2281,0.9372
22,2022-02-25,1.0,0.612,0.3656,0.5069,-0.1157,0.3631
23,2022-02-25,1.0,0.313,0.1562,0.4366,0.113,0.6977
24,2022-02-25,1.0,0.1807,0.0881,0.3411,0.2084,0.757
25,2022-02-25,1.0,0.6285,0.3669,0.4462,-0.1765,0.1877
2,2022-02-27,0.0817,0.3505,0.1878,0.358,0.1289,0.9805
3,2022-02-27,0.9786,-0.1816,-0.2826,0.3447,0.6038,0.981
6,2022-02-27,0.4131,-0.2747,-0.3482,0.2733,0.6256,0.95
7,2022-02-27,0.7849,-0.0123,-0.1019,0.2789,0.4581,0.9085
10,2022-02-27,0.2392,0.0249,-0.0613,0.2976,0.3916,0.8475
11,2022-02-27,0.2031,-0.4396,-0.5387,0.1049,0.6831,0.9589
14,2022-02-27,0.5536,-0.2407,-0.2747,0.3655,0.6575,0.977
16,2022-02-27,0.4308,-0.3716,-0.4479,0.1231,0.6182,0.9882
18,2022-02-27,0.4797,-0.0688,-0.1929,0.3741,0.5499,0.9285
20,2022-02-27,0.1172,-0.4368,-0.5272,0.0769,0.6618,0.986
23,2022-02-27,0.6546,0.1882,0.0227,0.2998,0.1784,0.6894
1,2022-03-02,1.0,0.2319,0.124,0.3636,0.0945,0.7003
2,2022-03-02,0.9978,0.4082,0.2076,0.4582,0.0751,0.6576
3,2022-03-02,1.0,0.2315,0.1223,0.383,0.1561,0.838
4,2022-03-02,1.0,0.2661,0.1414,0.374,0.1054,0.7841
5,2022-03-02,0.9867,0.2321,0.1243,0.3848,0.1226,0.7111
6,2022-03-02,1.0,0.2264,0.1231,0.314,0.082,0.7181
7,2022-03-02,1.0,0.2863,0.1327,0.4036,0.1609,0.811
8,2022-03-02,1.0,0.3511,0.1739,0.4635,0.1129,0.7342
9,2022-03-02,0.9989,0.405,0.2144,0.4335,0.0356,0.5836
10,2022-03-02,1.0,0.2816,0.143,0.3495,0.0796,0.6498
11,2022-03-02,1.0,0.2054,0.1031,0.3297,0.1408,0.8718
12,2022-03-02,1.0,0.3467,0.1749,0.4584,0.1214,0.7141
13,2022-03-02,1.0,0.3352,0.1665,0.3681,0.0543,0.6947
14,2022-03-02,1.0,0.2687,0.1328,0.4233,0.1933,0.86
15,2022-03-02,1.0,0.2994,0.1609,0.3736,0.0982,0.7324
16,2022-03-02,1.0,0.2563,0.1417,0.2813,0.0353,0.6133
17,2022-03-02,1.0,0.3046,0.15,0.4177,0.1361,0.9028
18,2022-03-02,1.0,0.2908,0.1534,0.4132,0.1123,0.6884
19,2022-03-02,1.0,0.2137,0.1144,0.2724,0.0275,0.5894
20,2022-03-02,1.0,0.2394,0.1411,0.2071,-0.0559,0.2861
21,2022-03-02,1.0,0.2487,0.127,0.3826,0.1534,0.8447
22,2022-03-02,1.0,0.6287,0.3669,0.518,-0.118,0.3556
23,2022-03-02,1.0,0.3423,0.1818,0.3661,0.0095,0.5169
24,2022-03-02,1.0,0.2118,0.1269,0.2276,0.0273,0.5401
25,2022-03-02,1.0,0.5929,0.33,0.4492,-0.1139,0.2851
1,2022-03-07,1.0,0.2654,0.1613,0.3621,0.0174,0.5304
2,2022-03-07,1.0,0.4669,0.2693,0.4047,-0.1328,0.3024
3,2022-03-07,1.0,0.2334,0.1219,0.4186,0.1504,0.7375
4,2022-03-07,1.0,0.298,0.1732,0.3855,0.0407,0.5931
5,2022-03-07,1.0,0.2549,0.1538,0.4,0.0827,0.626
6,2022-03-07,1.0,0.2418,0.1368,0.3352,0.0621,0.6261
7,2022-03-07,0.9884,0.3368,0.1892,0.4078,0.0519,0.5755
8,2022-03-07,1.0,0.409,0.2319,0.415,-0.0748,0.3772
9,2022-03-07,1.0,0.4501,0.2572,0.4327,-0.0922,0.3575
10,2022-03-07,1.0,0.3211,0.1789,0.3789,0.0199,0.5266
11,2022-03-07,1.0,0.2366,0.1287,0.3385,0.0968,0.7164
12,2022-03-07,1.0,0.3843,0.2137,0.4313,-0.0533,0.4507
13,2022-03-07,1.0,0.3902,0.208,0.3829,-0.0297,0.4254
14,2022-03-07,1.0,0.2757,0.1462,0.4712,0.1759,0.7457
15,2022-03-07,1.0,0.3199,0.1835,0.3913,0.0369,0.5644
16,2022-03-07,1.0,0.2931,0.178,0.2956,-0.038,0.4062
17,2022-03-07,1.0,0.3349,0.1746,0.4362,0.1014,0.7679
18,2022-03-07,1.0,0.2816,0.1526,0.4139,0.0878,0.6011
19,2022-03-07,1.0,0.241,0.135,0.3137,-0.0574,0.4032
20,2022-03-07,1.0,0.2713,0.1684,0.2296,-0.0966,0.2563
21,2022-03-07,1.0,0.2852,0.1537,0.4242,0.0452,0.5839
22,2022-03-07,1.0,0.7858,0.5325,0.4393,-0.8296,0.0542
23,2022-03-07,1.0,0.3751,0.2084,0.3414,-0.1194,0.3435
24,2022-03-07,1.0,0.2702,0.1736,0.1904,-0.0684,0.4365
25,2022-03-07,0.9287,0.7683,0.4569,0.3586,-0.6358,0.0059
1,2022-03-09,0.3008,0.1867,0.1013,0.3707,0.1583,0.8339
2,2022-03-09,0.8831,0.4024,0.2069,0.4501,0.0379,0.5557
4,2022-03-09,0.052,0.2809,0.1609,0.4253,0.167,0.9389
5,2022-03-09,0.1896,0.2015,0.106,0.3787,0.1808,0.9006
6,2022-03-09,0.1791,0.1925,0.0843,0.3913,0.2115,0.7293
8,2022-03-09,0.3647,0.3638,0.1853,0.442,0.0466,0.6071
9,2022-03-09,0.0889,0.2599,0.1455,0.2797,-0.023,0.4459
10,2022-03-09,0.2278,0.2261,0.111,0.4139,0.2127,0.8329
12,2022-03-09,0.1093,0.2144,0.0938,0.5287,0.3423,0.937
13,2022-03-09,0.3804,0.2692,0.1337,0.3841,0.1197,0.8563
15,2022-03-09,0.3446,0.2454,0.1391,0.4015,0.1562,0.7912
18,2022-03-09,0.0926,0.2422,0.1142,0.5203,0.3352,0.9701
21,2022-03-09,0.5266,0.1388,0.064,0.3951,0.2319,0.9014
25,2022-03-09,0.2193,0.5646,0.3355,0.3596,-0.2584,0.0372
1,2022-03-14,1.0,0.0537,-0.0721,0.4171,0.4572,0.9115
2,2022-03-14,1.0,0.2694,0.09,0.414,0.2555,0.9119
3,2022-03-14,1.0,0.044,-0.1319,0.5252,0.5928,0.9329
4,2022-03-14,1.0,0.0236,-0.1218,0.4056,0.5015,0.9262
5,2022-03-14,0.9997,0.0166,-0.1231,0.4151,0.5116,0.9037
6,2022-03-14,1.0,-0.0402,-0.1926,0.4117,0.5493,0.8943
7,2022-03-14,0.9998,0.0399,-0.1116,0.4131,0.4891,0.9738
8,2022-03-14,1.0,0.1958,0.0407,0.4015,0.3181,0.928
9,2022-03-14,1.0,0.2576,0.0848,0.4491,0.2694,0.863
10,2022-03-14,0.9835,0.062,-0.0806,0.3887,0.4265,0.9235
11,2022-03-14,1.0,-0.1652,-0.2888,0.4192,0.6389,0.9748
12,2022-03-14,1.0,0.1806,0.0546,0.4277,0.2911,0.8437
13,2022-03-14,1.0,0.108,-0.0558,0.3651,0.3736,0.9599
14,2022-03-14,1.0,-0.04,-0.174,0.4978,0.6231,0.9866
15,2022-03-14,0.999,0.0779,-0.0641,0.4133,0.4393,0.9232
16,2022-03-14,1.0,-0.0542,-0.1948,0.4061,0.5397,0.9681
17,2022-03-14,1.0,0.0164,-0.1658,0.4536,0.5525,0.9932
18,2022-03-14,1.0,0.1631,-0.012,0.4923,0.4338,0.8101
19,2022-03-14,1.0,0.032,-0.113,0.3633,0.3868,0.7485
20,2022-03-14,1.0,-0.0375,-0.1766,0.3477,0.4608,0.947
21,2022-03-14,1.0,0.0899,-0.0506,0.427,0.3799,0.9747
22,2022-03-14,1.0,0.5451,0.3309,0.4515,-0.0597,0.4028
23,2022-03-14,1.0,0.1804,0.0193,0.3772,0.228,0.7859
24,2022-03-14,1.0,0.1078,-0.0228,0.2989,0.3167,0.6244
25,2022-03-14,1.0,0.5429,0.2922,0.3485,-0.1354,0.2688
1,2022-03-17,0.9986,-0.0275,-0.1146,0.2547,0.404,0.8385
2,2022-03-17,1.0,0.3649,0.153,0.3681,0.0576,0.5562
3,2022-03-17,1.0,-0.1107,-0.2889,0.3245,0.5599,0.9168
4,2022-03-17,1.0,0.0078,-0.1407,0.2428,0.3763,0.9075
5,2022-03-17,0.9999,-0.0806,-0.192,0.2095,0.4048,0.8554
6,2022-03-17,1.0,-0.1564,-0.3114,0.1594,0.4714,0.853
7,2022-03-17,1.0,0.0693,-0.0617,0.1976,0.3516,0.7467
8,2022-03-17,0.9982,0.2687,0.0777,0.2974,0.1005,0.5995
9,2022-03-17,1.0,0.3453,0.1198,0.36,0.1103,0.5935
10,2022-03-17,0.9989,0.0629,-0.0631,0.1775,0.2713,0.708
11,2022-03-17,1.0,-0.3774,-0.38,-0.0025,0.5089,0.8802
12,2022-03-17,1.0,0.2775,0.0971,0.3014,0.1175,0.5763
13,2022-03-17,1.0,0.191,-0.0366,0.2196,0.1579,0.6791
14,2022-03-17,1.0,-0.0323,-0.1102,0.3526,0.5069,0.8727
15,2022-03-17,1.0,0.1014,-0.02,0.2661,0.2882,0.7572
16,2022-03-17,1.0,-0.2378,-0.3274,-0.0131,0.3997,0.7935
17,2022-03-17,1.0,-0.0122,-0.2122,0.2955,0.4374,0.9308
18,2022-03-17,1.0,0.0046,-0.1803,0.3123,0.4154,0.8441
19,2022-03-17,1.0,-0.1997,-0.3398,0.0097,0.3417,0.6505
20,2022-03-17,1.0,-0.2306,-0.3769,0.0027,0.3925,0.8327
21,2022-03-17,1.0,0.0004,-0.1191,0.2439,0.3652,0.8385
22,2022-03-17,1.0,0.7465,0.4385,0.4575,-0.5709,0.1248
23,2022-03-17,1.0,0.1995,0.017,0.1993,0.025,0.5194
24,2022-03-17,1.0,0.0925,-0.1134,0.164,0.3021,0.6318
25,2022-03-17,1.0,1.0,0.5488,0.2799,-1.0,0.0136
1,2022-03-19,0.9881,0.2364,0.1312,0.3204,0.038,0.5943
2,2022-03-19,1.0,0.3919,0.1989,0.3913,0.0069,0.5163
3,2022-03-19,1.0,0.2171,0.1105,0.3408,0.1204,0.7716
4,2022-03-19,1.0,0.262,0.1378,0.3368,0.0593,0.6852
5,2022-03-19,0.9999,0.2222,0.115,0.3497,0.1,0.6948
6,2022-03-19,1.0,0.214,0.1146,0.281,0.0524,0.654
7,2022-03-19,1.0,0.2884,0.1502,0.3382,0.0539,0.6202
8,2022-03-19,0.9999,0.3491,0.1747,0.3834,0.0104,0.5272
9,2022-03-19,1.0,0.3859,0.2002,0.3663,-0.0315,0.422
10,2022-03-19,0.9972,0.2708,0.1394,0.2957,0.0134,0.5304
11,2022-03-19,1.0,0.212,0.1102,0.2815,0.0782,0.748
12,2022-03-19,0.9993,0.3348,0.1696,0.3899,0.0206,0.5299
13,2022-03-19,1.0,0.319,0.1594,0.303,-0.0071,0.468
14,2022-03-19,1.0,0.2573,0.1316,0.3799,0.1447,0.7896
15,2022-03-19,0.9706,0.29,0.1533,0.3347,0.0482,0.6226
16,2022-03-19,1.0,0.2505,0.1399,0.2327,-0.0324,0.3844
17,2022-03-19,1.0,0.296,0.144,0.3697,0.09,0.8363
18,2022-03-19,1.0,0.2657,0.1387,0.3655,0.0834,0.6351
19,2022-03-19,1.0,0.2098,0.1103,0.2304,-0.0443,0.3557
20,2022-03-19,1.0,0.2346,0.1326,0.1759,-0.0896,0.1522
21,2022-03-19,1.0,0.2529,0.1308,0.3485,0.063,0.6783
22,2022-03-19,0.9991,0.5865,0.3383,0.4364,-0.2056,0.2128
23,2022-03-19,1.0,0.307,0.1572,0.2879,-0.0487,0.3758
24,2022-03-19,1.0,0.2106,0.1164,0.1787,-0.0198,0.4752
25,2022-03-19,0.9978,0.5826,0.3284,0.2849,-0.3619,0.0076
1,2022-03-22,1.0,0.2441,0.1383,0.3619,0.0646,0.6463
2,2022-03-22,1.0,0.4083,0.213,0.4173,-0.0034,0.4915
3,2022-03-22,1.0,0.2172,0.1021,0.4661,0.2585,0.873
4,2022-03-22,1.0,0.2641,0.1384,0.3863,0.1022,0.7662
5,2022-03-22,1.0,0.2295,0.1231,0.4043,0.1347,0.729
6,2022-03-22,1.0,0.2229,0.1176,0.3436,0.1103,0.7325
7,2022-03-22,1.0,0.3025,0.1586,0.4058,0.1078,0.7137
8,2022-03-22,1.0,0.3564,0.1848,0.4155,0.014,0.5346
9,2022-03-22,1.0,0.4038,0.2088,0.444,0.0088,0.5145
10,2022-03-22,1.0,0.2851,0.1429,0.3773,0.0761,0.6206
11,2022-03-22,1.0,0.2227,0.121,0.3436,0.1278,0.8005
12,2022-03-22,1.0,0.3418,0.1754,0.4392,0.0456,0.5526
13,2022-03-22,1.0,0.3323,0.1646,0.3769,0.0393,0.6236
14,2022-03-22,1.0,0.2633,0.1356,0.4907,0.2265,0.8667
15,2022-03-22,1.0,0.2904,0.1599,0.3818,0.0748,0.6626
16,2022-03-22,1.0,0.2657,0.1547,0.2943,0.0048,0.5132
17,2022-03-22,1.0,0.3008,0.1454,0.431,0.1462,0.8879
18,2022-03-22,1.0,0.2586,0.1299,0.4675,0.2151,0.7462
19,2022-03-22,1.0,0.2128,0.1105,0.3248,0.0149,0.5285
20,2022-03-22,1.0,0.2436,0.1376,0.2477,-0.0273,0.4164
21,2022-03-22,1.0,0.2656,0.137,0.4211,0.0868,0.7152
22,2022-03-22,1.0,0.6466,0.3913,0.4453,-0.4033,0.1318
23,2022-03-22,1.0,0.3252,0.1744,0.3527,-0.0139,0.4748
24,2022-03-22,1.0,0.2101,0.1171,0.2435,0.0402,0.5452
25,2022-03-22,1.0,0.6041,0.3443,0.3271,-0.3784,0.0103
1,2022-03-24,1.0,0.2462,0.1363,0.3663,0.077,0.6666
2,2022-03-24,1.0,0.4073,0.2118,0.4215,0.0184,0.5328
3,2022-03-24,1.0,0.1927,0.0666,0.4971,0.3242,0.8993
4,2022-03-24,1.0,0.2659,0.1343,0.4047,0.134,0.824
5,2022-03-24,0.9894,0.2329,0.1236,0.4157,0.1623,0.756
6,2022-03-24,1.0,0.2155,0.1015,0.3599,0.1472,0.769
7,2022-03-24,1.0,0.3,0.1525,0.4322,0.1515,0.7641
8,2022-03-24,1.0,0.3663,0.1895,0.4266,0.0362,0.584
9,2022-03-24,0.9902,0.397,0.2038,0.446,0.0264,0.5506
10,2022-03-24,1.0,0.285,0.1423,0.3916,0.1006,0.6587
11,2022-03-24,1.0,0.2165,0.1153,0.3515,0.1438,0.8069
12,2022-03-24,1.0,0.3465,0.1814,0.4412,0.0586,0.5681
13,2022-03-24,1.0,0.3371,0.1605,0.3932,0.0701,0.6907
14,2022-03-24,1.0,0.249,0.1176,0.5241,0.2849,0.8922
15,2022-03-24,1.0,0.2933,0.1565,0.3852,0.0912,0.6828
16,2022-03-24,1.0,0.2587,0.1477,0.312,0.0348,0.589
17,2022-03-24,1.0,0.2975,0.1355,0.4629,0.209,0.9161
18,2022-03-24,1.0,0.2477,0.113,0.4761,0.2556,0.7772
19,2022-03-24,1.0,0.2185,0.1037,0.3362,0.0273,0.5505
20,2022-03-24,1.0,0.239,0.1286,0.2701,0.0047,0.5129
21,2022-03-24,1.0,0.2669,0.1387,0.4379,0.1068,0.7493
22,2022-03-24,1.0,0.6288,0.3801,0.455,-0.3542,0.1626
23,2022-03-24,1.0,0.3284,0.1672,0.3554,-0.0119,0.4821
24,2022-03-24,1.0,0.2259,0.1223,0.2514,0.051,0.5583
25,2022-03-24,1.0,0.6312,0.3523,0.3263,-0.4159,0.0098
1,2022-03-27,1.0,0.0081,-0.1023,0.3148,0.4007,0.9299
2,2022-03-27,1.0,0.2584,0.0897,0.3478,0.1945,0.798
3,2022-03-27,1.0,-0.1024,-0.2466,0.3349,0.5339,0.9805
4,2022-03-27,1.0,-0.0382,-0.1534,0.2589,0.4061,0.9923
5,2022-03-27,0.9107,-0.0205,-0.1385,0.2892,0.4218,0.9428
6,2022-03-27,1.0,-0.1152,-0.2303,0.2238,0.4367,0.9452
7,2022-03-27,0.9853,0.0314,-0.1173,0.2961,0.3942,0.9097
8,2022-03-27,1.0,0.1726,0.0254,0.3043,0.231,0.8507
9,2022-03-27,0.9978,0.255,0.0694,0.3871,0.2179,0.8043
10,2022-03-27,0.9828,0.047,-0.087,0.2744,0.3199,0.8359
11,2022-03-27,1.0,-0.1558,-0.2728,0.2655,0.5102,0.9404
12,2022-03-27,1.0,0.1675,0.0313,0.3581,0.2511,0.7659
13,2022-03-27,1.0,0.0865,-0.0645,0.2396,0.2704,0.8719
14,2022-03-27,1.0,-0.0634,-0.1823,0.3651,0.5372,0.9693
15,2022-03-27,1.0,0.0629,-0.0674,0.2884,0.3179,0.8727
16,2022-03-27,1.0,-0.0508,-0.1896,0.2792,0.4234,0.8966
17,2022-03-27,1.0,-0.0461,-0.1954,0.2905,0.4431,0.9796
18,2022-03-27,1.0,0.0311,-0.1287,0.3769,0.4254,0.9016
19,2022-03-27,1.0,-0.0213,-0.1593,0.2383,0.3206,0.7274
20,2022-03-27,1.0,-0.0841,-0.1978,0.1825,0.3488,0.9224
21,2022-03-27,0.9876,0.0722,-0.0589,0.3386,0.3445,0.9879
22,2022-03-27,1.0,0.5462,0.3263,0.4146,-0.0884,0.3645
23,2022-03-27,1.0,0.1457,-0.004,0.2593,0.1415,0.6859
24,2022-03-27,1.0,-0.0919,-0.2105,0.1442,0.3395,0.9977
25,2022-03-27,1.0,0.5861,0.2993,0.2866,-0.314,0.1328
1,2022-03-29,0.9915,0.1466,0.0436,0.3435,0.2208,0.7989
2,2022-03-29,0.9999,0.3075,0.1275,0.3841,0.1148,0.769
3,2022-03-29,1.0,0.1804,0.0873,0.3436,0.1523,0.877
4,2022-03-29,0.995,0.1681,0.0661,0.3296,0.175,0.8373
5,2022-03-29,0.9998,0.1671,0.0765,0.3229,0.1385,0.7709
6,2022-03-29,1.0,0.1583,0.0688,0.2917,0.1195,0.7961
7,2022-03-29,0.9679,0.1839,0.0532,0.374,0.2491,0.9063
8,2022-03-29,0.998,0.2634,0.1182,0.3624,0.1212,0.786
9,2022-03-29,0.9868,0.3182,0.1539,0.3638,0.0754,0.699
10,2022-03-29,0.9476,0.2162,0.0943,0.3029,0.1048,0.722
11,2022-03-29,1.0,0.1207,0.0137,0.3438,0.2669,0.9625
12,2022-03-29,0.9272,0.2532,0.1166,0.3782,0.1232,0.7881
13,2022-03-29,1.0,0.2511,0.1116,0.2819,0.0621,0.7313
14,2022-03-29,1.0,0.1736,0.0597,0.4464,0.3103,0.9685
15,2022-03-29,1.0,0.1734,0.0314,0.4129,0.3034,0.8929
16,2022-03-29,1.0,0.178,0.0636,0.3014,0.1342,0.7752
17,2022-03-29,0.9796,0.2499,0.1206,0.3467,0.1295,0.9582
18,2022-03-29,1.0,0.2428,0.1255,0.3446,0.0898,0.6641
19,2022-03-29,1.0,0.1587,0.0747,0.2052,0.0026,0.5113
20,2022-03-29,1.0,0.1841,0.0938,0.1935,-0.0177,0.4445
21,2022-03-29,0.9556,0.1564,0.0445,0.3639,0.2186,0.9536
22,2022-03-29,1.0,0.4887,0.2646,0.4222,-0.0175,0.4664
23,2022-03-29,1.0,0.2389,0.1133,0.2796,0.0195,0.5404
24,2022-03-29,1.0,0.1561,0.0846,0.1293,-0.0339,0.4559
25,2022-03-29,1.0,0.4177,0.2074,0.2907,-0.1013,0.2454
1,2022-04-01,1.0,0.2363,0.1358,0.3422,0.0525,0.6212
2,2022-04-01,1.0,0.385,0.205,0.4041,0.0174,0.5386
3,2022-04-01,1.0,0.2146,0.1183,0.3743,0.133,0.783
4,2022-04-01,1.0,0.2525,0.1369,0.3577,0.0832,0.7251
5,2022-04-01,1.0,0.2164,0.1222,0.3705,0.1037,0.6946
6,2022-04-01,1.0,0.2127,0.1208,0.3125,0.0714,0.6805
7,2022-04-01,1.0,0.2884,0.1551,0.3784,0.0902,0.7347
8,2022-04-01,1.0,0.3388,0.1771,0.4059,0.0372,0.6001
9,2022-04-01,1.0,0.3835,0.203,0.4098,-0.0039,0.49
10,2022-04-01,1.0,0.2721,0.144,0.3445,0.0565,0.6006
11,2022-04-01,1.0,0.2149,0.118,0.3137,0.1053,0.8085
12,2022-04-01,1.0,0.3203,0.1685,0.4112,0.0299,0.5468
13,2022-04-01,1.0,0.3145,0.1614,0.3507,0.0361,0.6401
14,2022-04-01,1.0,0.261,0.1403,0.4234,0.1765,0.8629
15,2022-04-01,1.0,0.2874,0.159,0.3627,0.0733,0.6708
16,2022-04-01,1.0,0.2539,0.1497,0.2694,0.002,0.5043
17,2022-04-01,1.0,0.2858,0.1464,0.4073,0.1285,0.8895
18,2022-04-01,1.0,0.2551,0.1396,0.3804,0.0869,0.6257
19,2022-04-01,1.0,0.2043,0.1153,0.2796,-0.0184,0.4504
20,2022-04-01,1.0,0.2328,0.1392,0.2033,-0.054,0.3028
21,2022-04-01,1.0,0.2592,0.1386,0.3787,0.0615,0.6713
22,2022-04-01,1.0,0.6013,0.367,0.4297,-0.2566,0.1794
23,2022-04-01,1.0,0.3174,0.1713,0.3282,-0.0262,0.4576
24,2022-04-01,1.0,0.1854,0.1175,0.1814,-0.0159,0.4861
25,2022-04-01,1.0,0.5729,0.3383,0.3257,-0.2763,0.0506
1,2022-04-03,1.0,0.248,0.1385,0.3493,0.0521,0.6139
2,2022-04-03,1.0,0.4279,0.2211,0.4096,-0.0108,0.4779
3,2022-04-03,1.0,0.2174,0.1107,0.4278,0.2022,0.8011
4,2022-04-03,1.0,0.2734,0.1437,0.3719,0.0894,0.7349
5,2022-04-03,1.0,0.2369,0.1304,0.3845,0.1179,0.7009
6,2022-04-03,1.0,0.2243,0.1199,0.3318,0.0931,0.7022
7,2022-04-03,1.0,0.3073,0.1548,0.3996,0.0977,0.7046
8,2022-04-03,1.0,0.3761,0.1906,0.4173,0.0166,0.5376
9,2022-04-03,1.0,0.4086,0.2085,0.4224,-0.0117,0.4732
10,2022-04-03,1.0,0.287,0.1443,0.3675,0.0638,0.6081
11,2022-04-03,1.0,0.2233,0.1157,0.3347,0.1199,0.7895
12,2022-04-03,1.0,0.3532,0.1814,0.4249,0.0267,0.5349
13,2022-04-03,1.0,0.3458,0.168,0.3703,0.0332,0.601
14,2022-04-03,1.0,0.269,0.1324,0.4617,0.1979,0.8343
15,2022-04-03,1.0,0.3008,0.1602,0.3761,0.0781,0.6662
16,2022-04-03,1.0,0.2675,0.1496,0.2866,0.0055,0.5134
17,2022-04-03,1.0,0.3174,0.156,0.4287,0.1444,0.8863
18,2022-04-03,1.0,0.2564,0.133,0.4354,0.1743,0.7097
19,2022-04-03,1.0,0.2153,0.1108,0.3219,-0.0143,0.4682
20,2022-04-03,1.0,0.2477,0.1366,0.2209,-0.0478,0.347
21,2022-04-03,1.0,0.2739,0.1405,0.4025,0.0682,0.6668
22,2022-04-03,1.0,0.6746,0.3901,0.4163,-0.3874,0.122
23,2022-04-03,1.0,0.3414,0.1719,0.3543,-0.0169,0.4689
24,2022-04-03,1.0,0.2228,0.1284,0.2306,0.025,0.5259
25,2022-04-03,0.9527,0.6383,0.3437,0.3302,-0.3721,0.0109
1,2022-04-06,1.0,0.2438,0.1371,0.3378,0.0573,0.6446
2,2022-04-06,1.0,0.3854,0.2007,0.3951,0.0279,0.5633
3,2022-04-06,1.0,0.2057,0.0888,0.4669,0.2731,0.9022
4,2022-04-06,1.0,0.2562,0.131,0.3655,0.1057,0.7934
5,2022-04-06,1.0,0.2229,0.1193,0.378,0.1262,0.7408
6,2022-04-06,1.0,0.2142,0.1129,0.328,0.1048,0.7466
7,2022-04-06,1.0,0.2943,0.1481,0.3983,0.1274,0.7824
8,2022-04-06,1.0,0.3413,0.1744,0.3964,0.0412,0.607
9,2022-04-06,1.0,0.3851,0.1989,0.4257,0.0292,0.5698
10,2022-04-06,1.0,0.2734,0.1384,0.3617,0.0845,0.652
11,2022-04-06,1.0,0.2193,0.1139,0.3269,0.1132,0.8042
12,2022-04-06,1.0,0.3218,0.1662,0.4098,0.0532,0.5789
13,2022-04-06,1.0,0.3173,0.1552,0.3644,0.0628,0.7108
14,2022-04-06,1.0,0.2604,0.1251,0.4833,0.2307,0.9054
15,2022-04-06,1.0,0.2885,0.1578,0.3573,0.0709,0.6708
16,2022-04-06,1.0,0.2555,0.1416,0.281,0.0104,0.5362
17,2022-04-06,1.0,0.2824,0.1388,0.4105,0.1546,0.9096
18,2022-04-06,1.0,0.2502,0.1242,0.4598,0.2246,0.7802
19,2022-04-06,1.0,0.202,0.1009,0.3238,0.0272,0.5668
20,2022-04-06,1.0,0.2286,0.1263,0.2288,-0.0136,0.4589
21,2022-04-06,1.0,0.2649,0.1374,0.3973,0.0759,0.7156
22,2022-04-06,1.0,0.5856,0.3506,0.4115,-0.2324,0.193
23,2022-04-06,1.0,0.3093,0.1554,0.3443,0.0119,0.5272
24,2022-04-06,1.0,0.1944,0.1111,0.2232,0.039,0.5697
25,2022-04-06,0.9984,0.5592,0.3136,0.3148,-0.2646,0.0229
1,2022-04-08,1.0,0.2297,0.1273,0.3415,0.0667,0.6841
2,2022-04-08,0.9974,0.3578,0.1844,0.3968,0.0661,0.6693
3,2022-04-08,1.0,0.1894,0.0783,0.4711,0.2891,0.9228
4,2022-04-08,1.0,0.2335,0.1185,0.3725,0.1292,0.8602
5,2022-04-08,0.9963,0.2031,0.1063,0.3782,0.1449,0.7881
6,2022-04-08,1.0,0.1962,0.1032,0.3346,0.1235,0.7873
7,2022-04-08,1.0,0.2674,0.1366,0.4103,0.168,0.8626
8,2022-04-08,0.9852,0.3153,0.1609,0.4001,0.0825,0.7422
9,2022-04-08,0.9945,0.3553,0.1844,0.4237,0.0623,0.6804
10,2022-04-08,1.0,0.2525,0.129,0.364,0.1081,0.7231
11,2022-04-08,1.0,0.2016,0.1083,0.3369,0.1321,0.8518
12,2022-04-08,1.0,0.3034,0.1564,0.4032,0.0761,0.6295
13,2022-04-08,1.0,0.2849,0.1408,0.3656,0.0944,0.8463
14,2022-04-08,0.9618,0.238,0.1162,0.4948,0.266,0.9526
15,2022-04-08,1.0,0.2697,0.1487,0.3573,0.0821,0.7095
16,2022-04-08,1.0,0.2326,0.1308,0.298,0.0463,0.6526
17,2022-04-08,1.0,0.2644,0.1269,0.4242,0.1971,0.9438
18,2022-04-08,1.0,0.2405,0.1163,0.4624,0.2408,0.802
19,2022-04-08,1.0,0.1844,0.0921,0.3229,0.0471,0.6324
20,2022-04-08,1.0,0.2074,0.1133,0.2497,0.0238,0.5974
21,2022-04-08,1.0,0.247,0.1329,0.4002,0.0898,0.7941
22,2022-04-08,1.0,0.5178,0.3076,0.4125,-0.1126,0.2953
23,2022-04-08,1.0,0.2872,0.1471,0.3376,0.0343,0.585
24,2022-04-08,1.0,0.1664,0.1016,0.2301,0.0651,0.6272
25,2022-04-08,0.9951,0.4951,0.2869,0.3084,-0.196,0.0459
1,2022-04-11,1.0,0.2332,0.123,0.3953,0.1181,0.6922
2,2022-04-11,1.0,0.3546,0.1445,0.4381,0.0718,0.6166
3,2022-04-11,1.0,0.1898,0.0738,0.5008,0.3079,0.8494
4,2022-04-11,1.0,0.2219,0.0928,0.4159,0.2,0.8125
5,2022-04-11,1.0,0.2191,0.1059,0.4065,0.156,0.7097
6,2022-04-11,1.0,0.201,0.0938,0.3683,0.1655,0.7606
7,2022-04-11,1.0,0.2801,0.1106,0.4765,0.2359,0.8139
8,2022-04-11,1.0,0.3194,0.1451,0.418,0.0766,0.6466
9,2022-04-11,1.0,0.4043,0.1947,0.4604,0.0101,0.5168
10,2022-04-11,1.0,0.2791,0.1263,0.4042,0.1199,0.6543
11,2022-04-11,1.0,0.2179,0.1098,0.3949,0.2072,0.8495
12,2022-04-11,1.0,0.3221,0.1583,0.4597,0.0567,0.5573
13,2022-04-11,1.0,0.3016,0.1226,0.4031,0.1276,0.7739
14,2022-04-11,1.0,0.2324,0.0824,0.555,0.377,0.9138
15,2022-04-11,1.0,0.2907,0.1533,0.4147,0.1399,0.716
16,2022-04-11,1.0,0.2567,0.1378,0.3651,0.1041,0.7235
17,2022-04-11,1.0,0.2724,0.1083,0.487,0.2459,0.9007
18,2022-04-11,1.0,0.2518,0.1213,0.4666,0.2185,0.702
19,2022-04-11,1.0,0.2091,0.1004,0.3119,0.0157,0.5205
20,2022-04-11,1.0,0.229,0.1168,0.3007,0.0506,0.6065
21,2022-04-11,1.0,0.2599,0.1214,0.466,0.1574,0.823
22,2022-04-11,1.0,0.6545,0.3504,0.4402,-0.4052,0.1827
23,2022-04-11,1.0,0.3197,0.1604,0.3546,-0.0087,0.4885
24,2022-04-11,1.0,0.1926,0.1129,0.1362,-0.0656,0.4417
25,2022-04-11,1.0,0.6177,0.3345,0.3515,-0.3678,0.0571
1,2022-04-13,1.0,0.1115,-0.0303,0.3221,0.2819,0.7675
2,2022-04-13,1.0,0.2944,0.0878,0.3724,0.0944,0.6357
3,2022-04-13,1.0,0.1534,0.0156,0.4268,0.3146,0.8075
4,2022-04-13,0.9875,0.1048,-0.0695,0.2813,0.3102,0.8413
5,2022-04-13,0.9983,0.0857,-0.0652,0.34,0.3647,0.7843
6,2022-04-13,1.0,0.0709,-0.0935,0.3132,0.3476,0.7679
7,2022-04-13,0.9979,0.1091,-0.0808,0.3203,0.3348,0.8077
8,2022-04-13,0.969,0.2282,0.051,0.3453,0.179,0.7458
9,2022-04-13,0.9999,0.2982,0.108,0.3824,0.0847,0.5948
10,2022-04-13,0.9653,0.1132,-0.0626,0.3047,0.2802,0.7405
11,2022-04-13,1.0,-0.1398,-0.2929,0.2835,0.516,0.8875
12,2022-04-13,1.0,0.2108,0.0783,0.3541,0.0971,0.5791
13,2022-04-13,1.0,0.216,0.0105,0.3262,0.1811,0.738
14,2022-04-13,0.9904,-0.0081,-0.1463,0.416,0.5061,0.8938
15,2022-04-13,1.0,0.1097,-0.0593,0.3491,0.3252,0.7971
16,2022-04-13,1.0,0.005,-0.1699,0.3041,0.3984,0.8277
17,2022-04-13,1.0,0.1889,-0.0018,0.4873,0.3826,0.9259
18,2022-04-13,1.0,0.2047,0.0899,0.3546,0.0992,0.6105
19,2022-04-13,1.0,0.1235,-0.0033,0.2497,0.0918,0.5638
20,2022-04-13,1.0,0.0702,-0.0941,0.2545,0.2379,0.7617
21,2022-04-13,1.0,0.1112,-0.0337,0.3594,0.2634,0.8767
22,2022-04-13,1.0,0.5953,0.3343,0.426,-0.4064,0.1224
23,2022-04-13,1.0,0.2379,0.0688,0.3065,0.0287,0.5296
24,2022-04-13,1.0,0.1766,0.0978,0.0851,-0.1262,0.4229
25,2022-04-13,0.9293,0.7825,0.3818,0.2826,-0.6038,0.048
1,2022-04-16,0.1462,0.3393,0.163,0.3927,0.0951,0.7078
2,2022-04-16,0.4546,0.3382,0.1588,0.3888,0.0897,0.6693
3,2022-04-16,0.9495,0.2169,0.1093,0.3814,0.14,0.7309
4,2022-04-16,0.3756,0.3014,0.1525,0.3705,0.0668,0.6719
5,2022-04-16,0.0936,0.1903,0.1104,0.3541,0.1492,0.8312
6,2022-04-16,0.6238,0.2139,0.119,0.3155,0.0776,0.6522
7,2022-04-16,0.8935,0.3093,0.1462,0.3687,0.0682,0.6188
8,2022-04-16,0.8865,0.3207,0.1599,0.3834,0.0499,0.6071
9,2022-04-16,0.0624,0.3549,0.1639,0.4163,0.1358,0.8322
10,2022-04-16,0.9343,0.29,0.1445,0.3383,0.0426,0.5671
11,2022-04-16,0.9297,0.2133,0.1072,0.3022,0.088,0.7257
12,2022-04-16,0.1239,0.4628,0.2291,0.4374,0.0807,0.6917
13,2022-04-16,0.7007,0.3518,0.1723,0.3554,-0.0071,0.4797
14,2022-04-16,0.8314,0.2875,0.1361,0.4144,0.1441,0.7129
15,2022-04-16,0.4188,0.3418,0.1711,0.3738,0.0483,0.5874
16,2022-04-16,0.7435,0.2404,0.131,0.2676,0.0039,0.5136
19,2022-04-16,1.0,0.2393,0.131,0.2708,-0.1029,0.326
20,2022-04-16,0.3257,0.2191,0.128,0.2012,-0.0424,0.3317
22,2022-04-16,0.9958,0.5844,0.3303,0.4159,-0.1716,0.3191
23,2022-04-16,0.902,0.3474,0.1808,0.3176,-0.0863,0.3694
25,2022-04-16,0.5185,0.6142,0.3352,0.2942,-0.3784,0.0409
1,2022-04-21,1.0,0.2231,0.1182,0.3383,0.0778,0.7169
2,2022-04-21,1.0,0.3255,0.1599,0.3801,0.065,0.6706
3,2022-04-21,1.0,0.179,0.059,0.4811,0.3311,0.9445
4,2022-04-21,1.0,0.2275,0.1073,0.3665,0.1279,0.8654
5,2022-04-21,1.0,0.1946,0.0925,0.3761,0.1616,0.8261
6,2022-04-21,1.0,0.1884,0.0883,0.3474,0.1523,0.8306
7,2022-04-21,1.0,0.2701,0.1343,0.4001,0.1468,0.8329
8,2022-04-21,1.0,0.2999,0.1422,0.3836,0.0779,0.7295
9,2022-04-21,0.9994,0.3486,0.171,0.4163,0.0506,0.6347
10,2022-04-21,1.0,0.2508,0.1213,0.3643,0.1022,0.7056
11,2022-04-21,1.0,0.2054,0.1061,0.3344,0.1326,0.8452
12,2022-04-21,1.0,0.3034,0.1453,0.4037,0.07,0.6085
13,2022-04-21,1.0,0.2748,0.1283,0.368,0.0944,0.8239
14,2022-04-21,1.0,0.2412,0.1149,0.4902,0.2606,0.9412
15,2022-04-21,1.0,0.2694,0.1426,0.3553,0.0828,0.7035
16,2022-04-21,1.0,0.2367,0.1297,0.2859,0.0334,0.613
17,2022-04-21,1.0,0.2513,0.111,0.4065,0.1776,0.9302
18,2022-04-21,1.0,0.2317,0.1008,0.4632,0.2553,0.8308
19,2022-04-21,1.0,0.181,0.089,0.3204,0.0572,0.6669
20,2022-04-21,1.0,0.2088,0.1099,0.2568,0.0309,0.6144
21,2022-04-21,1.0,0.2369,0.1138,0.3965,0.111,0.8132
22,2022-04-21,1.0,0.5178,0.2952,0.3846,-0.2001,0.2103
23,2022-04-21,1.0,0.2762,0.142,0.3383,0.0484,0.6208
24,2022-04-21,1.0,0.1608,0.0816,0.2558,0.0894,0.7513
25,2022-04-21,1.0,0.4849,0.2764,0.2974,-0.2264,0.0332
1,2022-04-23,0.9967,0.1969,0.1005,0.3284,0.0954,0.7444
3,2022-04-23,1.0,0.1341,0.0207,0.4214,0.309,0.9362
4,2022-04-23,0.4248,0.2241,0.0989,0.3692,0.1519,0.9003
5,2022-04-23,0.8013,0.1674,0.0688,0.3607,0.2189,0.8898
6,2022-04-23,1.0,0.1562,0.0591,0.3071,0.1503,0.8021
7,2022-04-23,0.9999,0.2509,0.1127,0.379,0.1537,0.8065
8,2022-04-23,0.3244,0.2362,0.1037,0.3657,0.1744,0.9574
9,2022-04-23,0.9785,0.3177,0.1502,0.3814,0.0467,0.6169
10,2022-04-23,0.9892,0.2391,0.1098,0.3369,0.0916,0.6671
11,2022-04-23,1.0,0.1926,0.0957,0.3225,0.1387,0.8191
12,2022-04-23,0.7852,0.2397,0.1026,0.3962,0.1679,0.825
13,2022-04-23,0.9827,0.2669,0.1093,0.3197,0.0651,0.7008
14,2022-04-23,0.8511,0.1767,0.0587,0.4794,0.3348,0.9726
15,2022-04-23,0.9966,0.2366,0.1187,0.3362,0.1014,0.7508
16,2022-04-23,1.0,0.2284,0.1216,0.2828,0.0365,0.5993
17,2022-04-23,0.9829,0.2283,0.0825,0.4199,0.2322,0.9594
18,2022-04-23,1.0,0.189,0.0672,0.4122,0.25,0.8455
19,2022-04-23,1.0,0.18,0.0774,0.2611,0.0174,0.5374
20,2022-04-23,1.0,0.1991,0.0967,0.2517,0.0211,0.565
21,2022-04-23,0.8878,0.1827,0.0833,0.386,0.1749,0.9545
23,2022-04-23,1.0,0.2566,0.1216,0.2848,-0.0048,0.4914
24,2022-04-23,0.0649,0.1357,0.0679,0.1781,0.0227,0.614
25,2022-04-23,0.8536,0.4404,0.2522,0.2545,-0.2272,0.0204
1,2022-04-28,1.0,0.1776,0.0806,0.3386,0.1222,0.6978
2,2022-04-28,1.0,0.3568,0.1641,0.3912,0.0334,0.563
3,2022-04-28,1.0,0.1834,0.0913,0.3655,0.1561,0.8065
4,2022-04-28,0.9537,0.2137,0.1002,0.3401,0.1082,0.7651
5,2022-04-28,0.9049,0.1899,0.095,0.3358,0.1196,0.7222
6,2022-04-28,1.0,0.1859,0.0939,0.2938,0.0842,0.7052
7,2022-04-28,0.9796,0.2217,0.0825,0.3655,0.1788,0.7977
8,2022-04-28,0.9936,0.3075,0.1465,0.3876,0.0681,0.6605
9,2022-04-28,0.9493,0.3449,0.1698,0.3801,0.0196,0.5491
10,2022-04-28,0.9665,0.2493,0.1196,0.3214,0.0714,0.622
11,2022-04-28,1.0,0.1533,0.05,0.3175,0.1842,0.8807
12,2022-04-28,1.0,0.2847,0.1304,0.382,0.0678,0.624
13,2022-04-28,0.9567,0.2932,0.1375,0.3032,0.0274,0.596
14,2022-04-28,0.9649,0.1957,0.0771,0.4204,0.2588,0.9012
15,2022-04-28,1.0,0.2306,0.0946,0.3802,0.1722,0.7716
16,2022-04-28,1.0,0.2114,0.0991,0.2724,0.0514,0.6189
17,2022-04-28,0.9853,0.2721,0.1335,0.3742,0.1241,0.8917
18,2022-04-28,1.0,0.2388,0.1243,0.3666,0.094,0.6367
19,2022-04-28,1.0,0.1879,0.0925,0.2402,-0.0303,0.4175
20,2022-04-28,1.0,0.2091,0.1162,0.1969,-0.0529,0.3155
21,2022-04-28,0.9973,0.2017,0.0777,0.3703,0.174,0.9026
22,2022-04-28,1.0,0.5312,0.2834,0.4123,-0.1671,0.2916
23,2022-04-28,1.0,0.2802,0.1373,0.2934,-0.0374,0.4331
24,2022-04-28,1.0,0.1806,0.1101,0.152,-0.0531,0.436
25,2022-04-28,1.0,0.539,0.266,0.2934,-0.2462,0.1235
1,2022-05-01,1.0,0.2468,0.1387,0.3176,0.0053,0.5109
2,2022-05-01,1.0,0.4004,0.2091,0.3557,-0.0864,0.3338
3,2022-05-01,1.0,0.2064,0.1009,0.3975,0.1829,0.8009
4,2022-05-01,1.0,0.2621,0.14,0.3287,0.0196,0.5518
5,2022-05-01,1.0,0.2376,0.1324,0.3399,0.0292,0.5563
6,2022-05-01,1.0,0.2176,0.1165,0.2963,0.0462,0.614
7,2022-05-01,1.0,0.3085,0.1631,0.3469,0.0135,0.5242
8,2022-05-01,1.0,0.3687,0.1887,0.3541,-0.0936,0.3313
9,2022-05-01,1.0,0.4041,0.2099,0.3721,-0.0941,0.3361
10,2022-05-01,1.0,0.2899,0.1485,0.318,-0.0176,0.4714
11,2022-05-01,1.0,0.222,0.1153,0.2957,0.0664,0.6981
12,2022-05-01,1.0,0.3393,0.1805,0.3693,-0.0666,0.4323
13,2022-05-01,1.0,0.3223,0.161,0.3096,-0.0422,0.3555
14,2022-05-01,1.0,0.262,0.1324,0.4213,0.1426,0.7514
15,2022-05-01,1.0,0.3047,0.1669,0.3288,-0.0084,0.477
16,2022-05-01,1.0,0.2712,0.1581,0.2414,-0.0672,0.3044
17,2022-05-01,1.0,0.3077,0.1544,0.3613,0.0217,0.5784
18,2022-05-01,1.0,0.2442,0.1214,0.4022,0.1359,0.6915
19,2022-05-01,1.0,0.222,0.1163,0.2647,-0.058,0.3566
20,2022-05-01,1.0,0.257,0.1495,0.1839,-0.1143,0.147
21,2022-05-01,1.0,0.2727,0.1405,0.3649,0.0072,0.5133
22,2022-05-01,1.0,0.7992,0.4757,0.3505,-0.9703,0.035
23,2022-05-01,1.0,0.3259,0.1749,0.2924,-0.0894,0.341
24,2022-05-01,1.0,0.1993,0.1198,0.176,-0.0419,0.4439
25,2022-05-01,1.0,0.641,0.3666,0.2519,-0.5386,0.0223
1,2022-05-03,1.0,0.2226,0.1129,0.2959,0.0564,0.7209
2,2022-05-03,1.0,0.322,0.1648,0.3491,0.0654,0.7479
3,2022-05-03,1.0,0.1961,0.0797,0.4188,0.2469,0.9627
4,2022-05-03,1.0,0.2214,0.1056,0.3095,0.0943,0.8665
5,2022-05-03,1.0,0.2054,0.1023,0.3353,0.1129,0.7933
6,2022-05-03,1.0,0.1883,0.0914,0.2901,0.0989,0.8189
7,2022-05-03,1.0,0.2575,0.1276,0.3398,0.1102,0.8422
8,2022-05-03,1.0,0.2953,0.1476,0.3407,0.0546,0.75
9,2022-05-03,1.0,0.3348,0.1701,0.3714,0.0503,0.6904
10,2022-05-03,1.0,0.2376,0.1144,0.3015,0.0679,0.7104
11,2022-05-03,1.0,0.2002,0.0979,0.2843,0.0964,0.8621
12,2022-05-03,1.0,0.2883,0.1415,0.3605,0.0673,0.6737
13,2022-05-03,1.0,0.2547,0.1212,0.285,0.0481,0.7758
14,2022-05-03,1.0,0.2423,0.1143,0.4309,0.2051,0.9767
15,2022-05-03,0.9853,0.2527,0.1287,0.2995,0.0622,0.7333
16,2022-05-03,1.0,0.22,0.1172,0.2329,0.0104,0.5451
17,2022-05-03,1.0,0.2543,0.123,0.3614,0.1486,0.9821
18,2022-05-03,1.0,0.2401,0.1122,0.4046,0.1914,0.8222
19,2022-05-03,1.0,0.1817,0.084,0.2545,0.018,0.5778
20,2022-05-03,1.0,0.1991,0.1006,0.1921,-0.0106,0.435
21,2022-05-03,1.0,0.2339,0.1139,0.3409,0.0825,0.9024
22,2022-05-03,1.0,0.4509,0.2651,0.3723,-0.0688,0.3178
23,2022-05-03,1.0,0.2502,0.1228,0.2693,0.0097,0.539
24,2022-05-03,1.0,0.158,0.0796,0.1905,0.0474,0.6147
25,2022-05-03,0.9407,0.38,0.2192,0.2243,-0.1545,0.0087
1,2022-05-06,1.0,0.203,0.1127,0.2541,-0.0041,0.487
2,2022-05-06,0.9988,0.2748,0.1396,0.2941,-0.0051,0.4841
3,2022-05-06,1.0,0.1563,0.0564,0.3457,0.1818,0.8827
4,2022-05-06,1.0,0.2105,0.1074,0.2673,0.0101,0.539
5,2022-05-06,1.0,0.1818,0.0939,0.2886,0.0486,0.6261
6,2022-05-06,1.0,0.1726,0.0845,0.2392,0.0356,0.6209
7,2022-05-06,1.0,0.2482,0.1287,0.2795,0.015,0.541
8,2022-05-06,1.0,0.2738,0.141,0.2765,-0.049,0.3457
9,2022-05-06,1.0,0.3062,0.1607,0.3032,-0.0545,0.3599
10,2022-05-06,1.0,0.2311,0.1198,0.2482,-0.0232,0.4385
11,2022-05-06,1.0,0.1904,0.0972,0.2395,0.0351,0.6342
12,2022-05-06,1.0,0.2734,0.1401,0.3054,-0.0321,0.4476
13,2022-05-06,1.0,0.2516,0.1264,0.2413,-0.045,0.2795
14,2022-05-06,1.0,0.2079,0.0975,0.3712,0.1472,0.8518
15,2022-05-06,1.0,0.238,0.1278,0.2559,-0.0167,0.4424
16,2022-05-06,1.0,0.2253,0.1239,0.1941,-0.0719,0.2215
17,2022-05-06,1.0,0.2192,0.1044,0.3043,0.0723,0.8404
18,2022-05-06,1.0,0.1948,0.092,0.3397,0.1372,0.7379
19,2022-05-06,1.0,0.1783,0.0864,0.203,-0.0573,0.3278
20,2022-05-06,1.0,0.2007,0.1105,0.1631,-0.0885,0.1476
21,2022-05-06,1.0,0.2113,0.1091,0.2941,0.0147,0.5492
22,2022-05-06,1.0,0.4709,0.2846,0.3138,-0.352,0.114
23,2022-05-06,1.0,0.2456,0.1275,0.2157,-0.0858,0.2641
24,2022-05-06,1.0,0.1589,0.0886,0.1489,-0.0383,0.4286
25,2022-05-06,1.0,0.4268,0.2559,0.1668,-0.3785,0.0169
1,2022-05-08,1.0,0.2223,0.1207,0.3392,0.0667,0.6312
2,2022-05-08,0.9948,0.3499,0.1593,0.3882,0.0483,0.5721
3,2022-05-08,1.0,0.1464,0.0292,0.4444,0.3073,0.8782
4,2022-05-08,0.9964,0.2364,0.1113,0.3706,0.1002,0.7479
5,2022-05-08,0.9994,0.2033,0.0945,0.3906,0.1751,0.7643
6,2022-05-08,1.0,0.1851,0.0796,0.3224,0.1306,0.7184
7,2022-05-08,1.0,0.2806,0.1321,0.4043,0.1331,0.7085
8,2022-05-08,0.9416,0.3194,0.1548,0.3894,0.0327,0.5675
9,2022-05-08,1.0,0.3707,0.1837,0.4038,-0.0065,0.4894
10,2022-05-08,1.0,0.2706,0.1304,0.3568,0.0625,0.5911
11,2022-05-08,1.0,0.2025,0.106,0.33,0.1286,0.7643
12,2022-05-08,0.9976,0.3142,0.1522,0.4094,0.0595,0.568
13,2022-05-08,1.0,0.311,0.1418,0.3423,0.0182,0.5474
14,2022-05-08,1.0,0.2081,0.0805,0.4917,0.2935,0.8732
15,2022-05-08,1.0,0.2633,0.1348,0.3573,0.083,0.6554
16,2022-05-08,1.0,0.252,0.1413,0.2944,0.0156,0.5279
17,2022-05-08,1.0,0.2611,0.1071,0.436,0.1929,0.895
18,2022-05-08,1.0,0.2086,0.0813,0.4423,0.2418,0.7844
19,2022-05-08,1.0,0.2153,0.0974,0.2868,-0.0191,0.4745
20,2022-05-08,1.0,0.2323,0.1226,0.2495,-0.0389,0.3987
21,2022-05-08,0.9969,0.2307,0.1118,0.4065,0.1182,0.7668
22,2022-05-08,1.0,0.5602,0.3151,0.41,-0.2336,0.2439
23,2022-05-08,1.0,0.3029,0.1517,0.3072,-0.0595,0.4052
24,2022-05-08,1.0,0.221,0.1212,0.2008,-0.0211,0.4781
25,2022-05-08,1.0,0.6028,0.3341,0.2643,-0.5175,0.0005
1,2022-05-11,0.9841,0.2017,0.1079,0.2996,0.0671,0.6521
2,2022-05-11,0.8349,0.3101,0.1334,0.366,0.0552,0.6405
3,2022-05-11,0.9996,0.2056,0.1014,0.3411,0.1235,0.8298
4,2022-05-11,0.9988,0.174,0.073,0.2574,0.1258,0.759
5,2022-05-11,0.8821,0.1751,0.0859,0.2902,0.0868,0.6942
6,2022-05-11,0.9983,0.1857,0.0949,0.2692,0.067,0.6922
7,2022-05-11,0.7321,0.2336,0.0961,0.4072,0.2268,0.8914
8,2022-05-11,0.8779,0.25,0.1143,0.304,0.0785,0.6642
9,2022-05-11,0.906,0.3356,0.1657,0.3601,0.0528,0.6341
10,2022-05-11,0.6017,0.2456,0.1152,0.3044,0.0603,0.6537
11,2022-05-11,1.0,0.1991,0.0996,0.2874,0.0918,0.8376
12,2022-05-11,0.8203,0.2434,0.1139,0.3551,0.0977,0.7264
13,2022-05-11,0.9941,0.2261,0.0933,0.2694,0.0631,0.7282
14,2022-05-11,0.994,0.2221,0.0982,0.4395,0.2401,0.9517
15,2022-05-11,0.9889,0.2573,0.1355,0.3207,0.0707,0.7024
16,2022-05-11,1.0,0.2283,0.1248,0.2378,0.0019,0.5063
17,2022-05-11,0.9137,0.2488,0.1169,0.3257,0.1029,0.8815
18,2022-05-11,1.0,0.2478,0.1241,0.3379,0.0699,0.6406
19,2022-05-11,1.0,0.1823,0.0884,0.2132,-0.0015,0.4929
20,2022-05-11,1.0,0.2091,0.1143,0.1814,-0.0468,0.3162
21,2022-05-11,0.7294,0.1939,0.0983,0.3124,0.1368,0.8619
22,2022-05-11,0.0173,0.1799,0.0304,0.1923,0.1844,0.973
23,2022-05-11,1.0,0.2788,0.1422,0.2724,-0.0355,0.4145
24,2022-05-11,1.0,0.1542,0.0863,0.0979,-0.0828,0.3865
25,2022-05-11,0.9859,0.4471,0.2519,0.3239,-0.1241,0.1584
1,2022-05-13,1.0,0.1227,-0.0299,0.3916,0.3607,0.8351
2,2022-05-13,0.9807,0.3198,0.1109,0.4102,0.1623,0.823
3,2022-05-13,1.0,0.1617,0.0517,0.4577,0.3135,0.9265
4,2022-05-13,0.9896,0.1296,-0.0452,0.3677,0.3913,0.8692
5,2022-05-13,1.0,0.1387,0.0208,0.4043,0.3266,0.8063
6,2022-05-13,1.0,0.121,-0.035,0.395,0.3609,0.8407
7,2022-05-13,1.0,0.1255,-0.0692,0.4109,0.4214,0.9496
8,2022-05-13,0.9994,0.2598,0.0861,0.4031,0.2352,0.851
9,2022-05-13,0.9871,0.3118,0.1242,0.4306,0.1552,0.7692
10,2022-05-13,0.9984,0.1598,-0.011,0.4107,0.3356,0.8468
11,2022-05-13,1.0,-0.0262,-0.1851,0.4796,0.6085,0.9682
12,2022-05-13,1.0,0.2378,0.0994,0.3966,0.174,0.7661
13,2022-05-13,0.9012,0.2228,0.0596,0.3573,0.1985,0.8618
14,2022-05-13,1.0,0.0665,-0.1039,0.487,0.5451,0.9741
15,2022-05-13,1.0,0.1004,-0.071,0.4251,0.4308,0.8948
16,2022-05-13,1.0,0.0351,-0.1267,0.4637,0.5205,0.9503
17,2022-05-13,1.0,0.2478,0.0925,0.4298,0.2475,0.9674
18,2022-05-13,1.0,0.2337,0.1047,0.4186,0.1872,0.7653
19,2022-05-13,1.0,0.1487,0.0471,0.2889,0.0979,0.6746
20,2022-05-13,1.0,0.1404,-0.0149,0.3308,0.2547,0.7699
21,2022-05-13,0.8154,0.1196,-0.0102,0.4073,0.3192,0.9641
22,2022-05-13,1.0,0.5473,0.2902,0.4095,-0.1289,0.3215
23,2022-05-13,1.0,0.2344,0.0774,0.3598,0.1323,0.6649
24,2022-05-13,1.0,0.1742,0.0883,0.1757,0.0036,0.506
25,2022-05-13,0.8863,0.4758,0.2215,0.3092,-0.1057,0.3309
1,2022-05-18,1.0,0.1758,0.0851,0.2556,0.0538,0.8309
2,2022-05-18,1.0,0.2456,0.121,0.3188,0.0829,0.9346
3,2022-05-18,1.0,0.1538,0.0643,0.3298,0.1671,0.9866
4,2022-05-18,1.0,0.1813,0.0842,0.2717,0.0799,0.9047
5,2022-05-18,1.0,0.155,0.0677,0.2928,0.1052,0.9117
6,2022-05-18,1.0,0.1456,0.0677,0.2362,0.0674,0.8407
7,2022-05-18,1.0,0.1906,0.0935,0.2578,0.0707,0.8703
8,2022-05-18,1.0,0.226,0.1104,0.2969,0.0557,0.852
9,2022-05-18,1.0,0.2405,0.1215,0.2966,0.0506,0.8615
10,2022-05-18,1.0,0.1721,0.0807,0.2367,0.0443,0.741
11,2022-05-18,1.0,0.1505,0.0701,0.2233,0.0618,0.8807
12,2022-05-18,1.0,0.2161,0.1031,0.3009,0.0725,0.8873
13,2022-05-18,1.0,0.1916,0.0892,0.2263,0.0282,0.757
14,2022-05-18,1.0,0.1909,0.0886,0.3511,0.1541,1.0
15,2022-05-18,1.0,0.1892,0.0931,0.2463,0.0465,0.7791
16,2022-05-18,1.0,0.1601,0.0817,0.1772,-0.0105,0.4105
17,2022-05-18,1.0,0.1949,0.0919,0.3083,0.1202,0.9935
18,2022-05-18,1.0,0.1862,0.0887,0.3208,0.1319,0.8944
19,2022-05-18,1.0,0.1348,0.0583,0.1907,-0.0017,0.489
20,2022-05-18,1.0,0.1489,0.0758,0.1585,-0.0169,0.3257
21,2022-05-18,1.0,0.1774,0.0853,0.2956,0.079,0.9805
22,2022-05-18,1.0,0.2926,0.1621,0.3371,0.0407,0.7467
23,2022-05-18,1.0,0.1737,0.0838,0.2009,-0.0017,0.4875
24,2022-05-18,1.0,0.1113,0.0514,0.1762,0.0488,0.7376
25,2022-05-18,1.0,0.2514,0.1427,0.1556,-0.1104,0.0022
1,2022-05-23,1.0,0.2262,0.113,0.3678,0.1164,0.7761
2,2022-05-23,0.9832,0.3446,0.1525,0.4302,0.1282,0.7727
3,2022-05-23,1.0,0.1686,0.0438,0.5045,0.3655,0.9517
4,2022-05-23,0.9926,0.2214,0.0898,0.4155,0.2093,0.9074
5,2022-05-23,0.9999,0.2017,0.0921,0.405,0.1964,0.8318
6,2022-05-23,1.0,0.1848,0.0758,0.366,0.1883,0.8489
7,2022-05-23,1.0,0.2543,0.1069,0.4489,0.2348,0.9204
8,2022-05-23,0.9749,0.3005,0.1396,0.4245,0.1271,0.82
9,2022-05-23,1.0,0.3489,0.1596,0.4389,0.1021,0.7562
10,2022-05-23,1.0,0.2355,0.0967,0.3887,0.1658,0.7936
11,2022-05-23,1.0,0.1992,0.0909,0.3666,0.1878,0.8949
12,2022-05-23,1.0,0.3004,0.1387,0.4275,0.1254,0.7262
13,2022-05-23,1.0,0.2699,0.1045,0.3823,0.1556,0.9145
14,2022-05-23,1.0,0.2215,0.0812,0.5277,0.3455,0.9767
15,2022-05-23,0.9981,0.264,0.1288,0.3793,0.1333,0.8076
16,2022-05-23,1.0,0.2296,0.1135,0.3358,0.1072,0.7897
17,2022-05-23,1.0,0.2478,0.0885,0.4866,0.3016,0.9745
18,2022-05-23,1.0,0.2317,0.089,0.4805,0.2923,0.8175
19,2022-05-23,1.0,0.1869,0.0733,0.3347,0.0828,0.6832
20,2022-05-23,1.0,0.2003,0.0943,0.2944,0.0846,0.7424
21,2022-05-23,1.0,0.2454,0.1124,0.4427,0.1569,0.9534
22,2022-05-23,1.0,0.5012,0.2719,0.4104,-0.1003,0.3491
23,2022-05-23,1.0,0.2799,0.1289,0.3455,0.0587,0.6355
24,2022-05-23,1.0,0.1678,0.0827,0.273,0.1162,0.7291
25,2022-05-23,0.957,0.47,0.257,0.3018,-0.1745,0.0677
1,2022-05-28,1.0,0.1943,0.0962,0.2506,0.02,0.569
2,2022-05-28,0.988,0.2965,0.1411,0.3001,0.0006,0.5016
3,2022-05-28,1.0,0.1724,0.0777,0.3127,0.132,0.8368
4,2022-05-28,0.996,0.2167,0.1024,0.2578,0.0199,0.591
5,2022-05-28,1.0,0.1722,0.0782,0.2851,0.0882,0.7408
6,2022-05-28,1.0,0.1771,0.0889,0.2233,0.0218,0.5818
7,2022-05-28,0.989,0.2345,0.1097,0.2649,0.0411,0.6328
8,2022-05-28,1.0,0.2787,0.1294,0.2866,-0.0105,0.4614
9,2022-05-28,1.0,0.3026,0.1454,0.292,-0.0175,0.4347
10,2022-05-28,1.0,0.2123,0.0963,0.2348,0.0067,0.518
11,2022-05-28,1.0,0.1776,0.083,0.2239,0.0472,0.6944
12,2022-05-28,1.0,0.2571,0.1143,0.3014,0.0314,0.5729
13,2022-05-28,1.0,0.2516,0.1147,0.2233,-0.0322,0.323
14,2022-05-28,1.0,0.2074,0.091,0.3391,0.1466,0.8768
15,2022-05-28,1.0,0.222,0.1035,0.2612,0.042,0.6383
16,2022-05-28,1.0,0.2041,0.104,0.1792,-0.0478,0.3006
17,2022-05-28,1.0,0.2331,0.1051,0.299,0.0782,0.8795
18,2022-05-28,1.0,0.2048,0.0939,0.3218,0.1126,0.7357
19,2022-05-28,1.0,0.1769,0.0857,0.189,-0.0656,0.2951
20,2022-05-28,1.0,0.1925,0.1022,0.138,-0.0954,0.0678
21,2022-05-28,1.0,0.2055,0.0911,0.2862,0.0495,0.6868
22,2022-05-28,1.0,0.3805,0.1949,0.3278,-0.0526,0.3593
23,2022-05-28,1.0,0.2387,0.1134,0.218,-0.0476,0.3439
24,2022-05-28,1.0,0.1649,0.0882,0.1345,-0.0477,0.399
25,2022-05-28,1.0,0.396,0.2126,0.1786,-0.264,0.0033
1,2022-05-31,1.0,0.2585,0.1412,0.2978,-0.0211,0.4505
2,2022-05-31,1.0,0.3924,0.198,0.3374,-0.0782,0.3387
3,2022-05-31,1.0,0.212,0.0966,0.3866,0.181,0.8048
4,2022-05-31,1.0,0.2728,0.1385,0.3072,0.0005,0.5012
5,2022-05-31,1.0,0.2414,0.1323,0.3146,0.0127,0.5264
6,2022-05-31,1.0,0.2235,0.116,0.2872,0.0435,0.6112
7,2022-05-31,1.0,0.3015,0.1551,0.329,0.0071,0.5143
8,2022-05-31,1.0,0.3711,0.1853,0.3303,-0.1071,0.2967
9,2022-05-31,1.0,0.3954,0.2016,0.3517,-0.0962,0.3241
10,2022-05-31,1.0,0.2639,0.1254,0.2955,-0.0021,0.4962
11,2022-05-31,1.0,0.2283,0.1176,0.2807,0.0498,0.6537
12,2022-05-31,1.0,0.3452,0.1717,0.3379,-0.0757,0.4161
13,2022-05-31,1.0,0.3204,0.1533,0.2958,-0.0413,0.3468
14,2022-05-31,1.0,0.2624,0.1299,0.397,0.1192,0.7104
15,2022-05-31,1.0,0.3221,0.1736,0.3082,-0.0506,0.3807
16,2022-05-31,1.0,0.2773,0.1579,0.2263,-0.0824,0.2552
17,2022-05-31,1.0,0.3083,0.1537,0.3411,0.0099,0.5347
18,2022-05-31,1.0,0.2446,0.1129,0.3881,0.1442,0.6992
19,2022-05-31,0.9198,0.2134,0.1063,0.2687,-0.0367,0.409
20,2022-05-31,1.0,0.2522,0.1437,0.1766,-0.1148,0.1512
21,2022-05-31,1.0,0.2845,0.1483,0.3422,-0.0437,0.441
22,2022-05-31,1.0,0.779,0.4544,0.3096,-0.8784,0.0341
23,2022-05-31,1.0,0.3306,0.1722,0.2921,-0.0771,0.3405
24,2022-05-31,1.0,0.2036,0.1181,0.1798,-0.033,0.4394
25,2022-05-31,1.0,0.6646,0.3793,0.2346,-0.581,0.0044
1,2022-06-02,1.0,0.21,0.1078,0.2871,0.0385,0.6095
2,2022-06-02,1.0,0.3402,0.1738,0.3273,-0.0263,0.4307
3,2022-06-02,1.0,0.178,0.0699,0.3966,0.2221,0.8926
4,2022-06-02,1.0,0.2386,0.1166,0.303,0.052,0.6848
5,2022-06-02,1.0,0.1998,0.1023,0.3234,0.0899,0.707
6,2022-06-02,1.0,0.1929,0.0921,0.2805,0.0769,0.7062
7,2022-06-02,1.0,0.254,0.1211,0.3127,0.0602,0.6552
8,2022-06-02,1.0,0.313,0.1566,0.3209,-0.0232,0.4324
9,2022-06-02,1.0,0.3347,0.1625,0.3385,-0.0103,0.4714
10,2022-06-02,0.9883,0.227,0.1002,0.2882,0.0442,0.587
11,2022-06-02,1.0,0.191,0.0916,0.2681,0.0787,0.7458
12,2022-06-02,1.0,0.2829,0.1342,0.3341,0.0304,0.5539
13,2022-06-02,1.0,0.2841,0.1281,0.2831,-0.0055,0.4752
14,2022-06-02,1.0,0.2196,0.1004,0.4006,0.1711,0.8585
15,2022-06-02,1.0,0.2472,0.1205,0.2989,0.0452,0.6298
16,2022-06-02,1.0,0.2262,0.1195,0.2184,-0.03,0.3961
17,2022-06-02,1.0,0.2587,0.1247,0.3417,0.0909,0.8472
18,2022-06-02,1.0,0.2158,0.0947,0.3821,0.1734,0.7686
19,2022-06-02,1.0,0.195,0.0871,0.2568,-0.0265,0.4332
20,2022-06-02,1.0,0.2077,0.1085,0.184,-0.0583,0.2661
21,2022-06-02,1.0,0.2185,0.1033,0.3449,0.0846,0.7356
22,2022-06-02,1.0,0.5,0.2882,0.3311,-0.278,0.1145
23,2022-06-02,1.0,0.2735,0.1283,0.2677,-0.0328,0.4155
24,2022-06-02,1.0,0.1852,0.0986,0.1857,0.0018,0.5031
25,2022-06-02,1.0,0.4768,0.2576,0.2145,-0.318,0.0005
1,2022-06-05,1.0,0.2341,0.1255,0.3064,0.0403,0.6129
2,2022-06-05,1.0,0.3609,0.1803,0.3507,0.0044,0.5093
3,2022-06-05,1.0,0.1895,0.0646,0.4313,0.2633,0.8974
4,2022-06-05,1.0,0.2391,0.1133,0.3282,0.088,0.7598
5,2022-06-05,1.0,0.2119,0.1069,0.3398,0.1058,0.721
6,2022-06-05,1.0,0.2046,0.0983,0.3077,0.1021,0.7434
7,2022-06-05,1.0,0.2707,0.133,0.3574,0.0961,0.7453
8,2022-06-05,1.0,0.3229,0.1606,0.3495,0.0155,0.5438
9,2022-06-05,1.0,0.3532,0.1765,0.3752,0.0119,0.5274
10,2022-06-05,1.0,0.2328,0.1025,0.3218,0.0909,0.6771
11,2022-06-05,1.0,0.2108,0.1035,0.3027,0.0957,0.7705
12,2022-06-05,1.0,0.302,0.1492,0.3525,0.0194,0.5271
13,2022-06-05,1.0,0.2846,0.132,0.3265,0.0535,0.6971
14,2022-06-05,1.0,0.2437,0.1131,0.4362,0.1918,0.8552
15,2022-06-05,1.0,0.2732,0.1455,0.3221,0.0489,0.6245
16,2022-06-05,0.9959,0.2474,0.1323,0.2557,-0.0044,0.4888
17,2022-06-05,1.0,0.2628,0.122,0.3693,0.1343,0.8844
18,2022-06-05,1.0,0.2371,0.1016,0.4195,0.2088,0.77
19,2022-06-05,1.0,0.1934,0.0882,0.3002,0.0251,0.5638
20,2022-06-05,1.0,0.2188,0.1146,0.2177,-0.0136,0.4527
21,2022-06-05,1.0,0.2471,0.127,0.3644,0.0579,0.6495
22,2022-06-05,1.0,0.5719,0.3488,0.3427,-0.3429,0.1388
23,2022-06-05,1.0,0.2935,0.1454,0.3055,-0.0048,0.486
24,2022-06-05,1.0,0.1751,0.0956,0.2128,0.0424,0.6175
25,2022-06-05,1.0,0.5187,0.2941,0.2633,-0.2799,0.0131
1,2022-06-07,1.0,0.2135,0.1098,0.3077,0.0633,0.6852
2,2022-06-07,0.9993,0.3225,0.1509,0.3606,0.058,0.6589
3,2022-06-07,1.0,0.1691,0.0531,0.4426,0.2909,0.9386
4,2022-06-07,1.0,0.2178,0.0972,0.3409,0.1207,0.8535
5,2022-06-07,1.0,0.1898,0.0907,0.3481,0.1341,0.7875
6,2022-06-07,1.0,0.1822,0.0827,0.308,0.1238,0.793
7,2022-06-07,1.0,0.2447,0.1126,0.3695,0.1479,0.8566
8,2022-06-07,1.0,0.2928,0.1382,0.358,0.0609,0.7022
9,2022-06-07,1.0,0.324,0.1527,0.3759,0.0562,0.6837
10,2022-06-07,0.9683,0.2142,0.0867,0.3208,0.1088,0.734
11,2022-06-07,1.0,0.1898,0.0898,0.3024,0.1229,0.8442
12,2022-06-07,0.9931,0.2778,0.1265,0.3598,0.0717,0.6485
13,2022-06-07,1.0,0.257,0.1098,0.3186,0.079,0.832
14,2022-06-07,1.0,0.2161,0.0897,0.457,0.257,0.9609
15,2022-06-07,1.0,0.2442,0.123,0.3161,0.0778,0.7126
16,2022-06-07,1.0,0.2191,0.1129,0.2681,0.0371,0.6204
17,2022-06-07,1.0,0.2425,0.1023,0.3989,0.1883,0.9406
18,2022-06-07,1.0,0.2212,0.0917,0.4223,0.2326,0.8059
19,2022-06-07,1.0,0.1795,0.079,0.2864,0.0371,0.6018
20,2022-06-07,1.0,0.1935,0.0963,0.2304,0.0216,0.5758
21,2022-06-07,1.0,0.2239,0.108,0.3657,0.0953,0.8518
22,2022-06-07,1.0,0.4492,0.2453,0.3604,-0.1155,0.2944
23,2022-06-07,1.0,0.2623,0.1248,0.2907,0.0167,0.5419
24,2022-06-07,1.0,0.1563,0.0835,0.2016,0.0366,0.5896
25,2022-06-07,1.0,0.4315,0.2325,0.2447,-0.196,0.0272
1,2022-06-10,1.0,0.1883,0.0841,0.3113,0.093,0.6682
2,2022-06-10,0.998,0.2638,0.086,0.3308,0.0722,0.669
3,2022-06-10,0.9952,0.185,0.0788,0.3617,0.1587,0.822
4,2022-06-10,1.0,0.1503,0.0045,0.3011,0.2332,0.7948
5,2022-06-10,1.0,0.1653,0.0651,0.3124,0.1302,0.7112
6,2022-06-10,1.0,0.1716,0.0771,0.2815,0.1008,0.7116
7,2022-06-10,0.9895,0.1935,0.0392,0.3379,0.2,0.8643
8,2022-06-10,1.0,0.2491,0.0874,0.2964,0.0663,0.6371
9,2022-06-10,1.0,0.2966,0.1318,0.3535,0.0591,0.639
10,2022-06-10,1.0,0.2063,0.0698,0.3122,0.1042,0.681
11,2022-06-10,1.0,0.1777,0.068,0.3247,0.1652,0.8839
12,2022-06-10,1.0,0.248,0.1021,0.3432,0.0801,0.6677
13,2022-06-10,1.0,0.1965,0.0295,0.2966,0.1591,0.8453
14,2022-06-10,1.0,0.183,0.0517,0.4306,0.2862,0.9488
15,2022-06-10,1.0,0.241,0.112,0.3538,0.1168,0.7254
16,2022-06-10,1.0,0.2163,0.1027,0.2968,0.0757,0.6949
17,2022-06-10,1.0,0.2215,0.0596,0.4105,0.221,0.9259
18,2022-06-10,1.0,0.2303,0.1069,0.343,0.0891,0.6657
19,2022-06-10,1.0,0.1775,0.0789,0.2165,-0.0025,0.4902
20,2022-06-10,1.0,0.1996,0.0947,0.2184,0.0018,0.5025
21,2022-06-10,1.0,0.2034,0.0739,0.3471,0.119,0.795
22,2022-06-10,1.0,0.4752,0.2464,0.3075,-0.1842,0.2444
23,2022-06-10,1.0,0.2764,0.1369,0.2639,-0.0479,0.4052
24,2022-06-10,1.0,0.1536,0.0881,0.1116,-0.0783,0.4183
25,2022-06-10,1.0,0.4648,0.2332,0.2704,-0.2109,0.1186
1,2022-06-12,1.0,0.1858,0.0792,0.2892,0.085,0.7263
2,2022-06-12,0.9933,0.3094,0.1362,0.3404,0.0463,0.624
3,2022-06-12,1.0,0.1899,0.081,0.3692,0.1859,0.895
4,2022-06-12,0.9906,0.2174,0.0961,0.3029,0.0853,0.7871
5,2022-06-12,1.0,0.1901,0.089,0.3208,0.1114,0.7639
6,2022-06-12,1.0,0.1891,0.0873,0.2693,0.0775,0.7368
7,2022-06-12,0.9999,0.225,0.0822,0.3258,0.1362,0.8131
8,2022-06-12,0.9945,0.2728,0.12,0.3266,0.049,0.6533
9,2022-06-12,1.0,0.317,0.1423,0.3437,0.0359,0.6136
10,2022-06-12,1.0,0.2215,0.088,0.2861,0.077,0.6814
11,2022-06-12,1.0,0.1731,0.0647,0.2764,0.1266,0.864
12,2022-06-12,1.0,0.2719,0.114,0.345,0.0885,0.7232
13,2022-06-12,1.0,0.2651,0.1104,0.2688,0.0292,0.6289
14,2022-06-12,0.9813,0.2166,0.0888,0.3821,0.1977,0.9019
15,2022-06-12,1.0,0.2258,0.0996,0.2958,0.0894,0.7579
16,2022-06-12,1.0,0.2061,0.0962,0.2275,0.0193,0.5694
17,2022-06-12,1.0,0.2545,0.1155,0.3414,0.1044,0.9207
18,2022-06-12,1.0,0.2365,0.1052,0.3723,0.1424,0.7672
19,2022-06-12,1.0,0.1837,0.0788,0.2343,-0.004,0.481
20,2022-06-12,1.0,0.2001,0.1023,0.1809,-0.0408,0.3136
21,2022-06-12,1.0,0.2035,0.0738,0.3513,0.1514,0.9272
22,2022-06-12,1.0,0.4201,0.2183,0.3592,-0.0567,0.3958
23,2022-06-12,1.0,0.2609,0.1153,0.2653,-0.0088,0.4723
24,2022-06-12,1.0,0.1633,0.0892,0.1798,0.0126,0.5316
25,2022-06-12,1.0,0.4161,0.1999,0.2413,-0.1581,0.1474
1,2022-06-15,1.0,0.2056,0.1112,0.2388,-0.0186,0.4345
2,2022-06-15,1.0,0.2929,0.1482,0.2715,-0.0566,0.3316
3,2022-06-15,1.0,0.167,0.073,0.3404,0.1706,0.8694
4,2022-06-15,1.0,0.2191,0.1118,0.2521,-0.0088,0.4635
5,2022-06-15,1.0,0.1959,0.1042,0.2719,0.0109,0.5296
6,2022-06-15,1.0,0.1786,0.0912,0.238,0.0318,0.6094
7,2022-06-15,1.0,0.2458,0.1281,0.258,-0.0107,0.4661
8,2022-06-15,1.0,0.2793,0.14,0.2554,-0.0802,0.251
9,2022-06-15,1.0,0.3079,0.1598,0.2844,-0.0663,0.3244
10,2022-06-15,1.0,0.2086,0.1003,0.2305,-0.0179,0.4491
11,2022-06-15,1.0,0.1864,0.0955,0.2314,0.0343,0.6326
12,2022-06-15,1.0,0.268,0.129,0.2881,-0.028,0.4526
13,2022-06-15,1.0,0.254,0.1237,0.2264,-0.0572,0.2092
14,2022-06-15,1.0,0.2169,0.1101,0.3483,0.1083,0.7759
15,2022-06-15,1.0,0.2386,0.1273,0.2389,-0.0442,0.3338
16,2022-06-15,1.0,0.218,0.1224,0.1809,-0.0811,0.1858
17,2022-06-15,1.0,0.2515,0.1202,0.2852,0.0138,0.5793
18,2022-06-15,1.0,0.2013,0.0978,0.3262,0.114,0.7274
19,2022-06-15,1.0,0.1778,0.0863,0.1874,-0.0661,0.3129
20,2022-06-15,1.0,0.2025,0.1121,0.1597,-0.0946,0.1067
21,2022-06-15,1.0,0.2101,0.1126,0.2775,-0.0059,0.4849
22,2022-06-15,1.0,0.4764,0.2829,0.2709,-0.4347,0.0327
23,2022-06-15,1.0,0.2361,0.1236,0.2028,-0.0936,0.242
24,2022-06-15,1.0,0.1648,0.0892,0.1605,-0.0398,0.3956
25,2022-06-15,1.0,0.4219,0.2405,0.1421,-0.3949,0.0
1,2022-06-17,1.0,0.2235,0.1119,0.2954,0.0534,0.6498
2,2022-06-17,1.0,0.3523,0.1682,0.3378,-0.012,0.4719
3,2022-06-17,1.0,0.178,0.0516,0.4397,0.2881,0.9166
4,2022-06-17,1.0,0.2412,0.1125,0.3296,0.0852,0.7675
5,2022-06-17,1.0,0.2076,0.0996,0.3425,0.1186,0.755
6,2022-06-17,1.0,0.198,0.0839,0.3143,0.1269,0.779
7,2022-06-17,1.0,0.2668,0.1259,0.3405,0.0862,0.7177
8,2022-06-17,1.0,0.3266,0.1504,0.3347,-0.0029,0.4906
9,2022-06-17,1.0,0.3421,0.1621,0.3572,0.0258,0.5635
10,2022-06-17,1.0,0.2368,0.0984,0.313,0.0779,0.6545
11,2022-06-17,1.0,0.2024,0.095,0.289,0.1037,0.7822
12,2022-06-17,1.0,0.2948,0.1287,0.3489,0.0494,0.5778
13,2022-06-17,1.0,0.2946,0.1272,0.3143,0.034,0.6337
14,2022-06-17,1.0,0.233,0.1027,0.4308,0.1997,0.883
15,2022-06-17,1.0,0.2592,0.1251,0.3056,0.0537,0.6431
16,2022-06-17,1.0,0.2382,0.1231,0.2423,-0.0096,0.465
17,2022-06-17,1.0,0.277,0.116,0.3728,0.1267,0.8705
18,2022-06-17,1.0,0.226,0.0905,0.4126,0.2097,0.796
19,2022-06-17,1.0,0.203,0.0872,0.2749,0.005,0.5128
20,2022-06-17,1.0,0.2143,0.1056,0.2311,-0.0054,0.4815
21,2022-06-17,1.0,0.2302,0.1016,0.3645,0.114,0.7831
22,2022-06-17,1.0,0.4922,0.2848,0.3342,-0.2389,0.1486
23,2022-06-17,1.0,0.2849,0.1311,0.2873,-0.0128,0.4684
24,2022-06-17,1.0,0.1899,0.0975,0.2333,0.0433,0.6056
25,2022-06-17,1.0,0.4771,0.2562,0.2228,-0.2901,0.0044
1,2022-06-20,1.0,0.2256,0.1116,0.3155,0.0428,0.597
2,2022-06-20,1.0,0.3088,0.1212,0.333,-0.0004,0.4992
3,2022-06-20,0.9824,0.1207,-0.0092,0.3982,0.3253,0.9166
4,2022-06-20,1.0,0.2095,0.0743,0.342,0.1189,0.7726
5,2022-06-20,1.0,0.2029,0.0834,0.3413,0.1053,0.6788
6,2022-06-20,1.0,0.1556,0.0423,0.3038,0.1663,0.7907
7,2022-06-20,1.0,0.2606,0.1063,0.3614,0.0928,0.6672
8,2022-06-20,1.0,0.3094,0.1345,0.3233,-0.0467,0.4041
9,2022-06-20,1.0,0.342,0.1532,0.3512,-0.0443,0.4229
10,2022-06-20,1.0,0.2329,0.0874,0.3064,0.0384,0.5686
11,2022-06-20,1.0,0.2111,0.0989,0.3188,0.1192,0.7682
12,2022-06-20,1.0,0.2898,0.1243,0.3416,-0.0047,0.4938
13,2022-06-20,1.0,0.2613,0.0868,0.2987,0.0343,0.5985
14,2022-06-20,1.0,0.1999,0.062,0.4432,0.2708,0.8694
15,2022-06-20,1.0,0.2798,0.1379,0.3135,-0.0025,0.4934
16,2022-06-20,1.0,0.2547,0.1318,0.2777,0.0007,0.502
17,2022-06-20,1.0,0.2397,0.0563,0.3959,0.1648,0.8458
18,2022-06-20,1.0,0.2,0.0596,0.3971,0.2109,0.7631
19,2022-06-20,1.0,0.1934,0.073,0.2604,0.0273,0.5433
20,2022-06-20,1.0,0.2064,0.0862,0.2594,0.0315,0.5872
21,2022-06-20,1.0,0.2367,0.1056,0.3605,0.0646,0.5972
22,2022-06-20,0.9,0.597,0.3175,0.3158,-0.5,0.1417
23,2022-06-20,1.0,0.2859,0.1322,0.2749,-0.0727,0.3778
24,2022-06-20,1.0,0.1827,0.0749,0.2489,0.0417,0.5748
25,2022-06-20,1.0,0.5841,0.3103,0.2151,-0.5398,0.0109
1,2022-06-22,1.0,0.2279,0.1041,0.3369,0.0998,0.7169
2,2022-06-22,0.9998,0.3169,0.116,0.3642,0.074,0.6417
3,2022-06-22,1.0,0.1707,0.0354,0.4459,0.3211,0.9012
4,2022-06-22,0.9922,0.2058,0.0627,0.3691,0.2088,0.8834
5,2022-06-22,1.0,0.2094,0.0812,0.3786,0.1848,0.7901
6,2022-06-22,1.0,0.1915,0.0648,0.3333,0.1737,0.7935
7,2022-06-22,1.0,0.2505,0.0735,0.405,0.2049,0.8499
8,2022-06-22,0.9653,0.2956,0.1223,0.3614,0.07,0.6803
9,2022-06-22,0.9772,0.338,0.1442,0.3922,0.0619,0.6423
10,2022-06-22,1.0,0.2409,0.0774,0.347,0.13,0.7097
11,2022-06-22,1.0,0.2165,0.0894,0.3526,0.175,0.842
12,2022-06-22,0.9516,0.293,0.1168,0.3836,0.1111,0.6733
13,2022-06-22,0.9911,0.272,0.0769,0.3266,0.1197,0.7764
14,2022-06-22,1.0,0.2142,0.0547,0.4908,0.3358,0.9311
15,2022-06-22,1.0,0.2688,0.1179,0.354,0.1183,0.7456
16,2022-06-22,1.0,0.2549,0.1166,0.3193,0.0788,0.6903
17,2022-06-22,0.9555,0.2467,0.0472,0.4623,0.2759,0.9548
18,2022-06-22,1.0,0.2316,0.0792,0.438,0.2553,0.7938
19,2022-06-22,1.0,0.2175,0.0788,0.2682,0.0179,0.5291
20,2022-06-22,1.0,0.2268,0.094,0.2898,0.0593,0.6367
21,2022-06-22,0.9428,0.2301,0.1009,0.4059,0.1496,0.8838
22,2022-06-22,1.0,0.4624,0.2424,0.3642,-0.1727,0.2598
23,2022-06-22,1.0,0.3022,0.1311,0.2995,-0.0103,0.4821
24,2022-06-22,1.0,0.2021,0.085,0.2521,0.0655,0.5828
25,2022-06-22,1.0,0.5314,0.2774,0.2636,-0.313,0.0141
1,2022-06-25,1.0,0.1833,0.0838,0.236,0.0321,0.597
2,2022-06-25,0.9773,0.2702,0.1104,0.2755,0.014,0.5307
3,2022-06-25,1.0,0.1887,0.0831,0.3181,0.126,0.7992
4,2022-06-25,1.0,0.1874,0.0796,0.2442,0.0532,0.7115
5,2022-06-25,1.0,0.1756,0.0756,0.2655,0.0934,0.7373
6,2022-06-25,1.0,0.1876,0.0865,0.2268,0.0323,0.6124
7,2022-06-25,1.0,0.2071,0.0777,0.264,0.0806,0.7147
8,2022-06-25,0.9977,0.2428,0.1043,0.253,0.0,0.4988
9,2022-06-25,0.9963,0.286,0.1343,0.2858,-0.0136,0.4526
10,2022-06-25,1.0,0.2014,0.0823,0.225,0.027,0.5718
11,2022-06-25,1.0,0.1857,0.0779,0.2303,0.0602,0.7181
12,2022-06-25,1.0,0.2318,0.0953,0.2723,0.033,0.5914
13,2022-06-25,1.0,0.2466,0.1034,0.2174,-0.0197,0.4203
14,2022-06-25,0.9892,0.2015,0.0856,0.3298,0.1473,0.8529
15,2022-06-25,1.0,0.2171,0.1064,0.2426,0.0136,0.5401
16,2022-06-25,1.0,0.2259,0.1127,0.1871,-0.0557,0.2866
17,2022-06-25,1.0,0.2354,0.0966,0.28,0.0678,0.8618
18,2022-06-25,1.0,0.217,0.102,0.3118,0.0842,0.6876
19,2022-06-25,1.0,0.1873,0.081,0.1814,-0.0577,0.3257
20,2022-06-25,1.0,0.2193,0.1126,0.1571,-0.095,0.1257
21,2022-06-25,1.0,0.1904,0.0774,0.2793,0.0714,0.7343
22,2022-06-25,0.9981,0.3238,0.154,0.276,0.0114,0.5267
23,2022-06-25,1.0,0.2478,0.119,0.2132,-0.0688,0.3131
24,2022-06-25,1.0,0.1776,0.0868,0.1467,-0.0387,0.4217
25,2022-06-25,1.0,0.3926,0.2061,0.1657,-0.2726,0.0152
1,2022-06-27,1.0,0.17,0.0823,0.2303,0.0395,0.6575
2,2022-06-27,0.9866,0.2415,0.1117,0.2644,0.0178,0.5727
3,2022-06-27,0.7144,0.169,0.0701,0.3311,0.1764,0.9498
4,2022-06-27,0.9952,0.1982,0.0949,0.2485,0.034,0.6781
5,2022-06-27,0.9661,0.1542,0.0668,0.271,0.1147,0.8368
6,2022-06-27,0.5241,0.1774,0.081,0.2513,0.0687,0.7263
7,2022-06-27,0.389,0.206,0.0856,0.2617,0.1017,0.7686
8,2022-06-27,0.9756,0.2453,0.113,0.2524,-0.0031,0.4853
9,2022-06-27,0.4871,0.2318,0.0987,0.2888,0.0763,0.8376
10,2022-06-27,0.5905,0.1782,0.0731,0.2409,0.0742,0.7629
11,2022-06-27,0.9428,0.1702,0.0777,0.2219,0.0654,0.7705
12,2022-06-27,0.2183,0.2705,0.1268,0.2656,0.0273,0.6246
13,2022-06-27,1.0,0.2355,0.1034,0.217,-0.0164,0.3977
15,2022-06-27,1.0,0.1911,0.0892,0.2341,0.0434,0.672
16,2022-06-27,0.7331,0.175,0.0868,0.1817,0.0093,0.5482
17,2022-06-27,1.0,0.2147,0.094,0.2761,0.068,0.8901
19,2022-06-27,0.7871,0.163,0.075,0.2018,0.0072,0.5209
21,2022-06-27,0.9357,0.1624,0.0677,0.277,0.1032,0.8791
22,2022-06-27,0.8883,0.2936,0.1518,0.2912,0.0248,0.6118
23,2022-06-27,0.4561,0.2068,0.0963,0.2217,0.0192,0.58
24,2022-06-27,1.0,0.1498,0.0778,0.1567,-0.0006,0.4991
25,2022-06-27,0.9913,0.3419,0.1898,0.1552,-0.2347,0.0011
1,2022-07-05,0.3239,0.1507,0.0899,0.3021,0.1911,0.9987
2,2022-07-05,0.6461,0.1792,0.0869,0.2865,0.129,0.9341
3,2022-07-05,1.0,0.1239,0.0561,0.3166,0.1862,0.9117
4,2022-07-05,0.483,0.1039,0.0573,0.2568,0.1807,0.998
5,2022-07-05,0.4379,0.0794,0.0426,0.2547,0.2024,0.9868
6,2022-07-05,0.0266,0.0557,0.043,0.2489,0.1899,1.0
7,2022-07-05,0.5804,0.1581,0.0856,0.2588,0.1148,0.8523
8,2022-07-05,0.6694,0.171,0.089,0.2702,0.1161,0.9864
9,2022-07-05,0.6496,0.2454,0.1422,0.2898,0.0507,0.737
10,2022-07-05,0.3825,0.0714,0.0396,0.2503,0.2001,1.0
11,2022-07-05,1.0,0.1472,0.0889,0.2219,0.0543,0.7259
12,2022-07-05,0.9613,0.1988,0.0963,0.2915,0.0992,0.8297
13,2022-07-05,0.6679,0.1291,0.0674,0.2611,0.1623,1.0
14,2022-07-05,0.5319,0.1214,0.0638,0.3602,0.2614,0.9973
15,2022-07-05,0.3372,0.1019,0.0661,0.277,0.21,1.0
16,2022-07-05,0.9929,0.1849,0.1184,0.2137,-0.0101,0.4594
18,2022-07-05,1.0,0.1532,0.0821,0.3064,0.1482,0.8314
20,2022-07-05,0.037,0.1082,0.0618,0.2229,0.1491,1.0
21,2022-07-05,0.3545,0.1568,0.0881,0.2825,0.1627,0.9975
22,2022-07-05,0.4911,0.0986,0.0328,0.267,0.239,1.0
25,2022-07-05,0.4053,0.2368,0.1525,0.1747,-0.0885,0.1101
1,2022-07-12,0.9303,0.2351,0.1476,0.2877,0.0223,0.5458
2,2022-07-12,0.5854,0.4066,0.2081,0.3153,-0.0886,0.3655
3,2022-07-12,0.9997,0.205,0.1249,0.3628,0.1573,0.7447
4,2022-07-12,0.6736,0.2989,0.1712,0.3115,0.0148,0.5441
5,2022-07-12,0.9994,0.2617,0.1593,0.3304,0.0571,0.5899
6,2022-07-12,1.0,0.2336,0.144,0.2773,0.0324,0.5723
7,2022-07-12,0.9785,0.3001,0.1749,0.3138,-0.0041,0.4931
8,2022-07-12,0.0321,0.4783,0.2598,0.3193,-0.1826,0.1461
9,2022-07-12,0.9981,0.3902,0.216,0.3311,-0.0892,0.3488
10,2022-07-12,0.9878,0.2843,0.1616,0.2834,-0.0205,0.4681
11,2022-07-12,0.9688,0.2144,0.1336,0.2695,0.0599,0.6519
12,2022-07-12,0.6597,0.2836,0.1433,0.3448,0.0877,0.6174
13,2022-07-12,0.9928,0.377,0.1986,0.2824,-0.0929,0.279
14,2022-07-12,0.8773,0.2118,0.1309,0.3692,0.1543,0.7638
15,2022-07-12,0.8202,0.2712,0.1625,0.3028,0.0197,0.5411
16,2022-07-12,1.0,0.284,0.1793,0.2216,-0.0918,0.2816
18,2022-07-12,0.9099,0.2267,0.1318,0.3763,0.1538,0.7141
19,2022-07-12,1.0,0.2807,0.1603,0.2438,-0.1183,0.3361
20,2022-07-12,1.0,0.2838,0.1803,0.181,-0.1607,0.0969
21,2022-07-12,0.2631,0.2073,0.1256,0.3401,0.1376,0.7943
22,2022-07-12,1.0,0.5804,0.3714,0.3388,-0.4907,0.0907
23,2022-07-12,1.0,0.3379,0.1934,0.2681,-0.1275,0.2979
24,2022-07-12,0.3739,0.2205,0.1175,0.3387,0.1424,0.8721
25,2022-07-12,0.7775,0.6535,0.3583,0.2176,-0.5956,0.0
1,2022-07-15,1.0,0.2389,0.1283,0.2393,-0.0304,0.4254
2,2022-07-15,1.0,0.3531,0.1705,0.2514,-0.175,0.2274
3,2022-07-15,1.0,0.1958,0.083,0.3425,0.1591,0.7739
4,2022-07-15,1.0,0.2642,0.1295,0.2558,-0.0346,0.3951
5,2022-07-15,1.0,0.2507,0.127,0.268,-0.0203,0.4587
6,2022-07-15,1.0,0.2176,0.1081,0.2433,0.0212,0.5535
7,2022-07-15,1.0,0.2983,0.1455,0.2654,-0.0627,0.3936
8,2022-07-15,1.0,0.3482,0.1687,0.2333,-0.1817,0.1539
9,2022-07-15,1.0,0.3678,0.1823,0.2781,-0.152,0.2386
10,2022-07-15,0.9996,0.2624,0.1233,0.23,-0.0595,0.3777
11,2022-07-15,1.0,0.2297,0.1101,0.2313,0.0095,0.525
12,2022-07-15,1.0,0.3209,0.1555,0.2765,-0.1281,0.3585
13,2022-07-15,1.0,0.3316,0.1521,0.2268,-0.1263,0.1393
14,2022-07-15,1.0,0.2433,0.1202,0.342,0.0886,0.6496
15,2022-07-15,1.0,0.2769,0.1441,0.2396,-0.0607,0.341
16,2022-07-15,1.0,0.2833,0.1475,0.1776,-0.1353,0.1493
17,2022-07-15,1.0,0.3009,0.1348,0.2712,-0.0434,0.3502
18,2022-07-15,1.0,0.2253,0.104,0.3238,0.0986,0.6467
19,2022-07-15,1.0,0.2554,0.1151,0.1955,-0.1319,0.2922
20,2022-07-15,1.0,0.2675,0.1372,0.1664,-0.1435,0.0985
21,2022-07-15,1.0,0.2268,0.1173,0.2858,0.0186,0.5333
22,2022-07-15,1.0,0.6374,0.3601,0.2384,-0.9137,0.014
23,2022-07-15,1.0,0.293,0.144,0.2081,-0.1445,0.2259
24,2022-07-15,1.0,0.2566,0.1288,0.1574,-0.1097,0.358
25,2022-07-15,1.0,0.566,0.2915,0.1367,-0.5822,0.0
1,2022-07-22,1.0,0.2038,0.121,0.2453,0.0031,0.5085
2,2022-07-22,0.9594,0.3216,0.1625,0.2806,-0.0657,0.382
3,2022-07-22,1.0,0.1902,0.1044,0.2878,0.0878,0.7004
4,2022-07-22,1.0,0.2414,0.1313,0.268,0.0175,0.5756
5,2022-07-22,0.9464,0.2014,0.109,0.2729,0.0626,0.6448
6,2022-07-22,1.0,0.1941,0.113,0.2232,0.0031,0.511
7,2022-07-22,1.0,0.2597,0.1357,0.2799,0.0372,0.5932
8,2022-07-22,0.98,0.3154,0.1616,0.2754,-0.0521,0.3689
9,2022-07-22,0.9592,0.3149,0.1657,0.2889,-0.0366,0.3879
10,2022-07-22,1.0,0.2378,0.1202,0.2231,-0.0285,0.4349
11,2022-07-22,1.0,0.2009,0.1092,0.2306,0.0366,0.6351
12,2022-07-22,0.9248,0.2693,0.1287,0.287,0.0094,0.5202
13,2022-07-22,1.0,0.2999,0.1458,0.2284,-0.0527,0.297
14,2022-07-22,1.0,0.2252,0.1185,0.329,0.1265,0.7721
15,2022-07-22,1.0,0.2393,0.13,0.2535,0.0092,0.5278
16,2022-07-22,1.0,0.2414,0.1392,0.1857,-0.0795,0.2319
17,2022-07-22,1.0,0.2766,0.1318,0.2866,0.0243,0.6045
18,2022-07-22,1.0,0.2141,0.1114,0.2983,0.0706,0.6279
19,2022-07-22,1.0,0.2131,0.1201,0.1868,-0.1024,0.247
20,2022-07-22,1.0,0.2283,0.137,0.1441,-0.1296,0.0704
21,2022-07-22,0.9592,0.1981,0.1084,0.2865,0.053,0.6633
22,2022-07-22,0.9178,0.4261,0.2485,0.3288,-0.1239,0.2826
23,2022-07-22,1.0,0.2722,0.1446,0.2109,-0.093,0.2641
24,2022-07-22,1.0,0.2267,0.1356,0.1186,-0.0973,0.3654
25,2022-07-22,1.0,0.4907,0.2793,0.1741,-0.3799,0.0016
1,2022-07-25,1.0,0.2459,0.1294,0.2269,-0.0541,0.3566
2,2022-07-25,0.9657,0.3275,0.1524,0.2643,-0.0848,0.3496
3,2022-07-25,1.0,0.2099,0.1005,0.3121,0.1046,0.7154
4,2022-07-25,1.0,0.2598,0.1284,0.2468,-0.0308,0.3818
5,2022-07-25,0.9387,0.2289,0.1079,0.2655,0.0294,0.5635
6,2022-07-25,1.0,0.2217,0.1153,0.2233,-0.0151,0.4503
7,2022-07-25,1.0,0.3051,0.1509,0.2562,-0.0657,0.3672
8,2022-07-25,0.9953,0.3273,0.1532,0.2443,-0.1026,0.2458
9,2022-07-25,1.0,0.3783,0.1898,0.2795,-0.1504,0.2064
10,2022-07-25,1.0,0.2636,0.1269,0.2128,-0.0818,0.3156
11,2022-07-25,1.0,0.2205,0.109,0.219,0.0029,0.5119
12,2022-07-25,1.0,0.324,0.1517,0.2691,-0.1069,0.3598
13,2022-07-25,1.0,0.3193,0.1471,0.2145,-0.1011,0.1368
14,2022-07-25,1.0,0.2589,0.1256,0.3275,0.0585,0.629
15,2022-07-25,1.0,0.2847,0.1466,0.2245,-0.0906,0.2505
16,2022-07-25,1.0,0.2705,0.1462,0.1677,-0.1359,0.1176
17,2022-07-25,1.0,0.2906,0.1299,0.2728,-0.0099,0.462
18,2022-07-25,1.0,0.2438,0.1174,0.3105,0.0573,0.5964
19,2022-07-25,1.0,0.2521,0.1211,0.1904,-0.131,0.2479
20,2022-07-25,1.0,0.2597,0.1421,0.1358,-0.1689,0.0314
21,2022-07-25,1.0,0.2589,0.1284,0.265,-0.0626,0.4104
22,2022-07-25,1.0,0.469,0.2462,0.2933,-0.2786,0.1944
23,2022-07-25,1.0,0.2961,0.1514,0.2036,-0.154,0.1818
24,2022-07-25,1.0,0.243,0.1262,0.1331,-0.0997,0.3364
25,2022-07-25,1.0,0.5722,0.2968,0.1401,-0.5605,0.0011
1,2022-08-01,0.2908,0.2649,0.149,0.2835,0.0331,0.603
2,2022-08-01,1.0,0.3192,0.1728,0.2914,-0.068,0.371
3,2022-08-01,1.0,0.1747,0.0957,0.3787,0.2066,0.8463
4,2022-08-01,0.5649,0.2491,0.1371,0.3295,0.1044,0.8244
5,2022-08-01,0.6794,0.2096,0.113,0.3063,0.1181,0.7628
6,2022-08-01,0.9996,0.1923,0.1141,0.2702,0.0698,0.6858
7,2022-08-01,1.0,0.2573,0.1449,0.2968,0.0295,0.5716
8,2022-08-01,1.0,0.3171,0.1707,0.2774,-0.0579,0.3547
9,2022-08-01,1.0,0.3066,0.1699,0.3108,-0.0198,0.4466
10,2022-08-01,1.0,0.2285,0.1296,0.2594,0.0036,0.5081
11,2022-08-01,1.0,0.1919,0.1175,0.2544,0.0648,0.6942
12,2022-08-01,0.9611,0.2703,0.1389,0.3095,0.0193,0.5324
13,2022-08-01,1.0,0.2919,0.15,0.2564,-0.0286,0.3838
14,2022-08-01,1.0,0.2159,0.126,0.3859,0.1591,0.8194
15,2022-08-01,0.5598,0.3037,0.1617,0.2768,-0.0134,0.4656
16,2022-08-01,0.8695,0.2174,0.1377,0.2155,-0.0229,0.4241
17,2022-08-01,0.0516,0.2647,0.1128,0.2914,0.0651,0.7263
18,2022-08-01,1.0,0.1989,0.1064,0.3596,0.1665,0.7517
19,2022-08-01,1.0,0.2233,0.127,0.2257,-0.0685,0.3732
20,2022-08-01,1.0,0.2157,0.132,0.1891,-0.0657,0.256
21,2022-08-01,0.0235,0.4136,0.2185,0.3467,0.0041,0.5472
23,2022-08-01,1.0,0.2629,0.1475,0.238,-0.0605,0.3464
25,2022-08-01,0.8993,0.4928,0.278,0.1785,-0.3983,0.0
1,2022-08-04,1.0,0.2642,0.1567,0.2641,-0.0554,0.38
2,2022-08-04,1.0,0.4321,0.2153,0.2877,-0.244,0.1682
3,2022-08-04,1.0,0.1975,0.1004,0.3759,0.1706,0.7532
4,2022-08-04,1.0,0.2901,0.1536,0.3008,-0.0285,0.4294
5,2022-08-04,1.0,0.2711,0.1463,0.298,-0.0287,0.452
6,2022-08-04,1.0,0.2234,0.1304,0.2694,0.015,0.5377
7,2022-08-04,1.0,0.321,0.1687,0.3177,-0.0354,0.4427
8,2022-08-04,1.0,0.4248,0.2129,0.2735,-0.2395,0.1582
9,2022-08-04,1.0,0.3977,0.2057,0.3241,-0.1492,0.2709
10,2022-08-04,1.0,0.2815,0.1497,0.2733,-0.061,0.3941
11,2022-08-04,1.0,0.2271,0.1252,0.2678,0.0348,0.5886
12,2022-08-04,1.0,0.344,0.176,0.3098,-0.1268,0.3826
13,2022-08-04,1.0,0.3476,0.1712,0.274,-0.0915,0.2174
14,2022-08-04,1.0,0.2635,0.1406,0.4044,0.1153,0.6789
15,2022-08-04,1.0,0.3231,0.1757,0.2719,-0.0956,0.2864
16,2022-08-04,1.0,0.2801,0.1644,0.224,-0.1067,0.221
17,2022-08-04,1.0,0.3386,0.1548,0.3266,-0.0351,0.414
18,2022-08-04,1.0,0.2313,0.1179,0.3732,0.1317,0.6622
19,2022-08-04,1.0,0.2498,0.1369,0.2315,-0.1212,0.304
20,2022-08-04,1.0,0.2611,0.1535,0.1847,-0.1328,0.1584
21,2022-08-04,1.0,0.2839,0.1538,0.3089,-0.0742,0.3988
22,2022-08-04,1.0,0.9338,0.4879,0.2823,-1.0,0.0093
23,2022-08-04,1.0,0.3271,0.1739,0.2388,-0.156,0.2224
24,2022-08-04,1.0,0.265,0.1524,0.158,-0.1144,0.3722
25,2022-08-04,1.0,0.6763,0.3496,0.1842,-0.6633,0.0
1,2022-08-06,1.0,0.2235,0.1158,0.2584,0.0047,0.516
2,2022-08-06,0.9988,0.3323,0.1516,0.2954,-0.0383,0.4089
3,2022-08-06,1.0,0.1998,0.0976,0.2901,0.0776,0.72
4,2022-08-06,0.9929,0.2489,0.1154,0.2861,0.0392,0.6593
5,2022-08-06,1.0,0.2132,0.1009,0.2773,0.0524,0.6444
6,2022-08-06,1.0,0.1988,0.1032,0.2296,0.0085,0.5346
7,2022-08-06,1.0,0.2617,0.1243,0.2885,0.0512,0.6604
8,2022-08-06,0.993,0.3232,0.1475,0.2848,-0.0299,0.4123
9,2022-08-06,0.991,0.3269,0.1582,0.2974,-0.026,0.4011
10,2022-08-06,1.0,0.242,0.1111,0.2304,-0.0164,0.4465
11,2022-08-06,1.0,0.2045,0.0987,0.2353,0.0341,0.6656
12,2022-08-06,0.9968,0.2886,0.1241,0.3013,0.0011,0.5013
13,2022-08-06,1.0,0.2931,0.1309,0.242,-0.0201,0.3939
14,2022-08-06,1.0,0.2423,0.1138,0.3308,0.1222,0.8319
15,2022-08-06,1.0,0.2526,0.1229,0.2592,0.0116,0.5398
16,2022-08-06,1.0,0.2303,0.1208,0.1921,-0.0553,0.2565
17,2022-08-06,1.0,0.2794,0.1165,0.2922,0.0392,0.7022
18,2022-08-06,1.0,0.2279,0.1046,0.2926,0.0566,0.6187
19,2022-08-06,1.0,0.209,0.1044,0.1982,-0.0722,0.2598
20,2022-08-06,1.0,0.2166,0.1157,0.1456,-0.0972,0.0884
21,2022-08-06,1.0,0.2323,0.1104,0.294,0.0322,0.6295
22,2022-08-06,1.0,0.4206,0.2327,0.3292,-0.1476,0.2383
23,2022-08-06,1.0,0.2704,0.1282,0.2157,-0.0728,0.2675
24,2022-08-06,1.0,0.1944,0.1057,0.1268,-0.0548,0.403
25,2022-08-06,1.0,0.43,0.2341,0.2043,-0.2471,0.0131
1,2022-08-09,1.0,0.2474,0.1227,0.2482,-0.0297,0.418
2,2022-08-09,0.9975,0.3689,0.1646,0.2893,-0.1022,0.301
3,2022-08-09,1.0,0.2335,0.1069,0.3297,0.1118,0.7368
4,2022-08-09,1.0,0.279,0.1281,0.2667,-0.0239,0.409
5,2022-08-09,1.0,0.2646,0.1227,0.2749,-0.0248,0.4458
6,2022-08-09,0.9863,0.2384,0.1166,0.2361,-0.0115,0.4615
7,2022-08-09,0.9845,0.3057,0.144,0.282,-0.0226,0.4505
8,2022-08-09,1.0,0.3668,0.1662,0.278,-0.1063,0.2815
9,2022-08-09,1.0,0.3754,0.1809,0.303,-0.0959,0.2763
10,2022-08-09,1.0,0.2749,0.1222,0.2355,-0.0495,0.384
11,2022-08-09,1.0,0.2373,0.1134,0.2419,0.0212,0.5903
12,2022-08-09,1.0,0.3293,0.142,0.2938,-0.0601,0.4096
13,2022-08-09,1.0,0.3305,0.1441,0.248,-0.0662,0.209
14,2022-08-09,1.0,0.2809,0.1305,0.3452,0.0777,0.676
15,2022-08-09,1.0,0.2955,0.1428,0.2496,-0.0527,0.3225
16,2022-08-09,1.0,0.276,0.1446,0.1793,-0.106,0.1566
17,2022-08-09,1.0,0.3174,0.1315,0.2889,-0.0196,0.4313
18,2022-08-09,1.0,0.257,0.1101,0.3346,0.0744,0.6356
19,2022-08-09,1.0,0.2555,0.1251,0.2223,-0.0899,0.2844
20,2022-08-09,0.9604,0.2666,0.1401,0.1428,-0.1517,0.0525
21,2022-08-09,1.0,0.2558,0.1149,0.2944,-0.0075,0.4809
22,2022-08-09,1.0,0.5389,0.2912,0.3014,-0.3534,0.1561
23,2022-08-09,1.0,0.3244,0.1601,0.2393,-0.1073,0.2411
24,2022-08-09,1.0,0.229,0.1221,0.1451,-0.0727,0.3745
25,2022-08-09,1.0,0.5324,0.2901,0.1971,-0.3916,0.0294
1,2022-08-11,0.9522,0.238,0.1226,0.2572,-0.0078,0.4754
2,2022-08-11,0.9156,0.3631,0.1776,0.2711,-0.1121,0.2568
3,2022-08-11,1.0,0.217,0.1004,0.3529,0.1415,0.7921
4,2022-08-11,1.0,0.2829,0.1394,0.2694,-0.0161,0.4388
5,2022-08-11,0.9621,0.2522,0.1257,0.292,0.0325,0.5782
6,2022-08-11,1.0,0.2294,0.1142,0.2541,0.0155,0.5531
7,2022-08-11,1.0,0.295,0.145,0.2839,-0.0209,0.4487
8,2022-08-11,0.8459,0.3541,0.1712,0.2734,-0.0735,0.294
9,2022-08-11,0.9981,0.3582,0.1762,0.3025,-0.0683,0.3226
10,2022-08-11,0.9993,0.2676,0.1279,0.2506,-0.0325,0.4161
11,2022-08-11,1.0,0.2252,0.1122,0.2466,0.0287,0.6045
12,2022-08-11,0.9607,0.3137,0.143,0.3053,-0.0136,0.4762
13,2022-08-11,1.0,0.3323,0.1515,0.2622,-0.0573,0.263
14,2022-08-11,0.9789,0.2575,0.1272,0.3515,0.0873,0.7218
15,2022-08-11,0.7904,0.2692,0.1342,0.2723,-0.0045,0.4869
16,2022-08-11,1.0,0.2575,0.1411,0.1949,-0.0858,0.1799
17,2022-08-11,1.0,0.3079,0.1392,0.3005,0.0157,0.5575
18,2022-08-11,1.0,0.2415,0.105,0.3443,0.1099,0.6975
19,2022-08-11,1.0,0.2507,0.1247,0.2321,-0.0821,0.3224
20,2022-08-11,1.0,0.247,0.1345,0.1566,-0.1204,0.0769
21,2022-08-11,0.9632,0.242,0.1138,0.3113,0.0495,0.6154
22,2022-08-11,0.1696,0.3592,0.1672,0.2759,-0.1266,0.157
23,2022-08-11,1.0,0.3009,0.145,0.2466,-0.0748,0.3003
24,2022-08-11,1.0,0.2522,0.1288,0.1632,-0.0357,0.4343
25,2022-08-11,0.784,0.5098,0.2794,0.1973,-0.3489,0.0
3,2022-08-16,0.9494,0.2076,0.0702,0.3726,0.219,0.8887
7,2022-08-16,0.3553,0.2386,0.0986,0.2825,0.091,0.7979
9,2022-08-16,0.1436,0.2581,0.0839,0.3322,0.1997,0.975
10,2022-08-16,0.1639,0.1686,0.0655,0.227,0.1277,0.8855
11,2022-08-16,0.1494,0.1519,0.0553,0.243,0.1504,0.8504
14,2022-08-16,0.6844,0.2397,0.0991,0.3034,0.1105,0.7989
1,2022-08-19,1.0,0.2554,0.1256,0.2634,-0.0164,0.4484
2,2022-08-19,0.9994,0.3707,0.1575,0.2927,-0.0869,0.3424
3,2022-08-19,1.0,0.2457,0.1098,0.3203,0.0967,0.7217
4,2022-08-19,0.9912,0.2893,0.1256,0.2882,0.0025,0.5086
5,2022-08-19,0.9275,0.2521,0.106,0.2811,0.0306,0.5678
6,2022-08-19,1.0,0.2478,0.1175,0.244,-0.0076,0.4734
7,2022-08-19,1.0,0.3183,0.1458,0.2943,-0.0016,0.4952
8,2022-08-19,1.0,0.3722,0.1591,0.2773,-0.0894,0.2844
9,2022-08-19,0.9994,0.3751,0.1744,0.3077,-0.0798,0.2917
10,2022-08-19,1.0,0.2867,0.123,0.2385,-0.051,0.3673
11,2022-08-19,1.0,0.2549,0.1184,0.2527,0.0226,0.5879
12,2022-08-19,1.0,0.3359,0.1397,0.3081,-0.0428,0.4265
13,2022-08-19,1.0,0.3418,0.1424,0.2568,-0.0612,0.2259
14,2022-08-19,1.0,0.2854,0.1336,0.3475,0.0915,0.7378
15,2022-08-19,1.0,0.3015,0.1417,0.2616,-0.0357,0.3827
16,2022-08-19,1.0,0.2895,0.1491,0.1974,-0.096,0.1738
17,2022-08-19,1.0,0.3269,0.1235,0.2894,-0.0079,0.472
18,2022-08-19,1.0,0.2638,0.1093,0.3147,0.0594,0.6069
19,2022-08-19,1.0,0.2738,0.1286,0.2227,-0.0967,0.2604
20,2022-08-19,1.0,0.2791,0.1396,0.155,-0.1406,0.0612
21,2022-08-19,1.0,0.2566,0.1161,0.3056,0.0118,0.5302
22,2022-08-19,1.0,0.5492,0.288,0.3128,-0.3523,0.1294
23,2022-08-19,1.0,0.3271,0.1514,0.2342,-0.1074,0.2332
24,2022-08-19,1.0,0.234,0.1015,0.1764,-0.0272,0.4525
25,2022-08-19,1.0,0.5611,0.2902,0.2139,-0.4097,0.0005
1,2022-08-21,0.9933,0.251,0.1224,0.2672,0.0012,0.5038
2,2022-08-21,0.9734,0.3799,0.1764,0.3004,-0.0879,0.3308
3,2022-08-21,1.0,0.2352,0.1064,0.3173,0.1003,0.7304
4,2022-08-21,0.9914,0.2906,0.1318,0.2868,0.0107,0.5436
5,2022-08-21,0.9989,0.2647,0.1174,0.3015,0.0411,0.595
6,2022-08-21,1.0,0.2461,0.118,0.2465,0.0054,0.5183
7,2022-08-21,1.0,0.3062,0.1422,0.2939,0.007,0.5199
8,2022-08-21,0.9992,0.3699,0.1701,0.3011,-0.0496,0.3904
9,2022-08-21,1.0,0.3631,0.1723,0.3137,-0.0483,0.3679
10,2022-08-21,1.0,0.2772,0.1224,0.2469,-0.0218,0.4457
11,2022-08-21,1.0,0.2383,0.1112,0.2518,0.0381,0.6422
12,2022-08-21,0.9974,0.3225,0.1368,0.3044,-0.0069,0.4891
13,2022-08-21,1.0,0.3433,0.1461,0.2636,-0.0401,0.3293
14,2022-08-21,0.9974,0.2699,0.1248,0.3374,0.0923,0.7204
15,2022-08-21,1.0,0.2867,0.131,0.2749,0.0084,0.5252
16,2022-08-21,1.0,0.2681,0.1407,0.198,-0.0734,0.24
17,2022-08-21,0.9726,0.3242,0.1335,0.3163,0.037,0.643
18,2022-08-21,1.0,0.2597,0.1085,0.329,0.0792,0.6461
19,2022-08-21,1.0,0.2688,0.1266,0.2326,-0.0746,0.3177
20,2022-08-21,1.0,0.2683,0.1415,0.1511,-0.1276,0.0717
21,2022-08-21,1.0,0.2572,0.1123,0.3176,0.0448,0.6136
22,2022-08-21,1.0,0.4809,0.2676,0.3406,-0.2261,0.2084
23,2022-08-21,1.0,0.3266,0.1541,0.2554,-0.0758,0.3097
24,2022-08-21,1.0,0.2668,0.1291,0.1542,-0.0316,0.4485
25,2022-08-21,0.9064,0.534,0.2907,0.2198,-0.3425,0.0126
1,2022-08-26,1.0,0.2263,0.111,0.2415,0.0059,0.5202
2,2022-08-26,1.0,0.3183,0.1409,0.2629,-0.0613,0.3325
3,2022-08-26,1.0,0.2116,0.0888,0.3328,0.1413,0.8197
4,2022-08-26,1.0,0.2532,0.1122,0.2598,0.0218,0.5914
5,2022-08-26,1.0,0.2254,0.0981,0.2695,0.0416,0.6211
6,2022-08-26,1.0,0.2145,0.1017,0.2332,0.0197,0.5754
7,2022-08-26,1.0,0.2719,0.1265,0.261,0.0002,0.5001
8,2022-08-26,1.0,0.3177,0.1389,0.2535,-0.0565,0.3218
9,2022-08-26,1.0,0.3212,0.1512,0.2805,-0.036,0.3758
10,2022-08-26,1.0,0.2417,0.1056,0.2209,-0.0144,0.4565
11,2022-08-26,1.0,0.2136,0.098,0.2285,0.0346,0.6454
12,2022-08-26,1.0,0.2842,0.1205,0.2781,-0.0114,0.4761
13,2022-08-26,1.0,0.2898,0.1212,0.2305,-0.0363,0.3065
14,2022-08-26,1.0,0.2507,0.1143,0.3372,0.1022,0.7966
15,2022-08-26,1.0,0.2539,0.1176,0.2465,0.0055,0.5179
16,2022-08-26,1.0,0.2358,0.1191,0.1834,-0.0598,0.2438
17,2022-08-26,1.0,0.2727,0.1043,0.2793,0.0385,0.664
18,2022-08-26,1.0,0.2315,0.0922,0.3136,0.0984,0.6989
19,2022-08-26,1.0,0.2274,0.1041,0.2061,-0.0637,0.3296
20,2022-08-26,1.0,0.23,0.1156,0.1441,-0.0992,0.0818
21,2022-08-26,0.9499,0.216,0.0949,0.277,0.0435,0.6366
22,2022-08-26,1.0,0.4122,0.2244,0.2728,-0.2048,0.107
23,2022-08-26,1.0,0.2668,0.1211,0.2153,-0.0607,0.3018
24,2022-08-26,1.0,0.2061,0.0916,0.1689,0.0193,0.527
25,2022-08-26,0.9418,0.4155,0.2222,0.1676,-0.2776,0.0012
1,2022-08-29,1.0,0.2402,0.1196,0.2697,0.0081,0.5257
2,2022-08-29,1.0,0.3479,0.1512,0.2999,-0.0407,0.3845
3,2022-08-29,1.0,0.2195,0.0888,0.3936,0.2007,0.8746
4,2022-08-29,1.0,0.2608,0.1138,0.297,0.045,0.658
5,2022-08-29,1.0,0.2353,0.1034,0.2985,0.0537,0.6324
6,2022-08-29,1.0,0.223,0.1063,0.2674,0.0412,0.6328
7,2022-08-29,1.0,0.2814,0.1306,0.3007,0.0274,0.5871
8,2022-08-29,1.0,0.3343,0.1476,0.2893,-0.0401,0.3814
9,2022-08-29,1.0,0.3417,0.159,0.3227,-0.026,0.4279
10,2022-08-29,1.0,0.2509,0.1104,0.256,-0.0004,0.4985
11,2022-08-29,1.0,0.2258,0.1074,0.2646,0.0575,0.7041
12,2022-08-29,1.0,0.299,0.128,0.3081,-0.0058,0.4878
13,2022-08-29,1.0,0.2986,0.1263,0.277,-0.0015,0.4902
14,2022-08-29,1.0,0.2652,0.1208,0.3933,0.1394,0.8362
15,2022-08-29,1.0,0.2792,0.1348,0.2702,-0.0067,0.4756
16,2022-08-29,1.0,0.2471,0.1309,0.2169,-0.0411,0.3363
17,2022-08-29,1.0,0.2838,0.1068,0.3154,0.0678,0.7522
18,2022-08-29,1.0,0.2434,0.0944,0.3705,0.149,0.7421
19,2022-08-29,1.0,0.2261,0.1084,0.2463,-0.0325,0.405
20,2022-08-29,1.0,0.2372,0.12,0.1778,-0.0673,0.2357
21,2022-08-29,1.0,0.2506,0.1154,0.3079,0.0235,0.5586
22,2022-08-29,1.0,0.4448,0.2494,0.2947,-0.2054,0.1416
23,2022-08-29,1.0,0.2894,0.1361,0.2555,-0.0422,0.3645
24,2022-08-29,1.0,0.1792,0.0688,0.2742,0.0981,0.6995
25,2022-08-29,1.0,0.4421,0.244,0.1969,-0.273,0.0016
1,2022-08-31,0.9866,0.2536,0.1223,0.2844,0.0242,0.5704
2,2022-08-31,1.0,0.3817,0.1686,0.3106,-0.0439,0.3962
3,2022-08-31,1.0,0.2293,0.089,0.4143,0.2245,0.862
4,2022-08-31,1.0,0.2799,0.1206,0.3158,0.0643,0.7058
5,2022-08-31,1.0,0.2533,0.1108,0.3149,0.074,0.6678
6,2022-08-31,1.0,0.2357,0.1083,0.2848,0.0597,0.6634
7,2022-08-31,1.0,0.298,0.1346,0.3287,0.0555,0.6489
8,2022-08-31,1.0,0.368,0.1632,0.3066,-0.0308,0.4219
9,2022-08-31,1.0,0.3636,0.1651,0.3413,-0.0074,0.4799
10,2022-08-31,1.0,0.27,0.1171,0.2843,0.0193,0.5482
11,2022-08-31,1.0,0.237,0.1066,0.287,0.0805,0.7506
12,2022-08-31,1.0,0.322,0.1356,0.3201,0.0063,0.5115
13,2022-08-31,1.0,0.3288,0.1367,0.2999,0.0105,0.544
14,2022-08-31,1.0,0.275,0.1214,0.417,0.1675,0.8521
15,2022-08-31,1.0,0.2901,0.1348,0.2923,0.0251,0.5726
16,2022-08-31,1.0,0.2619,0.1313,0.2447,-0.0163,0.4311
17,2022-08-31,1.0,0.3138,0.119,0.3457,0.0999,0.813
18,2022-08-31,1.0,0.252,0.0955,0.394,0.1801,0.7526
19,2022-08-31,1.0,0.2528,0.1115,0.2791,-0.0206,0.4483
20,2022-08-31,1.0,0.2536,0.125,0.1989,-0.0556,0.3113
21,2022-08-31,1.0,0.2665,0.1176,0.3304,0.0416,0.6051
22,2022-08-31,1.0,0.4817,0.2693,0.3017,-0.2297,0.1486
23,2022-08-31,1.0,0.3209,0.1477,0.2792,-0.0334,0.4223
24,2022-08-31,0.9528,0.2087,0.0807,0.2629,0.0983,0.6362
25,2022-08-31,0.8107,0.493,0.2589,0.2251,-0.2854,0.0047
1,2022-09-03,1.0,0.2668,0.1435,0.2621,-0.0297,0.4125
2,2022-09-03,1.0,0.3872,0.1786,0.2934,-0.0866,0.3294
3,2022-09-03,1.0,0.2433,0.1105,0.3146,0.086,0.7112
4,2022-09-03,1.0,0.2929,0.1401,0.2882,0.0098,0.5317
5,2022-09-03,1.0,0.2574,0.121,0.2769,0.018,0.5415
6,2022-09-03,1.0,0.2465,0.1273,0.2302,-0.0222,0.424
7,2022-09-03,1.0,0.3171,0.1573,0.2939,-0.0003,0.4984
8,2022-09-03,1.0,0.382,0.18,0.2835,-0.0819,0.3195
9,2022-09-03,1.0,0.3865,0.193,0.3089,-0.083,0.2858
10,2022-09-03,1.0,0.2872,0.139,0.2307,-0.0524,0.3643
11,2022-09-03,1.0,0.2455,0.1197,0.2532,0.0279,0.6084
12,2022-09-03,1.0,0.3371,0.1556,0.302,-0.0532,0.4111
13,2022-09-03,1.0,0.3436,0.1603,0.2673,-0.0447,0.3042
14,2022-09-03,1.0,0.2889,0.1358,0.3439,0.0821,0.7082
15,2022-09-03,1.0,0.3131,0.1593,0.2637,-0.0394,0.3694
16,2022-09-03,1.0,0.2808,0.1524,0.198,-0.0877,0.2086
17,2022-09-03,1.0,0.3272,0.139,0.2923,0.0027,0.5114
18,2022-09-03,1.0,0.27,0.1169,0.311,0.0451,0.5881
19,2022-09-03,1.0,0.2602,0.1329,0.2214,-0.0823,0.2794
20,2022-09-03,1.0,0.271,0.1473,0.138,-0.1376,0.0733
21,2022-09-03,1.0,0.2835,0.1372,0.3004,-0.0259,0.4343
22,2022-09-03,1.0,0.4954,0.2971,0.3019,-0.238,0.1734
23,2022-09-03,1.0,0.3344,0.1624,0.239,-0.1008,0.2513
24,2022-09-03,1.0,0.2309,0.1237,0.1201,-0.0628,0.4269
25,2022-09-03,1.0,0.5413,0.3063,0.2191,-0.3458,0.0049
1,2022-09-05,1.0,0.2588,0.1333,0.2642,-0.02,0.4476
2,2022-09-05,0.9894,0.3996,0.181,0.2997,-0.1277,0.2742
3,2022-09-05,1.0,0.2377,0.1106,0.313,0.0865,0.6904
4,2022-09-05,1.0,0.2967,0.1371,0.2803,-0.0059,0.4793
5,2022-09-05,0.9995,0.2683,0.1213,0.2938,0.0192,0.5431
6,2022-09-05,1.0,0.2483,0.1258,0.2353,-0.0194,0.4361
7,2022-09-05,1.0,0.3129,0.1553,0.2803,-0.026,0.4377
8,2022-09-05,0.9859,0.3871,0.1782,0.2953,-0.0994,0.3079
9,2022-09-05,0.9996,0.3844,0.1877,0.3104,-0.0818,0.299
10,2022-09-05,1.0,0.2841,0.1346,0.2355,-0.0562,0.3725
11,2022-09-05,1.0,0.2417,0.1186,0.2471,0.0213,0.5772
12,2022-09-05,0.9989,0.3338,0.148,0.304,-0.0456,0.4343
13,2022-09-05,1.0,0.3511,0.1555,0.2557,-0.0647,0.2442
14,2022-09-05,1.0,0.2754,0.1326,0.3351,0.0748,0.6693
15,2022-09-05,1.0,0.2974,0.1457,0.2756,-0.0178,0.4542
16,2022-09-05,1.0,0.2825,0.1523,0.1951,-0.1003,0.1929
17,2022-09-05,1.0,0.3276,0.135,0.3095,0.007,0.5187
18,2022-09-05,1.0,0.2641,0.1106,0.3206,0.0517,0.5944
19,2022-09-05,1.0,0.278,0.1352,0.2227,-0.1046,0.2743
20,2022-09-05,1.0,0.2797,0.1557,0.1416,-0.1585,0.0468
21,2022-09-05,0.9796,0.2609,0.1224,0.3098,0.0146,0.5335
22,2022-09-05,1.0,0.5139,0.2897,0.3432,-0.3162,0.1547
23,2022-09-05,1.0,0.3395,0.1645,0.2474,-0.108,0.2621
24,2022-09-05,1.0,0.2594,0.1184,0.1805,-0.0211,0.4752
25,2022-09-05,0.9189,0.5791,0.3148,0.2214,-0.4106,0.0053
1,2022-09-08,1.0,0.2174,0.1299,0.2524,-0.0168,0.4416
2,2022-09-08,1.0,0.3161,0.159,0.2831,-0.0513,0.3568
3,2022-09-08,0.9982,0.2014,0.1111,0.3079,0.1053,0.8103
4,2022-09-08,1.0,0.2531,0.1348,0.2606,-0.0105,0.4532
5,2022-09-08,1.0,0.2158,0.1134,0.2749,0.043,0.6098
6,2022-09-08,1.0,0.2097,0.126,0.228,-0.0164,0.4403
7,2022-09-08,1.0,0.2779,0.1549,0.2668,-0.0212,0.4312
8,2022-09-08,0.9772,0.3249,0.1651,0.2724,-0.0529,0.3438
9,2022-09-08,1.0,0.3272,0.1771,0.2963,-0.0487,0.3401
10,2022-09-08,1.0,0.2516,0.1351,0.2259,-0.0503,0.3507
11,2022-09-08,0.9734,0.1973,0.113,0.2384,0.0492,0.7221
12,2022-09-08,1.0,0.293,0.1442,0.291,-0.0227,0.4532
13,2022-09-08,1.0,0.305,0.1567,0.2524,-0.0461,0.2552
14,2022-09-08,1.0,0.2445,0.138,0.3253,0.0744,0.7339
15,2022-09-08,1.0,0.2647,0.1505,0.2601,-0.0269,0.4024
16,2022-09-08,1.0,0.2369,0.1474,0.1937,-0.0556,0.2739
17,2022-09-08,1.0,0.2848,0.1335,0.2902,0.0157,0.5703
18,2022-09-08,1.0,0.2342,0.1164,0.3136,0.0666,0.6445
19,2022-09-08,1.0,0.2236,0.1356,0.2211,-0.0677,0.296
20,2022-09-08,1.0,0.2338,0.1491,0.1358,-0.1268,0.0635
21,2022-09-08,1.0,0.2288,0.1242,0.297,0.0093,0.528
22,2022-09-08,1.0,0.4193,0.261,0.2958,-0.1394,0.1963
23,2022-09-08,1.0,0.2872,0.1641,0.2394,-0.0742,0.2749
24,2022-09-08,1.0,0.1669,0.0916,0.1869,0.0283,0.5646
25,2022-09-08,1.0,0.4973,0.2956,0.1987,-0.3052,0.0082
1,2022-09-10,1.0,0.2504,0.1256,0.268,0.002,0.5057
2,2022-09-10,1.0,0.3782,0.1779,0.2871,-0.0877,0.2989
3,2022-09-10,1.0,0.2286,0.0995,0.3717,0.1679,0.8165
4,2022-09-10,1.0,0.2862,0.1327,0.2885,0.0223,0.5798
5,2022-09-10,1.0,0.2562,0.119,0.294,0.0459,0.6033
6,2022-09-10,1.0,0.2363,0.115,0.2585,0.027,0.5806
7,2022-09-10,0.9877,0.2941,0.1403,0.2901,0.0061,0.5158
8,2022-09-10,1.0,0.374,0.177,0.2836,-0.0767,0.3261
9,2022-09-10,1.0,0.3642,0.1776,0.3172,-0.0496,0.38
10,2022-09-10,1.0,0.2723,0.1266,0.2542,-0.0215,0.4493
11,2022-09-10,1.0,0.231,0.1103,0.2585,0.0499,0.6716
12,2022-09-10,1.0,0.3188,0.1441,0.3097,-0.0119,0.4815
13,2022-09-10,1.0,0.3333,0.1488,0.2758,-0.0284,0.3867
14,2022-09-10,1.0,0.2695,0.1276,0.3713,0.1119,0.7594
15,2022-09-10,1.0,0.29,0.14,0.2768,-0.0004,0.4984
16,2022-09-10,1.0,0.2642,0.1426,0.2223,-0.0443,0.334
17,2022-09-10,1.0,0.3133,0.1303,0.3162,0.0486,0.6691
18,2022-09-10,1.0,0.2538,0.1019,0.359,0.1271,0.7141
19,2022-09-10,1.0,0.2376,0.1123,0.2568,-0.0296,0.4296
20,2022-09-10,1.0,0.2562,0.1353,0.1628,-0.1058,0.1404
21,2022-09-10,1.0,0.2552,0.1188,0.3167,0.0303,0.5799
22,2022-09-10,1.0,0.4902,0.2887,0.2788,-0.2863,0.0967
23,2022-09-10,1.0,0.3192,0.1492,0.2541,-0.0672,0.3268
24,2022-09-10,1.0,0.2178,0.0821,0.2724,0.1029,0.6568
25,2022-09-10,0.9679,0.4852,0.266,0.208,-0.2899,0.0028
1,2022-09-13,1.0,0.2739,0.1446,0.2921,-0.0025,0.4926
2,2022-09-13,1.0,0.4116,0.2043,0.3018,-0.1182,0.2597
3,2022-09-13,1.0,0.2554,0.1067,0.4152,0.1909,0.8134
4,2022-09-13,1.0,0.3116,0.149,0.3192,0.0236,0.5723
5,2022-09-13,1.0,0.2885,0.1391,0.3213,0.0319,0.5629
6,2022-09-13,1.0,0.2639,0.1315,0.2875,0.0287,0.5755
7,2022-09-13,1.0,0.343,0.1704,0.3296,0.002,0.5035
8,2022-09-13,1.0,0.4119,0.203,0.3039,-0.1017,0.2838
9,2022-09-13,1.0,0.4036,0.2016,0.3489,-0.0583,0.374
10,2022-09-13,1.0,0.3157,0.1508,0.2902,-0.0296,0.4365
11,2022-09-13,1.0,0.2614,0.1263,0.2854,0.0488,0.6471
12,2022-09-13,1.0,0.3621,0.1663,0.3397,-0.0268,0.4628
13,2022-09-13,1.0,0.3755,0.174,0.3121,-0.0338,0.3804
14,2022-09-13,1.0,0.3039,0.1446,0.418,0.1231,0.7507
15,2022-09-13,1.0,0.3216,0.1603,0.3064,-0.0042,0.484
16,2022-09-13,1.0,0.304,0.1626,0.2503,-0.0566,0.3097
17,2022-09-13,1.0,0.3511,0.1495,0.3425,0.0349,0.6202
18,2022-09-13,1.0,0.2812,0.1179,0.4084,0.1606,0.7183
19,2022-09-13,1.0,0.2838,0.1342,0.2808,-0.064,0.3753
20,2022-09-13,1.0,0.2927,0.1572,0.1927,-0.1095,0.1846
21,2022-09-13,1.0,0.2755,0.1345,0.3533,0.0324,0.5736
22,2022-09-13,1.0,0.5932,0.3758,0.2843,-0.4728,0.0551
23,2022-09-13,1.0,0.3482,0.1657,0.2862,-0.0674,0.3425
24,2022-09-13,1.0,0.259,0.1201,0.2207,0.0301,0.5424
25,2022-09-13,1.0,0.6246,0.3487,0.2389,-0.4339,0.0011
1,2022-09-15,1.0,0.2575,0.1395,0.2869,0.0,0.4993
2,2022-09-15,0.6469,0.3707,0.1859,0.293,-0.0934,0.2838
3,2022-09-15,1.0,0.2413,0.1149,0.3695,0.1232,0.7319
4,2022-09-15,1.0,0.2893,0.1378,0.3183,0.0303,0.5884
5,2022-09-15,0.9997,0.274,0.1308,0.3205,0.041,0.5863
6,2022-09-15,1.0,0.2513,0.129,0.2851,0.0221,0.5604
7,2022-09-15,0.9777,0.3182,0.1608,0.3294,0.0215,0.5539
8,2022-09-15,0.8961,0.3833,0.1826,0.3072,-0.066,0.3414
9,2022-09-15,0.9954,0.3849,0.1925,0.3453,-0.0508,0.3722
10,2022-09-15,1.0,0.3015,0.1466,0.2901,-0.022,0.4528
11,2022-09-15,1.0,0.2438,0.1235,0.2834,0.0525,0.6599
12,2022-09-15,0.9883,0.3395,0.1536,0.3257,-0.0316,0.4529
13,2022-09-15,1.0,0.3602,0.1674,0.3014,-0.0329,0.3764
14,2022-09-15,1.0,0.281,0.1398,0.4043,0.1185,0.7541
15,2022-09-15,1.0,0.3023,0.154,0.3058,0.0069,0.5172
16,2022-09-15,1.0,0.2831,0.1556,0.2604,-0.0371,0.3794
17,2022-09-15,0.9875,0.3284,0.1382,0.3404,0.0515,0.6701
18,2022-09-15,1.0,0.269,0.1175,0.3597,0.096,0.6552
19,2022-09-15,1.0,0.2873,0.1422,0.262,-0.088,0.3319
20,2022-09-15,1.0,0.2766,0.153,0.1997,-0.1042,0.2029
21,2022-09-15,1.0,0.2666,0.1308,0.3365,0.0186,0.5515
22,2022-09-15,1.0,0.4936,0.3016,0.3108,-0.2993,0.0986
23,2022-09-15,1.0,0.3476,0.1718,0.2713,-0.1026,0.2935
24,2022-09-15,1.0,0.2558,0.1278,0.1563,-0.0348,0.4582
25,2022-09-15,1.0,0.5659,0.3113,0.2287,-0.3916,0.0038
1,2022-09-18,1.0,0.2735,0.1414,0.2683,-0.0358,0.4035
2,2022-09-18,1.0,0.4304,0.1947,0.3107,-0.1377,0.2564
3,2022-09-18,1.0,0.2612,0.1228,0.3183,0.0795,0.6783
4,2022-09-18,1.0,0.3045,0.1391,0.2818,-0.0226,0.4197
5,2022-09-18,1.0,0.2714,0.1212,0.2907,0.0069,0.5151
6,2022-09-18,1.0,0.2596,0.1327,0.2322,-0.0358,0.3949
7,2022-09-18,1.0,0.3329,0.1617,0.2842,-0.0371,0.4278
8,2022-09-18,1.0,0.4142,0.1889,0.3028,-0.115,0.2747
9,2022-09-18,1.0,0.4031,0.1944,0.3191,-0.1023,0.2755
10,2022-09-18,1.0,0.3085,0.143,0.2389,-0.0796,0.3328
11,2022-09-18,1.0,0.2619,0.1299,0.2527,0.0178,0.5644
12,2022-09-18,1.0,0.3495,0.1487,0.3142,-0.0537,0.4194
13,2022-09-18,1.0,0.3557,0.1576,0.2625,-0.0679,0.2366
14,2022-09-18,1.0,0.3005,0.1446,0.3444,0.0716,0.653
15,2022-09-18,1.0,0.3188,0.161,0.2743,-0.0371,0.3916
16,2022-09-18,1.0,0.302,0.1623,0.2107,-0.0907,0.2263
17,2022-09-18,1.0,0.3432,0.1377,0.3088,-0.0017,0.4951
18,2022-09-18,1.0,0.2864,0.12,0.3244,0.0391,0.569
19,2022-09-18,1.0,0.2847,0.1422,0.2349,-0.1049,0.2699
20,2022-09-18,1.0,0.2936,0.1583,0.1395,-0.1716,0.0458
21,2022-09-18,1.0,0.2795,0.1325,0.3051,-0.0172,0.4676
22,2022-09-18,1.0,0.5425,0.3035,0.3352,-0.3276,0.1313
23,2022-09-18,1.0,0.3617,0.1802,0.2595,-0.1219,0.2489
24,2022-09-18,1.0,0.2583,0.1256,0.1423,-0.0732,0.4104
25,2022-09-18,1.0,0.6158,0.3283,0.2431,-0.4151,0.0087
1,2022-09-20,0.9804,0.2561,0.1308,0.258,-0.0232,0.4446
2,2022-09-20,0.9677,0.3908,0.1783,0.2928,-0.1513,0.2778
3,2022-09-20,1.0,0.2407,0.1143,0.3058,0.0718,0.6553
4,2022-09-20,0.9952,0.3045,0.1419,0.2699,-0.029,0.3997
5,2022-09-20,0.9529,0.2679,0.1201,0.287,0.0141,0.5279
6,2022-09-20,1.0,0.258,0.1279,0.2287,-0.0342,0.4033
7,2022-09-20,0.9999,0.3215,0.1536,0.2707,-0.0346,0.4286
8,2022-09-20,0.9529,0.3862,0.1804,0.2859,-0.1193,0.2701
9,2022-09-20,0.9704,0.3917,0.1895,0.3041,-0.1062,0.272
10,2022-09-20,0.9906,0.311,0.145,0.228,-0.0885,0.3267
11,2022-09-20,1.0,0.2485,0.1198,0.2329,0.0051,0.5151
12,2022-09-20,0.9799,0.3396,0.149,0.3005,-0.0532,0.4227
13,2022-09-20,1.0,0.3718,0.1639,0.245,-0.0965,0.2043
14,2022-09-20,0.9916,0.2681,0.1283,0.3327,0.0849,0.6687
15,2022-09-20,0.9519,0.2995,0.1431,0.2705,-0.0227,0.444
16,2022-09-20,1.0,0.2989,0.1578,0.1956,-0.1136,0.1784
17,2022-09-20,1.0,0.3406,0.1455,0.3011,-0.0142,0.4574
18,2022-09-20,1.0,0.2676,0.1181,0.3152,0.0494,0.58
19,2022-09-20,1.0,0.2993,0.1457,0.2095,-0.1464,0.2426
20,2022-09-20,1.0,0.3018,0.1632,0.1348,-0.2008,0.0278
21,2022-09-20,0.9831,0.2567,0.117,0.305,0.0317,0.5636
22,2022-09-20,0.9766,0.5037,0.2774,0.3397,-0.3644,0.1388
23,2022-09-20,1.0,0.3449,0.1671,0.2342,-0.147,0.2229
24,2022-09-20,1.0,0.281,0.1318,0.1288,-0.0852,0.4149
25,2022-09-20,0.9554,0.6366,0.3292,0.1975,-0.5562,0.0011
1,2022-09-23,1.0,0.2623,0.1422,0.2559,-0.0321,0.4137
2,2022-09-23,0.9925,0.3993,0.1941,0.2921,-0.119,0.2531
3,2022-09-23,1.0,0.2484,0.1158,0.3237,0.0912,0.7062
4,2022-09-23,1.0,0.2956,0.1434,0.271,-0.0192,0.43
5,2022-09-23,1.0,0.2621,0.1244,0.2807,0.0079,0.5187
6,2022-09-23,1.0,0.25,0.133,0.2276,-0.0316,0.4053
7,2022-09-23,1.0,0.3207,0.1614,0.2765,-0.0354,0.4225
8,2022-09-23,1.0,0.3893,0.1889,0.286,-0.0946,0.2899
9,2022-09-23,0.9802,0.3929,0.2,0.3113,-0.0948,0.286
10,2022-09-23,0.9793,0.2943,0.142,0.2273,-0.0751,0.3319
11,2022-09-23,1.0,0.2466,0.1201,0.2419,0.0177,0.5659
12,2022-09-23,1.0,0.3395,0.1509,0.3058,-0.0554,0.4183
13,2022-09-23,1.0,0.3507,0.164,0.2569,-0.0675,0.2299
14,2022-09-23,1.0,0.2926,0.1421,0.3498,0.0738,0.6691
15,2022-09-23,1.0,0.3068,0.1568,0.2669,-0.0264,0.413
16,2022-09-23,1.0,0.2831,0.1524,0.2,-0.0856,0.2243
17,2022-09-23,1.0,0.3295,0.1427,0.2973,0.0006,0.5011
18,2022-09-23,1.0,0.277,0.1256,0.324,0.0514,0.5933
19,2022-09-23,1.0,0.2591,0.1314,0.2286,-0.0978,0.2738
20,2022-09-23,1.0,0.2775,0.1564,0.1289,-0.1608,0.056
21,2022-09-23,1.0,0.2727,0.1325,0.2948,-0.0108,0.4783
22,2022-09-23,1.0,0.5116,0.302,0.311,-0.2855,0.1201
23,2022-09-23,1.0,0.3435,0.1721,0.2517,-0.1042,0.2499
24,2022-09-23,1.0,0.241,0.1257,0.1209,-0.0832,0.3978
25,2022-09-23,1.0,0.5633,0.3127,0.2238,-0.3619,0.0169
1,2022-09-25,0.9973,0.2625,0.1411,0.2843,-0.0134,0.4602
2,2022-09-25,1.0,0.4098,0.1965,0.302,-0.1279,0.2471
3,2022-09-25,1.0,0.2447,0.1165,0.3775,0.136,0.7521
4,2022-09-25,1.0,0.2972,0.1436,0.2981,0.0027,0.5093
5,2022-09-25,0.8827,0.2558,0.1234,0.3142,0.0436,0.6041
6,2022-09-25,1.0,0.2525,0.1328,0.2684,0.0017,0.5039
7,2022-09-25,0.9968,0.3243,0.1663,0.3059,-0.0197,0.455
8,2022-09-25,1.0,0.4045,0.1973,0.3048,-0.1071,0.2744
9,2022-09-25,0.1916,0.399,0.216,0.3272,-0.0789,0.2742
10,2022-09-25,0.7814,0.2865,0.1378,0.2601,-0.0305,0.4187
11,2022-09-25,1.0,0.2447,0.1237,0.268,0.0284,0.5939
12,2022-09-25,0.4768,0.4003,0.2022,0.3344,-0.0605,0.3328
13,2022-09-25,1.0,0.3477,0.1666,0.284,-0.0462,0.2964
14,2022-09-25,1.0,0.2891,0.1444,0.3871,0.0822,0.6868
15,2022-09-25,1.0,0.3056,0.1572,0.2981,-0.0177,0.452
16,2022-09-25,1.0,0.2853,0.1615,0.2334,-0.0762,0.2613
17,2022-09-25,1.0,0.3247,0.1404,0.3199,0.0263,0.5966
18,2022-09-25,0.5676,0.2835,0.1326,0.384,0.1177,0.6824
19,2022-09-25,1.0,0.2722,0.1384,0.2601,-0.0869,0.3213
20,2022-09-25,1.0,0.2784,0.157,0.1669,-0.1391,0.0907
21,2022-09-25,0.9929,0.2718,0.1367,0.3367,0.0146,0.534
22,2022-09-25,1.0,0.5187,0.3161,0.3007,-0.3275,0.0771
23,2022-09-25,1.0,0.3471,0.1756,0.2728,-0.0965,0.2837
24,2022-09-25,1.0,0.242,0.1154,0.1974,0.004,0.5037
25,2022-09-25,1.0,0.5842,0.3235,0.2305,-0.402,0.0054
1,2022-09-28,1.0,0.2684,0.1416,0.3058,0.0086,0.5236
2,2022-09-28,1.0,0.399,0.1902,0.331,-0.0621,0.3462
3,2022-09-28,1.0,0.2548,0.116,0.4235,0.1948,0.8297
4,2022-09-28,1.0,0.2868,0.136,0.328,0.0443,0.6397
5,2022-09-28,1.0,0.2672,0.1237,0.3327,0.0528,0.6191
6,2022-09-28,1.0,0.2506,0.1295,0.2922,0.0349,0.5962
7,2022-09-28,1.0,0.3175,0.16,0.3398,0.0409,0.6013
8,2022-09-28,1.0,0.3901,0.1861,0.3312,-0.0528,0.3716
9,2022-09-28,1.0,0.4,0.1995,0.376,-0.0314,0.4202
10,2022-09-28,1.0,0.2958,0.1417,0.3011,-0.0078,0.4843
11,2022-09-28,1.0,0.2483,0.1248,0.2959,0.0698,0.7219
12,2022-09-28,1.0,0.3433,0.1533,0.3519,-0.0046,0.493
13,2022-09-28,1.0,0.3434,0.159,0.3166,-0.006,0.4748
14,2022-09-28,1.0,0.2972,0.1476,0.4397,0.1501,0.8172
15,2022-09-28,1.0,0.3111,0.1597,0.3175,0.0114,0.5355
16,2022-09-28,1.0,0.2836,0.1566,0.2637,-0.0259,0.4247
17,2022-09-28,1.0,0.3371,0.1377,0.3553,0.0607,0.6987
18,2022-09-28,1.0,0.2841,0.1187,0.4096,0.1496,0.7161
19,2022-09-28,1.0,0.2668,0.1313,0.2945,-0.0389,0.4139
20,2022-09-28,1.0,0.2759,0.1509,0.2004,-0.0861,0.2445
21,2022-09-28,1.0,0.2745,0.1376,0.3627,0.0289,0.5665
22,2022-09-28,1.0,0.5287,0.32,0.3327,-0.27,0.1248
23,2022-09-28,1.0,0.3518,0.1799,0.3021,-0.0563,0.3635
24,2022-09-28,1.0,0.2258,0.1114,0.2098,0.0088,0.51
25,2022-09-28,1.0,0.5697,0.3241,0.2687,-0.3186,0.012
1,2022-09-30,0.9998,0.2423,0.1341,0.2904,0.0122,0.5382
2,2022-09-30,1.0,0.3743,0.182,0.3193,-0.0477,0.3813
3,2022-09-30,1.0,0.2339,0.1151,0.3692,0.1317,0.7934
4,2022-09-30,1.0,0.2786,0.1394,0.3221,0.0486,0.6592
5,2022-09-30,0.9967,0.2498,0.1202,0.3253,0.0738,0.6734
6,2022-09-30,1.0,0.2291,0.1244,0.2757,0.0275,0.5788
7,2022-09-30,1.0,0.2974,0.1539,0.329,0.0465,0.6305
8,2022-09-30,1.0,0.3707,0.1817,0.32,-0.0362,0.4077
9,2022-09-30,1.0,0.3709,0.1922,0.3511,-0.0318,0.4086
10,2022-09-30,0.9998,0.2784,0.1397,0.2886,-0.0047,0.4881
11,2022-09-30,1.0,0.2244,0.1172,0.2865,0.0706,0.7316
12,2022-09-30,1.0,0.3273,0.1521,0.3369,0.0,0.4995
13,2022-09-30,1.0,0.3296,0.1587,0.3028,-0.0026,0.4877
14,2022-09-30,0.9993,0.2707,0.1393,0.412,0.1457,0.8498
15,2022-09-30,0.9966,0.2849,0.1503,0.3063,0.0218,0.5639
16,2022-09-30,1.0,0.2566,0.1457,0.2531,-0.0227,0.4257
17,2022-09-30,1.0,0.3142,0.1377,0.3473,0.0807,0.7956
18,2022-09-30,1.0,0.2686,0.122,0.3473,0.0849,0.6555
19,2022-09-30,1.0,0.2478,0.1275,0.2663,-0.0546,0.364
20,2022-09-30,1.0,0.251,0.1414,0.1881,-0.084,0.218
21,2022-09-30,1.0,0.2591,0.1322,0.3464,0.0416,0.6176
22,2022-09-30,1.0,0.462,0.2843,0.3264,-0.1851,0.1724
23,2022-09-30,1.0,0.3165,0.162,0.2712,-0.0653,0.3381
24,2022-09-30,1.0,0.2281,0.1177,0.1686,-0.0126,0.49
25,2022-09-30,0.9472,0.5101,0.291,0.2408,-0.292,0.0075
1,2022-10-03,1.0,0.2734,0.1476,0.2713,-0.0284,0.4186
2,2022-10-03,1.0,0.4161,0.2065,0.3199,-0.1031,0.2919
3,2022-10-03,1.0,0.2636,0.1243,0.3236,0.0832,0.6994
4,2022-10-03,1.0,0.31,0.1523,0.2914,-0.0056,0.4827
5,2022-10-03,1.0,0.2776,0.1309,0.31,0.0254,0.5544
6,2022-10-03,1.0,0.2608,0.1362,0.2401,-0.0209,0.4334
7,2022-10-03,0.9929,0.3371,0.1735,0.2949,-0.0185,0.4542
8,2022-10-03,0.9963,0.4097,0.2029,0.323,-0.078,0.3266
9,2022-10-03,0.9984,0.4188,0.2159,0.3397,-0.0859,0.3064
10,2022-10-03,1.0,0.3191,0.1582,0.2527,-0.0605,0.3633
11,2022-10-03,1.0,0.2545,0.1265,0.2553,0.0229,0.5861
12,2022-10-03,1.0,0.3612,0.1681,0.331,-0.0293,0.4489
13,2022-10-03,1.0,0.3684,0.1752,0.2815,-0.0522,0.2877
14,2022-10-03,1.0,0.3012,0.15,0.3427,0.0708,0.6739
15,2022-10-03,1.0,0.3229,0.1678,0.2849,-0.0234,0.4286
16,2022-10-03,1.0,0.2966,0.1618,0.2086,-0.0864,0.2164
17,2022-10-03,1.0,0.3496,0.1554,0.3199,0.0093,0.532
18,2022-10-03,1.0,0.2975,0.138,0.3376,0.0491,0.5958
19,2022-10-03,1.0,0.2823,0.1408,0.2465,-0.0894,0.2978
20,2022-10-03,1.0,0.2878,0.1599,0.1429,-0.1559,0.057
21,2022-10-03,1.0,0.2785,0.1435,0.3429,0.0267,0.5594
22,2022-10-03,1.0,0.5271,0.3178,0.3577,-0.2565,0.1813
23,2022-10-03,1.0,0.3632,0.1855,0.2804,-0.0965,0.2763
24,2022-10-03,1.0,0.2648,0.1277,0.1976,-0.0064,0.4929
25,2022-10-03,0.9989,0.5986,0.3405,0.2545,-0.3547,0.0125
1,2022-10-05,1.0,0.234,0.1264,0.2625,0.0048,0.5155
2,2022-10-05,0.9975,0.3464,0.1571,0.3115,-0.0178,0.4511
3,2022-10-05,1.0,0.2385,0.1172,0.3135,0.085,0.7388
4,2022-10-05,0.9962,0.259,0.1223,0.2738,0.0244,0.5963
5,2022-10-05,1.0,0.2339,0.1073,0.2857,0.05,0.6311
6,2022-10-05,1.0,0.2251,0.1217,0.2275,-0.0102,0.4596
7,2022-10-05,0.9999,0.2794,0.1334,0.2799,0.0363,0.6032
8,2022-10-05,0.9613,0.3309,0.1556,0.306,0.0009,0.5012
9,2022-10-05,1.0,0.3528,0.1835,0.3152,-0.0328,0.4002
10,2022-10-05,1.0,0.2668,0.1309,0.2342,-0.0249,0.4339
11,2022-10-05,1.0,0.2207,0.1106,0.2444,0.0379,0.6587
12,2022-10-05,1.0,0.2971,0.1311,0.311,0.0265,0.5662
13,2022-10-05,1.0,0.307,0.1449,0.2541,-0.0182,0.4102
14,2022-10-05,1.0,0.2693,0.1313,0.3352,0.098,0.7577
15,2022-10-05,0.9548,0.2764,0.1461,0.2668,0.0034,0.5127
16,2022-10-05,1.0,0.2496,0.1371,0.197,-0.058,0.2783
17,2022-10-05,1.0,0.2934,0.1281,0.3012,0.0473,0.7136
18,2022-10-05,1.0,0.2708,0.1276,0.3221,0.0496,0.6201
19,2022-10-05,1.0,0.2349,0.1206,0.2214,-0.0548,0.3085
20,2022-10-05,1.0,0.245,0.1385,0.137,-0.1217,0.0566
21,2022-10-05,0.9716,0.2517,0.1235,0.3104,0.052,0.6489
22,2022-10-05,1.0,0.3995,0.2196,0.3312,-0.0457,0.4084
23,2022-10-05,1.0,0.3114,0.1597,0.2559,-0.0646,0.3111
24,2022-10-05,1.0,0.2062,0.0996,0.1785,0.0006,0.5014
25,2022-10-05,1.0,0.4627,0.2647,0.2418,-0.2124,0.0968
1,2022-10-08,1.0,0.2574,0.1355,0.2786,0.0024,0.5084
2,2022-10-08,0.9982,0.3927,0.1886,0.3237,-0.0663,0.3346
3,2022-10-08,1.0,0.2519,0.1213,0.3552,0.1286,0.7983
4,2022-10-08,1.0,0.285,0.1371,0.2965,0.018,0.5733
5,2022-10-08,1.0,0.255,0.1166,0.3078,0.0414,0.6067
6,2022-10-08,1.0,0.2439,0.1291,0.2546,0.0057,0.5176
7,2022-10-08,1.0,0.305,0.1543,0.2971,0.0144,0.5431
8,2022-10-08,1.0,0.3779,0.1816,0.3164,-0.0544,0.3613
9,2022-10-08,1.0,0.3843,0.1967,0.3439,-0.0447,0.3781
10,2022-10-08,1.0,0.2908,0.1416,0.2614,-0.0238,0.4321
11,2022-10-08,1.0,0.238,0.1192,0.2566,0.0453,0.6853
12,2022-10-08,1.0,0.3236,0.1425,0.3324,0.0065,0.5092
13,2022-10-08,1.0,0.3336,0.157,0.2836,-0.0239,0.3893
14,2022-10-08,1.0,0.2908,0.1443,0.3788,0.1126,0.7971
15,2022-10-08,1.0,0.3041,0.1564,0.291,0.0055,0.5191
16,2022-10-08,1.0,0.2656,0.1458,0.216,-0.0432,0.3305
17,2022-10-08,1.0,0.3207,0.1372,0.3256,0.0403,0.655
18,2022-10-08,1.0,0.2877,0.1285,0.3603,0.0864,0.6544
19,2022-10-08,1.0,0.253,0.1304,0.2455,-0.0614,0.3296
20,2022-10-08,1.0,0.2601,0.1449,0.1605,-0.1064,0.1152
21,2022-10-08,1.0,0.2677,0.1296,0.3324,0.0318,0.5821
22,2022-10-08,1.0,0.4787,0.2828,0.3368,-0.1888,0.1682
23,2022-10-08,1.0,0.3238,0.1678,0.2653,-0.0634,0.318
24,2022-10-08,1.0,0.216,0.0995,0.2204,0.0222,0.5339
25,2022-10-08,1.0,0.5136,0.3,0.2508,-0.2712,0.0408
1,2022-10-10,1.0,0.2702,0.1465,0.2986,0.0076,0.5223
2,2022-10-10,1.0,0.4064,0.1987,0.3372,-0.0311,0.416
3,2022-10-10,1.0,0.2607,0.1239,0.3934,0.1562,0.8077
4,2022-10-10,1.0,0.2958,0.1477,0.3221,0.0509,0.6698
5,2022-10-10,1.0,0.2682,0.1293,0.3292,0.0713,0.6587
6,2022-10-10,1.0,0.2516,0.1322,0.2828,0.0279,0.5837
7,2022-10-10,1.0,0.3206,0.1638,0.3264,0.0278,0.5767
8,2022-10-10,1.0,0.3941,0.1957,0.3405,-0.0221,0.4398
9,2022-10-10,1.0,0.4009,0.2084,0.3647,-0.0338,0.411
10,2022-10-10,1.0,0.3,0.1503,0.287,-0.0089,0.4788
11,2022-10-10,1.0,0.2483,0.1244,0.2907,0.0671,0.7291
12,2022-10-10,1.0,0.3496,0.1632,0.3478,0.0,0.4999
13,2022-10-10,1.0,0.3474,0.1671,0.3119,-0.0019,0.4881
14,2022-10-10,1.0,0.3008,0.1518,0.4085,0.123,0.7997
15,2022-10-10,1.0,0.321,0.1662,0.3198,0.0202,0.556
16,2022-10-10,1.0,0.2807,0.1547,0.2545,-0.0249,0.4042
17,2022-10-10,1.0,0.3354,0.1486,0.3552,0.0864,0.7964
18,2022-10-10,1.0,0.2961,0.1329,0.3912,0.1248,0.7058
19,2022-10-10,1.0,0.2615,0.1344,0.2922,-0.0365,0.4053
20,2022-10-10,1.0,0.2699,0.1478,0.1833,-0.0834,0.2128
21,2022-10-10,1.0,0.2888,0.1481,0.3505,0.0227,0.5577
22,2022-10-10,1.0,0.4974,0.2994,0.3302,-0.1734,0.1799
23,2022-10-10,1.0,0.3515,0.1792,0.309,-0.0385,0.3993
24,2022-10-10,1.0,0.243,0.1275,0.1915,0.0016,0.5037
25,2022-10-10,1.0,0.5409,0.3153,0.2703,-0.2602,0.0207
1,2022-10-13,1.0,0.296,0.1606,0.301,-0.0106,0.4737
2,2022-10-13,1.0,0.4348,0.2168,0.3386,-0.0822,0.3232
3,2022-10-13,1.0,0.2797,0.1316,0.3447,0.0943,0.7206
4,2022-10-13,1.0,0.3174,0.1549,0.3222,0.0237,0.574
5,2022-10-13,1.0,0.2863,0.1355,0.3232,0.0389,0.585
6,2022-10-13,1.0,0.2745,0.1439,0.2672,0.0,0.4996
7,2022-10-13,1.0,0.3451,0.1775,0.3287,0.0179,0.5491
8,2022-10-13,0.9993,0.4227,0.2108,0.3368,-0.065,0.3545
9,2022-10-13,1.0,0.4262,0.2226,0.3586,-0.0706,0.3343
10,2022-10-13,1.0,0.3241,0.1643,0.2765,-0.0356,0.4252
11,2022-10-13,1.0,0.2685,0.133,0.2835,0.0445,0.6597
12,2022-10-13,0.9998,0.3677,0.1748,0.349,-0.0293,0.4525
13,2022-10-13,1.0,0.3752,0.1818,0.3161,-0.0218,0.4209
14,2022-10-13,1.0,0.3192,0.1593,0.3839,0.1127,0.7534
15,2022-10-13,1.0,0.3438,0.1789,0.3237,0.0031,0.5076
16,2022-10-13,1.0,0.3058,0.1694,0.2359,-0.0644,0.2968
17,2022-10-13,1.0,0.3558,0.159,0.3404,0.039,0.6306
18,2022-10-13,1.0,0.3128,0.1444,0.3461,0.0472,0.5894
19,2022-10-13,1.0,0.2911,0.1471,0.2468,-0.0762,0.3008
20,2022-10-13,1.0,0.2966,0.1631,0.1648,-0.1254,0.1257
21,2022-10-13,1.0,0.3035,0.1554,0.3578,0.0094,0.5195
22,2022-10-13,1.0,0.5485,0.345,0.3431,-0.2546,0.1416
23,2022-10-13,1.0,0.3776,0.196,0.2916,-0.0888,0.3018
24,2022-10-13,1.0,0.2749,0.1385,0.1721,-0.0365,0.4604
25,2022-10-13,1.0,0.6017,0.3506,0.2828,-0.3279,0.0158
1,2022-10-15,0.9986,0.2772,0.1507,0.2837,-0.0245,0.4293
2,2022-10-15,1.0,0.4226,0.2048,0.3367,-0.0729,0.3309
3,2022-10-15,1.0,0.2664,0.1282,0.3277,0.0831,0.6948
4,2022-10-15,1.0,0.3008,0.1471,0.3021,0.0081,0.5282
5,2022-10-15,0.9964,0.27,0.1266,0.3132,0.0343,0.5813
6,2022-10-15,1.0,0.2564,0.1361,0.247,-0.0154,0.4531
7,2022-10-15,1.0,0.3274,0.1677,0.3025,-0.0122,0.4688
8,2022-10-15,1.0,0.4057,0.1987,0.3312,-0.0612,0.3534
9,2022-10-15,1.0,0.4134,0.2164,0.3426,-0.0829,0.2959
10,2022-10-15,0.9961,0.3028,0.1555,0.2544,-0.0516,0.3734
11,2022-10-15,1.0,0.2511,0.1283,0.2653,0.0301,0.6168
12,2022-10-15,1.0,0.3582,0.1708,0.3394,-0.0305,0.4479
13,2022-10-15,1.0,0.3542,0.1718,0.2791,-0.0488,0.289
14,2022-10-15,1.0,0.3021,0.1537,0.3521,0.0696,0.6667
15,2022-10-15,1.0,0.3247,0.1696,0.2923,-0.0199,0.4318
16,2022-10-15,1.0,0.2893,0.1602,0.2132,-0.0801,0.2352
17,2022-10-15,1.0,0.3385,0.1488,0.3244,0.0352,0.6257
18,2022-10-15,1.0,0.2982,0.1394,0.3398,0.042,0.5823
19,2022-10-15,1.0,0.2767,0.1422,0.2396,-0.0858,0.2803
20,2022-10-15,1.0,0.2779,0.1577,0.1506,-0.1401,0.0547
21,2022-10-15,1.0,0.2941,0.1504,0.3303,-0.0046,0.4894
22,2022-10-15,1.0,0.53,0.3119,0.3507,-0.222,0.1607
23,2022-10-15,1.0,0.3597,0.1848,0.2807,-0.0938,0.2837
24,2022-10-15,1.0,0.2549,0.134,0.1739,-0.0439,0.453
25,2022-10-15,1.0,0.567,0.3228,0.2647,-0.3183,0.0136
1,2022-10-18,1.0,0.274,0.1499,0.2829,-0.0203,0.4382
2,2022-10-18,0.9997,0.4058,0.1921,0.3505,-0.0516,0.383
3,2022-10-18,1.0,0.2732,0.1387,0.3221,0.0652,0.6698
4,2022-10-18,1.0,0.2958,0.1437,0.2961,0.0072,0.5254
5,2022-10-18,1.0,0.2647,0.1231,0.314,0.04,0.5891
6,2022-10-18,1.0,0.2578,0.14,0.2408,-0.0232,0.4296
7,2022-10-18,1.0,0.3328,0.1731,0.3038,-0.0067,0.4806
8,2022-10-18,0.9998,0.3869,0.1881,0.3468,-0.0335,0.4256
9,2022-10-18,0.9977,0.412,0.2148,0.3485,-0.0724,0.3165
10,2022-10-18,1.0,0.3043,0.1529,0.2491,-0.0445,0.3795
11,2022-10-18,1.0,0.2561,0.137,0.2553,0.0178,0.5708
12,2022-10-18,1.0,0.3466,0.1608,0.3454,-0.0205,0.4649
13,2022-10-18,1.0,0.3491,0.1664,0.2877,-0.0304,0.3549
14,2022-10-18,1.0,0.3124,0.163,0.3501,0.0721,0.682
15,2022-10-18,1.0,0.3254,0.1733,0.2915,-0.0169,0.439
16,2022-10-18,1.0,0.2935,0.1694,0.2016,-0.0968,0.1865
17,2022-10-18,1.0,0.327,0.1447,0.3345,0.0437,0.655
18,2022-10-18,1.0,0.3038,0.1421,0.3454,0.0363,0.5704
19,2022-10-18,1.0,0.274,0.1475,0.2272,-0.0907,0.2545
20,2022-10-18,1.0,0.2857,0.1654,0.1477,-0.1464,0.0534
21,2022-10-18,1.0,0.2914,0.1421,0.3211,0.0108,0.5266
22,2022-10-18,1.0,0.5149,0.2915,0.3787,-0.1727,0.2636
23,2022-10-18,1.0,0.354,0.1852,0.2847,-0.0869,0.2852
24,2022-10-18,1.0,0.2402,0.1222,0.1497,-0.0557,0.4326
25,2022-10-18,1.0,0.5711,0.3323,0.2883,-0.2805,0.062
1,2022-10-20,1.0,0.2498,0.1374,0.2696,-0.0139,0.4603
2,2022-10-20,1.0,0.3955,0.1858,0.3605,-0.0156,0.4616
3,2022-10-20,1.0,0.2536,0.1289,0.3058,0.0513,0.6652
4,2022-10-20,0.9953,0.2838,0.1408,0.2929,0.0191,0.5646
5,2022-10-20,1.0,0.2509,0.1195,0.2979,0.0452,0.604
6,2022-10-20,1.0,0.2347,0.1295,0.2253,-0.0299,0.3944
7,2022-10-20,0.9534,0.3107,0.1543,0.3043,0.0236,0.5639
8,2022-10-20,0.9999,0.3679,0.1802,0.3564,0.0122,0.5264
9,2022-10-20,0.9829,0.3935,0.2075,0.338,-0.0601,0.3406
10,2022-10-20,0.9727,0.2913,0.146,0.242,-0.035,0.404
11,2022-10-20,1.0,0.2369,0.1219,0.2535,0.0344,0.6409
12,2022-10-20,1.0,0.3297,0.1519,0.3414,0.0093,0.5219
13,2022-10-20,1.0,0.3348,0.1636,0.2811,-0.0228,0.4043
14,2022-10-20,1.0,0.2972,0.1486,0.3449,0.09,0.7272
15,2022-10-20,1.0,0.3031,0.1622,0.2814,-0.0104,0.4604
16,2022-10-20,1.0,0.2713,0.1522,0.1983,-0.0732,0.2448
17,2022-10-20,1.0,0.3149,0.1429,0.3371,0.0641,0.7652
18,2022-10-20,1.0,0.2875,0.1385,0.3167,0.0158,0.53
19,2022-10-20,1.0,0.2488,0.1343,0.207,-0.0779,0.2417
20,2022-10-20,1.0,0.262,0.1525,0.1362,-0.1379,0.0534
21,2022-10-20,1.0,0.271,0.1405,0.2906,0.0157,0.5439
22,2022-10-20,1.0,0.4787,0.268,0.3759,-0.0801,0.3729
23,2022-10-20,1.0,0.3305,0.1749,0.2653,-0.0791,0.2852
24,2022-10-20,1.0,0.2295,0.1257,0.0991,-0.0767,0.4064
25,2022-10-20,1.0,0.5064,0.2935,0.2838,-0.2066,0.1197
1,2022-10-23,1.0,0.254,0.1452,0.2672,-0.0245,0.4383
2,2022-10-23,0.9996,0.4013,0.2036,0.3385,-0.0665,0.3443
3,2022-10-23,1.0,0.2526,0.1307,0.2957,0.0261,0.5851
4,2022-10-23,1.0,0.2918,0.1489,0.2874,-0.0078,0.4729
5,2022-10-23,0.999,0.2526,0.1263,0.2865,0.0081,0.5177
6,2022-10-23,1.0,0.2438,0.138,0.225,-0.0445,0.3603
7,2022-10-23,0.9985,0.3272,0.1672,0.3007,-0.0037,0.4896
8,2022-10-23,0.9994,0.3814,0.1951,0.3312,-0.052,0.3764
9,2022-10-23,1.0,0.4025,0.2168,0.3375,-0.0865,0.2963
10,2022-10-23,1.0,0.305,0.1577,0.2418,-0.057,0.3579
11,2022-10-23,1.0,0.2411,0.1243,0.2477,0.0237,0.598
12,2022-10-23,1.0,0.3386,0.1556,0.3336,-0.024,0.4556
13,2022-10-23,1.0,0.3455,0.1725,0.275,-0.0485,0.2983
14,2022-10-23,1.0,0.3105,0.157,0.3592,0.0915,0.7152
15,2022-10-23,1.0,0.316,0.1719,0.288,-0.0031,0.4886
16,2022-10-23,1.0,0.2856,0.1585,0.1981,-0.0836,0.238
17,2022-10-23,0.9995,0.3193,0.15,0.3236,0.0282,0.6187
18,2022-10-23,1.0,0.2844,0.1455,0.2903,-0.0173,0.467
19,2022-10-23,1.0,0.2477,0.1347,0.1939,-0.1123,0.1574
20,2022-10-23,1.0,0.2732,0.1613,0.1328,-0.1612,0.0543
21,2022-10-23,0.9969,0.263,0.1397,0.2868,0.0036,0.5113
22,2022-10-23,1.0,0.5066,0.3078,0.3581,-0.1822,0.2098
23,2022-10-23,1.0,0.3435,0.1813,0.243,-0.1222,0.194
24,2022-10-23,1.0,0.2236,0.1237,0.0799,-0.1151,0.3569
25,2022-10-23,0.9978,0.5673,0.3233,0.2907,-0.273,0.0965
1,2022-10-25,1.0,0.2735,0.1537,0.3042,-0.0119,0.4685
2,2022-10-25,0.9916,0.4289,0.2111,0.3608,-0.0634,0.3539
3,2022-10-25,1.0,0.2612,0.134,0.3634,0.0859,0.6823
4,2022-10-25,1.0,0.3062,0.1544,0.3293,0.0175,0.5533
5,2022-10-25,1.0,0.2639,0.127,0.3264,0.0399,0.587
6,2022-10-25,1.0,0.2513,0.1389,0.2697,-0.011,0.469
7,2022-10-25,0.9857,0.3451,0.1811,0.3403,0.0007,0.5016
8,2022-10-25,0.994,0.4114,0.2071,0.3638,-0.0448,0.3946
9,2022-10-25,0.999,0.4274,0.2271,0.3765,-0.0764,0.3232
10,2022-10-25,0.9977,0.3163,0.1663,0.2879,-0.0393,0.4118
11,2022-10-25,1.0,0.2493,0.1297,0.2817,0.0386,0.6436
12,2022-10-25,1.0,0.3612,0.1677,0.3713,-0.0137,0.4774
13,2022-10-25,1.0,0.3653,0.1809,0.3128,-0.0298,0.3827
14,2022-10-25,1.0,0.3138,0.1615,0.4038,0.1032,0.7366
15,2022-10-25,1.0,0.3311,0.1775,0.3261,0.0011,0.5037
16,2022-10-25,1.0,0.2878,0.1643,0.2342,-0.0688,0.2625
17,2022-10-25,1.0,0.3431,0.1559,0.3644,0.0616,0.7117
18,2022-10-25,1.0,0.299,0.1475,0.3657,0.0534,0.5839
19,2022-10-25,1.0,0.2645,0.1426,0.2645,-0.0934,0.2785
20,2022-10-25,1.0,0.2787,0.1624,0.1731,-0.13,0.1047
21,2022-10-25,0.9982,0.2971,0.1531,0.3504,0.0063,0.5151
22,2022-10-25,1.0,0.5384,0.3203,0.3674,-0.2172,0.1678
23,2022-10-25,1.0,0.3669,0.191,0.3005,-0.0918,0.3038
24,2022-10-25,0.9954,0.236,0.1291,0.1473,-0.0722,0.4231
25,2022-10-25,1.0,0.6065,0.3472,0.299,-0.3252,0.0452
1,2022-10-28,1.0,0.285,0.1574,0.3142,-0.0116,0.4686
2,2022-10-28,0.9935,0.4292,0.2135,0.3693,-0.0703,0.3459
3,2022-10-28,1.0,0.2796,0.1465,0.346,0.0775,0.6869
4,2022-10-28,1.0,0.3061,0.1532,0.3396,0.0277,0.5848
5,2022-10-28,1.0,0.2711,0.1292,0.3426,0.0431,0.5924
6,2022-10-28,1.0,0.2669,0.1482,0.2663,-0.017,0.4524
7,2022-10-28,1.0,0.3557,0.1893,0.3415,-0.0033,0.4906
8,2022-10-28,1.0,0.4157,0.208,0.3709,-0.0526,0.3756
9,2022-10-28,0.9971,0.4394,0.2329,0.3767,-0.0862,0.2979
10,2022-10-28,1.0,0.324,0.1671,0.2763,-0.0575,0.3682
11,2022-10-28,1.0,0.2668,0.1433,0.2804,0.0281,0.6044
12,2022-10-28,1.0,0.3552,0.1701,0.3799,-0.0096,0.4804
13,2022-10-28,1.0,0.3701,0.1821,0.323,-0.0339,0.3665
14,2022-10-28,1.0,0.3273,0.1761,0.3817,0.0848,0.7005
15,2022-10-28,1.0,0.3398,0.1846,0.3271,-0.0134,0.4599
16,2022-10-28,1.0,0.3082,0.1788,0.2265,-0.0946,0.2043
17,2022-10-28,1.0,0.3417,0.158,0.3532,0.0356,0.627
18,2022-10-28,1.0,0.3037,0.1446,0.3611,0.0408,0.5817
19,2022-10-28,1.0,0.2887,0.1572,0.2464,-0.1068,0.2503
20,2022-10-28,1.0,0.2967,0.1746,0.1666,-0.1484,0.0723
21,2022-10-28,1.0,0.3044,0.1513,0.3735,0.0211,0.5621
22,2022-10-28,1.0,0.5624,0.3358,0.3839,-0.256,0.1556
23,2022-10-28,1.0,0.3704,0.1998,0.3094,-0.0848,0.2984
24,2022-10-28,1.0,0.2521,0.128,0.1767,-0.0468,0.4508
25,2022-10-28,0.8515,0.6274,0.3715,0.3157,-0.3351,0.0243
5,2022-10-30,0.1057,0.22,0.0991,0.3835,0.1856,0.8253
6,2022-10-30,0.0046,0.2249,0.0953,0.2149,0.0262,0.5686
16,2022-10-30,0.0081,0.2556,0.1161,0.202,-0.0599,0.1562
19,2022-10-30,0.2135,0.2103,0.0959,0.2259,0.0053,0.516
20,2022-10-30,0.1149,0.3053,0.1856,0.1755,-0.1345,0.0427
1,2022-11-02,1.0,0.3107,0.1781,0.3093,-0.0264,0.4355
2,2022-11-02,1.0,0.4485,0.2256,0.3894,-0.0654,0.3957
3,2022-11-02,1.0,0.3002,0.1539,0.3573,0.0854,0.6781
4,2022-11-02,1.0,0.3229,0.1608,0.3409,0.036,0.5952
5,2022-11-02,0.9963,0.2929,0.1431,0.3491,0.0411,0.5723
6,2022-11-02,1.0,0.2879,0.1614,0.2668,-0.0286,0.4291
7,2022-11-02,1.0,0.3768,0.2017,0.3495,0.0131,0.5254
8,2022-11-02,1.0,0.4326,0.2276,0.3884,-0.0428,0.4266
9,2022-11-02,1.0,0.4762,0.265,0.3856,-0.115,0.2907
10,2022-11-02,0.9965,0.361,0.1966,0.2889,-0.0578,0.3908
11,2022-11-02,1.0,0.2804,0.1527,0.2876,0.0274,0.5879
12,2022-11-02,1.0,0.3934,0.1999,0.404,-0.0099,0.488
13,2022-11-02,1.0,0.3957,0.2027,0.3341,-0.0262,0.41
14,2022-11-02,1.0,0.3481,0.1804,0.3837,0.0788,0.6573
15,2022-11-02,1.0,0.3674,0.2036,0.3312,-0.0213,0.4409
16,2022-11-02,1.0,0.3333,0.1997,0.2268,-0.1032,0.2136
17,2022-11-02,0.9978,0.3567,0.1739,0.3672,0.0423,0.6333
18,2022-11-02,1.0,0.3414,0.1718,0.3844,0.0371,0.5549
19,2022-11-02,1.0,0.3048,0.1693,0.2693,-0.082,0.3278
20,2022-11-02,1.0,0.3203,0.1948,0.1555,-0.181,0.055
21,2022-11-02,1.0,0.3146,0.1696,0.3755,0.0167,0.5333
22,2022-11-02,1.0,0.5969,0.3712,0.4144,-0.2743,0.2416
23,2022-11-02,1.0,0.4151,0.2273,0.3268,-0.1229,0.2685
24,2022-11-02,1.0,0.3011,0.1673,0.1932,-0.046,0.4525
25,2022-11-02,1.0,0.7284,0.4516,0.3376,-0.4401,0.043
1,2022-11-04,1.0,0.2448,0.1184,0.3388,0.0797,0.6194
2,2022-11-04,1.0,0.4122,0.1903,0.3746,-0.0496,0.4207
3,2022-11-04,1.0,0.2675,0.1395,0.3388,0.0607,0.6556
4,2022-11-04,1.0,0.2863,0.1347,0.3251,0.0418,0.6058
5,2022-11-04,0.9748,0.2604,0.1256,0.3036,0.0276,0.555
6,2022-11-04,1.0,0.2533,0.1396,0.2703,-0.0102,0.4748
7,2022-11-04,1.0,0.3161,0.142,0.3522,0.0777,0.6598
8,2022-11-04,1.0,0.3969,0.1982,0.3697,-0.0359,0.4357
9,2022-11-04,1.0,0.4272,0.2288,0.3589,-0.0817,0.3115
10,2022-11-04,0.9977,0.3235,0.1644,0.272,-0.0396,0.4108
11,2022-11-04,1.0,0.2223,0.0938,0.3116,0.1164,0.7916
12,2022-11-04,1.0,0.3449,0.1539,0.3816,0.0122,0.5204
13,2022-11-04,1.0,0.3645,0.1769,0.2996,-0.0385,0.3582
14,2022-11-04,1.0,0.2942,0.1387,0.4116,0.1557,0.7901
15,2022-11-04,1.0,0.3087,0.1433,0.3798,0.1009,0.6835
16,2022-11-04,1.0,0.2927,0.1587,0.2474,-0.0497,0.3713
17,2022-11-04,0.9943,0.3349,0.1553,0.3464,0.0429,0.6336
18,2022-11-04,1.0,0.3126,0.1566,0.3368,-0.0081,0.4894
19,2022-11-04,1.0,0.2691,0.138,0.2207,-0.0941,0.2648
20,2022-11-04,1.0,0.2892,0.1706,0.1636,-0.1574,0.1221
21,2022-11-04,1.0,0.2605,0.1158,0.3464,0.1063,0.7551
22,2022-11-04,1.0,0.545,0.3086,0.3916,-0.2085,0.264
23,2022-11-04,1.0,0.3661,0.1926,0.2894,-0.1152,0.3018
24,2022-11-04,1.0,0.251,0.1375,0.1163,-0.1075,0.3876
25,2022-11-04,0.8836,0.6415,0.3596,0.3295,-0.3446,0.085
1,2022-11-07,1.0,0.2649,0.1452,0.3051,-0.0215,0.4602
2,2022-11-07,0.9932,0.4437,0.2273,0.3631,-0.1821,0.261
3,2022-11-07,1.0,0.2691,0.1534,0.3255,0.019,0.5415
4,2022-11-07,0.9957,0.3201,0.1697,0.3204,-0.0542,0.3585
5,2022-11-07,1.0,0.2706,0.139,0.3264,-0.0123,0.4749
6,2022-11-07,1.0,0.2649,0.1558,0.2492,-0.0792,0.2964
7,2022-11-07,1.0,0.364,0.1875,0.329,-0.0514,0.4082
8,2022-11-07,0.9939,0.4396,0.2282,0.3613,-0.1525,0.2513
9,2022-11-07,0.9944,0.4664,0.2507,0.3589,-0.191,0.1849
10,2022-11-07,1.0,0.3521,0.1929,0.2609,-0.147,0.2376
11,2022-11-07,1.0,0.2548,0.1386,0.2681,0.0126,0.5383
12,2022-11-07,1.0,0.3699,0.1854,0.3804,-0.0999,0.3818
13,2022-11-07,1.0,0.3989,0.2021,0.2975,-0.128,0.1512
14,2022-11-07,1.0,0.3097,0.1627,0.3853,0.0879,0.6542
15,2022-11-07,1.0,0.3265,0.1757,0.3293,-0.0267,0.4501
16,2022-11-07,1.0,0.3196,0.1962,0.2159,-0.1522,0.1597
17,2022-11-07,1.0,0.3537,0.1732,0.3499,-0.0277,0.4278
18,2022-11-07,1.0,0.3096,0.161,0.3427,-0.0408,0.4404
19,2022-11-07,1.0,0.2946,0.1759,0.2158,-0.1766,0.1562
20,2022-11-07,1.0,0.3164,0.1997,0.1547,-0.2421,0.0295
21,2022-11-07,0.9947,0.2746,0.1408,0.337,0.0298,0.5589
22,2022-11-07,1.0,0.6194,0.3702,0.4101,-0.5067,0.1495
23,2022-11-07,1.0,0.389,0.2197,0.2777,-0.19,0.2014
24,2022-11-07,1.0,0.2757,0.1588,0.1172,-0.1757,0.3244
25,2022-11-07,0.9984,0.8059,0.4383,0.2914,-0.6944,0.0093
1,2022-11-09,1.0,0.2811,0.1549,0.3055,-0.0156,0.4657
2,2022-11-09,0.9999,0.4278,0.2239,0.3584,-0.1072,0.3227
3,2022-11-09,1.0,0.2791,0.1506,0.3385,0.0485,0.612
4,2022-11-09,0.999,0.3246,0.17,0.3291,-0.0028,0.4916
5,2022-11-09,1.0,0.2848,0.1442,0.3248,0.0105,0.5193
6,2022-11-09,1.0,0.2693,0.1537,0.2595,-0.0495,0.368
7,2022-11-09,0.9841,0.3633,0.1884,0.3311,-0.0193,0.4599
8,2022-11-09,0.9966,0.4372,0.2335,0.3643,-0.113,0.3103
9,2022-11-09,0.9618,0.449,0.2473,0.3545,-0.1339,0.2404
10,2022-11-09,1.0,0.3502,0.1918,0.2704,-0.1012,0.3073
11,2022-11-09,1.0,0.2606,0.1409,0.2783,0.022,0.5627
12,2022-11-09,1.0,0.3716,0.1848,0.3685,-0.044,0.4427
13,2022-11-09,1.0,0.3972,0.2025,0.309,-0.0795,0.2413
14,2022-11-09,1.0,0.3191,0.1675,0.3751,0.0799,0.6573
15,2022-11-09,1.0,0.3399,0.1877,0.3184,-0.0187,0.4508
16,2022-11-09,1.0,0.323,0.1922,0.2258,-0.1244,0.186
17,2022-11-09,1.0,0.3591,0.179,0.3481,0.0032,0.509
18,2022-11-09,1.0,0.3148,0.1617,0.3502,-0.0003,0.4996
19,2022-11-09,1.0,0.31,0.1711,0.23,-0.1533,0.2096
20,2022-11-09,1.0,0.3133,0.1958,0.1552,-0.2051,0.038
21,2022-11-09,1.0,0.2908,0.1511,0.3484,0.0272,0.5555
22,2022-11-09,0.9841,0.582,0.3543,0.3944,-0.3387,0.1709
23,2022-11-09,1.0,0.3968,0.2195,0.2884,-0.1588,0.2396
24,2022-11-09,1.0,0.2829,0.1689,0.1432,-0.1173,0.3842
25,2022-11-09,0.9075,0.7446,0.4319,0.3081,-0.5494,0.021
1,2022-11-12,1.0,0.2824,0.1634,0.3059,-0.0097,0.473
2,2022-11-12,0.9993,0.4054,0.2154,0.3634,-0.0477,0.3908
3,2022-11-12,1.0,0.2809,0.1479,0.3425,0.0745,0.6814
4,2022-11-12,1.0,0.2997,0.1566,0.3348,0.0399,0.6263
5,2022-11-12,0.9744,0.2661,0.1345,0.3342,0.0413,0.5864
6,2022-11-12,1.0,0.2605,0.1483,0.2603,-0.0197,0.4456
7,2022-11-12,0.9917,0.349,0.195,0.3368,0.0113,0.5283
8,2022-11-12,0.9987,0.4029,0.2172,0.3674,-0.041,0.4052
9,2022-11-12,0.9937,0.4333,0.2432,0.3706,-0.0821,0.3167
10,2022-11-12,0.9827,0.3263,0.1791,0.2773,-0.0491,0.3834
11,2022-11-12,1.0,0.2583,0.1398,0.2738,0.0267,0.593
12,2022-11-12,1.0,0.3502,0.1805,0.381,0.0012,0.5014
13,2022-11-12,1.0,0.3636,0.1856,0.332,-0.0139,0.4454
14,2022-11-12,1.0,0.3221,0.179,0.3746,0.0866,0.6919
15,2022-11-12,1.0,0.3361,0.1928,0.3177,-0.0115,0.4671
16,2022-11-12,1.0,0.2978,0.1771,0.2168,-0.0899,0.2266
17,2022-11-12,1.0,0.3276,0.1652,0.346,0.0397,0.6526
18,2022-11-12,1.0,0.315,0.1643,0.3601,0.0306,0.556
19,2022-11-12,1.0,0.2767,0.1486,0.2442,-0.0895,0.2746
20,2022-11-12,1.0,0.2831,0.1743,0.1491,-0.1555,0.0642
21,2022-11-12,1.0,0.2968,0.1604,0.3842,0.0371,0.5834
22,2022-11-12,1.0,0.5312,0.3421,0.3843,-0.2059,0.2201
23,2022-11-12,1.0,0.3696,0.2057,0.304,-0.0945,0.2886
24,2022-11-12,1.0,0.2477,0.1339,0.211,-0.0189,0.4787
25,2022-11-12,1.0,0.6145,0.3715,0.3095,-0.326,0.055
1,2022-11-14,0.6721,0.226,0.1337,0.2781,0.0036,0.512
2,2022-11-14,0.1625,0.3935,0.1948,0.3721,-0.0329,0.4332
3,2022-11-14,1.0,0.2563,0.1411,0.3394,0.0732,0.6874
4,2022-11-14,0.8787,0.2632,0.1296,0.3434,0.0866,0.7732
5,2022-11-14,0.5838,0.2136,0.0999,0.3061,0.0888,0.6829
6,2022-11-14,0.7742,0.2337,0.1385,0.2567,-0.0062,0.479
7,2022-11-14,0.6934,0.3005,0.1733,0.3317,0.0369,0.6002
8,2022-11-14,0.8657,0.3685,0.1926,0.3555,-0.036,0.4142
9,2022-11-14,0.862,0.4123,0.2303,0.3593,-0.0613,0.3396
10,2022-11-14,0.6677,0.2866,0.1572,0.2787,-0.0167,0.46
11,2022-11-14,1.0,0.2329,0.1321,0.2716,0.033,0.6161
12,2022-11-14,0.8441,0.3322,0.1678,0.3686,-0.0043,0.4929
13,2022-11-14,0.4532,0.2885,0.1477,0.2973,0.0173,0.5771
14,2022-11-14,1.0,0.2949,0.1619,0.3748,0.1058,0.7409
15,2022-11-14,0.1752,0.2831,0.1659,0.2801,-0.0196,0.4423
16,2022-11-14,0.9655,0.27,0.161,0.2169,-0.0776,0.2402
17,2022-11-14,0.953,0.3014,0.1466,0.3366,0.0496,0.697
18,2022-11-14,1.0,0.2921,0.1523,0.3507,0.0276,0.5552
19,2022-11-14,0.9875,0.2548,0.1415,0.2364,-0.0963,0.2604
20,2022-11-14,0.9971,0.2574,0.159,0.1526,-0.1453,0.0594
21,2022-11-14,0.8385,0.2539,0.1414,0.3766,0.063,0.6513
23,2022-11-14,0.6497,0.3083,0.1734,0.2782,-0.0538,0.3627
24,2022-11-14,0.1024,0.1887,0.0736,0.3648,0.1812,0.9111
25,2022-11-14,0.9929,0.5636,0.331,0.2834,-0.3302,0.029
1,2022-11-17,1.0,0.266,0.1543,0.3076,0.0047,0.5134
2,2022-11-17,1.0,0.3758,0.1885,0.3828,0.0175,0.542
3,2022-11-17,1.0,0.2744,0.1553,0.3363,0.066,0.691
4,2022-11-17,1.0,0.2721,0.1359,0.3304,0.0643,0.7007
5,2022-11-17,0.9967,0.2454,0.123,0.3283,0.0624,0.6341
6,2022-11-17,1.0,0.2446,0.142,0.2547,-0.0117,0.4629
7,2022-11-17,0.9931,0.3214,0.1782,0.3405,0.0442,0.6199
8,2022-11-17,1.0,0.3652,0.1857,0.3808,0.0306,0.5739
9,2022-11-17,1.0,0.4127,0.2328,0.3728,-0.0417,0.3856
10,2022-11-17,1.0,0.3029,0.165,0.2782,-0.0184,0.453
11,2022-11-17,1.0,0.2479,0.1422,0.2752,0.0407,0.6654
12,2022-11-17,1.0,0.3285,0.167,0.3802,0.0313,0.5595
13,2022-11-17,1.0,0.3347,0.1688,0.3237,0.0087,0.533
14,2022-11-17,1.0,0.3179,0.1778,0.377,0.1002,0.7474
15,2022-11-17,1.0,0.3227,0.1854,0.3178,0.0047,0.5148
16,2022-11-17,1.0,0.283,0.1748,0.2204,-0.062,0.2795
17,2022-11-17,1.0,0.3055,0.1478,0.3509,0.07,0.7837
18,2022-11-17,1.0,0.3056,0.1573,0.3578,0.0324,0.5632
19,2022-11-17,1.0,0.2538,0.1418,0.2332,-0.0399,0.3563
20,2022-11-17,1.0,0.2667,0.1657,0.1549,-0.1336,0.0664
21,2022-11-17,1.0,0.2845,0.156,0.3375,0.0367,0.5998
22,2022-11-17,0.9944,0.486,0.2915,0.3982,-0.0703,0.3867
23,2022-11-17,1.0,0.3528,0.2038,0.3106,-0.0571,0.341
24,2022-11-17,1.0,0.2229,0.1217,0.1817,-0.0318,0.4599
25,2022-11-17,1.0,0.5377,0.3371,0.3305,-0.2028,0.1061
2,2022-11-19,0.577,0.4283,0.1793,0.4018,0.051,0.5538
3,2022-11-19,1.0,0.3152,0.1667,0.3599,0.0137,0.5229
4,2022-11-19,0.9551,0.2798,0.1045,0.391,0.1415,0.7186
5,2022-11-19,0.5128,0.2848,0.1262,0.3372,0.0556,0.5871
7,2022-11-19,0.8529,0.4059,0.1605,0.4457,0.015,0.5118
8,2022-11-19,0.4621,0.6318,0.2897,0.39,-0.2429,0.2102
9,2022-11-19,1.0,0.578,0.2929,0.409,-0.2617,0.214
10,2022-11-19,1.0,0.4015,0.1943,0.3382,-0.1016,0.39
11,2022-11-19,1.0,0.2464,0.0925,0.3732,0.1501,0.729
13,2022-11-19,1.0,0.4411,0.2007,0.3422,-0.0808,0.3585
14,2022-11-19,1.0,0.3364,0.1445,0.5206,0.1988,0.7037
16,2022-11-19,0.592,0.2944,0.1411,0.2733,-0.0049,0.491
17,2022-11-19,0.9731,0.3944,0.1833,0.3563,-0.0272,0.4382
18,2022-11-19,0.8009,0.3679,0.1791,0.3497,-0.0246,0.4677
22,2022-11-19,0.8715,0.8543,0.4734,0.447,-0.6874,0.1362
24,2022-11-19,0.1155,0.2288,0.0881,0.2697,0.1029,0.5813
1,2022-11-22,1.0,0.1549,0.0357,0.3995,0.3143,0.7785
2,2022-11-22,0.9994,0.3207,0.1608,0.3691,0.0624,0.6513
3,2022-11-22,1.0,0.2257,0.1268,0.3454,0.0989,0.7305
4,2022-11-22,1.0,0.2249,0.1108,0.3375,0.1195,0.7653
5,2022-11-22,1.0,0.2095,0.1107,0.3115,0.0779,0.6597
6,2022-11-22,1.0,0.1964,0.1105,0.2928,0.0803,0.6488
7,2022-11-22,1.0,0.2332,0.1031,0.4298,0.2636,0.8751
8,2022-11-22,1.0,0.3259,0.1745,0.3742,0.0722,0.6522
9,2022-11-22,1.0,0.3746,0.2145,0.3756,0.0264,0.563
10,2022-11-22,0.9804,0.2601,0.1347,0.3092,0.087,0.6692
11,2022-11-22,1.0,0.0911,-0.0448,0.4914,0.4982,0.9766
12,2022-11-22,1.0,0.2803,0.1339,0.3883,0.0867,0.7009
13,2022-11-22,1.0,0.3115,0.1643,0.2968,0.0173,0.5554
14,2022-11-22,1.0,0.1915,0.0664,0.5215,0.4208,0.976
15,2022-11-22,0.9976,0.1277,-0.0189,0.4509,0.431,0.952
16,2022-11-22,1.0,0.1813,0.0426,0.4232,0.3139,0.8145
17,2022-11-22,0.9967,0.293,0.1559,0.3384,0.0745,0.7987
18,2022-11-22,1.0,0.2854,0.1593,0.3063,-0.0037,0.4929
19,2022-11-22,1.0,0.198,0.1133,0.2021,-0.0145,0.4412
20,2022-11-22,1.0,0.2126,0.1203,0.2412,0.0172,0.5142
21,2022-11-22,1.0,0.1646,0.0625,0.4299,0.2464,0.9264
22,2022-11-22,1.0,0.4394,0.2765,0.3873,-0.0028,0.4958
23,2022-11-22,1.0,0.2766,0.1395,0.3296,0.0344,0.5478
24,2022-11-22,1.0,0.2013,0.1191,0.098,-0.0764,0.4155
25,2022-11-22,1.0,0.4829,0.2906,0.3447,-0.062,0.3634
1,2022-11-24,0.7373,0.2335,0.1187,0.3354,0.0538,0.5833
2,2022-11-24,0.9799,0.4599,0.23,0.4041,-0.1008,0.3637
3,2022-11-24,0.9583,0.2832,0.1531,0.381,0.079,0.6548
4,2022-11-24,0.9994,0.3161,0.1554,0.3726,0.0368,0.599
5,2022-11-24,0.8468,0.272,0.1349,0.3382,0.039,0.5694
6,2022-11-24,0.7472,0.2815,0.1627,0.3001,-0.0303,0.4241
7,2022-11-24,0.6056,0.3023,0.1593,0.3746,0.0632,0.6125
8,2022-11-24,0.9358,0.4632,0.2402,0.4143,-0.0924,0.3583
9,2022-11-24,0.356,0.4258,0.2392,0.3769,-0.1171,0.2714
10,2022-11-24,0.9423,0.3634,0.2003,0.3195,-0.07,0.3859
11,2022-11-24,0.85,0.2225,0.0987,0.3458,0.1351,0.7824
12,2022-11-24,0.5008,0.3265,0.1423,0.4088,0.0354,0.5597
13,2022-11-24,0.9865,0.4048,0.1998,0.3694,-0.0331,0.4079
14,2022-11-24,0.7092,0.2791,0.1429,0.4365,0.1666,0.7795
15,2022-11-24,0.8236,0.3368,0.1638,0.4395,0.1118,0.6373
16,2022-11-24,0.8092,0.3134,0.1811,0.2761,-0.0717,0.3536
17,2022-11-24,0.9283,0.3719,0.1888,0.3807,0.0071,0.5175
18,2022-11-24,0.9519,0.3233,0.1715,0.3755,0.0069,0.5112
19,2022-11-24,0.0615,0.2409,0.1064,0.1992,-0.1348,0.1304
20,2022-11-24,0.9856,0.3073,0.1907,0.1902,-0.1835,0.1149
21,2022-11-24,1.0,0.287,0.1382,0.44,0.1176,0.7138
22,2022-11-24,1.0,0.636,0.3745,0.4287,-0.3956,0.1958
23,2022-11-24,0.9819,0.3992,0.2095,0.3492,-0.1184,0.3518
24,2022-11-24,0.7001,0.3008,0.1721,0.2254,-0.0558,0.4512
25,2022-11-24,0.7606,0.7801,0.4292,0.3712,-0.4879,0.0687
1,2022-11-29,0.9966,0.3125,0.1773,0.3394,-0.0032,0.4912
2,2022-11-29,0.9681,0.4553,0.2423,0.4086,-0.0379,0.4244
3,2022-11-29,1.0,0.2978,0.1619,0.377,0.0996,0.7013
4,2022-11-29,0.9976,0.3242,0.1678,0.3834,0.0814,0.7006
5,2022-11-29,1.0,0.2932,0.1496,0.3892,0.0776,0.6355
6,2022-11-29,1.0,0.2776,0.1546,0.2951,0.0051,0.5131
7,2022-11-29,0.9997,0.3753,0.2071,0.3711,0.0067,0.517
8,2022-11-29,0.9907,0.4557,0.2406,0.4233,-0.0327,0.4277
9,2022-11-29,1.0,0.4769,0.2663,0.4101,-0.0981,0.3009
10,2022-11-29,1.0,0.355,0.1956,0.3199,-0.039,0.4199
11,2022-11-29,1.0,0.2695,0.1517,0.3092,0.0485,0.6494
12,2022-11-29,0.9868,0.3973,0.2072,0.4207,-0.0174,0.4783
13,2022-11-29,1.0,0.3826,0.1884,0.3911,0.0225,0.563
14,2022-11-29,1.0,0.3417,0.1911,0.4036,0.0844,0.6715
15,2022-11-29,0.9998,0.3663,0.2086,0.3549,-0.0098,0.4714
16,2022-11-29,1.0,0.3177,0.1903,0.2452,-0.0845,0.2661
17,2022-11-29,1.0,0.3603,0.1816,0.3967,0.0699,0.7248
18,2022-11-29,1.0,0.3377,0.1774,0.3967,0.0433,0.5701
19,2022-11-29,1.0,0.3049,0.1666,0.2876,-0.0893,0.3085
20,2022-11-29,1.0,0.3008,0.1856,0.1752,-0.1491,0.0795
21,2022-11-29,0.9911,0.3268,0.1834,0.4301,0.0399,0.5873
22,2022-11-29,1.0,0.622,0.3831,0.437,-0.2701,0.1893
23,2022-11-29,1.0,0.4155,0.2288,0.355,-0.0951,0.3288
24,2022-11-29,1.0,0.2789,0.1493,0.2535,0.0048,0.506
25,2022-11-29,1.0,0.7025,0.4061,0.3584,-0.4006,0.0283
1,2022-12-02,1.0,0.2066,0.0485,0.4664,0.3259,0.7932
2,2022-12-02,1.0,0.3463,0.1289,0.4095,0.1499,0.6908
3,2022-12-02,1.0,0.2445,0.0962,0.5342,0.2756,0.8336
4,2022-12-02,1.0,0.1361,-0.0468,0.428,0.4284,0.8838
5,2022-12-02,1.0,0.1523,-0.0068,0.4731,0.3743,0.8057
6,2022-12-02,1.0,0.1902,0.0282,0.4699,0.3622,0.7682
7,2022-12-02,1.0,0.2427,0.025,0.5232,0.4031,0.9007
8,2022-12-02,1.0,0.355,0.1284,0.44,0.1809,0.7484
9,2022-12-02,0.9789,0.4316,0.199,0.4929,0.0711,0.5933
10,2022-12-02,0.9719,0.2374,0.0425,0.4985,0.3624,0.8322
11,2022-12-02,1.0,0.1153,-0.0644,0.6079,0.6228,0.9615
12,2022-12-02,1.0,0.3133,0.1253,0.4499,0.1373,0.6145
13,2022-12-02,0.9878,0.2593,0.0592,0.4392,0.2652,0.879
14,2022-12-02,1.0,0.1739,-0.0061,0.6074,0.5568,0.9431
15,2022-12-02,1.0,0.2564,0.0494,0.5459,0.4088,0.8563
16,2022-12-02,1.0,0.1886,0.0176,0.5355,0.4234,0.9072
17,2022-12-02,1.0,0.1919,-0.0555,0.5744,0.5223,0.9712
18,2022-12-02,1.0,0.3198,0.1486,0.4355,0.1054,0.6091
19,2022-12-02,1.0,0.1989,0.069,0.3734,0.0941,0.6431
20,2022-12-02,1.0,0.1962,0.0317,0.4291,0.3115,0.8033
21,2022-12-02,1.0,0.2164,0.0566,0.4916,0.2635,0.8718
22,2022-12-02,1.0,0.5889,0.3472,0.4157,-0.2043,0.2701
23,2022-12-02,1.0,0.3253,0.1396,0.4046,0.0657,0.5747
24,2022-12-02,1.0,0.1607,0.0636,0.1013,0.029,0.5316
25,2022-12-02,1.0,0.6995,0.3742,0.3893,-0.3081,0.1523
1,2022-12-07,1.0,0.1845,0.0336,0.4249,0.3121,0.7803
2,2022-12-07,1.0,0.386,0.1798,0.4049,0.0283,0.5451
3,2022-12-07,1.0,0.2641,0.1359,0.4416,0.1603,0.7817
4,2022-12-07,0.9996,0.2308,0.0702,0.4154,0.2244,0.8403
5,2022-12-07,1.0,0.2345,0.0988,0.3937,0.13,0.6979
6,2022-12-07,1.0,0.2236,0.0967,0.3834,0.149,0.6955
7,2022-12-07,1.0,0.236,0.0402,0.4683,0.3265,0.858
8,2022-12-07,1.0,0.393,0.1959,0.4161,0.0182,0.53
9,2022-12-07,1.0,0.4289,0.2176,0.4487,-0.005,0.4904
10,2022-12-07,0.9968,0.2759,0.1032,0.4081,0.1549,0.683
11,2022-12-07,1.0,0.0079,-0.1542,0.5281,0.624,0.9476
12,2022-12-07,1.0,0.3279,0.1436,0.4305,0.0581,0.572
13,2022-12-07,1.0,0.3473,0.1595,0.3786,0.0523,0.6232
14,2022-12-07,1.0,0.1762,0.0117,0.5293,0.4908,0.9162
15,2022-12-07,1.0,0.1661,-0.0171,0.4299,0.3811,0.8436
16,2022-12-07,1.0,0.1554,-0.0174,0.4409,0.3597,0.7965
17,2022-12-07,1.0,0.3396,0.1672,0.3835,0.0644,0.6992
18,2022-12-07,1.0,0.326,0.163,0.3916,0.0274,0.5424
19,2022-12-07,1.0,0.2406,0.1091,0.3048,0.018,0.5359
20,2022-12-07,1.0,0.2188,0.0564,0.3547,0.1934,0.6471
21,2022-12-07,1.0,0.1817,0.0358,0.4589,0.2483,0.8571
22,2022-12-07,1.0,0.5687,0.3322,0.42,-0.1914,0.2785
23,2022-12-07,1.0,0.3396,0.1537,0.3903,0.0484,0.5429
24,2022-12-07,1.0,0.2548,0.1381,0.17,-0.0639,0.4326
25,2022-12-07,1.0,0.6842,0.3988,0.3595,-0.322,0.1306
1,2022-12-09,0.2373,0.2088,0.1332,0.1784,-0.0352,0.4345
2,2022-12-09,0.4468,0.3794,0.1811,0.441,0.0571,0.5723
3,2022-12-09,0.9012,0.2978,0.1678,0.4162,0.0973,0.662
4,2022-12-09,0.2331,0.2981,0.1509,0.3663,0.0911,0.6804
5,2022-12-09,0.1575,0.2415,0.1471,0.3162,0.0103,0.522
6,2022-12-09,0.2833,0.2538,0.1416,0.3524,0.0738,0.6798
7,2022-12-09,0.1326,0.2533,0.1487,0.3651,0.103,0.8038
8,2022-12-09,0.8191,0.4615,0.2504,0.4494,-0.0581,0.4212
9,2022-12-09,0.0724,0.2529,0.1438,0.1204,-0.1949,0.1508
10,2022-12-09,0.046,0.3,0.1857,0.3322,0.0101,0.5269
11,2022-12-09,0.9377,0.2315,0.1039,0.3892,0.179,0.7922
12,2022-12-09,0.0248,0.2491,0.1257,0.4801,0.1895,0.797
14,2022-12-09,0.2524,0.3185,0.1604,0.4678,0.1599,0.6993
16,2022-12-09,0.2897,0.2808,0.1513,0.2638,-0.0358,0.4497
17,2022-12-09,0.7242,0.4001,0.2234,0.4201,0.022,0.554
18,2022-12-09,0.6469,0.324,0.178,0.4176,0.0924,0.6906
19,2022-12-09,0.4044,0.2269,0.1233,0.268,0.0089,0.5323
20,2022-12-09,0.4128,0.3187,0.2123,0.1483,-0.2135,0.0373
21,2022-12-09,0.3514,0.2198,0.0875,0.4846,0.2582,0.8321
22,2022-12-09,0.879,0.7264,0.462,0.4691,-0.5604,0.1489
23,2022-12-09,0.047,0.4644,0.2683,0.3974,-0.0731,0.3646
1,2022-12-12,0.9621,0.3104,0.1817,0.3488,0.0129,0.5335
2,2022-12-12,0.9999,0.4604,0.2508,0.4223,-0.0236,0.4546
3,2022-12-12,1.0,0.309,0.1731,0.3779,0.0864,0.6879
4,2022-12-12,0.9756,0.3301,0.1781,0.3917,0.0697,0.6749
5,2022-12-12,0.9234,0.2953,0.1609,0.3847,0.0701,0.6406
6,2022-12-12,0.9464,0.2835,0.1637,0.3057,0.0155,0.5365
7,2022-12-12,0.9824,0.3939,0.2235,0.3962,0.0371,0.5834
8,2022-12-12,0.9748,0.4481,0.2439,0.4384,-0.0092,0.4795
9,2022-12-12,0.9989,0.5118,0.2897,0.4274,-0.0827,0.3331
10,2022-12-12,1.0,0.3742,0.2175,0.3413,-0.0239,0.4535
11,2022-12-12,1.0,0.2814,0.1592,0.3149,0.0476,0.6532
12,2022-12-12,0.5668,0.4986,0.2803,0.4354,-0.0872,0.3493
13,2022-12-12,1.0,0.3975,0.2113,0.3997,0.0177,0.5516
14,2022-12-12,1.0,0.3604,0.2057,0.4162,0.0987,0.7024
15,2022-12-12,0.4113,0.4405,0.2501,0.4248,0.0285,0.5769
16,2022-12-12,1.0,0.3233,0.1923,0.2544,-0.0638,0.3338
17,2022-12-12,1.0,0.3685,0.1941,0.4004,0.0638,0.715
18,2022-12-12,1.0,0.366,0.2023,0.4084,0.0277,0.5438
19,2022-12-12,0.2945,0.2078,0.1076,0.2591,0.0272,0.5544
20,2022-12-12,1.0,0.3012,0.1851,0.1823,-0.1362,0.1201
21,2022-12-12,1.0,0.3507,0.1989,0.4407,0.0322,0.5705
22,2022-12-12,0.7528,0.7328,0.4629,0.4947,-0.3061,0.1825
23,2022-12-12,0.4591,0.4266,0.2386,0.3949,-0.0392,0.4248
24,2022-12-12,0.6602,0.2421,0.1238,0.3011,0.0816,0.644
25,2022-12-12,0.8123,0.6646,0.4084,0.4216,-0.2291,0.1031
1,2022-12-14,0.8648,0.3035,0.1787,0.3497,-0.0053,0.4899
2,2022-12-14,0.9775,0.4796,0.2568,0.4296,-0.0655,0.3927
3,2022-12-14,0.9893,0.3009,0.1711,0.3837,0.0837,0.6725
4,2022-12-14,0.9868,0.3296,0.1734,0.391,0.0641,0.661
5,2022-12-14,0.7729,0.2876,0.1499,0.3982,0.0902,0.676
6,2022-12-14,0.9526,0.2766,0.1604,0.2995,-0.0049,0.488
7,2022-12-14,0.8668,0.3755,0.2137,0.3945,0.0309,0.5674
8,2022-12-14,0.5514,0.4271,0.2336,0.4477,-0.0013,0.4973
9,2022-12-14,0.9994,0.5151,0.2918,0.4333,-0.1019,0.3014
10,2022-12-14,0.7853,0.366,0.2141,0.3471,-0.0305,0.4407
11,2022-12-14,0.9672,0.2658,0.154,0.3195,0.0516,0.6642
12,2022-12-14,0.4876,0.3355,0.1578,0.4203,0.0529,0.6012
13,2022-12-14,0.8085,0.3872,0.2068,0.3761,0.0039,0.5107
14,2022-12-14,0.9964,0.3531,0.2041,0.4167,0.0841,0.6686
15,2022-12-14,0.6599,0.3801,0.2181,0.3702,-0.0167,0.4635
16,2022-12-14,0.9483,0.3203,0.1924,0.2574,-0.0765,0.3022
17,2022-12-14,0.9764,0.3792,0.1953,0.4159,0.0635,0.7003
18,2022-12-14,1.0,0.3636,0.1996,0.4187,0.0215,0.5355
19,2022-12-14,0.8477,0.2703,0.148,0.2701,-0.0584,0.3555
20,2022-12-14,1.0,0.3013,0.1853,0.1889,-0.1519,0.0864
21,2022-12-14,0.8585,0.2931,0.1714,0.3976,0.0503,0.6041
22,2022-12-14,1.0,0.7518,0.455,0.5117,-0.3639,0.1729
23,2022-12-14,0.7251,0.3849,0.2138,0.3506,-0.0546,0.402
24,2022-12-14,0.5026,0.2334,0.1131,0.3554,0.1259,0.7633
25,2022-12-14,0.1708,0.711,0.4142,0.3745,-0.3709,0.0
2,2022-12-17,0.6613,0.3448,0.1667,0.4759,0.1954,0.9449
3,2022-12-17,1.0,0.2749,0.1566,0.4145,0.126,0.8074
4,2022-12-17,0.0309,0.1961,0.1047,0.2283,0.2123,0.7744
5,2022-12-17,0.7184,0.1953,0.0906,0.425,0.2177,0.8097
7,2022-12-17,0.9761,0.3143,0.1469,0.5599,0.3051,0.9015
8,2022-12-17,0.4621,0.2882,0.1548,0.4626,0.2148,0.9316
9,2022-12-17,0.9691,0.4547,0.2597,0.513,0.0745,0.67
10,2022-12-17,0.4482,0.3576,0.204,0.4671,0.1221,0.7006
11,2022-12-17,1.0,0.2364,0.1239,0.4096,0.1771,0.9311
12,2022-12-17,0.968,0.3361,0.1681,0.5071,0.1102,0.7291
14,2022-12-17,1.0,0.301,0.144,0.5949,0.3411,0.9839
16,2022-12-17,0.9767,0.2911,0.172,0.3494,0.0658,0.6508
17,2022-12-17,1.0,0.3126,0.1491,0.4964,0.2516,0.9517
18,2022-12-17,1.0,0.3393,0.1922,0.4006,0.0409,0.5781
19,2022-12-17,0.6568,0.2469,0.1357,0.2518,-0.0055,0.4715
22,2022-12-17,1.0,0.5265,0.3298,0.5004,0.0835,0.7089
23,2022-12-17,0.0289,0.444,0.2565,0.386,-0.0589,0.3559
24,2022-12-17,0.1463,0.1241,0.079,0.102,-0.033,0.4436
1,2022-12-19,0.0022,0.1929,0.1462,0.0287,-0.2217,0.0
3,2022-12-19,0.2201,0.2108,0.1383,0.2151,-0.037,0.3409
6,2022-12-19,0.0682,0.1928,0.1261,0.1356,-0.0781,0.4343
7,2022-12-19,0.0314,0.1805,0.0893,0.2991,0.1159,0.6593
11,2022-12-19,0.0231,-0.1041,-0.2521,0.7231,0.8204,1.0
19,2022-12-19,0.166,0.0744,-0.0073,0.4449,0.4108,0.7728
23,2022-12-19,0.0284,0.1792,0.1014,0.1916,-0.0049,0.5
1,2022-12-22,0.9006,0.0745,-0.0601,0.4608,0.5397,0.8529
2,2022-12-22,1.0,0.4383,0.1935,0.4547,0.1096,0.6037
3,2022-12-22,1.0,0.2117,-0.0062,0.5787,0.5625,0.8315
4,2022-12-22,0.6584,0.1417,-0.0334,0.4547,0.453,0.8564
5,2022-12-22,0.5304,0.0028,-0.1386,0.4496,0.5542,0.8126
6,2022-12-22,1.0,0.0923,-0.1111,0.4625,0.5697,0.7845
7,2022-12-22,1.0,0.2213,0.0442,0.4766,0.4769,0.8245
8,2022-12-22,0.5783,0.5334,0.2511,0.4832,0.0538,0.5683
9,2022-12-22,1.0,0.4801,0.199,0.5284,0.1129,0.5814
10,2022-12-22,1.0,0.2006,0.0338,0.4659,0.4148,0.7784
11,2022-12-22,1.0,-0.3304,-0.4167,0.3735,0.7572,0.9304
12,2022-12-22,0.4871,0.2646,0.0793,0.4484,0.2109,0.6547
13,2022-12-22,0.9764,0.3304,0.1145,0.4833,0.2482,0.7628
14,2022-12-22,1.0,0.0958,-0.0223,0.5574,0.6041,0.8698
15,2022-12-22,0.749,0.3227,0.1296,0.463,0.3283,0.7709
16,2022-12-22,1.0,-0.0753,-0.2122,0.4193,0.6043,0.8857
17,2022-12-22,0.9902,0.2701,0.0079,0.6067,0.4873,0.9364
18,2022-12-22,0.71,0.3193,0.1256,0.504,0.139,0.6102
19,2022-12-22,1.0,-0.003,-0.2302,0.406,0.5452,0.685
20,2022-12-22,1.0,-0.0713,-0.2462,0.3373,0.5929,0.8792
21,2022-12-22,1.0,0.1471,-0.0169,0.4758,0.4065,0.811
22,2022-12-22,1.0,0.8027,0.4866,0.5146,-0.4474,0.1944
23,2022-12-22,1.0,0.3386,0.1201,0.418,0.137,0.6124
24,2022-12-22,0.7689,0.2311,0.1017,0.2626,0.0756,0.5714
25,2022-12-22,0.3417,0.9882,0.5718,0.4831,-0.6513,0.0414
1,2022-12-29,0.0291,0.296,0.1584,0.4735,0.2104,0.9163
2,2022-12-29,0.4479,0.4099,0.1866,0.5443,0.2192,0.8063
5,2022-12-29,0.4272,0.2342,0.116,0.4056,0.1405,0.718
6,2022-12-29,0.0353,0.3109,0.188,0.3889,0.1045,0.8641
7,2022-12-29,0.1844,0.2591,0.1395,0.4484,0.2095,0.8764
9,2022-12-29,0.1484,0.276,0.0867,0.4877,0.2409,0.7398
10,2022-12-29,0.0944,0.236,0.1193,0.477,0.2693,0.9381
12,2022-12-29,0.0978,0.2644,0.1181,0.5282,0.1126,0.6781
13,2022-12-29,0.0403,0.2702,0.1319,0.3756,0.1757,0.9634
15,2022-12-29,0.0289,0.2627,0.1223,0.4318,0.2204,0.7667
17,2022-12-29,0.016,0.4687,0.2838,0.5561,0.234,1.0
18,2022-12-29,0.896,0.3605,0.1998,0.4866,0.1303,0.6834
22,2022-12-29,0.9757,0.6183,0.372,0.5115,-0.0289,0.4588
23,2022-12-29,0.0387,0.269,0.1576,0.2559,0.0116,0.5443
1,2023-01-01,0.0092,0.22,0.155,0.0201,-0.2332,0.0156
2,2023-01-01,0.6754,0.42,0.2132,0.4963,0.2457,0.7305
3,2023-01-01,0.8986,0.0747,-0.0981,0.6358,0.6838,0.9353
4,2023-01-01,1.0,0.0888,-0.0622,0.5084,0.5639,0.9411
5,2023-01-01,0.9588,0.032,-0.071,0.556,0.5517,0.8619
6,2023-01-01,0.2649,-0.0212,-0.1671,0.5703,0.7179,0.8608
7,2023-01-01,1.0,0.1907,-0.0087,0.5971,0.5356,0.9331
8,2023-01-01,0.9971,0.3729,0.1756,0.5287,0.3187,0.8287
9,2023-01-01,1.0,0.4604,0.2064,0.5814,0.173,0.6382
10,2023-01-01,1.0,0.2022,0.0252,0.5858,0.493,0.8517
11,2023-01-01,0.8259,-0.1113,-0.2438,0.6156,0.7564,0.9776
12,2023-01-01,1.0,0.3027,0.1298,0.5313,0.1865,0.6305
13,2023-01-01,1.0,0.221,0.0551,0.5179,0.4979,0.9124
14,2023-01-01,1.0,0.0753,-0.076,0.6233,0.6153,0.9359
15,2023-01-01,0.4534,0.3266,0.1156,0.5652,0.3908,0.8779
16,2023-01-01,1.0,0.0307,-0.1086,0.5841,0.605,0.9595
17,2023-01-01,1.0,0.0698,-0.1343,0.5467,0.6288,0.9843
18,2023-01-01,1.0,0.217,-0.0064,0.6,0.5128,0.7913
19,2023-01-01,1.0,0.1322,-0.0504,0.5625,0.5029,0.7257
20,2023-01-01,0.201,-0.0629,-0.2341,0.5637,0.6837,0.9609
21,2023-01-01,0.1788,-0.1158,-0.2187,0.5017,0.6909,0.9156
22,2023-01-01,0.514,0.5122,0.3404,0.4059,-0.0325,0.4555
23,2023-01-01,1.0,0.3101,0.1182,0.5112,0.2541,0.7291
24,2023-01-01,1.0,0.186,0.0468,0.3052,0.3169,0.6135
25,2023-01-01,0.8575,0.723,0.4439,0.4988,-0.1685,0.2709
1,2023-01-08,0.2741,0.1862,0.1091,0.2367,0.0363,0.6257
2,2023-01-08,0.0341,0.1927,0.0934,0.2813,0.1006,0.9363
3,2023-01-08,0.8129,0.2501,0.1459,0.3619,0.1016,0.7506
4,2023-01-08,0.3581,0.2457,0.131,0.3529,0.0995,0.8638
5,2023-01-08,0.6634,0.2503,0.1397,0.364,0.0907,0.7104
6,2023-01-08,0.6671,0.2306,0.1351,0.28,0.0216,0.5795
7,2023-01-08,0.4503,0.2745,0.1623,0.3453,0.0583,0.6499
8,2023-01-08,0.0174,0.3039,0.173,0.4719,0.0739,0.7034
9,2023-01-08,0.4314,0.2468,0.1313,0.2979,0.0401,0.6502
10,2023-01-08,0.6306,0.2964,0.1726,0.3136,0.0007,0.5034
11,2023-01-08,0.4899,0.2088,0.1152,0.3069,0.0777,0.7888
12,2023-01-08,0.2541,0.2874,0.1482,0.4445,0.0749,0.6246
13,2023-01-08,0.4345,0.3141,0.1712,0.3172,0.0269,0.6176
14,2023-01-08,0.6902,0.2765,0.1618,0.3798,0.1226,0.8138
15,2023-01-08,0.1319,0.1667,0.095,0.1619,0.0017,0.5109
16,2023-01-08,0.3855,0.2071,0.1258,0.141,-0.0712,0.0822
17,2023-01-08,0.4066,0.3185,0.1797,0.4054,0.1199,0.8625
18,2023-01-08,0.7343,0.314,0.1795,0.4201,0.1116,0.7797
19,2023-01-08,0.6488,0.2267,0.1287,0.2577,-0.0156,0.438
20,2023-01-08,0.7195,0.1817,0.1004,0.1398,-0.0375,0.3098
21,2023-01-08,0.3048,0.1493,0.0711,0.3779,0.2014,0.9301
23,2023-01-08,0.4434,0.3026,0.1791,0.3371,0.0257,0.5812
24,2023-01-08,0.3506,0.2179,0.1136,0.3552,0.1204,0.875
1,2023-01-11,0.5909,0.341,0.1969,0.4233,0.0997,0.8004
3,2023-01-11,0.0346,0.2332,0.1298,0.4791,0.2134,0.8643
4,2023-01-11,0.1668,0.2818,0.1614,0.3875,0.1316,0.8539
5,2023-01-11,0.6202,0.2382,0.1311,0.4402,0.1647,0.7865
6,2023-01-11,0.1625,0.266,0.1673,0.3376,0.0434,0.6313
7,2023-01-11,0.0787,0.5245,0.3064,0.5776,0.1408,0.9371
8,2023-01-11,0.0813,0.4602,0.2626,0.4916,0.09,0.8314
9,2023-01-11,0.1222,0.2767,0.1648,0.3597,0.0731,0.7779
11,2023-01-11,0.0683,0.2138,0.124,0.4036,0.1893,0.9636
12,2023-01-11,0.5653,0.3911,0.233,0.44,0.0656,0.7298
14,2023-01-11,0.5238,0.2703,0.1533,0.5145,0.2604,0.9629
15,2023-01-11,0.7617,0.3317,0.1984,0.4175,0.0983,0.7703
17,2023-01-11,0.0206,0.3423,0.1915,0.374,0.0785,0.6842
18,2023-01-11,0.1084,0.4056,0.2181,0.4056,0.0173,0.5485
20,2023-01-11,0.8625,0.187,0.0893,0.2347,0.0396,0.6307
21,2023-01-11,0.7791,0.3879,0.2214,0.4885,0.0827,0.8576
22,2023-01-11,0.0706,0.4422,0.24,0.4855,0.0883,0.6887
23,2023-01-11,0.2092,0.2408,0.1481,0.3367,0.0615,0.6674
24,2023-01-11,0.0711,0.1311,0.092,0.0927,-0.0715,0.184
1,2023-01-13,0.3435,0.1993,0.1199,0.2379,0.0136,0.5345
3,2023-01-13,0.8907,0.2727,0.1631,0.3486,0.0401,0.5874
4,2023-01-13,0.0145,0.3052,0.1876,0.3119,-0.0021,0.4973
5,2023-01-13,0.4295,0.2222,0.1182,0.311,0.0325,0.5843
6,2023-01-13,0.6228,0.2446,0.147,0.2854,-0.0061,0.4804
7,2023-01-13,0.3432,0.276,0.1653,0.348,0.0557,0.616
9,2023-01-13,0.1659,0.3062,0.1808,0.3662,-0.0279,0.4377
10,2023-01-13,0.3172,0.3098,0.1854,0.317,-0.0145,0.4665
11,2023-01-13,0.9947,0.2599,0.1564,0.3083,0.028,0.5955
12,2023-01-13,0.1367,0.2371,0.1118,0.3589,0.0659,0.688
13,2023-01-13,0.2278,0.3265,0.1778,0.3156,-0.0153,0.43
14,2023-01-13,0.5442,0.2639,0.152,0.3812,0.1298,0.7339
15,2023-01-13,0.2337,0.2987,0.1824,0.3356,0.0054,0.517
16,2023-01-13,0.7795,0.2528,0.1487,0.2172,-0.0488,0.382
18,2023-01-13,0.6013,0.3056,0.1758,0.3719,0.0593,0.6667
19,2023-01-13,0.7307,0.243,0.1383,0.2184,-0.0761,0.2743
20,2023-01-13,0.5791,0.2709,0.1695,0.1502,-0.154,0.0752
21,2023-01-13,0.3713,0.1496,0.0772,0.3325,0.1402,0.8387
23,2023-01-13,0.2651,0.2706,0.1546,0.2797,-0.0077,0.475
1,2023-01-16,1.0,0.2968,0.1666,0.4827,0.1002,0.6214
2,2023-01-16,1.0,0.4742,0.2225,0.5214,0.0492,0.5473
3,2023-01-16,1.0,0.2659,0.1294,0.5677,0.2339,0.752
4,2023-01-16,1.0,0.2352,0.0755,0.5346,0.3198,0.8367
5,2023-01-16,0.9977,0.2363,0.1059,0.5142,0.201,0.712
6,2023-01-16,1.0,0.2519,0.1341,0.4305,0.148,0.6669
7,2023-01-16,1.0,0.364,0.1709,0.5813,0.2521,0.745
8,2023-01-16,1.0,0.4502,0.2211,0.5428,0.0785,0.5967
9,2023-01-16,0.9983,0.5135,0.2681,0.5665,-0.0251,0.4685
10,2023-01-16,1.0,0.3633,0.1854,0.5281,0.1516,0.6465
11,2023-01-16,1.0,0.253,0.1345,0.4879,0.2527,0.8388
12,2023-01-16,1.0,0.3703,0.1924,0.5496,0.0308,0.5224
13,2023-01-16,1.0,0.344,0.1252,0.5372,0.2563,0.8212
14,2023-01-16,1.0,0.3021,0.1382,0.6473,0.4166,0.8631
15,2023-01-16,1.0,0.3794,0.2212,0.5206,0.1498,0.6816
16,2023-01-16,1.0,0.2941,0.1647,0.4196,0.1335,0.6893
17,2023-01-16,0.9989,0.3102,0.0954,0.6495,0.4202,0.9054
18,2023-01-16,1.0,0.3442,0.1916,0.507,0.0981,0.5878
19,2023-01-16,1.0,0.2842,0.1482,0.4099,-0.0026,0.4964
20,2023-01-16,1.0,0.2859,0.1646,0.3063,-0.0318,0.4494
21,2023-01-16,1.0,0.3224,0.175,0.5732,0.1394,0.6881
22,2023-01-16,1.0,0.7985,0.464,0.5469,-0.5495,0.1953
23,2023-01-16,1.0,0.4458,0.2513,0.4545,-0.0735,0.4282
24,2023-01-16,1.0,0.2482,0.1318,0.1703,-0.0417,0.4815
25,2023-01-16,1.0,0.9259,0.5221,0.5063,-0.6637,0.0604
1,2023-01-21,0.9457,0.1928,0.0592,0.4987,0.4083,0.7769
2,2023-01-21,1.0,0.49,0.2153,0.5265,0.1455,0.6129
3,2023-01-21,1.0,0.1905,-0.0337,0.6592,0.6628,0.8675
4,2023-01-21,1.0,0.1289,-0.0636,0.5401,0.5723,0.9105
5,2023-01-21,0.9401,0.0325,-0.1001,0.5589,0.5945,0.8189
6,2023-01-21,1.0,0.1156,-0.0981,0.5648,0.6281,0.7776
7,2023-01-21,0.9995,0.1957,0.0085,0.5616,0.5725,0.8418
8,2023-01-21,0.9642,0.4338,0.1621,0.5654,0.2789,0.7135
9,2023-01-21,0.9994,0.4562,0.1695,0.5756,0.1781,0.6073
10,2023-01-21,1.0,0.1742,0.0,0.5522,0.5261,0.7996
11,2023-01-21,1.0,-0.3956,-0.4596,0.5517,0.8487,0.9347
12,2023-01-21,0.7124,0.2024,0.0308,0.5125,0.2547,0.6275
13,2023-01-21,1.0,0.3129,0.0557,0.5812,0.4349,0.8442
14,2023-01-21,1.0,0.0698,-0.0635,0.6221,0.6973,0.8845
15,2023-01-21,1.0,0.2096,0.0209,0.5418,0.5518,0.8407
16,2023-01-21,1.0,-0.1119,-0.2393,0.5336,0.7325,0.9027
17,2023-01-21,1.0,0.2729,0.0021,0.6808,0.5819,0.9368
18,2023-01-21,0.9041,0.2387,0.0106,0.5772,0.4837,0.8174
19,2023-01-21,0.9477,-0.0562,-0.282,0.5717,0.6968,0.7121
20,2023-01-21,1.0,0.0869,-0.089,0.3703,0.4242,0.7997
21,2023-01-21,1.0,0.1249,-0.0516,0.5694,0.5095,0.8256
22,2023-01-21,1.0,0.8502,0.5074,0.5485,-0.5854,0.2028
23,2023-01-21,1.0,0.3655,0.1115,0.5135,0.2201,0.6428
24,2023-01-21,1.0,0.2838,0.139,0.2361,0.0229,0.5139
25,2023-01-21,1.0,1.0,0.577,0.5232,-0.7341,0.123
1,2023-01-31,1.0,0.2352,0.1096,0.5129,0.2641,0.7644
2,2023-01-31,1.0,0.399,0.1809,0.5122,0.2287,0.8245
3,2023-01-31,0.9999,0.2169,0.0794,0.6195,0.4375,0.8868
4,2023-01-31,1.0,0.1606,0.0009,0.5202,0.4883,0.8966
5,2023-01-31,1.0,0.1715,0.0438,0.5235,0.3486,0.8097
6,2023-01-31,1.0,0.195,0.0674,0.485,0.3492,0.7974
7,2023-01-31,0.9993,0.2559,0.0719,0.5822,0.4451,0.963
8,2023-01-31,1.0,0.3654,0.1696,0.5315,0.2757,0.88
9,2023-01-31,0.9994,0.4193,0.2089,0.5578,0.1661,0.7604
10,2023-01-31,1.0,0.2733,0.1129,0.5514,0.3451,0.877
11,2023-01-31,1.0,0.1743,0.0417,0.5776,0.4932,0.9789
12,2023-01-31,1.0,0.3025,0.1495,0.5291,0.1751,0.7383
13,2023-01-31,1.0,0.2267,0.0352,0.5317,0.4277,0.9696
14,2023-01-31,1.0,0.1973,0.0289,0.6725,0.5915,0.9789
15,2023-01-31,1.0,0.3132,0.1468,0.5807,0.3733,0.8989
16,2023-01-31,1.0,0.2217,0.0904,0.5132,0.3653,0.9597
17,2023-01-31,1.0,0.2277,0.0109,0.6418,0.5574,0.9919
18,2023-01-31,1.0,0.3097,0.1569,0.5617,0.2917,0.7343
19,2023-01-31,1.0,0.2243,0.1033,0.4724,0.1722,0.7625
20,2023-01-31,1.0,0.1993,0.0694,0.3825,0.2402,0.8079
21,2023-01-31,0.9929,0.2621,0.1147,0.5628,0.2976,0.9343
22,2023-01-31,1.0,0.6692,0.4105,0.5306,-0.106,0.3743
23,2023-01-31,1.0,0.3552,0.1803,0.4868,0.1208,0.6448
24,2023-01-31,1.0,0.2033,0.0983,0.2001,0.0508,0.5236
25,2023-01-31,1.0,0.6696,0.3874,0.5027,-0.1006,0.2943
1,2023-02-02,0.9989,0.1796,0.0699,0.3968,0.2406,0.7383
2,2023-02-02,1.0,0.369,0.1568,0.4468,0.1364,0.697
3,2023-02-02,1.0,0.1931,0.0647,0.5059,0.3346,0.8244
4,2023-02-02,1.0,0.1251,-0.0208,0.3939,0.3762,0.8735
5,2023-02-02,1.0,0.0719,-0.0172,0.4245,0.364,0.801
6,2023-02-02,1.0,0.1407,0.0038,0.3955,0.3167,0.74
7,2023-02-02,0.9993,0.1633,-0.0053,0.4344,0.3832,0.9029
8,2023-02-02,1.0,0.3209,0.1319,0.4406,0.1808,0.7714
9,2023-02-02,0.9983,0.3697,0.1546,0.4746,0.1206,0.6647
10,2023-02-02,1.0,0.1699,0.015,0.4229,0.3162,0.817
11,2023-02-02,1.0,-0.1214,-0.2367,0.4277,0.5932,0.9483
12,2023-02-02,1.0,0.2249,0.0984,0.4191,0.1251,0.6454
13,2023-02-02,1.0,0.2219,0.0391,0.4289,0.2918,0.902
14,2023-02-02,1.0,0.0586,-0.0804,0.5127,0.546,0.9414
15,2023-02-02,1.0,0.1672,0.0032,0.4385,0.3719,0.8544
16,2023-02-02,1.0,0.0108,-0.1219,0.4069,0.4674,0.924
17,2023-02-02,1.0,0.2363,0.0425,0.5333,0.3885,0.9525
18,2023-02-02,1.0,0.2695,0.1319,0.4156,0.1078,0.6301
19,2023-02-02,1.0,0.1363,0.0061,0.3906,0.2218,0.6577
20,2023-02-02,1.0,0.1394,0.01,0.286,0.1915,0.7002
21,2023-02-02,1.0,0.1677,0.0273,0.4516,0.2771,0.8953
22,2023-02-02,1.0,0.6235,0.3656,0.4801,-0.1875,0.2808
23,2023-02-02,1.0,0.2882,0.1135,0.4054,0.1016,0.6173
24,2023-02-02,1.0,0.1978,0.11,0.1166,-0.0611,0.4519
25,2023-02-02,1.0,0.6839,0.3757,0.4065,-0.2826,0.1404
1,2023-02-05,1.0,0.2697,0.1544,0.3548,0.0096,0.5185
2,2023-02-05,0.9998,0.4367,0.2298,0.4398,-0.0362,0.4381
3,2023-02-05,1.0,0.273,0.1595,0.3717,0.0771,0.6516
4,2023-02-05,1.0,0.285,0.1539,0.3453,0.0365,0.6021
5,2023-02-05,0.959,0.2407,0.1321,0.3454,0.0259,0.5566
6,2023-02-05,0.9764,0.2543,0.1497,0.2903,-0.0179,0.4531
7,2023-02-05,0.9818,0.347,0.181,0.3885,0.0431,0.5741
8,2023-02-05,1.0,0.4067,0.216,0.4343,-0.0246,0.4519
9,2023-02-05,0.9994,0.4606,0.2483,0.4574,-0.0582,0.4053
10,2023-02-05,1.0,0.341,0.1933,0.3222,-0.0494,0.4116
11,2023-02-05,1.0,0.2412,0.1355,0.3152,0.0766,0.7027
12,2023-02-05,1.0,0.3474,0.1844,0.4332,-0.0282,0.4597
13,2023-02-05,1.0,0.3743,0.1988,0.3369,-0.0477,0.3483
14,2023-02-05,1.0,0.3069,0.1687,0.4207,0.1407,0.7375
15,2023-02-05,1.0,0.3348,0.1891,0.368,0.0254,0.5514
16,2023-02-05,1.0,0.2828,0.1658,0.252,-0.0201,0.4536
17,2023-02-05,1.0,0.3445,0.1896,0.4139,0.0552,0.6672
18,2023-02-05,1.0,0.318,0.179,0.4046,0.0395,0.5599
19,2023-02-05,1.0,0.2884,0.1693,0.2569,-0.1039,0.2788
20,2023-02-05,1.0,0.261,0.1565,0.1861,-0.1124,0.218
21,2023-02-05,1.0,0.2845,0.1532,0.3709,0.0762,0.6402
22,2023-02-05,1.0,0.6987,0.4023,0.512,-0.3788,0.2234
23,2023-02-05,1.0,0.4018,0.227,0.3562,-0.1158,0.3346
24,2023-02-05,1.0,0.254,0.1548,0.1355,-0.1206,0.3694
25,2023-02-05,1.0,0.788,0.4439,0.4215,-0.5032,0.068
1,2023-02-07,0.9986,0.2881,0.1719,0.3578,-0.0107,0.4796
2,2023-02-07,0.9946,0.503,0.2825,0.4481,-0.0894,0.3545
3,2023-02-07,1.0,0.2763,0.1595,0.3761,0.0864,0.6671
4,2023-02-07,1.0,0.3085,0.1735,0.3516,0.0275,0.5781
5,2023-02-07,1.0,0.2674,0.1508,0.3653,0.0274,0.5559
6,2023-02-07,1.0,0.2557,0.1495,0.2933,-0.008,0.4791
7,2023-02-07,1.0,0.3676,0.2076,0.3801,-0.004,0.4927
8,2023-02-07,0.978,0.4615,0.2594,0.4578,-0.0479,0.4129
9,2023-02-07,1.0,0.4824,0.2666,0.4501,-0.0828,0.3753
10,2023-02-07,1.0,0.3543,0.1988,0.3268,-0.0536,0.4082
11,2023-02-07,1.0,0.2536,0.1483,0.3158,0.0613,0.6803
12,2023-02-07,1.0,0.3763,0.2037,0.4212,-0.0596,0.42
13,2023-02-07,1.0,0.3953,0.2129,0.3483,-0.0474,0.3701
14,2023-02-07,1.0,0.3191,0.1791,0.4098,0.097,0.6703
15,2023-02-07,0.9998,0.3577,0.2032,0.3755,0.0104,0.5209
16,2023-02-07,1.0,0.293,0.1747,0.251,-0.0356,0.411
17,2023-02-07,1.0,0.3797,0.2126,0.4299,0.0606,0.6786
18,2023-02-07,1.0,0.3288,0.1824,0.4144,0.0583,0.5828
19,2023-02-07,1.0,0.2917,0.167,0.2757,-0.0945,0.3037
20,2023-02-07,1.0,0.2668,0.1521,0.1888,-0.0985,0.2462
21,2023-02-07,0.9756,0.3252,0.1834,0.3852,0.0126,0.523
22,2023-02-07,1.0,0.7606,0.4752,0.4987,-0.4885,0.1196
23,2023-02-07,1.0,0.4168,0.2339,0.3677,-0.1043,0.34
24,2023-02-07,1.0,0.2635,0.1636,0.1463,-0.0875,0.4087
25,2023-02-07,1.0,0.7999,0.4552,0.4136,-0.5124,0.0234
1,2023-02-10,0.0022,0.4973,0.2654,0.4679,0.0284,0.6667
2,2023-02-10,0.0245,0.4624,0.2533,0.491,0.0399,0.6224
3,2023-02-10,0.0108,0.3085,0.1955,0.547,0.3294,0.8733
4,2023-02-10,0.0578,0.3116,0.1976,0.3578,0.0574,0.7129
5,2023-02-10,0.3507,0.2942,0.1586,0.4349,0.1007,0.6697
8,2023-02-10,0.0145,0.4562,0.2471,0.518,0.1451,0.9835
9,2023-02-10,0.0056,0.497,0.2959,0.6302,0.2329,1.0
10,2023-02-10,0.0786,0.3588,0.2156,0.4381,0.1124,0.7523
11,2023-02-10,0.074,0.2299,0.1241,0.3778,0.1302,0.8441
12,2023-02-10,0.2723,0.2628,0.1285,0.4538,0.1593,0.7715
13,2023-02-10,0.7355,0.32,0.167,0.4059,0.1113,0.8482
14,2023-02-10,0.0086,0.3263,0.2107,0.5331,0.2627,1.0
15,2023-02-10,0.3769,0.3655,0.2044,0.4208,0.0766,0.6903
16,2023-02-10,0.6368,0.2213,0.1177,0.2902,0.104,0.7553
17,2023-02-10,0.0225,0.3992,0.2247,0.5167,0.1961,0.9036
18,2023-02-10,0.1662,0.3232,0.1965,0.5287,0.2174,0.7953
19,2023-02-10,0.6951,0.2914,0.1494,0.3824,0.0102,0.5288
25,2023-02-10,0.1899,0.5763,0.3372,0.4103,-0.1664,0.1175
1,2023-02-12,1.0,0.2706,0.1651,0.3566,0.0178,0.5383
2,2023-02-12,1.0,0.4548,0.2502,0.45,-0.0047,0.4882
3,2023-02-12,1.0,0.2586,0.1513,0.3503,0.064,0.6697
4,2023-02-12,0.9956,0.2838,0.1555,0.3823,0.0879,0.7426
5,2023-02-12,1.0,0.2424,0.1349,0.3448,0.0525,0.6158
6,2023-02-12,1.0,0.2335,0.1376,0.2796,0.0074,0.524
7,2023-02-12,1.0,0.3339,0.1931,0.3953,0.0716,0.6842
8,2023-02-12,1.0,0.4133,0.2268,0.4541,0.0275,0.5645
9,2023-02-12,1.0,0.4397,0.2462,0.4435,-0.0191,0.4591
10,2023-02-12,1.0,0.3136,0.1826,0.3142,-0.0109,0.4739
11,2023-02-12,1.0,0.2392,0.1411,0.3124,0.0647,0.7307
12,2023-02-12,1.0,0.3316,0.1804,0.4161,0.0007,0.5005
13,2023-02-12,1.0,0.3537,0.1919,0.3608,0.0307,0.6158
14,2023-02-12,1.0,0.3054,0.1742,0.4158,0.1284,0.798
15,2023-02-12,1.0,0.335,0.1985,0.3714,0.0299,0.5762
16,2023-02-12,1.0,0.2665,0.1578,0.2442,-0.0152,0.4653
17,2023-02-12,1.0,0.3333,0.1834,0.391,0.0754,0.7609
18,2023-02-12,1.0,0.3047,0.1755,0.3614,0.0339,0.5626
19,2023-02-12,1.0,0.2535,0.1486,0.2443,-0.0712,0.2833
20,2023-02-12,1.0,0.2337,0.1391,0.1668,-0.0803,0.2638
21,2023-02-12,1.0,0.3111,0.1804,0.3656,0.0336,0.5874
22,2023-02-12,1.0,0.6638,0.4017,0.5091,-0.2006,0.2355
23,2023-02-12,1.0,0.3692,0.2077,0.339,-0.0655,0.3729
24,2023-02-12,1.0,0.2259,0.1343,0.1185,-0.0682,0.4155
25,2023-02-12,0.9956,0.6868,0.3982,0.419,-0.3032,0.0503
1,2023-02-15,0.9999,0.2748,0.1607,0.4017,0.0545,0.5908
2,2023-02-15,0.9891,0.4336,0.2127,0.4988,0.1025,0.6582
3,2023-02-15,1.0,0.2717,0.1568,0.3809,0.0871,0.6866
4,2023-02-15,0.5743,0.2704,0.1353,0.4487,0.1893,0.8084
5,2023-02-15,0.9993,0.2341,0.12,0.4098,0.1363,0.7002
6,2023-02-15,0.9976,0.2437,0.1358,0.3279,0.0565,0.6129
7,2023-02-15,0.9732,0.3361,0.1763,0.4941,0.2053,0.8145
8,2023-02-15,0.9957,0.3953,0.2015,0.4932,0.1117,0.7005
9,2023-02-15,0.9815,0.4268,0.2323,0.4883,0.0676,0.6333
10,2023-02-15,0.8401,0.328,0.1773,0.4081,0.087,0.6391
11,2023-02-15,1.0,0.2512,0.1453,0.3793,0.1324,0.8088
12,2023-02-15,0.9987,0.3476,0.181,0.4741,0.0344,0.5539
13,2023-02-15,0.5871,0.3419,0.1652,0.415,0.1396,0.8475
14,2023-02-15,0.9986,0.3052,0.1638,0.5469,0.2623,0.9002
15,2023-02-15,0.9993,0.3579,0.2052,0.4617,0.136,0.7187
16,2023-02-15,0.9724,0.2967,0.1747,0.3346,0.0733,0.6435
17,2023-02-15,0.9997,0.3222,0.1615,0.4877,0.2299,0.9001
18,2023-02-15,1.0,0.3079,0.1745,0.3666,0.0525,0.5908
19,2023-02-15,1.0,0.2578,0.1453,0.2613,-0.0462,0.3827
20,2023-02-15,0.9925,0.2565,0.1495,0.208,-0.0458,0.4073
21,2023-02-15,1.0,0.2941,0.1664,0.4496,0.1023,0.7294
22,2023-02-15,0.9869,0.6483,0.3854,0.5189,-0.0546,0.4238
23,2023-02-15,1.0,0.3971,0.2166,0.3619,-0.058,0.4072
24,2023-02-15,0.5213,0.2198,0.1329,0.0939,-0.0679,0.4225
25,2023-02-15,0.9728,0.7303,0.4334,0.4556,-0.3367,0.0682
1,2023-02-17,0.0518,0.2301,0.1431,0.3987,0.189,0.6136
2,2023-02-17,0.2887,0.4307,0.2347,0.4581,0.2141,0.8432
4,2023-02-17,0.0255,-0.2082,-0.2983,0.4212,0.7112,1.0
5,2023-02-17,0.072,0.3269,0.1907,0.4649,0.3591,0.9832
6,2023-02-17,0.0446,0.0673,0.0319,0.0374,-0.081,0.2012
8,2023-02-17,0.8507,0.2489,0.1085,0.4561,0.3687,0.9552
10,2023-02-17,0.3645,0.0161,-0.0717,0.3479,0.4438,0.9772
12,2023-02-17,0.014,-0.075,-0.1206,0.2045,0.343,0.7733
13,2023-02-17,0.4372,0.0398,-0.0627,0.4004,0.5178,0.9947
15,2023-02-17,0.1714,0.1207,0.0339,0.1855,0.1504,0.9789
17,2023-02-17,0.3765,0.0974,-0.0579,0.477,0.5659,1.0
23,2023-02-17,0.0431,0.1057,0.049,0.1537,0.1416,0.8409
25,2023-02-17,0.5952,0.6,0.3337,0.4073,-0.1063,0.3282
1,2023-02-22,0.9319,0.2544,0.154,0.3635,0.0261,0.5568
2,2023-02-22,0.9631,0.4372,0.2379,0.4467,0.0129,0.5291
3,2023-02-22,1.0,0.2556,0.1473,0.3882,0.1213,0.7594
4,2023-02-22,0.9472,0.2691,0.1453,0.3667,0.0886,0.7565
5,2023-02-22,0.9906,0.2348,0.129,0.3668,0.0685,0.6445
6,2023-02-22,0.9963,0.2231,0.1234,0.3045,0.043,0.6203
7,2023-02-22,0.7507,0.3479,0.1974,0.4096,0.0578,0.6488
8,2023-02-22,0.9698,0.4029,0.2204,0.4572,0.0267,0.5677
9,2023-02-22,0.171,0.4906,0.2784,0.4833,0.023,0.5542
11,2023-02-22,1.0,0.2343,0.1368,0.327,0.09,0.7705
12,2023-02-22,1.0,0.3319,0.1781,0.4281,0.0098,0.5142
13,2023-02-22,0.117,0.3195,0.1757,0.4002,0.0653,0.8213
14,2023-02-22,1.0,0.3029,0.1681,0.432,0.1461,0.7959
15,2023-02-22,0.9822,0.3277,0.1886,0.3953,0.0533,0.6219
16,2023-02-22,1.0,0.2625,0.1574,0.2554,0.0013,0.5013
17,2023-02-22,1.0,0.3333,0.1807,0.4359,0.1168,0.8578
18,2023-02-22,0.9898,0.3064,0.1695,0.4192,0.0946,0.6506
19,2023-02-22,1.0,0.255,0.1421,0.276,-0.0585,0.3435
20,2023-02-22,1.0,0.2242,0.1303,0.1919,-0.0441,0.3715
21,2023-02-22,1.0,0.2999,0.1708,0.4112,0.0514,0.6331
22,2023-02-22,0.7766,0.6179,0.3728,0.4777,-0.2145,0.2202
23,2023-02-22,1.0,0.3592,0.2014,0.3606,-0.0416,0.4184
24,2023-02-22,0.6545,0.2114,0.1339,0.0583,-0.1937,0.3652
25,2023-02-22,0.8041,0.6441,0.3756,0.3824,-0.3079,0.025
1,2023-03-02,0.513,0.1109,0.0,0.527,0.4824,0.9184
2,2023-03-02,0.1545,0.3529,0.1322,0.543,0.3366,0.956
3,2023-03-02,0.9986,0.1956,0.0043,0.6642,0.5714,0.7835
4,2023-03-02,0.0196,-0.0403,-0.1088,0.4055,0.5323,1.0
5,2023-03-02,0.2366,0.2592,0.085,0.5798,0.4712,0.9247
6,2023-03-02,0.1011,0.046,-0.0854,0.5879,0.6534,1.0
7,2023-03-02,0.6087,0.3496,0.0836,0.5455,0.3883,0.8484
8,2023-03-02,0.0063,0.0406,-0.107,0.4312,0.5243,1.0
9,2023-03-02,0.0053,0.4068,0.1711,0.5065,0.2362,0.9189
11,2023-03-02,0.8337,0.1183,-0.0563,0.6883,0.681,0.8821
12,2023-03-02,0.1067,0.5487,0.2733,0.5524,0.1855,0.9162
14,2023-03-02,1.0,0.1401,-0.0834,0.6784,0.6737,0.8
15,2023-03-02,0.0402,0.0304,-0.1147,0.6713,0.7032,1.0
16,2023-03-02,0.981,0.2387,0.0582,0.6272,0.4973,0.8024
17,2023-03-02,0.047,0.0059,-0.1365,0.5321,0.6552,1.0
18,2023-03-02,0.4001,0.2893,0.1304,0.5966,0.2464,0.6171
19,2023-03-02,0.75,0.185,0.0221,0.5633,0.4103,0.7304
20,2023-03-02,0.4697,0.0758,-0.0436,0.4924,0.4835,0.9366
21,2023-03-02,0.4188,0.0066,-0.0784,0.5532,0.5901,0.9958
22,2023-03-02,0.8023,0.7303,0.4367,0.5559,-0.1271,0.357
25,2023-03-02,0.3569,0.6195,0.3117,0.5471,-0.0532,0.4238
1,2023-03-04,0.7784,0.169,0.0712,0.4323,0.2223,0.6659
2,2023-03-04,1.0,0.3829,0.1632,0.4898,0.198,0.8018
3,2023-03-04,1.0,0.1987,0.0847,0.5012,0.291,0.8584
4,2023-03-04,0.9491,0.1217,-0.0365,0.4821,0.4797,0.8658
5,2023-03-04,0.9637,0.0528,-0.0146,0.4451,0.3373,0.7251
6,2023-03-04,1.0,0.1102,-0.001,0.4382,0.3502,0.7914
7,2023-03-04,0.707,0.1288,-0.0465,0.4887,0.4798,0.9375
8,2023-03-04,1.0,0.3023,0.1208,0.5043,0.2881,0.8703
9,2023-03-04,0.9166,0.3824,0.1633,0.5183,0.2088,0.7969
10,2023-03-04,1.0,0.1501,-0.0131,0.5005,0.4067,0.8579
11,2023-03-04,1.0,-0.1293,-0.265,0.546,0.7151,0.9823
12,2023-03-04,1.0,0.2126,0.0817,0.4554,0.1825,0.7348
13,2023-03-04,1.0,0.2099,0.0412,0.454,0.3277,0.9187
14,2023-03-04,1.0,0.0559,-0.1084,0.5761,0.6351,0.9697
15,2023-03-04,1.0,0.1514,-0.0295,0.5114,0.4793,0.8869
16,2023-03-04,1.0,-0.0216,-0.1572,0.508,0.6032,0.9805
17,2023-03-04,1.0,0.2815,0.1051,0.5342,0.3475,0.9547
18,2023-03-04,1.0,0.2864,0.1494,0.4007,0.0699,0.6099
19,2023-03-04,1.0,0.1271,-0.0038,0.415,0.2761,0.7651
20,2023-03-04,1.0,0.0895,-0.0428,0.3578,0.3308,0.819
21,2023-03-04,0.996,0.151,0.0,0.5163,0.3852,0.9679
22,2023-03-04,0.5449,0.5503,0.3123,0.4874,0.0027,0.5043
23,2023-03-04,0.9226,0.2348,0.0885,0.4395,0.1866,0.6681
24,2023-03-04,1.0,0.188,0.0967,0.1358,-0.0133,0.4906
25,2023-03-04,0.4075,0.6084,0.3047,0.4421,-0.0972,0.3818
1,2023-03-07,0.9921,0.2567,0.1494,0.3366,0.0126,0.5242
2,2023-03-07,1.0,0.4365,0.2372,0.4445,0.0053,0.5111
3,2023-03-07,1.0,0.261,0.1527,0.365,0.0883,0.7097
4,2023-03-07,1.0,0.2799,0.15,0.3315,0.0486,0.6471
5,2023-03-07,0.9993,0.2275,0.1201,0.3226,0.0312,0.5654
6,2023-03-07,1.0,0.2329,0.1308,0.2674,-0.0015,0.4956
7,2023-03-07,1.0,0.3261,0.1762,0.3794,0.0736,0.6644
8,2023-03-07,1.0,0.394,0.21,0.4484,0.0402,0.5838
9,2023-03-07,1.0,0.4207,0.2314,0.445,0.002,0.5036
10,2023-03-07,0.9775,0.3167,0.1765,0.3086,-0.0128,0.4708
11,2023-03-07,1.0,0.2367,0.1333,0.304,0.0734,0.7412
12,2023-03-07,1.0,0.3214,0.1715,0.3944,-0.0091,0.4787
13,2023-03-07,1.0,0.3478,0.1849,0.3271,0.001,0.5033
14,2023-03-07,1.0,0.3032,0.1625,0.4076,0.1368,0.7812
15,2023-03-07,1.0,0.323,0.1851,0.3507,0.0369,0.5988
16,2023-03-07,1.0,0.2693,0.1553,0.2356,-0.0112,0.4719
17,2023-03-07,0.981,0.3275,0.1785,0.413,0.0959,0.8082
18,2023-03-07,1.0,0.3066,0.1704,0.3963,0.0651,0.6085
19,2023-03-07,1.0,0.2491,0.1478,0.249,-0.0691,0.2919
20,2023-03-07,1.0,0.2384,0.1419,0.1626,-0.0869,0.2507
21,2023-03-07,0.9907,0.2888,0.1512,0.3559,0.0712,0.6668
22,2023-03-07,1.0,0.6545,0.4018,0.5016,-0.2199,0.2822
23,2023-03-07,1.0,0.3565,0.2044,0.3407,-0.0401,0.4008
24,2023-03-07,1.0,0.2237,0.1341,0.1288,-0.0801,0.3916
25,2023-03-07,1.0,0.657,0.3823,0.4208,-0.2503,0.1594
1,2023-03-09,0.6761,0.2129,0.1319,0.2845,-0.0025,0.4957
2,2023-03-09,0.4907,0.458,0.2573,0.4406,-0.0183,0.4581
3,2023-03-09,1.0,0.2561,0.1472,0.3768,0.1069,0.7308
4,2023-03-09,0.7467,0.2897,0.1597,0.3677,0.0646,0.706
5,2023-03-09,0.858,0.212,0.1141,0.3129,0.0468,0.5958
6,2023-03-09,0.8612,0.2251,0.1261,0.2809,0.0131,0.5332
7,2023-03-09,1.0,0.3321,0.1889,0.3846,0.0493,0.6216
8,2023-03-09,0.4109,0.3577,0.1954,0.4531,0.0862,0.7136
9,2023-03-09,1.0,0.4236,0.2403,0.4111,-0.0409,0.4154
10,2023-03-09,1.0,0.3183,0.1819,0.3242,-0.0161,0.4682
11,2023-03-09,1.0,0.2403,0.139,0.3156,0.0701,0.7394
12,2023-03-09,0.4079,0.2333,0.108,0.2925,0.0481,0.6274
13,2023-03-09,0.7454,0.3399,0.186,0.3411,0.016,0.5593
14,2023-03-09,0.8499,0.2754,0.1539,0.4,0.1508,0.8166
15,2023-03-09,0.4472,0.2843,0.169,0.3545,0.0654,0.6652
16,2023-03-09,0.8708,0.2795,0.1709,0.2523,-0.0266,0.436
17,2023-03-09,1.0,0.336,0.1863,0.4222,0.1037,0.8089
18,2023-03-09,0.7794,0.2904,0.1599,0.4077,0.1237,0.7552
19,2023-03-09,1.0,0.2576,0.147,0.2675,-0.0548,0.3456
20,2023-03-09,0.8884,0.2381,0.1412,0.1677,-0.0786,0.2708
21,2023-03-09,0.7023,0.2153,0.1268,0.3413,0.0887,0.7145
22,2023-03-09,0.028,0.4222,0.2322,0.428,-0.0336,0.4167
23,2023-03-09,0.6771,0.3113,0.175,0.3309,0.0099,0.5239
24,2023-03-09,0.893,0.2326,0.1334,0.1704,-0.0289,0.4621
25,2023-03-09,0.0462,0.4576,0.2699,0.318,-0.159,0.0118
1,2023-03-12,0.6206,0.289,0.1521,0.3877,0.0664,0.6444
2,2023-03-12,0.9479,0.4151,0.2359,0.4332,0.0184,0.5434
3,2023-03-12,0.8532,0.2348,0.1235,0.4777,0.2355,0.828
4,2023-03-12,0.1388,0.2672,0.1472,0.4248,0.1935,0.9526
5,2023-03-12,0.2931,0.2217,0.1188,0.4017,0.1826,0.8551
6,2023-03-12,0.5812,0.2064,0.1048,0.3321,0.0967,0.6713
7,2023-03-12,0.0388,0.4774,0.2573,0.6033,0.2706,1.0
8,2023-03-12,0.6181,0.3881,0.2092,0.439,0.0412,0.5885
10,2023-03-12,0.0205,0.3831,0.2586,0.45,0.1017,0.6293
11,2023-03-12,0.5745,0.2109,0.1162,0.3431,0.122,0.8162
13,2023-03-12,0.4224,0.2911,0.1584,0.4327,0.1503,0.9615
14,2023-03-12,0.6417,0.2637,0.1403,0.5143,0.2729,0.881
15,2023-03-12,0.7543,0.3054,0.1792,0.3859,0.075,0.6691
16,2023-03-12,0.9714,0.2683,0.157,0.2611,0.0012,0.5025
17,2023-03-12,0.142,0.262,0.1431,0.4819,0.2455,0.9981
19,2023-03-12,1.0,0.2611,0.1415,0.3359,-0.0395,0.4261
20,2023-03-12,0.8268,0.198,0.1089,0.2031,0.0105,0.5348
21,2023-03-12,0.2538,0.2589,0.1546,0.4353,0.1527,0.9318
22,2023-03-12,0.257,0.5971,0.3885,0.4911,-0.0633,0.3891
23,2023-03-12,0.9412,0.3634,0.2026,0.3855,-0.0135,0.469
24,2023-03-12,0.0455,0.1562,0.036,0.4345,0.3245,0.725
25,2023-03-12,0.8504,0.6994,0.4231,0.3832,-0.3922,0.0096
1,2023-03-14,0.9997,0.2636,0.1601,0.4061,0.02,0.5289
2,2023-03-14,0.9956,0.4716,0.2586,0.4843,-0.0121,0.4835
3,2023-03-14,1.0,0.2259,0.0928,0.5776,0.3605,0.8531
4,2023-03-14,0.9945,0.298,0.159,0.4347,0.1172,0.7541
5,2023-03-14,0.9969,0.2414,0.1275,0.4237,0.0714,0.6088
6,2023-03-14,1.0,0.2059,0.106,0.3768,0.1248,0.7027
7,2023-03-14,1.0,0.3603,0.1985,0.5036,0.1355,0.6967
8,2023-03-14,0.9948,0.4483,0.2468,0.5049,0.0068,0.512
9,2023-03-14,1.0,0.4562,0.2489,0.5013,-0.0249,0.4645
10,2023-03-14,1.0,0.3533,0.1971,0.447,0.0582,0.5711
11,2023-03-14,1.0,0.252,0.1456,0.4072,0.1429,0.7739
12,2023-03-14,1.0,0.3694,0.2024,0.4711,-0.0164,0.4811
13,2023-03-14,1.0,0.396,0.2076,0.4494,0.0485,0.6247
14,2023-03-14,1.0,0.3014,0.1606,0.584,0.2746,0.8302
15,2023-03-14,1.0,0.3485,0.203,0.4415,0.0601,0.6166
16,2023-03-14,1.0,0.2938,0.1772,0.325,0.0081,0.516
17,2023-03-14,1.0,0.3596,0.1855,0.5366,0.2171,0.8453
18,2023-03-14,1.0,0.2974,0.1462,0.5505,0.2785,0.7324
19,2023-03-14,1.0,0.2758,0.1453,0.4042,0.0064,0.5113
20,2023-03-14,1.0,0.2268,0.1234,0.2555,0.0113,0.5182
21,2023-03-14,0.9991,0.3215,0.1846,0.5013,0.0783,0.6292
22,2023-03-14,1.0,0.7286,0.4564,0.5028,-0.4578,0.1631
23,2023-03-14,1.0,0.3928,0.2133,0.423,-0.0307,0.4537
24,2023-03-14,1.0,0.2291,0.1294,0.2631,0.0047,0.5054
25,2023-03-14,0.8237,0.7897,0.4603,0.414,-0.534,0.0092
1,2023-03-17,1.0,0.1278,0.0021,0.4027,0.3282,0.802
2,2023-03-17,1.0,0.3135,0.1339,0.4414,0.2436,0.8446
3,2023-03-17,1.0,-0.0396,-0.2072,0.4991,0.6312,0.986
4,2023-03-17,1.0,-0.0136,-0.1467,0.4142,0.5314,0.9906
5,2023-03-17,1.0,0.0228,-0.0595,0.3981,0.4012,0.8007
6,2023-03-17,1.0,-0.055,-0.1961,0.4009,0.5517,0.9214
7,2023-03-17,1.0,0.0921,-0.0793,0.4511,0.4779,0.9609
8,2023-03-17,1.0,0.2458,0.0762,0.4322,0.3,0.8883
9,2023-03-17,1.0,0.2983,0.0913,0.4867,0.2447,0.8089
10,2023-03-17,1.0,0.1108,-0.0439,0.4429,0.401,0.8842
11,2023-03-17,1.0,-0.0903,-0.2423,0.4752,0.6406,0.9732
12,2023-03-17,1.0,0.1626,0.0357,0.4343,0.2407,0.742
13,2023-03-17,1.0,0.0998,-0.0584,0.3746,0.3881,0.9485
14,2023-03-17,1.0,-0.0013,-0.1434,0.5231,0.6198,0.975
15,2023-03-17,1.0,0.1368,-0.0388,0.4759,0.4423,0.8946
16,2023-03-17,1.0,0.0257,-0.1221,0.4724,0.5252,0.965
17,2023-03-17,1.0,0.0233,-0.166,0.4506,0.5483,0.9815
18,2023-03-17,1.0,0.113,-0.0935,0.4898,0.4721,0.8714
19,2023-03-17,1.0,0.0446,-0.1268,0.3882,0.4365,0.7928
20,2023-03-17,1.0,-0.0188,-0.143,0.3389,0.4259,0.9489
21,2023-03-17,1.0,0.1413,-0.0124,0.4695,0.3796,0.9809
22,2023-03-17,1.0,0.6112,0.3765,0.4685,-0.149,0.3201
23,2023-03-17,1.0,0.1921,0.0408,0.3911,0.2345,0.7815
24,2023-03-17,1.0,-0.0242,-0.1651,0.3006,0.4158,0.9271
25,2023-03-17,1.0,0.6126,0.3468,0.3953,-0.1779,0.2399
1,2023-03-22,1.0,0.2481,0.1287,0.3823,0.1076,0.6965
2,2023-03-22,1.0,0.4239,0.2259,0.442,0.0426,0.584
3,2023-03-22,1.0,0.2507,0.1141,0.52,0.3013,0.8872
4,2023-03-22,1.0,0.2828,0.1461,0.3707,0.1006,0.761
5,2023-03-22,1.0,0.2276,0.1105,0.3709,0.0822,0.6423
6,2023-03-22,1.0,0.2168,0.1062,0.3352,0.111,0.7211
7,2023-03-22,1.0,0.3296,0.1745,0.4344,0.1383,0.7589
8,2023-03-22,1.0,0.3951,0.2067,0.455,0.0588,0.6271
9,2023-03-22,0.9973,0.4201,0.2211,0.4711,0.0386,0.5646
10,2023-03-22,1.0,0.316,0.1682,0.3846,0.0669,0.609
11,2023-03-22,1.0,0.2431,0.1252,0.3587,0.1356,0.8232
12,2023-03-22,1.0,0.3249,0.1646,0.4238,0.0244,0.5366
13,2023-03-22,1.0,0.3505,0.1758,0.3857,0.0577,0.6798
14,2023-03-22,1.0,0.3006,0.1499,0.5227,0.2523,0.873
15,2023-03-22,1.0,0.3279,0.1822,0.3921,0.0804,0.6647
16,2023-03-22,1.0,0.2745,0.1482,0.2696,0.0211,0.5525
17,2023-03-22,1.0,0.3325,0.1693,0.4488,0.1578,0.8743
18,2023-03-22,1.0,0.2989,0.1451,0.513,0.2493,0.7584
19,2023-03-22,1.0,0.2461,0.1203,0.3502,0.0184,0.5407
20,2023-03-22,1.0,0.2264,0.1144,0.2076,0.0037,0.509
21,2023-03-22,1.0,0.3055,0.1589,0.4743,0.1317,0.7538
22,2023-03-22,1.0,0.6432,0.3888,0.467,-0.2478,0.2528
23,2023-03-22,1.0,0.3518,0.1862,0.3931,0.0186,0.5306
24,2023-03-22,1.0,0.1957,0.0929,0.325,0.1348,0.6949
25,2023-03-22,1.0,0.6723,0.3773,0.4065,-0.29,0.1202
1,2023-03-24,0.443,0.1994,0.1186,0.3042,0.0717,0.6637
2,2023-03-24,0.0881,0.3035,0.1508,0.4112,0.1162,0.8176
3,2023-03-24,0.7479,0.2286,0.1221,0.4205,0.1935,0.8366
4,2023-03-24,0.678,0.2547,0.1312,0.3705,0.1181,0.852
5,2023-03-24,0.2148,0.1791,0.0864,0.2863,0.1098,0.7054
6,2023-03-24,0.9384,0.21,0.113,0.3309,0.09,0.7032
7,2023-03-24,0.3338,0.2914,0.1568,0.4282,0.1448,0.7866
8,2023-03-24,0.25,0.3198,0.169,0.4631,0.1454,0.849
9,2023-03-24,0.1602,0.178,0.0386,0.2699,0.216,0.7625
11,2023-03-24,0.2291,0.1695,0.0803,0.3346,0.1718,0.9055
12,2023-03-24,0.3248,0.1856,0.0736,0.3471,0.1087,0.6737
14,2023-03-24,0.0903,0.1865,0.0933,0.4654,0.3016,0.9628
15,2023-03-24,0.3266,0.3004,0.1709,0.3776,0.0774,0.6654
16,2023-03-24,0.5879,0.2551,0.1481,0.2547,0.0171,0.5414
17,2023-03-24,0.6124,0.3042,0.1681,0.4442,0.1755,0.9255
18,2023-03-24,0.4454,0.2769,0.1435,0.492,0.2663,0.9485
19,2023-03-24,0.6354,0.1917,0.0896,0.3026,0.0685,0.7402
20,2023-03-24,0.0612,0.2488,0.1357,0.2349,-0.0041,0.4813
21,2023-03-24,0.6477,0.1959,0.11,0.3821,0.1468,0.8199
23,2023-03-24,0.66,0.2952,0.1559,0.3618,0.0762,0.6941
24,2023-03-24,0.383,0.1976,0.0944,0.3928,0.1872,0.9406
1,2023-03-29,1.0,0.2043,0.101,0.4206,0.1722,0.7868
2,2023-03-29,0.9996,0.3596,0.1576,0.4987,0.2187,0.9003
3,2023-03-29,1.0,0.165,0.0316,0.6054,0.5043,0.97
4,2023-03-29,1.0,0.2132,0.0836,0.4643,0.2851,0.9648
5,2023-03-29,0.9962,0.1679,0.0579,0.4338,0.2132,0.76
6,2023-03-29,1.0,0.1421,0.0375,0.4011,0.284,0.8817
7,2023-03-29,0.9527,0.2779,0.1269,0.5293,0.3152,0.9406
8,2023-03-29,0.9998,0.3293,0.159,0.4888,0.2013,0.8814
9,2023-03-29,0.9898,0.3636,0.1798,0.5097,0.1671,0.8054
10,2023-03-29,0.9965,0.2705,0.1331,0.4627,0.2104,0.8179
11,2023-03-29,1.0,0.2123,0.1124,0.4342,0.2355,0.924
12,2023-03-29,1.0,0.2688,0.1255,0.4721,0.1424,0.7245
13,2023-03-29,1.0,0.2727,0.113,0.4506,0.2324,0.9567
14,2023-03-29,1.0,0.2353,0.0911,0.6197,0.4528,0.9769
15,2023-03-29,1.0,0.3005,0.1668,0.4456,0.1675,0.8233
16,2023-03-29,1.0,0.2385,0.1295,0.3612,0.1359,0.8348
17,2023-03-29,1.0,0.2526,0.0788,0.5971,0.4372,0.9753
18,2023-03-29,1.0,0.2444,0.089,0.559,0.3942,0.846
19,2023-03-29,1.0,0.1876,0.0804,0.3871,0.1441,0.8233
20,2023-03-29,1.0,0.1859,0.0906,0.297,0.1372,0.8098
21,2023-03-29,0.9849,0.2676,0.1388,0.5066,0.2052,0.9626
22,2023-03-29,1.0,0.5716,0.33,0.4699,-0.0632,0.4126
23,2023-03-29,0.9515,0.2866,0.1372,0.3859,0.1089,0.7446
24,2023-03-29,1.0,0.1391,0.0394,0.4106,0.2947,0.9038
25,2023-03-29,0.8618,0.5893,0.342,0.4133,-0.1694,0.1465
1,2023-04-01,1.0,0.1552,0.0396,0.3376,0.194,0.6804
2,2023-04-01,1.0,0.3521,0.1412,0.4069,0.1277,0.6292
3,2023-04-01,1.0,0.0276,-0.1607,0.4849,0.5885,0.9007
4,2023-04-01,1.0,-0.0127,-0.1714,0.3244,0.4697,0.9331
5,2023-04-01,1.0,0.0227,-0.0495,0.3185,0.3129,0.7322
6,2023-04-01,1.0,-0.0271,-0.1859,0.3239,0.468,0.8068
7,2023-04-01,1.0,0.1039,-0.0892,0.4001,0.4496,0.871
8,2023-04-01,1.0,0.2934,0.0945,0.3869,0.1841,0.6771
9,2023-04-01,1.0,0.3307,0.098,0.4529,0.1471,0.6474
10,2023-04-01,1.0,0.1277,-0.0466,0.3803,0.338,0.7401
11,2023-04-01,1.0,-0.1582,-0.3034,0.3715,0.6133,0.9317
12,2023-04-01,1.0,0.1724,0.0365,0.3883,0.1133,0.5785
13,2023-04-01,1.0,0.1458,-0.0541,0.3015,0.3063,0.8009
14,2023-04-01,1.0,-0.0111,-0.1568,0.4867,0.5754,0.9335
15,2023-04-01,1.0,0.1222,-0.072,0.4233,0.4249,0.8034
16,2023-04-01,1.0,-0.0191,-0.183,0.3628,0.476,0.9032
17,2023-04-01,1.0,0.0185,-0.1981,0.4098,0.5223,0.9395
18,2023-04-01,1.0,0.1254,-0.0818,0.5145,0.4922,0.8012
19,2023-04-01,1.0,0.0601,-0.1337,0.3356,0.3437,0.6464
20,2023-04-01,1.0,-0.0367,-0.1555,0.2269,0.3682,0.8589
21,2023-04-01,1.0,0.1273,-0.0304,0.4276,0.3346,0.811
22,2023-04-01,1.0,0.7479,0.4478,0.4638,-0.4345,0.2112
23,2023-04-01,1.0,0.2325,0.0472,0.3734,0.1592,0.6453
24,2023-04-01,1.0,0.1646,0.037,0.1548,0.1228,0.5435
25,2023-04-01,1.0,1.0,0.5407,0.3859,-0.8709,0.0865
1,2023-04-03,0.9791,0.2179,0.1152,0.3143,0.0504,0.6046
2,2023-04-03,0.9997,0.3817,0.1839,0.4129,0.0498,0.6107
3,2023-04-03,1.0,0.2312,0.1261,0.3468,0.101,0.7522
4,2023-04-03,0.988,0.2378,0.1099,0.2964,0.0742,0.7224
5,2023-04-03,0.7826,0.1905,0.0851,0.2823,0.0466,0.6299
6,2023-04-03,1.0,0.1987,0.1033,0.2575,0.0348,0.6078
7,2023-04-03,0.9367,0.2683,0.1282,0.3523,0.1099,0.7517
8,2023-04-03,0.9948,0.3399,0.163,0.3977,0.0685,0.6596
9,2023-04-03,0.9394,0.3735,0.192,0.4034,0.0467,0.6006
10,2023-04-03,0.9028,0.2772,0.145,0.2816,0.0102,0.5192
11,2023-04-03,1.0,0.2044,0.0995,0.2991,0.1055,0.844
12,2023-04-03,0.9715,0.2673,0.126,0.3299,0.0205,0.552
13,2023-04-03,1.0,0.2978,0.1433,0.2837,0.0169,0.562
14,2023-04-03,1.0,0.2668,0.1319,0.3904,0.1657,0.8374
15,2023-04-03,0.9625,0.2879,0.1537,0.3334,0.0733,0.6887
16,2023-04-03,1.0,0.2338,0.1213,0.2253,0.0165,0.5456
17,2023-04-03,0.9579,0.2973,0.1547,0.3715,0.0989,0.856
18,2023-04-03,1.0,0.2771,0.1458,0.3514,0.0565,0.6118
19,2023-04-03,1.0,0.2164,0.1137,0.2202,-0.0351,0.3575
20,2023-04-03,1.0,0.2053,0.1138,0.1455,-0.0653,0.3097
21,2023-04-03,0.9525,0.255,0.1276,0.3343,0.1228,0.7904
22,2023-04-03,1.0,0.5583,0.3054,0.4438,-0.0653,0.4187
23,2023-04-03,1.0,0.3055,0.1568,0.2998,-0.0247,0.4366
24,2023-04-03,1.0,0.1939,0.1074,0.0964,-0.0668,0.4166
25,2023-04-03,0.9298,0.5691,0.3011,0.3857,-0.1597,0.23
1,2023-04-06,1.0,0.2415,0.1363,0.3278,0.0138,0.5282
2,2023-04-06,1.0,0.4241,0.2283,0.431,-0.0032,0.4929
3,2023-04-06,1.0,0.2487,0.1441,0.3507,0.0602,0.6529
4,2023-04-06,1.0,0.2646,0.1395,0.3303,0.0541,0.6418
5,2023-04-06,1.0,0.2113,0.1077,0.3058,0.0148,0.5334
6,2023-04-06,1.0,0.2158,0.1187,0.2816,0.0227,0.5569
7,2023-04-06,1.0,0.325,0.1767,0.3909,0.0577,0.6467
8,2023-04-06,1.0,0.3775,0.2013,0.4369,0.0327,0.571
9,2023-04-06,0.9999,0.4032,0.2179,0.4106,-0.0331,0.4352
10,2023-04-06,1.0,0.3003,0.1639,0.3184,-0.0045,0.4912
11,2023-04-06,1.0,0.23,0.132,0.3216,0.0947,0.7819
12,2023-04-06,1.0,0.3076,0.1563,0.3712,-0.0644,0.3747
13,2023-04-06,1.0,0.3238,0.1674,0.3415,0.0242,0.5801
14,2023-04-06,1.0,0.2986,0.1623,0.4329,0.1493,0.806
15,2023-04-06,1.0,0.3173,0.1766,0.3811,0.065,0.6539
16,2023-04-06,1.0,0.2685,0.157,0.2453,-0.0077,0.481
17,2023-04-06,1.0,0.3094,0.1667,0.4173,0.1135,0.8328
18,2023-04-06,1.0,0.2822,0.1572,0.319,-0.0027,0.4941
19,2023-04-06,1.0,0.2297,0.1343,0.2357,-0.0696,0.269
20,2023-04-06,1.0,0.2216,0.1314,0.1492,-0.0817,0.2887
21,2023-04-06,1.0,0.284,0.1585,0.3699,0.0372,0.6038
22,2023-04-06,1.0,0.66,0.3942,0.4472,-0.2945,0.1921
23,2023-04-06,1.0,0.3312,0.1814,0.3168,-0.0463,0.3954
24,2023-04-06,1.0,0.1992,0.1195,0.0781,-0.1078,0.3927
25,2023-04-06,1.0,0.6473,0.3636,0.3839,-0.2649,0.0462
1,2023-04-11,1.0,0.2205,0.1276,0.3294,0.0269,0.5532
2,2023-04-11,1.0,0.3949,0.2183,0.4023,0.0042,0.5084
3,2023-04-11,1.0,0.2171,0.1051,0.4733,0.2597,0.864
4,2023-04-11,1.0,0.2603,0.1383,0.3331,0.0675,0.6965
5,2023-04-11,1.0,0.2001,0.1005,0.33,0.0438,0.588
6,2023-04-11,1.0,0.2025,0.1063,0.307,0.0734,0.6711
7,2023-04-11,1.0,0.3059,0.1687,0.4009,0.1038,0.7286
8,2023-04-11,1.0,0.3646,0.1994,0.4092,0.0206,0.5461
9,2023-04-11,1.0,0.3843,0.207,0.4234,0.0058,0.5108
10,2023-04-11,1.0,0.2907,0.1607,0.3456,0.0313,0.5587
11,2023-04-11,1.0,0.2196,0.1207,0.3251,0.0972,0.768
12,2023-04-11,1.0,0.2872,0.15,0.3781,-0.019,0.4645
13,2023-04-11,1.0,0.3215,0.1683,0.348,0.0307,0.6025
14,2023-04-11,1.0,0.2729,0.1451,0.4896,0.2089,0.8557
15,2023-04-11,1.0,0.3016,0.1735,0.3695,0.0553,0.6315
16,2023-04-11,1.0,0.2554,0.1472,0.2361,-0.0139,0.4549
17,2023-04-11,1.0,0.2959,0.1592,0.4183,0.1369,0.8594
18,2023-04-11,1.0,0.2535,0.1257,0.473,0.2343,0.7476
19,2023-04-11,1.0,0.2278,0.1217,0.3186,-0.0162,0.4596
20,2023-04-11,1.0,0.2077,0.1175,0.1648,-0.0366,0.3984
21,2023-04-11,1.0,0.2738,0.1538,0.3976,0.0505,0.6224
22,2023-04-11,1.0,0.6085,0.3876,0.4077,-0.29,0.179
23,2023-04-11,1.0,0.3206,0.1697,0.3511,-0.0003,0.4998
24,2023-04-11,1.0,0.1963,0.1141,0.1966,-0.0114,0.4883
25,2023-04-11,0.9298,0.631,0.3668,0.3519,-0.3151,0.0105
3,2023-04-16,0.9985,0.1715,0.0635,0.4974,0.3126,0.8731
5,2023-04-16,0.8171,0.0146,-0.02,0.2551,0.1761,0.692
9,2023-04-16,0.5465,0.4115,0.1657,0.4778,0.1606,0.7972
11,2023-04-16,0.0126,0.2204,0.0388,0.4136,0.2558,0.9014
12,2023-04-16,0.903,0.1477,0.0244,0.3819,0.1162,0.6089
14,2023-04-16,0.9738,0.0882,-0.0511,0.5324,0.5091,0.9354
18,2023-04-16,1.0,0.2419,0.1017,0.4597,0.1872,0.6939
22,2023-04-16,0.9453,0.6216,0.341,0.4471,-0.0992,0.3786
1,2023-04-21,1.0,0.21,0.1161,0.323,0.0383,0.5807
2,2023-04-21,1.0,0.3738,0.2039,0.3848,0.0248,0.5685
3,2023-04-21,1.0,0.2251,0.1224,0.417,0.1795,0.8358
4,2023-04-21,1.0,0.2497,0.1344,0.3009,0.0447,0.6501
5,2023-04-21,1.0,0.1998,0.1,0.2923,0.0185,0.5448
6,2023-04-21,1.0,0.2,0.1112,0.2724,0.037,0.6065
7,2023-04-21,1.0,0.2928,0.164,0.3662,0.0761,0.7133
8,2023-04-21,1.0,0.3447,0.1862,0.3935,0.0333,0.6001
9,2023-04-21,1.0,0.3757,0.2043,0.3924,-0.0008,0.497
10,2023-04-21,1.0,0.2791,0.1553,0.3086,0.0097,0.5213
11,2023-04-21,1.0,0.2202,0.1215,0.3048,0.0769,0.7693
12,2023-04-21,1.0,0.2904,0.1498,0.3134,-0.068,0.3274
13,2023-04-21,1.0,0.3063,0.162,0.3217,0.0212,0.5917
14,2023-04-21,1.0,0.2791,0.1503,0.4372,0.1546,0.8391
15,2023-04-21,1.0,0.3009,0.1733,0.3471,0.0391,0.5995
16,2023-04-21,1.0,0.2469,0.1419,0.2158,-0.0272,0.41
17,2023-04-21,1.0,0.2942,0.1595,0.3922,0.1081,0.8656
18,2023-04-21,1.0,0.2616,0.1375,0.4355,0.1785,0.7307
19,2023-04-21,1.0,0.2088,0.1169,0.2841,-0.025,0.4258
20,2023-04-21,1.0,0.2027,0.119,0.1309,-0.0694,0.2661
21,2023-04-21,1.0,0.2805,0.1558,0.351,0.0192,0.5484
22,2023-04-21,1.0,0.5735,0.3511,0.3925,-0.2,0.2051
23,2023-04-21,1.0,0.3048,0.1639,0.3387,0.0116,0.5306
24,2023-04-21,1.0,0.1733,0.1015,0.174,-0.0071,0.4917
25,2023-04-21,1.0,0.5741,0.3338,0.3248,-0.2387,0.0223
1,2023-04-28,1.0,0.1928,0.09,0.3742,0.1229,0.7029
2,2023-04-28,0.9861,0.3804,0.1932,0.4304,0.0818,0.6834
3,2023-04-28,1.0,0.2175,0.0947,0.5161,0.317,0.898
4,2023-04-28,1.0,0.2477,0.119,0.3778,0.1501,0.8613
5,2023-04-28,1.0,0.192,0.0853,0.3398,0.0912,0.6476
6,2023-04-28,1.0,0.2007,0.0985,0.3286,0.1179,0.7603
7,2023-04-28,1.0,0.2939,0.1472,0.4621,0.2112,0.8751
8,2023-04-28,0.9875,0.3476,0.1741,0.4357,0.0955,0.7562
9,2023-04-28,1.0,0.3767,0.1882,0.4569,0.0822,0.673
10,2023-04-28,1.0,0.2796,0.143,0.3908,0.12,0.7104
11,2023-04-28,1.0,0.2194,0.1148,0.3755,0.1667,0.8802
12,2023-04-28,1.0,0.286,0.1401,0.4,0.039,0.5794
13,2023-04-28,1.0,0.3065,0.1475,0.3823,0.1131,0.8453
14,2023-04-28,1.0,0.2679,0.1289,0.5428,0.3128,0.9553
15,2023-04-28,1.0,0.2963,0.1568,0.3913,0.111,0.7603
16,2023-04-28,1.0,0.2467,0.1353,0.3039,0.067,0.6809
17,2023-04-28,1.0,0.2949,0.143,0.4685,0.2233,0.9501
18,2023-04-28,1.0,0.2739,0.1261,0.4838,0.2493,0.7794
19,2023-04-28,1.0,0.2145,0.1072,0.3386,0.0439,0.6107
20,2023-04-28,1.0,0.2072,0.1127,0.2036,0.0124,0.5378
21,2023-04-28,0.9978,0.285,0.1478,0.4369,0.1079,0.8257
22,2023-04-28,1.0,0.5646,0.3219,0.438,-0.1154,0.3402
23,2023-04-28,1.0,0.3091,0.1573,0.3632,0.0508,0.6164
24,2023-04-28,1.0,0.1871,0.1102,0.1937,0.0172,0.5179
25,2023-04-28,1.0,0.5631,0.3109,0.3617,-0.1957,0.0707
1,2023-05-01,1.0,0.1456,0.0496,0.2782,0.0918,0.6178
2,2023-05-01,1.0,0.2375,0.0772,0.3471,0.168,0.8276
3,2023-05-01,1.0,0.1818,0.0707,0.409,0.1929,0.7873
4,2023-05-01,1.0,0.0826,-0.0481,0.2828,0.2887,0.8128
5,2023-05-01,0.9987,0.0656,-0.0046,0.2705,0.1271,0.6446
6,2023-05-01,1.0,0.1029,-0.0043,0.3112,0.2499,0.7587
7,2023-05-01,1.0,0.1663,-0.0015,0.353,0.2669,0.8635
8,2023-05-01,0.9957,0.2323,0.0735,0.3098,0.144,0.7769
9,2023-05-01,1.0,0.2964,0.1196,0.3732,0.0465,0.5771
10,2023-05-01,0.9989,0.1788,0.0312,0.3486,0.1979,0.7462
11,2023-05-01,1.0,0.0965,-0.0319,0.4132,0.3897,0.942
12,2023-05-01,1.0,0.1894,0.0628,0.2987,-0.0008,0.4988
13,2023-05-01,1.0,0.146,-0.0149,0.3018,0.2145,0.8879
14,2023-05-01,1.0,0.13,-0.0141,0.4658,0.3976,0.934
15,2023-05-01,1.0,0.1878,0.0243,0.4123,0.2874,0.8144
16,2023-05-01,1.0,0.1485,0.0245,0.3649,0.2414,0.8647
17,2023-05-01,1.0,0.1924,0.0276,0.4373,0.2985,0.9251
18,2023-05-01,1.0,0.255,0.1241,0.3103,0.0278,0.5405
19,2023-05-01,1.0,0.1696,0.0749,0.2177,-0.0053,0.4863
20,2023-05-01,1.0,0.1293,0.01,0.2529,0.192,0.7525
21,2023-05-01,0.9969,0.1774,0.0369,0.3567,0.1755,0.8211
22,2023-05-01,1.0,0.4919,0.2793,0.3566,-0.1175,0.3346
23,2023-05-01,1.0,0.2423,0.0999,0.28,0.0133,0.5223
24,2023-05-01,1.0,0.1603,0.0872,0.0385,-0.133,0.3973
25,2023-05-01,1.0,0.5455,0.2713,0.2918,-0.2571,0.1202
1,2023-05-08,1.0,0.2038,0.0865,0.3639,0.1414,0.7605
2,2023-05-08,1.0,0.395,0.2024,0.3966,0.0497,0.6302
3,2023-05-08,1.0,0.2373,0.1057,0.4916,0.294,0.9245
4,2023-05-08,1.0,0.2643,0.1317,0.3271,0.0872,0.7831
5,2023-05-08,0.9997,0.2047,0.0964,0.3025,0.0577,0.6122
6,2023-05-08,1.0,0.2126,0.106,0.2799,0.0658,0.7065
7,2023-05-08,1.0,0.3007,0.1549,0.3957,0.1263,0.8113
8,2023-05-08,1.0,0.3651,0.1844,0.4062,0.062,0.6884
9,2023-05-08,1.0,0.3823,0.1947,0.4056,0.0392,0.5958
10,2023-05-08,1.0,0.2859,0.1481,0.3416,0.0646,0.6507
11,2023-05-08,1.0,0.2285,0.1183,0.3379,0.1282,0.8527
12,2023-05-08,1.0,0.301,0.1493,0.3507,0.006,0.5137
13,2023-05-08,1.0,0.3171,0.1576,0.3491,0.0665,0.7612
14,2023-05-08,1.0,0.2871,0.142,0.4859,0.2172,0.9212
15,2023-05-08,1.0,0.3082,0.1629,0.3648,0.0748,0.7013
16,2023-05-08,1.0,0.251,0.1356,0.2363,0.0036,0.5157
17,2023-05-08,1.0,0.3151,0.1584,0.4179,0.1623,0.9281
18,2023-05-08,1.0,0.2789,0.1288,0.4876,0.2604,0.8076
19,2023-05-08,1.0,0.2249,0.1102,0.3221,0.0335,0.5998
20,2023-05-08,1.0,0.2141,0.1167,0.1495,-0.0477,0.3267
21,2023-05-08,1.0,0.2952,0.1528,0.4017,0.0845,0.7365
22,2023-05-08,1.0,0.5586,0.3276,0.3926,-0.1475,0.2565
23,2023-05-08,1.0,0.318,0.1611,0.3537,0.0494,0.6311
24,2023-05-08,1.0,0.1892,0.1052,0.2499,0.0917,0.6983
25,2023-05-08,1.0,0.5315,0.2936,0.3163,-0.1977,0.0332
1,2023-05-11,1.0,0.1535,0.0475,0.3103,0.1029,0.6872
2,2023-05-11,1.0,0.3641,0.195,0.3668,-0.0125,0.4715
3,2023-05-11,1.0,0.1717,0.0527,0.4702,0.3166,0.9142
4,2023-05-11,1.0,0.2417,0.1272,0.3182,0.0492,0.6398
5,2023-05-11,1.0,0.1973,0.0996,0.2626,-0.0408,0.4159
6,2023-05-11,1.0,0.1995,0.1045,0.2792,0.0425,0.6117
7,2023-05-11,1.0,0.2927,0.157,0.3792,0.0836,0.6916
8,2023-05-11,1.0,0.3473,0.1879,0.3611,-0.0225,0.4415
9,2023-05-11,1.0,0.3711,0.1957,0.378,-0.0444,0.4218
10,2023-05-11,1.0,0.2833,0.1555,0.3272,0.0083,0.5185
11,2023-05-11,1.0,0.2074,0.1106,0.3281,0.114,0.8046
12,2023-05-11,1.0,0.2962,0.1588,0.3196,-0.0892,0.3768
13,2023-05-11,1.0,0.2945,0.1499,0.3268,0.0277,0.6016
14,2023-05-11,1.0,0.2516,0.1235,0.475,0.2214,0.86
15,2023-05-11,1.0,0.3154,0.1765,0.3388,0.0012,0.5028
16,2023-05-11,1.0,0.2469,0.1437,0.2348,-0.0219,0.4278
17,2023-05-11,1.0,0.2853,0.1428,0.3956,0.1204,0.7989
18,2023-05-11,1.0,0.2407,0.1064,0.4286,0.2026,0.736
19,2023-05-11,1.0,0.2006,0.1036,0.301,0.0087,0.5232
20,2023-05-11,1.0,0.2113,0.1268,0.1489,-0.0668,0.292
21,2023-05-11,1.0,0.2883,0.1568,0.3851,0.0128,0.5213
22,2023-05-11,1.0,0.7442,0.4763,0.3442,-0.6741,0.057
23,2023-05-11,1.0,0.2952,0.1526,0.3213,-0.0101,0.4826
24,2023-05-11,1.0,0.1464,0.0793,0.1995,0.0532,0.6192
25,2023-05-11,1.0,0.6129,0.3643,0.2841,-0.3938,0.0087
1,2023-05-13,1.0,0.1378,0.0262,0.3718,0.2037,0.8328
2,2023-05-13,1.0,0.3349,0.1361,0.433,0.1544,0.8178
3,2023-05-13,1.0,0.1678,0.0399,0.5274,0.4026,0.9548
4,2023-05-13,0.9932,0.2093,0.082,0.3975,0.2017,0.9142
5,2023-05-13,1.0,0.1557,0.057,0.3269,0.0974,0.6545
6,2023-05-13,1.0,0.1803,0.0789,0.3429,0.1557,0.8102
7,2023-05-13,1.0,0.2613,0.1153,0.4565,0.2411,0.9098
8,2023-05-13,0.9998,0.3112,0.1411,0.4314,0.1356,0.8228
9,2023-05-13,1.0,0.3445,0.1582,0.4413,0.1101,0.7459
10,2023-05-13,1.0,0.2543,0.1189,0.3914,0.1439,0.7601
11,2023-05-13,1.0,0.2005,0.099,0.3827,0.1968,0.8997
12,2023-05-13,1.0,0.2558,0.115,0.3886,0.0876,0.6562
13,2023-05-13,1.0,0.2679,0.1052,0.3812,0.1559,0.8995
14,2023-05-13,1.0,0.2278,0.0789,0.5522,0.3802,0.97
15,2023-05-13,1.0,0.2777,0.1419,0.3903,0.1345,0.7937
16,2023-05-13,1.0,0.2294,0.1188,0.3127,0.0819,0.7352
17,2023-05-13,1.0,0.2502,0.0807,0.5119,0.3301,0.9625
18,2023-05-13,1.0,0.2324,0.0819,0.4957,0.3205,0.8173
19,2023-05-13,1.0,0.1945,0.0781,0.3192,0.0835,0.6749
20,2023-05-13,1.0,0.1908,0.1,0.223,0.0421,0.6337
21,2023-05-13,1.0,0.2585,0.1262,0.4556,0.1598,0.9317
22,2023-05-13,1.0,0.5121,0.2675,0.4133,-0.0835,0.378
23,2023-05-13,1.0,0.2812,0.1285,0.3591,0.0761,0.6673
24,2023-05-13,1.0,0.1535,0.0698,0.2898,0.1522,0.7257
25,2023-05-13,1.0,0.5257,0.2767,0.3326,-0.1933,0.0729
1,2023-05-23,0.0567,0.2057,0.0849,0.3766,0.2103,0.9532
3,2023-05-23,0.9973,0.1968,0.092,0.4263,0.2318,0.9027
5,2023-05-23,0.8774,0.1499,0.0717,0.2756,0.0708,0.7004
6,2023-05-23,0.7267,0.1764,0.0985,0.2608,0.0621,0.7307
7,2023-05-23,1.0,0.2628,0.1408,0.3383,0.0748,0.7241
9,2023-05-23,0.7162,0.324,0.1677,0.3645,0.0542,0.6526
10,2023-05-23,0.9262,0.248,0.1326,0.3036,0.0373,0.5979
11,2023-05-23,1.0,0.1914,0.1026,0.288,0.0884,0.7881
12,2023-05-23,0.7633,0.2882,0.145,0.3311,0.0131,0.5356
13,2023-05-23,0.6506,0.2608,0.1237,0.2929,0.0575,0.7554
14,2023-05-23,1.0,0.2387,0.1196,0.4323,0.1783,0.897
15,2023-05-23,0.1437,0.1903,0.1002,0.3059,0.1269,0.8526
16,2023-05-23,1.0,0.2126,0.1231,0.2022,-0.0341,0.3725
18,2023-05-23,0.3326,0.2283,0.1092,0.4119,0.1882,0.8063
19,2023-05-23,1.0,0.1977,0.1003,0.2583,-0.0255,0.4264
20,2023-05-23,1.0,0.1793,0.1042,0.1316,-0.0694,0.2144
22,2023-05-23,1.0,0.4857,0.2779,0.385,-0.1293,0.2603
23,2023-05-23,1.0,0.2711,0.1407,0.2996,0.0084,0.5213
25,2023-05-23,0.9989,0.4821,0.271,0.2647,-0.2355,0.0076
1,2023-05-26,1.0,0.1895,0.0936,0.282,0.0222,0.5449
2,2023-05-26,0.9921,0.4104,0.2131,0.3577,-0.1207,0.2896
3,2023-05-26,1.0,0.1977,0.0882,0.4272,0.2298,0.8397
4,2023-05-26,1.0,0.2579,0.1335,0.3053,0.0067,0.5184
5,2023-05-26,1.0,0.1949,0.0961,0.2643,-0.0429,0.4013
6,2023-05-26,1.0,0.2101,0.1118,0.2603,-0.0017,0.4946
7,2023-05-26,0.9796,0.2988,0.1564,0.3572,0.0416,0.5892
8,2023-05-26,1.0,0.3827,0.198,0.3477,-0.1167,0.2865
9,2023-05-26,1.0,0.3927,0.2032,0.3685,-0.0938,0.3385
10,2023-05-26,1.0,0.2889,0.1521,0.3079,-0.0336,0.4371
11,2023-05-26,1.0,0.2187,0.1218,0.3057,0.0724,0.7029
12,2023-05-26,1.0,0.3096,0.1578,0.3182,-0.1163,0.3528
13,2023-05-26,1.0,0.3272,0.1617,0.3113,-0.0409,0.3751
14,2023-05-26,1.0,0.2561,0.1337,0.4465,0.168,0.7927
15,2023-05-26,1.0,0.3216,0.1745,0.3384,-0.014,0.4715
16,2023-05-26,1.0,0.2627,0.1534,0.2135,-0.0709,0.3033
17,2023-05-26,1.0,0.3082,0.1512,0.3755,0.0609,0.6672
18,2023-05-26,1.0,0.2457,0.1096,0.4151,0.1653,0.6931
19,2023-05-26,0.8798,0.2099,0.1092,0.2724,-0.0275,0.4323
20,2023-05-26,1.0,0.2286,0.137,0.1289,-0.1296,0.1705
21,2023-05-26,1.0,0.2937,0.1586,0.3747,-0.0228,0.4681
22,2023-05-26,1.0,0.858,0.4743,0.3741,-1.0,0.0533
23,2023-05-26,1.0,0.3229,0.1727,0.3111,-0.0627,0.3773
24,2023-05-26,1.0,0.1869,0.1059,0.1485,-0.0379,0.4411
25,2023-05-26,1.0,0.6944,0.3806,0.2941,-0.5332,0.0125
1,2023-05-28,1.0,0.2239,0.1089,0.287,0.0233,0.5443
2,2023-05-28,1.0,0.4031,0.2059,0.3789,-0.0281,0.4386
3,2023-05-28,1.0,0.2368,0.1206,0.3578,0.1018,0.7216
4,2023-05-28,1.0,0.2771,0.1385,0.3376,0.0543,0.6313
5,2023-05-28,1.0,0.2019,0.0982,0.2752,0.0115,0.5316
6,2023-05-28,1.0,0.2198,0.1114,0.2629,0.0161,0.5441
7,2023-05-28,1.0,0.3176,0.1604,0.387,0.0947,0.7043
8,2023-05-28,1.0,0.3842,0.1945,0.379,-0.0232,0.4473
9,2023-05-28,1.0,0.4135,0.2068,0.3897,-0.0387,0.4123
10,2023-05-28,1.0,0.3109,0.158,0.3243,0.0004,0.5012
11,2023-05-28,1.0,0.2299,0.1175,0.3109,0.0889,0.7572
12,2023-05-28,1.0,0.3205,0.1635,0.3404,-0.0563,0.4001
13,2023-05-28,1.0,0.362,0.1706,0.3342,0.0031,0.5123
14,2023-05-28,1.0,0.2773,0.1341,0.4406,0.1991,0.8374
15,2023-05-28,1.0,0.3171,0.1619,0.3597,0.0579,0.6296
16,2023-05-28,1.0,0.2716,0.148,0.2403,-0.0352,0.3989
17,2023-05-28,1.0,0.3274,0.1659,0.3901,0.0836,0.7614
18,2023-05-28,1.0,0.283,0.1408,0.3363,0.049,0.5803
19,2023-05-28,1.0,0.2491,0.1309,0.217,-0.1031,0.2268
20,2023-05-28,1.0,0.2377,0.1356,0.1357,-0.1157,0.2108
21,2023-05-28,1.0,0.2981,0.1513,0.3854,0.0493,0.6295
22,2023-05-28,1.0,0.6527,0.3697,0.4325,-0.3485,0.1902
23,2023-05-28,1.0,0.3377,0.1666,0.2829,-0.0683,0.3508
24,2023-05-28,1.0,0.2166,0.1207,0.0574,-0.133,0.3392
25,2023-05-28,0.9625,0.6532,0.3453,0.3215,-0.3681,0.0153
1,2023-05-31,1.0,0.1972,0.1143,0.2121,-0.0529,0.3763
2,2023-05-31,0.7989,0.3189,0.1575,0.3263,-0.0354,0.4336
3,2023-05-31,1.0,0.2099,0.1211,0.3032,0.0286,0.5771
4,2023-05-31,0.9958,0.2145,0.1115,0.2418,-0.0026,0.4937
5,2023-05-31,0.1859,0.2429,0.1478,0.2288,-0.0345,0.3593
6,2023-05-31,0.9925,0.1996,0.1179,0.1926,-0.0692,0.2677
7,2023-05-31,0.4569,0.2099,0.1034,0.3022,0.0886,0.7045
8,2023-05-31,0.9716,0.3049,0.1627,0.305,-0.0647,0.3643
9,2023-05-31,0.1451,0.2212,0.1243,0.173,-0.0393,0.4125
10,2023-05-31,1.0,0.2552,0.1387,0.235,-0.0553,0.3503
11,2023-05-31,1.0,0.1908,0.1023,0.2435,0.0332,0.642
12,2023-05-31,0.0939,0.4549,0.2338,0.3526,-0.0298,0.371
13,2023-05-31,1.0,0.2923,0.1466,0.2433,-0.0468,0.3278
14,2023-05-31,1.0,0.2432,0.1223,0.3512,0.1148,0.7671
15,2023-05-31,1.0,0.2889,0.1647,0.2794,-0.0391,0.3844
16,2023-05-31,0.9415,0.232,0.1362,0.1665,-0.0899,0.2296
17,2023-05-31,1.0,0.2873,0.1621,0.3051,-0.0105,0.4555
19,2023-05-31,1.0,0.2019,0.1092,0.1691,-0.1041,0.1363
20,2023-05-31,1.0,0.2089,0.136,0.0782,-0.1699,0.1044
21,2023-05-31,1.0,0.2633,0.1437,0.2659,-0.0442,0.366
23,2023-05-31,1.0,0.3013,0.1684,0.2359,-0.139,0.1504
24,2023-05-31,1.0,0.1683,0.1044,0.0325,-0.1641,0.2749
25,2023-05-31,1.0,0.5733,0.3275,0.2865,-0.321,0.0653
1,2023-06-02,1.0,0.2034,0.1053,0.2822,0.0231,0.5549
2,2023-06-02,1.0,0.388,0.1979,0.3438,-0.0403,0.3909
3,2023-06-02,1.0,0.217,0.1132,0.3667,0.1446,0.8043
4,2023-06-02,1.0,0.258,0.1346,0.2681,0.0056,0.5234
5,2023-06-02,0.9354,0.1672,0.0773,0.2046,-0.0038,0.4869
6,2023-06-02,1.0,0.2043,0.1072,0.2227,-0.005,0.483
7,2023-06-02,0.9937,0.2823,0.1448,0.3186,0.0466,0.6426
8,2023-06-02,0.9954,0.3606,0.1822,0.3438,-0.0321,0.4088
9,2023-06-02,0.9875,0.3635,0.1845,0.3301,-0.0308,0.4114
10,2023-06-02,0.9968,0.2582,0.1355,0.2567,-0.0106,0.4687
11,2023-06-02,1.0,0.2016,0.1017,0.2663,0.0671,0.7485
12,2023-06-02,1.0,0.2925,0.1403,0.3003,-0.047,0.3947
13,2023-06-02,1.0,0.3194,0.1537,0.2744,-0.0252,0.3832
14,2023-06-02,1.0,0.2612,0.1262,0.3842,0.1409,0.8088
15,2023-06-02,1.0,0.299,0.1548,0.3157,0.0312,0.5909
16,2023-06-02,1.0,0.2281,0.1238,0.1828,-0.045,0.3348
17,2023-06-02,1.0,0.2985,0.1549,0.3463,0.0561,0.7253
18,2023-06-02,1.0,0.265,0.1312,0.3872,0.1292,0.6931
19,2023-06-02,1.0,0.2239,0.1159,0.2255,-0.0703,0.2901
20,2023-06-02,1.0,0.208,0.1189,0.1012,-0.1156,0.1542
21,2023-06-02,0.9929,0.2744,0.141,0.3241,0.0159,0.5402
22,2023-06-02,1.0,0.5422,0.302,0.3785,-0.1731,0.2449
23,2023-06-02,1.0,0.3135,0.1597,0.2941,-0.033,0.4047
24,2023-06-02,1.0,0.2125,0.1296,0.1264,-0.069,0.3825
25,2023-06-02,1.0,0.59,0.3185,0.2998,-0.2855,0.0397
1,2023-06-05,1.0,0.1671,0.0754,0.2589,0.0635,0.6707
2,2023-06-05,0.9951,0.3779,0.1937,0.3345,-0.0663,0.3394
3,2023-06-05,1.0,0.2014,0.0918,0.3855,0.1903,0.8664
4,2023-06-05,0.6241,0.258,0.1323,0.2827,0.0016,0.5053
5,2023-06-05,1.0,0.1883,0.0926,0.2319,-0.0389,0.3902
6,2023-06-05,1.0,0.1909,0.099,0.2099,-0.0212,0.4159
7,2023-06-05,1.0,0.2745,0.1431,0.3,0.0132,0.5419
8,2023-06-05,1.0,0.3551,0.1789,0.3277,-0.0705,0.3229
9,2023-06-05,1.0,0.3512,0.1813,0.321,-0.0662,0.3286
10,2023-06-05,1.0,0.253,0.1327,0.2541,-0.036,0.3948
11,2023-06-05,1.0,0.2037,0.1083,0.2645,0.0515,0.6858
12,2023-06-05,1.0,0.2909,0.1439,0.2915,-0.0781,0.3503
13,2023-06-05,1.0,0.2877,0.1412,0.2643,-0.0373,0.3262
14,2023-06-05,1.0,0.2519,0.1271,0.392,0.1234,0.792
15,2023-06-05,1.0,0.2782,0.1463,0.2914,-0.0084,0.4703
16,2023-06-05,1.0,0.2324,0.1319,0.1692,-0.0758,0.2334
17,2023-06-05,1.0,0.2883,0.1459,0.3399,0.042,0.6656
18,2023-06-05,1.0,0.2365,0.1074,0.3739,0.1379,0.7208
19,2023-06-05,1.0,0.201,0.1025,0.2257,-0.0547,0.3299
20,2023-06-05,1.0,0.1957,0.1126,0.0982,-0.12,0.1296
21,2023-06-05,1.0,0.2564,0.1306,0.3572,0.024,0.5435
22,2023-06-05,1.0,0.6483,0.3712,0.346,-0.4611,0.0902
23,2023-06-05,1.0,0.2753,0.1423,0.2634,-0.0437,0.367
24,2023-06-05,0.9954,0.19,0.1023,0.1574,-0.0299,0.4403
25,2023-06-05,1.0,0.5424,0.3074,0.244,-0.3471,0.0092
1,2023-06-07,1.0,0.1603,0.0526,0.3253,0.1562,0.8174
2,2023-06-07,1.0,0.3696,0.1899,0.3574,0.0035,0.5094
3,2023-06-07,1.0,0.2076,0.0738,0.481,0.3064,0.9238
4,2023-06-07,1.0,0.2555,0.1258,0.2994,0.0512,0.691
5,2023-06-07,1.0,0.1838,0.0861,0.2696,0.0316,0.578
6,2023-06-07,1.0,0.2006,0.0941,0.254,0.0354,0.6126
7,2023-06-07,1.0,0.287,0.1383,0.3628,0.091,0.7485
8,2023-06-07,1.0,0.3497,0.1747,0.3565,0.0033,0.5094
9,2023-06-07,1.0,0.3702,0.1817,0.3687,-0.0035,0.4902
10,2023-06-07,1.0,0.2685,0.1342,0.3122,0.0317,0.5737
11,2023-06-07,1.0,0.209,0.1009,0.3102,0.1071,0.801
12,2023-06-07,1.0,0.297,0.14,0.3311,-0.0162,0.4651
13,2023-06-07,1.0,0.3165,0.1477,0.3176,0.0221,0.597
14,2023-06-07,1.0,0.2596,0.117,0.4638,0.2091,0.8987
15,2023-06-07,1.0,0.2932,0.1436,0.3361,0.0554,0.6452
16,2023-06-07,1.0,0.2369,0.1249,0.2095,-0.0349,0.3809
17,2023-06-07,1.0,0.2859,0.1399,0.3836,0.1261,0.8743
18,2023-06-07,1.0,0.2586,0.1075,0.4541,0.2343,0.7896
19,2023-06-07,1.0,0.2158,0.0968,0.2838,-0.0065,0.4852
20,2023-06-07,1.0,0.2041,0.1087,0.1322,-0.076,0.2344
21,2023-06-07,1.0,0.2462,0.1142,0.4289,0.1403,0.8261
22,2023-06-07,1.0,0.5493,0.3192,0.3749,-0.1987,0.2051
23,2023-06-07,1.0,0.299,0.143,0.32,0.0119,0.5326
24,2023-06-07,1.0,0.1938,0.093,0.2302,0.0593,0.6283
25,2023-06-07,1.0,0.5502,0.2983,0.285,-0.2704,0.006
1,2023-06-10,1.0,0.1152,0.0025,0.2912,0.1719,0.8365
2,2023-06-10,0.97,0.3249,0.1445,0.3601,0.0592,0.6533
3,2023-06-10,1.0,0.1586,0.0271,0.4528,0.3351,0.9514
4,2023-06-10,0.9489,0.2333,0.1022,0.3217,0.0865,0.7767
5,2023-06-10,1.0,0.1802,0.0722,0.2539,0.0079,0.5183
6,2023-06-10,1.0,0.1932,0.0867,0.2741,0.067,0.6945
7,2023-06-10,1.0,0.2551,0.1166,0.3691,0.1319,0.8381
8,2023-06-10,1.0,0.3135,0.1453,0.3459,0.0245,0.5698
9,2023-06-10,1.0,0.341,0.1624,0.3618,0.0071,0.5188
10,2023-06-10,1.0,0.2512,0.1149,0.3124,0.0443,0.6008
11,2023-06-10,1.0,0.1971,0.0911,0.3181,0.1244,0.8429
12,2023-06-10,1.0,0.2623,0.1178,0.3209,0.0069,0.5141
13,2023-06-10,1.0,0.2777,0.1191,0.3205,0.0593,0.7444
14,2023-06-10,1.0,0.229,0.0844,0.4603,0.2596,0.9493
15,2023-06-10,1.0,0.2863,0.1454,0.327,0.0381,0.6091
16,2023-06-10,1.0,0.2228,0.1144,0.2356,0.0062,0.5236
17,2023-06-10,1.0,0.252,0.0924,0.4005,0.1929,0.8947
18,2023-06-10,1.0,0.2282,0.0788,0.413,0.2283,0.7976
19,2023-06-10,1.0,0.1848,0.0753,0.2777,0.0443,0.6247
20,2023-06-10,1.0,0.1939,0.0989,0.1644,-0.0244,0.4065
21,2023-06-10,1.0,0.2647,0.1287,0.3718,0.0568,0.6358
22,2023-06-10,1.0,0.5644,0.3069,0.3498,-0.2972,0.1916
23,2023-06-10,1.0,0.275,0.1289,0.3087,0.0228,0.5625
24,2023-06-10,1.0,0.144,0.0579,0.1949,0.0797,0.6858
25,2023-06-10,1.0,0.5151,0.2894,0.2805,-0.2613,0.0196
1,2023-06-12,1.0,0.1341,0.0206,0.3263,0.196,0.8164
2,2023-06-12,1.0,0.308,0.1102,0.3818,0.1416,0.815
3,2023-06-12,1.0,0.1546,0.0186,0.4663,0.3701,0.952
4,2023-06-12,0.998,0.1774,0.0379,0.3735,0.2593,0.9186
5,2023-06-12,1.0,0.1207,0.0233,0.3144,0.1286,0.6988
6,2023-06-12,1.0,0.1791,0.0639,0.336,0.1656,0.8054
7,2023-06-12,0.9997,0.225,0.0607,0.4157,0.253,0.9262
8,2023-06-12,0.9974,0.2885,0.1133,0.3734,0.1319,0.8195
9,2023-06-12,1.0,0.3338,0.1387,0.4032,0.0931,0.7228
10,2023-06-12,1.0,0.2385,0.09,0.3693,0.1538,0.7757
11,2023-06-12,1.0,0.192,0.0748,0.3787,0.225,0.9068
12,2023-06-12,1.0,0.2459,0.0905,0.3764,0.1026,0.7083
13,2023-06-12,1.0,0.2322,0.0497,0.347,0.1928,0.8953
14,2023-06-12,1.0,0.1893,0.0224,0.5073,0.3987,0.9714
15,2023-06-12,1.0,0.2741,0.126,0.3831,0.1464,0.7978
16,2023-06-12,1.0,0.2194,0.1014,0.3089,0.0945,0.7608
17,2023-06-12,1.0,0.217,0.0216,0.486,0.3491,0.9655
18,2023-06-12,1.0,0.2226,0.0576,0.4638,0.3003,0.8181
19,2023-06-12,1.0,0.1923,0.0697,0.2788,0.0613,0.6105
20,2023-06-12,1.0,0.1915,0.0902,0.2419,0.0589,0.673
21,2023-06-12,0.9814,0.2396,0.1026,0.4368,0.1801,0.9295
22,2023-06-12,0.993,0.4893,0.2524,0.3882,-0.0732,0.3784
23,2023-06-12,1.0,0.2757,0.1139,0.337,0.0692,0.6536
24,2023-06-12,1.0,0.1681,0.0726,0.2561,0.1165,0.613
25,2023-06-12,1.0,0.5282,0.2761,0.3273,-0.1917,0.0881
1,2023-06-15,1.0,0.1704,0.0627,0.2784,0.0772,0.6871
2,2023-06-15,1.0,0.3363,0.1435,0.3443,0.0035,0.5076
3,2023-06-15,1.0,0.2221,0.0999,0.387,0.1775,0.8435
4,2023-06-15,1.0,0.2274,0.0955,0.2844,0.0519,0.6535
5,2023-06-15,1.0,0.1752,0.0657,0.2225,-0.0202,0.446
6,2023-06-15,0.9939,0.1923,0.0872,0.2525,0.0357,0.597
7,2023-06-15,1.0,0.2534,0.0992,0.318,0.0838,0.6802
8,2023-06-15,0.9912,0.32,0.1441,0.3199,-0.0306,0.4242
9,2023-06-15,0.9866,0.3583,0.1678,0.3277,-0.0448,0.3899
10,2023-06-15,1.0,0.2637,0.1195,0.2744,-0.0106,0.4765
11,2023-06-15,1.0,0.1857,0.0666,0.2951,0.1367,0.8594
12,2023-06-15,0.9747,0.2691,0.1095,0.2903,-0.0228,0.4537
13,2023-06-15,1.0,0.3041,0.1276,0.2743,-0.0137,0.4573
14,2023-06-15,1.0,0.2424,0.0974,0.3936,0.182,0.8285
15,2023-06-15,1.0,0.2772,0.1267,0.32,0.0393,0.5791
16,2023-06-15,1.0,0.2339,0.1091,0.211,-0.0083,0.4785
17,2023-06-15,1.0,0.2938,0.1296,0.3402,0.063,0.7587
18,2023-06-15,0.9959,0.2601,0.1144,0.3825,0.1253,0.7096
19,2023-06-15,1.0,0.2309,0.1079,0.2249,-0.0632,0.334
20,2023-06-15,1.0,0.2169,0.1112,0.136,-0.097,0.253
21,2023-06-15,1.0,0.2481,0.096,0.35,0.079,0.6411
22,2023-06-15,1.0,0.5233,0.2669,0.3437,-0.1799,0.2874
23,2023-06-15,1.0,0.3156,0.1544,0.2859,-0.0725,0.3606
24,2023-06-15,1.0,0.2008,0.0964,0.1536,-0.0338,0.4502
25,2023-06-15,1.0,0.5875,0.287,0.2825,-0.3485,0.0865
1,2023-06-17,1.0,0.1812,0.0654,0.3169,0.1348,0.785
2,2023-06-17,1.0,0.411,0.1999,0.3614,-0.0335,0.4245
3,2023-06-17,1.0,0.2392,0.0989,0.4527,0.251,0.8692
4,2023-06-17,1.0,0.2836,0.1348,0.3073,0.0415,0.6378
5,2023-06-17,0.9979,0.2038,0.0891,0.2665,0.0266,0.5695
6,2023-06-17,1.0,0.2216,0.103,0.2641,0.0355,0.6059
7,2023-06-17,1.0,0.3162,0.1442,0.3655,0.0875,0.6943
8,2023-06-17,0.9869,0.3947,0.1853,0.359,-0.0288,0.4296
9,2023-06-17,0.9666,0.4092,0.1936,0.3766,-0.0247,0.4407
10,2023-06-17,1.0,0.3048,0.144,0.3194,0.0218,0.5412
11,2023-06-17,1.0,0.2284,0.1043,0.3168,0.1155,0.795
12,2023-06-17,0.9998,0.3317,0.149,0.3344,-0.0253,0.4514
13,2023-06-17,1.0,0.3574,0.1564,0.3196,0.0005,0.5031
14,2023-06-17,1.0,0.2805,0.1258,0.4459,0.1991,0.8345
15,2023-06-17,1.0,0.3055,0.1409,0.3354,0.0635,0.6503
16,2023-06-17,1.0,0.261,0.128,0.225,-0.03,0.404
17,2023-06-17,1.0,0.3419,0.1566,0.3823,0.0902,0.7932
18,2023-06-17,1.0,0.2928,0.1231,0.447,0.1951,0.7476
19,2023-06-17,1.0,0.2538,0.1153,0.2721,-0.0435,0.3943
20,2023-06-17,1.0,0.2375,0.1223,0.1447,-0.0883,0.2121
21,2023-06-17,0.9663,0.2273,0.0762,0.4831,0.2361,0.8916
22,2023-06-17,1.0,0.6047,0.339,0.398,-0.285,0.1916
23,2023-06-17,1.0,0.3347,0.1559,0.3221,-0.0088,0.4772
24,2023-06-17,1.0,0.2502,0.1211,0.1992,-0.0062,0.4923
25,2023-06-17,0.9984,0.6104,0.3154,0.3051,-0.3159,0.0501
1,2023-06-22,1.0,0.1392,0.0451,0.2981,0.1438,0.826
2,2023-06-22,1.0,0.3569,0.1774,0.3443,-0.0075,0.4784
3,2023-06-22,1.0,0.199,0.0669,0.4522,0.2791,0.9008
4,2023-06-22,0.9997,0.2503,0.1198,0.3086,0.0565,0.6993
5,2023-06-22,1.0,0.1787,0.0775,0.2679,0.0367,0.5912
6,2023-06-22,1.0,0.1991,0.0975,0.265,0.0405,0.6246
7,2023-06-22,1.0,0.2797,0.1367,0.3503,0.0822,0.7101
8,2023-06-22,1.0,0.3524,0.1688,0.3405,-0.0154,0.4496
9,2023-06-22,1.0,0.36,0.1762,0.3544,-0.0083,0.4769
10,2023-06-22,1.0,0.2713,0.1342,0.3116,0.0274,0.5622
11,2023-06-22,1.0,0.2079,0.101,0.3026,0.1044,0.7817
12,2023-06-22,1.0,0.2882,0.1324,0.3237,-0.0054,0.4871
13,2023-06-22,1.0,0.3241,0.1467,0.3155,0.0112,0.5457
14,2023-06-22,1.0,0.2444,0.1124,0.4418,0.2002,0.8797
15,2023-06-22,1.0,0.2774,0.1358,0.3249,0.0578,0.6477
16,2023-06-22,1.0,0.2366,0.1266,0.2177,-0.0371,0.369
17,2023-06-22,1.0,0.306,0.134,0.3845,0.1204,0.8445
18,2023-06-22,1.0,0.2515,0.1008,0.4203,0.2034,0.7738
19,2023-06-22,1.0,0.2272,0.1063,0.2622,-0.0256,0.4374
20,2023-06-22,1.0,0.2099,0.1128,0.1494,-0.0727,0.22
21,2023-06-22,1.0,0.229,0.1062,0.4157,0.1424,0.8394
22,2023-06-22,1.0,0.5119,0.2925,0.3652,-0.1943,0.2084
23,2023-06-22,1.0,0.2987,0.1435,0.302,-0.0074,0.4811
24,2023-06-22,1.0,0.2167,0.0946,0.2233,0.0402,0.5703
25,2023-06-22,1.0,0.5518,0.2982,0.2665,-0.3105,0.0049
1,2023-06-25,0.9425,0.1381,0.032,0.2819,0.1248,0.7591
2,2023-06-25,1.0,0.3393,0.1476,0.3489,0.0132,0.5257
3,2023-06-25,1.0,0.1809,0.0447,0.4358,0.2946,0.8909
4,2023-06-25,1.0,0.2392,0.1061,0.3174,0.0703,0.7108
5,2023-06-25,1.0,0.1777,0.06,0.2628,0.024,0.5534
6,2023-06-25,0.9913,0.2091,0.0984,0.2809,0.0471,0.6265
7,2023-06-25,1.0,0.2855,0.1329,0.3727,0.0955,0.7055
8,2023-06-25,1.0,0.3396,0.1511,0.3391,-0.0209,0.4473
9,2023-06-25,0.9055,0.3902,0.1857,0.375,-0.0372,0.4149
10,2023-06-25,1.0,0.2757,0.1286,0.3228,0.0236,0.5458
11,2023-06-25,1.0,0.2199,0.1087,0.3172,0.1079,0.7719
12,2023-06-25,0.9961,0.2949,0.1328,0.3229,-0.0218,0.466
13,2023-06-25,1.0,0.3122,0.1328,0.3179,0.0106,0.5402
14,2023-06-25,1.0,0.2406,0.1016,0.4525,0.2305,0.8674
15,2023-06-25,1.0,0.29,0.1436,0.324,0.0211,0.5475
16,2023-06-25,1.0,0.256,0.1389,0.2423,-0.025,0.4204
17,2023-06-25,1.0,0.2909,0.1025,0.3926,0.1383,0.8227
18,2023-06-25,1.0,0.2438,0.0866,0.4197,0.2017,0.7606
19,2023-06-25,1.0,0.2267,0.1007,0.2626,-0.0159,0.462
20,2023-06-25,1.0,0.2268,0.1212,0.1702,-0.0614,0.2881
21,2023-06-25,1.0,0.2661,0.13,0.3602,0.0316,0.5621
22,2023-06-25,0.8458,0.5445,0.2902,0.362,-0.1531,0.2381
23,2023-06-25,1.0,0.3009,0.1473,0.3064,-0.0206,0.4537
24,2023-06-25,1.0,0.1821,0.073,0.2236,0.0576,0.5931
25,2023-06-25,1.0,0.5976,0.3213,0.2753,-0.3998,0.0239
1,2023-06-27,1.0,0.1504,0.0346,0.297,0.1328,0.7422
2,2023-06-27,0.9917,0.3659,0.1541,0.3763,0.0317,0.5502
3,2023-06-27,1.0,0.1993,0.0507,0.4518,0.2908,0.8641
4,2023-06-27,0.9906,0.2509,0.0985,0.345,0.1277,0.8068
5,2023-06-27,0.9435,0.15,0.0327,0.281,0.0798,0.7236
6,2023-06-27,1.0,0.2207,0.0927,0.3213,0.0883,0.6834
7,2023-06-27,0.986,0.2946,0.1138,0.403,0.1575,0.7494
8,2023-06-27,0.9869,0.3683,0.1627,0.3653,0.0003,0.5001
9,2023-06-27,0.9706,0.394,0.1742,0.3925,0.0109,0.5226
10,2023-06-27,0.9418,0.3115,0.1319,0.3453,0.0506,0.5765
11,2023-06-27,1.0,0.2327,0.1047,0.3573,0.1663,0.8033
12,2023-06-27,0.976,0.3153,0.134,0.3682,0.0121,0.5177
13,2023-06-27,0.9827,0.3555,0.1329,0.3233,0.0338,0.5817
14,2023-06-27,0.9174,0.2269,0.0704,0.4935,0.3298,0.8702
15,2023-06-27,1.0,0.2987,0.1343,0.3671,0.0933,0.6722
16,2023-06-27,1.0,0.2791,0.1407,0.2893,0.0042,0.5104
17,2023-06-27,1.0,0.3046,0.0994,0.45,0.2083,0.9034
18,2023-06-27,1.0,0.2562,0.0874,0.4362,0.2109,0.7512
19,2023-06-27,1.0,0.2701,0.1152,0.2652,-0.0474,0.4299
20,2023-06-27,1.0,0.2644,0.1371,0.2179,-0.0598,0.3345
21,2023-06-27,0.9805,0.2565,0.1172,0.4144,0.1444,0.7833
22,2023-06-27,1.0,0.5392,0.2807,0.3921,-0.166,0.2921
23,2023-06-27,1.0,0.3333,0.1526,0.3173,-0.0306,0.4336
24,2023-06-27,1.0,0.2688,0.118,0.1924,-0.0122,0.49
25,2023-06-27,1.0,0.6871,0.346,0.3008,-0.5021,0.006
1,2023-06-30,1.0,0.1766,0.0829,0.2053,-0.0048,0.4824
2,2023-06-30,1.0,0.3375,0.1617,0.2871,-0.06,0.3832
3,2023-06-30,1.0,0.2169,0.1096,0.3146,0.0888,0.7274
4,2023-06-30,0.9813,0.2476,0.1224,0.2264,-0.0261,0.4076
5,2023-06-30,1.0,0.2012,0.0878,0.1644,-0.0819,0.2732
6,2023-06-30,1.0,0.2122,0.1127,0.1918,-0.0571,0.2795
7,2023-06-30,1.0,0.2686,0.126,0.2671,0.0014,0.5036
8,2023-06-30,1.0,0.3459,0.1673,0.2639,-0.1111,0.233
9,2023-06-30,1.0,0.3667,0.1867,0.2734,-0.1165,0.1843
10,2023-06-30,1.0,0.2768,0.1393,0.2191,-0.0815,0.2762
11,2023-06-30,0.9404,0.2012,0.0999,0.2354,0.0378,0.6623
12,2023-06-30,1.0,0.304,0.145,0.2476,-0.1014,0.2803
13,2023-06-30,1.0,0.3193,0.1482,0.2172,-0.086,0.1636
14,2023-06-30,1.0,0.2521,0.1205,0.328,0.0857,0.7111
15,2023-06-30,1.0,0.2814,0.1465,0.2476,-0.047,0.3471
16,2023-06-30,0.927,0.2383,0.1312,0.1538,-0.0918,0.1739
17,2023-06-30,1.0,0.3295,0.1585,0.2827,-0.0478,0.3122
18,2023-06-30,1.0,0.2668,0.1334,0.3218,0.0396,0.582
19,2023-06-30,1.0,0.2342,0.1168,0.1816,-0.1164,0.1963
20,2023-06-30,1.0,0.229,0.1345,0.082,-0.1712,0.0697
21,2023-06-30,1.0,0.2507,0.1279,0.2974,-0.0127,0.4729
22,2023-06-30,1.0,0.5803,0.3096,0.2917,-0.343,0.1636
23,2023-06-30,1.0,0.3049,0.1544,0.2324,-0.11,0.2141
24,2023-06-30,1.0,0.2239,0.113,0.104,-0.0917,0.3375
25,2023-06-30,1.0,0.5659,0.2992,0.2187,-0.3826,0.0245
1,2023-07-02,1.0,0.2035,0.0814,0.2649,0.0571,0.6612
2,2023-07-02,1.0,0.414,0.1991,0.3302,-0.0633,0.3495
3,2023-07-02,1.0,0.2444,0.1081,0.3866,0.1724,0.8282
4,2023-07-02,1.0,0.2797,0.1327,0.2641,0.0,0.4997
5,2023-07-02,1.0,0.201,0.0872,0.222,-0.0094,0.4732
6,2023-07-02,1.0,0.2237,0.1068,0.2227,-0.0111,0.4589
7,2023-07-02,1.0,0.3055,0.1425,0.319,0.0337,0.5964
8,2023-07-02,1.0,0.3969,0.182,0.3276,-0.0536,0.3568
9,2023-07-02,1.0,0.3994,0.191,0.3248,-0.0563,0.3519
10,2023-07-02,1.0,0.2979,0.1433,0.2737,-0.022,0.4447
11,2023-07-02,1.0,0.2284,0.1061,0.2784,0.0696,0.7384
12,2023-07-02,1.0,0.3284,0.1469,0.2963,-0.0501,0.393
13,2023-07-02,1.0,0.3512,0.1565,0.2825,-0.0277,0.388
14,2023-07-02,1.0,0.2827,0.1282,0.38,0.1196,0.7851
15,2023-07-02,1.0,0.3103,0.1456,0.3013,0.0173,0.5514
16,2023-07-02,1.0,0.2554,0.1289,0.186,-0.0607,0.2957
17,2023-07-02,1.0,0.3323,0.147,0.3404,0.0538,0.7003
18,2023-07-02,1.0,0.2932,0.1274,0.4028,0.1495,0.7122
19,2023-07-02,1.0,0.249,0.1179,0.2416,-0.0601,0.3414
20,2023-07-02,1.0,0.2375,0.1246,0.1066,-0.1246,0.1296
21,2023-07-02,1.0,0.2922,0.1399,0.3503,0.0337,0.5732
22,2023-07-02,1.0,0.5889,0.3252,0.3515,-0.2507,0.1514
23,2023-07-02,1.0,0.3356,0.1551,0.2953,-0.0304,0.4214
24,2023-07-02,1.0,0.2527,0.119,0.1561,-0.0387,0.4229
25,2023-07-02,1.0,0.5882,0.3073,0.2693,-0.3019,0.019
1,2023-07-05,1.0,0.1675,0.0677,0.2421,0.0476,0.6229
2,2023-07-05,1.0,0.3592,0.1691,0.3045,-0.0739,0.333
3,2023-07-05,1.0,0.2186,0.0887,0.3939,0.1994,0.8326
4,2023-07-05,1.0,0.2633,0.1289,0.2592,-0.0219,0.4195
5,2023-07-05,1.0,0.198,0.087,0.2224,-0.0426,0.388
6,2023-07-05,1.0,0.2196,0.1101,0.223,-0.0344,0.3807
7,2023-07-05,1.0,0.2985,0.1459,0.3086,0.0051,0.5131
8,2023-07-05,1.0,0.3666,0.1738,0.2921,-0.1073,0.2476
9,2023-07-05,1.0,0.3764,0.1832,0.3153,-0.0891,0.2893
10,2023-07-05,1.0,0.2882,0.14,0.2689,-0.0531,0.384
11,2023-07-05,1.0,0.2256,0.1154,0.2708,0.0493,0.6491
12,2023-07-05,1.0,0.3133,0.1448,0.2891,-0.0875,0.36
13,2023-07-05,1.0,0.3299,0.1501,0.2664,-0.0685,0.2544
14,2023-07-05,1.0,0.2619,0.1281,0.3907,0.1219,0.745
15,2023-07-05,1.0,0.2781,0.1385,0.2804,-0.0086,0.4739
16,2023-07-05,1.0,0.2644,0.1495,0.1768,-0.0984,0.1931
17,2023-07-05,1.0,0.3124,0.138,0.3205,0.0175,0.5556
18,2023-07-05,1.0,0.2506,0.1033,0.3809,0.1392,0.7017
19,2023-07-05,1.0,0.2463,0.1252,0.2226,-0.0924,0.3014
20,2023-07-05,1.0,0.2393,0.1316,0.1116,-0.1475,0.0985
21,2023-07-05,1.0,0.232,0.1083,0.3455,0.0573,0.61
22,2023-07-05,1.0,0.5401,0.3022,0.329,-0.3011,0.1248
23,2023-07-05,1.0,0.307,0.1562,0.2632,-0.0731,0.3268
24,2023-07-05,1.0,0.2246,0.1075,0.1605,-0.0518,0.4064
25,2023-07-05,1.0,0.5972,0.3265,0.2295,-0.436,0.0033
1,2023-07-07,1.0,0.1531,0.0676,0.267,0.0799,0.6619
2,2023-07-07,0.9981,0.3791,0.1853,0.3182,-0.0802,0.377
3,2023-07-07,0.9077,0.1922,0.0796,0.4017,0.2122,0.8186
4,2023-07-07,1.0,0.2837,0.149,0.2925,-0.0047,0.4837
5,2023-07-07,0.9781,0.1818,0.0935,0.2583,0.0339,0.6274
6,2023-07-07,1.0,0.2268,0.1197,0.2592,-0.0134,0.4606
7,2023-07-07,1.0,0.3188,0.1619,0.3241,0.0049,0.5074
8,2023-07-07,1.0,0.4097,0.201,0.309,-0.1324,0.2223
9,2023-07-07,1.0,0.3879,0.1958,0.3308,-0.0798,0.3398
10,2023-07-07,1.0,0.3234,0.1643,0.2921,-0.0687,0.3894
11,2023-07-07,1.0,0.2288,0.1236,0.2826,0.0692,0.6622
12,2023-07-07,0.8763,0.3276,0.1592,0.3158,-0.0709,0.3736
13,2023-07-07,1.0,0.4008,0.1831,0.2816,-0.1194,0.2326
14,2023-07-07,0.8972,0.2276,0.1181,0.4147,0.1894,0.8292
15,2023-07-07,1.0,0.2829,0.1443,0.3047,0.0131,0.5266
16,2023-07-07,1.0,0.281,0.16,0.2006,-0.1198,0.1906
17,2023-07-07,1.0,0.3399,0.1585,0.3623,0.0374,0.6023
18,2023-07-07,1.0,0.2384,0.1097,0.384,0.1447,0.6881
19,2023-07-07,1.0,0.3082,0.1532,0.2242,-0.17,0.2821
20,2023-07-07,1.0,0.2682,0.1549,0.138,-0.1886,0.0524
21,2023-07-07,1.0,0.2182,0.1041,0.3913,0.1424,0.7569
22,2023-07-07,0.8654,0.6245,0.3562,0.3549,-0.4794,0.094
23,2023-07-07,1.0,0.3208,0.1657,0.265,-0.1066,0.3013
24,2023-07-07,1.0,0.2921,0.1304,0.1754,-0.0578,0.4462
25,2023-07-07,1.0,0.7209,0.357,0.2265,-0.6957,0.0
1,2023-07-10,1.0,0.1873,0.0723,0.2438,0.0326,0.5674
2,2023-07-10,1.0,0.3931,0.1766,0.3243,-0.0977,0.3375
3,2023-07-10,1.0,0.2146,0.068,0.4056,0.2146,0.8047
4,2023-07-10,1.0,0.29,0.127,0.3012,0.0111,0.5288
5,2023-07-10,1.0,0.2,0.0726,0.2529,-0.0162,0.4548
6,2023-07-10,1.0,0.2419,0.1096,0.2633,-0.0042,0.4889
7,2023-07-10,1.0,0.3225,0.143,0.3423,0.034,0.5653
8,2023-07-10,1.0,0.4158,0.1886,0.3109,-0.1509,0.2267
9,2023-07-10,1.0,0.4126,0.1882,0.3388,-0.0997,0.3196
10,2023-07-10,0.9998,0.3187,0.1427,0.2897,-0.0536,0.4047
11,2023-07-10,1.0,0.2463,0.1094,0.2975,0.0784,0.6876
12,2023-07-10,1.0,0.3311,0.1445,0.3079,-0.0799,0.3706
13,2023-07-10,1.0,0.3581,0.148,0.2869,-0.0559,0.3316
14,2023-07-10,1.0,0.2766,0.1151,0.4301,0.1645,0.7406
15,2023-07-10,1.0,0.3207,0.1537,0.2986,-0.0382,0.4188
16,2023-07-10,1.0,0.2983,0.1471,0.2251,-0.0874,0.2618
17,2023-07-10,1.0,0.3523,0.1289,0.3716,0.0435,0.6034
18,2023-07-10,1.0,0.2646,0.1069,0.3878,0.1384,0.6774
19,2023-07-10,1.0,0.2887,0.1255,0.2375,-0.1153,0.3201
20,2023-07-10,1.0,0.2673,0.1346,0.1488,-0.1328,0.1355
21,2023-07-10,1.0,0.3048,0.1456,0.3471,-0.0312,0.4561
22,2023-07-10,1.0,0.613,0.3184,0.3522,-0.4278,0.1495
23,2023-07-10,1.0,0.3336,0.1537,0.268,-0.1059,0.3052
24,2023-07-10,1.0,0.2676,0.1189,0.1578,-0.063,0.4326
25,2023-07-10,1.0,0.7862,0.3788,0.2333,-0.7339,0.006
1,2023-07-12,1.0,0.2013,0.0869,0.2206,0.0048,0.5129
2,2023-07-12,0.9852,0.3466,0.1594,0.3115,-0.033,0.4421
3,2023-07-12,1.0,0.2239,0.1106,0.3155,0.0851,0.7124
4,2023-07-12,0.989,0.2594,0.1194,0.2722,0.0127,0.5465
5,2023-07-12,0.9951,0.1856,0.0767,0.2068,-0.0096,0.471
6,2023-07-12,1.0,0.2269,0.1138,0.2247,-0.0262,0.4014
7,2023-07-12,0.9238,0.2774,0.13,0.302,0.0498,0.626
8,2023-07-12,0.9398,0.3534,0.1649,0.3007,-0.0566,0.3639
9,2023-07-12,0.968,0.3641,0.1758,0.3047,-0.0427,0.3605
10,2023-07-12,1.0,0.2928,0.1415,0.2518,-0.0423,0.3923
11,2023-07-12,1.0,0.217,0.1046,0.2516,0.0427,0.6642
12,2023-07-12,1.0,0.3,0.1338,0.2821,-0.0406,0.4055
13,2023-07-12,1.0,0.3392,0.1486,0.238,-0.0551,0.3167
14,2023-07-12,0.8511,0.2356,0.1102,0.3331,0.1199,0.8016
15,2023-07-12,1.0,0.3004,0.1442,0.2826,0.0018,0.5049
16,2023-07-12,1.0,0.248,0.133,0.175,-0.0827,0.2243
17,2023-07-12,0.987,0.319,0.1415,0.3149,0.0248,0.5996
18,2023-07-12,1.0,0.264,0.1255,0.3248,0.058,0.6129
19,2023-07-12,1.0,0.2725,0.136,0.1994,-0.1291,0.2075
20,2023-07-12,1.0,0.2444,0.1387,0.1081,-0.1538,0.0835
21,2023-07-12,0.8492,0.2319,0.1175,0.3167,0.0519,0.6254
22,2023-07-12,1.0,0.4992,0.2675,0.3644,-0.1302,0.3079
23,2023-07-12,1.0,0.326,0.1577,0.2585,-0.0844,0.2866
24,2023-07-12,1.0,0.2532,0.1236,0.1142,-0.0827,0.3751
25,2023-07-12,1.0,0.6236,0.3269,0.2562,-0.389,0.0087
1,2023-07-15,1.0,0.1599,0.0738,0.1663,-0.0236,0.4115
2,2023-07-15,0.9596,0.2792,0.1369,0.2283,-0.0966,0.2732
3,2023-07-15,1.0,0.197,0.0999,0.2625,0.0593,0.6773
4,2023-07-15,1.0,0.2268,0.1163,0.1781,-0.088,0.1326
5,2023-07-15,1.0,0.1609,0.0664,0.1643,-0.0176,0.417
6,2023-07-15,1.0,0.1942,0.1033,0.1496,-0.0888,0.1419
7,2023-07-15,0.9853,0.2445,0.1188,0.214,-0.0324,0.389
8,2023-07-15,0.9738,0.3008,0.1452,0.2111,-0.1296,0.0964
9,2023-07-15,1.0,0.3119,0.156,0.2306,-0.1108,0.1773
10,2023-07-15,0.9982,0.2482,0.1264,0.1787,-0.1184,0.1525
11,2023-07-15,1.0,0.1959,0.1016,0.1832,-0.0196,0.405
12,2023-07-15,0.9957,0.2466,0.1095,0.2117,-0.0559,0.3399
13,2023-07-15,1.0,0.288,0.1353,0.1708,-0.1465,0.0196
14,2023-07-15,1.0,0.2188,0.1074,0.2819,0.069,0.7378
15,2023-07-15,1.0,0.2332,0.1186,0.205,-0.0519,0.3187
16,2023-07-15,1.0,0.2249,0.1294,0.114,-0.1357,0.0578
17,2023-07-15,1.0,0.266,0.123,0.2316,-0.0551,0.2579
18,2023-07-15,1.0,0.2195,0.1005,0.2686,0.0278,0.5626
19,2023-07-15,1.0,0.2342,0.126,0.1343,-0.1708,0.1149
20,2023-07-15,1.0,0.211,0.124,0.0673,-0.192,0.0272
21,2023-07-15,1.0,0.2095,0.1002,0.2351,-0.0098,0.4787
22,2023-07-15,1.0,0.4433,0.2497,0.2609,-0.3576,0.043
23,2023-07-15,1.0,0.2549,0.1358,0.1767,-0.1281,0.122
24,2023-07-15,1.0,0.195,0.1046,0.0848,-0.122,0.2237
25,2023-07-15,0.907,0.4253,0.2399,0.1427,-0.3723,0.0066
1,2023-07-17,1.0,0.1897,0.0789,0.2212,0.0131,0.5476
2,2023-07-17,1.0,0.366,0.1845,0.2886,-0.0921,0.2815
3,2023-07-17,1.0,0.2288,0.1042,0.3562,0.1341,0.7953
4,2023-07-17,1.0,0.2745,0.1359,0.2353,-0.0374,0.333
5,2023-07-17,1.0,0.1919,0.0895,0.2056,-0.0249,0.4182
6,2023-07-17,1.0,0.2193,0.1086,0.2002,-0.0489,0.3076
7,2023-07-17,1.0,0.2953,0.1418,0.2779,-0.0158,0.4564
8,2023-07-17,1.0,0.3814,0.1854,0.2804,-0.0985,0.2152
9,2023-07-17,1.0,0.3674,0.1787,0.2926,-0.0772,0.2871
10,2023-07-17,1.0,0.2901,0.142,0.2455,-0.0632,0.3287
11,2023-07-17,1.0,0.2213,0.1055,0.2461,0.0277,0.607
12,2023-07-17,0.9814,0.3166,0.1489,0.2754,-0.0797,0.3124
13,2023-07-17,1.0,0.3436,0.1568,0.2397,-0.0899,0.1714
14,2023-07-17,1.0,0.2625,0.1248,0.3521,0.0851,0.7221
15,2023-07-17,1.0,0.2781,0.1328,0.2667,-0.0115,0.4643
16,2023-07-17,1.0,0.2524,0.1351,0.1583,-0.1083,0.1404
17,2023-07-17,1.0,0.3137,0.1459,0.3078,0.0164,0.5665
18,2023-07-17,1.0,0.2622,0.1172,0.3464,0.0923,0.6727
19,2023-07-17,1.0,0.2631,0.1298,0.2043,-0.1203,0.2467
20,2023-07-17,1.0,0.2347,0.1299,0.0876,-0.1666,0.0619
21,2023-07-17,1.0,0.2613,0.1244,0.3223,0.028,0.5803
22,2023-07-17,1.0,0.5096,0.3007,0.3083,-0.2696,0.1
23,2023-07-17,1.0,0.3019,0.1467,0.249,-0.0677,0.2994
24,2023-07-17,1.0,0.2593,0.128,0.1396,-0.0714,0.3665
25,2023-07-17,1.0,0.541,0.2868,0.2098,-0.3571,0.0005
2,2023-07-20,1.0,0.3844,0.1802,0.3084,-0.0606,0.3456
5,2023-07-20,0.9238,0.188,0.0722,0.1957,-0.0119,0.471
8,2023-07-20,0.5378,0.3705,0.1672,0.3088,-0.0157,0.4569
12,2023-07-20,1.0,0.3095,0.1371,0.2758,-0.0713,0.3574
17,2023-07-20,0.7188,0.3101,0.1293,0.3253,0.0672,0.7764
18,2023-07-20,1.0,0.2705,0.1134,0.3712,0.1349,0.7448
22,2023-07-20,1.0,0.5385,0.3083,0.3164,-0.2697,0.1262
25,2023-07-20,1.0,0.4971,0.272,0.2266,-0.2702,0.0049
2,2023-07-22,0.2337,0.3359,0.1446,0.2748,-0.0346,0.419
3,2023-07-22,1.0,0.2123,0.0754,0.3672,0.1544,0.7354
4,2023-07-22,0.0641,0.1591,0.0966,0.1484,0.0425,0.6225
5,2023-07-22,0.8868,0.2018,0.0717,0.2297,0.0479,0.6531
6,2023-07-22,0.2994,0.2198,0.0963,0.2786,0.114,0.8166
7,2023-07-22,1.0,0.3382,0.1579,0.296,-0.0423,0.4299
8,2023-07-22,0.9076,0.3708,0.1598,0.2885,-0.0644,0.3562
9,2023-07-22,0.9337,0.3697,0.1795,0.2947,-0.0857,0.3352
10,2023-07-22,1.0,0.3444,0.1654,0.2561,-0.1242,0.2896
11,2023-07-22,1.0,0.2323,0.1127,0.2515,0.0371,0.5898
12,2023-07-22,0.9478,0.3642,0.1606,0.2984,-0.1185,0.3405
13,2023-07-22,0.9812,0.4066,0.1639,0.2711,-0.0941,0.2997
14,2023-07-22,1.0,0.2543,0.1188,0.3851,0.1316,0.7113
16,2023-07-22,1.0,0.2625,0.141,0.1735,-0.1222,0.1561
17,2023-07-22,0.0309,0.4498,0.1682,0.323,0.0416,0.6228
18,2023-07-22,1.0,0.2194,0.0922,0.3268,0.1179,0.6906
20,2023-07-22,1.0,0.2707,0.1436,0.1339,-0.1778,0.1116
22,2023-07-22,0.9187,0.5909,0.3021,0.352,-0.3128,0.1562
23,2023-07-22,0.022,0.2622,0.1018,0.215,-0.0344,0.3111
1,2023-07-27,1.0,0.1858,0.0914,0.1944,-0.0152,0.4562
2,2023-07-27,0.9557,0.3878,0.19,0.2867,-0.1146,0.3157
3,2023-07-27,1.0,0.2178,0.1199,0.2919,0.0593,0.6418
4,2023-07-27,0.9964,0.2739,0.1459,0.2499,-0.0287,0.3868
5,2023-07-27,0.9843,0.1895,0.0902,0.2005,0.0084,0.5326
6,2023-07-27,1.0,0.2191,0.1229,0.204,-0.0493,0.2983
7,2023-07-27,0.9984,0.2952,0.1518,0.2779,0.0039,0.51
8,2023-07-27,0.982,0.4054,0.1992,0.2751,-0.1242,0.2188
9,2023-07-27,1.0,0.3591,0.1855,0.2931,-0.0689,0.3142
10,2023-07-27,0.9995,0.2968,0.1548,0.2309,-0.0846,0.3046
11,2023-07-27,1.0,0.2172,0.1168,0.2363,0.0252,0.5905
12,2023-07-27,0.9093,0.2983,0.1439,0.2531,-0.0548,0.3804
13,2023-07-27,1.0,0.3615,0.1741,0.2288,-0.1126,0.1649
14,2023-07-27,0.999,0.2483,0.1306,0.3243,0.1017,0.7356
15,2023-07-27,1.0,0.2694,0.1393,0.2683,-0.0093,0.4712
16,2023-07-27,1.0,0.2554,0.1529,0.1695,-0.1122,0.1584
17,2023-07-27,1.0,0.3257,0.1562,0.29,-0.0158,0.4411
18,2023-07-27,1.0,0.2493,0.1257,0.2974,0.0393,0.5632
19,2023-07-27,1.0,0.2711,0.1525,0.1724,-0.1803,0.13
20,2023-07-27,1.0,0.2446,0.1542,0.0975,-0.1874,0.055
21,2023-07-27,1.0,0.2598,0.133,0.2947,0.0106,0.5231
22,2023-07-27,0.6243,0.6029,0.3203,0.3525,-0.3086,0.2186
23,2023-07-27,1.0,0.2953,0.1573,0.221,-0.1087,0.2224
24,2023-07-27,1.0,0.2617,0.1413,0.0843,-0.139,0.292
25,2023-07-27,1.0,0.5727,0.3122,0.2137,-0.4313,0.0033
1,2023-07-30,1.0,0.2272,0.0985,0.1929,-0.033,0.4009
2,2023-07-30,1.0,0.4044,0.1933,0.2937,-0.1239,0.2666
3,2023-07-30,1.0,0.2583,0.1164,0.3244,0.0884,0.6868
4,2023-07-30,1.0,0.313,0.1505,0.223,-0.0772,0.234
5,2023-07-30,1.0,0.2405,0.1027,0.1945,-0.0759,0.3177
6,2023-07-30,1.0,0.2615,0.1303,0.1895,-0.0901,0.2011
7,2023-07-30,1.0,0.3456,0.1689,0.2777,-0.0641,0.3622
8,2023-07-30,1.0,0.4449,0.2068,0.2861,-0.1594,0.1642
9,2023-07-30,1.0,0.4405,0.215,0.2845,-0.1619,0.1957
10,2023-07-30,1.0,0.3555,0.1705,0.2289,-0.1446,0.2085
11,2023-07-30,1.0,0.2513,0.115,0.2398,0.0112,0.5398
12,2023-07-30,1.0,0.3975,0.1789,0.2483,-0.1919,0.1997
13,2023-07-30,1.0,0.4055,0.178,0.2364,-0.1357,0.103
14,2023-07-30,1.0,0.2936,0.1383,0.3358,0.0555,0.6244
15,2023-07-30,1.0,0.3294,0.1562,0.2588,-0.0634,0.3177
16,2023-07-30,1.0,0.296,0.1529,0.1518,-0.1407,0.1305
17,2023-07-30,1.0,0.3731,0.1646,0.2987,-0.0509,0.3464
18,2023-07-30,1.0,0.3077,0.141,0.3316,0.0318,0.5535
19,2023-07-30,1.0,0.3113,0.1474,0.2049,-0.1696,0.1891
20,2023-07-30,1.0,0.2735,0.1532,0.0764,-0.2079,0.0619
21,2023-07-30,1.0,0.3117,0.1451,0.2999,-0.0489,0.4157
22,2023-07-30,1.0,0.7064,0.3937,0.3296,-0.6433,0.0551
23,2023-07-30,1.0,0.3545,0.1679,0.2528,-0.1204,0.2224
24,2023-07-30,1.0,0.3028,0.1412,0.1087,-0.1193,0.3153
25,2023-07-30,1.0,0.6868,0.35,0.2323,-0.4887,0.0049
1,2023-08-01,1.0,0.2235,0.0919,0.2236,0.0121,0.5333
2,2023-08-01,1.0,0.433,0.2072,0.2992,-0.1349,0.2584
3,2023-08-01,1.0,0.2646,0.1166,0.3723,0.1407,0.7517
4,2023-08-01,1.0,0.3229,0.1504,0.2421,-0.0546,0.2992
5,2023-08-01,1.0,0.2225,0.097,0.212,-0.0325,0.4176
6,2023-08-01,1.0,0.2596,0.1276,0.2107,-0.0616,0.2946
7,2023-08-01,0.988,0.3392,0.1601,0.2888,-0.033,0.4243
8,2023-08-01,1.0,0.4568,0.212,0.2906,-0.1519,0.2
9,2023-08-01,1.0,0.4087,0.1979,0.299,-0.0936,0.3019
10,2023-08-01,1.0,0.3367,0.1628,0.2547,-0.0829,0.319
11,2023-08-01,1.0,0.2542,0.1198,0.2652,0.0344,0.6166
12,2023-08-01,0.9998,0.359,0.1593,0.2735,-0.0992,0.3031
13,2023-08-01,1.0,0.4146,0.1811,0.2528,-0.119,0.1634
14,2023-08-01,1.0,0.2993,0.1385,0.364,0.0768,0.6487
15,2023-08-01,1.0,0.3252,0.1507,0.2844,-0.0213,0.4392
16,2023-08-01,1.0,0.2977,0.1553,0.1703,-0.1283,0.1546
17,2023-08-01,1.0,0.3711,0.1593,0.3195,-0.0039,0.4878
18,2023-08-01,1.0,0.2979,0.1282,0.3649,0.0947,0.6406
19,2023-08-01,1.0,0.3195,0.15,0.226,-0.1401,0.245
20,2023-08-01,1.0,0.2772,0.1488,0.0908,-0.1955,0.0576
21,2023-08-01,0.9734,0.294,0.1384,0.3406,0.0303,0.5638
22,2023-08-01,1.0,0.6162,0.3509,0.3032,-0.4205,0.0584
23,2023-08-01,1.0,0.3681,0.1694,0.2713,-0.0951,0.2822
24,2023-08-01,1.0,0.3333,0.1544,0.134,-0.1051,0.3455
25,2023-08-01,0.8531,0.6664,0.3324,0.2259,-0.4607,0.0019
1,2023-08-06,1.0,0.1837,0.0852,0.2223,0.0386,0.5811
2,2023-08-06,1.0,0.3723,0.1795,0.2988,-0.1034,0.3462
3,2023-08-06,1.0,0.2203,0.0874,0.3961,0.1888,0.7739
4,2023-08-06,1.0,0.306,0.15,0.2789,-0.018,0.4336
5,2023-08-06,0.9858,0.2103,0.0931,0.2625,0.0588,0.6769
6,2023-08-06,1.0,0.2463,0.1256,0.2454,-0.037,0.3958
7,2023-08-06,1.0,0.3377,0.1654,0.317,-0.0142,0.4743
8,2023-08-06,1.0,0.4199,0.2001,0.2871,-0.153,0.1953
9,2023-08-06,0.9355,0.3846,0.1873,0.3204,-0.075,0.3736
10,2023-08-06,1.0,0.3382,0.1681,0.2797,-0.0902,0.3556
11,2023-08-06,1.0,0.2425,0.1225,0.2728,0.0601,0.6477
12,2023-08-06,1.0,0.3587,0.1617,0.301,-0.1061,0.3502
13,2023-08-06,1.0,0.4182,0.1842,0.2546,-0.1564,0.1868
14,2023-08-06,1.0,0.2594,0.1294,0.4097,0.1603,0.7541
15,2023-08-06,1.0,0.2958,0.1434,0.2856,-0.0107,0.472
16,2023-08-06,1.0,0.2957,0.1657,0.1957,-0.1346,0.1668
17,2023-08-06,1.0,0.3279,0.1357,0.3468,0.0735,0.6995
18,2023-08-06,1.0,0.2562,0.1103,0.3798,0.1325,0.6735
19,2023-08-06,1.0,0.353,0.1701,0.2121,-0.2266,0.2435
20,2023-08-06,1.0,0.29,0.1633,0.1295,-0.2166,0.0396
21,2023-08-06,1.0,0.2586,0.1246,0.3503,0.0711,0.622
22,2023-08-06,0.0435,0.3827,0.151,0.3914,0.0356,0.6022
23,2023-08-06,1.0,0.3315,0.1639,0.2506,-0.1275,0.2626
24,2023-08-06,1.0,0.3209,0.1411,0.1576,-0.0812,0.4121
25,2023-08-06,0.9162,0.6589,0.3306,0.1958,-0.6548,0.0
1,2023-08-09,1.0,0.185,0.0935,0.1518,-0.044,0.317
2,2023-08-09,1.0,0.3346,0.17,0.2684,-0.0596,0.3086
3,2023-08-09,1.0,0.2294,0.1156,0.2856,0.0538,0.679
4,2023-08-09,1.0,0.2555,0.136,0.2099,-0.0397,0.3151
5,2023-08-09,1.0,0.2048,0.1018,0.1584,-0.0552,0.3341
6,2023-08-09,1.0,0.2206,0.1277,0.1726,-0.0758,0.1568
7,2023-08-09,1.0,0.2798,0.1517,0.261,-0.0039,0.4864
8,2023-08-09,1.0,0.3464,0.1782,0.2544,-0.0711,0.2556
9,2023-08-09,1.0,0.3318,0.1807,0.2656,-0.0736,0.255
10,2023-08-09,1.0,0.273,0.149,0.2108,-0.0692,0.2409
11,2023-08-09,1.0,0.2182,0.1125,0.2221,0.0029,0.5199
12,2023-08-09,1.0,0.2958,0.1517,0.2321,-0.0908,0.2328
13,2023-08-09,1.0,0.3103,0.1596,0.2127,-0.0716,0.1305
14,2023-08-09,1.0,0.2646,0.1368,0.3062,0.0499,0.6794
15,2023-08-09,1.0,0.2809,0.1516,0.2286,-0.0564,0.2546
16,2023-08-09,1.0,0.2423,0.145,0.1414,-0.1005,0.1417
17,2023-08-09,1.0,0.2963,0.1432,0.2604,-0.0153,0.4145
18,2023-08-09,1.0,0.2611,0.1313,0.2925,0.0244,0.5734
19,2023-08-09,1.0,0.2392,0.1346,0.1708,-0.1208,0.1333
20,2023-08-09,1.0,0.2202,0.139,0.069,-0.1549,0.1011
21,2023-08-09,1.0,0.2683,0.1462,0.2556,-0.0599,0.3376
22,2023-08-09,1.0,0.4504,0.2877,0.2971,-0.1618,0.1654
23,2023-08-09,1.0,0.2848,0.1534,0.2158,-0.0854,0.1744
24,2023-08-09,1.0,0.1962,0.1152,0.0899,-0.0769,0.2573
25,2023-08-09,1.0,0.4747,0.294,0.2015,-0.2651,0.0027
1,2023-08-11,0.9981,0.1725,0.0804,0.1651,-0.002,0.4923
2,2023-08-11,0.941,0.3213,0.1478,0.2625,-0.0757,0.3573
3,2023-08-11,1.0,0.2238,0.1134,0.2859,0.0619,0.6529
4,2023-08-11,0.9917,0.2672,0.1319,0.2078,-0.0641,0.214
5,2023-08-11,0.9512,0.1685,0.0696,0.1876,0.0474,0.6737
6,2023-08-11,1.0,0.2227,0.1187,0.1738,-0.0761,0.2321
7,2023-08-11,0.9623,0.2953,0.1426,0.2467,-0.0306,0.4216
8,2023-08-11,0.9139,0.3465,0.1577,0.2425,-0.0962,0.2124
9,2023-08-11,0.9953,0.3338,0.1662,0.2679,-0.0684,0.3361
10,2023-08-11,0.9947,0.2935,0.1458,0.2103,-0.0979,0.2709
11,2023-08-11,1.0,0.2204,0.1095,0.2103,0.0058,0.5177
12,2023-08-11,0.9931,0.2989,0.1323,0.2445,-0.0792,0.3323
13,2023-08-11,1.0,0.3567,0.1624,0.1976,-0.1472,0.1005
14,2023-08-11,0.9733,0.2394,0.1178,0.3076,0.0912,0.716
15,2023-08-11,0.9966,0.2555,0.1237,0.245,-0.002,0.4934
16,2023-08-11,1.0,0.2599,0.1453,0.1379,-0.149,0.0806
17,2023-08-11,1.0,0.3139,0.1355,0.2693,-0.0188,0.4324
18,2023-08-11,1.0,0.2471,0.1176,0.2934,0.0494,0.5925
19,2023-08-11,1.0,0.2974,0.1504,0.1573,-0.2068,0.1378
20,2023-08-11,1.0,0.2487,0.1467,0.0794,-0.2156,0.0229
21,2023-08-11,0.8762,0.2161,0.1112,0.2643,0.0399,0.5949
22,2023-08-11,0.4121,0.4734,0.2375,0.3246,-0.0952,0.1973
23,2023-08-11,1.0,0.2868,0.1442,0.2089,-0.1149,0.2038
24,2023-08-11,1.0,0.269,0.131,0.0862,-0.1357,0.2595
25,2023-08-11,1.0,0.5309,0.2724,0.1734,-0.4485,0.0005
1,2023-08-14,1.0,0.2073,0.0891,0.1742,-0.0322,0.4012
2,2023-08-14,1.0,0.3761,0.1771,0.2766,-0.1193,0.2347
3,2023-08-14,1.0,0.2565,0.1208,0.3338,0.0928,0.7078
4,2023-08-14,1.0,0.2956,0.1438,0.2203,-0.071,0.2347
5,2023-08-14,1.0,0.2095,0.0865,0.1978,-0.0359,0.4089
6,2023-08-14,1.0,0.2542,0.1309,0.1894,-0.0853,0.2132
7,2023-08-14,1.0,0.3292,0.1635,0.2675,-0.0701,0.3419
8,2023-08-14,1.0,0.3969,0.1855,0.2637,-0.1311,0.1719
9,2023-08-14,0.9977,0.3634,0.1757,0.2872,-0.0999,0.2981
10,2023-08-14,1.0,0.3101,0.1522,0.2372,-0.0903,0.2694
11,2023-08-14,1.0,0.2491,0.124,0.2413,0.0044,0.5197
12,2023-08-14,1.0,0.3421,0.1559,0.256,-0.1343,0.2351
13,2023-08-14,1.0,0.3651,0.1651,0.2334,-0.1136,0.1172
14,2023-08-14,1.0,0.2993,0.148,0.3362,0.0348,0.5692
15,2023-08-14,1.0,0.3148,0.1524,0.2593,-0.0594,0.3095
16,2023-08-14,1.0,0.2854,0.1625,0.1457,-0.1414,0.1034
17,2023-08-14,1.0,0.3316,0.139,0.2895,-0.023,0.4172
18,2023-08-14,1.0,0.2802,0.1234,0.3306,0.0517,0.5966
19,2023-08-14,1.0,0.2913,0.1514,0.2071,-0.1342,0.2108
20,2023-08-14,1.0,0.2593,0.1488,0.0799,-0.1877,0.0966
21,2023-08-14,1.0,0.2863,0.1409,0.289,-0.0433,0.4148
22,2023-08-14,1.0,0.5755,0.3388,0.2932,-0.402,0.0561
23,2023-08-14,1.0,0.3288,0.1642,0.2467,-0.096,0.2445
24,2023-08-14,1.0,0.2823,0.1364,0.1169,-0.1091,0.2982
25,2023-08-14,1.0,0.6029,0.3245,0.2179,-0.4139,0.0005
1,2023-08-16,1.0,0.1755,0.0789,0.1729,0.006,0.5211
2,2023-08-16,1.0,0.3533,0.1749,0.2727,-0.1061,0.2805
3,2023-08-16,0.7439,0.2249,0.0979,0.3765,0.1938,0.9143
4,2023-08-16,1.0,0.2813,0.1401,0.2323,-0.0303,0.3719
5,2023-08-16,1.0,0.1946,0.092,0.2122,0.0107,0.5426
6,2023-08-16,1.0,0.2061,0.1059,0.1636,-0.0519,0.2543
7,2023-08-16,0.7965,0.2567,0.1208,0.2351,0.0139,0.5358
8,2023-08-16,1.0,0.3933,0.1894,0.2564,-0.1371,0.1879
9,2023-08-16,0.9898,0.3355,0.1649,0.2769,-0.043,0.3948
10,2023-08-16,1.0,0.2936,0.147,0.2378,-0.0625,0.3491
11,2023-08-16,1.0,0.2128,0.1058,0.239,0.0446,0.6619
12,2023-08-16,0.9968,0.3231,0.1498,0.2533,-0.0745,0.3335
13,2023-08-16,1.0,0.3463,0.1604,0.2223,-0.1008,0.1822
14,2023-08-16,0.2152,0.1869,0.0796,0.4098,0.3111,0.9967
15,2023-08-16,1.0,0.2843,0.1393,0.2647,-0.008,0.4739
16,2023-08-16,1.0,0.2599,0.1478,0.1591,-0.1135,0.1485
17,2023-08-16,1.0,0.3161,0.1395,0.2951,0.0125,0.5459
18,2023-08-16,1.0,0.2532,0.1135,0.3329,0.101,0.6729
19,2023-08-16,1.0,0.2766,0.1423,0.1926,-0.1368,0.2334
20,2023-08-16,1.0,0.242,0.1407,0.0885,-0.1781,0.0422
21,2023-08-16,1.0,0.2707,0.1295,0.2951,0.0176,0.5439
22,2023-08-16,1.0,0.5003,0.2923,0.2781,-0.3232,0.064
23,2023-08-16,1.0,0.2819,0.1387,0.2196,-0.0833,0.2665
24,2023-08-16,1.0,0.2896,0.1416,0.128,-0.0896,0.3648
25,2023-08-16,1.0,0.5714,0.294,0.1918,-0.417,0.0005
1,2023-08-19,1.0,0.1827,0.0794,0.1713,-0.0111,0.4608
2,2023-08-19,1.0,0.3503,0.1667,0.2804,-0.0689,0.312
3,2023-08-19,1.0,0.2227,0.0908,0.3735,0.1682,0.8278
4,2023-08-19,1.0,0.2765,0.133,0.2376,-0.0237,0.4055
5,2023-08-19,1.0,0.2041,0.0873,0.1976,-0.0335,0.4123
6,2023-08-19,1.0,0.2278,0.1162,0.2015,-0.0483,0.3194
7,2023-08-19,1.0,0.2954,0.1417,0.2813,-0.0052,0.483
8,2023-08-19,1.0,0.3695,0.1765,0.2629,-0.1011,0.2361
9,2023-08-19,1.0,0.3317,0.1599,0.2929,-0.0559,0.3711
10,2023-08-19,1.0,0.2807,0.1413,0.2447,-0.0468,0.3749
11,2023-08-19,1.0,0.2196,0.1023,0.2484,0.0372,0.6337
12,2023-08-19,1.0,0.3111,0.1413,0.2495,-0.0964,0.3012
13,2023-08-19,1.0,0.3287,0.152,0.2398,-0.0657,0.2485
14,2023-08-19,1.0,0.2702,0.1265,0.3731,0.106,0.7543
15,2023-08-19,1.0,0.2864,0.1411,0.2546,-0.0341,0.3863
16,2023-08-19,1.0,0.2526,0.1392,0.1623,-0.0941,0.1875
17,2023-08-19,1.0,0.3078,0.1291,0.2956,0.0178,0.57
18,2023-08-19,1.0,0.2578,0.1085,0.3468,0.1044,0.6865
19,2023-08-19,1.0,0.2445,0.1253,0.2155,-0.0951,0.2779
20,2023-08-19,1.0,0.2328,0.1337,0.0937,-0.1418,0.111
21,2023-08-19,1.0,0.2661,0.1307,0.2898,-0.02,0.4543
22,2023-08-19,1.0,0.507,0.3105,0.2792,-0.2978,0.0813
23,2023-08-19,1.0,0.2991,0.1446,0.2422,-0.0679,0.2866
24,2023-08-19,1.0,0.2232,0.1133,0.1547,-0.0468,0.3927
25,2023-08-19,1.0,0.5002,0.2877,0.1965,-0.3278,0.0011
1,2023-08-21,1.0,0.1965,0.0787,0.1888,0.007,0.5211
2,2023-08-21,1.0,0.3918,0.1681,0.3041,-0.0709,0.3349
3,2023-08-21,1.0,0.2433,0.1003,0.385,0.1748,0.8019
4,2023-08-21,1.0,0.2936,0.1287,0.2696,0.011,0.5414
5,2023-08-21,1.0,0.212,0.0805,0.2335,0.0104,0.5271
6,2023-08-21,1.0,0.2423,0.115,0.2318,-0.0161,0.4456
7,2023-08-21,1.0,0.3188,0.1439,0.3183,0.0306,0.5784
8,2023-08-21,1.0,0.4048,0.1727,0.2929,-0.0863,0.303
9,2023-08-21,1.0,0.3544,0.1613,0.3155,-0.0326,0.4218
10,2023-08-21,1.0,0.3033,0.1394,0.2751,-0.027,0.4427
11,2023-08-21,1.0,0.2383,0.1067,0.2735,0.0672,0.7082
12,2023-08-21,1.0,0.3232,0.1297,0.2763,-0.0609,0.3533
13,2023-08-21,1.0,0.3618,0.15,0.2645,-0.0528,0.316
14,2023-08-21,1.0,0.2876,0.1265,0.3994,0.1367,0.7911
15,2023-08-21,1.0,0.2994,0.1344,0.2835,0.0096,0.5252
16,2023-08-21,1.0,0.2695,0.1379,0.1974,-0.068,0.2704
17,2023-08-21,1.0,0.3323,0.1247,0.3339,0.0587,0.6756
18,2023-08-21,1.0,0.2691,0.1097,0.3673,0.1317,0.7014
19,2023-08-21,1.0,0.2738,0.1292,0.2372,-0.0944,0.3002
20,2023-08-21,1.0,0.2525,0.1324,0.1189,-0.1298,0.1273
21,2023-08-21,1.0,0.2784,0.1294,0.3061,-0.002,0.4965
22,2023-08-21,1.0,0.5226,0.2797,0.3084,-0.2701,0.1206
23,2023-08-21,1.0,0.3294,0.1452,0.264,-0.0595,0.3322
24,2023-08-21,1.0,0.26,0.1201,0.1478,-0.0585,0.4132
25,2023-08-21,1.0,0.5301,0.272,0.2268,-0.3268,0.0044
1,2023-08-24,1.0,0.1856,0.0898,0.164,-0.0327,0.3669
2,2023-08-24,1.0,0.3576,0.1658,0.2852,-0.0712,0.3094
3,2023-08-24,1.0,0.2418,0.1269,0.2894,0.041,0.629
4,2023-08-24,1.0,0.2822,0.1397,0.2224,-0.047,0.3
5,2023-08-24,1.0,0.2022,0.0937,0.1836,-0.0346,0.3947
6,2023-08-24,1.0,0.2323,0.1294,0.1845,-0.0733,0.1782
7,2023-08-24,1.0,0.295,0.1508,0.2701,-0.0173,0.4316
8,2023-08-24,1.0,0.3775,0.1795,0.2683,-0.0856,0.231
9,2023-08-24,1.0,0.339,0.1737,0.2834,-0.0664,0.3023
10,2023-08-24,1.0,0.2851,0.1459,0.2239,-0.0695,0.2567
11,2023-08-24,1.0,0.2341,0.125,0.2249,-0.003,0.4826
12,2023-08-24,1.0,0.2964,0.1348,0.2528,-0.0689,0.2926
13,2023-08-24,1.0,0.325,0.1564,0.2298,-0.0732,0.1345
14,2023-08-24,1.0,0.2869,0.1496,0.3108,0.0349,0.6081
15,2023-08-24,1.0,0.2894,0.148,0.2539,-0.0374,0.3367
16,2023-08-24,1.0,0.2618,0.1594,0.1482,-0.113,0.1384
17,2023-08-24,1.0,0.319,0.1358,0.2822,-0.0111,0.4403
18,2023-08-24,1.0,0.2503,0.122,0.2926,0.0292,0.585
19,2023-08-24,1.0,0.269,0.1467,0.18,-0.1399,0.0971
20,2023-08-24,1.0,0.2375,0.1463,0.0824,-0.1656,0.1191
21,2023-08-24,1.0,0.2713,0.1372,0.2651,-0.0421,0.3634
22,2023-08-24,1.0,0.4678,0.2732,0.309,-0.1947,0.128
23,2023-08-24,1.0,0.2899,0.1515,0.2322,-0.0751,0.2053
24,2023-08-24,1.0,0.2011,0.1124,0.087,-0.1017,0.276
25,2023-08-24,1.0,0.4934,0.2801,0.2314,-0.2532,0.0065
1,2023-08-26,1.0,0.1888,0.0851,0.1487,-0.0468,0.3222
2,2023-08-26,0.9891,0.3558,0.1673,0.2718,-0.0762,0.2795
3,2023-08-26,1.0,0.2389,0.1182,0.2745,0.0339,0.6168
4,2023-08-26,0.9934,0.2843,0.1406,0.2002,-0.0638,0.2129
5,2023-08-26,0.9856,0.2109,0.0909,0.1762,-0.0344,0.4037
6,2023-08-26,1.0,0.23,0.1222,0.1642,-0.0887,0.152
7,2023-08-26,1.0,0.3039,0.151,0.2492,-0.0514,0.3365
8,2023-08-26,0.9612,0.372,0.1761,0.2615,-0.0905,0.2327
9,2023-08-26,1.0,0.3366,0.1706,0.2596,-0.0858,0.2669
10,2023-08-26,1.0,0.289,0.1428,0.2067,-0.0922,0.2075
11,2023-08-26,1.0,0.2306,0.116,0.2114,-0.0157,0.4223
12,2023-08-26,0.9877,0.3037,0.1377,0.2364,-0.0919,0.2734
13,2023-08-26,1.0,0.3387,0.1573,0.2069,-0.0978,0.1041
14,2023-08-26,0.9892,0.2745,0.139,0.2921,0.0237,0.5836
15,2023-08-26,1.0,0.2805,0.1365,0.2336,-0.0435,0.3134
16,2023-08-26,1.0,0.2599,0.1477,0.1383,-0.1316,0.1075
17,2023-08-26,1.0,0.3207,0.1409,0.2806,-0.0033,0.4859
18,2023-08-26,1.0,0.2626,0.1224,0.2869,0.0233,0.5571
19,2023-08-26,1.0,0.272,0.1414,0.1762,-0.1515,0.1208
20,2023-08-26,1.0,0.2379,0.1375,0.068,-0.1819,0.1021
21,2023-08-26,0.9907,0.2652,0.1341,0.2511,-0.0395,0.3901
22,2023-08-26,0.857,0.4694,0.2751,0.3145,-0.1882,0.108
23,2023-08-26,1.0,0.3027,0.1507,0.2176,-0.0988,0.1592
24,2023-08-26,1.0,0.2321,0.1255,0.0898,-0.1054,0.2311
25,2023-08-26,1.0,0.4904,0.2674,0.2039,-0.2883,0.0109
1,2023-08-29,1.0,0.2105,0.0861,0.1618,-0.0218,0.4147
2,2023-08-29,1.0,0.3969,0.1778,0.2917,-0.072,0.2944
3,2023-08-29,1.0,0.2624,0.115,0.3374,0.1111,0.7827
4,2023-08-29,1.0,0.2961,0.1403,0.2095,-0.0463,0.3158
5,2023-08-29,1.0,0.2182,0.0868,0.1889,-0.0138,0.4603
6,2023-08-29,1.0,0.2515,0.1264,0.176,-0.0662,0.2387
7,2023-08-29,1.0,0.3168,0.1528,0.2691,-0.0233,0.4202
8,2023-08-29,1.0,0.4038,0.1817,0.2802,-0.0831,0.2756
9,2023-08-29,1.0,0.3631,0.1723,0.2889,-0.0589,0.3587
10,2023-08-29,1.0,0.3009,0.1439,0.2305,-0.0547,0.3342
11,2023-08-29,1.0,0.25,0.1123,0.2407,0.0194,0.5895
12,2023-08-29,1.0,0.3109,0.1333,0.2488,-0.0703,0.3218
13,2023-08-29,1.0,0.348,0.1561,0.2398,-0.0628,0.2029
14,2023-08-29,1.0,0.3062,0.1422,0.3394,0.0663,0.6912
15,2023-08-29,1.0,0.3039,0.1454,0.2506,-0.0249,0.3882
16,2023-08-29,1.0,0.2782,0.1485,0.1445,-0.1122,0.1749
17,2023-08-29,1.0,0.3261,0.1331,0.2912,0.0175,0.5798
18,2023-08-29,1.0,0.2884,0.1234,0.3408,0.0848,0.6904
19,2023-08-29,1.0,0.2715,0.1305,0.2228,-0.0926,0.2438
20,2023-08-29,1.0,0.2607,0.1432,0.0745,-0.1693,0.1437
21,2023-08-29,1.0,0.2956,0.1419,0.2957,-0.0083,0.4769
22,2023-08-29,1.0,0.4893,0.2694,0.306,-0.178,0.1388
23,2023-08-29,1.0,0.3246,0.1492,0.2638,-0.0458,0.3459
24,2023-08-29,1.0,0.2352,0.1177,0.133,-0.0644,0.3233
25,2023-08-29,1.0,0.4953,0.2725,0.233,-0.2423,0.0288
1,2023-08-31,1.0,0.1907,0.0844,0.1795,-0.0077,0.4692
2,2023-08-31,1.0,0.3462,0.1621,0.2745,-0.0627,0.3081
3,2023-08-31,1.0,0.2394,0.1078,0.3745,0.1567,0.8143
4,2023-08-31,1.0,0.2765,0.1333,0.2313,-0.0245,0.3898
5,2023-08-31,1.0,0.2085,0.0907,0.2078,-0.0105,0.4699
6,2023-08-31,1.0,0.2322,0.1207,0.1992,-0.048,0.3108
7,2023-08-31,0.9895,0.3066,0.1512,0.28,-0.0156,0.4502
8,2023-08-31,1.0,0.3695,0.1722,0.2632,-0.0852,0.2526
9,2023-08-31,1.0,0.3333,0.1643,0.286,-0.0444,0.387
10,2023-08-31,1.0,0.2893,0.1453,0.2453,-0.0489,0.3643
11,2023-08-31,1.0,0.232,0.1141,0.2516,0.0305,0.6241
12,2023-08-31,1.0,0.3005,0.1312,0.2607,-0.0678,0.3343
13,2023-08-31,1.0,0.341,0.1568,0.2386,-0.0686,0.2198
14,2023-08-31,1.0,0.2805,0.1377,0.3597,0.0831,0.725
15,2023-08-31,1.0,0.2878,0.1425,0.267,-0.0169,0.4433
16,2023-08-31,1.0,0.2643,0.1495,0.1662,-0.1015,0.1548
17,2023-08-31,1.0,0.3115,0.1312,0.2974,0.0212,0.5907
18,2023-08-31,1.0,0.2607,0.1126,0.3514,0.1112,0.7111
19,2023-08-31,1.0,0.2724,0.1389,0.2211,-0.0998,0.269
20,2023-08-31,1.0,0.2406,0.1371,0.0935,-0.1486,0.1028
21,2023-08-31,1.0,0.261,0.1273,0.3273,0.0381,0.5994
22,2023-08-31,1.0,0.4442,0.2583,0.2797,-0.2009,0.0981
23,2023-08-31,1.0,0.3091,0.1494,0.2481,-0.0644,0.2999
24,2023-08-31,1.0,0.2313,0.1128,0.1543,-0.038,0.4001
25,2023-08-31,1.0,0.5006,0.2771,0.21,-0.3049,0.0054
1,2023-09-03,1.0,0.218,0.0981,0.2148,-0.0052,0.4863
2,2023-09-03,1.0,0.4256,0.1951,0.2941,-0.2041,0.2039
3,2023-09-03,1.0,0.2641,0.1137,0.4333,0.1995,0.7705
4,2023-09-03,1.0,0.3362,0.156,0.2747,-0.0559,0.3418
5,2023-09-03,1.0,0.2333,0.1044,0.2468,-0.0084,0.47
6,2023-09-03,1.0,0.2794,0.1411,0.2505,-0.058,0.3458
7,2023-09-03,1.0,0.3813,0.1815,0.3286,-0.0633,0.3948
8,2023-09-03,1.0,0.464,0.207,0.2814,-0.2211,0.1504
9,2023-09-03,1.0,0.3978,0.1842,0.3227,-0.0944,0.3409
10,2023-09-03,1.0,0.3592,0.1694,0.2895,-0.1015,0.3406
11,2023-09-03,1.0,0.2686,0.1364,0.2899,0.0466,0.6168
12,2023-09-03,1.0,0.3803,0.1618,0.2987,-0.1416,0.2939
13,2023-09-03,1.0,0.4231,0.1812,0.2724,-0.145,0.1773
14,2023-09-03,1.0,0.3077,0.1554,0.4197,0.1037,0.6599
15,2023-09-03,1.0,0.3427,0.1655,0.2972,-0.0502,0.3988
16,2023-09-03,1.0,0.331,0.1882,0.2015,-0.1502,0.1531
17,2023-09-03,1.0,0.3835,0.1483,0.3344,-0.0382,0.4205
18,2023-09-03,1.0,0.2908,0.1246,0.3977,0.1153,0.6481
19,2023-09-03,1.0,0.362,0.174,0.2528,-0.1763,0.2708
20,2023-09-03,1.0,0.3087,0.1737,0.1235,-0.2081,0.0625
21,2023-09-03,1.0,0.3109,0.1475,0.3464,-0.0037,0.4911
22,2023-09-03,1.0,0.6574,0.3576,0.3007,-0.6815,0.029
23,2023-09-03,1.0,0.378,0.181,0.2832,-0.1355,0.2714
24,2023-09-03,1.0,0.3281,0.1303,0.1919,-0.084,0.4035
25,2023-09-03,1.0,0.7989,0.3718,0.2291,-0.7479,0.0016
1,2023-09-05,0.9954,0.1924,0.0844,0.1971,0.0095,0.5329
2,2023-09-05,0.9094,0.3618,0.1745,0.3001,-0.0513,0.3777
3,2023-09-05,1.0,0.2362,0.1128,0.3525,0.1171,0.7817
4,2023-09-05,1.0,0.2872,0.1408,0.2751,0.0138,0.5536
5,2023-09-05,0.9965,0.2076,0.0845,0.2444,0.0331,0.6013
6,2023-09-05,1.0,0.2339,0.1205,0.2359,-0.0191,0.432
7,2023-09-05,1.0,0.3089,0.1529,0.3173,0.0253,0.5733
8,2023-09-05,0.9867,0.3862,0.1808,0.2894,-0.0747,0.307
9,2023-09-05,0.972,0.343,0.1731,0.3141,-0.033,0.4089
10,2023-09-05,1.0,0.2959,0.1482,0.2768,-0.0254,0.4351
11,2023-09-05,1.0,0.2254,0.1127,0.2701,0.0602,0.7089
12,2023-09-05,0.9894,0.3124,0.1435,0.289,-0.0401,0.3876
13,2023-09-05,1.0,0.3508,0.1647,0.2622,-0.0527,0.3126
14,2023-09-05,1.0,0.2664,0.1326,0.3822,0.1252,0.8232
15,2023-09-05,1.0,0.2828,0.14,0.29,0.0156,0.5449
16,2023-09-05,1.0,0.2586,0.1492,0.1952,-0.0722,0.2354
17,2023-09-05,1.0,0.3284,0.1356,0.332,0.056,0.6884
18,2023-09-05,1.0,0.2693,0.1202,0.3336,0.0798,0.6588
19,2023-09-05,1.0,0.2866,0.1465,0.2257,-0.113,0.2571
20,2023-09-05,1.0,0.2467,0.1421,0.124,-0.1289,0.1267
21,2023-09-05,1.0,0.2687,0.1326,0.3257,0.0316,0.5945
22,2023-09-05,1.0,0.4762,0.2854,0.324,-0.2286,0.1411
23,2023-09-05,1.0,0.3125,0.1529,0.25,-0.0747,0.3052
24,2023-09-05,0.6323,0.2275,0.0967,0.2359,0.0443,0.6517
25,2023-09-05,0.8433,0.5017,0.2813,0.2222,-0.3179,0.0019
1,2023-09-08,0.9981,0.207,0.0842,0.1431,-0.0454,0.3566
2,2023-09-08,1.0,0.3735,0.1645,0.265,-0.0977,0.3116
3,2023-09-08,1.0,0.2625,0.1202,0.2962,0.0563,0.649
4,2023-09-08,1.0,0.3175,0.1513,0.1996,-0.0937,0.1898
5,2023-09-08,1.0,0.2217,0.0788,0.1638,-0.0259,0.424
6,2023-09-08,1.0,0.2708,0.1389,0.1646,-0.1082,0.1347
7,2023-09-08,0.9979,0.3317,0.1567,0.2541,-0.041,0.3822
8,2023-09-08,0.9821,0.3993,0.1806,0.2475,-0.1298,0.1847
9,2023-09-08,1.0,0.3642,0.1758,0.2611,-0.0885,0.2908
10,2023-09-08,0.995,0.3265,0.1543,0.2104,-0.1079,0.2236
11,2023-09-08,1.0,0.2544,0.1203,0.217,-0.0123,0.4507
12,2023-09-08,1.0,0.3394,0.1458,0.2337,-0.1047,0.2725
13,2023-09-08,1.0,0.3778,0.1663,0.2033,-0.1358,0.0832
14,2023-09-08,0.9431,0.2859,0.1343,0.306,0.0605,0.6529
15,2023-09-08,1.0,0.3218,0.1522,0.2383,-0.0648,0.2982
16,2023-09-08,1.0,0.3054,0.1675,0.1297,-0.164,0.0943
17,2023-09-08,1.0,0.3596,0.1489,0.2644,-0.0626,0.2883
18,2023-09-08,1.0,0.2911,0.1283,0.2956,0.0108,0.5264
19,2023-09-08,1.0,0.3149,0.155,0.1744,-0.1811,0.1306
20,2023-09-08,1.0,0.2937,0.1659,0.0651,-0.2282,0.0671
21,2023-09-08,1.0,0.2856,0.1358,0.2652,-0.0389,0.4068
22,2023-09-08,0.9986,0.4595,0.2451,0.3022,-0.1364,0.2845
23,2023-09-08,1.0,0.3505,0.1692,0.2179,-0.1495,0.1431
24,2023-09-08,1.0,0.2889,0.1349,0.0841,-0.1356,0.2408
25,2023-09-08,1.0,0.6101,0.3281,0.1975,-0.4637,0.0005
1,2023-09-10,0.9655,0.1895,0.0891,0.1669,-0.0278,0.4069
2,2023-09-10,0.9832,0.3722,0.1785,0.2938,-0.0885,0.2871
3,2023-09-10,1.0,0.2438,0.127,0.3051,0.0589,0.6794
4,2023-09-10,1.0,0.2996,0.1534,0.2266,-0.0543,0.2816
5,2023-09-10,0.9904,0.2077,0.0931,0.2004,-0.0195,0.4478
6,2023-09-10,1.0,0.2439,0.1379,0.1883,-0.0774,0.2059
7,2023-09-10,0.9519,0.3143,0.1639,0.2788,-0.0278,0.4195
8,2023-09-10,0.9868,0.3883,0.1842,0.2874,-0.0817,0.2954
9,2023-09-10,0.9991,0.3456,0.1814,0.284,-0.0617,0.3432
10,2023-09-10,1.0,0.3011,0.1574,0.2352,-0.0696,0.3029
11,2023-09-10,1.0,0.2288,0.121,0.2331,0.0072,0.5344
12,2023-09-10,0.973,0.2975,0.1358,0.2562,-0.0714,0.3423
13,2023-09-10,1.0,0.355,0.1688,0.2305,-0.0928,0.1564
14,2023-09-10,0.981,0.2774,0.1454,0.3188,0.0486,0.6453
15,2023-09-10,1.0,0.2905,0.15,0.271,-0.0148,0.4421
16,2023-09-10,1.0,0.2684,0.1628,0.1532,-0.1191,0.1391
17,2023-09-10,1.0,0.3376,0.1504,0.2996,-0.0069,0.4707
18,2023-09-10,1.0,0.2738,0.1339,0.3156,0.0345,0.5803
19,2023-09-10,1.0,0.2873,0.1581,0.2015,-0.1508,0.1452
20,2023-09-10,1.0,0.2644,0.1624,0.0853,-0.1908,0.0979
21,2023-09-10,0.9499,0.2583,0.1364,0.2833,-0.0102,0.4657
22,2023-09-10,0.3472,0.4546,0.2687,0.3245,-0.1883,0.1198
23,2023-09-10,1.0,0.3212,0.1659,0.2476,-0.086,0.2313
24,2023-09-10,1.0,0.2553,0.1322,0.1031,-0.1022,0.3051
25,2023-09-10,0.9189,0.5428,0.3057,0.2344,-0.3188,0.0166
1,2023-09-13,1.0,0.2285,0.1007,0.1758,-0.0562,0.346
2,2023-09-13,1.0,0.4442,0.2188,0.2767,-0.2266,0.1653
3,2023-09-13,1.0,0.2743,0.1292,0.3583,0.1017,0.6908
4,2023-09-13,1.0,0.3372,0.168,0.2301,-0.1052,0.2011
5,2023-09-13,1.0,0.2514,0.1099,0.2031,-0.0599,0.3173
6,2023-09-13,1.0,0.2848,0.152,0.2021,-0.1047,0.1891
7,2023-09-13,1.0,0.3774,0.1924,0.2905,-0.0994,0.3221
8,2023-09-13,1.0,0.4788,0.234,0.2659,-0.2492,0.1177
9,2023-09-13,1.0,0.3988,0.2009,0.2929,-0.1226,0.2881
10,2023-09-13,1.0,0.3553,0.1773,0.2466,-0.1417,0.2301
11,2023-09-13,1.0,0.2705,0.1388,0.2547,0.0002,0.5004
12,2023-09-13,1.0,0.3801,0.1714,0.2656,-0.1562,0.2337
13,2023-09-13,1.0,0.4217,0.1966,0.2409,-0.1725,0.0942
14,2023-09-13,1.0,0.3156,0.1583,0.3606,0.0379,0.5699
15,2023-09-13,1.0,0.3401,0.1664,0.2826,-0.0685,0.3264
16,2023-09-13,1.0,0.3366,0.2015,0.1606,-0.1852,0.0996
17,2023-09-13,1.0,0.401,0.177,0.2945,-0.102,0.2725
18,2023-09-13,1.0,0.2971,0.1321,0.3419,0.0409,0.5615
19,2023-09-13,1.0,0.3545,0.1922,0.214,-0.2064,0.1761
20,2023-09-13,1.0,0.3227,0.1937,0.0814,-0.2561,0.0592
21,2023-09-13,1.0,0.3009,0.1492,0.306,-0.0564,0.3957
22,2023-09-13,1.0,0.6839,0.4329,0.2881,-0.6881,0.0238
23,2023-09-13,1.0,0.3854,0.1948,0.2574,-0.1604,0.2004
24,2023-09-13,1.0,0.3276,0.1562,0.1314,-0.1389,0.3028
25,2023-09-13,1.0,0.722,0.3983,0.2267,-0.6137,0.0011
1,2023-09-15,0.9637,0.2299,0.113,0.1963,-0.0394,0.3805
2,2023-09-15,0.746,0.4266,0.2071,0.284,-0.1664,0.232
3,2023-09-15,1.0,0.2714,0.1389,0.3924,0.1276,0.757
4,2023-09-15,0.9779,0.3561,0.1876,0.2589,-0.0799,0.2504
5,2023-09-15,0.9208,0.2132,0.1122,0.2121,-0.0174,0.4551
6,2023-09-15,0.9958,0.2852,0.1583,0.2273,-0.0866,0.2434
7,2023-09-15,0.9741,0.3859,0.2044,0.316,-0.0712,0.3657
8,2023-09-15,0.903,0.4646,0.2369,0.2904,-0.1526,0.1655
9,2023-09-15,0.7768,0.3611,0.1982,0.2935,-0.0871,0.3234
10,2023-09-15,1.0,0.3623,0.1911,0.277,-0.1087,0.2721
11,2023-09-15,1.0,0.273,0.1454,0.2791,0.022,0.5717
12,2023-09-15,0.7974,0.3543,0.1698,0.3056,-0.0783,0.31
13,2023-09-15,1.0,0.4348,0.2161,0.2703,-0.1359,0.1284
14,2023-09-15,0.9047,0.2954,0.1609,0.3745,0.0781,0.7133
15,2023-09-15,0.9237,0.3238,0.1705,0.3052,-0.0259,0.419
16,2023-09-15,1.0,0.3451,0.2127,0.1876,-0.1744,0.1026
17,2023-09-15,1.0,0.4102,0.1919,0.3288,-0.0459,0.38
18,2023-09-15,0.854,0.287,0.1394,0.3903,0.118,0.7209
19,2023-09-15,0.9709,0.3735,0.1984,0.2547,-0.1939,0.2174
20,2023-09-15,1.0,0.3205,0.1988,0.1002,-0.2367,0.0864
21,2023-09-15,0.8758,0.277,0.1472,0.3377,0.0267,0.5578
22,2023-09-15,0.093,0.3887,0.1861,0.3178,-0.1186,0.1558
23,2023-09-15,1.0,0.3732,0.1942,0.2844,-0.1168,0.2504
24,2023-09-15,0.539,0.254,0.113,0.2744,0.0418,0.623
25,2023-09-15,0.9287,0.6976,0.3797,0.2523,-0.5237,0.0006
1,2023-09-18,1.0,0.1802,0.0957,0.194,0.015,0.5634
2,2023-09-18,0.7397,0.3254,0.1607,0.3108,0.0153,0.5361
3,2023-09-18,1.0,0.242,0.1183,0.4043,0.1857,0.8995
4,2023-09-18,0.6966,0.2452,0.1375,0.2606,0.0435,0.6997
5,2023-09-18,0.8117,0.0202,0.0204,0.1421,0.0382,0.597
6,2023-09-18,1.0,0.2555,0.1435,0.227,-0.0508,0.3205
7,2023-09-18,0.7851,0.297,0.1554,0.3377,0.0741,0.7684
8,2023-09-18,0.5423,0.2983,0.141,0.3369,0.104,0.9209
9,2023-09-18,1.0,0.3024,0.1614,0.3294,0.0487,0.6997
10,2023-09-18,0.1988,0.1393,0.0669,0.3389,0.2638,0.9911
11,2023-09-18,1.0,0.2476,0.1306,0.2691,0.035,0.6175
12,2023-09-18,0.9968,0.3152,0.1494,0.2826,-0.0574,0.3511
13,2023-09-18,0.6373,0.2558,0.1324,0.3257,0.1098,0.9824
14,2023-09-18,0.2219,0.1593,0.0899,0.438,0.3205,0.9978
15,2023-09-18,1.0,0.2789,0.1521,0.2817,0.0034,0.5146
16,2023-09-18,1.0,0.2932,0.1747,0.1878,-0.112,0.1706
17,2023-09-18,1.0,0.3179,0.1398,0.3144,0.0376,0.6626
18,2023-09-18,1.0,0.2645,0.1282,0.3715,0.132,0.7891
19,2023-09-18,1.0,0.2914,0.1494,0.2488,-0.1077,0.2533
20,2023-09-18,1.0,0.2584,0.1551,0.1188,-0.1415,0.1522
21,2023-09-18,1.0,0.2474,0.1329,0.3161,0.0531,0.7924
23,2023-09-18,1.0,0.3105,0.162,0.2708,-0.0585,0.3268
24,2023-09-18,0.0472,0.1683,0.0679,0.091,-0.0799,0.0361
25,2023-09-18,1.0,0.2828,0.1779,0.2623,0.0234,0.6997
1,2023-09-20,0.9984,0.2115,0.0943,0.1817,-0.029,0.4073
2,2023-09-20,0.9304,0.3968,0.1796,0.2667,-0.1564,0.2184
3,2023-09-20,0.1596,0.417,0.1778,0.3716,0.0599,0.6719
4,2023-09-20,0.9995,0.3181,0.153,0.2576,-0.0547,0.3061
5,2023-09-20,0.9952,0.228,0.096,0.2267,0.0194,0.5775
6,2023-09-20,1.0,0.2585,0.1306,0.2241,-0.0569,0.2976
7,2023-09-20,1.0,0.347,0.171,0.2931,-0.0344,0.4258
8,2023-09-20,0.9546,0.4046,0.1882,0.2533,-0.1538,0.1592
9,2023-09-20,0.973,0.3553,0.1735,0.2877,-0.0585,0.3817
10,2023-09-20,0.9959,0.3349,0.1611,0.255,-0.0862,0.3189
11,2023-09-20,0.3539,0.3464,0.1574,0.2596,0.0,0.4995
12,2023-09-20,1.0,0.3359,0.1472,0.2678,-0.0994,0.3204
13,2023-09-20,1.0,0.3996,0.1814,0.2389,-0.146,0.148
15,2023-09-20,1.0,0.303,0.1475,0.2791,-0.0228,0.4392
16,2023-09-20,0.8211,0.3344,0.1874,0.1882,-0.1449,0.1185
17,2023-09-20,1.0,0.3691,0.1541,0.3039,-0.0321,0.4156
18,2023-09-20,1.0,0.2721,0.1224,0.3101,0.0455,0.5781
19,2023-09-20,1.0,0.3224,0.163,0.2011,-0.1801,0.1986
20,2023-09-20,1.0,0.2889,0.1648,0.1145,-0.2044,0.0354
21,2023-09-20,1.0,0.2838,0.1353,0.3,-0.0089,0.4791
22,2023-09-20,0.5206,0.4918,0.2502,0.2936,-0.3257,0.0943
23,2023-09-20,1.0,0.3312,0.1615,0.2288,-0.1412,0.2058
24,2023-09-20,1.0,0.3408,0.1493,0.1058,-0.1475,0.2954
25,2023-09-20,0.9956,0.5908,0.3091,0.1941,-0.5012,0.0005
1,2023-09-23,0.5556,0.2202,0.1056,0.2106,-0.0175,0.4258
2,2023-09-23,0.9614,0.3384,0.1573,0.2504,-0.1091,0.2544
3,2023-09-23,1.0,0.2551,0.1299,0.2874,0.0429,0.6212
4,2023-09-23,0.1453,0.2903,0.1427,0.1524,-0.0646,0.2895
5,2023-09-23,0.5182,0.0229,0.0074,0.095,0.0173,0.6051
6,2023-09-23,0.7759,0.2387,0.1354,0.1867,-0.0712,0.2124
7,2023-09-23,1.0,0.3285,0.1678,0.2509,-0.0697,0.3181
8,2023-09-23,0.9984,0.3806,0.1766,0.2405,-0.1305,0.15
9,2023-09-23,1.0,0.3288,0.1671,0.2568,-0.0752,0.3154
10,2023-09-23,0.9554,0.2955,0.1428,0.2165,-0.0912,0.2492
11,2023-09-23,1.0,0.2428,0.1273,0.2164,-0.0077,0.4663
12,2023-09-23,0.997,0.2962,0.1306,0.2311,-0.071,0.3056
13,2023-09-23,0.1182,0.3075,0.1442,0.1806,-0.089,0.1964
14,2023-09-23,1.0,0.2797,0.1438,0.299,0.0404,0.6194
15,2023-09-23,0.9535,0.2757,0.1363,0.242,-0.0194,0.421
16,2023-09-23,1.0,0.2906,0.174,0.1384,-0.1536,0.0712
18,2023-09-23,0.9892,0.262,0.1227,0.2806,0.0205,0.5489
19,2023-09-23,1.0,0.3019,0.1613,0.1741,-0.1825,0.1277
20,2023-09-23,1.0,0.2667,0.1616,0.08,-0.205,0.0478
21,2023-09-23,0.8576,0.2399,0.1151,0.2602,-0.002,0.4935
22,2023-09-23,0.9374,0.4109,0.2255,0.2764,-0.1569,0.2124
23,2023-09-23,1.0,0.3202,0.1676,0.214,-0.1309,0.1543
24,2023-09-23,0.1457,0.1965,0.0959,0.1091,-0.0495,0.3477
25,2023-09-23,1.0,0.5375,0.3002,0.1864,-0.4089,0.0
1,2023-09-25,0.9876,0.2142,0.0894,0.1655,-0.0458,0.3868
2,2023-09-25,0.9959,0.3982,0.1773,0.3016,-0.1289,0.3005
3,2023-09-25,1.0,0.2712,0.1291,0.3182,0.0598,0.6356
4,2023-09-25,1.0,0.3251,0.1547,0.2301,-0.0749,0.271
5,2023-09-25,0.9842,0.2292,0.0888,0.2027,-0.0163,0.4312
6,2023-09-25,1.0,0.2757,0.1415,0.1917,-0.0939,0.2144
7,2023-09-25,0.9673,0.3515,0.1605,0.2794,-0.0431,0.412
8,2023-09-25,1.0,0.4201,0.192,0.2884,-0.1356,0.2303
9,2023-09-25,0.9967,0.374,0.1842,0.2791,-0.0904,0.3105
10,2023-09-25,1.0,0.3484,0.1644,0.2405,-0.113,0.2712
11,2023-09-25,1.0,0.2561,0.1261,0.2442,0.0122,0.5414
12,2023-09-25,1.0,0.3591,0.1554,0.2702,-0.1025,0.2829
13,2023-09-25,1.0,0.4138,0.1868,0.2323,-0.145,0.1438
14,2023-09-25,1.0,0.2963,0.1388,0.3305,0.0674,0.6467
15,2023-09-25,1.0,0.3136,0.1513,0.2729,-0.0288,0.4229
16,2023-09-25,1.0,0.326,0.1836,0.1546,-0.1823,0.096
17,2023-09-25,0.9875,0.3658,0.1574,0.3015,-0.0317,0.4085
18,2023-09-25,1.0,0.3015,0.1384,0.3276,0.0237,0.5369
19,2023-09-25,1.0,0.3658,0.1821,0.2008,-0.2207,0.1416
20,2023-09-25,1.0,0.3239,0.1896,0.0812,-0.2571,0.0481
21,2023-09-25,0.9734,0.2867,0.1335,0.3044,0.0142,0.5296
22,2023-09-25,1.0,0.5062,0.2662,0.3436,-0.3084,0.1864
23,2023-09-25,1.0,0.3723,0.1812,0.2527,-0.1492,0.2077
24,2023-09-25,1.0,0.3477,0.1576,0.0967,-0.1675,0.2658
25,2023-09-25,1.0,0.6847,0.3451,0.2316,-0.5319,0.006
1,2023-09-28,1.0,0.1959,0.0869,0.1527,-0.0293,0.4017
2,2023-09-28,1.0,0.345,0.1661,0.2764,-0.0495,0.3312
3,2023-09-28,1.0,0.2562,0.1168,0.3418,0.1184,0.7939
4,2023-09-28,0.9871,0.2758,0.1387,0.2108,-0.0362,0.3572
5,2023-09-28,1.0,0.2154,0.0905,0.1868,-0.0256,0.4282
6,2023-09-28,1.0,0.2437,0.1296,0.1773,-0.0652,0.2444
7,2023-09-28,1.0,0.3094,0.1565,0.2694,-0.0191,0.433
8,2023-09-28,0.9999,0.351,0.1686,0.2605,-0.0635,0.2938
9,2023-09-28,1.0,0.3283,0.1653,0.2657,-0.0398,0.3889
10,2023-09-28,1.0,0.2859,0.1443,0.2228,-0.0562,0.3202
11,2023-09-28,1.0,0.2384,0.1167,0.2376,0.0224,0.5992
12,2023-09-28,1.0,0.2959,0.1351,0.2455,-0.0627,0.3369
13,2023-09-28,1.0,0.325,0.1553,0.2262,-0.0619,0.2136
14,2023-09-28,1.0,0.2932,0.1438,0.3422,0.0798,0.7317
15,2023-09-28,1.0,0.2854,0.1416,0.2508,-0.0128,0.4443
16,2023-09-28,1.0,0.2793,0.1589,0.1407,-0.1191,0.1505
17,2023-09-28,1.0,0.3091,0.1338,0.2773,0.0123,0.5608
18,2023-09-28,1.0,0.2763,0.1255,0.3195,0.0677,0.6528
19,2023-09-28,1.0,0.2706,0.1411,0.2009,-0.1121,0.2007
20,2023-09-28,1.0,0.2617,0.1543,0.0707,-0.1743,0.1336
21,2023-09-28,1.0,0.269,0.1311,0.2801,0.0001,0.5
22,2023-09-28,1.0,0.4346,0.2593,0.2915,-0.1614,0.1439
23,2023-09-28,1.0,0.3175,0.1576,0.2424,-0.0682,0.2646
24,2023-09-28,1.0,0.2147,0.1045,0.1643,-0.0114,0.4667
25,2023-09-28,1.0,0.4746,0.2699,0.211,-0.2537,0.0158
1,2023-09-30,1.0,0.193,0.0909,0.179,-0.016,0.4366
2,2023-09-30,1.0,0.3352,0.1577,0.307,0.0047,0.5173
3,2023-09-30,1.0,0.2525,0.1177,0.392,0.1601,0.876
4,2023-09-30,1.0,0.2698,0.1346,0.2502,0.008,0.5303
5,2023-09-30,1.0,0.2079,0.0878,0.2192,0.0162,0.5426
6,2023-09-30,1.0,0.2301,0.1254,0.2102,-0.0294,0.3609
7,2023-09-30,1.0,0.2915,0.1496,0.3065,0.0312,0.6347
8,2023-09-30,1.0,0.3391,0.1614,0.3019,-0.0007,0.496
9,2023-09-30,0.995,0.3239,0.1693,0.2985,-0.0046,0.4851
10,2023-09-30,1.0,0.2789,0.1427,0.2612,-0.0145,0.4438
11,2023-09-30,1.0,0.2284,0.1166,0.2665,0.0454,0.694
12,2023-09-30,1.0,0.2852,0.1294,0.2727,-0.0244,0.4163
13,2023-09-30,1.0,0.3136,0.1515,0.2621,-0.0165,0.4104
14,2023-09-30,1.0,0.2843,0.1433,0.3791,0.1028,0.8401
15,2023-09-30,1.0,0.2855,0.1482,0.2802,0.0032,0.5165
16,2023-09-30,1.0,0.2573,0.1498,0.1764,-0.0795,0.2179
17,2023-09-30,1.0,0.2998,0.1264,0.3222,0.0755,0.8504
18,2023-09-30,1.0,0.2731,0.1264,0.362,0.1178,0.7689
19,2023-09-30,1.0,0.2518,0.1299,0.249,-0.0541,0.3201
20,2023-09-30,1.0,0.2386,0.1409,0.1026,-0.1268,0.1656
21,2023-09-30,0.9978,0.2709,0.1414,0.3096,0.0112,0.5482
22,2023-09-30,1.0,0.4078,0.2361,0.3088,-0.0838,0.2425
23,2023-09-30,1.0,0.3068,0.154,0.2776,-0.0252,0.3964
24,2023-09-30,1.0,0.203,0.0881,0.2159,0.046,0.6255
25,2023-09-30,1.0,0.4327,0.2538,0.2346,-0.1781,0.0299
1,2023-10-03,1.0,0.2071,0.093,0.1999,-0.0094,0.4722
2,2023-10-03,1.0,0.3837,0.1809,0.329,-0.0332,0.4029
3,2023-10-03,1.0,0.2645,0.1289,0.3574,0.1054,0.776
4,2023-10-03,1.0,0.2895,0.1453,0.284,0.0137,0.5417
5,2023-10-03,1.0,0.2106,0.0856,0.2331,0.0115,0.5275
6,2023-10-03,1.0,0.247,0.1354,0.2352,-0.0266,0.4104
7,2023-10-03,1.0,0.3092,0.1594,0.3309,0.0415,0.634
8,2023-10-03,1.0,0.3779,0.1818,0.3221,-0.0351,0.3981
9,2023-10-03,1.0,0.3474,0.1793,0.3203,-0.0209,0.4492
10,2023-10-03,1.0,0.2972,0.1511,0.289,-0.0128,0.4675
11,2023-10-03,1.0,0.2417,0.1266,0.29,0.0651,0.7231
12,2023-10-03,1.0,0.3061,0.1402,0.2972,-0.0411,0.4001
13,2023-10-03,1.0,0.3362,0.1633,0.2901,-0.0178,0.4245
14,2023-10-03,1.0,0.2983,0.1512,0.3871,0.1157,0.7973
15,2023-10-03,1.0,0.3042,0.1565,0.3092,0.0127,0.5427
16,2023-10-03,1.0,0.2813,0.171,0.2001,-0.0727,0.2671
17,2023-10-03,1.0,0.3207,0.1337,0.3409,0.0674,0.753
18,2023-10-03,1.0,0.2868,0.1294,0.344,0.0612,0.6337
19,2023-10-03,1.0,0.2781,0.1511,0.2509,-0.0773,0.2788
20,2023-10-03,1.0,0.2617,0.1601,0.1195,-0.1339,0.18
21,2023-10-03,1.0,0.2884,0.1431,0.3363,0.0057,0.5169
22,2023-10-03,1.0,0.4526,0.2741,0.3277,-0.1394,0.2107
23,2023-10-03,1.0,0.3362,0.1771,0.29,-0.0524,0.3498
24,2023-10-03,1.0,0.2525,0.1265,0.1716,-0.036,0.4303
25,2023-10-03,1.0,0.5202,0.3084,0.2722,-0.2357,0.0316
1,2023-10-05,1.0,0.2111,0.0951,0.1927,-0.0259,0.413
2,2023-10-05,0.996,0.4103,0.1966,0.3338,-0.0512,0.3762
3,2023-10-05,1.0,0.2741,0.1323,0.3395,0.0904,0.7562
4,2023-10-05,0.9967,0.303,0.1529,0.2701,-0.0015,0.4948
5,2023-10-05,1.0,0.2196,0.0931,0.2183,-0.0022,0.4944
6,2023-10-05,1.0,0.2542,0.1369,0.2102,-0.0513,0.2894
7,2023-10-05,0.9753,0.3198,0.1608,0.3155,0.031,0.6021
8,2023-10-05,0.9851,0.4122,0.2001,0.331,-0.0356,0.4046
9,2023-10-05,1.0,0.3581,0.1856,0.295,-0.0399,0.4047
10,2023-10-05,1.0,0.3023,0.1543,0.2571,-0.0435,0.3677
11,2023-10-05,1.0,0.2461,0.1247,0.2742,0.0429,0.6789
12,2023-10-05,0.9998,0.3232,0.1482,0.2936,-0.0495,0.3828
13,2023-10-05,1.0,0.3502,0.1667,0.2753,-0.0362,0.339
14,2023-10-05,1.0,0.3083,0.1549,0.3529,0.0796,0.7329
15,2023-10-05,1.0,0.3114,0.1569,0.2912,-0.0059,0.4775
16,2023-10-05,1.0,0.2927,0.1723,0.1854,-0.0989,0.2055
17,2023-10-05,1.0,0.3472,0.152,0.322,0.0285,0.6216
18,2023-10-05,1.0,0.2949,0.1359,0.3408,0.0553,0.6317
19,2023-10-05,1.0,0.2871,0.1487,0.2351,-0.0979,0.22
20,2023-10-05,1.0,0.2735,0.1642,0.103,-0.1677,0.1466
21,2023-10-05,1.0,0.2925,0.1488,0.3338,0.0189,0.5861
22,2023-10-05,1.0,0.5017,0.2894,0.3534,-0.1707,0.2187
23,2023-10-05,1.0,0.3356,0.1716,0.2909,-0.0512,0.3244
24,2023-10-05,1.0,0.2639,0.129,0.183,-0.0276,0.4286
25,2023-10-05,0.9489,0.506,0.2866,0.2804,-0.209,0.0407
1,2023-10-08,1.0,0.1916,0.0828,0.175,-0.0059,0.4856
2,2023-10-08,1.0,0.362,0.1602,0.3147,-0.0244,0.4494
3,2023-10-08,1.0,0.2683,0.1286,0.3096,0.0622,0.6998
4,2023-10-08,1.0,0.2754,0.1297,0.2314,-0.0056,0.4877
5,2023-10-08,1.0,0.1987,0.0639,0.1774,-0.0128,0.4724
6,2023-10-08,1.0,0.2503,0.1331,0.1873,-0.0579,0.2948
7,2023-10-08,0.9933,0.2987,0.13,0.2961,0.062,0.6489
8,2023-10-08,1.0,0.3506,0.1652,0.3018,-0.0136,0.4689
9,2023-10-08,1.0,0.3433,0.1734,0.2791,-0.0208,0.4518
10,2023-10-08,0.9878,0.3033,0.1483,0.2379,-0.0407,0.3882
11,2023-10-08,1.0,0.2359,0.1148,0.2526,0.0382,0.6605
12,2023-10-08,1.0,0.3042,0.1275,0.2704,-0.0091,0.4766
13,2023-10-08,1.0,0.3357,0.1568,0.2382,-0.0494,0.3285
14,2023-10-08,1.0,0.2962,0.1387,0.3271,0.0878,0.7214
15,2023-10-08,1.0,0.2979,0.149,0.2647,0.001,0.5045
16,2023-10-08,1.0,0.287,0.1626,0.157,-0.1007,0.2377
17,2023-10-08,1.0,0.3191,0.1383,0.2894,0.0246,0.5912
18,2023-10-08,1.0,0.2982,0.1423,0.3138,0.0243,0.5579
19,2023-10-08,1.0,0.2678,0.133,0.1928,-0.0879,0.2209
20,2023-10-08,1.0,0.2739,0.1607,0.0789,-0.1837,0.1339
21,2023-10-08,1.0,0.2639,0.1271,0.2828,0.0438,0.6344
22,2023-10-08,1.0,0.4445,0.2412,0.3327,-0.077,0.3804
23,2023-10-08,1.0,0.3378,0.1658,0.2563,-0.0864,0.2499
24,2023-10-08,1.0,0.2315,0.1102,0.0976,-0.0752,0.3352
25,2023-10-08,1.0,0.5119,0.2766,0.2804,-0.201,0.1289
1,2023-10-10,1.0,0.2083,0.0908,0.1915,-0.0152,0.4595
2,2023-10-10,1.0,0.4107,0.1841,0.3333,-0.073,0.3488
3,2023-10-10,1.0,0.2714,0.132,0.3328,0.0738,0.7012
4,2023-10-10,0.9976,0.3063,0.1503,0.2502,-0.0367,0.3773
5,2023-10-10,1.0,0.2196,0.0841,0.2109,-0.012,0.4728
6,2023-10-10,1.0,0.2524,0.1334,0.2018,-0.0572,0.2982
7,2023-10-10,0.8129,0.3082,0.1487,0.2992,0.0137,0.5348
8,2023-10-10,1.0,0.3934,0.1829,0.3263,-0.042,0.4005
9,2023-10-10,0.9937,0.3737,0.1897,0.3008,-0.0542,0.3838
10,2023-10-10,0.9924,0.3165,0.1572,0.2584,-0.0553,0.3605
11,2023-10-10,1.0,0.2456,0.1214,0.2648,0.0352,0.6344
12,2023-10-10,1.0,0.3173,0.1362,0.2721,-0.0556,0.3796
13,2023-10-10,1.0,0.3634,0.1722,0.2653,-0.0646,0.2497
14,2023-10-10,1.0,0.3037,0.1463,0.3477,0.0839,0.7094
15,2023-10-10,1.0,0.3094,0.1562,0.2945,0.0,0.4992
16,2023-10-10,1.0,0.2907,0.1649,0.1702,-0.1071,0.1974
17,2023-10-10,0.994,0.3463,0.1485,0.3213,0.0208,0.589
18,2023-10-10,1.0,0.3018,0.1409,0.3458,0.0476,0.5886
19,2023-10-10,1.0,0.2936,0.1503,0.2179,-0.1349,0.1681
20,2023-10-10,1.0,0.2934,0.1725,0.0989,-0.1952,0.1182
21,2023-10-10,1.0,0.2958,0.143,0.3102,0.0184,0.5399
22,2023-10-10,1.0,0.4627,0.2492,0.3464,-0.1202,0.3089
23,2023-10-10,1.0,0.353,0.1771,0.2831,-0.0822,0.2783
24,2023-10-10,1.0,0.2419,0.1165,0.1002,-0.0987,0.3164
25,2023-10-10,1.0,0.5873,0.3074,0.2926,-0.2919,0.0783
1,2023-10-13,0.9875,0.2378,0.1032,0.1978,-0.0318,0.4221
2,2023-10-13,0.9897,0.4493,0.2019,0.3435,-0.105,0.2766
3,2023-10-13,1.0,0.2991,0.1494,0.377,0.1041,0.7008
4,2023-10-13,1.0,0.3298,0.1594,0.2659,-0.0471,0.361
5,2023-10-13,1.0,0.2445,0.0946,0.2249,-0.034,0.4309
6,2023-10-13,1.0,0.293,0.1543,0.2289,-0.0685,0.3013
7,2023-10-13,1.0,0.3766,0.1858,0.3371,-0.0198,0.4568
8,2023-10-13,0.9953,0.4465,0.2044,0.3406,-0.1077,0.2801
9,2023-10-13,1.0,0.4153,0.2059,0.3276,-0.076,0.3771
10,2023-10-13,1.0,0.3536,0.1717,0.2827,-0.0742,0.3489
11,2023-10-13,1.0,0.2759,0.1396,0.2888,0.0404,0.631
12,2023-10-13,1.0,0.3679,0.159,0.3113,-0.0856,0.3494
13,2023-10-13,1.0,0.4045,0.1834,0.2926,-0.0855,0.2468
14,2023-10-13,1.0,0.3437,0.1712,0.3965,0.0953,0.6732
15,2023-10-13,1.0,0.3491,0.1711,0.3199,-0.0061,0.485
16,2023-10-13,1.0,0.3398,0.1952,0.1951,-0.1341,0.188
17,2023-10-13,1.0,0.3703,0.1534,0.3423,0.0077,0.5223
18,2023-10-13,1.0,0.3262,0.1489,0.3823,0.0711,0.5986
19,2023-10-13,1.0,0.3227,0.1685,0.2523,-0.1512,0.2072
20,2023-10-13,1.0,0.3284,0.1915,0.1024,-0.2113,0.1372
21,2023-10-13,0.9938,0.3274,0.1555,0.328,-0.0224,0.454
22,2023-10-13,1.0,0.5799,0.3106,0.3581,-0.3004,0.1393
23,2023-10-13,1.0,0.4041,0.201,0.3072,-0.1147,0.2798
24,2023-10-13,1.0,0.2676,0.1288,0.1189,-0.1146,0.3022
25,2023-10-13,1.0,0.6686,0.3526,0.3062,-0.3824,0.0413
1,2023-10-15,0.9156,0.2203,0.1035,0.2072,-0.0237,0.4255
2,2023-10-15,0.9177,0.4359,0.2127,0.3657,-0.0351,0.411
3,2023-10-15,0.2524,0.3208,0.1481,0.4297,0.1698,0.9293
4,2023-10-15,0.7899,0.3169,0.1687,0.2858,-0.0007,0.4965
5,2023-10-15,0.9944,0.2231,0.0955,0.2441,0.0334,0.5709
6,2023-10-15,0.9418,0.2677,0.1498,0.2461,-0.0316,0.3862
7,2023-10-15,0.9114,0.3399,0.1792,0.3535,0.0226,0.5789
8,2023-10-15,0.7006,0.3868,0.1986,0.3719,0.0228,0.5719
9,2023-10-15,0.5524,0.3318,0.1766,0.2984,0.0002,0.5003
10,2023-10-15,0.7281,0.3001,0.1605,0.2869,-0.0021,0.4928
11,2023-10-15,1.0,0.2521,0.131,0.3019,0.0661,0.7535
12,2023-10-15,0.265,0.3294,0.1594,0.3349,0.0042,0.5102
13,2023-10-15,1.0,0.3445,0.1759,0.3078,-0.0019,0.4893
14,2023-10-15,0.7978,0.3492,0.1827,0.4069,0.0825,0.761
15,2023-10-15,0.709,0.3085,0.1638,0.31,0.0035,0.5102
16,2023-10-15,1.0,0.2781,0.1704,0.2005,-0.0678,0.2767
17,2023-10-15,0.9617,0.3482,0.1608,0.3704,0.0885,0.8216
18,2023-10-15,0.136,0.292,0.1125,0.3803,0.1524,0.9431
19,2023-10-15,1.0,0.2802,0.151,0.2864,-0.0595,0.3109
20,2023-10-15,1.0,0.2901,0.1794,0.1183,-0.1664,0.1604
21,2023-10-15,0.9916,0.3059,0.1556,0.3517,0.015,0.5553
22,2023-10-15,1.0,0.4702,0.2858,0.3557,-0.1003,0.2565
23,2023-10-15,1.0,0.3423,0.1809,0.3199,-0.0304,0.4003
25,2023-10-15,1.0,0.532,0.3203,0.2961,-0.2124,0.062
1,2023-10-18,1.0,0.2322,0.1064,0.2024,-0.0298,0.4209
2,2023-10-18,0.9931,0.4275,0.2132,0.3433,-0.0806,0.3139
3,2023-10-18,1.0,0.2913,0.1412,0.3622,0.0818,0.7053
4,2023-10-18,1.0,0.3238,0.1682,0.2836,-0.022,0.436
5,2023-10-18,0.9997,0.2372,0.1019,0.2425,-0.0151,0.469
6,2023-10-18,1.0,0.2795,0.1517,0.2391,-0.0543,0.3361
7,2023-10-18,0.9968,0.3491,0.1813,0.3364,0.0076,0.5212
8,2023-10-18,0.9915,0.4308,0.2166,0.3416,-0.0802,0.3107
9,2023-10-18,1.0,0.3948,0.2086,0.3241,-0.0666,0.381
10,2023-10-18,1.0,0.3447,0.1795,0.2933,-0.0574,0.3723
11,2023-10-18,1.0,0.264,0.1333,0.2964,0.0523,0.6702
12,2023-10-18,1.0,0.3486,0.164,0.3102,-0.076,0.3597
13,2023-10-18,1.0,0.3875,0.1915,0.2942,-0.0645,0.2905
14,2023-10-18,1.0,0.326,0.1647,0.388,0.0904,0.7125
15,2023-10-18,1.0,0.3333,0.1719,0.3228,0.0003,0.5001
16,2023-10-18,1.0,0.3233,0.1892,0.2034,-0.1092,0.2157
17,2023-10-18,1.0,0.3663,0.1644,0.3487,0.0248,0.586
18,2023-10-18,1.0,0.3165,0.1507,0.348,0.0349,0.5695
19,2023-10-18,1.0,0.3117,0.1638,0.2451,-0.1281,0.2096
20,2023-10-18,1.0,0.3091,0.1888,0.1152,-0.1844,0.1444
21,2023-10-18,0.9898,0.3087,0.1576,0.3569,0.011,0.528
22,2023-10-18,1.0,0.5497,0.3293,0.3614,-0.2632,0.1509
23,2023-10-18,1.0,0.3714,0.1932,0.2943,-0.0971,0.2675
24,2023-10-18,1.0,0.2805,0.1441,0.1514,-0.0724,0.3517
25,2023-10-18,1.0,0.6154,0.3527,0.2868,-0.3312,0.0196
1,2023-10-20,1.0,0.1988,0.1012,0.1924,-0.0273,0.4061
2,2023-10-20,0.9881,0.415,0.2109,0.3437,-0.0803,0.3239
3,2023-10-20,1.0,0.2765,0.1445,0.3317,0.0629,0.6954
4,2023-10-20,1.0,0.3119,0.1682,0.2681,-0.0311,0.3981
5,2023-10-20,0.9885,0.2146,0.097,0.2295,-0.0063,0.4838
6,2023-10-20,1.0,0.2531,0.1459,0.212,-0.0622,0.2452
7,2023-10-20,0.9909,0.339,0.1832,0.3246,0.0004,0.5006
8,2023-10-20,0.9999,0.4223,0.2195,0.3379,-0.0731,0.3052
9,2023-10-20,1.0,0.375,0.2121,0.3059,-0.0634,0.3582
10,2023-10-20,1.0,0.3228,0.1757,0.269,-0.0621,0.3248
11,2023-10-20,1.0,0.2485,0.135,0.2691,0.0203,0.5834
12,2023-10-20,0.9996,0.3254,0.1589,0.2985,-0.0511,0.3637
13,2023-10-20,1.0,0.3734,0.1935,0.2848,-0.0678,0.2233
14,2023-10-20,1.0,0.3101,0.168,0.3508,0.0551,0.6683
15,2023-10-20,1.0,0.3031,0.1663,0.2977,-0.0048,0.4785
16,2023-10-20,1.0,0.2994,0.1881,0.1858,-0.1153,0.1599
17,2023-10-20,1.0,0.3525,0.1677,0.3302,0.0108,0.5426
18,2023-10-20,1.0,0.2962,0.1514,0.3399,0.0401,0.6058
19,2023-10-20,1.0,0.2897,0.1604,0.2269,-0.1296,0.1654
20,2023-10-20,1.0,0.2832,0.1814,0.1086,-0.1782,0.1309
21,2023-10-20,0.9996,0.2869,0.159,0.3423,0.024,0.5979
22,2023-10-20,0.9991,0.5166,0.3184,0.3746,-0.2202,0.181
23,2023-10-20,1.0,0.3074,0.1689,0.2833,-0.0464,0.2979
24,2023-10-20,1.0,0.2705,0.1417,0.1568,-0.0597,0.3705
25,2023-10-20,1.0,0.6399,0.3689,0.2941,-0.3664,0.0136
1,2023-10-23,1.0,0.2107,0.0878,0.2195,-0.001,0.4977
2,2023-10-23,1.0,0.4082,0.1708,0.3761,-0.0364,0.4475
3,2023-10-23,1.0,0.2953,0.1485,0.3586,0.0824,0.6944
4,2023-10-23,0.9892,0.293,0.1271,0.3121,0.0459,0.5774
5,2023-10-23,1.0,0.1788,0.0409,0.2247,-0.0041,0.4923
6,2023-10-23,1.0,0.2766,0.1477,0.2329,-0.0581,0.338
7,2023-10-23,0.9629,0.326,0.135,0.3559,0.0823,0.6516
8,2023-10-23,1.0,0.4127,0.1904,0.363,-0.0702,0.3781
9,2023-10-23,0.9989,0.3903,0.1978,0.3289,-0.0655,0.3852
10,2023-10-23,1.0,0.3467,0.166,0.2901,-0.0595,0.3811
11,2023-10-23,1.0,0.2553,0.1269,0.2884,0.0487,0.6594
12,2023-10-23,1.0,0.3339,0.14,0.3343,-0.0294,0.4383
13,2023-10-23,1.0,0.3704,0.1638,0.2862,-0.0537,0.3574
14,2023-10-23,1.0,0.3195,0.1556,0.3833,0.1079,0.7229
15,2023-10-23,1.0,0.3294,0.1653,0.3166,0.0061,0.5138
16,2023-10-23,1.0,0.3348,0.1957,0.1984,-0.1281,0.1891
17,2023-10-23,1.0,0.3537,0.1519,0.3395,0.0119,0.5334
18,2023-10-23,1.0,0.3193,0.1526,0.3655,0.0308,0.5541
19,2023-10-23,1.0,0.3127,0.1534,0.2282,-0.139,0.1995
20,2023-10-23,1.0,0.3163,0.1914,0.1109,-0.2108,0.1182
21,2023-10-23,1.0,0.2803,0.1338,0.3599,0.0747,0.6908
22,2023-10-23,1.0,0.543,0.2795,0.3896,-0.2348,0.2537
23,2023-10-23,1.0,0.3818,0.2006,0.3022,-0.1226,0.2523
24,2023-10-23,1.0,0.2908,0.1316,0.1644,-0.0584,0.3967
25,2023-10-23,0.9989,0.679,0.3608,0.3203,-0.4121,0.0419
1,2023-10-25,0.57,0.1376,0.0421,0.1624,0.0506,0.5728
2,2023-10-25,0.9973,0.3721,0.1674,0.3543,-0.0122,0.4813
4,2023-10-25,0.8712,0.2582,0.1241,0.2559,0.0601,0.603
5,2023-10-25,0.3821,-0.0012,-0.0114,0.0323,0.0268,0.6191
6,2023-10-25,0.9482,0.1994,0.0958,0.2583,0.0963,0.6676
8,2023-10-25,0.8446,0.3575,0.1721,0.3367,-0.0003,0.4993
11,2023-10-25,0.6816,0.1149,0.0176,0.2862,0.2529,0.9924
12,2023-10-25,0.2909,0.1416,0.0542,0.181,0.1013,0.6748
15,2023-10-25,0.749,0.2779,0.1121,0.3797,0.1522,0.723
16,2023-10-25,0.9668,0.1788,0.0747,0.2123,0.099,0.7135
17,2023-10-25,0.7663,0.2491,0.1139,0.3094,0.1308,0.9614
19,2023-10-25,0.9899,0.2722,0.1437,0.2142,-0.1156,0.2109
20,2023-10-25,1.0,0.2132,0.0966,0.2039,0.0459,0.5548
21,2023-10-25,0.3997,0.1482,0.0699,0.3211,0.1675,0.8801
22,2023-10-25,0.9995,0.4482,0.2483,0.3516,-0.1058,0.3413
23,2023-10-25,0.9956,0.3246,0.1664,0.2925,-0.0757,0.3612
24,2023-10-25,0.8913,0.2451,0.1253,0.1395,-0.0574,0.3953
25,2023-10-25,0.4635,0.6009,0.3175,0.2772,-0.3336,0.0211
1,2023-10-28,0.9907,0.2126,0.1006,0.2463,0.0287,0.5637
2,2023-10-28,0.9997,0.4913,0.2579,0.4104,-0.051,0.3864
3,2023-10-28,0.8413,0.2662,0.1369,0.3845,0.1257,0.7913
4,2023-10-28,0.8259,0.3144,0.1814,0.2515,-0.0085,0.4731
5,2023-10-28,0.9822,0.2265,0.1035,0.2412,0.0019,0.5021
6,2023-10-28,0.9998,0.2698,0.155,0.2557,-0.026,0.4162
7,2023-10-28,0.5883,0.3751,0.1964,0.3983,0.0522,0.6221
8,2023-10-28,0.9965,0.4646,0.2456,0.4173,-0.0267,0.4414
9,2023-10-28,0.936,0.3907,0.2165,0.3607,0.0055,0.5115
10,2023-10-28,0.0094,0.2787,0.1171,0.2971,0.0724,0.7547
11,2023-10-28,0.959,0.2406,0.1199,0.3275,0.1027,0.8227
12,2023-10-28,0.851,0.3966,0.1993,0.372,-0.0432,0.3953
13,2023-10-28,0.4984,0.3423,0.1804,0.3663,0.0435,0.69
14,2023-10-28,0.8948,0.3266,0.167,0.4173,0.1308,0.828
15,2023-10-28,1.0,0.3487,0.1909,0.3639,0.0324,0.5887
16,2023-10-28,0.9967,0.304,0.1779,0.2382,-0.0437,0.3923
17,2023-10-28,1.0,0.3773,0.1822,0.3858,0.052,0.6827
18,2023-10-28,1.0,0.3461,0.1775,0.4128,0.0696,0.6265
19,2023-10-28,1.0,0.2922,0.1601,0.2835,-0.0644,0.3317
20,2023-10-28,1.0,0.2948,0.1873,0.133,-0.1595,0.1899
21,2023-10-28,0.8629,0.2816,0.1557,0.337,0.0524,0.6206
22,2023-10-28,1.0,0.6317,0.3774,0.4451,-0.1931,0.2565
23,2023-10-28,1.0,0.403,0.2164,0.3677,-0.0476,0.39
24,2023-10-28,0.864,0.2251,0.1175,0.1659,-0.0172,0.4598
25,2023-10-28,0.5321,0.6883,0.4093,0.4401,-0.2122,0.1513
1,2023-11-02,1.0,0.2269,0.1141,0.2095,-0.0228,0.4347
2,2023-11-02,1.0,0.4476,0.2309,0.3814,-0.0541,0.364
3,2023-11-02,1.0,0.2897,0.1543,0.34,0.0716,0.6965
4,2023-11-02,1.0,0.3127,0.1689,0.293,-0.0061,0.4828
5,2023-11-02,1.0,0.2197,0.0975,0.2337,-0.0052,0.4879
6,2023-11-02,1.0,0.2705,0.1569,0.233,-0.0503,0.33
7,2023-11-02,0.999,0.3375,0.1856,0.3403,0.0273,0.5747
8,2023-11-02,1.0,0.4273,0.2197,0.3764,-0.0418,0.3934
9,2023-11-02,1.0,0.4007,0.2165,0.3388,-0.0508,0.3994
10,2023-11-02,1.0,0.3344,0.181,0.2898,-0.0434,0.3845
11,2023-11-02,1.0,0.2569,0.1426,0.2841,0.0386,0.6507
12,2023-11-02,1.0,0.3368,0.164,0.3258,-0.0497,0.3958
13,2023-11-02,1.0,0.3722,0.1891,0.3047,-0.0397,0.3433
14,2023-11-02,1.0,0.3255,0.1832,0.3681,0.0766,0.6931
15,2023-11-02,1.0,0.3454,0.188,0.3322,0.0012,0.5035
16,2023-11-02,1.0,0.3142,0.1945,0.2016,-0.1082,0.2136
17,2023-11-02,1.0,0.3427,0.1609,0.3432,0.0295,0.6059
18,2023-11-02,1.0,0.3182,0.1606,0.3552,0.0376,0.5723
19,2023-11-02,1.0,0.2955,0.1622,0.2369,-0.104,0.2191
20,2023-11-02,1.0,0.2953,0.1913,0.1241,-0.1737,0.1525
21,2023-11-02,1.0,0.3152,0.1692,0.3607,0.0081,0.524
22,2023-11-02,1.0,0.596,0.3414,0.4188,-0.2032,0.2065
23,2023-11-02,1.0,0.3959,0.2156,0.3311,-0.0743,0.3229
24,2023-11-02,1.0,0.2417,0.1294,0.1421,-0.0623,0.3779
25,2023-11-02,1.0,0.6697,0.3942,0.3763,-0.2926,0.0419
1,2023-11-04,0.383,0.1793,0.0933,0.1856,0.0249,0.5678
2,2023-11-04,0.107,0.3696,0.1811,0.4315,0.1099,0.782
3,2023-11-04,0.9994,0.2747,0.1477,0.3486,0.082,0.7234
4,2023-11-04,0.1429,0.2751,0.1586,0.1945,0.0113,0.5386
5,2023-11-04,0.622,0.028,0.0014,0.1222,0.0161,0.5304
6,2023-11-04,0.2619,0.2541,0.1568,0.2685,0.0163,0.5668
7,2023-11-04,0.669,0.3187,0.1807,0.3635,0.0641,0.6491
8,2023-11-04,0.2132,0.3585,0.1901,0.4496,0.1611,0.8371
9,2023-11-04,0.2763,0.3738,0.2132,0.3549,-0.0017,0.493
10,2023-11-04,0.0427,0.2589,0.1419,0.2848,0.0788,0.8091
11,2023-11-04,0.8477,0.2248,0.1276,0.2871,0.057,0.7274
12,2023-11-04,0.1816,0.2288,0.0957,0.1237,-0.0837,0.2923
13,2023-11-04,0.4176,0.3605,0.1882,0.3163,0.023,0.6011
14,2023-11-04,0.817,0.2814,0.1581,0.3626,0.1062,0.7654
16,2023-11-04,0.6442,0.2971,0.1936,0.2026,-0.1103,0.1668
17,2023-11-04,0.8092,0.3278,0.1612,0.3709,0.0901,0.84
18,2023-11-04,0.7335,0.3031,0.1599,0.3767,0.0902,0.7456
19,2023-11-04,0.7729,0.2572,0.1458,0.253,-0.0494,0.3246
20,2023-11-04,0.343,0.2442,0.1591,0.1624,-0.0765,0.271
21,2023-11-04,0.9556,0.3114,0.1759,0.3841,0.0537,0.6699
23,2023-11-04,0.1269,0.3917,0.2334,0.3437,-0.0043,0.4788
24,2023-11-04,0.4815,0.2139,0.098,0.2545,0.0867,0.8333
25,2023-11-04,0.5533,0.6484,0.39,0.3785,-0.2423,0.06
1,2023-11-07,0.359,0.1181,0.02,0.1571,0.121,0.6212
2,2023-11-07,0.9959,0.4429,0.199,0.467,0.092,0.6312
3,2023-11-07,0.8436,0.304,0.1506,0.403,0.1122,0.7841
4,2023-11-07,0.348,0.2109,0.0642,0.424,0.3662,0.8113
6,2023-11-07,0.0091,0.3253,0.1785,0.4269,0.2414,1.0
7,2023-11-07,0.327,0.2989,0.1034,0.5556,0.3915,0.9264
8,2023-11-07,0.8805,0.3758,0.1833,0.4938,0.2216,0.8143
10,2023-11-07,0.0646,0.214,0.1016,0.3927,0.1938,0.8137
11,2023-11-07,0.4334,0.1914,0.0248,0.5661,0.4739,0.9828
12,2023-11-07,0.0091,-0.0624,-0.0437,0.0202,0.0643,0.8367
14,2023-11-07,1.0,0.2391,0.0865,0.5532,0.3659,0.9313
17,2023-11-07,0.7809,0.2973,0.1312,0.3986,0.1791,0.96
18,2023-11-07,0.2541,0.3605,0.1754,0.3896,0.071,0.6942
19,2023-11-07,0.7812,0.2699,0.134,0.3727,0.0525,0.6644
20,2023-11-07,0.0599,0.0648,0.0127,0.18,0.201,0.9454
21,2023-11-07,0.6619,0.186,0.0729,0.4574,0.2372,0.8894
22,2023-11-07,0.2991,0.4068,0.2018,0.4125,0.1907,0.9016
23,2023-11-07,0.0343,0.4042,0.2395,0.4058,0.049,0.5286
24,2023-11-07,0.6881,0.207,0.0998,0.095,-0.0147,0.4806
1,2023-11-09,1.0,0.1404,-0.0054,0.3297,0.2649,0.7387
2,2023-11-09,1.0,0.4977,0.2277,0.4516,-0.0423,0.4515
3,2023-11-09,1.0,0.2735,0.141,0.3663,0.08,0.6776
4,2023-11-09,0.996,0.2994,0.1302,0.4023,0.1585,0.6742
5,2023-11-09,0.9874,0.1397,0.0091,0.2659,0.0339,0.553
6,2023-11-09,0.9988,0.2175,0.0793,0.3692,0.1948,0.6646
7,2023-11-09,0.9904,0.2909,0.1125,0.4845,0.2456,0.8358
8,2023-11-09,1.0,0.4665,0.224,0.4487,-0.0083,0.4858
9,2023-11-09,1.0,0.4266,0.2268,0.3956,-0.0124,0.4795
10,2023-11-09,0.9844,0.3389,0.163,0.363,0.0603,0.5947
11,2023-11-09,1.0,0.1463,-0.0121,0.5504,0.4868,0.945
12,2023-11-09,1.0,0.3182,0.1413,0.3992,0.0091,0.5118
13,2023-11-09,1.0,0.3943,0.19,0.3413,0.0033,0.5066
14,2023-11-09,1.0,0.2576,0.1083,0.5265,0.3025,0.8857
15,2023-11-09,0.7179,0.2138,-0.0009,0.5876,0.5238,0.8877
16,2023-11-09,1.0,0.2317,0.0585,0.5142,0.394,0.8079
17,2023-11-09,1.0,0.3772,0.1799,0.3804,0.0411,0.6145
18,2023-11-09,1.0,0.3333,0.1718,0.3441,-0.0086,0.4816
19,2023-11-09,1.0,0.283,0.1513,0.2475,-0.0766,0.3037
20,2023-11-09,1.0,0.2566,0.0877,0.3377,0.2012,0.6383
21,2023-11-09,1.0,0.283,0.1121,0.4904,0.1803,0.8434
22,2023-11-09,1.0,0.679,0.3558,0.467,-0.2553,0.2734
23,2023-11-09,0.9985,0.3888,0.1991,0.3735,-0.0375,0.4431
24,2023-11-09,1.0,0.244,0.122,0.0703,-0.0903,0.3904
25,2023-11-09,1.0,0.7947,0.42,0.4662,-0.2882,0.1872
1,2023-11-14,0.146,0.177,0.0827,0.1071,-0.0618,0.3422
3,2023-11-14,0.3923,0.221,0.1189,0.3296,0.1145,0.8498
4,2023-11-14,0.1703,0.3167,0.1739,0.3374,0.0208,0.5575
5,2023-11-14,0.2783,0.0378,0.0014,0.0122,-0.0693,0.3968
6,2023-11-14,0.3029,0.2451,0.1443,0.2526,-0.0134,0.4449
7,2023-11-14,0.1147,0.2816,0.1635,0.3593,0.0953,0.672
9,2023-11-14,0.0201,0.0845,0.0622,0.0796,-0.0956,0.3214
10,2023-11-14,0.0398,0.244,0.1324,0.3311,0.0851,0.8
11,2023-11-14,0.166,0.1787,0.078,0.2987,0.1316,0.9594
12,2023-11-14,0.0356,0.0361,0.0034,-0.0694,-0.1343,0.1047
14,2023-11-14,0.2332,0.2225,0.1235,0.359,0.1542,0.9125
15,2023-11-14,0.0895,0.3628,0.2046,0.3255,-0.0555,0.3172
16,2023-11-14,0.0737,0.3338,0.2187,0.17,-0.1903,0.0103
18,2023-11-14,0.4659,0.2989,0.1538,0.3754,0.1077,0.8315
19,2023-11-14,0.4136,0.2376,0.1254,0.2219,-0.0293,0.3812
20,2023-11-14,0.1149,0.3062,0.2058,0.0908,-0.2265,0.0
21,2023-11-14,0.035,0.1306,0.0704,0.3398,0.1803,1.0
23,2023-11-14,0.1798,0.2341,0.1227,0.2873,0.0507,0.6594
24,2023-11-14,0.0484,0.2081,0.1103,0.2344,0.0603,0.7765
1,2023-11-19,0.5817,0.2178,0.1154,0.2261,0.0136,0.5404
2,2023-11-19,0.7946,0.474,0.255,0.4212,-0.014,0.4641
3,2023-11-19,0.8244,0.2977,0.1654,0.3596,0.0799,0.7276
4,2023-11-19,0.989,0.3247,0.1816,0.2983,-0.0128,0.4556
5,2023-11-19,0.9842,0.2282,0.1079,0.2593,0.0227,0.5495
6,2023-11-19,0.3403,0.2557,0.1451,0.2309,-0.0449,0.3236
7,2023-11-19,0.5623,0.3818,0.2093,0.3726,0.0075,0.5201
8,2023-11-19,0.94,0.4434,0.2362,0.4299,0.0101,0.5308
9,2023-11-19,1.0,0.4248,0.2427,0.3588,-0.0338,0.4196
10,2023-11-19,1.0,0.3453,0.1999,0.3107,-0.0273,0.4199
11,2023-11-19,0.2751,0.2489,0.1478,0.3148,0.0533,0.7168
12,2023-11-19,0.8408,0.3968,0.2174,0.3618,-0.0561,0.3487
13,2023-11-19,1.0,0.3889,0.2107,0.3336,-0.0183,0.4074
14,2023-11-19,1.0,0.3417,0.1947,0.3841,0.0651,0.6823
15,2023-11-19,0.9641,0.3298,0.1887,0.3415,0.0343,0.6348
17,2023-11-19,1.0,0.3636,0.1822,0.3934,0.0735,0.7826
18,2023-11-19,1.0,0.3345,0.1782,0.3813,0.0551,0.6312
19,2023-11-19,1.0,0.2909,0.1635,0.2755,-0.0644,0.2922
20,2023-11-19,0.9869,0.2808,0.1791,0.1502,-0.134,0.1678
21,2023-11-19,1.0,0.3316,0.1853,0.3694,0.0237,0.5807
22,2023-11-19,1.0,0.6274,0.3706,0.4594,-0.1624,0.2458
23,2023-11-19,0.8172,0.422,0.2384,0.3863,-0.0265,0.4203
24,2023-11-19,1.0,0.2246,0.1244,0.1405,-0.0546,0.3694
25,2023-11-19,1.0,0.6472,0.3905,0.4094,-0.1978,0.0767
1,2023-11-24,0.2638,0.0596,-0.0052,0.1179,0.0412,0.5389
2,2023-11-24,0.1947,0.4892,0.2662,0.4647,-0.0204,0.4743
3,2023-11-24,0.9567,0.2426,0.1306,0.4125,0.1478,0.7958
4,2023-11-24,0.5623,0.2521,0.1332,0.266,0.0895,0.5913
5,2023-11-24,0.7395,0.0162,-0.01,0.0873,0.0366,0.5548
6,2023-11-24,0.432,0.1532,0.0274,0.277,0.1641,0.6373
7,2023-11-24,0.9388,0.2159,0.0587,0.4931,0.3723,0.9376
8,2023-11-24,0.1379,0.3427,0.19,0.4149,0.0736,0.701
9,2023-11-24,0.5858,0.185,0.0473,0.3399,0.1801,0.7037
10,2023-11-24,0.9986,0.2609,0.111,0.4318,0.2087,0.757
11,2023-11-24,0.8484,-0.0409,-0.172,0.4905,0.5906,0.9866
12,2023-11-24,0.4262,0.2574,0.116,0.4028,0.1157,0.7094
13,2023-11-24,0.6728,0.3153,0.1611,0.3106,0.0306,0.5607
14,2023-11-24,0.9277,0.1635,0.0081,0.5499,0.5171,0.97
15,2023-11-24,0.1971,0.2075,0.0345,0.4741,0.4013,0.9621
16,2023-11-24,0.1721,0.1025,-0.0053,0.3909,0.3525,0.9602
17,2023-11-24,0.899,0.3357,0.1738,0.3874,0.0879,0.7971
18,2023-11-24,0.8654,0.2887,0.1524,0.338,0.0417,0.6006
19,2023-11-24,0.5576,0.1807,0.0857,0.2661,0.0763,0.6635
20,2023-11-24,0.7594,0.0969,-0.0368,0.3673,0.4221,0.8953
21,2023-11-24,0.8749,0.1657,0.042,0.498,0.3127,0.9351
22,2023-11-24,1.0,0.6076,0.3691,0.4715,-0.0972,0.3696
23,2023-11-24,0.7506,0.3021,0.1658,0.4192,0.0578,0.5764
24,2023-11-24,0.6801,0.1812,0.1163,0.034,-0.1366,0.2753
25,2023-11-24,0.6012,0.4605,0.2691,0.387,-0.0184,0.4235
1,2023-11-27,0.4625,0.1345,0.0314,0.2042,0.1378,0.6462
2,2023-11-27,0.0305,0.317,0.1378,0.4615,0.2041,0.9762
3,2023-11-27,0.6352,0.2295,0.1221,0.3978,0.1536,0.8805
4,2023-11-27,0.611,0.2983,0.1649,0.2707,0.01,0.5203
5,2023-11-27,0.7332,0.0213,0.0026,0.12,0.0238,0.5406
6,2023-11-27,0.3109,0.1598,0.006,0.1939,0.023,0.5124
7,2023-11-27,0.1189,0.2319,0.1102,0.3987,0.2084,0.8925
8,2023-11-27,0.1777,0.3299,0.1808,0.3568,0.0628,0.6752
9,2023-11-27,0.2439,0.1952,0.0562,0.2985,0.0096,0.5132
10,2023-11-27,0.2979,0.2816,0.1468,0.317,0.059,0.6607
11,2023-11-27,0.344,0.1155,-0.026,0.5363,0.5139,0.9696
12,2023-11-27,0.2092,0.221,0.0811,0.1672,-0.0446,0.4203
13,2023-11-27,0.6099,0.3548,0.1898,0.2975,-0.0104,0.4628
14,2023-11-27,0.2459,0.187,0.0846,0.4761,0.3173,0.9619
15,2023-11-27,0.4392,0.3106,0.1312,0.4723,0.2733,0.8455
16,2023-11-27,0.0669,0.2606,0.1013,0.4277,0.2455,0.7992
17,2023-11-27,0.721,0.3353,0.1675,0.3802,0.0918,0.8498
18,2023-11-27,0.9527,0.3189,0.1675,0.3768,0.062,0.6445
19,2023-11-27,0.9065,0.2639,0.1397,0.2744,-0.0073,0.4815
20,2023-11-27,0.1188,0.2593,0.172,0.102,-0.1566,0.1102
21,2023-11-27,0.3323,0.1383,0.0529,0.3339,0.2064,0.9052
22,2023-11-27,0.1509,0.5039,0.2949,0.4606,0.1405,0.7864
23,2023-11-27,0.804,0.3535,0.191,0.4103,0.0492,0.571
24,2023-11-27,0.5373,0.2178,0.1199,0.1451,-0.0425,0.3951
1,2023-11-29,0.9961,0.1747,0.0577,0.3,0.1485,0.7075
2,2023-11-29,1.0,0.4754,0.238,0.4512,-0.0114,0.4821
3,2023-11-29,1.0,0.2854,0.1522,0.397,0.1124,0.7788
4,2023-11-29,1.0,0.3271,0.173,0.3601,0.0375,0.5791
5,2023-11-29,0.8962,0.1396,0.0654,0.2136,0.0105,0.5205
6,2023-11-29,1.0,0.2572,0.1396,0.2997,0.0192,0.5431
7,2023-11-29,0.795,0.3261,0.1631,0.4115,0.103,0.6943
8,2023-11-29,1.0,0.4515,0.2303,0.4549,0.0066,0.5135
9,2023-11-29,0.7074,0.5458,0.2981,0.4475,-0.0959,0.281
10,2023-11-29,1.0,0.3604,0.1991,0.3451,-0.0171,0.4634
11,2023-11-29,1.0,0.2101,0.0926,0.385,0.1836,0.8789
12,2023-11-29,0.6808,0.3163,0.1519,0.3863,0.0148,0.5289
13,2023-11-29,1.0,0.4044,0.2075,0.3618,-0.0133,0.46
14,2023-11-29,1.0,0.304,0.1518,0.4742,0.1687,0.8561
15,2023-11-29,0.5986,0.2776,0.1185,0.4702,0.2439,0.7881
16,2023-11-29,1.0,0.3067,0.1726,0.3395,0.0337,0.5565
17,2023-11-29,1.0,0.3703,0.1804,0.4006,0.0485,0.6691
18,2023-11-29,1.0,0.3347,0.1779,0.3999,0.0431,0.5778
19,2023-11-29,1.0,0.3094,0.1674,0.2793,-0.0876,0.2729
20,2023-11-29,1.0,0.2992,0.1828,0.1945,-0.1215,0.3293
21,2023-11-29,0.8696,0.2935,0.1553,0.4418,0.1282,0.7719
22,2023-11-29,1.0,0.6529,0.366,0.4761,-0.22,0.2879
23,2023-11-29,0.877,0.4064,0.2203,0.3805,-0.0693,0.3877
24,2023-11-29,0.811,0.2641,0.1423,0.1428,-0.0831,0.3502
25,2023-11-29,1.0,0.7275,0.3911,0.4433,-0.2845,0.1425
1,2023-12-02,1.0,0.2146,0.1146,0.2563,0.0339,0.5987
2,2023-12-02,0.9214,0.4328,0.2341,0.4525,0.0567,0.6513
3,2023-12-02,0.9619,0.2813,0.1614,0.3809,0.1134,0.8457
4,2023-12-02,0.182,0.2678,0.1639,0.2826,0.0936,0.7223
5,2023-12-02,0.9693,0.2063,0.0935,0.2582,0.0522,0.6006
6,2023-12-02,0.9993,0.256,0.1558,0.2669,0.0005,0.5014
7,2023-12-02,0.737,0.3217,0.1927,0.3662,0.1001,0.8032
8,2023-12-02,1.0,0.4087,0.2215,0.4595,0.0858,0.7491
9,2023-12-02,0.8474,0.3741,0.2213,0.3613,0.0208,0.5567
10,2023-12-02,0.2135,0.2996,0.179,0.3305,0.022,0.5771
11,2023-12-02,0.9503,0.2544,0.1544,0.3188,0.0744,0.7931
12,2023-12-02,0.8277,0.3014,0.16,0.3554,0.0385,0.5866
14,2023-12-02,0.9892,0.3115,0.1871,0.3917,0.1124,0.8356
15,2023-12-02,1.0,0.3502,0.2091,0.373,0.0327,0.6214
16,2023-12-02,0.9326,0.3086,0.2046,0.2551,-0.0339,0.3932
17,2023-12-02,0.8827,0.324,0.1637,0.4054,0.1237,0.9459
18,2023-12-02,0.1659,0.349,0.179,0.4065,0.1018,0.91
19,2023-12-02,1.0,0.2881,0.1762,0.2901,-0.0316,0.3857
20,2023-12-02,1.0,0.2944,0.1998,0.1585,-0.1306,0.2
21,2023-12-02,1.0,0.3282,0.1912,0.406,0.07,0.7595
22,2023-12-02,0.9883,0.5675,0.3519,0.492,-0.0305,0.4326
23,2023-12-02,1.0,0.3867,0.2271,0.3864,-0.0004,0.4983
24,2023-12-02,0.9209,0.1966,0.108,0.1689,0.0052,0.5155
25,2023-12-02,1.0,0.5839,0.3727,0.434,-0.0927,0.1877
1,2023-12-04,1.0,0.2422,0.1234,0.2453,-0.0159,0.4623
2,2023-12-04,0.9997,0.5341,0.2836,0.4615,-0.0649,0.3972
3,2023-12-04,1.0,0.3113,0.1758,0.3884,0.0855,0.6835
4,2023-12-04,1.0,0.3605,0.2033,0.3362,-0.0039,0.489
5,2023-12-04,1.0,0.242,0.1137,0.2734,-0.012,0.4772
6,2023-12-04,1.0,0.2951,0.1731,0.2674,-0.0509,0.3661
7,2023-12-04,0.9976,0.399,0.2243,0.3983,0.0177,0.5352
8,2023-12-04,1.0,0.508,0.2753,0.4709,-0.0377,0.4389
9,2023-12-04,1.0,0.4788,0.2672,0.3917,-0.1023,0.3445
10,2023-12-04,1.0,0.391,0.2211,0.336,-0.0579,0.3824
11,2023-12-04,1.0,0.2723,0.1619,0.3276,0.0585,0.6613
12,2023-12-04,1.0,0.3866,0.2073,0.3804,-0.0776,0.379
13,2023-12-04,1.0,0.4437,0.2337,0.3613,-0.0489,0.3492
14,2023-12-04,1.0,0.3637,0.2068,0.4173,0.0836,0.6587
15,2023-12-04,1.0,0.3852,0.218,0.3777,-0.0076,0.484
16,2023-12-04,1.0,0.3614,0.2328,0.2495,-0.122,0.2207
17,2023-12-04,1.0,0.4056,0.2064,0.419,0.0521,0.6504
18,2023-12-04,1.0,0.3521,0.1888,0.4083,0.0373,0.5585
19,2023-12-04,1.0,0.3506,0.1965,0.2871,-0.1146,0.2524
20,2023-12-04,1.0,0.335,0.2201,0.1545,-0.1993,0.1408
21,2023-12-04,1.0,0.365,0.2005,0.3996,0.003,0.504
22,2023-12-04,1.0,0.743,0.4346,0.5038,-0.3736,0.2079
23,2023-12-04,1.0,0.4541,0.2568,0.3898,-0.102,0.3346
24,2023-12-04,1.0,0.3065,0.1761,0.1334,-0.116,0.3409
25,2023-12-04,1.0,0.7979,0.458,0.4475,-0.4033,0.0468
1,2023-12-07,0.8357,0.1392,0.0033,0.3246,0.2844,0.7259
2,2023-12-07,1.0,0.4511,0.1969,0.503,0.1334,0.6721
3,2023-12-07,1.0,0.2876,0.1447,0.3996,0.1217,0.7285
4,2023-12-07,0.8643,0.2301,0.0285,0.513,0.4468,0.775
5,2023-12-07,0.989,0.0367,-0.0066,0.3183,0.2154,0.6534
6,2023-12-07,0.9127,0.2218,0.0862,0.4066,0.2277,0.6789
7,2023-12-07,0.9977,0.2962,0.0921,0.571,0.3879,0.8904
8,2023-12-07,0.7688,0.4138,0.1913,0.5168,0.1694,0.7195
9,2023-12-07,0.3849,0.008,0.0,-0.0714,0.0618,0.5427
10,2023-12-07,0.7739,0.3333,0.142,0.5261,0.2579,0.7285
11,2023-12-07,1.0,0.1994,0.062,0.5401,0.3783,0.9297
12,2023-12-07,0.7618,0.2449,0.0778,0.4598,0.1748,0.668
13,2023-12-07,0.7441,0.3236,0.0905,0.494,0.3242,0.8948
14,2023-12-07,1.0,0.2619,0.0951,0.6254,0.4275,0.9239
15,2023-12-07,0.9227,0.3216,0.1106,0.5993,0.4262,0.8495
16,2023-12-07,1.0,0.3137,0.1507,0.4982,0.2576,0.8084
17,2023-12-07,1.0,0.3304,0.1232,0.5067,0.2812,0.8711
18,2023-12-07,0.9104,0.3389,0.1766,0.3444,0.0233,0.5393
19,2023-12-07,0.5184,0.2431,0.1133,0.236,-0.0072,0.4817
20,2023-12-07,0.9846,0.2979,0.1464,0.3435,0.138,0.6203
21,2023-12-07,0.5701,0.1631,0.0642,0.4052,0.2437,0.835
22,2023-12-07,1.0,0.6718,0.3928,0.4861,-0.1709,0.3173
23,2023-12-07,0.9662,0.3669,0.1886,0.3727,0.0028,0.5066
24,2023-12-07,1.0,0.2432,0.1207,0.1089,-0.0545,0.4587
25,2023-12-07,0.2258,0.5334,0.313,0.3599,-0.1479,0.2024
1,2023-12-09,0.8741,0.0456,-0.0873,0.438,0.4491,0.7994
2,2023-12-09,1.0,0.5132,0.212,0.5047,0.0336,0.5329
3,2023-12-09,1.0,0.2868,0.1341,0.4825,0.1608,0.6942
4,2023-12-09,1.0,0.2455,0.0103,0.5138,0.4513,0.8104
5,2023-12-09,0.8191,0.0237,-0.0277,0.0808,0.2276,0.6482
6,2023-12-09,0.9753,0.1021,-0.0732,0.528,0.5556,0.7964
7,2023-12-09,0.9639,0.2526,0.0329,0.5477,0.4286,0.8565
8,2023-12-09,1.0,0.481,0.2052,0.5443,0.1162,0.6181
9,2023-12-09,0.9094,0.5113,0.2337,0.5263,0.0243,0.5201
10,2023-12-09,1.0,0.2982,0.0703,0.5467,0.3543,0.7575
11,2023-12-09,1.0,-0.0678,-0.226,0.6307,0.7481,0.9327
12,2023-12-09,0.6804,0.2904,0.0747,0.4787,0.1418,0.5899
13,2023-12-09,1.0,0.3873,0.1217,0.4899,0.2265,0.745
14,2023-12-09,0.8866,0.1444,-0.0487,0.608,0.6016,0.9155
15,2023-12-09,0.9475,0.2523,0.0336,0.5645,0.4608,0.8306
16,2023-12-09,1.0,0.133,-0.0747,0.5991,0.6106,0.8915
17,2023-12-09,1.0,0.3877,0.1523,0.5168,0.1989,0.7866
18,2023-12-09,1.0,0.3482,0.1712,0.3785,0.01,0.512
19,2023-12-09,1.0,0.2525,0.0745,0.5236,0.1327,0.6007
20,2023-12-09,1.0,0.1675,-0.0358,0.4397,0.4328,0.8327
21,2023-12-09,0.87,0.2004,0.0221,0.5492,0.3429,0.8327
22,2023-12-09,1.0,0.7718,0.4258,0.5081,-0.46,0.2178
23,2023-12-09,0.902,0.4126,0.1781,0.4834,0.0158,0.51
24,2023-12-09,1.0,0.264,0.1243,0.1455,-0.0266,0.4917
25,2023-12-09,1.0,0.9232,0.473,0.5006,-0.4641,0.1376
1,2023-12-12,1.0,0.0648,-0.0715,0.4314,0.4588,0.8327
2,2023-12-12,0.9597,0.4899,0.2356,0.5121,0.0577,0.5694
3,2023-12-12,1.0,0.2941,0.1559,0.4623,0.1593,0.7796
4,2023-12-12,1.0,0.3016,0.1205,0.4934,0.2832,0.7192
5,2023-12-12,0.9927,0.0828,0.0014,0.2921,0.0683,0.5796
6,2023-12-12,1.0,0.1898,-0.0006,0.4985,0.4606,0.7634
7,2023-12-12,1.0,0.2834,0.0913,0.5767,0.4119,0.9001
8,2023-12-12,0.9861,0.4627,0.2338,0.5078,0.0787,0.6142
9,2023-12-12,1.0,0.4421,0.2441,0.4698,0.0261,0.5333
10,2023-12-12,1.0,0.3393,0.1503,0.4772,0.1883,0.6946
11,2023-12-12,1.0,0.0188,-0.1497,0.6543,0.7323,0.9505
12,2023-12-12,0.7806,0.23,0.058,0.4539,0.2029,0.6807
13,2023-12-12,1.0,0.395,0.1964,0.3903,0.0489,0.597
14,2023-12-12,1.0,0.2476,0.0728,0.6212,0.5133,0.9224
15,2023-12-12,1.0,0.2222,0.0172,0.5792,0.5263,0.8996
16,2023-12-12,1.0,0.1093,-0.0766,0.6009,0.637,0.9458
17,2023-12-12,1.0,0.3865,0.1907,0.4316,0.0878,0.741
18,2023-12-12,1.0,0.3601,0.1886,0.4098,0.039,0.5626
19,2023-12-12,1.0,0.2928,0.1441,0.3573,0.0153,0.527
20,2023-12-12,1.0,0.1944,0.0114,0.4668,0.4404,0.8003
21,2023-12-12,1.0,0.2304,0.0764,0.561,0.3,0.9113
22,2023-12-12,1.0,0.7261,0.422,0.518,-0.2619,0.2977
23,2023-12-12,1.0,0.4032,0.2035,0.4891,0.0568,0.5551
24,2023-12-12,1.0,0.2741,0.1476,0.1374,-0.0751,0.4286
25,2023-12-12,0.9266,0.7608,0.4486,0.5155,-0.1748,0.2678
1,2023-12-14,1.0,0.1138,-0.0164,0.3177,0.3084,0.7998
2,2023-12-14,1.0,0.4418,0.2228,0.4603,0.0688,0.6083
3,2023-12-14,1.0,0.279,0.1512,0.4183,0.1376,0.8084
4,2023-12-14,1.0,0.2919,0.145,0.3557,0.1198,0.6809
5,2023-12-14,0.9931,0.1702,0.0551,0.2755,0.0491,0.5841
6,2023-12-14,0.9744,0.2103,0.0779,0.3471,0.2121,0.7142
7,2023-12-14,0.9688,0.2808,0.1216,0.4591,0.2347,0.8617
8,2023-12-14,1.0,0.4145,0.2209,0.4552,0.069,0.6381
9,2023-12-14,0.801,0.4321,0.2433,0.4158,0.0047,0.5102
10,2023-12-14,0.9565,0.3257,0.1718,0.3593,0.064,0.623
11,2023-12-14,1.0,0.1349,-0.0185,0.5208,0.4853,0.9409
12,2023-12-14,1.0,0.2895,0.1368,0.3956,0.0685,0.6225
13,2023-12-14,1.0,0.3722,0.1902,0.3465,0.0216,0.5575
14,2023-12-14,1.0,0.2674,0.1224,0.527,0.3,0.9176
15,2023-12-14,0.5586,0.1484,-0.035,0.5312,0.5288,0.8979
16,2023-12-14,1.0,0.1836,0.0204,0.4799,0.4223,0.8649
17,2023-12-14,0.9946,0.3579,0.187,0.405,0.0935,0.8152
18,2023-12-14,1.0,0.3255,0.1742,0.3922,0.0534,0.6154
19,2023-12-14,1.0,0.2874,0.1575,0.2856,-0.0295,0.4163
20,2023-12-14,1.0,0.2371,0.0819,0.3405,0.2443,0.6858
21,2023-12-14,1.0,0.2575,0.0963,0.4791,0.1998,0.9095
22,2023-12-14,1.0,0.589,0.3616,0.4638,-0.0866,0.3804
23,2023-12-14,1.0,0.3742,0.1939,0.4134,0.0251,0.5321
24,2023-12-14,1.0,0.2511,0.1489,0.1214,-0.0753,0.3802
25,2023-12-14,1.0,0.6678,0.386,0.4372,-0.1628,0.2345
1,2023-12-17,1.0,0.2312,0.1244,0.2073,-0.0192,0.4457
2,2023-12-17,1.0,0.4645,0.257,0.4118,-0.0172,0.4603
3,2023-12-17,1.0,0.3027,0.1709,0.3579,0.0728,0.6975
4,2023-12-17,1.0,0.3273,0.1919,0.2907,-0.0115,0.4654
5,2023-12-17,1.0,0.2317,0.1116,0.2431,-0.0087,0.4819
6,2023-12-17,1.0,0.2762,0.1676,0.231,-0.0532,0.322
7,2023-12-17,1.0,0.3658,0.2128,0.3497,0.0026,0.505
8,2023-12-17,0.9999,0.4257,0.2367,0.4062,-0.0044,0.4875
9,2023-12-17,1.0,0.445,0.2588,0.362,-0.0666,0.3767
10,2023-12-17,1.0,0.3597,0.2114,0.2971,-0.0464,0.3824
11,2023-12-17,1.0,0.2634,0.1524,0.2951,0.0444,0.664
12,2023-12-17,0.9689,0.3477,0.1931,0.341,-0.0498,0.401
13,2023-12-17,1.0,0.391,0.2146,0.3232,-0.0326,0.3688
14,2023-12-17,1.0,0.355,0.2049,0.3909,0.0658,0.6571
15,2023-12-17,1.0,0.3644,0.2132,0.3435,-0.0103,0.4712
16,2023-12-17,1.0,0.3333,0.2113,0.2194,-0.1007,0.2286
17,2023-12-17,1.0,0.3583,0.1866,0.3812,0.0642,0.7324
18,2023-12-17,1.0,0.3393,0.1868,0.3764,0.0416,0.5828
19,2023-12-17,1.0,0.3036,0.178,0.2553,-0.0878,0.2491
20,2023-12-17,1.0,0.3049,0.2021,0.1293,-0.1719,0.163
21,2023-12-17,1.0,0.342,0.2009,0.3471,-0.0204,0.4574
22,2023-12-17,1.0,0.6353,0.397,0.4481,-0.1937,0.221
23,2023-12-17,1.0,0.4126,0.2345,0.3547,-0.0646,0.3518
24,2023-12-17,1.0,0.247,0.1488,0.1135,-0.0933,0.3164
25,2023-12-17,1.0,0.6559,0.4016,0.3865,-0.2438,0.0582
1,2023-12-19,0.9243,0.2172,0.119,0.2246,-0.0065,0.4814
2,2023-12-19,0.8069,0.476,0.2483,0.4485,-0.0031,0.4938
3,2023-12-19,1.0,0.2969,0.1708,0.3838,0.0932,0.7158
4,2023-12-19,0.9757,0.3278,0.1902,0.3289,0.0117,0.5322
5,2023-12-19,0.8998,0.1991,0.0931,0.2395,0.0037,0.5068
6,2023-12-19,0.9774,0.2702,0.1656,0.2572,-0.0383,0.3827
7,2023-12-19,0.9656,0.3601,0.2088,0.3766,0.0256,0.5602
8,2023-12-19,0.6979,0.4163,0.2304,0.4381,0.0304,0.5779
9,2023-12-19,0.8154,0.5203,0.3011,0.4301,-0.0908,0.3109
10,2023-12-19,0.8582,0.356,0.2094,0.3266,-0.0377,0.4103
11,2023-12-19,1.0,0.2534,0.1515,0.322,0.0648,0.7094
12,2023-12-19,0.4917,0.3028,0.1611,0.3322,-0.0208,0.4545
13,2023-12-19,0.9464,0.394,0.2138,0.3427,-0.0164,0.4352
14,2023-12-19,1.0,0.3481,0.2065,0.4099,0.083,0.6813
15,2023-12-19,0.8489,0.3537,0.2068,0.3611,0.0089,0.5245
16,2023-12-19,0.9582,0.3256,0.2117,0.2422,-0.0933,0.2476
17,2023-12-19,1.0,0.3679,0.192,0.4032,0.0621,0.7229
18,2023-12-19,1.0,0.3324,0.1858,0.4012,0.0555,0.6052
19,2023-12-19,0.9427,0.3128,0.1823,0.2871,-0.0809,0.2806
20,2023-12-19,0.9918,0.3048,0.2049,0.1505,-0.1697,0.1587
21,2023-12-19,1.0,0.3466,0.199,0.3714,-0.0012,0.4973
22,2023-12-19,0.021,0.4273,0.155,0.4875,0.1027,0.7778
23,2023-12-19,1.0,0.4227,0.2441,0.3746,-0.071,0.3665
24,2023-12-19,0.6676,0.2441,0.13,0.2022,0.0096,0.532
25,2023-12-19,0.5109,0.6827,0.4015,0.3947,-0.2827,0.0554
1,2023-12-22,1.0,0.0636,-0.0595,0.4803,0.4856,0.8869
2,2023-12-22,1.0,0.3601,0.139,0.5115,0.2809,0.8792
3,2023-12-22,1.0,0.2102,0.0653,0.6219,0.484,0.8778
4,2023-12-22,1.0,0.1084,-0.0589,0.5411,0.5874,0.9307
5,2023-12-22,1.0,0.0266,-0.0203,0.4677,0.3905,0.7383
6,2023-12-22,1.0,0.1055,-0.0374,0.5677,0.5767,0.8512
7,2023-12-22,1.0,0.2084,0.018,0.5845,0.5276,0.9792
8,2023-12-22,1.0,0.3218,0.112,0.5442,0.3689,0.9272
9,2023-12-22,1.0,0.3547,0.151,0.535,0.2483,0.8486
10,2023-12-22,1.0,0.2149,0.0334,0.5771,0.4813,0.9476
11,2023-12-22,1.0,0.0482,-0.1015,0.6745,0.7182,0.9952
12,2023-12-22,1.0,0.2337,0.0782,0.4987,0.2761,0.8126
13,2023-12-22,0.9757,0.1675,-0.0198,0.5286,0.5091,0.9916
14,2023-12-22,1.0,0.149,-0.0243,0.6418,0.6382,0.9976
15,2023-12-22,1.0,0.2199,0.0285,0.6044,0.5303,0.9598
16,2023-12-22,1.0,0.1838,0.0277,0.6268,0.5758,0.9934
17,2023-12-22,0.9967,0.1107,-0.1042,0.6123,0.6343,0.9962
18,2023-12-22,1.0,0.2903,0.1216,0.5386,0.2716,0.718
19,2023-12-22,1.0,0.1971,0.0698,0.5306,0.3096,0.9029
20,2023-12-22,1.0,0.1716,0.0259,0.5039,0.4667,0.908
21,2023-12-22,1.0,0.2065,0.0554,0.564,0.3919,0.9601
22,2023-12-22,1.0,0.6107,0.3468,0.5029,-0.0183,0.478
23,2023-12-22,1.0,0.3004,0.1262,0.5145,0.2739,0.7972
24,2023-12-22,1.0,0.1396,0.0136,0.425,0.4149,0.6466
25,2023-12-22,1.0,0.5952,0.3253,0.5091,0.0593,0.71
1,2023-12-27,0.7045,0.1335,0.0346,0.1926,0.1511,0.7245
2,2023-12-27,1.0,0.4526,0.2195,0.465,0.0442,0.569
3,2023-12-27,1.0,0.2893,0.1549,0.3966,0.1075,0.7411
4,2023-12-27,0.9355,0.2932,0.154,0.3258,0.0665,0.623
5,2023-12-27,0.9869,0.1938,0.0783,0.2439,0.0095,0.5192
6,2023-12-27,0.9206,0.2419,0.126,0.3074,0.0647,0.6056
7,2023-12-27,1.0,0.3232,0.1534,0.4109,0.1381,0.7397
8,2023-12-27,0.9986,0.425,0.2145,0.4573,0.0404,0.5785
9,2023-12-27,0.9994,0.4398,0.2416,0.3937,-0.0189,0.467
10,2023-12-27,1.0,0.3575,0.1908,0.327,-0.0144,0.4714
11,2023-12-27,1.0,0.2108,0.0978,0.3625,0.1635,0.8461
12,2023-12-27,1.0,0.3212,0.1558,0.3841,0.0223,0.5368
13,2023-12-27,1.0,0.3801,0.1938,0.3443,0.0074,0.5185
14,2023-12-27,1.0,0.319,0.1592,0.4721,0.1864,0.829
15,2023-12-27,0.8072,0.292,0.1271,0.4837,0.2794,0.8631
16,2023-12-27,1.0,0.2874,0.1292,0.4091,0.1764,0.6853
17,2023-12-27,0.9929,0.3586,0.1829,0.3984,0.0699,0.7523
18,2023-12-27,1.0,0.3369,0.1794,0.3862,0.037,0.5651
19,2023-12-27,0.9091,0.2829,0.1561,0.2708,-0.0519,0.3612
20,2023-12-27,1.0,0.2936,0.1722,0.2078,-0.0635,0.4337
21,2023-12-27,0.9991,0.2768,0.1356,0.4025,0.1616,0.8917
22,2023-12-27,1.0,0.6408,0.3508,0.4821,-0.1533,0.35
23,2023-12-27,0.3827,0.3539,0.1828,0.3664,0.0266,0.5634
25,2023-12-27,0.71,0.5332,0.2932,0.4144,-0.0486,0.351
1,2024-01-01,0.9849,0.2276,0.1225,0.2289,-0.0212,0.4425
2,2024-01-01,0.9656,0.4927,0.2634,0.4524,-0.0382,0.4242
3,2024-01-01,1.0,0.3087,0.1816,0.3882,0.0796,0.683
4,2024-01-01,0.9759,0.3324,0.1933,0.3243,-0.0148,0.4622
5,2024-01-01,0.9749,0.2193,0.1047,0.2517,-0.0193,0.4652
6,2024-01-01,1.0,0.2824,0.174,0.2561,-0.0595,0.3302
7,2024-01-01,0.9639,0.3808,0.2196,0.3836,-0.0003,0.4991
8,2024-01-01,0.949,0.4649,0.2488,0.4588,-0.0232,0.449
9,2024-01-01,0.9766,0.4403,0.251,0.383,-0.0686,0.3834
10,2024-01-01,0.9384,0.3709,0.2133,0.3302,-0.061,0.3731
11,2024-01-01,1.0,0.2626,0.1596,0.3148,0.0489,0.6619
12,2024-01-01,0.7875,0.3793,0.2033,0.3853,-0.072,0.3678
13,2024-01-01,1.0,0.41,0.2179,0.3501,-0.0479,0.3418
14,2024-01-01,1.0,0.3635,0.2172,0.4138,0.0612,0.6268
15,2024-01-01,1.0,0.3707,0.2154,0.3694,-0.0127,0.4674
16,2024-01-01,0.9121,0.3569,0.2334,0.241,-0.1279,0.1939
17,2024-01-01,0.981,0.3518,0.174,0.3941,0.0429,0.6591
18,2024-01-01,1.0,0.3408,0.1866,0.4036,0.0426,0.569
19,2024-01-01,0.9691,0.3333,0.1917,0.2908,-0.1078,0.2506
20,2024-01-01,1.0,0.3225,0.2177,0.146,-0.2012,0.1496
21,2024-01-01,1.0,0.3455,0.2011,0.3616,-0.0204,0.4481
22,2024-01-01,0.5192,0.6086,0.3261,0.4712,-0.2124,0.2439
23,2024-01-01,1.0,0.4338,0.253,0.3824,-0.0759,0.3488
24,2024-01-01,0.3028,0.2874,0.1369,0.2972,0.0187,0.547
25,2024-01-01,0.8205,0.7345,0.4311,0.4307,-0.3372,0.0385
1,2024-01-03,0.0419,0.2398,0.1288,0.3065,0.0541,0.7072
3,2024-01-03,0.7002,0.2864,0.169,0.3443,0.0684,0.776
4,2024-01-03,0.008,0.3192,0.2108,0.3379,0.016,0.5941
5,2024-01-03,0.1215,0.1964,0.1186,0.1667,-0.0899,0.2745
6,2024-01-03,0.3365,0.2591,0.1723,0.2445,-0.0525,0.2744
7,2024-01-03,0.3922,0.2637,0.1592,0.3161,0.0521,0.6532
9,2024-01-03,0.0699,0.2613,0.1489,0.2261,-0.098,0.3101
10,2024-01-03,0.1197,0.2756,0.1533,0.3004,0.0257,0.6095
11,2024-01-03,0.1319,0.252,0.1518,0.3075,0.0461,0.7335
12,2024-01-03,0.052,0.1701,0.0607,0.0811,-0.1467,0.1685
13,2024-01-03,0.1165,0.3115,0.1714,0.3193,0.0163,0.6232
14,2024-01-03,0.4318,0.2673,0.1641,0.3491,0.1029,0.8176
15,2024-01-03,0.089,0.2845,0.1781,0.3182,0.0042,0.5216
16,2024-01-03,0.2838,0.2567,0.166,0.1757,-0.0448,0.2545
18,2024-01-03,0.5217,0.3222,0.1848,0.348,0.0098,0.531
19,2024-01-03,0.4771,0.235,0.1332,0.2083,-0.0505,0.2694
20,2024-01-03,0.1133,0.2811,0.2064,0.1414,-0.176,0.0231
23,2024-01-03,0.2533,0.2513,0.151,0.2697,0.0037,0.5164
24,2024-01-03,0.1161,0.2422,0.1348,0.2852,0.0533,0.7843
1,2024-01-06,0.388,0.1433,0.0171,0.4632,0.4116,0.8438
2,2024-01-06,0.028,0.2094,0.0919,0.1478,-0.0325,0.4197
3,2024-01-06,0.8446,0.2382,0.1039,0.5492,0.3305,0.7918
4,2024-01-06,0.3309,0.1723,-0.008,0.5119,0.5424,0.8386
5,2024-01-06,0.7891,0.0254,-0.0135,0.072,0.1759,0.6456
6,2024-01-06,0.2158,0.1903,0.0503,0.4739,0.3423,0.7728
7,2024-01-06,0.9164,0.2858,0.0814,0.5948,0.4459,0.9275
9,2024-01-06,0.0556,0.029,-0.0107,-0.0701,-0.0502,0.4315
10,2024-01-06,0.4034,0.3306,0.1361,0.5532,0.2849,0.7727
11,2024-01-06,0.5472,0.1818,0.0364,0.5899,0.4956,0.9643
12,2024-01-06,0.4053,0.2463,0.08,0.4792,0.2207,0.7307
13,2024-01-06,0.2322,0.2138,0.0154,0.4975,0.4233,0.9455
14,2024-01-06,1.0,0.2438,0.063,0.6691,0.5593,0.9498
15,2024-01-06,0.3714,0.2299,0.0728,0.6464,0.5542,0.908
16,2024-01-06,0.3545,0.3002,0.1634,0.5232,0.2711,0.9085
17,2024-01-06,0.3678,0.1508,-0.07,0.6972,0.6809,1.0
18,2024-01-06,0.8819,0.3262,0.1624,0.4993,0.2021,0.689
20,2024-01-06,0.3224,0.2972,0.1892,0.3661,0.0632,0.6081
21,2024-01-06,0.9508,0.2794,0.1228,0.5521,0.2686,0.8693
23,2024-01-06,0.1029,0.4282,0.2174,0.5263,0.1612,0.7381
24,2024-01-06,0.6056,0.1969,0.0723,0.2378,0.1927,0.5865
25,2024-01-06,0.7682,0.7127,0.3888,0.4802,-0.1962,0.2011
1,2024-01-08,0.7818,-0.0128,-0.1332,0.4036,0.5276,0.8702
2,2024-01-08,1.0,0.3838,0.154,0.4968,0.2596,0.8715
3,2024-01-08,0.9999,0.2193,0.0762,0.5846,0.4075,0.8883
4,2024-01-08,0.9947,0.1346,-0.0317,0.4975,0.5298,0.9055
5,2024-01-08,0.9541,0.0224,-0.0364,0.4034,0.3629,0.7213
6,2024-01-08,1.0,0.028,-0.1019,0.5116,0.5923,0.8636
7,2024-01-08,1.0,0.1747,-0.0013,0.5462,0.504,0.9721
8,2024-01-08,1.0,0.3372,0.134,0.5125,0.3176,0.9068
9,2024-01-08,1.0,0.3444,0.1443,0.5141,0.2256,0.802
10,2024-01-08,1.0,0.1876,0.0241,0.5244,0.4417,0.9143
11,2024-01-08,1.0,0.0415,-0.1001,0.6302,0.6784,0.9753
12,2024-01-08,1.0,0.1954,0.0555,0.4599,0.2809,0.8072
13,2024-01-08,1.0,0.2138,0.0198,0.4888,0.4166,0.9673
14,2024-01-08,1.0,0.1174,-0.0463,0.5986,0.6255,0.9757
15,2024-01-08,0.9983,0.195,0.0163,0.5282,0.4791,0.9221
16,2024-01-08,1.0,0.0748,-0.0747,0.5519,0.5968,0.981
17,2024-01-08,1.0,0.2231,-0.0039,0.6153,0.5439,0.9889
18,2024-01-08,1.0,0.2993,0.1458,0.4614,0.142,0.684
19,2024-01-08,1.0,0.1791,0.0322,0.4989,0.3129,0.747
20,2024-01-08,1.0,0.0985,-0.049,0.4388,0.4807,0.9214
21,2024-01-08,0.7728,0.1319,-0.0125,0.5256,0.3902,0.9501
22,2024-01-08,0.9925,0.599,0.3609,0.4792,-0.0243,0.4637
23,2024-01-08,1.0,0.3091,0.124,0.4649,0.1926,0.6972
24,2024-01-08,1.0,0.1725,0.0454,0.2991,0.2733,0.5925
25,2024-01-08,0.6284,0.6404,0.3515,0.454,-0.1005,0.3325
1,2024-01-11,0.9684,0.0617,-0.0647,0.3979,0.4611,0.8425
2,2024-01-11,1.0,0.4396,0.2183,0.515,0.1354,0.7128
3,2024-01-11,1.0,0.2738,0.153,0.4487,0.1716,0.8552
4,2024-01-11,1.0,0.2697,0.1164,0.4489,0.276,0.7315
5,2024-01-11,0.9418,0.0635,0.0017,0.2871,0.0952,0.6302
6,2024-01-11,1.0,0.1866,0.0261,0.4392,0.3914,0.7595
7,2024-01-11,0.4612,0.2672,0.0881,0.5323,0.4204,0.9429
8,2024-01-11,1.0,0.3908,0.211,0.5017,0.1615,0.7758
9,2024-01-11,0.1502,0.3416,0.1706,0.4778,0.2292,0.8709
10,2024-01-11,0.0234,0.0929,-0.0663,0.4729,0.449,1.0
11,2024-01-11,1.0,0.1887,0.0752,0.4633,0.3166,0.9372
12,2024-01-11,0.8314,0.2937,0.1408,0.4625,0.1868,0.8235
13,2024-01-11,0.9189,0.3345,0.1697,0.4004,0.1178,0.7659
14,2024-01-11,1.0,0.2377,0.0897,0.5976,0.4767,0.9772
15,2024-01-11,0.9295,0.1959,0.022,0.5404,0.4832,0.9492
16,2024-01-11,1.0,0.1013,-0.0542,0.5713,0.6048,0.9866
17,2024-01-11,1.0,0.3458,0.1857,0.4342,0.1352,0.908
18,2024-01-11,0.034,0.2994,0.1599,0.4931,0.2462,0.9837
20,2024-01-11,0.9869,0.1683,0.0312,0.4071,0.3977,0.794
21,2024-01-11,1.0,0.2252,0.0809,0.5464,0.3046,0.9357
22,2024-01-11,1.0,0.5962,0.3632,0.5117,0.0169,0.5178
23,2024-01-11,0.5443,0.3747,0.1899,0.4667,0.0744,0.6391
24,2024-01-11,1.0,0.2309,0.1442,0.1337,-0.0623,0.4155
25,2024-01-11,0.9108,0.6253,0.3958,0.4896,-0.03,0.4235
1,2024-01-13,0.1286,0.401,0.2266,0.3965,0.0433,0.6253
2,2024-01-13,0.8306,0.422,0.2205,0.4523,0.0804,0.6734
3,2024-01-13,1.0,0.289,0.1689,0.3893,0.1037,0.7614
4,2024-01-13,0.9971,0.3174,0.1901,0.3467,0.0456,0.6159
5,2024-01-13,1.0,0.2197,0.111,0.2776,0.0244,0.5445
6,2024-01-13,0.9262,0.2627,0.1651,0.2754,-0.0071,0.4756
7,2024-01-13,0.8141,0.354,0.2029,0.412,0.0799,0.705
8,2024-01-13,1.0,0.4339,0.243,0.4664,0.0519,0.6197
9,2024-01-13,0.9838,0.4138,0.2385,0.3839,-0.0087,0.4827
10,2024-01-13,1.0,0.338,0.2005,0.333,-0.0014,0.4969
11,2024-01-13,1.0,0.231,0.1404,0.3246,0.0883,0.7914
12,2024-01-13,1.0,0.3299,0.1835,0.3721,0.0062,0.5142
13,2024-01-13,0.9875,0.3719,0.2059,0.3671,0.0278,0.6071
14,2024-01-13,1.0,0.3333,0.1932,0.4247,0.1247,0.7752
15,2024-01-13,0.8845,0.352,0.2095,0.3782,0.042,0.6122
16,2024-01-13,1.0,0.3136,0.2051,0.2513,-0.0628,0.331
17,2024-01-13,1.0,0.3577,0.1953,0.429,0.1112,0.8605
18,2024-01-13,1.0,0.3246,0.1857,0.4048,0.0677,0.632
19,2024-01-13,1.0,0.2968,0.1819,0.2937,-0.0589,0.3302
20,2024-01-13,1.0,0.2965,0.203,0.1547,-0.1521,0.1863
22,2024-01-13,0.9855,0.5868,0.3627,0.4694,-0.0681,0.3793
23,2024-01-13,1.0,0.3962,0.2323,0.3825,-0.0363,0.4106
24,2024-01-13,1.0,0.2438,0.1577,0.1405,-0.0745,0.3648
25,2024-01-13,1.0,0.6532,0.3898,0.4257,-0.2144,0.1469
1,2024-01-16,1.0,0.2548,0.1389,0.2733,0.0,0.4996
2,2024-01-16,1.0,0.5292,0.2849,0.4747,-0.0715,0.3973
3,2024-01-16,1.0,0.3167,0.1756,0.4316,0.111,0.7056
4,2024-01-16,1.0,0.3633,0.213,0.4027,0.0277,0.5502
5,2024-01-16,0.9994,0.2418,0.117,0.3244,0.0137,0.5203
6,2024-01-16,1.0,0.3026,0.1808,0.3173,-0.0209,0.4579
7,2024-01-16,0.9917,0.402,0.227,0.4676,0.055,0.591
8,2024-01-16,0.9992,0.5181,0.2777,0.4959,-0.0598,0.4086
9,2024-01-16,0.9625,0.4657,0.2645,0.4308,-0.0792,0.4054
10,2024-01-16,0.9996,0.4016,0.2321,0.4119,-0.023,0.4677
11,2024-01-16,1.0,0.2343,0.1338,0.3421,0.1074,0.7508
12,2024-01-16,0.9981,0.3874,0.2149,0.4329,-0.0604,0.4335
13,2024-01-16,1.0,0.4539,0.239,0.4399,-0.0097,0.4765
14,2024-01-16,1.0,0.3686,0.2057,0.5029,0.1492,0.7176
15,2024-01-16,1.0,0.3988,0.2326,0.4501,0.0235,0.5401
16,2024-01-16,1.0,0.3742,0.237,0.2992,-0.1019,0.2846
17,2024-01-16,1.0,0.4062,0.2091,0.4831,0.1049,0.7383
18,2024-01-16,1.0,0.3563,0.2,0.4395,0.0583,0.5845
19,2024-01-16,1.0,0.363,0.2051,0.3393,-0.1106,0.3002
20,2024-01-16,1.0,0.355,0.2344,0.1783,-0.1904,0.1905
21,2024-01-16,1.0,0.3836,0.2186,0.4562,0.0081,0.512
22,2024-01-16,1.0,0.8214,0.4744,0.5109,-0.6342,0.1519
23,2024-01-16,1.0,0.4739,0.259,0.4216,-0.1074,0.3488
24,2024-01-16,1.0,0.3238,0.1988,0.1386,-0.1476,0.3261
25,2024-01-16,1.0,0.892,0.487,0.4684,-0.5984,0.0337
1,2024-01-18,0.1159,0.169,0.0921,0.2658,0.0463,0.6471
3,2024-01-18,0.4041,0.2516,0.1513,0.3474,0.091,0.8126
4,2024-01-18,0.07,0.2814,0.1732,0.3438,0.0531,0.5816
5,2024-01-18,0.3869,0.0242,-0.0047,0.0387,-0.0016,0.4978
6,2024-01-18,0.3025,0.2413,0.1606,0.2468,-0.0254,0.4017
7,2024-01-18,0.2345,0.2676,0.1648,0.392,0.1378,0.7507
8,2024-01-18,0.0337,0.3309,0.197,0.2863,-0.0258,0.4107
9,2024-01-18,0.0281,0.0329,0.0027,-0.0508,-0.1461,0.2143
10,2024-01-18,0.0623,0.3135,0.1884,0.3201,0.0103,0.5369
11,2024-01-18,0.2238,0.2283,0.136,0.2948,0.0656,0.7811
14,2024-01-18,0.3242,0.2348,0.141,0.374,0.1587,0.9163
15,2024-01-18,0.4616,0.2987,0.1772,0.3366,0.0362,0.6236
16,2024-01-18,0.2975,0.2757,0.1842,0.1885,-0.0604,0.2981
17,2024-01-18,0.8716,0.2996,0.1558,0.3834,0.1118,0.9094
18,2024-01-18,0.0829,0.2948,0.1462,0.3565,0.0851,0.8233
19,2024-01-18,0.429,0.2167,0.1222,0.2202,-0.0239,0.382
23,2024-01-18,0.2954,0.2648,0.1529,0.2741,-0.0253,0.4411
24,2024-01-18,0.0751,0.282,0.1281,0.3388,0.0523,0.75
25,2024-01-18,0.3362,0.2202,0.1411,0.0875,-0.1483,0.0
1,2024-01-21,0.142,-0.1045,-0.1968,0.4614,0.6501,0.8655
3,2024-01-21,0.1008,0.0123,-0.1243,0.6789,0.7392,0.8367
4,2024-01-21,0.0748,0.006,-0.0719,0.5062,0.6377,1.0
5,2024-01-21,0.0995,0.0366,0.0007,-0.0754,-0.1532,0.1637
6,2024-01-21,0.1066,0.0214,-0.1088,0.6018,0.6834,0.7338
7,2024-01-21,0.019,-0.0485,-0.2193,0.5894,0.7225,0.9636
9,2024-01-21,0.0099,0.0439,0.0108,-0.0741,-0.1807,0.029
10,2024-01-21,0.379,0.1258,-0.0161,0.527,0.5119,0.9944
11,2024-01-21,0.0078,-0.2328,-0.4114,0.719,0.873,1.0
13,2024-01-21,0.072,-0.0877,-0.1832,0.3402,0.5557,1.0
14,2024-01-21,0.0286,-0.2151,-0.3847,0.6934,0.8657,1.0
18,2024-01-21,0.6655,0.0935,-0.0917,0.5678,0.6099,0.9493
20,2024-01-21,0.0484,-0.1817,-0.3066,0.558,0.7846,1.0
21,2024-01-21,0.3208,0.1576,0.0125,0.5492,0.4887,0.9931
1,2024-01-23,1.0,-0.0157,-0.1254,0.4429,0.5318,0.901
2,2024-01-23,1.0,0.3927,0.1645,0.5049,0.2439,0.9093
3,2024-01-23,1.0,0.23,0.1038,0.5281,0.3088,0.8998
4,2024-01-23,0.9905,0.1446,-0.0256,0.497,0.5182,0.8547
5,2024-01-23,0.9917,0.0354,-0.0294,0.4282,0.3899,0.7336
6,2024-01-23,1.0,0.0284,-0.1105,0.5046,0.6015,0.864
7,2024-01-23,0.9612,0.1468,-0.0257,0.527,0.5142,0.9822
8,2024-01-23,1.0,0.3452,0.1458,0.5269,0.3131,0.9061
9,2024-01-23,0.9971,0.3342,0.133,0.5083,0.2489,0.8176
10,2024-01-23,1.0,0.1823,0.0161,0.5188,0.4556,0.9184
11,2024-01-23,1.0,-0.0248,-0.1499,0.5908,0.6911,0.9865
12,2024-01-23,1.0,0.173,0.0247,0.4587,0.3086,0.8296
13,2024-01-23,1.0,0.2446,0.0561,0.4893,0.3674,0.9367
14,2024-01-23,1.0,0.108,-0.0534,0.5813,0.6134,0.9858
15,2024-01-23,1.0,0.1658,-0.004,0.5214,0.5008,0.9451
16,2024-01-23,1.0,0.0158,-0.1211,0.5238,0.6155,0.9952
17,2024-01-23,1.0,0.3079,0.1186,0.5423,0.357,0.9791
18,2024-01-23,1.0,0.308,0.1575,0.4239,0.1083,0.6978
19,2024-01-23,1.0,0.172,0.0172,0.504,0.3411,0.7996
20,2024-01-23,1.0,0.0558,-0.0828,0.4527,0.5316,0.9378
21,2024-01-23,1.0,0.1855,0.0313,0.5248,0.3856,0.9672
22,2024-01-23,1.0,0.5973,0.3577,0.4918,0.0035,0.5033
23,2024-01-23,1.0,0.2988,0.1276,0.4749,0.2103,0.7124
24,2024-01-23,1.0,0.1901,0.0914,0.1837,0.0844,0.5384
25,2024-01-23,0.4587,0.5767,0.3029,0.4574,0.0032,0.503
1,2024-02-10,1.0,0.1998,0.1033,0.2722,0.0747,0.6504
2,2024-02-10,0.9904,0.4424,0.2308,0.4738,0.0636,0.6361
3,2024-02-10,0.9726,0.2647,0.1554,0.3671,0.1063,0.8144
4,2024-02-10,1.0,0.3023,0.1759,0.3237,0.0472,0.6116
5,2024-02-10,0.9778,0.1924,0.0905,0.2523,0.0343,0.5619
6,2024-02-10,1.0,0.2597,0.1606,0.2551,-0.0125,0.4611
7,2024-02-10,0.9637,0.3194,0.1786,0.3858,0.0988,0.7418
8,2024-02-10,1.0,0.4123,0.2187,0.4771,0.085,0.6881
9,2024-02-10,0.9927,0.4058,0.2328,0.3865,0.0247,0.5468
10,2024-02-10,0.9996,0.3275,0.1894,0.3221,0.0113,0.5263
11,2024-02-10,1.0,0.2072,0.1179,0.2993,0.0882,0.8271
12,2024-02-10,1.0,0.3091,0.1644,0.3616,0.0465,0.601
13,2024-02-10,1.0,0.3597,0.1925,0.3583,0.0365,0.6257
14,2024-02-10,1.0,0.3056,0.1726,0.4119,0.1356,0.8689
15,2024-02-10,1.0,0.3333,0.1948,0.3703,0.0581,0.652
16,2024-02-10,1.0,0.2995,0.1936,0.2385,-0.0415,0.3918
17,2024-02-10,1.0,0.3366,0.1787,0.4244,0.1253,0.8849
18,2024-02-10,1.0,0.2991,0.1706,0.3758,0.068,0.6644
19,2024-02-10,1.0,0.2768,0.1718,0.2537,-0.062,0.2907
20,2024-02-10,1.0,0.2959,0.2012,0.1468,-0.1472,0.2026
21,2024-02-10,0.8181,0.3584,0.1882,0.3883,0.074,0.6952
22,2024-02-10,1.0,0.5964,0.3519,0.5073,-0.0531,0.4308
23,2024-02-10,1.0,0.3715,0.2101,0.3651,-0.011,0.4699
24,2024-02-10,1.0,0.2216,0.1435,0.111,-0.0861,0.3347
25,2024-02-10,1.0,0.5996,0.3605,0.4553,-0.0929,0.3036
1,2024-02-15,0.1975,0.2202,0.1198,0.3028,0.1009,0.8324
2,2024-02-15,0.0036,0.3543,0.125,0.5089,0.244,1.0
3,2024-02-15,1.0,0.2521,0.1391,0.4634,0.1967,0.877
4,2024-02-15,0.0185,0.3443,0.1883,0.4588,0.1643,0.9871
5,2024-02-15,0.9997,0.1901,0.0979,0.3116,0.0977,0.708
6,2024-02-15,0.0279,0.2445,0.1501,0.3619,0.1393,0.9675
7,2024-02-15,1.0,0.3189,0.194,0.4485,0.1344,0.8168
9,2024-02-15,1.0,0.396,0.2374,0.433,0.0509,0.6176
10,2024-02-15,0.9819,0.288,0.1727,0.3879,0.093,0.74
11,2024-02-15,0.9972,0.1974,0.113,0.3529,0.1526,0.9019
12,2024-02-15,1.0,0.3206,0.1904,0.4084,0.0266,0.556
13,2024-02-15,0.6194,0.3196,0.1751,0.4359,0.1368,0.9301
14,2024-02-15,1.0,0.3124,0.1797,0.5106,0.2053,0.9135
15,2024-02-15,0.0816,0.299,0.1794,0.411,0.1385,0.8997
16,2024-02-15,0.2078,0.2861,0.1795,0.3472,0.0648,0.7878
17,2024-02-15,0.351,0.298,0.1515,0.494,0.2759,1.0
18,2024-02-15,1.0,0.3077,0.1762,0.4512,0.1375,0.7069
22,2024-02-15,1.0,0.5507,0.361,0.4825,-0.0575,0.3748
1,2024-02-17,0.4165,0.1644,0.0825,0.2149,0.0497,0.627
2,2024-02-17,0.1455,0.6788,0.3969,0.5386,-0.2669,0.1364
4,2024-02-17,0.006,0.2119,0.1058,0.3781,0.1178,0.7237
5,2024-02-17,0.4058,0.0035,-0.0176,0.0764,0.047,0.605
6,2024-02-17,0.9373,0.2593,0.1434,0.4143,0.1167,0.6789
7,2024-02-17,0.866,0.337,0.175,0.5319,0.2187,0.7492
8,2024-02-17,0.0059,0.3353,0.174,0.413,0.11,0.7143
9,2024-02-17,0.0314,-0.0009,-0.0214,0.0189,-0.0423,0.3516
10,2024-02-17,0.425,0.3152,0.1741,0.4826,0.1604,0.6922
11,2024-02-17,0.5919,0.1794,0.0945,0.4578,0.2873,0.8915
12,2024-02-17,0.0359,0.0037,-0.0146,0.0374,-0.052,0.3523
13,2024-02-17,0.0796,0.271,0.1267,0.4414,0.2052,0.9629
14,2024-02-17,0.0536,0.1566,0.0594,0.5718,0.4818,1.0
15,2024-02-17,0.2209,0.336,0.1938,0.4879,0.1441,0.7222
16,2024-02-17,1.0,0.3321,0.2101,0.3883,0.0212,0.5393
18,2024-02-17,0.898,0.3083,0.1593,0.5454,0.2402,0.6992
19,2024-02-17,0.4145,0.2041,0.0905,0.4104,0.2143,0.8496
20,2024-02-17,0.8062,0.3269,0.2142,0.2993,-0.0669,0.3557
21,2024-02-17,0.3638,0.1434,0.0633,0.4365,0.2764,0.8841
23,2024-02-17,0.4125,0.3595,0.2005,0.4536,0.0794,0.6021
24,2024-02-17,0.0615,0.1741,0.0931,0.3113,0.1081,0.6481
1,2024-02-20,0.9983,0.16,0.0215,0.2842,0.1321,0.621
2,2024-02-20,1.0,0.5476,0.2371,0.4636,-0.2433,0.333
3,2024-02-20,0.9941,0.2818,0.1512,0.4057,0.0852,0.6107
4,2024-02-20,1.0,0.2882,0.0742,0.3605,0.1467,0.6166
5,2024-02-20,0.9962,0.0113,-0.0361,0.3452,0.0957,0.7054
6,2024-02-20,1.0,0.2393,0.1001,0.3385,0.0705,0.5717
7,2024-02-20,0.9789,0.3297,0.1039,0.4537,0.1365,0.5944
8,2024-02-20,1.0,0.5297,0.2411,0.4446,-0.2279,0.3347
9,2024-02-20,0.9983,0.4737,0.2414,0.4454,-0.114,0.391
10,2024-02-20,1.0,0.3723,0.1639,0.442,0.0044,0.5026
11,2024-02-20,1.0,0.172,0.0523,0.3949,0.2363,0.782
12,2024-02-20,1.0,0.3448,0.1525,0.415,-0.094,0.4153
13,2024-02-20,1.0,0.448,0.1583,0.4128,-0.0282,0.4678
14,2024-02-20,1.0,0.2276,0.0855,0.5333,0.2979,0.7483
15,2024-02-20,1.0,0.324,0.117,0.54,0.2518,0.6529
16,2024-02-20,1.0,0.3588,0.1898,0.3707,-0.0339,0.4686
17,2024-02-20,1.0,0.3869,0.1719,0.4676,0.0495,0.5665
18,2024-02-20,1.0,0.337,0.1768,0.4,-0.0184,0.4772
19,2024-02-20,1.0,0.3619,0.1874,0.2743,-0.2382,0.261
20,2024-02-20,1.0,0.3775,0.2304,0.2582,-0.2255,0.3103
21,2024-02-20,0.996,0.3066,0.1085,0.4832,0.0822,0.5719
22,2024-02-20,1.0,0.9073,0.4817,0.5177,-1.0,0.0724
23,2024-02-20,1.0,0.4732,0.2449,0.3795,-0.2426,0.3244
24,2024-02-20,1.0,0.3471,0.2094,0.0517,-0.3741,0.2772
25,2024-02-20,1.0,1.0,0.6963,0.4487,-1.0,0.0152
1,2024-02-22,1.0,0.1097,-0.0118,0.376,0.3655,0.8151
2,2024-02-22,1.0,0.4367,0.2138,0.5009,0.1256,0.7236
3,2024-02-22,1.0,0.2454,0.1335,0.4018,0.1515,0.8543
4,2024-02-22,1.0,0.2443,0.101,0.4438,0.2927,0.7522
5,2024-02-22,1.0,0.103,0.0102,0.2794,0.0986,0.6468
6,2024-02-22,0.9956,0.1961,0.091,0.3612,0.1952,0.7294
7,2024-02-22,1.0,0.2485,0.0995,0.5182,0.3292,0.9057
8,2024-02-22,1.0,0.3869,0.1993,0.4908,0.1503,0.7692
9,2024-02-22,1.0,0.3781,0.208,0.4265,0.095,0.67
10,2024-02-22,1.0,0.2862,0.1447,0.3819,0.1335,0.7269
11,2024-02-22,1.0,0.1569,0.0414,0.4682,0.3531,0.953
12,2024-02-22,1.0,0.2728,0.1324,0.4421,0.1326,0.7344
13,2024-02-22,1.0,0.3215,0.1554,0.3818,0.1343,0.7788
14,2024-02-22,1.0,0.2498,0.1129,0.5539,0.3219,0.9436
15,2024-02-22,1.0,0.2487,0.0666,0.575,0.4664,0.8943
16,2024-02-22,1.0,0.231,0.0877,0.4964,0.3346,0.8426
17,2024-02-22,1.0,0.3388,0.1784,0.4224,0.1427,0.9077
18,2024-02-22,1.0,0.3048,0.1736,0.3755,0.0602,0.6315
19,2024-02-22,1.0,0.2487,0.1345,0.2705,0.0129,0.5439
20,2024-02-22,1.0,0.2408,0.119,0.3143,0.1616,0.62
21,2024-02-22,1.0,0.2451,0.1052,0.501,0.2291,0.9197
22,2024-02-22,0.9977,0.6171,0.365,0.5075,-0.0303,0.4674
23,2024-02-22,1.0,0.355,0.191,0.3993,0.0339,0.5595
24,2024-02-22,1.0,0.1942,0.1162,0.1005,-0.0735,0.3921
25,2024-02-22,1.0,0.6404,0.35,0.4818,-0.0689,0.3624
1,2024-02-27,0.845,0.204,0.1094,0.2519,0.0461,0.6316
2,2024-02-27,0.0424,0.3203,0.1607,0.4192,0.1404,0.9231
3,2024-02-27,1.0,0.2683,0.1489,0.4383,0.1742,0.8642
4,2024-02-27,0.7126,0.293,0.1654,0.3762,0.0889,0.7489
5,2024-02-27,0.7573,0.2033,0.1019,0.294,0.0551,0.603
6,2024-02-27,1.0,0.2469,0.1479,0.2968,0.0377,0.6119
7,2024-02-27,1.0,0.3236,0.1867,0.4324,0.1261,0.802
8,2024-02-27,0.3283,0.3638,0.1982,0.4494,0.1086,0.8561
9,2024-02-27,1.0,0.4079,0.2328,0.4236,0.039,0.588
10,2024-02-27,1.0,0.3207,0.186,0.3773,0.0569,0.6343
11,2024-02-27,1.0,0.2213,0.1247,0.3561,0.1385,0.8552
12,2024-02-27,0.7938,0.341,0.1897,0.4045,0.0306,0.5636
13,2024-02-27,1.0,0.3527,0.1942,0.3926,0.0708,0.7769
14,2024-02-27,1.0,0.3145,0.1793,0.4822,0.1884,0.8929
15,2024-02-27,0.9345,0.3272,0.1897,0.3989,0.0785,0.6987
16,2024-02-27,1.0,0.2915,0.1799,0.2845,-0.0034,0.4886
17,2024-02-27,0.0331,0.3105,0.1572,0.4811,0.2144,0.9836
18,2024-02-27,1.0,0.3198,0.1797,0.4455,0.1253,0.7238
19,2024-02-27,1.0,0.2706,0.1543,0.3458,0.0044,0.514
20,2024-02-27,1.0,0.2726,0.1745,0.182,-0.0836,0.2625
21,2024-02-27,0.7245,0.2406,0.1471,0.3657,0.0954,0.7538
22,2024-02-27,1.0,0.6026,0.3692,0.4856,-0.0972,0.3145
23,2024-02-27,1.0,0.373,0.2078,0.4051,0.0268,0.5654
24,2024-02-27,1.0,0.196,0.1137,0.1661,-0.004,0.49
25,2024-02-27,1.0,0.6385,0.376,0.4277,-0.1881,0.0811
1,2024-03-01,0.9359,0.2106,0.1102,0.2906,0.0839,0.7363
2,2024-03-01,0.1219,0.4909,0.2738,0.5172,0.0979,0.8235
3,2024-03-01,0.959,0.2442,0.1163,0.5458,0.3392,0.9437
4,2024-03-01,0.4022,0.2666,0.1509,0.3333,0.1233,0.757
5,2024-03-01,0.725,0.2315,0.1194,0.3972,0.1612,0.7747
6,2024-03-01,0.9992,0.2444,0.1401,0.3392,0.0951,0.7364
7,2024-03-01,0.8785,0.3157,0.1686,0.4817,0.2193,0.9037
8,2024-03-01,0.3139,0.4237,0.2294,0.4984,0.1122,0.807
9,2024-03-01,0.626,0.3504,0.1953,0.4444,0.1247,0.7812
10,2024-03-01,0.841,0.3299,0.1843,0.4373,0.1169,0.7335
11,2024-03-01,0.9789,0.223,0.1252,0.3918,0.1883,0.8977
12,2024-03-01,0.1009,0.213,0.0937,0.3767,0.1626,0.8432
13,2024-03-01,0.0158,0.3581,0.1834,0.4366,0.1806,0.9867
14,2024-03-01,0.8653,0.296,0.1621,0.5697,0.3098,0.9598
15,2024-03-01,1.0,0.3322,0.1923,0.4316,0.1119,0.7396
16,2024-03-01,1.0,0.3007,0.191,0.3177,0.0327,0.593
17,2024-03-01,0.8855,0.3229,0.1538,0.5144,0.2676,0.97
18,2024-03-01,0.3403,0.2979,0.1462,0.5408,0.3148,0.9919
19,2024-03-01,1.0,0.267,0.1489,0.4072,0.0706,0.6695
20,2024-03-01,1.0,0.2737,0.1757,0.215,-0.0334,0.3905
21,2024-03-01,0.2618,0.4866,0.2621,0.5032,0.055,0.761
22,2024-03-01,0.2322,0.4168,0.2178,0.5111,0.1424,0.7425
23,2024-03-01,1.0,0.37,0.2025,0.4492,0.0772,0.6693
24,2024-03-01,0.6659,0.1762,0.1013,0.211,0.0655,0.7291
25,2024-03-01,0.6213,0.5656,0.3545,0.4395,-0.0742,0.2382
1,2024-03-03,0.9317,0.2131,0.1115,0.2979,0.0821,0.7079
2,2024-03-03,0.8844,0.4412,0.2256,0.5079,0.1272,0.7255
3,2024-03-03,1.0,0.233,0.1038,0.5559,0.3606,0.9283
4,2024-03-03,1.0,0.29,0.1624,0.4174,0.1542,0.8084
5,2024-03-03,0.9444,0.1725,0.0756,0.3153,0.1095,0.6552
6,2024-03-03,1.0,0.2438,0.1365,0.3528,0.1083,0.7283
7,2024-03-03,1.0,0.3214,0.1778,0.4999,0.2139,0.8622
8,2024-03-03,0.8386,0.4059,0.2141,0.5094,0.1261,0.7533
9,2024-03-03,0.9948,0.4008,0.2224,0.4687,0.0826,0.6508
10,2024-03-03,1.0,0.3199,0.1749,0.4337,0.13,0.7226
11,2024-03-03,1.0,0.2142,0.12,0.4058,0.2088,0.8878
12,2024-03-03,1.0,0.3188,0.1771,0.4367,0.0672,0.5947
13,2024-03-03,1.0,0.356,0.1846,0.4381,0.126,0.8385
14,2024-03-03,0.8732,0.2757,0.1435,0.5748,0.3423,0.962
15,2024-03-03,1.0,0.3338,0.1879,0.4333,0.1185,0.7247
16,2024-03-03,1.0,0.2956,0.1857,0.334,0.0419,0.6097
17,2024-03-03,1.0,0.3329,0.1587,0.5298,0.2864,0.9495
18,2024-03-03,1.0,0.2976,0.1538,0.5196,0.2629,0.7855
19,2024-03-03,1.0,0.263,0.1434,0.4047,0.0681,0.6393
20,2024-03-03,1.0,0.2835,0.181,0.2297,-0.0379,0.3935
21,2024-03-03,0.9982,0.3251,0.1802,0.4642,0.1002,0.752
22,2024-03-03,1.0,0.6545,0.3902,0.5154,-0.1666,0.3182
23,2024-03-03,1.0,0.3717,0.1986,0.4421,0.0654,0.6306
24,2024-03-03,1.0,0.2286,0.1375,0.2132,0.0213,0.5441
25,2024-03-03,1.0,0.6804,0.3921,0.4436,-0.2392,0.0898
1,2024-03-06,0.9013,0.0493,-0.0588,0.3931,0.4297,0.9653
2,2024-03-06,1.0,0.3271,0.1305,0.4791,0.2991,0.9786
4,2024-03-06,0.787,0.0582,-0.0728,0.3922,0.4352,0.9832
5,2024-03-06,0.6793,0.0247,-0.0444,0.446,0.4504,0.8802
6,2024-03-06,0.9087,0.0565,-0.059,0.4407,0.491,0.8869
8,2024-03-06,1.0,0.2813,0.1036,0.4784,0.3355,0.9625
9,2024-03-06,0.0276,0.0854,0.0082,0.1158,0.0692,0.776
13,2024-03-06,0.996,0.1228,-0.0224,0.422,0.4127,0.9962
15,2024-03-06,0.943,0.1625,0.0112,0.5091,0.4542,0.9801
17,2024-03-06,0.8591,0.1101,-0.0688,0.5042,0.4976,0.994
19,2024-03-06,0.1398,0.1316,0.0548,0.2772,0.2008,0.7728
21,2024-03-06,0.9991,0.178,0.0434,0.4989,0.3546,0.9729
22,2024-03-06,1.0,0.5343,0.3222,0.4713,0.0611,0.5977
23,2024-03-06,0.9437,0.2207,0.0742,0.4594,0.2844,0.9143
24,2024-03-06,0.9215,0.1046,0.0233,0.3835,0.3673,0.8944
25,2024-03-06,0.309,0.5126,0.2839,0.4159,0.0299,0.6496
1,2024-03-08,0.714,0.0143,-0.0896,0.3035,0.3279,0.7053
2,2024-03-08,1.0,0.5276,0.2062,0.4824,-0.1464,0.3962
3,2024-03-08,1.0,0.222,0.0831,0.4788,0.2832,0.741
4,2024-03-08,1.0,0.2129,-0.015,0.3926,0.3157,0.7165
5,2024-03-08,0.8585,-0.0183,-0.0457,0.2495,0.1451,0.7773
6,2024-03-08,0.9504,0.0064,-0.1604,0.3635,0.485,0.7674
7,2024-03-08,0.9616,0.192,-0.0212,0.4313,0.3511,0.6931
8,2024-03-08,1.0,0.5158,0.1963,0.4928,-0.0815,0.4451
9,2024-03-08,0.5649,0.6879,0.3073,0.5223,-0.3081,0.3126
10,2024-03-08,0.8191,0.2579,0.0106,0.4497,0.2129,0.5959
11,2024-03-08,1.0,-0.2498,-0.3803,0.3927,0.6949,0.8681
12,2024-03-08,1.0,0.2134,0.0148,0.3868,0.0115,0.5081
13,2024-03-08,0.996,0.3904,0.0722,0.459,0.1586,0.6217
14,2024-03-08,0.5579,-0.1132,-0.2569,0.5362,0.6837,0.8907
15,2024-03-08,0.0465,0.3652,0.118,0.4267,0.1025,0.5803
16,2024-03-08,1.0,0.0009,-0.1509,0.3379,0.4123,0.7245
17,2024-03-08,1.0,0.3793,0.1467,0.5201,0.1528,0.6911
18,2024-03-08,0.768,0.2739,0.1273,0.4281,0.1485,0.6685
19,2024-03-08,1.0,0.2143,0.0087,0.4338,0.1054,0.5431
20,2024-03-08,1.0,0.1314,-0.0606,0.2679,0.1974,0.6416
21,2024-03-08,0.4423,-0.0033,-0.0897,0.5147,0.436,0.682
22,2024-03-08,0.0794,0.8132,0.3895,0.4802,-0.8388,0.1471
23,2024-03-08,1.0,0.3951,0.1433,0.4387,-0.0539,0.465
24,2024-03-08,1.0,0.2766,0.1308,0.0842,-0.2592,0.3956
25,2024-03-08,0.3787,1.0,0.5306,0.4516,-1.0,0.056
1,2024-03-11,1.0,0.1804,0.0919,0.2151,0.0275,0.6084
2,2024-03-11,1.0,0.3447,0.1859,0.3973,0.0634,0.7387
3,2024-03-11,1.0,0.2362,0.1314,0.3403,0.1056,0.8356
4,2024-03-11,1.0,0.2404,0.1335,0.2963,0.0451,0.6591
5,2024-03-11,1.0,0.1723,0.0787,0.2616,0.0727,0.6954
6,2024-03-11,0.9982,0.2081,0.1219,0.2357,0.0068,0.5279
7,2024-03-11,1.0,0.2755,0.158,0.3479,0.0751,0.7674
8,2024-03-11,1.0,0.326,0.1735,0.3974,0.0644,0.7737
9,2024-03-11,0.9994,0.3258,0.1827,0.3436,0.0279,0.5957
10,2024-03-11,1.0,0.2654,0.1486,0.2994,0.0199,0.562
11,2024-03-11,1.0,0.2006,0.1131,0.281,0.0793,0.8246
12,2024-03-11,0.9996,0.2562,0.1359,0.3443,0.0523,0.6678
13,2024-03-11,1.0,0.2906,0.1549,0.3236,0.0333,0.6857
14,2024-03-11,1.0,0.2695,0.1505,0.3873,0.1426,0.9061
15,2024-03-11,1.0,0.2732,0.1538,0.3338,0.0536,0.6864
16,2024-03-11,1.0,0.2461,0.1534,0.2217,-0.027,0.3827
17,2024-03-11,1.0,0.2791,0.1406,0.3831,0.1227,0.9422
18,2024-03-11,1.0,0.2626,0.141,0.3555,0.0837,0.7409
19,2024-03-11,1.0,0.2362,0.1323,0.2474,-0.0301,0.3777
20,2024-03-11,1.0,0.2284,0.1447,0.1487,-0.0906,0.2069
21,2024-03-11,1.0,0.2569,0.1434,0.3222,0.0336,0.6628
22,2024-03-11,1.0,0.4283,0.2594,0.4262,0.0119,0.5514
23,2024-03-11,1.0,0.3001,0.1699,0.3193,0.0,0.4998
24,2024-03-11,1.0,0.1694,0.0938,0.1172,-0.0528,0.3717
25,2024-03-11,1.0,0.471,0.2904,0.341,-0.1278,0.0686
1,2024-03-13,1.0,0.2172,0.1123,0.2545,0.0335,0.5994
2,2024-03-13,1.0,0.4797,0.2637,0.4748,0.0327,0.563
3,2024-03-13,1.0,0.266,0.1441,0.4507,0.1966,0.8536
4,2024-03-13,1.0,0.3001,0.1724,0.3591,0.0628,0.663
5,2024-03-13,1.0,0.2121,0.1057,0.3078,0.0599,0.6092
6,2024-03-13,1.0,0.2497,0.1425,0.2962,0.0386,0.6056
7,2024-03-13,0.9734,0.3297,0.1849,0.4311,0.1062,0.7553
8,2024-03-13,1.0,0.4395,0.24,0.4787,0.0479,0.6153
9,2024-03-13,1.0,0.4115,0.2307,0.4192,0.0089,0.5161
10,2024-03-13,1.0,0.3278,0.1888,0.3812,0.04,0.5831
11,2024-03-13,1.0,0.2236,0.1259,0.3581,0.1384,0.8379
12,2024-03-13,1.0,0.3249,0.1763,0.4022,0.0118,0.52
13,2024-03-13,1.0,0.3749,0.2008,0.3997,0.0452,0.6559
14,2024-03-13,1.0,0.3107,0.1733,0.4907,0.1865,0.8552
15,2024-03-13,1.0,0.3368,0.1938,0.4054,0.0643,0.6431
16,2024-03-13,1.0,0.2959,0.1832,0.2734,-0.0299,0.411
17,2024-03-13,1.0,0.3618,0.1859,0.475,0.1726,0.9183
18,2024-03-13,1.0,0.3145,0.1695,0.4724,0.1605,0.7238
19,2024-03-13,1.0,0.2886,0.1571,0.3707,0.0029,0.5056
20,2024-03-13,1.0,0.2824,0.181,0.1748,-0.1086,0.2092
21,2024-03-13,1.0,0.3302,0.1834,0.4215,0.0431,0.6083
22,2024-03-13,1.0,0.6724,0.423,0.4792,-0.2616,0.2178
23,2024-03-13,1.0,0.3818,0.205,0.4173,0.0154,0.537
24,2024-03-13,1.0,0.2293,0.1338,0.1688,-0.0373,0.4297
25,2024-03-13,0.9113,0.6703,0.3933,0.4142,-0.2793,0.0322
1,2024-03-16,1.0,0.2368,0.1435,0.256,-0.0376,0.4236
2,2024-03-16,1.0,0.5544,0.3152,0.4502,-0.2551,0.2633
3,2024-03-16,1.0,0.2563,0.1325,0.4867,0.2055,0.7287
4,2024-03-16,1.0,0.3562,0.2176,0.3761,-0.0474,0.4132
5,2024-03-16,1.0,0.2046,0.1113,0.3327,0.0063,0.5151
6,2024-03-16,1.0,0.2782,0.1707,0.3208,-0.0261,0.4538
7,2024-03-16,1.0,0.3971,0.2386,0.448,-0.0106,0.4884
8,2024-03-16,1.0,0.5431,0.3046,0.4517,-0.249,0.2413
9,2024-03-16,1.0,0.4852,0.306,0.4323,-0.1481,0.3536
10,2024-03-16,1.0,0.4139,0.2451,0.4056,-0.1011,0.3962
11,2024-03-16,1.0,0.2298,0.143,0.374,0.1269,0.7158
12,2024-03-16,1.0,0.3684,0.2313,0.4134,-0.0936,0.3865
13,2024-03-16,1.0,0.4819,0.2726,0.4041,-0.1435,0.2713
14,2024-03-16,1.0,0.3126,0.1765,0.5299,0.1772,0.6811
15,2024-03-16,1.0,0.3607,0.2149,0.4149,-0.0154,0.4761
16,2024-03-16,1.0,0.3793,0.2503,0.2822,-0.1741,0.2063
17,2024-03-16,1.0,0.409,0.2184,0.4826,0.0387,0.5622
18,2024-03-16,1.0,0.3149,0.1791,0.4813,0.1229,0.6069
19,2024-03-16,1.0,0.3554,0.2023,0.3818,-0.1365,0.3545
20,2024-03-16,1.0,0.3798,0.2689,0.1677,-0.2858,0.0727
21,2024-03-16,1.0,0.3623,0.2126,0.4333,-0.0667,0.4277
22,2024-03-16,1.0,1.0,0.6267,0.4955,-1.0,0.0607
23,2024-03-16,1.0,0.4531,0.2545,0.3975,-0.1987,0.317
24,2024-03-16,1.0,0.3576,0.2223,0.0917,-0.2819,0.2362
25,2024-03-16,1.0,1.0,0.5694,0.3996,-1.0,0.0027
1,2024-03-18,1.0,0.1953,0.1057,0.3014,0.0748,0.681
2,2024-03-18,1.0,0.4325,0.2142,0.5014,0.0968,0.66
3,2024-03-18,1.0,0.2267,0.1106,0.5146,0.2725,0.8744
4,2024-03-18,0.9963,0.2652,0.1446,0.4268,0.1631,0.7807
5,2024-03-18,0.9881,0.1715,0.0764,0.3325,0.0992,0.646
6,2024-03-18,1.0,0.2262,0.1327,0.3488,0.1034,0.7221
7,2024-03-18,1.0,0.3046,0.168,0.4951,0.2202,0.8582
8,2024-03-18,0.9996,0.3929,0.1992,0.4952,0.1016,0.7303
9,2024-03-18,1.0,0.3881,0.2168,0.4563,0.0746,0.6408
10,2024-03-18,0.9883,0.3083,0.1748,0.4277,0.1167,0.6996
11,2024-03-18,1.0,0.2029,0.1174,0.3995,0.1918,0.88
12,2024-03-18,1.0,0.3,0.1663,0.4327,0.0583,0.5923
13,2024-03-18,1.0,0.3465,0.1784,0.429,0.1159,0.8166
14,2024-03-18,1.0,0.2825,0.1458,0.5711,0.3203,0.932
15,2024-03-18,1.0,0.3152,0.1828,0.4288,0.1158,0.7237
16,2024-03-18,1.0,0.2726,0.1715,0.3262,0.0367,0.6059
17,2024-03-18,1.0,0.3116,0.142,0.5222,0.2762,0.9378
18,2024-03-18,1.0,0.2916,0.1625,0.4823,0.1921,0.715
19,2024-03-18,1.0,0.2537,0.141,0.3735,0.0263,0.5582
20,2024-03-18,1.0,0.2602,0.1709,0.2299,-0.0356,0.398
21,2024-03-18,1.0,0.305,0.1758,0.4484,0.0913,0.7507
22,2024-03-18,1.0,0.627,0.3656,0.4964,-0.1645,0.3313
23,2024-03-18,1.0,0.3537,0.1932,0.4056,0.0171,0.5336
24,2024-03-18,1.0,0.1933,0.1162,0.1256,-0.0614,0.4098
25,2024-03-18,1.0,0.6549,0.3793,0.428,-0.2498,0.0745
1,2024-03-21,1.0,-0.0631,-0.1292,0.227,0.3556,0.914
2,2024-03-21,1.0,0.2882,0.1272,0.3911,0.182,0.8078
3,2024-03-21,1.0,0.0498,-0.0951,0.4164,0.4668,0.91
4,2024-03-21,1.0,0.0344,-0.0796,0.2871,0.3499,0.9328
5,2024-03-21,1.0,-0.0121,-0.0454,0.2273,0.2484,0.7535
6,2024-03-21,1.0,-0.0642,-0.1606,0.2536,0.3925,0.8944
7,2024-03-21,1.0,0.0755,-0.0439,0.3202,0.346,0.9296
8,2024-03-21,1.0,0.246,0.0914,0.3642,0.1855,0.8404
9,2024-03-21,1.0,0.2215,0.065,0.3801,0.1673,0.7755
10,2024-03-21,1.0,0.0965,-0.0175,0.2939,0.2548,0.8242
11,2024-03-21,1.0,-0.1594,-0.232,0.2507,0.4972,0.9613
12,2024-03-21,1.0,0.0849,-0.0037,0.3163,0.2132,0.7664
13,2024-03-21,1.0,0.1379,0.0006,0.2924,0.2203,0.8873
14,2024-03-21,1.0,0.0098,-0.0902,0.4169,0.4969,0.9697
15,2024-03-21,1.0,0.1047,-0.021,0.3373,0.3185,0.8554
16,2024-03-21,1.0,-0.0114,-0.1096,0.2446,0.3298,0.9204
17,2024-03-21,1.0,0.0606,-0.1113,0.3706,0.4082,0.9843
18,2024-03-21,1.0,0.1199,-0.0361,0.4149,0.384,0.8374
19,2024-03-21,1.0,0.0825,-0.06,0.2806,0.2211,0.6437
20,2024-03-21,1.0,0.0045,-0.0829,0.1998,0.27,0.9021
21,2024-03-21,1.0,0.1186,-0.0095,0.3382,0.255,0.9246
22,2024-03-21,1.0,0.4948,0.3091,0.4287,0.0248,0.5425
23,2024-03-21,1.0,0.1942,0.0606,0.3155,0.1281,0.705
24,2024-03-21,1.0,0.0697,-0.0215,0.1943,0.2179,0.6397
25,2024-03-21,1.0,0.6003,0.3393,0.3377,-0.2727,0.1159
1,2024-03-26,0.4937,0.1427,0.064,0.177,0.0934,0.7835
2,2024-03-26,0.9849,0.4216,0.223,0.4213,0.0018,0.5019
4,2024-03-26,0.9538,0.276,0.153,0.3437,0.0664,0.643
5,2024-03-26,0.9673,0.1813,0.0835,0.2697,0.0529,0.6439
6,2024-03-26,0.0039,0.003,-0.0203,-0.037,-0.0593,0.3023
7,2024-03-26,0.1637,0.26,0.1469,0.3961,0.1861,0.891
8,2024-03-26,0.9757,0.4155,0.2137,0.4231,-0.0057,0.4879
9,2024-03-26,0.7962,0.4354,0.236,0.4166,-0.0306,0.434
10,2024-03-26,0.9988,0.3381,0.1808,0.3583,-0.0021,0.4961
12,2024-03-26,1.0,0.3222,0.1656,0.3745,-0.0138,0.4759
13,2024-03-26,0.8275,0.3732,0.1896,0.3528,-0.0005,0.4977
17,2024-03-26,0.9921,0.3584,0.174,0.4249,0.094,0.7376
18,2024-03-26,0.9989,0.288,0.1546,0.4366,0.1447,0.7133
21,2024-03-26,0.9996,0.2976,0.1588,0.4048,0.0888,0.7137
22,2024-03-26,0.2079,0.3323,0.1334,0.4397,0.1563,0.6966
24,2024-03-26,0.8452,0.1855,0.0996,0.161,0.0138,0.5273
1,2024-03-28,0.9179,0.1853,0.101,0.196,-0.0008,0.4964
2,2024-03-28,1.0,0.3817,0.2083,0.3974,0.0262,0.5772
3,2024-03-28,1.0,0.2351,0.1328,0.3189,0.0685,0.7221
4,2024-03-28,1.0,0.2558,0.1451,0.293,0.0272,0.5884
5,2024-03-28,1.0,0.1821,0.0888,0.2458,0.035,0.5787
6,2024-03-28,0.9981,0.2152,0.13,0.225,-0.0078,0.4738
7,2024-03-28,1.0,0.2868,0.1647,0.3421,0.0562,0.6938
8,2024-03-28,1.0,0.3555,0.1901,0.3926,0.0298,0.604
9,2024-03-28,1.0,0.351,0.2019,0.3338,-0.0082,0.4788
10,2024-03-28,1.0,0.2808,0.1614,0.2893,-0.0055,0.4831
11,2024-03-28,1.0,0.2029,0.1166,0.279,0.0722,0.7946
12,2024-03-28,1.0,0.2788,0.1511,0.3249,-0.0045,0.4893
13,2024-03-28,1.0,0.3098,0.1701,0.31,0.0056,0.5254
14,2024-03-28,0.951,0.2721,0.1516,0.3812,0.1303,0.8503
15,2024-03-28,0.8729,0.2818,0.1632,0.3251,0.0423,0.63
16,2024-03-28,1.0,0.2566,0.1596,0.2133,-0.0568,0.2965
17,2024-03-28,1.0,0.2987,0.1549,0.3777,0.1057,0.8838
18,2024-03-28,1.0,0.2721,0.1562,0.3152,0.0248,0.5574
19,2024-03-28,1.0,0.2459,0.1392,0.2291,-0.0698,0.2444
20,2024-03-28,1.0,0.2418,0.155,0.1255,-0.1255,0.1499
21,2024-03-28,1.0,0.2827,0.1625,0.3101,-0.0018,0.492
22,2024-03-28,0.2037,0.4178,0.2156,0.4065,-0.0145,0.4702
23,2024-03-28,1.0,0.3159,0.1744,0.292,-0.042,0.3719
24,2024-03-28,1.0,0.167,0.0961,0.0723,-0.1062,0.2874
25,2024-03-28,1.0,0.5273,0.3215,0.3172,-0.2195,0.0163
1,2024-04-05,1.0,-0.026,-0.1421,0.4224,0.5192,0.9271
2,2024-04-05,1.0,0.336,0.1365,0.4807,0.2965,0.8983
3,2024-04-05,1.0,0.0842,-0.1015,0.6041,0.6633,0.9586
4,2024-04-05,1.0,0.0213,-0.13,0.4569,0.5728,0.9558
5,2024-04-05,0.989,0.0316,-0.0405,0.3408,0.3147,0.7152
6,2024-04-05,1.0,-0.0172,-0.1452,0.437,0.5372,0.9028
7,2024-04-05,0.9993,0.1101,-0.0689,0.5059,0.5344,0.9713
8,2024-04-05,1.0,0.2736,0.0879,0.4838,0.3527,0.9252
9,2024-04-05,1.0,0.279,0.0732,0.4915,0.2317,0.7894
10,2024-04-05,1.0,0.1369,-0.0254,0.4988,0.4499,0.9003
11,2024-04-05,1.0,-0.0984,-0.2445,0.5919,0.7441,0.9879
12,2024-04-05,1.0,0.1529,0.018,0.4512,0.2608,0.7569
13,2024-04-05,1.0,0.1332,-0.0416,0.4514,0.4603,0.9692
14,2024-04-05,1.0,0.0338,-0.1298,0.5755,0.656,0.9693
15,2024-04-05,1.0,0.1433,-0.038,0.5256,0.5212,0.9112
16,2024-04-05,1.0,0.0452,-0.1195,0.5479,0.5996,0.9762
17,2024-04-05,1.0,0.0676,-0.1428,0.5386,0.6133,0.9919
18,2024-04-05,1.0,0.1668,-0.037,0.5832,0.5496,0.8344
19,2024-04-05,1.0,0.1176,-0.0669,0.4951,0.4468,0.7773
20,2024-04-05,1.0,0.0536,-0.078,0.3533,0.4167,0.9241
21,2024-04-05,0.9756,0.1686,0.007,0.5214,0.4236,0.9673
22,2024-04-05,1.0,0.6733,0.4005,0.4733,-0.167,0.3444
23,2024-04-05,1.0,0.2422,0.0645,0.4675,0.2952,0.7923
24,2024-04-05,1.0,0.0417,-0.1011,0.4344,0.5427,0.811
25,2024-04-05,1.0,0.678,0.3653,0.4559,-0.1212,0.3248
1,2024-04-07,0.6617,0.1292,0.0103,0.3382,0.3002,0.7437
2,2024-04-07,0.3544,0.324,0.1649,0.4235,0.111,0.8122
3,2024-04-07,1.0,0.2278,0.115,0.4012,0.1629,0.8779
4,2024-04-07,0.9608,0.232,0.1186,0.3483,0.1326,0.7239
5,2024-04-07,0.89,0.1469,0.0502,0.254,0.0726,0.6325
6,2024-04-07,0.9661,0.1882,0.0856,0.3363,0.1975,0.7771
7,2024-04-07,0.9555,0.2302,0.0913,0.4524,0.2859,0.9059
8,2024-04-07,0.0519,0.2613,0.1461,0.2933,0.0483,0.713
9,2024-04-07,0.4488,0.4204,0.2215,0.4329,0.0675,0.6526
10,2024-04-07,0.7449,0.2706,0.1427,0.3334,0.0909,0.707
11,2024-04-07,0.8104,0.1251,-0.013,0.5015,0.4546,0.9882
12,2024-04-07,1.0,0.2426,0.1108,0.3969,0.1338,0.7592
13,2024-04-07,0.9612,0.3066,0.1533,0.3429,0.0853,0.7709
14,2024-04-07,1.0,0.2287,0.0959,0.5188,0.3443,0.9544
15,2024-04-07,1.0,0.2182,0.04,0.519,0.4297,0.8946
16,2024-04-07,0.3639,0.1376,-0.0062,0.3975,0.401,0.7709
17,2024-04-07,0.9142,0.3088,0.1634,0.4029,0.1327,0.9326
18,2024-04-07,1.0,0.2892,0.1613,0.3582,0.058,0.6276
19,2024-04-07,1.0,0.2298,0.1226,0.2549,0.0085,0.533
20,2024-04-07,0.9358,0.2094,0.0813,0.2863,0.1718,0.6369
21,2024-04-07,0.3336,0.1398,0.0638,0.2978,0.1385,0.867
22,2024-04-07,0.4626,0.5418,0.322,0.4461,-0.0129,0.4758
23,2024-04-07,1.0,0.3192,0.162,0.3704,0.036,0.5688
24,2024-04-07,1.0,0.1707,0.105,0.0692,-0.0885,0.3694
1,2024-04-12,0.9862,0.2205,0.1284,0.2631,-0.0061,0.4873
2,2024-04-12,1.0,0.5179,0.2961,0.4434,-0.1546,0.3191
3,2024-04-12,1.0,0.2422,0.1311,0.5008,0.2643,0.7952
4,2024-04-12,1.0,0.3293,0.1987,0.376,0.0094,0.5189
5,2024-04-12,0.9788,0.2195,0.1281,0.341,0.0142,0.5383
6,2024-04-12,1.0,0.2587,0.1602,0.3255,0.0288,0.5538
7,2024-04-12,1.0,0.3601,0.2128,0.4449,0.0509,0.5711
8,2024-04-12,1.0,0.4983,0.2817,0.4559,-0.1253,0.3398
9,2024-04-12,1.0,0.438,0.2488,0.4225,-0.063,0.4009
10,2024-04-12,1.0,0.3714,0.2216,0.4141,-0.0032,0.4957
11,2024-04-12,1.0,0.2238,0.1437,0.3688,0.1294,0.7417
12,2024-04-12,1.0,0.3527,0.2053,0.4157,-0.0392,0.4375
13,2024-04-12,1.0,0.4417,0.2426,0.4179,-0.0404,0.4174
14,2024-04-12,1.0,0.301,0.1784,0.5263,0.1911,0.7363
15,2024-04-12,0.9887,0.3503,0.2063,0.4246,0.0467,0.5652
16,2024-04-12,1.0,0.3364,0.2221,0.2784,-0.1122,0.2859
17,2024-04-12,1.0,0.395,0.2163,0.4867,0.1039,0.6995
18,2024-04-12,1.0,0.3019,0.1705,0.4917,0.1768,0.6832
19,2024-04-12,1.0,0.3572,0.1889,0.4127,-0.0592,0.4228
20,2024-04-12,1.0,0.3359,0.2333,0.1737,-0.2192,0.1064
21,2024-04-12,1.0,0.3499,0.2019,0.4579,0.0268,0.5399
22,2024-04-12,1.0,0.9094,0.5487,0.4547,-1.0,0.0748
23,2024-04-12,1.0,0.4284,0.2441,0.4246,-0.0796,0.4086
24,2024-04-12,1.0,0.3183,0.1906,0.1321,-0.1597,0.3193
25,2024-04-12,1.0,0.9556,0.5071,0.4091,-0.8572,0.0027
1,2024-04-17,0.8195,0.1182,0.0103,0.4523,0.3643,0.9685
2,2024-04-17,0.1198,0.5158,0.2653,0.5139,0.0654,0.6858
4,2024-04-17,0.8487,0.1152,-0.041,0.4709,0.474,0.9893
5,2024-04-17,0.383,-0.006,-0.0491,0.4101,0.3346,0.932
6,2024-04-17,0.3468,0.1195,-0.0031,0.5571,0.4946,0.9945
8,2024-04-17,0.0292,0.2091,0.0743,0.4673,0.3105,0.9918
11,2024-04-17,0.4965,0.1118,-0.0059,0.6059,0.5591,0.9961
12,2024-04-17,0.6729,0.1683,0.0291,0.4682,0.2897,0.904
13,2024-04-17,0.1771,0.1908,0.0179,0.4789,0.4223,1.0
14,2024-04-17,0.0192,0.414,0.1548,0.4743,0.1962,1.0
15,2024-04-17,0.9454,0.273,0.1207,0.5638,0.3555,0.9318
16,2024-04-17,0.2233,0.1595,0.053,0.4993,0.3808,0.9955
17,2024-04-17,0.6159,0.193,-0.015,0.5555,0.4824,0.9846
18,2024-04-17,0.2057,0.1683,-0.0025,0.5817,0.5006,1.0
19,2024-04-17,0.3272,0.1406,0.0255,0.4905,0.3681,0.8793
21,2024-04-17,0.4219,0.0866,-0.0046,0.5697,0.4805,0.9958
23,2024-04-17,0.4973,0.2949,0.1312,0.5073,0.2195,0.736
24,2024-04-17,0.7746,0.1379,0.0201,0.4628,0.3795,0.9919
1,2024-04-20,1.0,0.0691,-0.0541,0.382,0.4137,0.8235
2,2024-04-20,1.0,0.3807,0.172,0.4794,0.1205,0.6679
3,2024-04-20,1.0,0.1946,0.089,0.386,0.1791,0.8574
4,2024-04-20,1.0,0.1743,0.0072,0.4997,0.4328,0.7615
5,2024-04-20,1.0,0.0305,-0.014,0.3309,0.2213,0.7051
6,2024-04-20,1.0,0.1393,0.0083,0.4101,0.3658,0.7812
7,2024-04-20,1.0,0.1748,0.0159,0.5238,0.4444,0.9503
8,2024-04-20,1.0,0.3291,0.1571,0.4724,0.1676,0.7441
9,2024-04-20,0.7812,0.4057,0.2065,0.4732,0.0862,0.6602
10,2024-04-20,0.9977,0.2156,0.0712,0.4904,0.3141,0.8332
11,2024-04-20,1.0,0.0611,-0.0806,0.5647,0.5738,0.9899
12,2024-04-20,0.9993,0.2071,0.0738,0.4509,0.1597,0.756
13,2024-04-20,0.9768,0.2483,0.0801,0.4603,0.2702,0.904
14,2024-04-20,1.0,0.1538,0.0224,0.579,0.4819,0.969
15,2024-04-20,1.0,0.1851,0.0149,0.5733,0.4967,0.904
16,2024-04-20,1.0,0.1199,-0.023,0.5146,0.4834,0.9372
17,2024-04-20,1.0,0.292,0.1487,0.3805,0.1033,0.769
18,2024-04-20,1.0,0.2704,0.1452,0.3294,0.0428,0.5867
19,2024-04-20,1.0,0.1989,0.0867,0.3073,0.0594,0.6422
20,2024-04-20,1.0,0.1535,0.022,0.362,0.3098,0.7437
21,2024-04-20,1.0,0.1956,0.0551,0.5193,0.2866,0.9366
22,2024-04-20,1.0,0.6111,0.3615,0.501,-0.0586,0.4313
23,2024-04-20,1.0,0.2964,0.147,0.4024,0.0751,0.6149
24,2024-04-20,1.0,0.1562,0.0776,0.0587,-0.1129,0.3859
25,2024-04-20,1.0,0.6276,0.3464,0.4747,-0.0604,0.395
1,2024-04-22,0.9748,0.2176,0.117,0.2506,-0.0267,0.4526
2,2024-04-22,0.9886,0.505,0.2794,0.4192,-0.1865,0.2592
3,2024-04-22,1.0,0.2274,0.128,0.3456,0.0643,0.611
4,2024-04-22,0.9829,0.325,0.1896,0.3371,-0.0626,0.3602
5,2024-04-22,0.9985,0.1933,0.0982,0.3033,0.0258,0.5847
6,2024-04-22,1.0,0.2452,0.1428,0.2781,-0.0383,0.4163
7,2024-04-22,0.9993,0.3489,0.1914,0.3997,0.0207,0.531
8,2024-04-22,0.9599,0.4646,0.2556,0.4292,-0.1413,0.2888
9,2024-04-22,1.0,0.4165,0.2277,0.3798,-0.1569,0.2984
10,2024-04-22,0.9883,0.3564,0.2022,0.3499,-0.0679,0.401
11,2024-04-22,1.0,0.2097,0.1227,0.3113,0.0895,0.6834
12,2024-04-22,1.0,0.3429,0.1851,0.3791,-0.089,0.376
13,2024-04-22,1.0,0.4406,0.2407,0.3711,-0.0929,0.3061
14,2024-04-22,0.9909,0.2863,0.1562,0.412,0.1322,0.6823
15,2024-04-22,1.0,0.3365,0.1817,0.3969,0.0379,0.56
16,2024-04-22,1.0,0.3101,0.1959,0.2495,-0.1193,0.2529
17,2024-04-22,1.0,0.3757,0.2068,0.4194,0.0048,0.5084
18,2024-04-22,1.0,0.2694,0.1532,0.3421,0.0098,0.5148
19,2024-04-22,1.0,0.3185,0.1793,0.2806,-0.1785,0.2562
20,2024-04-22,1.0,0.311,0.2097,0.1493,-0.2515,0.0668
21,2024-04-22,1.0,0.3268,0.1714,0.3853,0.0078,0.5106
22,2024-04-22,0.9986,0.8128,0.4834,0.4995,-0.9877,0.0941
23,2024-04-22,1.0,0.419,0.2284,0.3499,-0.1528,0.3111
24,2024-04-22,1.0,0.2354,0.1463,0.0204,-0.2608,0.1946
25,2024-04-22,0.7982,0.9409,0.5088,0.406,-0.8616,0.015
1,2024-04-25,1.0,0.288,0.1524,0.2021,-0.1379,0.2587
2,2024-04-25,1.0,0.5524,0.3064,0.3505,-0.3745,0.1606
3,2024-04-25,1.0,0.2567,0.138,0.3625,0.0864,0.6277
4,2024-04-25,1.0,0.3944,0.2226,0.292,-0.1992,0.1677
5,2024-04-25,1.0,0.264,0.1415,0.2436,-0.0982,0.265
6,2024-04-25,1.0,0.3132,0.1766,0.2499,-0.136,0.2497
7,2024-04-25,1.0,0.4164,0.2327,0.3524,-0.142,0.3456
8,2024-04-25,1.0,0.5469,0.2949,0.3574,-0.376,0.1227
9,2024-04-25,1.0,0.5202,0.2861,0.3482,-0.2979,0.2508
10,2024-04-25,1.0,0.4394,0.2465,0.3136,-0.2357,0.2377
11,2024-04-25,1.0,0.2525,0.1422,0.2858,0.0209,0.5453
12,2024-04-25,1.0,0.4519,0.2467,0.3255,-0.299,0.2252
13,2024-04-25,1.0,0.5021,0.2671,0.3311,-0.2648,0.1083
14,2024-04-25,1.0,0.3451,0.1904,0.3969,0.0243,0.5257
15,2024-04-25,1.0,0.4327,0.2376,0.3544,-0.1618,0.2681
16,2024-04-25,1.0,0.3843,0.2198,0.2069,-0.2499,0.1052
17,2024-04-25,1.0,0.4498,0.2453,0.3679,-0.1869,0.2085
18,2024-04-25,1.0,0.311,0.1684,0.3828,-0.0022,0.4974
19,2024-04-25,1.0,0.3889,0.2068,0.2805,-0.2668,0.217
20,2024-04-25,1.0,0.3842,0.2382,0.109,-0.3772,0.039
21,2024-04-25,1.0,0.4276,0.2314,0.347,-0.2353,0.3137
22,2024-04-25,1.0,1.0,0.8528,0.3552,-1.0,0.007
23,2024-04-25,1.0,0.4811,0.2578,0.3211,-0.3119,0.1999
24,2024-04-25,1.0,0.3841,0.2198,0.0215,-0.3957,0.1013
25,2024-04-25,1.0,1.0,0.6516,0.3288,-1.0,0.0
1,2024-04-27,1.0,0.2065,0.1061,0.2285,0.004,0.5124
2,2024-04-27,1.0,0.4294,0.2324,0.3963,-0.0385,0.4169
3,2024-04-27,1.0,0.2188,0.1095,0.4259,0.2148,0.8454
4,2024-04-27,1.0,0.2786,0.1532,0.3218,0.0201,0.5586
5,2024-04-27,1.0,0.1868,0.0919,0.2793,0.025,0.5558
6,2024-04-27,1.0,0.2253,0.1278,0.2679,0.0185,0.5529
7,2024-04-27,0.9997,0.305,0.1683,0.3829,0.0692,0.6834
8,2024-04-27,1.0,0.3899,0.2046,0.3967,-0.0194,0.4508
9,2024-04-27,1.0,0.3786,0.2068,0.3773,-0.0139,0.4678
10,2024-04-27,1.0,0.3056,0.173,0.3436,0.0101,0.5215
11,2024-04-27,1.0,0.2018,0.1118,0.3038,0.0894,0.757
12,2024-04-27,1.0,0.3048,0.1609,0.3575,-0.0202,0.4653
13,2024-04-27,1.0,0.3558,0.19,0.3536,-0.0061,0.4782
14,2024-04-27,1.0,0.2833,0.1539,0.4416,0.1528,0.805
15,2024-04-27,1.0,0.3157,0.1787,0.3626,0.0322,0.581
16,2024-04-27,1.0,0.2615,0.1535,0.2326,-0.0583,0.317
17,2024-04-27,1.0,0.3212,0.1682,0.4057,0.0965,0.8067
18,2024-04-27,1.0,0.2678,0.1433,0.4313,0.155,0.7371
19,2024-04-27,1.0,0.2637,0.1383,0.3231,-0.0302,0.4427
20,2024-04-27,1.0,0.2455,0.1491,0.1444,-0.1267,0.1401
21,2024-04-27,1.0,0.3088,0.1694,0.3822,0.0197,0.5492
22,2024-04-27,1.0,0.6409,0.377,0.4211,-0.3004,0.1678
23,2024-04-27,1.0,0.3578,0.1902,0.3628,-0.0236,0.4517
24,2024-04-27,1.0,0.2029,0.1137,0.144,-0.0511,0.3705
25,2024-04-27,1.0,0.6632,0.3767,0.3508,-0.3608,0.0109
1,2024-04-30,1.0,0.1708,0.1022,0.212,-0.0146,0.4453
2,2024-04-30,1.0,0.3471,0.2023,0.3686,-0.0326,0.4322
3,2024-04-30,1.0,0.174,0.0926,0.403,0.2119,0.8725
4,2024-04-30,1.0,0.2313,0.1439,0.303,0.0026,0.5068
5,2024-04-30,1.0,0.1461,0.0794,0.2645,0.0188,0.548
6,2024-04-30,1.0,0.1927,0.124,0.2614,0.0064,0.5181
7,2024-04-30,0.9789,0.2612,0.1597,0.356,0.0645,0.6808
8,2024-04-30,1.0,0.326,0.1892,0.3548,-0.047,0.369
9,2024-04-30,1.0,0.3288,0.199,0.3543,-0.0322,0.4301
10,2024-04-30,1.0,0.2625,0.1629,0.3167,-0.0173,0.4592
11,2024-04-30,1.0,0.1771,0.1157,0.2912,0.0767,0.7348
12,2024-04-30,1.0,0.2717,0.1591,0.3307,-0.0541,0.409
13,2024-04-30,1.0,0.2946,0.173,0.3137,-0.0366,0.3648
14,2024-04-30,1.0,0.2395,0.1454,0.444,0.1701,0.8425
15,2024-04-30,1.0,0.2711,0.1726,0.3235,-0.0061,0.4804
16,2024-04-30,1.0,0.2348,0.1589,0.224,-0.0663,0.2562
17,2024-04-30,1.0,0.2638,0.1492,0.3817,0.0855,0.7671
18,2024-04-30,1.0,0.2241,0.1296,0.3981,0.1336,0.7114
19,2024-04-30,1.0,0.223,0.1372,0.291,-0.0496,0.3913
20,2024-04-30,1.0,0.2126,0.1496,0.1465,-0.1246,0.1159
21,2024-04-30,1.0,0.2529,0.155,0.3542,-0.0006,0.4973
22,2024-04-30,1.0,0.513,0.3271,0.3965,-0.2089,0.2397
23,2024-04-30,1.0,0.2881,0.1758,0.3049,-0.0543,0.3787
24,2024-04-30,1.0,0.16,0.1117,0.1241,-0.0663,0.2999
25,2024-04-30,1.0,0.5803,0.3634,0.2927,-0.4005,0.0087
1,2024-05-07,0.9822,0.1687,0.0887,0.1921,-0.0051,0.4802
2,2024-05-07,1.0,0.379,0.2091,0.3531,-0.0431,0.3808
3,2024-05-07,1.0,0.2016,0.1118,0.3189,0.0972,0.7599
4,2024-05-07,0.992,0.2426,0.1369,0.2663,-0.0109,0.4574
5,2024-05-07,1.0,0.1612,0.0786,0.2333,0.0137,0.5418
6,2024-05-07,1.0,0.1896,0.1128,0.2136,-0.013,0.4471
7,2024-05-07,1.0,0.2667,0.1492,0.3154,0.0333,0.6085
8,2024-05-07,1.0,0.3436,0.1846,0.3451,-0.0224,0.4253
9,2024-05-07,1.0,0.3391,0.1879,0.3223,-0.0269,0.4249
10,2024-05-07,1.0,0.2642,0.1522,0.2748,-0.0233,0.4351
11,2024-05-07,1.0,0.1751,0.0976,0.2492,0.0571,0.7212
12,2024-05-07,1.0,0.2667,0.1402,0.3019,-0.0255,0.4459
13,2024-05-07,1.0,0.3104,0.1686,0.2866,-0.0286,0.3726
14,2024-05-07,1.0,0.2524,0.1391,0.3546,0.1047,0.7911
15,2024-05-07,0.9687,0.2775,0.1567,0.3126,0.0248,0.5694
16,2024-05-07,1.0,0.2214,0.1334,0.1898,-0.0672,0.2519
17,2024-05-07,1.0,0.2809,0.1527,0.3354,0.0501,0.7416
18,2024-05-07,1.0,0.2506,0.1413,0.3453,0.0657,0.6442
19,2024-05-07,1.0,0.2264,0.1228,0.237,-0.0691,0.3058
20,2024-05-07,1.0,0.2081,0.1334,0.1123,-0.1329,0.0995
21,2024-05-07,1.0,0.2668,0.143,0.2991,-0.0076,0.4752
22,2024-05-07,1.0,0.5314,0.3204,0.3948,-0.1866,0.2192
23,2024-05-07,1.0,0.3047,0.1692,0.2851,-0.0511,0.3684
24,2024-05-07,1.0,0.1611,0.0955,0.0649,-0.1114,0.2237
25,2024-05-07,1.0,0.5397,0.3151,0.2924,-0.2697,0.0277
1,2024-05-10,1.0,0.217,0.1091,0.2112,-0.008,0.4723
2,2024-05-10,1.0,0.4017,0.2123,0.3788,-0.0233,0.4383
3,2024-05-10,1.0,0.2315,0.1129,0.412,0.197,0.8499
4,2024-05-10,1.0,0.2782,0.151,0.3071,0.0072,0.5192
5,2024-05-10,1.0,0.1984,0.0894,0.2529,-0.0018,0.4957
6,2024-05-10,1.0,0.2351,0.1303,0.2589,0.0087,0.5237
7,2024-05-10,1.0,0.3027,0.164,0.3765,0.0805,0.7153
8,2024-05-10,1.0,0.3653,0.1907,0.3774,-0.0141,0.4611
9,2024-05-10,1.0,0.3781,0.2026,0.368,-0.0172,0.4615
10,2024-05-10,1.0,0.3015,0.165,0.3313,0.0065,0.5169
11,2024-05-10,1.0,0.2172,0.1181,0.2984,0.0823,0.7599
12,2024-05-10,1.0,0.3089,0.1598,0.3475,-0.0284,0.4455
13,2024-05-10,1.0,0.3361,0.1742,0.3416,0.0065,0.5271
14,2024-05-10,1.0,0.2958,0.158,0.4327,0.1539,0.8283
15,2024-05-10,1.0,0.3228,0.1785,0.348,0.025,0.5677
16,2024-05-10,1.0,0.2711,0.1603,0.2188,-0.0559,0.2914
17,2024-05-10,1.0,0.3007,0.152,0.3777,0.0866,0.8092
18,2024-05-10,1.0,0.2796,0.1442,0.4209,0.1354,0.7288
19,2024-05-10,1.0,0.2472,0.128,0.3187,0.0029,0.5083
20,2024-05-10,1.0,0.2494,0.1512,0.1332,-0.1193,0.145
21,2024-05-10,1.0,0.3109,0.1641,0.3683,0.014,0.535
22,2024-05-10,1.0,0.5986,0.3575,0.3981,-0.2583,0.1953
23,2024-05-10,1.0,0.3409,0.1864,0.3584,0.0066,0.5154
24,2024-05-10,1.0,0.1869,0.1039,0.1357,-0.0379,0.366
25,2024-05-10,1.0,0.6168,0.3699,0.3558,-0.2856,0.0457
1,2024-05-12,0.9986,0.2022,0.0967,0.2385,0.0236,0.5839
3,2024-05-12,0.2573,0.1552,0.0518,0.3495,0.2086,0.9268
4,2024-05-12,0.6451,0.2912,0.1497,0.3645,0.0863,0.7785
5,2024-05-12,0.3713,0.1744,0.0861,0.2668,0.0808,0.6931
6,2024-05-12,1.0,0.2189,0.1163,0.2771,0.0445,0.6271
11,2024-05-12,0.604,0.1787,0.0854,0.3211,0.143,0.8587
12,2024-05-12,0.7946,0.3242,0.1687,0.3808,0.028,0.5588
13,2024-05-12,0.3943,0.3312,0.1711,0.3275,0.0297,0.6445
15,2024-05-12,1.0,0.3128,0.1676,0.361,0.0481,0.6294
16,2024-05-12,0.4802,0.2422,0.1354,0.2047,-0.0354,0.3799
19,2024-05-12,1.0,0.2566,0.1261,0.3449,0.0112,0.5208
20,2024-05-12,1.0,0.2263,0.1308,0.1592,-0.0712,0.2468
21,2024-05-12,1.0,0.2977,0.1593,0.4057,0.0638,0.6877
22,2024-05-12,0.1192,0.4066,0.2018,0.4434,0.1014,0.6706
23,2024-05-12,1.0,0.3447,0.176,0.3677,0.0129,0.5282
24,2024-05-12,0.3483,0.25,0.1148,0.3136,0.0729,0.8219
25,2024-05-12,1.0,0.625,0.3508,0.3452,-0.2983,0.0125
1,2024-05-17,1.0,0.175,0.0931,0.2583,0.0224,0.5511
2,2024-05-17,1.0,0.3726,0.187,0.3868,-0.0251,0.4523
3,2024-05-17,1.0,0.1987,0.1104,0.3106,0.076,0.7111
4,2024-05-17,1.0,0.2375,0.1251,0.3525,0.073,0.6368
5,2024-05-17,0.9911,0.1552,0.0698,0.2509,0.0309,0.581
6,2024-05-17,1.0,0.1969,0.1181,0.2518,0.007,0.5187
7,2024-05-17,1.0,0.2757,0.1473,0.4022,0.121,0.7541
8,2024-05-17,1.0,0.3381,0.1671,0.3684,-0.0088,0.4808
9,2024-05-17,1.0,0.3448,0.1989,0.3416,-0.0153,0.4625
10,2024-05-17,1.0,0.2803,0.1577,0.3115,-0.0052,0.4891
11,2024-05-17,1.0,0.1786,0.1021,0.2767,0.0714,0.7417
12,2024-05-17,1.0,0.2735,0.1428,0.3521,-0.0114,0.4742
13,2024-05-17,1.0,0.327,0.1651,0.3232,0.0092,0.5318
14,2024-05-17,1.0,0.2461,0.1271,0.4285,0.1879,0.8405
15,2024-05-17,1.0,0.2824,0.1544,0.3585,0.0614,0.6306
16,2024-05-17,1.0,0.2404,0.1495,0.229,-0.0568,0.3239
17,2024-05-17,1.0,0.2838,0.1541,0.32,0.0182,0.5689
18,2024-05-17,1.0,0.247,0.1403,0.3005,0.0094,0.5239
19,2024-05-17,1.0,0.2405,0.1326,0.2261,-0.0955,0.2286
20,2024-05-17,1.0,0.2254,0.1488,0.1393,-0.1426,0.1712
21,2024-05-17,1.0,0.2738,0.1433,0.3419,0.0566,0.6837
22,2024-05-17,0.872,0.5581,0.3122,0.4365,-0.2052,0.2846
23,2024-05-17,1.0,0.3215,0.1721,0.2775,-0.0759,0.3146
24,2024-05-17,1.0,0.1527,0.096,0.0262,-0.1607,0.2311
25,2024-05-17,1.0,0.6339,0.3519,0.3568,-0.3414,0.0326
1,2024-05-20,1.0,0.1739,0.0884,0.1909,0.0033,0.5097
2,2024-05-20,0.9999,0.3634,0.1862,0.3586,-0.0376,0.4129
3,2024-05-20,1.0,0.217,0.1214,0.3172,0.0799,0.723
4,2024-05-20,1.0,0.2477,0.1346,0.2616,-0.0113,0.4676
5,2024-05-20,1.0,0.1719,0.0756,0.1927,-0.0237,0.4398
6,2024-05-20,1.0,0.2111,0.1229,0.2124,-0.0257,0.4125
7,2024-05-20,0.9863,0.2637,0.1352,0.3333,0.0779,0.7224
8,2024-05-20,0.9995,0.3243,0.1613,0.3453,-0.0058,0.4832
9,2024-05-20,1.0,0.3318,0.1803,0.3185,-0.0138,0.4658
10,2024-05-20,1.0,0.2675,0.1458,0.2701,-0.022,0.4417
11,2024-05-20,1.0,0.1854,0.0972,0.2483,0.0499,0.7274
12,2024-05-20,0.9045,0.2472,0.1158,0.2926,0.0108,0.5255
13,2024-05-20,1.0,0.3068,0.1545,0.2869,-0.0147,0.4353
14,2024-05-20,1.0,0.2596,0.1356,0.3598,0.1304,0.8091
15,2024-05-20,1.0,0.2851,0.1579,0.3,0.0063,0.5196
16,2024-05-20,1.0,0.2335,0.1393,0.1759,-0.0736,0.2603
17,2024-05-20,1.0,0.283,0.1522,0.3264,0.0279,0.6251
18,2024-05-20,1.0,0.2575,0.1419,0.3357,0.0403,0.5886
19,2024-05-20,1.0,0.2264,0.1236,0.2232,-0.0578,0.2844
20,2024-05-20,1.0,0.2289,0.1444,0.1008,-0.152,0.1296
21,2024-05-20,1.0,0.2662,0.1375,0.2907,0.006,0.5182
22,2024-05-20,1.0,0.5406,0.3109,0.3893,-0.2005,0.2846
23,2024-05-20,1.0,0.311,0.1715,0.2876,-0.0565,0.3361
24,2024-05-20,1.0,0.1616,0.1,0.0566,-0.1261,0.255
25,2024-05-20,1.0,0.5558,0.3246,0.329,-0.2514,0.0914
1,2024-05-22,1.0,0.2104,0.105,0.2031,-0.0441,0.3794
2,2024-05-22,1.0,0.4423,0.24,0.3503,-0.1598,0.2278
3,2024-05-22,1.0,0.2216,0.1156,0.3354,0.0961,0.6983
4,2024-05-22,1.0,0.3008,0.1655,0.2748,-0.0705,0.2766
5,2024-05-22,0.9949,0.1962,0.0968,0.254,0.0093,0.5461
6,2024-05-22,1.0,0.2317,0.1277,0.2266,-0.0443,0.3722
7,2024-05-22,1.0,0.3232,0.1686,0.3336,-0.0109,0.4789
8,2024-05-22,0.9969,0.4234,0.2269,0.3506,-0.1303,0.2259
9,2024-05-22,1.0,0.4181,0.234,0.3376,-0.1451,0.2481
10,2024-05-22,1.0,0.3266,0.1777,0.293,-0.0841,0.3411
11,2024-05-22,1.0,0.2002,0.1067,0.2632,0.0545,0.6358
12,2024-05-22,1.0,0.3356,0.1783,0.3337,-0.0674,0.3693
13,2024-05-22,1.0,0.388,0.199,0.2951,-0.1185,0.1963
14,2024-05-22,1.0,0.2682,0.1397,0.3674,0.0956,0.6844
15,2024-05-22,1.0,0.302,0.155,0.3274,0.0023,0.5054
16,2024-05-22,1.0,0.2834,0.1684,0.1961,-0.1338,0.1556
17,2024-05-22,1.0,0.3333,0.1833,0.355,-0.0021,0.4924
18,2024-05-22,1.0,0.2634,0.1404,0.3663,0.0664,0.6135
19,2024-05-22,1.0,0.3003,0.1573,0.2585,-0.1452,0.2678
20,2024-05-22,1.0,0.2747,0.1735,0.1112,-0.2284,0.0403
21,2024-05-22,0.9969,0.2935,0.149,0.3389,-0.0119,0.4757
22,2024-05-22,1.0,0.6927,0.4158,0.4081,-0.5912,0.0902
23,2024-05-22,1.0,0.3514,0.1863,0.2974,-0.1092,0.2935
24,2024-05-22,1.0,0.2485,0.148,0.0605,-0.209,0.1668
25,2024-05-22,0.8156,0.7344,0.3955,0.299,-0.5946,0.002
1,2024-05-25,0.9998,0.2103,0.1039,0.1789,-0.0263,0.4112
2,2024-05-25,1.0,0.3923,0.2031,0.3488,-0.0386,0.3957
3,2024-05-25,1.0,0.2252,0.1076,0.3664,0.1543,0.8237
4,2024-05-25,1.0,0.2754,0.1499,0.2681,-0.0244,0.4232
5,2024-05-25,1.0,0.2006,0.0925,0.2192,-0.0183,0.4529
6,2024-05-25,1.0,0.2265,0.1236,0.2197,-0.0196,0.4309
7,2024-05-25,0.9818,0.2946,0.1565,0.3412,0.0526,0.6582
8,2024-05-25,1.0,0.3659,0.187,0.344,-0.0423,0.3853
9,2024-05-25,1.0,0.366,0.1959,0.3294,-0.0446,0.4031
10,2024-05-25,1.0,0.292,0.1614,0.2894,-0.026,0.4404
11,2024-05-25,1.0,0.2085,0.1076,0.2667,0.0528,0.6951
12,2024-05-25,1.0,0.3076,0.156,0.3166,-0.0404,0.4185
13,2024-05-25,1.0,0.3281,0.1687,0.3005,-0.0226,0.4017
14,2024-05-25,1.0,0.2822,0.148,0.3817,0.1131,0.7779
15,2024-05-25,1.0,0.3033,0.1668,0.3093,0.0007,0.5023
16,2024-05-25,1.0,0.2572,0.1456,0.1828,-0.0854,0.2164
17,2024-05-25,1.0,0.2969,0.1545,0.3444,0.0565,0.7405
18,2024-05-25,1.0,0.2708,0.1388,0.3866,0.1135,0.7127
19,2024-05-25,1.0,0.2353,0.116,0.2741,-0.0245,0.4341
20,2024-05-25,1.0,0.239,0.1423,0.1004,-0.146,0.1247
21,2024-05-25,1.0,0.2938,0.1574,0.3319,-0.0034,0.4902
22,2024-05-25,1.0,0.5876,0.3476,0.3721,-0.2625,0.1799
23,2024-05-25,1.0,0.322,0.1677,0.3159,-0.0147,0.4606
24,2024-05-25,1.0,0.1827,0.1055,0.1063,-0.0604,0.2999
25,2024-05-25,1.0,0.5862,0.3378,0.3077,-0.2881,0.0348
1,2024-05-27,1.0,0.1992,0.095,0.2204,0.0015,0.5048
2,2024-05-27,1.0,0.4061,0.2114,0.3715,-0.038,0.4136
3,2024-05-27,1.0,0.2113,0.0927,0.417,0.222,0.8581
4,2024-05-27,1.0,0.2697,0.1421,0.3039,0.0116,0.5395
5,2024-05-27,1.0,0.1845,0.0871,0.2675,0.0203,0.553
6,2024-05-27,1.0,0.2115,0.1133,0.2561,0.0189,0.5571
7,2024-05-27,1.0,0.2946,0.1527,0.3641,0.0688,0.683
8,2024-05-27,1.0,0.3787,0.1916,0.3653,-0.0304,0.4109
9,2024-05-27,1.0,0.3621,0.1923,0.3562,-0.0186,0.4542
10,2024-05-27,1.0,0.2875,0.1577,0.3224,-0.0009,0.4978
11,2024-05-27,1.0,0.1934,0.0996,0.2936,0.0897,0.7425
12,2024-05-27,1.0,0.3048,0.1556,0.3462,-0.0121,0.4763
13,2024-05-27,1.0,0.3394,0.1724,0.3238,-0.014,0.4416
14,2024-05-27,1.0,0.2657,0.137,0.4275,0.1567,0.823
15,2024-05-27,1.0,0.2961,0.1594,0.3333,0.0262,0.5634
16,2024-05-27,1.0,0.2464,0.1406,0.2146,-0.0599,0.2886
17,2024-05-27,1.0,0.298,0.1525,0.386,0.0993,0.8225
18,2024-05-27,1.0,0.2643,0.1317,0.418,0.1599,0.7448
19,2024-05-27,1.0,0.2528,0.1227,0.3115,-0.0323,0.4314
20,2024-05-27,1.0,0.2263,0.1339,0.1379,-0.1166,0.1404
21,2024-05-27,1.0,0.288,0.1497,0.3783,0.0445,0.6193
22,2024-05-27,1.0,0.5727,0.3387,0.3952,-0.2457,0.1944
23,2024-05-27,1.0,0.3285,0.1649,0.3321,-0.0226,0.4498
24,2024-05-27,1.0,0.1889,0.1058,0.1512,-0.0361,0.3961
25,2024-05-27,1.0,0.6042,0.3353,0.303,-0.3416,0.0044
1,2024-06-04,1.0,0.2161,0.1001,0.179,-0.0544,0.3609
2,2024-06-04,1.0,0.4616,0.2269,0.337,-0.1733,0.1983
3,2024-06-04,1.0,0.2383,0.1184,0.3174,0.0841,0.7022
4,2024-06-04,0.9054,0.3214,0.1651,0.2631,-0.0945,0.222
5,2024-06-04,1.0,0.2342,0.1058,0.1847,-0.1036,0.2544
6,2024-06-04,1.0,0.2548,0.1316,0.2048,-0.0741,0.2757
7,2024-06-04,1.0,0.3294,0.1644,0.3167,-0.0281,0.4427
8,2024-06-04,1.0,0.4299,0.2095,0.3294,-0.1487,0.1842
9,2024-06-04,1.0,0.4185,0.2168,0.3017,-0.1452,0.2357
10,2024-06-04,1.0,0.3346,0.1745,0.2566,-0.1135,0.2562
11,2024-06-04,1.0,0.2145,0.102,0.2452,0.0297,0.6035
12,2024-06-04,1.0,0.3634,0.1676,0.2929,-0.1325,0.2617
13,2024-06-04,1.0,0.3898,0.1872,0.269,-0.1219,0.1079
14,2024-06-04,1.0,0.2955,0.1454,0.3402,0.0666,0.639
15,2024-06-04,1.0,0.3333,0.1709,0.2968,-0.0559,0.3519
16,2024-06-04,1.0,0.2826,0.1529,0.1641,-0.1357,0.1617
17,2024-06-04,1.0,0.3576,0.1776,0.3198,-0.0616,0.2948
18,2024-06-04,1.0,0.3049,0.1567,0.3481,0.0097,0.5192
19,2024-06-04,1.0,0.2856,0.1344,0.2453,-0.1119,0.2542
20,2024-06-04,1.0,0.2748,0.1609,0.0871,-0.224,0.0907
21,2024-06-04,1.0,0.3155,0.1549,0.303,-0.0761,0.3696
22,2024-06-04,1.0,0.8367,0.4455,0.378,-0.8674,0.1121
23,2024-06-04,1.0,0.3675,0.1822,0.2889,-0.1189,0.2484
24,2024-06-04,1.0,0.2194,0.1258,0.066,-0.1496,0.226
25,2024-06-04,1.0,0.756,0.3875,0.3069,-0.5576,0.0332
1,2024-06-06,1.0,0.2152,0.0981,0.1866,-0.0279,0.3933
2,2024-06-06,1.0,0.4194,0.2115,0.3416,-0.0563,0.3464
3,2024-06-06,1.0,0.243,0.1159,0.3377,0.1218,0.7884
4,2024-06-06,1.0,0.2897,0.1487,0.2586,-0.0281,0.3914
5,2024-06-06,0.998,0.2093,0.0974,0.228,-0.0099,0.4733
6,2024-06-06,1.0,0.2307,0.1214,0.2134,-0.021,0.4139
7,2024-06-06,1.0,0.3044,0.1559,0.3145,0.0187,0.5617
8,2024-06-06,1.0,0.3917,0.1925,0.3324,-0.0499,0.344
9,2024-06-06,1.0,0.3724,0.1926,0.3086,-0.0559,0.3664
10,2024-06-06,1.0,0.2956,0.1566,0.269,-0.04,0.3824
11,2024-06-06,1.0,0.2154,0.1063,0.256,0.049,0.6757
12,2024-06-06,0.9776,0.3197,0.1572,0.3044,-0.0501,0.3896
13,2024-06-06,1.0,0.3472,0.1693,0.2868,-0.0376,0.3346
14,2024-06-06,1.0,0.2913,0.1458,0.3461,0.0789,0.7104
15,2024-06-06,1.0,0.3085,0.1592,0.3009,-0.0039,0.4845
16,2024-06-06,1.0,0.2561,0.1401,0.1785,-0.087,0.201
17,2024-06-06,1.0,0.3145,0.1562,0.3363,0.0412,0.6976
18,2024-06-06,1.0,0.2881,0.1412,0.3631,0.0797,0.6818
19,2024-06-06,1.0,0.264,0.1258,0.2683,-0.0426,0.3854
20,2024-06-06,1.0,0.2405,0.136,0.106,-0.1384,0.1175
21,2024-06-06,1.0,0.2988,0.1534,0.315,-0.0142,0.4565
22,2024-06-06,1.0,0.5655,0.3299,0.3601,-0.214,0.1841
23,2024-06-06,1.0,0.3399,0.1705,0.3036,-0.0356,0.4027
24,2024-06-06,1.0,0.196,0.1078,0.1175,-0.0619,0.288
25,2024-06-06,1.0,0.5739,0.3232,0.2792,-0.2775,0.0136
1,2024-06-09,0.8113,0.2043,0.1031,0.1978,-0.0386,0.3725
2,2024-06-09,1.0,0.3447,0.1791,0.3213,-0.0408,0.389
3,2024-06-09,1.0,0.2056,0.1029,0.3432,0.1366,0.7942
4,2024-06-09,1.0,0.2655,0.1456,0.2573,-0.0443,0.3516
5,2024-06-09,1.0,0.1944,0.0967,0.214,-0.0434,0.3726
6,2024-06-09,1.0,0.2204,0.1228,0.2197,-0.0388,0.367
7,2024-06-09,1.0,0.2866,0.156,0.305,-0.0032,0.493
8,2024-06-09,1.0,0.3395,0.1762,0.2975,-0.0836,0.2642
9,2024-06-09,1.0,0.341,0.1865,0.3018,-0.0686,0.3389
10,2024-06-09,1.0,0.2828,0.1568,0.2666,-0.0645,0.3344
11,2024-06-09,1.0,0.1986,0.1098,0.2499,0.0335,0.6164
12,2024-06-09,1.0,0.2936,0.1487,0.2885,-0.0653,0.3587
13,2024-06-09,1.0,0.3273,0.169,0.2679,-0.0733,0.2225
14,2024-06-09,1.0,0.2626,0.1449,0.3623,0.0806,0.7
15,2024-06-09,1.0,0.2915,0.1633,0.2948,-0.0307,0.4058
16,2024-06-09,1.0,0.252,0.1548,0.1729,-0.1143,0.1488
17,2024-06-09,1.0,0.2716,0.1408,0.3165,0.0317,0.6439
18,2024-06-09,1.0,0.2381,0.1223,0.3502,0.0914,0.689
19,2024-06-09,1.0,0.2397,0.1265,0.2476,-0.0684,0.3438
20,2024-06-09,1.0,0.2343,0.1465,0.1043,-0.1644,0.1064
21,2024-06-09,1.0,0.2697,0.1467,0.3225,-0.0201,0.4565
22,2024-06-09,1.0,0.5818,0.3563,0.3427,-0.3448,0.1383
23,2024-06-09,1.0,0.3105,0.1677,0.2721,-0.0796,0.3023
24,2024-06-09,1.0,0.1837,0.1161,0.0984,-0.098,0.222
25,2024-06-09,1.0,0.6193,0.3642,0.2474,-0.4472,0.0098
1,2024-06-11,1.0,0.1946,0.091,0.2115,-0.0003,0.4983
2,2024-06-11,1.0,0.3773,0.1991,0.3532,-0.0142,0.4634
3,2024-06-11,1.0,0.2047,0.0901,0.3787,0.1906,0.8604
4,2024-06-11,1.0,0.2665,0.1409,0.2905,0.0205,0.5813
5,2024-06-11,0.995,0.1917,0.0906,0.2535,0.0232,0.5567
6,2024-06-11,1.0,0.2093,0.1091,0.2467,0.0203,0.5663
7,2024-06-11,1.0,0.2803,0.1484,0.3372,0.062,0.6909
8,2024-06-11,1.0,0.3618,0.1851,0.3395,-0.0244,0.4204
9,2024-06-11,1.0,0.341,0.1782,0.3355,-0.0063,0.4828
10,2024-06-11,1.0,0.2804,0.1497,0.3034,0.0013,0.5038
11,2024-06-11,1.0,0.1923,0.0979,0.2684,0.0729,0.7291
12,2024-06-11,1.0,0.2962,0.1467,0.3234,-0.0089,0.4807
13,2024-06-11,1.0,0.3367,0.1676,0.2983,-0.0156,0.434
14,2024-06-11,1.0,0.254,0.131,0.3985,0.1397,0.8379
15,2024-06-11,1.0,0.2812,0.1479,0.309,0.0174,0.5579
16,2024-06-11,1.0,0.2385,0.1372,0.1996,-0.064,0.2605
17,2024-06-11,1.0,0.2896,0.1427,0.3704,0.1068,0.8355
18,2024-06-11,1.0,0.2512,0.1208,0.3938,0.1599,0.7633
19,2024-06-11,1.0,0.2478,0.1214,0.2798,-0.0341,0.4219
20,2024-06-11,1.0,0.2165,0.1267,0.1327,-0.0984,0.1689
21,2024-06-11,1.0,0.2683,0.1402,0.3488,0.0383,0.6211
22,2024-06-11,1.0,0.5371,0.3301,0.3812,-0.2046,0.2126
23,2024-06-11,1.0,0.309,0.1559,0.302,-0.0267,0.4336
24,2024-06-11,1.0,0.1889,0.1086,0.1459,-0.0307,0.4018
25,2024-06-11,1.0,0.5603,0.3193,0.2707,-0.3041,0.0065
1,2024-06-16,0.9999,0.1975,0.0867,0.2425,0.0235,0.5608
2,2024-06-16,0.9993,0.377,0.168,0.3486,-0.0214,0.4576
3,2024-06-16,1.0,0.2231,0.1071,0.3107,0.0851,0.7292
4,2024-06-16,0.9935,0.2635,0.1208,0.3191,0.0531,0.6232
5,2024-06-16,0.9654,0.1701,0.0585,0.2301,0.0342,0.6439
6,2024-06-16,1.0,0.2194,0.1107,0.244,0.0106,0.5295
7,2024-06-16,1.0,0.2889,0.1335,0.3619,0.1076,0.7307
8,2024-06-16,0.9953,0.3537,0.1534,0.3314,-0.0216,0.442
9,2024-06-16,1.0,0.3546,0.1752,0.3228,-0.0342,0.4007
10,2024-06-16,0.997,0.2936,0.1415,0.2872,-0.0141,0.4636
11,2024-06-16,1.0,0.1993,0.0933,0.2712,0.0896,0.7549
12,2024-06-16,1.0,0.2992,0.132,0.3327,-0.004,0.4871
13,2024-06-16,1.0,0.3415,0.147,0.2769,-0.0157,0.4518
14,2024-06-16,1.0,0.2628,0.1192,0.3964,0.1886,0.8379
15,2024-06-16,0.9723,0.2886,0.1413,0.3191,0.0548,0.6225
16,2024-06-16,1.0,0.2513,0.1339,0.216,-0.0451,0.3424
17,2024-06-16,0.956,0.2997,0.1398,0.3158,0.031,0.6411
18,2024-06-16,1.0,0.2632,0.1281,0.3102,0.0317,0.5729
19,2024-06-16,1.0,0.2565,0.1223,0.2118,-0.1055,0.2378
20,2024-06-16,1.0,0.2353,0.1307,0.1388,-0.1242,0.1594
21,2024-06-16,1.0,0.2711,0.1273,0.328,0.0551,0.677
22,2024-06-16,1.0,0.5208,0.2615,0.3977,-0.1688,0.3019
23,2024-06-16,1.0,0.3198,0.1527,0.2454,-0.0841,0.2989
24,2024-06-16,1.0,0.186,0.1012,0.0514,-0.1389,0.2715
25,2024-06-16,0.9984,0.5954,0.3091,0.2889,-0.3502,0.0147
1,2024-06-19,1.0,0.2545,0.1284,0.1848,-0.1168,0.2337
2,2024-06-19,0.9989,0.4313,0.2129,0.3432,-0.1239,0.3136
3,2024-06-19,1.0,0.2479,0.1356,0.3127,0.062,0.633
4,2024-06-19,1.0,0.3591,0.1956,0.2453,-0.1827,0.1164
5,2024-06-19,1.0,0.2715,0.1396,0.1915,-0.1203,0.181
6,2024-06-19,1.0,0.2877,0.158,0.2144,-0.1218,0.2022
7,2024-06-19,1.0,0.3592,0.1936,0.3077,-0.0946,0.3344
8,2024-06-19,1.0,0.479,0.2374,0.3249,-0.2173,0.1423
9,2024-06-19,1.0,0.4608,0.2436,0.2867,-0.2316,0.1431
10,2024-06-19,1.0,0.3847,0.2057,0.2598,-0.1995,0.1853
11,2024-06-19,1.0,0.2297,0.1239,0.248,0.0119,0.5343
12,2024-06-19,1.0,0.4018,0.2011,0.2758,-0.2,0.1592
13,2024-06-19,1.0,0.4542,0.2253,0.2675,-0.2264,0.0416
14,2024-06-19,1.0,0.3036,0.1664,0.3323,0.0165,0.5355
15,2024-06-19,1.0,0.3934,0.2124,0.2931,-0.1698,0.1868
16,2024-06-19,1.0,0.3173,0.189,0.171,-0.183,0.0988
17,2024-06-19,1.0,0.4186,0.2147,0.3181,-0.1896,0.1069
18,2024-06-19,1.0,0.3073,0.1645,0.3414,-0.0162,0.4686
19,2024-06-19,1.0,0.3448,0.1778,0.2455,-0.1947,0.2147
20,2024-06-19,1.0,0.3072,0.1921,0.0957,-0.268,0.0674
21,2024-06-19,1.0,0.3649,0.1905,0.3156,-0.1938,0.2964
22,2024-06-19,1.0,1.0,0.5728,0.3631,-1.0,0.0369
23,2024-06-19,1.0,0.4284,0.2281,0.2813,-0.2304,0.1759
24,2024-06-19,1.0,0.2753,0.1622,0.0612,-0.2298,0.1565
25,2024-06-19,1.0,1.0,0.5435,0.2636,-1.0,0.0065
1,2024-06-21,0.9931,0.2297,0.1055,0.1992,-0.0465,0.3628
2,2024-06-21,0.5725,0.3597,0.1758,0.324,-0.035,0.3967
3,2024-06-21,1.0,0.2443,0.1182,0.3267,0.0963,0.71
4,2024-06-21,1.0,0.3073,0.1604,0.2494,-0.0703,0.2616
5,2024-06-21,0.9985,0.2192,0.1037,0.2319,-0.0194,0.4328
6,2024-06-21,1.0,0.2502,0.1286,0.2157,-0.0506,0.3441
7,2024-06-21,0.6962,0.3077,0.1574,0.3121,-0.0049,0.4855
8,2024-06-21,1.0,0.4204,0.2152,0.3077,-0.1253,0.1923
9,2024-06-21,0.9894,0.3837,0.1994,0.3051,-0.0803,0.3057
10,2024-06-21,1.0,0.3264,0.1699,0.275,-0.0777,0.3291
11,2024-06-21,1.0,0.221,0.1097,0.253,0.036,0.6118
12,2024-06-21,0.3952,0.2649,0.11,0.2506,-0.0199,0.4515
13,2024-06-21,1.0,0.3837,0.1872,0.2761,-0.0989,0.1796
14,2024-06-21,1.0,0.2854,0.1484,0.337,0.0541,0.633
15,2024-06-21,0.9959,0.3184,0.1582,0.3054,-0.0151,0.4662
16,2024-06-21,1.0,0.2839,0.1596,0.1783,-0.1334,0.1381
17,2024-06-21,1.0,0.3399,0.1696,0.3299,-0.0066,0.4742
18,2024-06-21,1.0,0.2815,0.1338,0.3603,0.084,0.6475
19,2024-06-21,1.0,0.31,0.1478,0.2596,-0.1145,0.2987
20,2024-06-21,1.0,0.265,0.155,0.1012,-0.1831,0.0845
21,2024-06-21,1.0,0.2982,0.149,0.3377,-0.0036,0.4916
22,2024-06-21,1.0,0.6402,0.3918,0.3494,-0.411,0.0981
23,2024-06-21,1.0,0.365,0.1824,0.2922,-0.092,0.2979
24,2024-06-21,1.0,0.2544,0.1467,0.0942,-0.1485,0.1873
25,2024-06-21,0.5686,0.7074,0.3733,0.2689,-0.5011,0.0019
1,2024-06-24,1.0,0.2307,0.1066,0.193,-0.045,0.3571
2,2024-06-24,1.0,0.3991,0.1954,0.3095,-0.0952,0.3024
3,2024-06-24,1.0,0.2296,0.1015,0.3419,0.1337,0.7493
4,2024-06-24,1.0,0.2954,0.1504,0.2551,-0.049,0.3356
5,2024-06-24,1.0,0.2275,0.1022,0.2321,-0.033,0.403
6,2024-06-24,1.0,0.2495,0.1252,0.2258,-0.037,0.3849
7,2024-06-24,1.0,0.3116,0.1605,0.3054,-0.0018,0.4949
8,2024-06-24,1.0,0.4086,0.196,0.2934,-0.1294,0.2063
9,2024-06-24,1.0,0.3792,0.1938,0.304,-0.0832,0.3171
10,2024-06-24,0.9959,0.3114,0.1608,0.2766,-0.0573,0.3717
11,2024-06-24,1.0,0.222,0.1073,0.2515,0.0404,0.6191
12,2024-06-24,1.0,0.3356,0.1592,0.3021,-0.0781,0.3598
13,2024-06-24,1.0,0.381,0.1795,0.2734,-0.0964,0.2088
14,2024-06-24,1.0,0.2861,0.1475,0.3561,0.069,0.6549
15,2024-06-24,1.0,0.3128,0.1606,0.291,-0.0306,0.4132
16,2024-06-24,1.0,0.2825,0.1551,0.1826,-0.1233,0.1386
17,2024-06-24,1.0,0.3311,0.1519,0.3248,0.0063,0.5176
18,2024-06-24,1.0,0.2665,0.1243,0.3563,0.1003,0.6688
19,2024-06-24,1.0,0.2827,0.128,0.2538,-0.0912,0.3465
20,2024-06-24,1.0,0.2598,0.1437,0.1142,-0.1587,0.09
21,2024-06-24,1.0,0.2846,0.1485,0.3228,-0.0219,0.4547
22,2024-06-24,1.0,0.6522,0.3897,0.3215,-0.512,0.093
23,2024-06-24,1.0,0.3404,0.1654,0.2742,-0.0886,0.3082
24,2024-06-24,1.0,0.2468,0.1321,0.1239,-0.1157,0.202
25,2024-06-24,1.0,0.6822,0.3622,0.2444,-0.5182,0.0005
1,2024-06-26,0.626,0.2687,0.1131,0.2712,0.0318,0.6128
2,2024-06-26,1.0,0.4198,0.1934,0.3703,-0.0183,0.4619
3,2024-06-26,0.3484,0.2809,0.0903,0.5076,0.3233,0.932
4,2024-06-26,0.5508,0.2792,0.1315,0.2888,0.0486,0.6633
5,2024-06-26,0.23,0.3015,0.1394,0.3214,0.0952,0.8248
6,2024-06-26,0.7982,0.2386,0.11,0.2928,0.0775,0.7475
7,2024-06-26,0.2051,0.2996,0.1382,0.4539,0.1799,0.8878
8,2024-06-26,0.855,0.4036,0.1757,0.37,0.0141,0.5328
9,2024-06-26,0.6958,0.4749,0.2284,0.3921,-0.0206,0.4469
10,2024-06-26,0.7966,0.2998,0.1448,0.3388,0.0653,0.6562
12,2024-06-26,0.9052,0.3696,0.1654,0.3541,0.0115,0.5175
13,2024-06-26,0.8803,0.3493,0.1527,0.3376,0.0515,0.6998
14,2024-06-26,0.5142,0.3624,0.1705,0.4751,0.1886,0.8445
15,2024-06-26,0.9738,0.3178,0.1507,0.3223,0.0346,0.5892
17,2024-06-26,0.6452,0.3238,0.1192,0.4419,0.2049,0.9335
18,2024-06-26,0.8471,0.2885,0.1165,0.4463,0.2302,0.7973
19,2024-06-26,0.302,0.282,0.112,0.3512,0.0249,0.5339
20,2024-06-26,0.9833,0.2302,0.1168,0.1729,-0.0368,0.3385
21,2024-06-26,0.8443,0.329,0.151,0.3777,0.0484,0.6048
22,2024-06-26,0.985,0.5998,0.3064,0.3851,-0.1625,0.2699
23,2024-06-26,0.2778,0.2571,0.1112,0.3288,0.0807,0.6914
24,2024-06-26,0.9482,0.1996,0.1004,0.1924,0.021,0.5654
25,2024-06-26,0.6034,0.584,0.3216,0.2941,-0.2553,0.0207
1,2024-07-01,0.0067,0.1336,0.0706,0.0846,-0.0383,0.4194
2,2024-07-01,0.0271,0.1914,0.0376,0.364,0.2142,0.9759
3,2024-07-01,0.9998,0.2243,0.1057,0.3593,0.1458,0.8498
4,2024-07-01,0.9917,0.1934,0.057,0.3327,0.2272,0.799
5,2024-07-01,0.9954,0.1261,0.0121,0.2503,0.1132,0.7203
7,2024-07-01,0.0997,0.348,0.1287,0.4205,0.2191,1.0
8,2024-07-01,0.4769,0.2932,0.1216,0.3469,0.1391,0.8694
9,2024-07-01,0.6832,0.3161,0.1529,0.3304,0.0418,0.6237
10,2024-07-01,0.5123,0.225,0.1022,0.3362,0.1597,0.9281
11,2024-07-01,0.9988,0.1942,0.0904,0.3036,0.1284,0.8329
12,2024-07-01,0.9519,0.2978,0.1239,0.3443,0.0663,0.6682
13,2024-07-01,0.5993,0.2199,0.0738,0.3428,0.2262,0.9951
14,2024-07-01,0.9995,0.2416,0.1054,0.4213,0.2284,0.9169
16,2024-07-01,0.9881,0.2405,0.1302,0.2463,0.0071,0.5186
17,2024-07-01,1.0,0.2783,0.1215,0.3395,0.1245,0.9235
18,2024-07-01,1.0,0.2671,0.1264,0.3481,0.0967,0.7293
21,2024-07-01,0.0892,0.1153,0.0527,0.2281,0.1519,0.8756
22,2024-07-01,0.95,0.4219,0.2289,0.3654,0.0779,0.7344
24,2024-07-01,0.9937,0.1948,0.1002,0.1226,-0.0413,0.4261
1,2024-07-04,0.9951,0.2282,0.1031,0.1802,-0.0406,0.3967
2,2024-07-04,0.9056,0.4222,0.1992,0.3192,-0.0988,0.316
3,2024-07-04,1.0,0.2497,0.1145,0.335,0.1196,0.7368
4,2024-07-04,0.9779,0.3151,0.1603,0.24,-0.078,0.2717
5,2024-07-04,0.9346,0.1948,0.0751,0.1783,-0.0214,0.4398
6,2024-07-04,0.9728,0.262,0.1374,0.2057,-0.0666,0.2898
7,2024-07-04,0.9321,0.3288,0.1621,0.3189,0.0148,0.534
8,2024-07-04,0.8707,0.4023,0.1822,0.3012,-0.0782,0.3097
9,2024-07-04,0.8341,0.4152,0.2102,0.3263,-0.074,0.3384
10,2024-07-04,0.644,0.3349,0.1696,0.2717,-0.0626,0.3527
11,2024-07-04,1.0,0.2291,0.1109,0.2469,0.0233,0.5792
12,2024-07-04,0.9383,0.3516,0.153,0.2919,-0.0828,0.3686
13,2024-07-04,1.0,0.3969,0.1881,0.2637,-0.1096,0.1556
14,2024-07-04,1.0,0.298,0.1481,0.3473,0.0832,0.6734
15,2024-07-04,0.949,0.3188,0.1611,0.2842,-0.0324,0.4121
16,2024-07-04,1.0,0.2904,0.1626,0.1611,-0.1413,0.1571
17,2024-07-04,0.9908,0.3268,0.1447,0.3227,0.025,0.6071
18,2024-07-04,1.0,0.2934,0.1331,0.3589,0.0628,0.6146
19,2024-07-04,1.0,0.3011,0.1457,0.2382,-0.1194,0.2562
20,2024-07-04,1.0,0.2741,0.1582,0.0968,-0.1931,0.1205
21,2024-07-04,0.6917,0.2491,0.1272,0.3119,0.0207,0.5427
22,2024-07-04,0.8435,0.6303,0.3645,0.3787,-0.2595,0.1789
23,2024-07-04,1.0,0.3644,0.1801,0.2748,-0.1084,0.2587
24,2024-07-04,1.0,0.2634,0.1538,0.0747,-0.1622,0.1599
25,2024-07-04,0.9815,0.681,0.3857,0.2559,-0.4942,0.0427
3,2024-07-06,1.0,0.2377,0.1101,0.335,0.1343,0.797
5,2024-07-06,0.697,0.1094,0.0581,0.1923,0.0379,0.62
7,2024-07-06,1.0,0.2945,0.1477,0.2977,0.0187,0.5559
9,2024-07-06,0.9631,0.3633,0.184,0.306,-0.0354,0.3868
10,2024-07-06,0.4383,0.282,0.1467,0.2792,0.0052,0.5133
11,2024-07-06,1.0,0.2117,0.1013,0.2537,0.0584,0.6963
12,2024-07-06,0.9672,0.3049,0.1398,0.2918,-0.0312,0.4287
14,2024-07-06,1.0,0.2816,0.1409,0.3456,0.0849,0.7313
16,2024-07-06,1.0,0.2476,0.1373,0.1815,-0.0791,0.1939
18,2024-07-06,1.0,0.2673,0.1235,0.3407,0.0908,0.6865
19,2024-07-06,0.2755,0.319,0.1332,0.2715,-0.0648,0.3718
20,2024-07-06,0.511,0.2156,0.108,0.1278,-0.0731,0.1813
1,2024-07-14,0.3284,0.3094,0.1445,0.3163,0.0223,0.5562
2,2024-07-14,1.0,0.4456,0.2086,0.3558,-0.1069,0.3278
3,2024-07-14,1.0,0.2552,0.1004,0.4037,0.1674,0.7653
4,2024-07-14,1.0,0.3231,0.1529,0.3302,0.0121,0.5306
5,2024-07-14,0.9865,0.24,0.0921,0.2776,-0.0129,0.4734
6,2024-07-14,0.2611,0.2431,0.1239,0.264,0.0182,0.5359
7,2024-07-14,1.0,0.3748,0.1857,0.3852,0.0072,0.5142
8,2024-07-14,0.9982,0.4347,0.1975,0.3515,-0.0883,0.3107
9,2024-07-14,1.0,0.4696,0.2356,0.3541,-0.1484,0.2703
10,2024-07-14,1.0,0.3856,0.1901,0.3391,-0.0824,0.3684
11,2024-07-14,1.0,0.2523,0.1183,0.3128,0.0805,0.6787
12,2024-07-14,1.0,0.3774,0.1731,0.356,-0.08,0.3937
13,2024-07-14,0.913,0.4027,0.1836,0.3469,-0.0209,0.4333
14,2024-07-14,1.0,0.3271,0.1588,0.4421,0.1194,0.6842
15,2024-07-14,0.102,0.2872,0.1393,0.3501,0.1275,0.908
16,2024-07-14,1.0,0.3193,0.1733,0.2492,-0.0909,0.277
17,2024-07-14,1.0,0.3734,0.1506,0.3941,0.0606,0.6531
18,2024-07-14,1.0,0.3063,0.1332,0.4157,0.1197,0.6544
19,2024-07-14,1.0,0.343,0.1555,0.3216,-0.1019,0.3584
20,2024-07-14,1.0,0.3021,0.1627,0.1864,-0.1147,0.1892
21,2024-07-14,1.0,0.3533,0.1755,0.384,-0.0468,0.433
22,2024-07-14,1.0,0.6953,0.3808,0.3881,-0.4953,0.1757
23,2024-07-14,1.0,0.3887,0.1805,0.3201,-0.0847,0.3523
24,2024-07-14,1.0,0.2924,0.155,0.1542,-0.1143,0.3039
25,2024-07-14,1.0,0.8169,0.4169,0.305,-0.6259,0.0087
1,2024-07-16,1.0,0.2185,0.1198,0.2256,-0.0249,0.425
2,2024-07-16,0.9546,0.4086,0.2027,0.3238,-0.1008,0.3622
3,2024-07-16,1.0,0.2383,0.1342,0.3145,0.0866,0.7028
4,2024-07-16,0.9897,0.294,0.1582,0.2796,-0.0214,0.4308
5,2024-07-16,0.9684,0.1984,0.101,0.232,0.0346,0.6912
6,2024-07-16,0.5324,0.2383,0.1372,0.251,0.0343,0.6082
7,2024-07-16,0.6676,0.2935,0.1554,0.3562,0.0982,0.7642
8,2024-07-16,0.9609,0.3831,0.1832,0.3181,-0.0221,0.4543
9,2024-07-16,0.7857,0.4392,0.2287,0.3483,-0.0385,0.4009
10,2024-07-16,0.0554,0.2833,0.1566,0.3276,0.1291,0.8019
11,2024-07-16,0.6065,0.217,0.1196,0.2795,0.109,0.8089
12,2024-07-16,0.7839,0.303,0.1402,0.2982,-0.012,0.4619
13,2024-07-16,0.9825,0.3067,0.1562,0.2955,0.0601,0.7477
14,2024-07-16,0.9609,0.2691,0.1552,0.3381,0.086,0.6838
15,2024-07-16,0.9969,0.3058,0.1644,0.3038,-0.0085,0.4792
16,2024-07-16,0.0324,0.2766,0.1637,0.2673,0.0604,0.6484
17,2024-07-16,1.0,0.3538,0.168,0.3159,-0.006,0.4777
18,2024-07-16,1.0,0.2735,0.1464,0.3363,0.0586,0.6055
20,2024-07-16,0.2059,0.2334,0.1486,0.1978,-0.0016,0.4913
21,2024-07-16,1.0,0.2833,0.1528,0.3497,0.0318,0.5807
22,2024-07-16,0.9902,0.5544,0.2824,0.3877,-0.0891,0.3771
23,2024-07-16,0.145,0.2247,0.1163,0.2702,0.0156,0.5473
24,2024-07-16,1.0,0.2628,0.1532,0.1088,-0.1405,0.2504
25,2024-07-16,0.8814,0.4628,0.2637,0.2963,-0.1228,0.1636
1,2024-07-24,1.0,0.2745,0.1239,0.1952,-0.0674,0.3017
2,2024-07-24,1.0,0.4757,0.2268,0.3132,-0.1744,0.2032
3,2024-07-24,1.0,0.2639,0.1037,0.3874,0.1623,0.7688
4,2024-07-24,1.0,0.349,0.167,0.2697,-0.0633,0.3272
5,2024-07-24,1.0,0.2769,0.1159,0.2289,-0.0701,0.3415
6,2024-07-24,1.0,0.2894,0.1378,0.2383,-0.0421,0.3729
7,2024-07-24,1.0,0.3545,0.1702,0.3339,-0.0013,0.4973
8,2024-07-24,1.0,0.4839,0.2223,0.298,-0.1991,0.1914
9,2024-07-24,1.0,0.4367,0.2125,0.3135,-0.1204,0.2926
10,2024-07-24,0.9991,0.3709,0.1811,0.2956,-0.0845,0.3382
11,2024-07-24,1.0,0.2481,0.1148,0.2771,0.0477,0.6361
12,2024-07-24,1.0,0.3935,0.1771,0.3017,-0.1313,0.3196
13,2024-07-24,1.0,0.4289,0.192,0.2916,-0.1025,0.1997
14,2024-07-24,1.0,0.3253,0.1579,0.3967,0.0815,0.6679
15,2024-07-24,1.0,0.3761,0.1838,0.2997,-0.0677,0.3326
16,2024-07-24,1.0,0.3108,0.1643,0.1944,-0.1214,0.1706
17,2024-07-24,1.0,0.3942,0.161,0.3359,-0.0068,0.4832
18,2024-07-24,1.0,0.3167,0.1313,0.3831,0.0929,0.6367
19,2024-07-24,1.0,0.3298,0.1411,0.2858,-0.086,0.3462
20,2024-07-24,1.0,0.2976,0.1599,0.1194,-0.1686,0.1142
21,2024-07-24,1.0,0.3495,0.1755,0.3302,-0.0748,0.3957
22,2024-07-24,1.0,0.7627,0.4474,0.319,-0.6776,0.0738
23,2024-07-24,1.0,0.3966,0.1833,0.2987,-0.1026,0.2959
24,2024-07-24,1.0,0.308,0.1581,0.1346,-0.1423,0.2191
25,2024-07-24,1.0,0.7483,0.4017,0.2531,-0.5812,0.0201
1,2024-07-26,1.0,0.2809,0.1217,0.2464,-0.03,0.4195
2,2024-07-26,1.0,0.5268,0.2481,0.3598,-0.2089,0.2472
3,2024-07-26,1.0,0.2754,0.1057,0.4196,0.1933,0.7578
4,2024-07-26,1.0,0.3722,0.1694,0.3211,-0.0312,0.4198
5,2024-07-26,1.0,0.2625,0.1085,0.286,0.0036,0.5166
6,2024-07-26,1.0,0.3057,0.14,0.289,-0.0123,0.4733
7,2024-07-26,1.0,0.3835,0.1778,0.3772,0.0197,0.5315
8,2024-07-26,1.0,0.5504,0.2434,0.3537,-0.2,0.2142
9,2024-07-26,1.0,0.4497,0.2142,0.3546,-0.0877,0.3497
10,2024-07-26,1.0,0.4076,0.1961,0.3452,-0.0616,0.4018
11,2024-07-26,1.0,0.2587,0.1209,0.3088,0.0871,0.6834
12,2024-07-26,1.0,0.4137,0.1837,0.352,-0.0941,0.3675
13,2024-07-26,1.0,0.5043,0.216,0.3266,-0.1247,0.2466
14,2024-07-26,1.0,0.3267,0.1586,0.4399,0.1333,0.707
15,2024-07-26,1.0,0.3802,0.176,0.3409,-0.0179,0.4696
16,2024-07-26,1.0,0.3355,0.1779,0.2375,-0.116,0.2261
17,2024-07-26,1.0,0.4427,0.1723,0.4016,0.0261,0.5442
18,2024-07-26,1.0,0.323,0.1281,0.4252,0.1336,0.6583
19,2024-07-26,1.0,0.4114,0.1692,0.3157,-0.1408,0.3533
20,2024-07-26,1.0,0.3283,0.177,0.1609,-0.1905,0.09
21,2024-07-26,1.0,0.3446,0.1605,0.3895,0.011,0.5173
22,2024-07-26,1.0,0.6985,0.4051,0.3897,-0.5755,0.1112
23,2024-07-26,1.0,0.4543,0.1998,0.3299,-0.1362,0.3013
24,2024-07-26,1.0,0.3832,0.1834,0.1614,-0.1573,0.2908
25,2024-07-26,0.9967,0.8884,0.4347,0.2881,-0.7864,0.0011
1,2024-07-31,1.0,0.1935,0.0945,0.1484,-0.0549,0.3364
2,2024-07-31,0.9955,0.3178,0.1501,0.2523,-0.0656,0.4024
3,2024-07-31,0.9994,0.2246,0.1163,0.2638,0.049,0.6246
4,2024-07-31,0.9998,0.2648,0.1326,0.1932,-0.0886,0.1544
5,2024-07-31,0.9716,0.1784,0.0695,0.169,0.0972,0.7384
6,2024-07-31,1.0,0.2281,0.1203,0.1743,-0.086,0.2384
7,2024-07-31,0.9866,0.2957,0.1382,0.2291,-0.0315,0.4185
8,2024-07-31,0.9579,0.3536,0.1626,0.228,-0.0985,0.1978
9,2024-07-31,0.8945,0.3896,0.1834,0.2442,-0.126,0.2256
10,2024-07-31,0.6936,0.324,0.1564,0.1969,-0.1172,0.27
11,2024-07-31,1.0,0.2053,0.1088,0.206,0.0038,0.5098
12,2024-07-31,0.9439,0.3438,0.1403,0.2064,-0.1095,0.2865
13,2024-07-31,1.0,0.3494,0.1593,0.1874,-0.1922,0.1087
14,2024-07-31,1.0,0.2505,0.1267,0.2847,0.0839,0.696
15,2024-07-31,0.9834,0.2891,0.1415,0.228,-0.0544,0.3468
16,2024-07-31,1.0,0.2754,0.1617,0.1406,-0.184,0.0218
17,2024-07-31,0.8936,0.2912,0.1262,0.26,0.0504,0.6835
18,2024-07-31,1.0,0.2509,0.1144,0.2722,0.0389,0.5823
19,2024-07-31,1.0,0.3343,0.1591,0.158,-0.2527,0.1241
20,2024-07-31,1.0,0.2716,0.1594,0.1008,-0.2425,0.0082
21,2024-07-31,0.8279,0.234,0.112,0.2556,0.0467,0.6334
22,2024-07-31,0.771,0.561,0.2596,0.2694,-0.092,0.343
23,2024-07-31,1.0,0.2907,0.1473,0.2017,-0.1455,0.1632
24,2024-07-31,1.0,0.2625,0.1417,0.059,-0.2063,0.0774
25,2024-07-31,1.0,0.5703,0.2969,0.1465,-0.6123,0.0
1,2024-08-05,0.9922,0.2664,0.1212,0.2068,-0.0626,0.3402
2,2024-08-05,1.0,0.5034,0.2452,0.3062,-0.2821,0.1662
3,2024-08-05,1.0,0.2758,0.1266,0.3576,0.1161,0.6903
4,2024-08-05,1.0,0.3663,0.1744,0.2638,-0.1045,0.2252
5,2024-08-05,0.9893,0.2635,0.1169,0.2523,0.0064,0.5208
6,2024-08-05,1.0,0.2947,0.1437,0.2361,-0.0679,0.32
7,2024-08-05,1.0,0.3783,0.184,0.3169,-0.0494,0.4165
8,2024-08-05,1.0,0.529,0.2398,0.2938,-0.2585,0.1197
9,2024-08-05,0.7995,0.5126,0.2567,0.3346,-0.1941,0.2083
10,2024-08-05,1.0,0.4044,0.1978,0.2891,-0.1322,0.2841
11,2024-08-05,1.0,0.2552,0.1249,0.2729,0.0356,0.5911
12,2024-08-05,1.0,0.401,0.1841,0.3107,-0.1223,0.3397
13,2024-08-05,1.0,0.4862,0.2155,0.2773,-0.1785,0.1482
14,2024-08-05,1.0,0.3169,0.1597,0.3703,0.0648,0.6073
15,2024-08-05,0.9921,0.3622,0.1747,0.3074,-0.0488,0.3988
16,2024-08-05,1.0,0.3408,0.1874,0.1975,-0.1713,0.1153
17,2024-08-05,1.0,0.4424,0.1839,0.3269,-0.0857,0.3358
18,2024-08-05,1.0,0.3149,0.1376,0.3674,0.0608,0.5776
19,2024-08-05,1.0,0.4085,0.1756,0.2578,-0.1977,0.2645
20,2024-08-05,1.0,0.3405,0.1904,0.1234,-0.2611,0.0396
21,2024-08-05,1.0,0.3315,0.1622,0.3424,-0.0224,0.461
22,2024-08-05,1.0,0.6862,0.409,0.3192,-0.6493,0.0579
23,2024-08-05,1.0,0.4346,0.2001,0.2818,-0.1772,0.2322
24,2024-08-05,1.0,0.3685,0.1809,0.116,-0.2036,0.1946
25,2024-08-05,0.8547,0.8208,0.4033,0.2506,-0.7524,0.0019
1,2024-08-08,1.0,0.2583,0.1382,0.2044,-0.0793,0.2478
2,2024-08-08,1.0,0.4348,0.2172,0.3224,-0.1519,0.228
3,2024-08-08,1.0,0.2641,0.1384,0.358,0.0948,0.7006
4,2024-08-08,1.0,0.3265,0.169,0.2782,-0.0641,0.2904
5,2024-08-08,1.0,0.256,0.1297,0.2328,-0.0785,0.315
6,2024-08-08,0.9848,0.2756,0.1554,0.2393,-0.0546,0.3055
7,2024-08-08,1.0,0.3405,0.1891,0.3141,-0.0385,0.4037
8,2024-08-08,1.0,0.4443,0.2124,0.3092,-0.1398,0.1667
9,2024-08-08,1.0,0.4225,0.2251,0.3173,-0.1234,0.2521
10,2024-08-08,1.0,0.3597,0.1947,0.2941,-0.1075,0.2585
11,2024-08-08,1.0,0.2489,0.1416,0.2615,0.0046,0.5158
12,2024-08-08,1.0,0.3808,0.1831,0.3108,-0.1325,0.2693
13,2024-08-08,1.0,0.3928,0.1957,0.2898,-0.0962,0.1678
14,2024-08-08,1.0,0.3172,0.1844,0.3751,0.0396,0.5951
15,2024-08-08,1.0,0.3849,0.2065,0.3056,-0.0987,0.2258
16,2024-08-08,1.0,0.3114,0.1888,0.1889,-0.1528,0.0659
17,2024-08-08,1.0,0.3948,0.1729,0.3364,-0.0455,0.3692
18,2024-08-08,1.0,0.3048,0.1494,0.3692,0.0581,0.6105
19,2024-08-08,1.0,0.309,0.1607,0.2671,-0.1075,0.2806
20,2024-08-08,1.0,0.2876,0.178,0.1228,-0.1878,0.0491
21,2024-08-08,1.0,0.3528,0.191,0.3321,-0.1092,0.3474
22,2024-08-08,1.0,0.7015,0.3854,0.3411,-0.5264,0.0636
23,2024-08-08,1.0,0.3931,0.2081,0.2878,-0.1316,0.2068
24,2024-08-08,1.0,0.2819,0.1513,0.1526,-0.1217,0.2083
25,2024-08-08,1.0,0.7057,0.3844,0.2704,-0.4835,0.0005
1,2024-08-13,1.0,0.299,0.1508,0.1902,-0.1322,0.2176
2,2024-08-13,0.9802,0.5574,0.2587,0.3078,-0.3609,0.1964
3,2024-08-13,1.0,0.2912,0.1453,0.2903,0.0058,0.5123
4,2024-08-13,1.0,0.4257,0.2095,0.2438,-0.2199,0.1116
5,2024-08-13,0.9865,0.2786,0.1193,0.1985,-0.0312,0.3878
6,2024-08-13,1.0,0.3333,0.1751,0.2006,-0.1576,0.1531
7,2024-08-13,1.0,0.4306,0.215,0.2912,-0.157,0.2836
8,2024-08-13,1.0,0.5984,0.268,0.2867,-0.3616,0.0759
9,2024-08-13,1.0,0.5293,0.2588,0.2889,-0.2853,0.211
10,2024-08-13,1.0,0.4725,0.2317,0.2497,-0.2872,0.1106
11,2024-08-13,1.0,0.2765,0.1438,0.2318,-0.0339,0.399
12,2024-08-13,1.0,0.4905,0.2192,0.2814,-0.3213,0.19
13,2024-08-13,1.0,0.5533,0.2462,0.2514,-0.3154,0.0353
14,2024-08-13,1.0,0.3518,0.187,0.3256,-0.026,0.4582
15,2024-08-13,1.0,0.4376,0.2172,0.2829,-0.1834,0.1815
16,2024-08-13,1.0,0.3938,0.2215,0.1607,-0.2858,0.0527
17,2024-08-13,1.0,0.5212,0.2205,0.2905,-0.2619,0.12
18,2024-08-13,1.0,0.3522,0.1697,0.3024,-0.093,0.3804
19,2024-08-13,1.0,0.4372,0.198,0.2157,-0.3148,0.1277
20,2024-08-13,1.0,0.3923,0.2265,0.0949,-0.3722,0.0252
21,2024-08-13,0.9973,0.3887,0.1897,0.3105,-0.1566,0.3256
22,2024-08-13,1.0,1.0,0.4953,0.3646,-1.0,0.071
23,2024-08-13,1.0,0.4916,0.2334,0.2469,-0.3323,0.0857
24,2024-08-13,1.0,0.4155,0.2139,0.0375,-0.3328,0.095
25,2024-08-13,1.0,1.0,0.4994,0.2629,-1.0,0.0
1,2024-08-15,1.0,0.2007,0.0971,0.1919,-0.0113,0.4664
2,2024-08-15,1.0,0.3946,0.1746,0.3205,-0.0578,0.4043
3,2024-08-15,1.0,0.2399,0.1176,0.29,0.0642,0.6852
4,2024-08-15,1.0,0.2819,0.135,0.2423,-0.0223,0.4265
5,2024-08-15,0.9446,0.1779,0.0658,0.1885,0.0145,0.5605
6,2024-08-15,1.0,0.2331,0.1227,0.1966,-0.0351,0.3612
7,2024-08-15,0.9816,0.2834,0.1319,0.2842,0.0448,0.62
8,2024-08-15,0.9767,0.383,0.1676,0.3003,-0.0517,0.3689
9,2024-08-15,0.9559,0.3657,0.1798,0.2915,-0.0372,0.393
10,2024-08-15,0.9949,0.3076,0.151,0.2449,-0.0536,0.356
11,2024-08-15,1.0,0.2115,0.1055,0.2304,0.0369,0.6365
12,2024-08-15,1.0,0.3,0.131,0.2846,-0.0108,0.4684
13,2024-08-15,1.0,0.3558,0.1597,0.2418,-0.063,0.304
14,2024-08-15,1.0,0.2677,0.1323,0.3166,0.0943,0.7426
15,2024-08-15,1.0,0.2995,0.1463,0.2732,-0.0041,0.4864
16,2024-08-15,1.0,0.2619,0.1495,0.1642,-0.1079,0.1465
17,2024-08-15,1.0,0.3333,0.1418,0.2971,0.0169,0.5586
18,2024-08-15,1.0,0.2774,0.1303,0.3086,0.0298,0.5646
19,2024-08-15,1.0,0.2935,0.1349,0.2144,-0.1143,0.2173
20,2024-08-15,1.0,0.2556,0.1501,0.1097,-0.171,0.071
21,2024-08-15,1.0,0.2756,0.1303,0.2998,0.0346,0.5909
22,2024-08-15,0.993,0.4915,0.2537,0.3766,-0.1439,0.304
23,2024-08-15,1.0,0.3362,0.1621,0.2501,-0.0953,0.2386
24,2024-08-15,1.0,0.2547,0.135,0.0817,-0.1366,0.2083
25,2024-08-15,1.0,0.5654,0.2965,0.2559,-0.3317,0.018
1,2024-08-20,0.9955,0.2009,0.1176,0.1884,-0.0392,0.3642
2,2024-08-20,1.0,0.3813,0.2044,0.2861,-0.1591,0.2275
3,2024-08-20,1.0,0.2243,0.1304,0.3124,0.0867,0.708
4,2024-08-20,1.0,0.2928,0.1648,0.241,-0.0696,0.2432
5,2024-08-20,1.0,0.2147,0.1177,0.2313,0.0339,0.5991
6,2024-08-20,1.0,0.227,0.1384,0.2047,-0.0553,0.2945
7,2024-08-20,1.0,0.2924,0.1656,0.2689,-0.0382,0.4026
8,2024-08-20,1.0,0.3986,0.2077,0.2728,-0.1434,0.1334
9,2024-08-20,1.0,0.3559,0.1978,0.2815,-0.0886,0.3151
10,2024-08-20,1.0,0.3148,0.1787,0.2529,-0.1032,0.2625
11,2024-08-20,1.0,0.205,0.1273,0.2356,0.0206,0.568
12,2024-08-20,1.0,0.3091,0.1613,0.2814,-0.0663,0.3727
13,2024-08-20,1.0,0.367,0.1872,0.2478,-0.1237,0.1647
14,2024-08-20,1.0,0.2597,0.1566,0.3338,0.0649,0.6611
15,2024-08-20,0.9901,0.2893,0.1619,0.2774,-0.0273,0.4222
16,2024-08-20,1.0,0.2625,0.1737,0.1683,-0.1477,0.0732
17,2024-08-20,1.0,0.3445,0.1672,0.2993,-0.0324,0.4023
18,2024-08-20,1.0,0.2535,0.1315,0.3188,0.047,0.5908
19,2024-08-20,1.0,0.3018,0.1593,0.2123,-0.1584,0.2346
20,2024-08-20,1.0,0.2561,0.1672,0.1156,-0.2059,0.0223
21,2024-08-20,1.0,0.2548,0.1471,0.3063,0.0082,0.5146
22,2024-08-20,1.0,0.5088,0.3141,0.328,-0.3647,0.0907
23,2024-08-20,1.0,0.3177,0.1741,0.2427,-0.1199,0.2224
24,2024-08-20,1.0,0.2651,0.1613,0.1134,-0.1384,0.2117
25,2024-08-20,0.8961,0.5717,0.3147,0.2195,-0.4665,0.0
1,2024-08-23,0.4225,0.2613,0.127,0.2677,0.0222,0.5771
2,2024-08-23,1.0,0.4275,0.2033,0.32,-0.1268,0.2876
3,2024-08-23,1.0,0.2575,0.1202,0.3661,0.1265,0.7271
4,2024-08-23,0.2996,0.2496,0.1271,0.2277,0.0317,0.6349
5,2024-08-23,0.9987,0.2335,0.0989,0.2364,-0.0006,0.4972
6,2024-08-23,1.0,0.2495,0.1288,0.2527,-0.0038,0.4892
7,2024-08-23,1.0,0.3387,0.171,0.3055,-0.03,0.4365
8,2024-08-23,1.0,0.4194,0.1943,0.3,-0.104,0.2422
9,2024-08-23,1.0,0.3997,0.203,0.3093,-0.0891,0.3141
10,2024-08-23,0.9616,0.3417,0.1748,0.2852,-0.0711,0.3511
11,2024-08-23,1.0,0.2382,0.1237,0.2677,0.0367,0.6056
12,2024-08-23,0.9715,0.3388,0.157,0.3075,-0.0482,0.4051
13,2024-08-23,0.9645,0.3318,0.1551,0.2818,-0.0002,0.4986
14,2024-08-23,1.0,0.3019,0.1568,0.3764,0.0659,0.6388
15,2024-08-23,1.0,0.3424,0.1691,0.3061,-0.0317,0.4118
16,2024-08-23,1.0,0.3143,0.1808,0.19,-0.1522,0.1138
17,2024-08-23,1.0,0.3511,0.1468,0.3375,0.0273,0.5768
18,2024-08-23,1.0,0.2902,0.128,0.3561,0.0739,0.6221
19,2024-08-23,1.0,0.3288,0.1473,0.2695,-0.1069,0.3328
20,2024-08-23,1.0,0.2916,0.1623,0.1334,-0.1723,0.0923
22,2024-08-23,0.722,0.3936,0.2286,0.3091,-0.1252,0.2181
23,2024-08-23,1.0,0.382,0.1804,0.2916,-0.1171,0.2822
24,2024-08-23,0.0512,0.169,0.0904,0.1568,-0.0148,0.3444
25,2024-08-23,0.9924,0.6929,0.3555,0.2468,-0.536,0.0005
1,2024-08-25,0.9978,0.2373,0.1136,0.2359,-0.0089,0.4729
2,2024-08-25,0.9996,0.4473,0.2132,0.3603,-0.0848,0.3311
3,2024-08-25,1.0,0.2504,0.1156,0.3805,0.1435,0.7866
4,2024-08-25,1.0,0.3257,0.1599,0.3155,0.0073,0.524
5,2024-08-25,1.0,0.2423,0.1046,0.2702,0.0039,0.5117
6,2024-08-25,1.0,0.2543,0.1305,0.2653,0.0039,0.5111
7,2024-08-25,1.0,0.3207,0.1588,0.3486,0.0468,0.6208
8,2024-08-25,0.9907,0.453,0.207,0.3511,-0.0803,0.3236
9,2024-08-25,1.0,0.3973,0.1988,0.3462,-0.0453,0.3916
10,2024-08-25,1.0,0.3485,0.174,0.3264,-0.0282,0.4387
11,2024-08-25,1.0,0.2239,0.1163,0.2854,0.0676,0.6974
12,2024-08-25,1.0,0.342,0.1625,0.3385,-0.0337,0.4276
13,2024-08-25,1.0,0.4009,0.186,0.3168,-0.0381,0.3732
14,2024-08-25,1.0,0.2885,0.15,0.4161,0.1309,0.7918
15,2024-08-25,0.993,0.3384,0.1647,0.3299,0.006,0.5131
16,2024-08-25,1.0,0.2749,0.1635,0.2179,-0.0816,0.2233
17,2024-08-25,1.0,0.3851,0.1512,0.3787,0.0537,0.6517
18,2024-08-25,1.0,0.2945,0.1252,0.3903,0.1153,0.6923
19,2024-08-25,1.0,0.318,0.1449,0.286,-0.0829,0.3465
20,2024-08-25,1.0,0.2678,0.155,0.1551,-0.1343,0.1316
21,2024-08-25,1.0,0.3116,0.1543,0.3738,0.0142,0.5359
22,2024-08-25,1.0,0.592,0.3349,0.3953,-0.3011,0.1687
23,2024-08-25,1.0,0.3712,0.177,0.3045,-0.0818,0.3278
24,2024-08-25,1.0,0.3007,0.1532,0.1634,-0.0803,0.3426
25,2024-08-25,1.0,0.6505,0.3365,0.293,-0.404,0.0087
1,2024-08-28,1.0,0.2628,0.1166,0.2092,-0.0427,0.3923
2,2024-08-28,1.0,0.475,0.2065,0.3506,-0.1391,0.2926
3,2024-08-28,1.0,0.2907,0.1381,0.3071,0.0414,0.6121
4,2024-08-28,1.0,0.3631,0.1658,0.2526,-0.0832,0.2798
5,2024-08-28,0.9969,0.2593,0.0944,0.2189,-0.0372,0.4089
6,2024-08-28,1.0,0.2955,0.1477,0.2106,-0.0693,0.2819
7,2024-08-28,1.0,0.3833,0.181,0.3118,-0.04,0.4171
8,2024-08-28,1.0,0.4739,0.2,0.3428,-0.1041,0.279
9,2024-08-28,1.0,0.4612,0.2183,0.3023,-0.1341,0.2682
10,2024-08-28,1.0,0.3991,0.1862,0.2705,-0.1173,0.2567
11,2024-08-28,1.0,0.2605,0.1268,0.2421,0.0116,0.5444
12,2024-08-28,1.0,0.377,0.1557,0.3103,-0.0709,0.3584
13,2024-08-28,1.0,0.443,0.189,0.2789,-0.1014,0.1881
14,2024-08-28,1.0,0.3392,0.1639,0.3329,0.0394,0.5917
15,2024-08-28,1.0,0.3692,0.172,0.3062,-0.0275,0.4217
16,2024-08-28,1.0,0.3363,0.1861,0.1683,-0.162,0.1168
17,2024-08-28,1.0,0.4149,0.1624,0.3277,-0.0439,0.3762
18,2024-08-28,1.0,0.3307,0.144,0.3425,0.0164,0.5292
19,2024-08-28,1.0,0.3575,0.1602,0.2507,-0.1269,0.2337
20,2024-08-28,1.0,0.317,0.179,0.1162,-0.2026,0.09
21,2024-08-28,1.0,0.3294,0.1567,0.3289,-0.0118,0.4756
22,2024-08-28,1.0,0.6181,0.3117,0.4095,-0.3412,0.2136
23,2024-08-28,1.0,0.4139,0.1924,0.2965,-0.1194,0.2464
24,2024-08-28,1.0,0.3328,0.1603,0.1004,-0.1631,0.2151
25,2024-08-28,1.0,0.7666,0.3874,0.3078,-0.4901,0.0163
1,2024-08-30,0.1316,0.2993,0.1487,0.2864,0.0422,0.6885
2,2024-08-30,0.061,0.3492,0.1369,0.3748,0.1347,0.9478
3,2024-08-30,0.0352,0.2119,0.096,0.3153,0.1186,0.8686
4,2024-08-30,0.5249,0.3553,0.1758,0.2768,-0.0575,0.3
5,2024-08-30,0.3889,0.1928,0.0758,0.1675,-0.0078,0.4746
6,2024-08-30,0.852,0.2447,0.1271,0.2084,0.0043,0.5168
7,2024-08-30,0.2385,0.3091,0.1608,0.3401,0.0701,0.7529
8,2024-08-30,0.0085,0.4775,0.2317,0.3212,-0.0196,0.2817
9,2024-08-30,0.3289,0.2993,0.1366,0.2426,-0.0085,0.4784
10,2024-08-30,0.308,0.3384,0.1619,0.3181,0.0173,0.5437
11,2024-08-30,0.1255,0.2274,0.1159,0.2471,0.0765,0.8345
12,2024-08-30,0.0641,0.2643,0.0879,0.2134,0.0475,0.7122
13,2024-08-30,0.8212,0.3972,0.1881,0.2807,-0.0548,0.2643
14,2024-08-30,0.164,0.3307,0.1633,0.367,0.1211,0.8243
15,2024-08-30,0.7396,0.3154,0.1596,0.3104,0.0373,0.632
16,2024-08-30,0.4098,0.294,0.1728,0.2068,-0.0702,0.2474
17,2024-08-30,0.3407,0.3028,0.132,0.3475,0.1458,0.9849
18,2024-08-30,0.1371,0.3904,0.1581,0.3396,0.0337,0.6472
19,2024-08-30,0.7494,0.3279,0.1497,0.2633,-0.0771,0.3233
20,2024-08-30,0.2602,0.2571,0.1439,0.1184,-0.1161,0.2189
21,2024-08-30,0.7036,0.3363,0.1684,0.3309,0.0246,0.5927
23,2024-08-30,0.7962,0.3618,0.1766,0.3096,-0.0189,0.4345
24,2024-08-30,0.2817,0.328,0.1366,0.2711,0.0303,0.6121
25,2024-08-30,1.0,0.6956,0.3614,0.3109,-0.3811,0.0403
1,2024-09-02,1.0,0.2233,0.1064,0.1636,-0.0565,0.3078
2,2024-09-02,1.0,0.409,0.1942,0.2861,-0.1396,0.2359
3,2024-09-02,1.0,0.2473,0.1142,0.2948,0.0642,0.6766
4,2024-09-02,1.0,0.3065,0.1509,0.2181,-0.0784,0.2309
5,2024-09-02,1.0,0.2224,0.09,0.1932,-0.0285,0.3857
6,2024-09-02,1.0,0.2462,0.1275,0.1813,-0.0674,0.2551
7,2024-09-02,1.0,0.3105,0.1571,0.254,-0.0507,0.3647
8,2024-09-02,1.0,0.4087,0.1938,0.2631,-0.1493,0.1274
9,2024-09-02,1.0,0.3641,0.1855,0.263,-0.0933,0.2762
10,2024-09-02,0.995,0.3153,0.1623,0.2269,-0.1017,0.2327
11,2024-09-02,1.0,0.223,0.1082,0.2156,0.0,0.4998
12,2024-09-02,1.0,0.3115,0.143,0.2621,-0.0613,0.3472
13,2024-09-02,1.0,0.3621,0.1711,0.2291,-0.1101,0.111
14,2024-09-02,1.0,0.2851,0.145,0.3174,0.0411,0.6148
15,2024-09-02,1.0,0.3045,0.1509,0.2566,-0.0441,0.3523
16,2024-09-02,1.0,0.2746,0.1594,0.1427,-0.1484,0.0725
17,2024-09-02,1.0,0.3592,0.1515,0.2842,-0.0458,0.3488
18,2024-09-02,1.0,0.2728,0.1196,0.2969,0.027,0.5546
19,2024-09-02,1.0,0.2861,0.1313,0.2052,-0.1201,0.2346
20,2024-09-02,1.0,0.2628,0.1528,0.091,-0.1828,0.0537
21,2024-09-02,1.0,0.2763,0.1374,0.2747,-0.0388,0.4113
22,2024-09-02,1.0,0.5408,0.3127,0.3129,-0.3493,0.0958
23,2024-09-02,1.0,0.3277,0.1623,0.2312,-0.1133,0.2156
24,2024-09-02,1.0,0.2677,0.1419,0.0906,-0.1419,0.1713
25,2024-09-02,1.0,0.5436,0.3081,0.2115,-0.3831,0.006
1,2024-09-04,1.0,0.235,0.1084,0.1907,-0.0372,0.373
2,2024-09-04,1.0,0.4291,0.1978,0.317,-0.1059,0.2691
3,2024-09-04,1.0,0.2578,0.1151,0.3374,0.1039,0.7416
4,2024-09-04,1.0,0.3187,0.1506,0.2563,-0.0419,0.3585
5,2024-09-04,1.0,0.237,0.0944,0.223,-0.016,0.4445
6,2024-09-04,1.0,0.2569,0.1279,0.2125,-0.0372,0.3658
7,2024-09-04,1.0,0.3168,0.153,0.2915,-0.0063,0.4823
8,2024-09-04,1.0,0.4262,0.1933,0.2996,-0.1086,0.2336
9,2024-09-04,0.9921,0.3883,0.1922,0.3064,-0.0669,0.3314
10,2024-09-04,1.0,0.3352,0.1677,0.2692,-0.0677,0.3328
11,2024-09-04,1.0,0.2316,0.1097,0.2497,0.0333,0.618
12,2024-09-04,1.0,0.3291,0.146,0.2889,-0.0505,0.38
13,2024-09-04,1.0,0.384,0.1755,0.2667,-0.0734,0.2259
14,2024-09-04,0.9935,0.2884,0.1397,0.3517,0.085,0.7201
15,2024-09-04,1.0,0.3272,0.1557,0.2894,-0.0225,0.432
16,2024-09-04,0.999,0.2785,0.1581,0.1771,-0.107,0.1489
17,2024-09-04,1.0,0.3663,0.1475,0.3203,0.0073,0.522
18,2024-09-04,1.0,0.2954,0.1203,0.3431,0.0671,0.6362
19,2024-09-04,1.0,0.3041,0.1368,0.2438,-0.0879,0.302
20,2024-09-04,0.9951,0.2725,0.1525,0.1153,-0.1615,0.0799
21,2024-09-04,1.0,0.2991,0.1461,0.3121,-0.0174,0.4663
22,2024-09-04,1.0,0.5354,0.3025,0.3337,-0.2699,0.1327
23,2024-09-04,1.0,0.3581,0.1695,0.2685,-0.0861,0.2812
24,2024-09-04,1.0,0.2785,0.1433,0.1159,-0.1218,0.2373
25,2024-09-04,1.0,0.5537,0.3037,0.2409,-0.3419,0.0065
1,2024-09-07,1.0,0.2607,0.1257,0.2227,-0.0304,0.4114
2,2024-09-07,1.0,0.4644,0.2209,0.3467,-0.1171,0.2659
3,2024-09-07,1.0,0.2851,0.1347,0.3742,0.1177,0.7361
4,2024-09-07,1.0,0.3503,0.171,0.2925,-0.0352,0.4036
5,2024-09-07,1.0,0.2644,0.1091,0.2456,-0.0436,0.4057
6,2024-09-07,1.0,0.2836,0.1461,0.2464,-0.03,0.4042
7,2024-09-07,1.0,0.3652,0.1841,0.3436,0.0,0.4998
8,2024-09-07,1.0,0.466,0.2189,0.3374,-0.1133,0.2548
9,2024-09-07,1.0,0.4261,0.2148,0.3403,-0.0857,0.332
10,2024-09-07,1.0,0.3719,0.1868,0.3159,-0.0522,0.3822
11,2024-09-07,1.0,0.2568,0.132,0.2829,0.0433,0.6439
12,2024-09-07,1.0,0.3641,0.1672,0.3308,-0.0738,0.3824
13,2024-09-07,1.0,0.4198,0.1944,0.3078,-0.0621,0.2837
14,2024-09-07,1.0,0.3234,0.1685,0.3947,0.0876,0.7003
15,2024-09-07,1.0,0.3573,0.1768,0.3323,-0.0118,0.4631
16,2024-09-07,1.0,0.3228,0.1926,0.2058,-0.118,0.1789
17,2024-09-07,1.0,0.4058,0.1674,0.3567,0.0029,0.5071
18,2024-09-07,1.0,0.321,0.1338,0.3882,0.0916,0.6547
19,2024-09-07,1.0,0.3352,0.1606,0.2901,-0.079,0.337
20,2024-09-07,1.0,0.3062,0.1799,0.1324,-0.1668,0.1336
21,2024-09-07,1.0,0.3226,0.1614,0.3476,-0.0204,0.4565
22,2024-09-07,1.0,0.6803,0.4001,0.3543,-0.4493,0.0991
23,2024-09-07,1.0,0.3963,0.2012,0.32,-0.0797,0.3361
24,2024-09-07,1.0,0.3239,0.1674,0.1474,-0.1158,0.2743
25,2024-09-07,1.0,0.6854,0.3879,0.3123,-0.3977,0.0103
1,2024-09-12,1.0,0.2497,0.115,0.1635,-0.0643,0.3052
2,2024-09-12,1.0,0.442,0.1971,0.3126,-0.0952,0.2987
3,2024-09-12,1.0,0.279,0.1298,0.2781,0.0342,0.613
4,2024-09-12,1.0,0.3363,0.1623,0.2161,-0.0813,0.2451
5,2024-09-12,0.998,0.2475,0.0927,0.1708,-0.0441,0.4018
6,2024-09-12,1.0,0.2803,0.1452,0.1711,-0.0888,0.1945
7,2024-09-12,1.0,0.3382,0.1649,0.2676,-0.0342,0.4018
8,2024-09-12,0.9935,0.4323,0.1926,0.2961,-0.0928,0.2488
9,2024-09-12,1.0,0.4077,0.2031,0.2709,-0.1048,0.272
10,2024-09-12,1.0,0.3524,0.1696,0.2294,-0.1031,0.2227
11,2024-09-12,1.0,0.25,0.1193,0.2181,-0.0027,0.4885
12,2024-09-12,1.0,0.3536,0.15,0.2618,-0.0818,0.328
13,2024-09-12,1.0,0.3924,0.1773,0.2353,-0.0954,0.137
14,2024-09-12,1.0,0.3169,0.1535,0.3049,0.0367,0.6085
15,2024-09-12,1.0,0.3487,0.1661,0.2577,-0.0535,0.3052
16,2024-09-12,1.0,0.3097,0.1725,0.1366,-0.1536,0.1095
17,2024-09-12,1.0,0.388,0.1566,0.2916,-0.0342,0.377
18,2024-09-12,1.0,0.3208,0.1391,0.2941,-0.0086,0.4824
19,2024-09-12,1.0,0.3092,0.1356,0.2101,-0.119,0.1853
20,2024-09-12,1.0,0.2959,0.1669,0.0814,-0.1986,0.0936
21,2024-09-12,1.0,0.3133,0.1526,0.2589,-0.0517,0.3589
22,2024-09-12,1.0,0.5484,0.291,0.3543,-0.1927,0.2407
23,2024-09-12,1.0,0.3751,0.1773,0.2506,-0.1226,0.1803
24,2024-09-12,1.0,0.2951,0.1496,0.067,-0.1607,0.1656
25,2024-09-12,1.0,0.5874,0.3151,0.2536,-0.3274,0.0054
1,2024-09-22,1.0,0.2536,0.1197,0.1937,-0.0431,0.3796
2,2024-09-22,1.0,0.4574,0.2065,0.3423,-0.0938,0.2937
3,2024-09-22,1.0,0.2757,0.126,0.3283,0.0813,0.7102
4,2024-09-22,1.0,0.3389,0.1619,0.274,-0.029,0.4202
5,2024-09-22,1.0,0.2541,0.0996,0.2242,-0.0317,0.4266
6,2024-09-22,1.0,0.2741,0.1367,0.2155,-0.042,0.3679
7,2024-09-22,1.0,0.3441,0.1603,0.3251,0.0161,0.5417
8,2024-09-22,1.0,0.4512,0.2,0.3325,-0.0991,0.288
9,2024-09-22,1.0,0.4125,0.201,0.3186,-0.0826,0.3381
10,2024-09-22,1.0,0.3596,0.1723,0.2822,-0.0705,0.3471
11,2024-09-22,1.0,0.2463,0.1184,0.2686,0.0503,0.6615
12,2024-09-22,1.0,0.3524,0.1543,0.3105,-0.0668,0.3909
13,2024-09-22,1.0,0.4029,0.1814,0.29,-0.0643,0.2782
14,2024-09-22,1.0,0.316,0.1513,0.3713,0.0893,0.708
15,2024-09-22,1.0,0.3507,0.167,0.3069,-0.0163,0.4546
16,2024-09-22,1.0,0.3128,0.1722,0.1923,-0.1129,0.201
17,2024-09-22,1.0,0.3886,0.1529,0.3469,0.0226,0.5757
18,2024-09-22,1.0,0.3187,0.1381,0.3346,0.0303,0.5576
19,2024-09-22,1.0,0.3095,0.1322,0.2578,-0.0828,0.3079
20,2024-09-22,1.0,0.2908,0.1574,0.1107,-0.1687,0.1434
21,2024-09-22,1.0,0.32,0.1609,0.302,-0.0403,0.4108
22,2024-09-22,1.0,0.6081,0.3185,0.3606,-0.3113,0.1556
23,2024-09-22,1.0,0.3885,0.1767,0.2907,-0.098,0.2847
24,2024-09-22,1.0,0.3171,0.1558,0.1073,-0.1537,0.2191
25,2024-09-22,1.0,0.6413,0.3189,0.2872,-0.3538,0.0136
1,2024-09-24,0.9963,0.227,0.114,0.194,-0.0373,0.3686
2,2024-09-24,0.9892,0.4196,0.1952,0.338,-0.0549,0.3559
3,2024-09-24,1.0,0.2621,0.1301,0.3004,0.059,0.6749
4,2024-09-24,0.9998,0.3037,0.153,0.2511,-0.0208,0.4351
5,2024-09-24,1.0,0.2269,0.0942,0.1943,-0.0206,0.4508
6,2024-09-24,1.0,0.2519,0.1364,0.1956,-0.0528,0.2909
7,2024-09-24,1.0,0.3152,0.1602,0.2995,0.0141,0.5413
8,2024-09-24,0.9775,0.3989,0.1842,0.325,-0.0407,0.3737
9,2024-09-24,1.0,0.3785,0.1962,0.2892,-0.0704,0.3193
10,2024-09-24,1.0,0.3151,0.1654,0.24,-0.0691,0.276
11,2024-09-24,1.0,0.2319,0.1187,0.2426,0.0235,0.5967
12,2024-09-24,1.0,0.3186,0.1417,0.2866,-0.0379,0.4101
13,2024-09-24,1.0,0.3634,0.1753,0.2633,-0.0538,0.2567
14,2024-09-24,0.9998,0.2998,0.1543,0.3212,0.0562,0.6618
15,2024-09-24,1.0,0.3208,0.1624,0.2829,-0.0236,0.4089
16,2024-09-24,1.0,0.2861,0.1702,0.1702,-0.1171,0.1597
17,2024-09-24,1.0,0.345,0.1469,0.3138,0.018,0.5736
18,2024-09-24,1.0,0.296,0.1349,0.3082,0.0146,0.5422
19,2024-09-24,1.0,0.2839,0.132,0.2355,-0.0809,0.2545
20,2024-09-24,1.0,0.2589,0.1534,0.1025,-0.1587,0.1394
21,2024-09-24,1.0,0.2941,0.1543,0.2859,-0.0163,0.4445
22,2024-09-24,1.0,0.5026,0.2789,0.3757,-0.1401,0.2589
23,2024-09-24,1.0,0.3503,0.1743,0.2756,-0.0793,0.2665
24,2024-09-24,1.0,0.2669,0.1408,0.1038,-0.1174,0.2294
25,2024-09-24,1.0,0.5323,0.2975,0.2834,-0.2391,0.0267
1,2024-09-27,1.0,0.2101,0.0869,0.2101,0.0319,0.558
2,2024-09-27,0.9971,0.4163,0.174,0.3554,-0.0535,0.4212
3,2024-09-27,1.0,0.2717,0.1354,0.3059,0.0529,0.6654
4,2024-09-27,1.0,0.3102,0.1387,0.2535,-0.0216,0.4548
5,2024-09-27,1.0,0.2203,0.0698,0.1967,-0.0294,0.4341
6,2024-09-27,1.0,0.2546,0.1317,0.2066,-0.0437,0.3659
7,2024-09-27,1.0,0.2973,0.1222,0.3105,0.0677,0.6578
8,2024-09-27,1.0,0.389,0.1691,0.3286,-0.0469,0.4013
9,2024-09-27,1.0,0.3774,0.1819,0.2989,-0.0558,0.3724
10,2024-09-27,1.0,0.3333,0.1585,0.2486,-0.0747,0.3181
11,2024-09-27,1.0,0.2229,0.1037,0.2586,0.0574,0.697
12,2024-09-27,1.0,0.3229,0.1302,0.3033,-0.0178,0.4517
13,2024-09-27,1.0,0.3567,0.1573,0.2526,-0.0561,0.308
14,2024-09-27,1.0,0.2948,0.1392,0.3403,0.0907,0.7149
15,2024-09-27,1.0,0.3085,0.1483,0.2962,0.0125,0.5384
16,2024-09-27,1.0,0.2992,0.1687,0.1695,-0.1147,0.2139
17,2024-09-27,1.0,0.3602,0.1493,0.3208,0.002,0.5084
18,2024-09-27,1.0,0.3111,0.1379,0.3197,0.002,0.5032
19,2024-09-27,1.0,0.2816,0.1317,0.2196,-0.0822,0.2452
20,2024-09-27,1.0,0.2805,0.1625,0.106,-0.1772,0.1411
21,2024-09-27,1.0,0.2811,0.1196,0.2924,0.0698,0.6908
22,2024-09-27,1.0,0.52,0.2596,0.384,-0.1806,0.3084
23,2024-09-27,1.0,0.3492,0.1754,0.2696,-0.0954,0.2626
24,2024-09-27,1.0,0.3003,0.1599,0.0825,-0.1742,0.2089
25,2024-09-27,1.0,0.54,0.2918,0.2973,-0.2339,0.1061
1,2024-09-29,0.9847,0.2204,0.1047,0.1904,-0.022,0.4436
2,2024-09-29,1.0,0.3995,0.188,0.3262,-0.062,0.3529
3,2024-09-29,1.0,0.2603,0.128,0.3074,0.068,0.6912
4,2024-09-29,0.9986,0.3144,0.158,0.2427,-0.0379,0.3707
5,2024-09-29,1.0,0.2296,0.0909,0.2068,-0.0151,0.4573
6,2024-09-29,1.0,0.2568,0.1355,0.1973,-0.051,0.3202
7,2024-09-29,1.0,0.32,0.1557,0.2966,0.001,0.5028
8,2024-09-29,0.995,0.4088,0.1918,0.316,-0.0756,0.3083
9,2024-09-29,0.9889,0.3865,0.1944,0.3008,-0.0696,0.3439
10,2024-09-29,1.0,0.3321,0.1665,0.2503,-0.0739,0.3089
11,2024-09-29,1.0,0.23,0.1123,0.2491,0.039,0.6413
12,2024-09-29,1.0,0.3207,0.1442,0.2887,-0.0389,0.4185
13,2024-09-29,1.0,0.3817,0.1804,0.2623,-0.0783,0.228
14,2024-09-29,1.0,0.2945,0.1452,0.3363,0.0753,0.69
15,2024-09-29,0.9988,0.3129,0.1541,0.2904,-0.0022,0.4904
16,2024-09-29,1.0,0.2945,0.1699,0.1666,-0.13,0.1703
17,2024-09-29,1.0,0.3574,0.1556,0.3245,0.0158,0.5521
18,2024-09-29,1.0,0.3021,0.1364,0.3269,0.0296,0.5574
19,2024-09-29,1.0,0.3008,0.1414,0.2346,-0.1018,0.2565
20,2024-09-29,1.0,0.2796,0.1624,0.1032,-0.1836,0.108
21,2024-09-29,1.0,0.2924,0.1447,0.2829,0.0018,0.5022
22,2024-09-29,1.0,0.4979,0.2745,0.3627,-0.186,0.2341
23,2024-09-29,1.0,0.3661,0.1812,0.2752,-0.103,0.2582
24,2024-09-29,1.0,0.2904,0.1559,0.0837,-0.1494,0.2112
25,2024-09-29,1.0,0.583,0.312,0.2754,-0.3185,0.055
1,2024-10-02,1.0,0.2356,0.1244,0.1747,-0.0661,0.3108
2,2024-10-02,1.0,0.4337,0.2145,0.3294,-0.1017,0.2633
3,2024-10-02,1.0,0.2566,0.1319,0.3094,0.0609,0.6674
4,2024-10-02,1.0,0.3169,0.1713,0.245,-0.064,0.3184
5,2024-10-02,1.0,0.2236,0.0974,0.1902,-0.0547,0.3746
6,2024-10-02,1.0,0.2596,0.1488,0.1946,-0.0755,0.2548
7,2024-10-02,1.0,0.329,0.1765,0.2974,-0.029,0.4209
8,2024-10-02,1.0,0.4193,0.2097,0.3151,-0.1023,0.2481
9,2024-10-02,1.0,0.3949,0.2115,0.3004,-0.1012,0.3016
10,2024-10-02,1.0,0.338,0.1829,0.2521,-0.0997,0.257
11,2024-10-02,1.0,0.2263,0.1213,0.2343,0.0021,0.5089
12,2024-10-02,1.0,0.3356,0.1629,0.2873,-0.0852,0.3418
13,2024-10-02,1.0,0.3789,0.1912,0.2643,-0.0893,0.1754
14,2024-10-02,1.0,0.3095,0.1647,0.3402,0.0329,0.5867
15,2024-10-02,1.0,0.3255,0.1738,0.2865,-0.0375,0.368
16,2024-10-02,1.0,0.2914,0.1797,0.1591,-0.1435,0.1384
17,2024-10-02,1.0,0.3616,0.1598,0.3218,-0.0051,0.4807
18,2024-10-02,1.0,0.3028,0.1442,0.3335,0.0225,0.5427
19,2024-10-02,1.0,0.2713,0.1335,0.233,-0.098,0.2461
20,2024-10-02,1.0,0.2795,0.1762,0.09,-0.1977,0.1332
21,2024-10-02,1.0,0.2927,0.163,0.2672,-0.0676,0.3319
22,2024-10-02,1.0,0.5526,0.3311,0.3449,-0.2606,0.15
23,2024-10-02,1.0,0.3617,0.1905,0.2775,-0.11,0.219
24,2024-10-02,1.0,0.2818,0.1616,0.0953,-0.1625,0.1827
25,2024-10-02,1.0,0.5857,0.3454,0.2752,-0.3185,0.0114
1,2024-10-04,1.0,0.2324,0.1151,0.2029,-0.0272,0.4075
2,2024-10-04,1.0,0.4324,0.1991,0.3562,-0.0474,0.3711
3,2024-10-04,1.0,0.2608,0.1294,0.3327,0.0877,0.7285
4,2024-10-04,0.9971,0.3174,0.1582,0.2753,-0.0205,0.4362
5,2024-10-04,1.0,0.2267,0.0922,0.2235,-0.014,0.4688
6,2024-10-04,1.0,0.2511,0.1359,0.2164,-0.0348,0.3722
7,2024-10-04,0.9736,0.318,0.1614,0.3145,0.0122,0.5397
8,2024-10-04,1.0,0.4179,0.1939,0.3457,-0.0508,0.3518
9,2024-10-04,0.9915,0.3849,0.2003,0.3194,-0.0616,0.3589
10,2024-10-04,1.0,0.3243,0.1672,0.2746,-0.0498,0.3532
11,2024-10-04,1.0,0.2301,0.1178,0.2603,0.0363,0.6351
12,2024-10-04,0.9836,0.257,0.1114,0.248,0.004,0.5122
13,2024-10-04,1.0,0.3725,0.1791,0.2852,-0.0495,0.2865
14,2024-10-04,0.9978,0.3036,0.1569,0.3673,0.0801,0.7244
15,2024-10-04,1.0,0.3208,0.1614,0.3091,-0.0011,0.497
16,2024-10-04,1.0,0.2793,0.168,0.1812,-0.1057,0.182
17,2024-10-04,1.0,0.3656,0.1529,0.35,0.0402,0.6398
18,2024-10-04,1.0,0.3007,0.1349,0.353,0.0622,0.6356
19,2024-10-04,1.0,0.2737,0.1291,0.2534,-0.0824,0.2705
20,2024-10-04,1.0,0.2659,0.1562,0.1174,-0.1496,0.1552
21,2024-10-04,1.0,0.303,0.1587,0.2924,-0.0281,0.4255
22,2024-10-04,1.0,0.5342,0.2889,0.3701,-0.1944,0.1953
23,2024-10-04,1.0,0.349,0.176,0.2935,-0.0618,0.3248
24,2024-10-04,1.0,0.2753,0.1387,0.1266,-0.1204,0.239
25,2024-10-04,0.9249,0.5443,0.3039,0.2916,-0.2468,0.0259
1,2024-10-07,1.0,0.2624,0.132,0.2095,-0.0574,0.3644
2,2024-10-07,1.0,0.4954,0.2336,0.3612,-0.1562,0.2548
3,2024-10-07,1.0,0.2765,0.1419,0.3096,0.0443,0.6186
4,2024-10-07,1.0,0.3496,0.1789,0.2844,-0.0524,0.3825
5,2024-10-07,1.0,0.2384,0.097,0.2097,-0.0474,0.3909
6,2024-10-07,1.0,0.289,0.1594,0.2196,-0.0711,0.3038
7,2024-10-07,0.9675,0.3548,0.1833,0.3256,-0.0094,0.4764
8,2024-10-07,1.0,0.479,0.2287,0.3487,-0.1415,0.2405
9,2024-10-07,1.0,0.4173,0.2164,0.3186,-0.1043,0.3048
10,2024-10-07,1.0,0.3692,0.1885,0.2674,-0.1091,0.2613
11,2024-10-07,1.0,0.2527,0.1335,0.2569,0.0114,0.5401
12,2024-10-07,0.9991,0.3582,0.1663,0.3177,-0.0763,0.3615
13,2024-10-07,1.0,0.4175,0.1989,0.2919,-0.0956,0.2054
14,2024-10-07,1.0,0.3307,0.1761,0.3525,0.0573,0.6314
15,2024-10-07,1.0,0.3607,0.1829,0.3204,-0.0295,0.4195
16,2024-10-07,1.0,0.3397,0.2058,0.1831,-0.1625,0.1457
17,2024-10-07,1.0,0.3955,0.1682,0.3337,-0.0255,0.4248
18,2024-10-07,1.0,0.3208,0.1464,0.3254,-0.0065,0.4907
19,2024-10-07,1.0,0.3153,0.1558,0.2342,-0.1279,0.2117
20,2024-10-07,1.0,0.318,0.1989,0.1085,-0.2138,0.1293
21,2024-10-07,1.0,0.3255,0.1727,0.296,-0.0691,0.3629
22,2024-10-07,1.0,0.6707,0.3833,0.386,-0.434,0.1397
23,2024-10-07,1.0,0.4149,0.2177,0.2897,-0.1521,0.2043
24,2024-10-07,1.0,0.3265,0.1803,0.083,-0.2053,0.1867
25,2024-10-07,1.0,0.6984,0.3995,0.3206,-0.4297,0.0109
1,2024-10-09,1.0,0.2338,0.1188,0.1853,-0.0566,0.339
2,2024-10-09,1.0,0.4226,0.2072,0.3307,-0.0855,0.3112
3,2024-10-09,1.0,0.2526,0.132,0.2901,0.0467,0.6452
4,2024-10-09,1.0,0.3178,0.169,0.2417,-0.0527,0.3423
5,2024-10-09,0.9984,0.2199,0.093,0.1924,-0.0305,0.4182
6,2024-10-09,0.9981,0.2583,0.1442,0.1924,-0.0713,0.2592
7,2024-10-09,0.9924,0.3197,0.1647,0.2867,-0.0225,0.4367
8,2024-10-09,1.0,0.4196,0.2051,0.3146,-0.0866,0.2771
9,2024-10-09,1.0,0.385,0.2054,0.292,-0.0944,0.2911
10,2024-10-09,1.0,0.3338,0.1766,0.2405,-0.0981,0.2441
11,2024-10-09,1.0,0.2315,0.126,0.2359,0.008,0.5319
12,2024-10-09,0.9914,0.3211,0.1512,0.2818,-0.0636,0.3611
13,2024-10-09,1.0,0.3797,0.1884,0.2555,-0.0927,0.1539
14,2024-10-09,0.9962,0.3009,0.1615,0.3184,0.0398,0.6005
15,2024-10-09,1.0,0.324,0.1691,0.2795,-0.0343,0.3863
16,2024-10-09,1.0,0.298,0.1853,0.1596,-0.1546,0.1196
17,2024-10-09,1.0,0.3583,0.1619,0.3114,-0.0007,0.4978
18,2024-10-09,1.0,0.2995,0.1381,0.3058,0.0035,0.5098
19,2024-10-09,1.0,0.2963,0.1471,0.222,-0.1163,0.2093
20,2024-10-09,1.0,0.2834,0.1745,0.0974,-0.1949,0.1041
21,2024-10-09,0.9973,0.3022,0.1578,0.2738,-0.0475,0.3888
22,2024-10-09,1.0,0.5307,0.3057,0.3668,-0.225,0.1921
23,2024-10-09,1.0,0.3659,0.1896,0.2667,-0.1192,0.2068
24,2024-10-09,1.0,0.2853,0.1617,0.0817,-0.1705,0.1742
25,2024-10-09,1.0,0.5888,0.3313,0.2711,-0.3307,0.0185
1,2024-10-12,1.0,0.2227,0.1131,0.1991,-0.0117,0.4723
2,2024-10-12,1.0,0.4078,0.1873,0.3655,-0.0042,0.4887
3,2024-10-12,1.0,0.2607,0.1341,0.2958,0.0538,0.6809
4,2024-10-12,1.0,0.3047,0.1538,0.2396,-0.0144,0.4701
5,2024-10-12,0.9997,0.1876,0.0678,0.1764,-0.0076,0.4841
6,2024-10-12,1.0,0.2609,0.1468,0.1871,-0.0557,0.3154
7,2024-10-12,1.0,0.3051,0.1441,0.3067,0.0655,0.6436
8,2024-10-12,1.0,0.3823,0.1795,0.3432,0.0004,0.5004
9,2024-10-12,0.9984,0.3751,0.198,0.2984,-0.042,0.4154
10,2024-10-12,0.9865,0.3296,0.171,0.2417,-0.0584,0.3472
11,2024-10-12,1.0,0.233,0.1208,0.2409,0.027,0.6045
12,2024-10-12,1.0,0.3127,0.1377,0.3002,0.02,0.5504
13,2024-10-12,1.0,0.3585,0.174,0.2618,-0.0361,0.3718
14,2024-10-12,1.0,0.3085,0.1582,0.32,0.0643,0.6717
15,2024-10-12,1.0,0.3172,0.1669,0.2809,-0.0078,0.471
16,2024-10-12,1.0,0.2986,0.1823,0.1556,-0.1228,0.2121
17,2024-10-12,1.0,0.3418,0.1519,0.319,0.0345,0.6279
18,2024-10-12,1.0,0.3117,0.1498,0.3141,0.014,0.5355
19,2024-10-12,1.0,0.2757,0.1299,0.2309,-0.0485,0.3239
20,2024-10-12,1.0,0.281,0.1734,0.0886,-0.1792,0.1519
21,2024-10-12,1.0,0.289,0.148,0.258,0.0079,0.5231
22,2024-10-12,1.0,0.4908,0.2655,0.388,-0.0468,0.4444
23,2024-10-12,1.0,0.3612,0.1856,0.282,-0.0798,0.2832
24,2024-10-12,1.0,0.2708,0.1517,0.0824,-0.1512,0.2277
25,2024-10-12,1.0,0.5636,0.3167,0.3275,-0.2063,0.1376
1,2024-10-14,1.0,0.2139,0.0985,0.218,0.0323,0.5573
2,2024-10-14,1.0,0.4169,0.1912,0.3642,-0.0254,0.4436
3,2024-10-14,1.0,0.2551,0.1312,0.3073,0.0634,0.7008
4,2024-10-14,0.9976,0.3117,0.1597,0.2528,-0.0297,0.4268
5,2024-10-14,1.0,0.2101,0.0801,0.201,-0.011,0.474
6,2024-10-14,1.0,0.2536,0.1407,0.2111,-0.0389,0.3818
7,2024-10-14,1.0,0.3006,0.139,0.3185,0.065,0.6482
8,2024-10-14,1.0,0.4003,0.1895,0.3506,-0.0157,0.4662
9,2024-10-14,1.0,0.3764,0.1942,0.3098,-0.0456,0.4022
10,2024-10-14,1.0,0.3283,0.1703,0.255,-0.0619,0.3477
11,2024-10-14,1.0,0.2165,0.1031,0.2657,0.0627,0.7144
12,2024-10-14,0.9993,0.31,0.1382,0.3044,0.009,0.5225
13,2024-10-14,1.0,0.371,0.1816,0.2695,-0.0513,0.3177
14,2024-10-14,1.0,0.2947,0.1474,0.3393,0.0899,0.7188
15,2024-10-14,1.0,0.3116,0.1605,0.3051,0.0176,0.5531
16,2024-10-14,1.0,0.2852,0.1683,0.1762,-0.0955,0.2679
17,2024-10-14,1.0,0.3494,0.157,0.3341,0.0321,0.626
18,2024-10-14,1.0,0.3061,0.1478,0.3269,0.0174,0.5433
19,2024-10-14,1.0,0.2759,0.1335,0.234,-0.0712,0.2654
20,2024-10-14,1.0,0.2778,0.1701,0.1057,-0.1738,0.1771
21,2024-10-14,1.0,0.2903,0.1414,0.275,0.0472,0.6251
22,2024-10-14,0.9963,0.4978,0.2597,0.3905,-0.0865,0.3865
23,2024-10-14,1.0,0.3571,0.1844,0.2868,-0.0837,0.2812
24,2024-10-14,1.0,0.2722,0.1511,0.0844,-0.1617,0.2049
25,2024-10-14,1.0,0.5607,0.3088,0.3405,-0.1906,0.1806
1,2024-10-17,0.9986,0.2048,0.1042,0.2292,0.018,0.5426
2,2024-10-17,0.9986,0.4121,0.1978,0.3739,-0.0328,0.4173
3,2024-10-17,0.6834,0.2393,0.1302,0.3467,0.1229,0.7808
4,2024-10-17,1.0,0.3013,0.1615,0.2753,-0.015,0.4585
5,2024-10-17,1.0,0.1873,0.0774,0.2179,-0.0053,0.4884
6,2024-10-17,0.4181,0.2445,0.153,0.2235,-0.0331,0.3976
7,2024-10-17,0.9457,0.3026,0.1542,0.3534,0.0627,0.653
8,2024-10-17,1.0,0.3928,0.1923,0.3657,-0.0314,0.4217
9,2024-10-17,1.0,0.3714,0.198,0.3424,-0.047,0.409
10,2024-10-17,1.0,0.3154,0.1698,0.2919,-0.0334,0.4211
11,2024-10-17,0.235,0.1644,0.0805,0.2839,0.1252,0.8965
12,2024-10-17,1.0,0.2971,0.1377,0.3262,0.0056,0.51
13,2024-10-17,1.0,0.3521,0.1759,0.3075,-0.0302,0.3853
14,2024-10-17,1.0,0.2965,0.16,0.3756,0.1065,0.7411
15,2024-10-17,1.0,0.3035,0.1637,0.3237,0.0171,0.5516
16,2024-10-17,0.6711,0.2605,0.1684,0.1631,-0.082,0.3093
17,2024-10-17,0.9875,0.3222,0.1433,0.3588,0.0575,0.7056
18,2024-10-17,1.0,0.2925,0.1383,0.3751,0.0715,0.6566
19,2024-10-17,1.0,0.2614,0.1353,0.2819,-0.0392,0.394
20,2024-10-17,1.0,0.2594,0.1706,0.1209,-0.1528,0.1885
21,2024-10-17,1.0,0.2879,0.149,0.3014,0.011,0.5195
22,2024-10-17,1.0,0.5053,0.2798,0.3918,-0.1535,0.2771
23,2024-10-17,1.0,0.3587,0.1971,0.3319,-0.0536,0.3792
24,2024-10-17,1.0,0.2642,0.1478,0.1358,-0.1217,0.2527
25,2024-10-17,1.0,0.5375,0.313,0.36,-0.1521,0.2193
1,2024-10-19,0.9777,0.2109,0.1138,0.2114,-0.0036,0.4879
2,2024-10-19,0.2174,0.3317,0.1621,0.3686,0.0408,0.5953
4,2024-10-19,0.7049,0.321,0.1744,0.3228,0.0027,0.5083
5,2024-10-19,0.8072,0.0273,0.0181,0.1274,-0.0043,0.492
6,2024-10-19,0.0568,-0.018,-0.0052,-0.0452,-0.0137,0.4896
7,2024-10-19,0.5593,0.2112,0.1247,0.259,0.0758,0.8342
8,2024-10-19,0.3187,0.3961,0.1941,0.377,-0.0069,0.487
9,2024-10-19,0.7715,0.2794,0.1598,0.2598,-0.0167,0.4267
10,2024-10-19,0.4553,0.224,0.1308,0.2298,0.0177,0.5743
11,2024-10-19,0.014,0.1665,0.1092,0.1841,0.0303,0.6835
12,2024-10-19,0.6321,0.2558,0.1269,0.2855,0.0166,0.5542
13,2024-10-19,0.9894,0.3196,0.1719,0.2841,-0.0231,0.387
14,2024-10-19,0.0098,0.3239,0.1542,0.2859,0.048,0.9512
15,2024-10-19,0.8734,0.2486,0.1475,0.2686,0.0261,0.604
17,2024-10-19,0.4813,0.3099,0.1564,0.3815,0.1076,0.8325
18,2024-10-19,1.0,0.2604,0.1309,0.3222,0.0766,0.6901
21,2024-10-19,1.0,0.3038,0.1698,0.3235,-0.013,0.4774
22,2024-10-19,0.015,0.2951,0.1124,0.4247,0.1479,0.9062
24,2024-10-19,0.2954,0.304,0.1378,0.3033,0.0322,0.6089
25,2024-10-19,0.432,0.5198,0.3104,0.3,-0.2151,0.034
1,2024-10-22,1.0,0.2392,0.1232,0.2063,-0.0345,0.3963
2,2024-10-22,1.0,0.4251,0.2136,0.3607,-0.0477,0.3771
3,2024-10-22,1.0,0.2538,0.1319,0.3045,0.0629,0.7129
4,2024-10-22,1.0,0.3167,0.1679,0.2802,-0.0112,0.4663
5,2024-10-22,1.0,0.2115,0.09,0.2091,-0.0091,0.4788
6,2024-10-22,1.0,0.262,0.1477,0.2086,-0.0482,0.3245
7,2024-10-22,1.0,0.3211,0.1727,0.3167,0.0258,0.5823
8,2024-10-22,1.0,0.4061,0.202,0.3477,-0.0404,0.3784
9,2024-10-22,1.0,0.3937,0.211,0.3164,-0.0753,0.3363
10,2024-10-22,1.0,0.3307,0.1764,0.2575,-0.0675,0.2928
11,2024-10-22,1.0,0.2348,0.1239,0.2527,0.0235,0.6076
12,2024-10-22,0.9998,0.3224,0.155,0.3113,-0.028,0.4301
13,2024-10-22,1.0,0.3647,0.1852,0.2918,-0.0348,0.3456
14,2024-10-22,1.0,0.3139,0.1706,0.3398,0.0664,0.7137
15,2024-10-22,1.0,0.3261,0.1754,0.3064,-0.01,0.4659
16,2024-10-22,1.0,0.2997,0.1846,0.1754,-0.1191,0.1812
17,2024-10-22,1.0,0.3372,0.1529,0.3259,0.0291,0.626
18,2024-10-22,1.0,0.3149,0.1512,0.3288,0.0201,0.5518
19,2024-10-22,1.0,0.2824,0.1352,0.2467,-0.0727,0.2761
20,2024-10-22,1.0,0.2745,0.1711,0.1127,-0.1572,0.1588
21,2024-10-22,1.0,0.2859,0.1604,0.2774,0.0113,0.5634
22,2024-10-22,1.0,0.5023,0.2947,0.3824,-0.1385,0.2556
23,2024-10-22,1.0,0.3682,0.1941,0.3016,-0.0817,0.2773
24,2024-10-22,1.0,0.2848,0.1541,0.115,-0.1314,0.2123
25,2024-10-22,1.0,0.5687,0.3358,0.3158,-0.2426,0.0375
1,2024-10-24,1.0,0.2249,0.1223,0.2124,-0.0308,0.4215
2,2024-10-24,0.9915,0.4128,0.2012,0.369,-0.0349,0.4267
3,2024-10-24,1.0,0.2482,0.1378,0.3073,0.0585,0.674
4,2024-10-24,1.0,0.3081,0.1665,0.2625,-0.0251,0.4359
5,2024-10-24,1.0,0.1973,0.0818,0.2063,-0.0156,0.4683
6,2024-10-24,1.0,0.2532,0.15,0.2065,-0.0577,0.3036
7,2024-10-24,1.0,0.3161,0.1728,0.3175,0.0225,0.5558
8,2024-10-24,1.0,0.4031,0.199,0.3527,-0.0266,0.4338
9,2024-10-24,0.9971,0.3845,0.2146,0.3111,-0.0757,0.3284
10,2024-10-24,1.0,0.3266,0.1827,0.2568,-0.0765,0.3016
11,2024-10-24,1.0,0.2276,0.1303,0.2527,0.0189,0.5721
12,2024-10-24,1.0,0.3135,0.1537,0.3022,-0.0308,0.4181
13,2024-10-24,1.0,0.3695,0.191,0.2795,-0.0555,0.297
14,2024-10-24,1.0,0.3031,0.1713,0.3264,0.0508,0.6357
15,2024-10-24,1.0,0.3162,0.1802,0.3021,-0.0149,0.4479
16,2024-10-24,1.0,0.2895,0.1869,0.1718,-0.1337,0.1528
17,2024-10-24,1.0,0.3379,0.1593,0.3322,0.0265,0.5852
18,2024-10-24,1.0,0.3052,0.1547,0.3263,0.0084,0.5195
19,2024-10-24,1.0,0.2807,0.1438,0.241,-0.0778,0.2755
20,2024-10-24,1.0,0.2696,0.1749,0.1143,-0.1743,0.1306
21,2024-10-24,0.9778,0.2998,0.1694,0.2849,-0.0056,0.4855
22,2024-10-24,1.0,0.5161,0.2884,0.3999,-0.1414,0.3243
23,2024-10-24,1.0,0.371,0.2068,0.2958,-0.1062,0.2523
24,2024-10-24,1.0,0.2789,0.1597,0.0972,-0.154,0.2077
25,2024-10-24,1.0,0.6062,0.3544,0.3109,-0.3058,0.0582
1,2024-10-27,0.9816,0.1538,0.0227,0.263,0.222,0.7266
2,2024-10-27,1.0,0.3944,0.1669,0.3971,0.02,0.5342
3,2024-10-27,1.0,0.2267,0.1131,0.3164,0.0925,0.7703
4,2024-10-27,0.8946,0.273,0.1245,0.2901,0.0565,0.5774
5,2024-10-27,1.0,0.1255,0.0126,0.1961,0.0208,0.537
6,2024-10-27,0.6276,0.1937,0.0745,0.2702,0.1294,0.6758
7,2024-10-27,0.6649,0.2541,0.0973,0.3726,0.206,0.8338
8,2024-10-27,1.0,0.3612,0.1698,0.3683,0.0269,0.5524
9,2024-10-27,0.7222,0.3063,0.1442,0.3082,0.0301,0.5687
10,2024-10-27,0.7184,0.2599,0.1277,0.268,0.0168,0.55
11,2024-10-27,0.9363,0.1856,0.0708,0.3278,0.1789,0.9077
12,2024-10-27,0.6461,0.2329,0.0861,0.2599,0.0408,0.5982
13,2024-10-27,0.4469,0.3035,0.1404,0.3208,0.0709,0.7204
14,2024-10-27,0.4906,0.2124,0.1061,0.3675,0.1829,0.8904
15,2024-10-27,0.4217,0.1814,0.0468,0.387,0.2595,0.8807
16,2024-10-27,1.0,0.244,0.1281,0.2527,0.0396,0.5879
17,2024-10-27,1.0,0.3113,0.1383,0.3328,0.0569,0.6979
18,2024-10-27,0.9986,0.2928,0.1384,0.2966,0.0006,0.5008
19,2024-10-27,0.8412,0.2517,0.1215,0.2324,-0.0314,0.3837
20,2024-10-27,0.3224,0.2188,0.1091,0.2107,0.0424,0.5756
21,2024-10-27,1.0,0.2189,0.0931,0.2731,0.1123,0.7675
22,2024-10-27,1.0,0.4832,0.2521,0.4036,-0.0296,0.4603
23,2024-10-27,0.269,0.2345,0.1141,0.2391,0.0167,0.5428
24,2024-10-27,0.1605,0.1966,0.1165,-0.0439,-0.2812,0.0355
25,2024-10-27,1.0,0.5223,0.2916,0.36,-0.1158,0.2612
1,2024-10-29,1.0,0.1988,0.0912,0.2253,0.063,0.6113
2,2024-10-29,1.0,0.3976,0.1868,0.3738,0.003,0.5064
3,2024-10-29,1.0,0.2416,0.1273,0.3073,0.0685,0.7157
4,2024-10-29,0.9968,0.292,0.1514,0.265,0.0072,0.5194
5,2024-10-29,0.9985,0.1744,0.0665,0.1877,0.014,0.5271
6,2024-10-29,1.0,0.2353,0.1348,0.2136,-0.0187,0.4364
7,2024-10-29,1.0,0.2848,0.1377,0.3258,0.0884,0.7108
8,2024-10-29,1.0,0.374,0.1827,0.3553,0.0102,0.5255
9,2024-10-29,0.9966,0.3602,0.1949,0.32,-0.0239,0.4479
10,2024-10-29,1.0,0.3029,0.1589,0.2573,-0.0324,0.4107
11,2024-10-29,1.0,0.2066,0.1029,0.2731,0.0806,0.7827
12,2024-10-29,1.0,0.2909,0.1334,0.3091,0.0367,0.596
13,2024-10-29,1.0,0.3405,0.1742,0.2752,-0.033,0.3808
14,2024-10-29,1.0,0.2921,0.1535,0.3622,0.1142,0.7877
15,2024-10-29,1.0,0.2842,0.1527,0.3025,0.0418,0.6339
16,2024-10-29,1.0,0.2712,0.1601,0.1988,-0.0585,0.3497
17,2024-10-29,0.9875,0.3204,0.1464,0.339,0.0666,0.7474
18,2024-10-29,1.0,0.2963,0.1481,0.3174,0.0166,0.5388
19,2024-10-29,1.0,0.249,0.1246,0.2135,-0.0711,0.2426
20,2024-10-29,1.0,0.2604,0.1609,0.1176,-0.1416,0.2079
21,2024-10-29,1.0,0.2801,0.1407,0.2788,0.0657,0.6726
22,2024-10-29,1.0,0.48,0.2626,0.3947,-0.0464,0.4388
23,2024-10-29,1.0,0.3328,0.1797,0.2728,-0.0792,0.2847
24,2024-10-29,1.0,0.2468,0.1368,0.0919,-0.1317,0.2373
25,2024-10-29,1.0,0.5019,0.2891,0.3236,-0.1497,0.1861
1,2024-11-01,1.0,0.228,0.1129,0.2296,0.0221,0.5406
2,2024-11-01,0.9959,0.4556,0.2214,0.3947,-0.0507,0.3982
3,2024-11-01,1.0,0.2645,0.141,0.3218,0.0649,0.6918
4,2024-11-01,1.0,0.3361,0.1821,0.2802,-0.0263,0.4307
5,2024-11-01,0.9814,0.1667,0.0718,0.1968,-0.0148,0.472
6,2024-11-01,1.0,0.2665,0.155,0.2183,-0.0435,0.3594
7,2024-11-01,1.0,0.338,0.1706,0.3524,0.0592,0.628
8,2024-11-01,1.0,0.4369,0.2154,0.3869,-0.0405,0.4138
9,2024-11-01,0.9994,0.4115,0.2239,0.3322,-0.071,0.3733
10,2024-11-01,1.0,0.3432,0.1835,0.2715,-0.0646,0.3519
11,2024-11-01,1.0,0.2365,0.1233,0.2763,0.0573,0.6915
12,2024-11-01,1.0,0.3306,0.1567,0.3343,-0.0133,0.4725
13,2024-11-01,1.0,0.3856,0.1973,0.2978,-0.0538,0.3135
14,2024-11-01,1.0,0.3264,0.1734,0.3707,0.0961,0.7238
15,2024-11-01,1.0,0.3333,0.1804,0.3254,0.0091,0.5256
16,2024-11-01,1.0,0.3138,0.1894,0.2009,-0.097,0.2846
17,2024-11-01,0.9967,0.3574,0.1654,0.3641,0.0428,0.6394
18,2024-11-01,1.0,0.3249,0.1631,0.3429,0.0151,0.53
19,2024-11-01,1.0,0.2673,0.1351,0.2339,-0.0636,0.2758
20,2024-11-01,1.0,0.2888,0.1817,0.1183,-0.1689,0.1908
21,2024-11-01,1.0,0.3064,0.1581,0.2925,0.0389,0.5892
22,2024-11-01,1.0,0.5825,0.3314,0.4218,-0.2202,0.2785
23,2024-11-01,1.0,0.3653,0.1933,0.3005,-0.0817,0.2822
24,2024-11-01,1.0,0.2913,0.1699,0.0998,-0.159,0.2242
25,2024-11-01,1.0,0.6413,0.3535,0.3721,-0.2621,0.1491
1,2024-11-03,0.9999,0.2338,0.1225,0.2298,0.0021,0.5043
2,2024-11-03,0.9948,0.432,0.2111,0.3979,0.0082,0.5217
3,2024-11-03,1.0,0.2659,0.1437,0.3174,0.0632,0.7057
4,2024-11-03,0.9964,0.3176,0.172,0.2926,0.007,0.5183
5,2024-11-03,0.9991,0.1747,0.074,0.2146,0.0106,0.5221
6,2024-11-03,1.0,0.2619,0.1532,0.226,-0.032,0.3847
7,2024-11-03,0.984,0.326,0.1786,0.3418,0.0407,0.6193
8,2024-11-03,1.0,0.4143,0.2066,0.3921,0.0091,0.5257
9,2024-11-03,1.0,0.3899,0.218,0.3287,-0.0488,0.3877
10,2024-11-03,1.0,0.3179,0.1754,0.2657,-0.052,0.3409
11,2024-11-03,1.0,0.2404,0.132,0.269,0.0401,0.6638
12,2024-11-03,1.0,0.3138,0.1551,0.3269,-0.0081,0.482
13,2024-11-03,1.0,0.3554,0.1865,0.3013,-0.0179,0.411
14,2024-11-03,1.0,0.3239,0.1782,0.3605,0.0827,0.737
15,2024-11-03,1.0,0.3239,0.1795,0.3255,0.0162,0.5456
16,2024-11-03,1.0,0.297,0.1874,0.1939,-0.0961,0.2413
17,2024-11-03,1.0,0.3405,0.157,0.3616,0.0709,0.7655
18,2024-11-03,1.0,0.3156,0.155,0.3414,0.0292,0.5817
19,2024-11-03,1.0,0.2659,0.1389,0.246,-0.0595,0.2942
20,2024-11-03,1.0,0.2783,0.1761,0.1293,-0.1441,0.1876
21,2024-11-03,1.0,0.3159,0.1726,0.2929,-0.0018,0.4925
22,2024-11-03,1.0,0.5266,0.2998,0.4166,-0.1023,0.3425
23,2024-11-03,1.0,0.3576,0.1971,0.3035,-0.0628,0.318
24,2024-11-03,1.0,0.2596,0.148,0.1191,-0.1188,0.2533
25,2024-11-03,1.0,0.5521,0.3321,0.3435,-0.1813,0.1404
1,2024-11-06,1.0,0.2439,0.1286,0.2294,-0.0171,0.458
2,2024-11-06,0.9978,0.4345,0.2154,0.3942,-0.0181,0.4535
3,2024-11-06,1.0,0.276,0.1539,0.3201,0.0602,0.683
4,2024-11-06,1.0,0.3286,0.1789,0.2853,-0.0147,0.4613
5,2024-11-06,0.9785,0.1561,0.0653,0.1995,-0.0088,0.4845
6,2024-11-06,1.0,0.2723,0.1617,0.2193,-0.0477,0.3412
7,2024-11-06,1.0,0.341,0.1906,0.3431,0.033,0.5853
8,2024-11-06,0.9996,0.4215,0.2108,0.3876,-0.0161,0.4568
9,2024-11-06,0.9971,0.4079,0.2263,0.3386,-0.0643,0.3638
10,2024-11-06,1.0,0.3395,0.1874,0.2703,-0.0807,0.3009
11,2024-11-06,1.0,0.2515,0.146,0.266,0.0218,0.5804
12,2024-11-06,1.0,0.3248,0.1575,0.3327,-0.0174,0.4641
13,2024-11-06,1.0,0.3759,0.1918,0.3053,-0.0386,0.3532
14,2024-11-06,1.0,0.3316,0.1906,0.3493,0.0596,0.6597
15,2024-11-06,1.0,0.3351,0.1876,0.3209,-0.0012,0.4927
16,2024-11-06,1.0,0.314,0.2058,0.1866,-0.1252,0.2035
17,2024-11-06,1.0,0.3404,0.1571,0.3561,0.0489,0.6854
18,2024-11-06,1.0,0.3235,0.1584,0.3604,0.0381,0.5905
19,2024-11-06,1.0,0.283,0.1501,0.256,-0.0645,0.2942
20,2024-11-06,1.0,0.2904,0.1872,0.127,-0.1636,0.182
21,2024-11-06,1.0,0.3212,0.1738,0.2935,-0.0058,0.4809
22,2024-11-06,1.0,0.5442,0.3143,0.4275,-0.1285,0.3121
23,2024-11-06,1.0,0.3755,0.2066,0.3167,-0.0694,0.3258
24,2024-11-06,1.0,0.2848,0.1641,0.1186,-0.1398,0.2294
25,2024-11-06,1.0,0.608,0.3632,0.3632,-0.2275,0.117
1,2024-11-08,0.9971,0.2442,0.1281,0.219,-0.0285,0.413
2,2024-11-08,1.0,0.4481,0.2283,0.4044,-0.0012,0.497
3,2024-11-08,1.0,0.2784,0.1511,0.321,0.0665,0.699
4,2024-11-08,1.0,0.3211,0.1765,0.2595,-0.0233,0.4374
5,2024-11-08,0.9985,0.1701,0.0744,0.2059,0.0003,0.5002
6,2024-11-08,1.0,0.2731,0.1589,0.2146,-0.0541,0.3066
7,2024-11-08,0.9923,0.3343,0.1847,0.3288,0.0188,0.5564
8,2024-11-08,1.0,0.4266,0.219,0.3978,0.0107,0.5305
9,2024-11-08,1.0,0.4062,0.2271,0.3264,-0.0739,0.3343
10,2024-11-08,0.8768,0.3205,0.1772,0.2615,-0.0703,0.3004
11,2024-11-08,1.0,0.2516,0.1406,0.27,0.0269,0.6029
12,2024-11-08,1.0,0.3321,0.1634,0.3265,-0.0279,0.4438
13,2024-11-08,0.8942,0.3484,0.1799,0.3015,-0.0153,0.419
14,2024-11-08,1.0,0.3287,0.1862,0.344,0.0494,0.6482
15,2024-11-08,0.9851,0.3324,0.182,0.3154,-0.0011,0.496
16,2024-11-08,1.0,0.3124,0.2011,0.1946,-0.113,0.2002
17,2024-11-08,1.0,0.3444,0.1629,0.3571,0.059,0.7421
18,2024-11-08,1.0,0.3249,0.1589,0.3531,0.0289,0.5731
19,2024-11-08,1.0,0.2751,0.1388,0.2613,-0.0481,0.3314
20,2024-11-08,1.0,0.2891,0.1816,0.1263,-0.1608,0.162
21,2024-11-08,1.0,0.316,0.1778,0.2837,-0.0083,0.4689
22,2024-11-08,1.0,0.5743,0.336,0.4323,-0.1533,0.2995
23,2024-11-08,1.0,0.3322,0.1821,0.3076,-0.0158,0.4194
24,2024-11-08,1.0,0.2694,0.1546,0.1258,-0.1154,0.2351
25,2024-11-08,1.0,0.564,0.3421,0.3352,-0.196,0.0822
1,2024-11-11,1.0,0.1979,0.0695,0.2792,0.1709,0.6762
2,2024-11-11,1.0,0.4093,0.1705,0.4321,0.0716,0.5993
3,2024-11-11,1.0,0.268,0.1386,0.326,0.0657,0.6889
4,2024-11-11,0.9966,0.2713,0.0833,0.4113,0.2695,0.6739
5,2024-11-11,1.0,0.0466,-0.0022,0.2157,0.0642,0.5775
6,2024-11-11,1.0,0.2524,0.1312,0.2498,0.0182,0.5357
7,2024-11-11,1.0,0.289,0.1097,0.4302,0.2163,0.8206
8,2024-11-11,1.0,0.3862,0.1798,0.4155,0.0796,0.6313
9,2024-11-11,0.9879,0.4065,0.2199,0.3568,-0.0244,0.4566
10,2024-11-11,1.0,0.3342,0.1686,0.2934,-0.0267,0.4502
11,2024-11-11,1.0,0.2144,0.0934,0.3312,0.1412,0.8374
12,2024-11-11,1.0,0.2955,0.1167,0.3772,0.053,0.5919
13,2024-11-11,1.0,0.3408,0.1493,0.3437,0.0993,0.6652
14,2024-11-11,1.0,0.2906,0.1319,0.4719,0.1927,0.8696
15,2024-11-11,1.0,0.3134,0.1513,0.4001,0.1286,0.7117
16,2024-11-11,1.0,0.3177,0.1843,0.232,-0.0526,0.3865
17,2024-11-11,0.9992,0.3438,0.1555,0.3588,0.071,0.718
18,2024-11-11,1.0,0.3276,0.1644,0.3159,-0.0179,0.4678
19,2024-11-11,1.0,0.2767,0.1297,0.234,-0.0534,0.3287
20,2024-11-11,1.0,0.2894,0.1671,0.1372,-0.1135,0.345
21,2024-11-11,0.9831,0.2817,0.1358,0.3444,0.119,0.7793
22,2024-11-11,1.0,0.5411,0.3006,0.4253,-0.0762,0.4206
23,2024-11-11,1.0,0.3825,0.1955,0.3063,-0.0868,0.319
24,2024-11-11,1.0,0.2733,0.1591,0.0753,-0.1802,0.2823
25,2024-11-11,1.0,0.6306,0.3416,0.3943,-0.192,0.2035
1,2024-11-13,0.7334,0.0333,-0.0731,0.3832,0.4453,0.8269
2,2024-11-13,1.0,0.4019,0.1732,0.4349,0.0793,0.6252
3,2024-11-13,1.0,0.1497,0.0139,0.5082,0.4562,0.896
4,2024-11-13,1.0,0.2674,0.0968,0.3944,0.2444,0.6876
5,2024-11-13,0.9059,0.0359,-0.0003,0.1386,0.0539,0.5742
6,2024-11-13,0.9938,0.1183,-0.0435,0.4045,0.4685,0.8012
7,2024-11-13,1.0,0.187,0.0177,0.4547,0.3942,0.9585
8,2024-11-13,1.0,0.3709,0.1806,0.4208,0.1036,0.6818
9,2024-11-13,0.7281,0.4286,0.2379,0.4103,0.0148,0.5345
10,2024-11-13,1.0,0.2588,0.0955,0.3835,0.1692,0.6879
11,2024-11-13,1.0,-0.0591,-0.2007,0.528,0.6615,0.9986
12,2024-11-13,1.0,0.2216,0.0714,0.384,0.1453,0.7355
13,2024-11-13,1.0,0.3236,0.1475,0.3383,0.1045,0.6998
14,2024-11-13,1.0,0.1359,-0.013,0.5093,0.5037,0.9897
15,2024-11-13,0.8965,0.1762,0.0096,0.4615,0.4034,0.9345
16,2024-11-13,1.0,0.0348,-0.0985,0.4695,0.5469,0.9995
17,2024-11-13,0.9938,0.3371,0.1603,0.3658,0.0856,0.7908
18,2024-11-13,1.0,0.303,0.1528,0.3098,-0.002,0.4949
19,2024-11-13,1.0,0.2338,0.1182,0.2428,0.0032,0.5134
20,2024-11-13,1.0,0.0992,-0.0461,0.3753,0.4277,0.8707
21,2024-11-13,1.0,0.1789,0.0441,0.459,0.3163,0.937
22,2024-11-13,1.0,0.5054,0.2857,0.4214,-0.0316,0.4528
23,2024-11-13,1.0,0.2908,0.1337,0.3737,0.066,0.5728
24,2024-11-13,1.0,0.2386,0.142,0.0902,-0.155,0.3256
25,2024-11-13,1.0,0.512,0.2955,0.3904,-0.0221,0.4461
1,2024-11-16,1.0,0.0206,-0.1121,0.3808,0.4836,0.8645
2,2024-11-16,1.0,0.4163,0.1724,0.4462,0.0938,0.6597
3,2024-11-16,1.0,0.1748,0.0126,0.5335,0.4754,0.9374
4,2024-11-16,1.0,0.2834,0.1084,0.3964,0.2112,0.7094
5,2024-11-16,0.9679,0.0415,-0.002,0.2335,0.0921,0.6197
6,2024-11-16,1.0,0.156,-0.0241,0.4025,0.4441,0.8072
7,2024-11-16,0.9893,0.2012,0.0143,0.479,0.4146,0.951
8,2024-11-16,1.0,0.3818,0.1781,0.428,0.0889,0.6822
9,2024-11-16,0.9945,0.3714,0.182,0.4235,0.0742,0.6314
10,2024-11-16,1.0,0.2648,0.0904,0.3992,0.1642,0.6911
11,2024-11-16,1.0,-0.0403,-0.1897,0.5739,0.6906,0.9885
12,2024-11-16,1.0,0.2348,0.0632,0.4073,0.1487,0.7208
13,2024-11-16,1.0,0.3419,0.1524,0.3501,0.084,0.6859
14,2024-11-16,0.9753,0.1521,-0.0045,0.5324,0.5372,0.9672
15,2024-11-16,0.8934,0.1247,-0.0536,0.4693,0.4802,0.9448
16,2024-11-16,1.0,0.0286,-0.1254,0.4921,0.5875,0.9777
17,2024-11-16,0.9267,0.3354,0.1489,0.3923,0.1129,0.8635
18,2024-11-16,1.0,0.3204,0.1525,0.3712,0.0542,0.6171
19,2024-11-16,1.0,0.2478,0.1161,0.2639,0.0075,0.5252
20,2024-11-16,1.0,0.128,-0.0368,0.3854,0.4193,0.8295
21,2024-11-16,1.0,0.1887,0.0357,0.4742,0.3187,0.9406
22,2024-11-16,1.0,0.536,0.2826,0.4281,-0.0377,0.4589
23,2024-11-16,1.0,0.3293,0.1495,0.3961,0.0759,0.5894
24,2024-11-16,1.0,0.2744,0.1508,0.1334,-0.1086,0.3523
25,2024-11-16,1.0,0.5711,0.3215,0.3887,-0.1013,0.3036
1,2024-11-18,1.0,0.2282,0.1199,0.2497,0.0307,0.5687
2,2024-11-18,0.9935,0.4275,0.2213,0.415,0.0214,0.5486
3,2024-11-18,1.0,0.2665,0.1506,0.3499,0.0924,0.7643
4,2024-11-18,1.0,0.328,0.1847,0.3224,0.0221,0.5581
5,2024-11-18,0.9739,0.1396,0.0496,0.2107,0.0169,0.5295
6,2024-11-18,1.0,0.2632,0.157,0.2515,-0.0126,0.4605
7,2024-11-18,0.9823,0.3261,0.1788,0.3712,0.0717,0.6744
8,2024-11-18,1.0,0.4201,0.2226,0.4128,0.0231,0.5574
9,2024-11-18,0.9989,0.4031,0.2296,0.3526,-0.0479,0.3971
10,2024-11-18,1.0,0.3344,0.1929,0.2888,-0.0632,0.3369
11,2024-11-18,1.0,0.2392,0.1359,0.3029,0.0677,0.7268
12,2024-11-18,0.8232,0.342,0.1816,0.367,-0.0052,0.4871
13,2024-11-18,1.0,0.3747,0.2032,0.332,-0.005,0.4815
14,2024-11-18,1.0,0.3148,0.1788,0.3809,0.1012,0.763
15,2024-11-18,0.9998,0.3312,0.1891,0.3571,0.0299,0.5869
16,2024-11-18,1.0,0.307,0.202,0.2256,-0.077,0.2955
17,2024-11-18,1.0,0.3417,0.1688,0.3866,0.087,0.8203
18,2024-11-18,1.0,0.3146,0.1647,0.3593,0.0297,0.5767
19,2024-11-18,1.0,0.2699,0.1415,0.2742,-0.0384,0.367
20,2024-11-18,1.0,0.2808,0.1817,0.1496,-0.1294,0.2187
21,2024-11-18,1.0,0.3097,0.1708,0.3241,0.0447,0.626
22,2024-11-18,0.8308,0.555,0.3454,0.4336,-0.1354,0.3268
23,2024-11-18,1.0,0.3721,0.2133,0.3379,-0.0525,0.3533
24,2024-11-18,1.0,0.2846,0.1706,0.1414,-0.1032,0.2783
25,2024-11-18,0.9527,0.5735,0.356,0.3651,-0.2013,0.1536
1,2024-11-21,1.0,0.2903,0.1594,0.248,-0.0625,0.3694
2,2024-11-21,0.9951,0.523,0.2755,0.4233,-0.1161,0.3227
3,2024-11-21,1.0,0.3036,0.1684,0.3477,0.0605,0.6526
4,2024-11-21,1.0,0.3975,0.2239,0.3148,-0.0595,0.3763
5,2024-11-21,1.0,0.192,0.0798,0.2153,-0.0404,0.436
6,2024-11-21,1.0,0.3163,0.1887,0.2447,-0.0809,0.2923
7,2024-11-21,0.9995,0.4041,0.2347,0.3794,-0.0072,0.4861
8,2024-11-21,1.0,0.5204,0.2799,0.424,-0.1079,0.3085
9,2024-11-21,1.0,0.4779,0.2767,0.3636,-0.1405,0.2806
10,2024-11-21,1.0,0.422,0.2434,0.2912,-0.1654,0.1984
11,2024-11-21,1.0,0.2849,0.1636,0.2953,0.0136,0.5417
12,2024-11-21,1.0,0.3852,0.1941,0.3684,-0.0882,0.3794
13,2024-11-21,1.0,0.4627,0.2507,0.3385,-0.0947,0.2373
14,2024-11-21,1.0,0.3658,0.2161,0.3714,0.0388,0.5867
15,2024-11-21,1.0,0.3979,0.2252,0.3624,-0.0499,0.3882
16,2024-11-21,1.0,0.3837,0.2586,0.2134,-0.1862,0.1399
17,2024-11-21,1.0,0.4046,0.2016,0.3888,0.0043,0.5122
18,2024-11-21,1.0,0.3644,0.188,0.3731,-0.0076,0.4871
19,2024-11-21,1.0,0.3203,0.1638,0.2924,-0.0864,0.304
20,2024-11-21,1.0,0.3336,0.2139,0.1374,-0.2006,0.1702
21,2024-11-21,1.0,0.3688,0.2103,0.3198,-0.0496,0.4002
22,2024-11-21,1.0,0.6991,0.433,0.4647,-0.432,0.1986
23,2024-11-21,1.0,0.4562,0.2622,0.3603,-0.1437,0.2538
24,2024-11-21,1.0,0.3766,0.2349,0.1255,-0.2031,0.1964
25,2024-11-21,1.0,0.7959,0.4853,0.3976,-0.4966,0.0348
1,2024-11-23,0.5111,0.2063,0.1056,0.1881,0.0051,0.5113
2,2024-11-23,0.6983,0.3333,0.1275,0.4442,0.179,0.7837
3,2024-11-23,1.0,0.2699,0.1494,0.3682,0.1038,0.7913
4,2024-11-23,0.5001,0.2847,0.1517,0.2126,0.0417,0.5501
5,2024-11-23,0.4946,0.1693,0.0534,0.2804,0.0904,0.663
6,2024-11-23,0.8602,0.2588,0.1468,0.276,0.0179,0.5478
7,2024-11-23,0.9861,0.3002,0.1379,0.436,0.186,0.8375
8,2024-11-23,0.6461,0.3473,0.1652,0.4165,0.1115,0.7494
9,2024-11-23,0.267,0.2935,0.1492,0.302,-0.0772,0.3312
10,2024-11-23,0.8387,0.327,0.1789,0.3056,-0.0398,0.3987
11,2024-11-23,1.0,0.2326,0.1201,0.3339,0.1092,0.8074
12,2024-11-23,0.2902,0.1582,0.0357,0.2689,0.0552,0.6033
13,2024-11-23,0.6616,0.3381,0.1606,0.3346,0.0582,0.6729
14,2024-11-23,0.8787,0.2928,0.152,0.4689,0.194,0.9002
15,2024-11-23,0.3292,0.3189,0.1815,0.3719,0.0451,0.6213
16,2024-11-23,0.9937,0.311,0.1913,0.253,-0.0452,0.3749
17,2024-11-23,0.9848,0.3192,0.1507,0.3786,0.1224,0.906
18,2024-11-23,0.8413,0.3116,0.1574,0.3602,0.0632,0.673
19,2024-11-23,1.0,0.2662,0.1242,0.2799,-0.0101,0.467
20,2024-11-23,0.998,0.2746,0.1621,0.1741,-0.0803,0.3408
21,2024-11-23,0.6118,0.2175,0.111,0.2723,0.0876,0.7186
22,2024-11-23,0.8752,0.562,0.3159,0.4103,-0.0663,0.3865
23,2024-11-23,0.903,0.3764,0.2073,0.3432,-0.0579,0.3635
24,2024-11-23,0.7621,0.2656,0.1397,0.1678,-0.0364,0.4309
25,2024-11-23,0.2617,0.5707,0.3366,0.3451,-0.2447,0.0956
1,2024-11-26,1.0,-0.0287,-0.1353,0.366,0.4887,0.9172
2,2024-11-26,1.0,0.3449,0.1243,0.4497,0.2139,0.7939
3,2024-11-26,1.0,0.1058,-0.0725,0.5233,0.5646,0.9142
4,2024-11-26,1.0,0.1153,-0.0514,0.4169,0.4734,0.877
5,2024-11-26,1.0,0.0015,-0.0598,0.2386,0.3164,0.7011
6,2024-11-26,1.0,-0.0396,-0.1815,0.422,0.5883,0.9023
7,2024-11-26,1.0,0.1366,-0.0185,0.4599,0.4416,0.9574
8,2024-11-26,1.0,0.318,0.1171,0.4422,0.2275,0.8447
9,2024-11-26,0.9977,0.2928,0.0958,0.4603,0.1566,0.696
10,2024-11-26,1.0,0.1499,0.0085,0.4079,0.3101,0.7989
11,2024-11-26,1.0,-0.181,-0.2919,0.4551,0.6703,0.978
12,2024-11-26,1.0,0.1127,0.0014,0.3858,0.2394,0.7184
13,2024-11-26,1.0,0.1893,-0.0053,0.417,0.3603,0.9428
14,2024-11-26,1.0,0.0896,-0.0403,0.509,0.5481,0.958
15,2024-11-26,1.0,0.1546,-0.0097,0.4322,0.4067,0.9028
16,2024-11-26,1.0,0.0042,-0.1271,0.424,0.5281,0.9572
17,2024-11-26,1.0,0.2154,-0.0109,0.5489,0.4567,0.9625
18,2024-11-26,1.0,0.2792,0.1193,0.4108,0.0807,0.58
19,2024-11-26,1.0,0.1287,-0.0374,0.3811,0.3077,0.7283
20,2024-11-26,1.0,0.014,-0.1178,0.3629,0.5054,0.9368
21,2024-11-26,1.0,0.1522,0.0183,0.4566,0.329,0.9499
22,2024-11-26,1.0,0.5367,0.3153,0.426,-0.0776,0.4033
23,2024-11-26,1.0,0.27,0.1062,0.3921,0.128,0.6487
24,2024-11-26,1.0,0.2129,0.0884,0.2762,0.1795,0.5703
25,2024-11-26,1.0,0.5975,0.3634,0.3847,-0.1569,0.241
1,2024-11-28,1.0,-0.1678,-0.2065,0.37,0.5802,0.9645
2,2024-11-28,0.9712,0.3424,0.1449,0.4553,0.2497,0.836
3,2024-11-28,1.0,-0.0469,-0.1522,0.4921,0.6328,0.9747
4,2024-11-28,0.6522,0.0874,-0.0639,0.4355,0.5208,0.9355
5,2024-11-28,0.5175,0.0072,-0.0346,-0.0428,0.0941,0.5457
6,2024-11-28,1.0,-0.1607,-0.2389,0.4095,0.6462,0.959
7,2024-11-28,1.0,0.1044,0.0098,0.4307,0.4753,0.9762
8,2024-11-28,0.6149,0.3794,0.1768,0.4489,0.1951,0.8692
9,2024-11-28,0.6019,0.4678,0.2662,0.474,0.0775,0.658
10,2024-11-28,1.0,0.1088,0.0194,0.3934,0.365,0.8414
11,2024-11-28,1.0,-0.2833,-0.285,0.3845,0.7049,0.9902
12,2024-11-28,0.3921,0.1481,0.0544,0.388,0.2206,0.7957
13,2024-11-28,0.9548,0.1694,0.005,0.4033,0.3797,0.9626
14,2024-11-28,1.0,0.0873,0.0174,0.4935,0.5493,0.9762
15,2024-11-28,1.0,0.132,0.0354,0.43,0.428,0.9261
16,2024-11-28,1.0,-0.1166,-0.1811,0.3798,0.601,0.9774
17,2024-11-28,1.0,0.1026,-0.1109,0.5041,0.5459,0.9902
18,2024-11-28,0.3934,0.0146,-0.1614,0.4326,0.5479,0.9136
19,2024-11-28,1.0,-0.0289,-0.1778,0.3813,0.5295,0.8328
20,2024-11-28,1.0,-0.138,-0.2268,0.3785,0.6431,0.9601
21,2024-11-28,1.0,0.1037,-0.0155,0.4454,0.4123,0.9818
22,2024-11-28,1.0,0.5361,0.3357,0.4302,-0.066,0.4243
23,2024-11-28,1.0,0.2171,0.072,0.3853,0.2314,0.7927
24,2024-11-28,0.9613,0.1426,-0.0248,0.4412,0.5255,0.7235
3,2024-12-01,0.0331,-0.0444,-0.1659,0.4751,0.6044,0.9956
4,2024-12-01,0.072,0.2593,0.1698,0.1238,-0.13,0.0518
5,2024-12-01,0.2085,0.0017,-0.0427,-0.0136,0.0819,0.5825
9,2024-12-01,0.8852,0.1917,0.0388,0.3663,0.1946,0.8234
10,2024-12-01,0.8223,0.1228,-0.0001,0.3276,0.2599,0.8392
13,2024-12-01,0.2333,0.2209,0.0661,0.3359,0.2133,0.7819
17,2024-12-01,0.4615,0.248,0.0891,0.4138,0.2382,0.9859
18,2024-12-01,0.692,0.2707,0.1358,0.3157,0.0565,0.6968
24,2024-12-01,0.3062,0.1901,0.1204,0.0522,-0.1372,0.277
25,2024-12-01,0.1094,0.2914,0.1745,0.2928,0.0543,0.7562
1,2024-12-03,0.7196,0.2153,0.1124,0.2015,0.0181,0.5391
2,2024-12-03,0.9905,0.4404,0.217,0.4295,0.0316,0.5587
3,2024-12-03,1.0,0.2706,0.1534,0.3553,0.0843,0.7388
4,2024-12-03,0.9488,0.3265,0.1797,0.3117,0.0144,0.5364
5,2024-12-03,0.8402,0.1126,0.026,0.1919,0.0181,0.5358
6,2024-12-03,0.9512,0.2608,0.1549,0.2576,-0.0104,0.4686
7,2024-12-03,0.9024,0.3192,0.1694,0.3646,0.0772,0.6753
8,2024-12-03,0.7787,0.4227,0.2163,0.4204,0.0333,0.5892
9,2024-12-03,0.8484,0.4609,0.2613,0.3871,-0.054,0.3563
10,2024-12-03,1.0,0.345,0.1969,0.2895,-0.0703,0.3287
11,2024-12-03,1.0,0.2257,0.1251,0.2985,0.0739,0.7483
12,2024-12-03,0.5386,0.2652,0.1209,0.3546,0.0386,0.5899
13,2024-12-03,0.9761,0.3777,0.2014,0.3127,-0.0171,0.4431
14,2024-12-03,0.9657,0.3171,0.1791,0.3862,0.1126,0.7518
15,2024-12-03,0.5355,0.3198,0.187,0.3371,0.0144,0.551
16,2024-12-03,1.0,0.2972,0.1886,0.2321,-0.0575,0.3479
17,2024-12-03,0.9916,0.3458,0.169,0.3839,0.0794,0.7881
18,2024-12-03,0.9038,0.3134,0.1619,0.3545,0.0433,0.6039
19,2024-12-03,1.0,0.2499,0.1239,0.2629,-0.0319,0.4014
20,2024-12-03,1.0,0.278,0.1764,0.1547,-0.1294,0.22
21,2024-12-03,0.8088,0.2702,0.1532,0.2875,0.0542,0.6478
23,2024-12-03,1.0,0.3829,0.2148,0.3346,-0.073,0.3341
24,2024-12-03,0.8936,0.2732,0.1609,0.1562,-0.092,0.2936
25,2024-12-03,0.9064,0.5908,0.3441,0.3662,-0.2138,0.1567
1,2024-12-06,1.0,0.3036,0.178,0.2594,-0.095,0.3236
2,2024-12-06,0.9984,0.5841,0.3092,0.4502,-0.2378,0.2573
3,2024-12-06,1.0,0.327,0.198,0.3697,0.0405,0.5744
4,2024-12-06,1.0,0.4375,0.256,0.3314,-0.1362,0.2656
5,2024-12-06,1.0,0.139,0.0443,0.2242,-0.0449,0.4227
6,2024-12-06,1.0,0.3385,0.2108,0.2703,-0.114,0.2649
7,2024-12-06,1.0,0.449,0.269,0.3955,-0.0981,0.369
8,2024-12-06,0.9998,0.6003,0.3283,0.4528,-0.2582,0.1894
9,2024-12-06,1.0,0.5421,0.312,0.4031,-0.2072,0.2417
10,2024-12-06,1.0,0.477,0.2854,0.3188,-0.2326,0.1549
11,2024-12-06,1.0,0.3011,0.1903,0.3146,0.0006,0.5011
12,2024-12-06,1.0,0.4055,0.2111,0.3984,-0.139,0.3209
13,2024-12-06,1.0,0.5301,0.2913,0.3528,-0.2071,0.1305
14,2024-12-06,1.0,0.3928,0.2415,0.399,0.0025,0.5031
15,2024-12-06,1.0,0.428,0.2471,0.3863,-0.0995,0.3268
16,2024-12-06,1.0,0.4415,0.3139,0.2376,-0.2659,0.0993
17,2024-12-06,1.0,0.4451,0.2305,0.4228,-0.0475,0.4015
18,2024-12-06,1.0,0.3818,0.204,0.398,-0.0464,0.431
19,2024-12-06,1.0,0.3492,0.1887,0.3043,-0.1414,0.2687
20,2024-12-06,1.0,0.3822,0.2624,0.1616,-0.2716,0.1381
21,2024-12-06,1.0,0.3901,0.2362,0.346,-0.1116,0.3403
22,2024-12-06,1.0,0.8353,0.5114,0.4996,-0.9377,0.129
23,2024-12-06,1.0,0.5286,0.3182,0.3802,-0.2719,0.193
24,2024-12-06,1.0,0.4353,0.2825,0.1309,-0.3003,0.1628
25,2024-12-06,1.0,1.0,0.6028,0.4119,-1.0,0.0141
1,2024-12-08,0.9873,0.2593,0.1431,0.2719,0.0007,0.5016
2,2024-12-08,0.9988,0.4699,0.2428,0.4557,0.0362,0.5679
3,2024-12-08,1.0,0.2897,0.1664,0.3608,0.0909,0.7357
4,2024-12-08,0.999,0.3475,0.1947,0.3556,0.0568,0.6088
5,2024-12-08,1.0,0.1231,0.0261,0.1967,0.043,0.5654
6,2024-12-08,1.0,0.2805,0.1668,0.2538,-0.0204,0.4402
7,2024-12-08,0.9931,0.354,0.2016,0.3987,0.0837,0.69
8,2024-12-08,1.0,0.4576,0.2382,0.4582,0.0369,0.5824
9,2024-12-08,0.9945,0.4338,0.2514,0.3804,-0.0487,0.3928
10,2024-12-08,0.9977,0.3583,0.2073,0.2988,-0.0709,0.324
11,2024-12-08,1.0,0.2611,0.1536,0.3043,0.0489,0.6663
12,2024-12-08,0.9831,0.336,0.1752,0.3839,0.0115,0.5172
13,2024-12-08,1.0,0.391,0.2099,0.3488,0.0087,0.5311
14,2024-12-08,1.0,0.345,0.2046,0.3956,0.0985,0.7325
15,2024-12-08,1.0,0.3594,0.2082,0.3628,0.01,0.5261
16,2024-12-08,1.0,0.3322,0.2177,0.2278,-0.1041,0.2443
17,2024-12-08,0.9967,0.3656,0.1819,0.4113,0.0974,0.8325
18,2024-12-08,1.0,0.335,0.1787,0.3815,0.0402,0.5969
19,2024-12-08,1.0,0.2728,0.1353,0.2812,-0.0193,0.4371
20,2024-12-08,1.0,0.2951,0.1844,0.1559,-0.1326,0.22
21,2024-12-08,1.0,0.3479,0.2038,0.3202,0.007,0.5271
22,2024-12-08,0.7762,0.6048,0.366,0.4748,-0.133,0.3504
23,2024-12-08,1.0,0.4037,0.2314,0.3599,-0.0584,0.364
24,2024-12-08,0.996,0.2932,0.1743,0.1615,-0.1,0.3029
25,2024-12-08,1.0,0.6178,0.3762,0.3939,-0.2135,0.0892
1,2024-12-11,1.0,0.0199,-0.0969,0.3792,0.4704,0.8829
2,2024-12-11,1.0,0.3886,0.1657,0.4431,0.1763,0.6879
3,2024-12-11,1.0,0.1416,-0.0326,0.548,0.5444,0.9022
4,2024-12-11,1.0,0.1377,-0.0453,0.4261,0.4921,0.9237
5,2024-12-11,1.0,0.0107,-0.0584,0.0762,0.2529,0.6639
6,2024-12-11,1.0,0.0139,-0.1276,0.4426,0.5693,0.8713
7,2024-12-11,0.998,0.1894,-0.0028,0.4816,0.4282,0.8933
8,2024-12-11,1.0,0.3909,0.1734,0.4431,0.1826,0.7007
9,2024-12-11,1.0,0.3645,0.1461,0.471,0.0855,0.5831
10,2024-12-11,1.0,0.2193,0.0415,0.4213,0.2488,0.7166
11,2024-12-11,1.0,-0.0958,-0.2472,0.5013,0.6681,0.9638
12,2024-12-11,1.0,0.1651,0.0395,0.4125,0.171,0.6117
13,2024-12-11,1.0,0.2318,0.0212,0.3869,0.3316,0.8795
14,2024-12-11,1.0,0.1257,-0.0513,0.5385,0.5446,0.9186
15,2024-12-11,1.0,0.2044,0.0191,0.4644,0.3866,0.8392
16,2024-12-11,1.0,0.1015,-0.0678,0.4711,0.5052,0.925
17,2024-12-11,1.0,0.1289,-0.1233,0.4943,0.5195,0.9682
18,2024-12-11,1.0,0.2656,0.05,0.506,0.307,0.6702
19,2024-12-11,1.0,0.1525,-0.0162,0.379,0.2753,0.6817
20,2024-12-11,1.0,0.092,-0.0608,0.3659,0.4348,0.8809
21,2024-12-11,1.0,0.2188,0.0516,0.4815,0.2796,0.8327
22,2024-12-11,1.0,0.6144,0.3632,0.4405,-0.2303,0.3056
23,2024-12-11,1.0,0.3133,0.123,0.404,0.0806,0.5963
24,2024-12-11,1.0,0.2246,0.0341,0.3828,0.3801,0.6551
25,2024-12-11,1.0,0.6906,0.414,0.3829,-0.2755,0.1801
1,2024-12-13,0.5311,-0.3524,-0.4208,0.2239,0.6622,0.9632
2,2024-12-13,0.4585,0.2646,0.1023,0.4439,0.3568,0.9037
3,2024-12-13,1.0,-0.0585,-0.1509,0.4552,0.6117,0.9765
4,2024-12-13,0.6105,0.1233,-0.0276,0.4391,0.4837,0.9353
5,2024-12-13,0.5348,0.0073,-0.0342,-0.0327,0.1134,0.5803
6,2024-12-13,0.4865,-0.1477,-0.2135,0.2784,0.5803,0.949
7,2024-12-13,1.0,0.1119,0.0185,0.3825,0.4399,0.9747
8,2024-12-13,0.5677,0.377,0.1662,0.4409,0.1931,0.8289
9,2024-12-13,0.584,0.4794,0.27,0.467,0.0837,0.6912
10,2024-12-13,0.3123,0.0509,0.005,0.3228,0.2858,0.7806
11,2024-12-13,1.0,-0.2865,-0.2669,0.3243,0.6682,0.9803
12,2024-12-13,0.3774,0.1095,0.0084,0.3647,0.289,0.8465
13,2024-12-13,0.1417,0.1371,0.0321,0.4256,0.3754,0.9613
14,2024-12-13,0.897,0.0277,-0.0196,0.4766,0.5836,0.9719
16,2024-12-13,0.7243,-0.1662,-0.1983,0.3196,0.597,0.9755
17,2024-12-13,0.6607,0.1095,-0.0878,0.4633,0.5057,0.9844
18,2024-12-13,0.7819,0.0111,-0.1483,0.3997,0.5108,0.9809
19,2024-12-13,0.209,-0.1596,-0.2951,0.3824,0.6314,0.9062
20,2024-12-13,0.6065,-0.1859,-0.2635,0.2976,0.6146,0.9978
21,2024-12-13,1.0,0.111,-0.0105,0.4172,0.4133,0.9823
22,2024-12-13,0.5178,0.5222,0.3108,0.4278,-0.0311,0.4711
23,2024-12-13,0.0191,0.2781,0.087,0.2391,0.0199,0.5641
24,2024-12-13,0.0171,0.2296,0.1396,-0.0291,-0.3074,0.0
25,2024-12-13,0.3798,0.6638,0.3941,0.4019,-0.1991,0.1461
1,2024-12-16,1.0,0.1511,0.0679,0.1755,0.0628,0.6968
2,2024-12-16,0.9996,0.2672,0.1303,0.3151,0.0812,0.8157
3,2024-12-16,1.0,0.2092,0.1127,0.2827,0.0841,0.8854
4,2024-12-16,1.0,0.2119,0.1088,0.2376,0.0421,0.6771
5,2024-12-16,1.0,0.0539,-0.0013,0.1158,0.0544,0.6738
6,2024-12-16,0.9978,0.1884,0.1069,0.1947,0.0115,0.5632
7,2024-12-16,0.9899,0.2154,0.1064,0.2584,0.0749,0.8191
8,2024-12-16,0.976,0.2548,0.1301,0.2794,0.0397,0.712
9,2024-12-16,0.9635,0.2535,0.1402,0.2728,0.0368,0.6989
10,2024-12-16,0.9719,0.2223,0.1205,0.2054,-0.0253,0.373
11,2024-12-16,1.0,0.1749,0.0886,0.2261,0.0592,0.831
12,2024-12-16,0.9989,0.1848,0.0774,0.2495,0.0771,0.8242
13,2024-12-16,1.0,0.2342,0.1175,0.2097,-0.0087,0.4522
14,2024-12-16,1.0,0.2302,0.1267,0.3035,0.1115,0.9438
15,2024-12-16,1.0,0.2202,0.1204,0.2477,0.0384,0.6994
16,2024-12-16,1.0,0.2084,0.1231,0.1664,-0.0328,0.3429
17,2024-12-16,1.0,0.225,0.1063,0.2833,0.082,0.9723
18,2024-12-16,1.0,0.2262,0.1171,0.2707,0.039,0.6942
19,2024-12-16,1.0,0.1961,0.0941,0.1801,-0.0435,0.2767
20,2024-12-16,1.0,0.1932,0.1144,0.1277,-0.0597,0.2488
21,2024-12-16,0.7697,0.2035,0.1066,0.2417,0.0627,0.8277
22,2024-12-16,1.0,0.2377,0.1213,0.3047,0.1304,1.0
23,2024-12-16,1.0,0.2426,0.1318,0.2126,-0.0417,0.3048
24,2024-12-16,1.0,0.1705,0.0938,0.1136,-0.0571,0.2874
25,2024-12-16,1.0,0.3105,0.1871,0.1937,-0.1078,0.0691
1,2024-12-21,0.9666,0.2508,0.1445,0.2768,0.0137,0.5331
2,2024-12-21,0.3853,0.4395,0.2371,0.4685,0.0681,0.6707
3,2024-12-21,0.3556,0.1991,0.1066,0.3005,0.0979,0.759
4,2024-12-21,0.231,0.356,0.2036,0.4345,0.1037,0.7709
5,2024-12-21,0.9095,0.0672,0.0129,0.1324,0.043,0.5521
6,2024-12-21,0.9865,0.2748,0.1694,0.262,-0.0219,0.4371
7,2024-12-21,0.2298,0.2535,0.1465,0.3346,0.1128,0.7877
9,2024-12-21,0.5932,0.5019,0.308,0.4392,-0.0771,0.303
10,2024-12-21,0.8959,0.3538,0.2134,0.3073,-0.0663,0.328
11,2024-12-21,0.2741,0.2696,0.16,0.3232,0.0576,0.7163
12,2024-12-21,0.9011,0.3344,0.1837,0.3925,0.0158,0.5271
13,2024-12-21,0.7403,0.3897,0.2194,0.378,0.037,0.6011
14,2024-12-21,0.1878,0.4087,0.2403,0.4852,0.1229,0.821
15,2024-12-21,0.5276,0.3196,0.1947,0.3573,0.0466,0.6318
17,2024-12-21,0.0331,0.3661,0.1905,0.424,0.1057,0.9672
18,2024-12-21,1.0,0.323,0.1796,0.3716,0.0394,0.5886
19,2024-12-21,1.0,0.2513,0.1242,0.2616,-0.0207,0.4234
20,2024-12-21,1.0,0.2808,0.184,0.1623,-0.1136,0.2674
21,2024-12-21,0.9969,0.3322,0.1992,0.3367,0.0425,0.6444
22,2024-12-21,0.1673,0.3364,0.2225,0.4393,0.172,0.7318
23,2024-12-21,1.0,0.3879,0.2226,0.3601,-0.0504,0.3876
25,2024-12-21,0.8128,0.5873,0.3716,0.4087,-0.1466,0.1473
1,2024-12-23,0.1528,0.1676,0.0942,0.1451,-0.0262,0.4535
2,2024-12-23,0.0889,0.4269,0.2469,0.4547,0.0964,0.9699
3,2024-12-23,0.3129,0.203,0.1169,0.3005,0.0759,0.8053
4,2024-12-23,0.2859,0.2835,0.1449,0.3883,0.2038,0.6759
6,2024-12-23,0.2519,0.2099,0.1231,0.2279,0.0172,0.5622
7,2024-12-23,0.0106,0.2803,0.1941,0.2089,-0.0814,0.1739
8,2024-12-23,0.1116,0.3171,0.1659,0.4235,0.2147,0.8901
9,2024-12-23,0.0069,0.059,-0.0069,-0.0811,-0.1406,0.0417
11,2024-12-23,0.0776,0.2078,0.1194,0.2834,0.0625,0.8627
14,2024-12-23,0.2325,0.222,0.1338,0.3588,0.1475,0.9576
17,2024-12-23,0.0432,0.2642,0.1287,0.4729,0.2657,0.9245
18,2024-12-23,0.3232,0.2902,0.1612,0.3645,0.0857,0.7956
19,2024-12-23,0.389,0.2021,0.1046,0.2161,-0.0059,0.4603
23,2024-12-23,0.0706,0.3286,0.1906,0.3153,-0.0346,0.3472
24,2024-12-23,0.0347,0.1986,0.1111,0.2383,0.037,0.623
1,2024-12-26,1.0,0.0149,-0.0893,0.4109,0.4786,0.922
2,2024-12-26,1.0,0.314,0.109,0.4701,0.2624,0.8604
3,2024-12-26,0.5742,0.0879,-0.0578,0.5596,0.5876,0.999
4,2024-12-26,1.0,0.0912,-0.0512,0.4336,0.4863,0.9317
5,2024-12-26,0.9984,-0.0015,-0.0625,0.2737,0.356,0.7444
6,2024-12-26,1.0,0.0236,-0.108,0.4592,0.5438,0.9083
7,2024-12-26,0.9946,0.1125,-0.0313,0.4738,0.4765,0.9939
8,2024-12-26,0.9999,0.3086,0.1043,0.4748,0.2796,0.9108
9,2024-12-26,0.787,0.2715,0.1114,0.4688,0.3263,0.9378
10,2024-12-26,0.2259,0.0636,-0.0214,0.3538,0.3283,0.9937
11,2024-12-26,0.2879,-0.0126,-0.1196,0.4492,0.5424,1.0
12,2024-12-26,1.0,0.0981,0.0,0.4255,0.3462,0.9119
13,2024-12-26,1.0,0.0808,-0.039,0.4093,0.3966,0.9989
14,2024-12-26,0.5917,0.0045,-0.1194,0.5261,0.6149,1.0
15,2024-12-26,1.0,0.1372,-0.0068,0.4818,0.4465,0.9769
16,2024-12-26,0.836,0.0452,-0.0699,0.4715,0.511,1.0
17,2024-12-26,1.0,0.0913,-0.0955,0.5194,0.5404,0.9951
18,2024-12-26,0.9688,0.1382,0.0007,0.5196,0.4427,0.978
19,2024-12-26,0.5606,0.0849,-0.0484,0.4379,0.4351,0.8628
20,2024-12-26,1.0,0.0439,-0.0628,0.4041,0.455,0.9748
21,2024-12-26,0.9951,0.1499,0.0301,0.4863,0.3897,0.9715
22,2024-12-26,1.0,0.4747,0.2588,0.4519,0.0657,0.5907
23,2024-12-26,0.8564,0.1861,0.0576,0.4345,0.3085,0.9594
24,2024-12-26,1.0,0.1579,0.0287,0.4026,0.3672,0.6682
25,2024-12-26,1.0,0.3689,0.1967,0.4011,0.1206,0.9973
1,2024-12-28,0.93,-0.1178,-0.1954,0.426,0.5763,0.9365
2,2024-12-28,1.0,0.3896,0.1593,0.4848,0.2394,0.7777
3,2024-12-28,1.0,0.03,-0.1207,0.5358,0.6265,0.9405
4,2024-12-28,0.9913,0.1287,-0.0478,0.4658,0.5264,0.9315
5,2024-12-28,0.8809,0.0087,-0.0744,-0.0054,0.2921,0.6565
6,2024-12-28,1.0,-0.1065,-0.2099,0.4628,0.6535,0.9254
7,2024-12-28,0.968,0.1403,-0.0041,0.4732,0.4844,0.9494
8,2024-12-28,1.0,0.3642,0.1467,0.486,0.2685,0.8323
9,2024-12-28,0.6713,0.5201,0.2688,0.5003,0.0328,0.5522
10,2024-12-28,0.9993,0.1638,0.0123,0.433,0.3398,0.814
11,2024-12-28,1.0,-0.2671,-0.3158,0.4502,0.7195,0.9709
12,2024-12-28,1.0,0.0941,-0.0015,0.405,0.2936,0.7039
13,2024-12-28,1.0,0.2205,0.0205,0.4398,0.3763,0.9274
14,2024-12-28,0.9618,0.0818,-0.0261,0.5337,0.5827,0.9478
15,2024-12-28,0.2308,-0.0508,-0.1425,0.469,0.6246,0.9114
16,2024-12-28,1.0,-0.041,-0.149,0.4378,0.5918,0.9475
17,2024-12-28,1.0,0.1728,-0.0785,0.5628,0.551,0.9826
18,2024-12-28,1.0,0.2214,0.0155,0.494,0.3995,0.7642
19,2024-12-28,1.0,0.1562,-0.0148,0.4386,0.3003,0.7046
20,2024-12-28,1.0,-0.048,-0.1808,0.4153,0.5993,0.9424
21,2024-12-28,1.0,0.1761,0.0163,0.4919,0.3862,0.9241
22,2024-12-28,1.0,0.6017,0.3543,0.46,-0.1228,0.3692
23,2024-12-28,0.9642,0.2923,0.0989,0.4318,0.1722,0.6936
24,2024-12-28,0.5549,0.2137,0.0358,0.4112,0.4143,0.5733
25,2024-12-28,1.0,0.6771,0.3786,0.4094,-0.2134,0.2029
1,2025-01-02,0.0295,0.235,0.1399,0.3286,0.0937,0.7129
3,2025-01-02,0.4082,0.2194,0.1257,0.3667,0.1542,0.9084
5,2025-01-02,0.1721,0.0304,-0.0041,-0.0354,-0.0761,0.3326
6,2025-01-02,0.2955,0.2431,0.1535,0.3022,0.0452,0.6805
7,2025-01-02,0.2533,0.2491,0.1401,0.3993,0.169,0.8155
9,2025-01-02,0.025,0.0278,-0.005,-0.039,-0.1066,0.092
10,2025-01-02,0.0349,0.2253,0.1354,0.3975,0.1961,0.8629
11,2025-01-02,0.508,0.1992,0.1137,0.33,0.1358,0.9228
12,2025-01-02,0.1095,0.0386,-0.0034,-0.0267,-0.0635,0.398
14,2025-01-02,0.2673,0.2291,0.137,0.3934,0.1883,0.9596
15,2025-01-02,0.0804,0.2878,0.1701,0.3733,0.0967,0.7485
16,2025-01-02,0.1295,0.3087,0.2078,0.2462,-0.0718,0.2798
18,2025-01-02,0.4711,0.2922,0.1583,0.4045,0.1421,0.8533
19,2025-01-02,0.1342,0.2062,0.1034,0.217,-0.0058,0.4624
20,2025-01-02,0.1214,0.2856,0.2017,0.1359,-0.153,0.0054
23,2025-01-02,0.2229,0.2229,0.122,0.2681,0.0592,0.7033
1,2025-01-05,0.4876,0.2812,0.1569,0.385,0.1063,0.8045
2,2025-01-05,0.363,0.4734,0.259,0.5075,0.0893,0.7269
3,2025-01-05,1.0,0.2775,0.158,0.4494,0.2015,0.8502
4,2025-01-05,0.0643,0.2884,0.1481,0.3883,0.1927,0.721
5,2025-01-05,1.0,0.0712,0.0077,0.2153,0.1086,0.6311
6,2025-01-05,0.3737,0.2765,0.1721,0.3231,0.0452,0.5947
7,2025-01-05,0.9553,0.3571,0.2051,0.4869,0.1504,0.7929
8,2025-01-05,0.1297,0.4164,0.2114,0.5069,0.1813,0.949
9,2025-01-05,0.8385,0.3604,0.2094,0.4256,0.0452,0.5744
10,2025-01-05,0.31,0.3382,0.1895,0.4325,0.0806,0.6271
11,2025-01-05,0.9515,0.2538,0.1533,0.3857,0.1354,0.8077
12,2025-01-05,0.8678,0.3681,0.1994,0.4677,0.0282,0.542
13,2025-01-05,0.2639,0.4274,0.2327,0.4331,0.0547,0.68
14,2025-01-05,1.0,0.3531,0.2093,0.5326,0.2064,0.8557
15,2025-01-05,0.5458,0.3279,0.2002,0.4201,0.0994,0.7284
16,2025-01-05,0.9572,0.3352,0.2217,0.3117,-0.0314,0.4255
17,2025-01-05,0.1509,0.3218,0.1512,0.4949,0.2472,0.9011
18,2025-01-05,1.0,0.3367,0.1829,0.4675,0.1194,0.6876
19,2025-01-05,0.9866,0.2612,0.135,0.3474,0.0215,0.5507
20,2025-01-05,0.8802,0.291,0.1843,0.224,-0.0479,0.3633
21,2025-01-05,0.016,0.2197,0.1354,0.3732,0.1539,0.9722
22,2025-01-05,0.9921,0.6215,0.3589,0.52,-0.1117,0.3683
23,2025-01-05,1.0,0.3974,0.2267,0.4177,0.0046,0.5125
24,2025-01-05,0.1178,0.2345,0.1405,0.2333,-0.0016,0.4831
25,2025-01-05,0.2682,0.5658,0.358,0.4199,-0.0959,0.2252
1,2025-01-07,0.0863,0.1468,0.0589,0.2884,0.134,0.797
2,2025-01-07,0.4916,0.3367,0.1385,0.4905,0.2698,0.8674
3,2025-01-07,0.1581,0.1723,0.0682,0.4398,0.2835,0.9146
4,2025-01-07,0.0103,0.4337,0.2102,0.5526,0.2586,0.9846
5,2025-01-07,0.684,0.0438,-0.0083,0.0983,0.1524,0.6158
6,2025-01-07,0.1091,0.2126,0.0945,0.4493,0.2712,0.9028
7,2025-01-07,0.5293,0.299,0.1464,0.5331,0.3208,0.9369
8,2025-01-07,0.8554,0.3762,0.1872,0.5048,0.205,0.8704
9,2025-01-07,0.2753,0.6174,0.3448,0.5437,-0.0057,0.4797
10,2025-01-07,0.0558,0.0461,-0.0003,0.0334,-0.0404,0.3968
11,2025-01-07,0.2144,0.1709,0.0703,0.508,0.3853,0.9942
12,2025-01-07,0.3563,0.3347,0.1716,0.4781,0.0045,0.5071
14,2025-01-07,0.1955,0.407,0.1914,0.5937,0.335,0.9177
17,2025-01-07,0.0708,0.2369,0.049,0.6348,0.477,1.0
19,2025-01-07,0.7007,0.212,0.0955,0.4173,0.1694,0.8424
20,2025-01-07,0.0249,0.2669,0.1973,0.2912,0.0346,0.5789
21,2025-01-07,0.1162,0.1933,0.1114,0.4311,0.2263,0.9809
22,2025-01-07,1.0,0.5914,0.3315,0.5048,-0.0262,0.4692
23,2025-01-07,0.1387,0.2279,0.1123,0.3782,0.1831,0.8304
1,2025-01-10,1.0,-0.1994,-0.2358,0.4527,0.6694,0.982
2,2025-01-10,1.0,0.3983,0.2072,0.5093,0.3439,0.9226
3,2025-01-10,1.0,-0.1088,-0.2081,0.5521,0.7226,0.9887
4,2025-01-10,1.0,-0.0098,-0.1053,0.4954,0.6486,0.9976
5,2025-01-10,0.8931,-0.0425,-0.1013,0.0053,0.405,0.6917
6,2025-01-10,0.9949,-0.1935,-0.2683,0.4968,0.7336,0.9801
7,2025-01-10,1.0,0.098,-0.0198,0.5,0.5651,0.9911
8,2025-01-10,1.0,0.3487,0.1772,0.5148,0.4022,0.9744
9,2025-01-10,1.0,0.2722,0.0943,0.506,0.2937,0.8345
10,2025-01-10,1.0,0.1094,-0.0012,0.4832,0.4734,0.9403
11,2025-01-10,1.0,-0.2819,-0.3019,0.4634,0.7507,0.998
12,2025-01-10,1.0,0.0473,-0.0051,0.4363,0.4081,0.8495
13,2025-01-10,1.0,0.2161,0.08,0.4916,0.497,0.9878
14,2025-01-10,0.8686,-0.0268,-0.1028,0.5506,0.6846,0.9887
15,2025-01-10,1.0,0.1317,0.0155,0.4917,0.5196,0.9694
16,2025-01-10,1.0,-0.105,-0.1788,0.494,0.6858,0.9985
17,2025-01-10,1.0,0.0694,-0.0671,0.5218,0.6271,0.9943
18,2025-01-10,1.0,0.0289,-0.1385,0.4675,0.5732,0.9524
19,2025-01-10,1.0,-0.138,-0.2578,0.48,0.694,0.9736
20,2025-01-10,1.0,-0.1656,-0.2478,0.4812,0.7392,0.9696
21,2025-01-10,1.0,0.0993,-0.0181,0.5099,0.5225,0.9996
22,2025-01-10,1.0,0.5986,0.3504,0.4893,0.0062,0.5051
23,2025-01-10,1.0,0.2528,0.0773,0.4615,0.3562,0.8599
24,2025-01-10,1.0,-0.3895,-0.5563,0.437,0.8371,0.9915
25,2025-01-10,0.5076,0.5511,0.2881,0.4177,0.0176,0.5327
1,2025-01-12,1.0,-0.2119,-0.2235,0.388,0.6362,0.9698
2,2025-01-12,1.0,0.4209,0.1987,0.5046,0.287,0.8148
3,2025-01-12,1.0,-0.1119,-0.1779,0.4998,0.6887,0.9733
4,2025-01-12,1.0,0.0613,-0.0859,0.4944,0.5931,0.991
5,2025-01-12,0.9649,0.0068,-0.0553,-0.0215,0.3272,0.6875
6,2025-01-12,1.0,-0.2005,-0.2591,0.4287,0.7013,0.971
7,2025-01-12,0.9994,0.1419,0.0365,0.4562,0.5133,0.9588
8,2025-01-12,1.0,0.3754,0.1717,0.5072,0.3344,0.8988
9,2025-01-12,1.0,0.3116,0.1295,0.4866,0.2152,0.7181
10,2025-01-12,1.0,0.1372,0.0337,0.4471,0.4176,0.8671
11,2025-01-12,1.0,-0.331,-0.2885,0.4075,0.7426,0.9727
12,2025-01-12,1.0,0.0641,0.0,0.4063,0.3496,0.737
13,2025-01-12,1.0,0.2433,0.0595,0.462,0.4064,0.9381
14,2025-01-12,0.7973,-0.0427,-0.0841,0.5263,0.6771,0.9744
15,2025-01-12,0.4664,0.0056,-0.0465,0.4891,0.6232,0.9804
16,2025-01-12,1.0,-0.1266,-0.1683,0.4211,0.6452,0.9559
17,2025-01-12,1.0,0.1064,-0.0927,0.5094,0.5726,0.9886
18,2025-01-12,1.0,0.0331,-0.1305,0.4432,0.533,0.9168
19,2025-01-12,1.0,-0.0773,-0.2259,0.4328,0.6078,0.8269
20,2025-01-12,1.0,-0.1989,-0.2627,0.3893,0.7019,0.9558
21,2025-01-12,1.0,0.1252,0.0058,0.4896,0.479,0.9729
22,2025-01-12,1.0,0.6343,0.3718,0.49,-0.0815,0.4079
23,2025-01-12,1.0,0.2888,0.1042,0.4315,0.2569,0.7687
24,2025-01-12,1.0,-0.0654,-0.2452,0.5537,0.7641,0.9476
25,2025-01-12,1.0,0.6646,0.3678,0.4181,-0.1736,0.2563
1,2025-01-15,1.0,0.2292,0.1237,0.2874,0.0622,0.6191
2,2025-01-15,1.0,0.4679,0.243,0.4966,0.0575,0.5957
3,2025-01-15,1.0,0.2763,0.1612,0.3784,0.1096,0.7796
4,2025-01-15,1.0,0.3401,0.1989,0.3504,0.0315,0.5695
5,2025-01-15,0.9946,0.0685,0.0079,0.1832,0.0567,0.5718
6,2025-01-15,1.0,0.2768,0.1685,0.2742,-0.0015,0.4953
7,2025-01-15,0.9968,0.3422,0.1949,0.4078,0.1047,0.7014
8,2025-01-15,1.0,0.447,0.2354,0.4999,0.0774,0.6592
9,2025-01-15,1.0,0.4273,0.2458,0.4073,-0.0265,0.4533
10,2025-01-15,1.0,0.3586,0.2112,0.3352,-0.0318,0.4286
11,2025-01-15,1.0,0.2477,0.1489,0.3185,0.0698,0.7178
12,2025-01-15,1.0,0.3115,0.1598,0.4025,0.0483,0.5809
13,2025-01-15,1.0,0.4031,0.2206,0.3897,0.0167,0.5569
14,2025-01-15,1.0,0.342,0.1966,0.4088,0.1068,0.7433
15,2025-01-15,1.0,0.3433,0.2017,0.385,0.0386,0.6099
16,2025-01-15,1.0,0.3258,0.2169,0.2533,-0.0695,0.3391
17,2025-01-15,1.0,0.3663,0.1917,0.4523,0.1189,0.8643
18,2025-01-15,1.0,0.3381,0.1877,0.4123,0.0529,0.611
19,2025-01-15,1.0,0.2801,0.1494,0.3035,-0.0193,0.44
20,2025-01-15,1.0,0.2997,0.1979,0.1833,-0.1229,0.2501
21,2025-01-15,1.0,0.3115,0.1743,0.3492,0.0817,0.7218
22,2025-01-15,1.0,0.619,0.3642,0.5153,-0.1201,0.378
23,2025-01-15,1.0,0.4076,0.2357,0.4087,-0.0147,0.4659
24,2025-01-15,1.0,0.2605,0.1673,0.1716,-0.0865,0.3312
25,2025-01-15,1.0,0.6025,0.3606,0.4374,-0.1229,0.2633
1,2025-01-20,1.0,0.2419,0.1348,0.3022,0.0621,0.6563
2,2025-01-20,1.0,0.4539,0.2346,0.5088,0.1002,0.6841
3,2025-01-20,1.0,0.2672,0.1444,0.445,0.2061,0.8521
4,2025-01-20,0.9994,0.3274,0.1858,0.4182,0.1261,0.7393
5,2025-01-20,0.9682,0.0577,0.0043,0.1854,0.1011,0.6109
6,2025-01-20,1.0,0.2684,0.1559,0.3388,0.071,0.6655
7,2025-01-20,1.0,0.34,0.1937,0.4816,0.1694,0.8079
8,2025-01-20,1.0,0.4226,0.2148,0.5098,0.122,0.7605
9,2025-01-20,0.9971,0.4225,0.2386,0.4558,0.0184,0.5322
10,2025-01-20,1.0,0.3454,0.1966,0.4067,0.0561,0.6107
11,2025-01-20,1.0,0.251,0.1425,0.3922,0.1512,0.8255
12,2025-01-20,1.0,0.3103,0.1616,0.4465,0.0597,0.5772
13,2025-01-20,1.0,0.3929,0.2089,0.4428,0.088,0.7627
14,2025-01-20,1.0,0.3344,0.1887,0.5305,0.2259,0.8754
15,2025-01-20,1.0,0.3472,0.1987,0.4387,0.0963,0.7013
16,2025-01-20,1.0,0.3286,0.2089,0.32,-0.0081,0.4777
17,2025-01-20,1.0,0.3436,0.1664,0.5265,0.2599,0.9368
18,2025-01-20,1.0,0.3312,0.1798,0.4628,0.1256,0.6787
19,2025-01-20,1.0,0.2648,0.1327,0.3709,0.0464,0.6182
20,2025-01-20,1.0,0.2907,0.1808,0.2206,-0.0482,0.3732
21,2025-01-20,1.0,0.3339,0.184,0.4298,0.0784,0.7161
22,2025-01-20,1.0,0.6103,0.3516,0.5085,-0.0997,0.3935
23,2025-01-20,1.0,0.4031,0.2221,0.4342,0.0063,0.514
24,2025-01-20,1.0,0.2467,0.1572,0.2169,-0.033,0.4496
25,2025-01-20,0.9956,0.6057,0.3491,0.4128,-0.1793,0.1574
1,2025-01-25,1.0,-0.0269,-0.1412,0.436,0.5506,0.9262
2,2025-01-25,1.0,0.3697,0.1318,0.4812,0.2723,0.7701
3,2025-01-25,1.0,0.0565,-0.1116,0.5704,0.645,0.9552
4,2025-01-25,1.0,0.0737,-0.0912,0.455,0.5567,0.9695
5,2025-01-25,1.0,0.007,-0.0772,0.1017,0.3446,0.6796
6,2025-01-25,1.0,-0.0233,-0.1649,0.4864,0.6231,0.903
7,2025-01-25,1.0,0.135,-0.0501,0.4907,0.4861,0.9336
8,2025-01-25,1.0,0.3282,0.1129,0.471,0.3031,0.8381
9,2025-01-25,1.0,0.3175,0.1271,0.4901,0.1653,0.6604
10,2025-01-25,0.9904,0.1786,-0.0072,0.4691,0.3569,0.8132
11,2025-01-25,1.0,-0.1384,-0.2668,0.5103,0.6996,0.9647
12,2025-01-25,1.0,0.1298,0.0108,0.4392,0.2761,0.6841
13,2025-01-25,1.0,0.2145,0.0072,0.4292,0.3903,0.9113
14,2025-01-25,1.0,0.0832,-0.078,0.5524,0.599,0.9272
15,2025-01-25,1.0,0.1654,-0.0266,0.488,0.4663,0.8826
16,2025-01-25,1.0,0.0666,-0.0936,0.4826,0.5369,0.9374
17,2025-01-25,1.0,0.0745,-0.1381,0.4955,0.5697,0.9772
18,2025-01-25,1.0,0.1652,-0.0586,0.5288,0.4916,0.8432
19,2025-01-25,1.0,0.0773,-0.1101,0.4577,0.4765,0.755
20,2025-01-25,1.0,0.0714,-0.0891,0.4255,0.5119,0.9169
21,2025-01-25,0.9911,0.1765,0.0168,0.4979,0.379,0.9132
22,2025-01-25,1.0,0.6363,0.3189,0.4705,-0.1863,0.3589
23,2025-01-25,1.0,0.2963,0.0819,0.4608,0.2071,0.6997
24,2025-01-25,1.0,0.0572,-0.1046,0.5182,0.6,0.9215
25,2025-01-25,1.0,0.6913,0.3303,0.3851,-0.2958,0.185
1,2025-01-27,1.0,-0.1633,-0.2038,0.4005,0.6021,0.9722
2,2025-01-27,1.0,0.3226,0.1461,0.4906,0.338,0.9589
3,2025-01-27,1.0,-0.0929,-0.1843,0.4985,0.6662,0.9871
4,2025-01-27,1.0,0.0332,-0.092,0.468,0.5809,0.9847
5,2025-01-27,0.9631,-0.0145,-0.0823,0.0712,0.404,0.7013
6,2025-01-27,0.9931,-0.1521,-0.2316,0.4236,0.6517,0.9639
7,2025-01-27,0.7671,0.0445,-0.0392,0.4321,0.5351,0.9953
8,2025-01-27,1.0,0.2735,0.1187,0.4875,0.3819,0.9784
9,2025-01-27,1.0,0.2261,0.0785,0.4742,0.2718,0.8376
10,2025-01-27,1.0,0.0863,-0.0022,0.4316,0.4281,0.9361
11,2025-01-27,1.0,-0.2716,-0.2957,0.4079,0.7126,0.9957
12,2025-01-27,1.0,0.0475,-0.0022,0.4003,0.3842,0.8715
13,2025-01-27,1.0,0.1655,0.0201,0.4459,0.4414,0.9827
14,2025-01-27,0.8646,-0.0418,-0.0927,0.5117,0.6517,0.9933
15,2025-01-27,1.0,0.1085,0.0069,0.4583,0.4767,0.9665
16,2025-01-27,1.0,-0.1033,-0.1705,0.4109,0.6123,0.9965
17,2025-01-27,1.0,0.0568,-0.1103,0.5049,0.5902,0.9951
18,2025-01-27,1.0,0.0501,-0.1098,0.4602,0.5269,0.94
19,2025-01-27,1.0,-0.0558,-0.1983,0.4268,0.5721,0.9204
20,2025-01-27,1.0,-0.1079,-0.1911,0.3961,0.6213,0.9653
21,2025-01-27,1.0,0.0936,-0.0147,0.4655,0.4503,0.9938
22,2025-01-27,0.9192,0.5516,0.3445,0.4846,0.0222,0.5241
23,2025-01-27,1.0,0.2113,0.0622,0.4208,0.3005,0.8555
24,2025-01-27,0.864,0.0036,-0.132,0.5018,0.6574,0.8906
25,2025-01-27,1.0,0.5555,0.332,0.4024,-0.0695,0.3428
1,2025-01-30,0.9898,0.1803,0.0932,0.2588,0.1121,0.6709
2,2025-01-30,0.531,0.2946,0.1577,0.4473,0.202,0.9731
3,2025-01-30,1.0,0.2422,0.1381,0.3556,0.1091,0.7999
4,2025-01-30,0.4464,0.2163,0.1368,0.2551,0.0553,0.6387
5,2025-01-30,0.9233,0.0326,-0.0038,0.1269,0.1639,0.7385
6,2025-01-30,1.0,0.25,0.1568,0.2546,-0.0074,0.4792
7,2025-01-30,1.0,0.2946,0.1611,0.3782,0.1255,0.7427
8,2025-01-30,0.8809,0.3196,0.1724,0.4417,0.1424,0.8648
9,2025-01-30,0.9989,0.3762,0.2289,0.3774,0.0186,0.5368
10,2025-01-30,0.9996,0.3201,0.1953,0.3132,-0.0092,0.4758
11,2025-01-30,1.0,0.2068,0.117,0.3061,0.1011,0.8111
12,2025-01-30,1.0,0.2568,0.1351,0.3477,0.0914,0.731
13,2025-01-30,1.0,0.3286,0.1785,0.3356,0.047,0.59
14,2025-01-30,1.0,0.2933,0.1674,0.3945,0.1308,0.8014
15,2025-01-30,0.9937,0.3088,0.1828,0.3755,0.0757,0.6907
16,2025-01-30,1.0,0.2818,0.1839,0.2442,-0.018,0.4536
17,2025-01-30,0.8046,0.1972,0.1044,0.3178,0.1609,0.9852
18,2025-01-30,1.0,0.307,0.1789,0.3772,0.0485,0.6196
19,2025-01-30,1.0,0.2673,0.1425,0.2797,-0.027,0.4091
20,2025-01-30,1.0,0.2772,0.188,0.1561,-0.1312,0.2491
21,2025-01-30,1.0,0.2292,0.122,0.3408,0.1775,0.8469
22,2025-01-30,0.8248,0.3482,0.223,0.4477,0.2578,1.0
23,2025-01-30,1.0,0.3826,0.2227,0.3767,-0.031,0.4263
24,2025-01-30,1.0,0.2122,0.1425,0.1406,-0.0693,0.3318
25,2025-01-30,0.8569,0.4432,0.251,0.3446,-0.0442,0.3949
1,2025-02-01,0.9706,0.2414,0.1308,0.2595,0.003,0.5072
2,2025-02-01,1.0,0.4762,0.2319,0.4616,0.017,0.5277
3,2025-02-01,1.0,0.267,0.1419,0.3694,0.1236,0.7688
4,2025-02-01,1.0,0.334,0.1829,0.3498,0.0307,0.5687
5,2025-02-01,0.995,0.0745,0.009,0.1977,0.045,0.5588
6,2025-02-01,0.9558,0.2722,0.1527,0.2689,0.0,0.4994
7,2025-02-01,1.0,0.342,0.1877,0.3911,0.0571,0.6157
8,2025-02-01,1.0,0.4501,0.2176,0.4614,0.0292,0.5643
9,2025-02-01,0.885,0.4502,0.2452,0.3944,-0.0816,0.3497
10,2025-02-01,0.9986,0.3446,0.1862,0.3246,-0.0441,0.4063
11,2025-02-01,0.8536,0.265,0.1497,0.3216,0.0614,0.6744
12,2025-02-01,1.0,0.3097,0.1605,0.3829,-0.005,0.493
13,2025-02-01,0.605,0.4124,0.213,0.3821,-0.0186,0.4393
14,2025-02-01,0.5202,0.3019,0.1616,0.386,0.1218,0.7128
15,2025-02-01,0.999,0.3509,0.1878,0.3783,0.0211,0.5483
16,2025-02-01,1.0,0.3333,0.2049,0.2446,-0.0899,0.278
17,2025-02-01,1.0,0.3678,0.1751,0.4417,0.1145,0.816
18,2025-02-01,0.9289,0.3267,0.1658,0.406,0.0619,0.6113
19,2025-02-01,1.0,0.286,0.1422,0.3176,-0.0191,0.451
20,2025-02-01,1.0,0.2968,0.1843,0.1671,-0.132,0.2173
21,2025-02-01,0.9228,0.3269,0.1774,0.3332,-0.0007,0.4962
22,2025-02-01,1.0,0.6551,0.356,0.4726,-0.2545,0.2379
23,2025-02-01,0.9995,0.4172,0.2169,0.3875,-0.0522,0.4005
24,2025-02-01,1.0,0.2623,0.1638,0.1604,-0.0942,0.3318
25,2025-02-01,0.9989,0.6439,0.3367,0.3678,-0.2884,0.1247
1,2025-02-04,1.0,0.2357,0.126,0.2809,0.0549,0.6391
2,2025-02-04,0.9974,0.4539,0.2197,0.4977,0.0786,0.6422
3,2025-02-04,1.0,0.2639,0.1387,0.4036,0.1675,0.8314
4,2025-02-04,1.0,0.3122,0.17,0.3893,0.1049,0.7146
5,2025-02-04,0.9799,0.0644,0.0069,0.217,0.1025,0.6138
6,2025-02-04,1.0,0.2647,0.1504,0.3214,0.0613,0.6437
7,2025-02-04,1.0,0.3333,0.1807,0.4584,0.1459,0.7888
8,2025-02-04,1.0,0.4196,0.2005,0.4928,0.103,0.7339
9,2025-02-04,1.0,0.4078,0.2162,0.4377,0.0109,0.5221
10,2025-02-04,1.0,0.3328,0.178,0.3897,0.0488,0.5976
11,2025-02-04,1.0,0.2493,0.1379,0.363,0.1253,0.7982
12,2025-02-04,1.0,0.3005,0.1514,0.4315,0.0498,0.5683
13,2025-02-04,1.0,0.371,0.1854,0.4216,0.0818,0.772
14,2025-02-04,1.0,0.3194,0.1728,0.5009,0.2003,0.8571
15,2025-02-04,1.0,0.333,0.182,0.4204,0.0913,0.7078
16,2025-02-04,1.0,0.329,0.2013,0.2907,-0.0411,0.4024
17,2025-02-04,1.0,0.345,0.1616,0.5074,0.2292,0.915
18,2025-02-04,1.0,0.3196,0.1652,0.4272,0.0915,0.6516
19,2025-02-04,1.0,0.2619,0.1287,0.3574,0.0274,0.5772
20,2025-02-04,1.0,0.2822,0.1722,0.199,-0.0632,0.3424
21,2025-02-04,0.9996,0.3193,0.1734,0.4001,0.0599,0.6853
22,2025-02-04,1.0,0.6184,0.3414,0.5005,-0.1492,0.321
23,2025-02-04,1.0,0.3922,0.203,0.4146,0.006,0.514
24,2025-02-04,1.0,0.2255,0.1358,0.1895,-0.034,0.44
25,2025-02-04,1.0,0.5862,0.3205,0.3831,-0.1859,0.1349
1,2025-02-06,0.9508,0.2192,0.1237,0.306,0.0828,0.6974
2,2025-02-06,1.0,0.4052,0.1973,0.5065,0.166,0.7717
3,2025-02-06,1.0,0.2426,0.1302,0.4575,0.2377,0.8832
4,2025-02-06,0.8972,0.2976,0.1675,0.4315,0.182,0.7809
5,2025-02-06,0.8951,0.0533,-0.002,0.179,0.1347,0.632
6,2025-02-06,0.9077,0.2469,0.142,0.3727,0.1255,0.7504
7,2025-02-06,1.0,0.3082,0.1726,0.4924,0.2206,0.8885
8,2025-02-06,0.9996,0.3785,0.1879,0.5029,0.1678,0.8413
9,2025-02-06,0.411,0.3381,0.1928,0.4425,0.0559,0.5913
10,2025-02-06,1.0,0.3168,0.178,0.4208,0.1058,0.6934
11,2025-02-06,1.0,0.2303,0.1359,0.4032,0.1842,0.8816
12,2025-02-06,0.6403,0.2711,0.1427,0.444,0.1089,0.6446
13,2025-02-06,1.0,0.356,0.1863,0.4534,0.1489,0.8668
14,2025-02-06,1.0,0.2952,0.1668,0.5412,0.2801,0.9236
15,2025-02-06,0.8975,0.3208,0.1872,0.4418,0.1351,0.7782
16,2025-02-06,1.0,0.3042,0.1991,0.3407,0.0358,0.6143
17,2025-02-06,1.0,0.3056,0.1372,0.5615,0.3566,0.9647
18,2025-02-06,1.0,0.3022,0.167,0.4478,0.1271,0.6691
19,2025-02-06,1.0,0.2441,0.1202,0.3778,0.0778,0.6868
20,2025-02-06,0.9921,0.2685,0.1688,0.2491,0.0062,0.513
21,2025-02-06,1.0,0.3008,0.1751,0.4396,0.1054,0.7999
22,2025-02-06,0.0621,0.5101,0.2581,0.4648,0.0195,0.5789
23,2025-02-06,1.0,0.3687,0.2022,0.4104,0.0303,0.561
24,2025-02-06,1.0,0.2259,0.1462,0.2036,-0.0193,0.4747
25,2025-02-06,0.7454,0.5669,0.3429,0.3853,-0.1689,0.1788
1,2025-02-11,0.9164,0.1719,0.0749,0.2329,0.1197,0.6662
2,2025-02-11,0.9997,0.3937,0.1805,0.4315,0.0671,0.6249
3,2025-02-11,1.0,0.2272,0.1131,0.3601,0.129,0.8128
4,2025-02-11,1.0,0.2782,0.1459,0.2878,0.0237,0.5582
5,2025-02-11,0.9962,0.0447,-0.0006,0.1555,0.0538,0.5805
6,2025-02-11,0.9962,0.2295,0.1287,0.2358,0.0032,0.5083
7,2025-02-11,0.9543,0.2684,0.1215,0.3535,0.13,0.757
8,2025-02-11,1.0,0.3689,0.1696,0.4103,0.0587,0.6426
9,2025-02-11,0.8419,0.3193,0.1721,0.323,-0.0203,0.4564
10,2025-02-11,0.9118,0.2874,0.1483,0.2865,-0.0164,0.4638
11,2025-02-11,1.0,0.1887,0.086,0.3147,0.1415,0.8468
12,2025-02-11,0.7717,0.1913,0.0704,0.3171,0.0535,0.6063
13,2025-02-11,0.6819,0.3561,0.1738,0.3038,-0.0262,0.4065
14,2025-02-11,1.0,0.2598,0.1223,0.4078,0.1795,0.8341
15,2025-02-11,0.7487,0.3044,0.1526,0.3642,0.0798,0.6773
16,2025-02-11,1.0,0.2752,0.1532,0.247,-0.0053,0.4871
17,2025-02-11,0.9585,0.3159,0.1529,0.3983,0.1092,0.8488
18,2025-02-11,1.0,0.2918,0.1498,0.3546,0.0349,0.5709
19,2025-02-11,0.8364,0.2896,0.1351,0.2728,-0.0478,0.3578
20,2025-02-11,1.0,0.2603,0.1595,0.1524,-0.1196,0.2491
21,2025-02-11,0.8784,0.277,0.1332,0.331,0.0923,0.7621
22,2025-02-11,0.9724,0.5296,0.2716,0.4451,-0.0833,0.4104
23,2025-02-11,1.0,0.3506,0.1742,0.336,-0.0413,0.4174
24,2025-02-11,1.0,0.2155,0.1403,0.1168,-0.1156,0.3017
25,2025-02-11,1.0,0.5289,0.2573,0.331,-0.1715,0.21
1,2025-02-21,0.396,0.1843,0.1007,0.2246,0.036,0.5974
2,2025-02-21,0.3829,0.3881,0.1774,0.4271,0.0609,0.6057
3,2025-02-21,0.597,0.2039,0.1033,0.4159,0.2188,0.8403
4,2025-02-21,0.1929,0.2594,0.161,0.2818,0.0205,0.5508
5,2025-02-21,0.7352,0.0199,-0.0025,0.1221,0.0783,0.6092
6,2025-02-21,0.5904,0.2245,0.1245,0.3285,0.0816,0.7057
7,2025-02-21,0.584,0.2493,0.1195,0.4207,0.1864,0.8067
8,2025-02-21,0.8311,0.3322,0.1531,0.4244,0.085,0.7096
9,2025-02-21,0.1298,0.0216,0.003,-0.0366,-0.09,0.3396
10,2025-02-21,0.3824,0.2501,0.1258,0.3507,0.0598,0.6028
11,2025-02-21,0.1063,0.2127,0.1071,0.3276,0.101,0.7446
12,2025-02-21,0.1641,0.0438,-0.0027,0.1114,0.0477,0.5505
13,2025-02-21,0.3262,0.3155,0.1576,0.3516,0.0426,0.6414
14,2025-02-21,0.4147,0.2132,0.1066,0.4798,0.2917,0.8917
15,2025-02-21,0.2452,0.2792,0.1557,0.397,0.0961,0.7115
16,2025-02-21,0.3365,0.2885,0.1782,0.2992,-0.0048,0.4842
17,2025-02-21,0.4758,0.275,0.1078,0.4829,0.2554,0.9606
18,2025-02-21,0.4788,0.2501,0.1218,0.4723,0.2467,0.8764
19,2025-02-21,0.4884,0.1866,0.0803,0.308,0.1206,0.7666
20,2025-02-21,0.2655,0.267,0.1734,0.1881,-0.1112,0.0863
21,2025-02-21,0.3722,0.1693,0.0941,0.307,0.1321,0.7712
22,2025-02-21,0.3164,0.4242,0.1941,0.3847,-0.0369,0.4372
23,2025-02-21,0.3719,0.3003,0.1518,0.3645,0.067,0.6746
24,2025-02-21,0.498,0.2344,0.1371,0.2127,-0.052,0.4194
25,2025-02-21,0.667,0.51,0.2776,0.2969,-0.2498,0.0938
1,2025-03-01,1.0,0.2114,0.1126,0.2025,-0.0435,0.3867
2,2025-03-01,1.0,0.3836,0.1958,0.362,-0.0655,0.3971
3,2025-03-01,1.0,0.2411,0.132,0.3101,0.0584,0.6455
4,2025-03-01,1.0,0.3059,0.172,0.2725,-0.0767,0.3007
5,2025-03-01,1.0,0.0368,-0.0061,0.1345,0.0111,0.5253
6,2025-03-01,1.0,0.2431,0.1402,0.2106,-0.0767,0.2836
7,2025-03-01,1.0,0.3247,0.1816,0.3162,-0.0378,0.4287
8,2025-03-01,1.0,0.394,0.2046,0.3473,-0.1059,0.2593
9,2025-03-01,0.9819,0.3799,0.2108,0.319,-0.1105,0.2949
10,2025-03-01,1.0,0.3343,0.1835,0.2582,-0.1411,0.2177
11,2025-03-01,1.0,0.227,0.1284,0.2508,0.0057,0.5183
12,2025-03-01,1.0,0.273,0.1362,0.3328,-0.0347,0.4302
13,2025-03-01,1.0,0.3726,0.1941,0.2811,-0.1426,0.1402
14,2025-03-01,1.0,0.2772,0.1555,0.3452,0.0844,0.6705
15,2025-03-01,1.0,0.2995,0.1653,0.315,-0.0313,0.4289
16,2025-03-01,1.0,0.3192,0.1929,0.1877,-0.1828,0.0963
17,2025-03-01,1.0,0.3221,0.1609,0.3554,0.0109,0.5301
18,2025-03-01,1.0,0.2848,0.1538,0.3432,0.0061,0.5106
19,2025-03-01,1.0,0.2889,0.1369,0.2298,-0.1506,0.1918
20,2025-03-01,1.0,0.2854,0.1729,0.1203,-0.2144,0.1008
21,2025-03-01,0.9357,0.2502,0.1402,0.2716,-0.0063,0.4761
22,2025-03-01,1.0,0.5801,0.3254,0.3895,-0.4105,0.1589
23,2025-03-01,1.0,0.3524,0.1887,0.2723,-0.1603,0.2009
24,2025-03-01,1.0,0.2558,0.1495,0.0972,-0.2057,0.1764
25,2025-03-01,1.0,0.5693,0.3082,0.232,-0.4656,0.0484
1,2025-03-03,0.9266,0.2251,0.1163,0.2612,0.0511,0.6501
2,2025-03-03,1.0,0.4163,0.1986,0.4537,0.0912,0.6934
3,2025-03-03,1.0,0.2523,0.1198,0.4422,0.2305,0.8983
4,2025-03-03,1.0,0.2991,0.1602,0.3705,0.1003,0.7398
5,2025-03-03,1.0,0.0525,0.0012,0.1586,0.0905,0.6215
6,2025-03-03,1.0,0.2447,0.1293,0.3163,0.0804,0.7166
7,2025-03-03,0.9913,0.3136,0.1661,0.4274,0.1391,0.8118
8,2025-03-03,1.0,0.3886,0.1813,0.4462,0.0905,0.7476
9,2025-03-03,0.9921,0.3788,0.1985,0.411,0.0313,0.5689
10,2025-03-03,1.0,0.3084,0.1601,0.3678,0.0457,0.595
11,2025-03-03,1.0,0.2357,0.1268,0.3463,0.1228,0.8261
12,2025-03-03,0.9736,0.2823,0.136,0.4083,0.0597,0.5938
13,2025-03-03,1.0,0.3409,0.1675,0.3824,0.0663,0.7431
14,2025-03-03,1.0,0.2952,0.1557,0.4738,0.1919,0.871
15,2025-03-03,0.7608,0.343,0.1759,0.3988,0.0737,0.6672
16,2025-03-03,1.0,0.2987,0.1788,0.2692,-0.0256,0.4273
17,2025-03-03,1.0,0.3238,0.1441,0.4772,0.2222,0.9492
18,2025-03-03,1.0,0.2959,0.1361,0.4867,0.2376,0.8012
19,2025-03-03,1.0,0.2532,0.1108,0.3836,0.0918,0.7381
20,2025-03-03,1.0,0.2631,0.1552,0.1972,-0.0408,0.3735
21,2025-03-03,0.9876,0.3009,0.1638,0.3752,0.048,0.6617
22,2025-03-03,1.0,0.544,0.3004,0.4505,-0.099,0.3411
23,2025-03-03,1.0,0.351,0.1749,0.3935,0.0424,0.6026
24,2025-03-03,1.0,0.2302,0.1277,0.2341,0.0251,0.5805
25,2025-03-03,1.0,0.5013,0.2736,0.3155,-0.1769,0.1175
1,2025-03-06,1.0,0.2028,0.1206,0.2934,0.062,0.6643
2,2025-03-06,1.0,0.3448,0.1611,0.4657,0.1574,0.7465
3,2025-03-06,1.0,0.2106,0.0986,0.4742,0.2703,0.8928
4,2025-03-06,1.0,0.2646,0.1521,0.4027,0.1459,0.7803
5,2025-03-06,0.9973,0.0274,-0.008,0.1432,0.1019,0.6089
6,2025-03-06,1.0,0.2133,0.1217,0.3598,0.1237,0.7398
7,2025-03-06,1.0,0.2953,0.1744,0.4589,0.1611,0.794
8,2025-03-06,0.9941,0.3348,0.1695,0.4544,0.1118,0.7496
9,2025-03-06,1.0,0.3524,0.2262,0.4258,0.0174,0.5293
10,2025-03-06,1.0,0.2986,0.1758,0.4,0.0479,0.5787
11,2025-03-06,1.0,0.2135,0.1277,0.3778,0.1448,0.8181
12,2025-03-06,1.0,0.2597,0.1434,0.4372,0.0659,0.5852
13,2025-03-06,1.0,0.3297,0.1734,0.4095,0.0877,0.7429
14,2025-03-06,1.0,0.2633,0.1524,0.5128,0.232,0.8535
15,2025-03-06,1.0,0.2944,0.1705,0.4176,0.0895,0.6886
16,2025-03-06,1.0,0.2938,0.2039,0.302,-0.025,0.4334
17,2025-03-06,1.0,0.2652,0.1052,0.5232,0.3016,0.9406
18,2025-03-06,1.0,0.2466,0.1081,0.4951,0.2828,0.7896
19,2025-03-06,0.9629,0.2142,0.086,0.3763,0.142,0.7243
20,2025-03-06,1.0,0.2478,0.1696,0.2405,-0.0031,0.49
21,2025-03-06,1.0,0.2709,0.1597,0.435,0.0819,0.7121
22,2025-03-06,1.0,0.5189,0.3203,0.4592,-0.1951,0.3098
23,2025-03-06,0.6771,0.2846,0.1498,0.3993,0.1015,0.7236
24,2025-03-06,1.0,0.2236,0.1502,0.2468,0.0281,0.5851
25,2025-03-06,1.0,0.5632,0.3644,0.3287,-0.2941,0.0794
1,2025-03-08,0.1948,0.161,0.0765,0.2774,0.1206,0.8072
2,2025-03-08,0.0696,0.3179,0.0846,0.4881,0.3132,0.9157
3,2025-03-08,1.0,0.2056,0.0852,0.4761,0.318,0.9648
4,2025-03-08,0.0408,0.2522,0.1278,0.4071,0.2336,0.9494
5,2025-03-08,0.3531,0.0398,-0.0107,-0.0236,-0.05,0.3926
6,2025-03-08,0.2343,0.1795,0.0841,0.3466,0.1814,0.7052
7,2025-03-08,0.5287,0.2054,0.0736,0.4537,0.3168,0.9532
8,2025-03-08,0.0106,0.2334,0.1102,0.3628,0.1814,0.8523
9,2025-03-08,0.0955,0.0418,-0.0081,-0.0401,-0.0948,0.2677
10,2025-03-08,0.3571,0.2357,0.1136,0.3925,0.1068,0.6842
11,2025-03-08,0.7238,0.1833,0.0895,0.4143,0.2659,0.9769
12,2025-03-08,0.1095,0.0417,-0.0127,-0.0182,-0.0292,0.4422
13,2025-03-08,0.498,0.2478,0.0955,0.417,0.2579,0.9423
14,2025-03-08,0.2788,0.1759,0.0713,0.5513,0.4373,1.0
15,2025-03-08,0.1901,0.2737,0.1526,0.4448,0.1957,0.8481
16,2025-03-08,0.0601,0.253,0.148,0.3568,0.137,0.9831
17,2025-03-08,0.0535,0.2243,0.0304,0.6137,0.5154,1.0
18,2025-03-08,0.0127,0.2431,0.1284,0.1472,-0.1389,0.1087
19,2025-03-08,0.3382,0.1719,0.0504,0.4398,0.3049,0.8262
21,2025-03-08,0.1047,0.1667,0.0769,0.3505,0.2395,0.8136
23,2025-03-08,0.1323,0.1835,0.0897,0.339,0.1823,0.8481
24,2025-03-08,0.0433,0.1325,0.0788,-0.0198,-0.1599,0.3026
25,2025-03-08,0.0365,0.0269,-0.0314,-0.0186,-0.0452,0.3582
1,2025-03-16,0.7885,0.2187,0.1109,0.2476,0.0285,0.5743
3,2025-03-16,1.0,0.2545,0.1273,0.3858,0.1565,0.808
4,2025-03-16,0.4396,0.3006,0.1526,0.3708,0.0909,0.7592
5,2025-03-16,0.7407,0.0457,0.0,0.0925,0.0235,0.534
6,2025-03-16,0.5767,0.2496,0.1324,0.2636,0.0307,0.5782
7,2025-03-16,0.8962,0.3234,0.172,0.4025,0.0883,0.687
8,2025-03-16,0.1263,0.2527,0.1213,0.3625,0.1416,0.9391
9,2025-03-16,0.2572,0.3044,0.1646,0.3365,-0.0328,0.4319
10,2025-03-16,0.5265,0.2805,0.1475,0.3235,-0.004,0.4919
11,2025-03-16,1.0,0.2361,0.1244,0.3187,0.0942,0.7627
12,2025-03-16,0.5517,0.2527,0.1165,0.3822,0.0666,0.607
13,2025-03-16,0.8149,0.3493,0.1709,0.3529,0.016,0.5541
14,2025-03-16,0.9808,0.2905,0.155,0.4208,0.1426,0.7933
15,2025-03-16,0.9235,0.3097,0.1619,0.3797,0.0754,0.674
16,2025-03-16,0.9602,0.3123,0.1868,0.2399,-0.0747,0.3188
17,2025-03-16,0.0904,0.2575,0.1182,0.4353,0.2271,0.979
18,2025-03-16,0.7517,0.2811,0.1339,0.4482,0.1955,0.8293
19,2025-03-16,0.5169,0.2618,0.1087,0.3786,0.0995,0.7949
20,2025-03-16,0.9925,0.2727,0.1629,0.1603,-0.0866,0.282
21,2025-03-16,0.2666,0.1903,0.0967,0.3089,0.1441,0.7887
24,2025-03-16,0.1867,0.2973,0.1311,0.3634,0.1065,0.8232
25,2025-03-16,0.4848,0.4702,0.2707,0.3465,-0.0817,0.1594
1,2025-03-18,1.0,0.2251,0.1217,0.2556,0.0261,0.5731
2,2025-03-18,1.0,0.4123,0.2159,0.4391,0.0394,0.578
3,2025-03-18,1.0,0.2563,0.1375,0.4027,0.1692,0.81
4,2025-03-18,1.0,0.2952,0.1682,0.3437,0.0505,0.6088
5,2025-03-18,1.0,0.0467,0.0005,0.1365,0.0473,0.5641
6,2025-03-18,1.0,0.2412,0.1406,0.2672,0.0177,0.545
7,2025-03-18,1.0,0.3144,0.1832,0.4117,0.1031,0.7193
8,2025-03-18,1.0,0.3915,0.2028,0.439,0.0498,0.6198
9,2025-03-18,1.0,0.3826,0.2161,0.4021,-0.0081,0.4849
10,2025-03-18,1.0,0.3118,0.1788,0.3496,-0.0082,0.4797
11,2025-03-18,1.0,0.2369,0.1348,0.3321,0.0969,0.7664
12,2025-03-18,1.0,0.2807,0.1445,0.396,0.025,0.5332
13,2025-03-18,1.0,0.3498,0.1857,0.3755,0.03,0.5993
14,2025-03-18,1.0,0.2938,0.1679,0.4422,0.153,0.8067
15,2025-03-18,1.0,0.3195,0.1805,0.3941,0.0599,0.6245
16,2025-03-18,1.0,0.3138,0.2027,0.2504,-0.069,0.3307
17,2025-03-18,1.0,0.3178,0.1572,0.4453,0.1585,0.8996
18,2025-03-18,1.0,0.2878,0.1452,0.4705,0.1953,0.7354
19,2025-03-18,1.0,0.2822,0.1353,0.3818,0.0101,0.5199
20,2025-03-18,1.0,0.2724,0.173,0.1652,-0.1048,0.2671
21,2025-03-18,1.0,0.3027,0.1725,0.352,0.0152,0.5453
22,2025-03-18,1.0,0.5872,0.362,0.4337,-0.2299,0.2458
23,2025-03-18,1.0,0.358,0.2042,0.3921,0.008,0.5154
24,2025-03-18,1.0,0.233,0.1362,0.1793,-0.0612,0.3608
25,2025-03-18,1.0,0.5673,0.3431,0.3405,-0.2419,0.1061
1,2025-03-21,1.0,0.2072,0.1142,0.2285,0.0288,0.5945
2,2025-03-21,1.0,0.3554,0.186,0.3935,0.0731,0.7022
3,2025-03-21,1.0,0.238,0.1246,0.3859,0.173,0.8527
4,2025-03-21,1.0,0.2741,0.1569,0.3207,0.0637,0.6534
5,2025-03-21,1.0,0.0471,-0.0025,0.1031,0.0621,0.5905
6,2025-03-21,1.0,0.2257,0.1308,0.2447,0.0258,0.5792
7,2025-03-21,1.0,0.2856,0.1647,0.3781,0.1183,0.7785
8,2025-03-21,1.0,0.3414,0.178,0.3841,0.061,0.6988
9,2025-03-21,0.9978,0.3502,0.201,0.3771,0.0341,0.5766
10,2025-03-21,0.9986,0.2821,0.1595,0.3198,0.0191,0.5437
11,2025-03-21,1.0,0.2215,0.125,0.3041,0.0881,0.7833
12,2025-03-21,0.9981,0.2556,0.1301,0.3509,0.0468,0.5831
13,2025-03-21,1.0,0.3181,0.1711,0.3394,0.0418,0.6732
14,2025-03-21,1.0,0.273,0.1545,0.4315,0.1709,0.8703
15,2025-03-21,1.0,0.2907,0.1693,0.3489,0.0552,0.646
16,2025-03-21,1.0,0.2835,0.1808,0.2338,-0.049,0.3626
17,2025-03-21,1.0,0.2857,0.1426,0.4055,0.1607,0.9278
18,2025-03-21,1.0,0.2603,0.1311,0.443,0.2147,0.7628
19,2025-03-21,1.0,0.2447,0.1139,0.3378,0.0445,0.6179
20,2025-03-21,1.0,0.2482,0.1562,0.1472,-0.077,0.2943
21,2025-03-21,1.0,0.2775,0.1604,0.318,0.0239,0.5821
22,2025-03-21,1.0,0.4693,0.2848,0.4005,-0.0514,0.4107
23,2025-03-21,1.0,0.3151,0.1729,0.3392,0.0127,0.5301
24,2025-03-21,1.0,0.2146,0.1308,0.1587,-0.0429,0.3722
25,2025-03-21,1.0,0.4587,0.2812,0.28,-0.1637,0.1017
1,2025-03-25,0.4238,0.0443,-0.0507,0.2667,0.3739,0.7767
2,2025-03-25,1.0,0.2724,0.0782,0.4291,0.2699,0.9292
3,2025-03-25,1.0,0.1523,0.0134,0.5366,0.4671,0.9332
4,2025-03-25,0.9689,0.0822,-0.072,0.3972,0.4745,0.8737
5,2025-03-25,0.8553,0.0179,-0.0394,0.037,0.1921,0.6579
6,2025-03-25,1.0,0.0497,-0.0885,0.4165,0.4997,0.8689
7,2025-03-25,0.3224,0.1355,-0.0435,0.4459,0.4122,0.9589
8,2025-03-25,1.0,0.2404,0.0676,0.4103,0.2869,0.9418
9,2025-03-25,0.5514,0.2731,0.0908,0.4463,0.1525,0.7659
10,2025-03-25,0.6061,0.1522,0.0083,0.4158,0.2879,0.8049
11,2025-03-25,1.0,0.0421,-0.1074,0.5607,0.614,0.9865
12,2025-03-25,1.0,0.1104,-0.004,0.4041,0.2595,0.8249
13,2025-03-25,0.9751,0.1435,-0.0301,0.398,0.3601,0.9662
14,2025-03-25,0.3785,0.0536,-0.1042,0.6538,0.6984,0.9765
15,2025-03-25,0.044,0.2726,0.122,0.3636,0.1031,0.6995
16,2025-03-25,1.0,0.135,-0.0142,0.4915,0.4698,0.9797
17,2025-03-25,1.0,0.1227,-0.0787,0.5199,0.5089,0.9908
18,2025-03-25,1.0,0.2356,0.0809,0.4887,0.2798,0.7487
19,2025-03-25,1.0,0.2023,0.07,0.3515,0.1116,0.6998
20,2025-03-25,1.0,0.1164,-0.0285,0.3591,0.371,0.8933
21,2025-03-25,0.2626,0.2594,0.116,0.4308,0.1908,0.8649
22,2025-03-25,0.2028,0.4063,0.1968,0.3985,0.098,0.6636
23,2025-03-25,1.0,0.2545,0.0983,0.3804,0.1305,0.657
24,2025-03-25,1.0,0.1624,0.0763,0.1909,0.057,0.5333
25,2025-03-25,0.1132,0.0498,0.013,0.0501,-0.0912,0.2452
1,2025-03-26,1.0,0.1573,0.0324,0.2662,0.2158,0.7098
2,2025-03-26,1.0,0.3459,0.1248,0.4214,0.1105,0.6646
3,2025-03-26,1.0,0.2358,0.1134,0.3409,0.1061,0.7634
4,2025-03-26,1.0,0.2295,0.0692,0.366,0.2189,0.6775
5,2025-03-26,1.0,0.0316,-0.0148,0.0663,0.0791,0.5913
6,2025-03-26,1.0,0.2202,0.1054,0.2499,0.0438,0.5848
7,2025-03-26,0.9938,0.2359,0.0767,0.4321,0.2694,0.8545
8,2025-03-26,0.9989,0.3125,0.1284,0.3912,0.119,0.693
9,2025-03-26,0.4991,0.2421,0.0816,0.2634,0.0731,0.6137
10,2025-03-26,0.9819,0.2716,0.1229,0.3102,0.043,0.5758
11,2025-03-26,1.0,0.1838,0.0671,0.3342,0.1817,0.8873
12,2025-03-26,1.0,0.2026,0.0534,0.374,0.1173,0.6837
13,2025-03-26,1.0,0.3037,0.1182,0.3304,0.0882,0.6861
14,2025-03-26,1.0,0.2329,0.0946,0.4559,0.2511,0.902
15,2025-03-26,1.0,0.2669,0.1133,0.4001,0.1626,0.7362
16,2025-03-26,1.0,0.2875,0.1486,0.2389,-0.0064,0.4873
17,2025-03-26,1.0,0.2941,0.1334,0.3613,0.0913,0.7904
18,2025-03-26,0.9981,0.2788,0.1361,0.334,0.0392,0.5615
19,2025-03-26,1.0,0.2626,0.1144,0.2456,-0.0338,0.3904
20,2025-03-26,1.0,0.2618,0.14,0.144,-0.0808,0.381
21,2025-03-26,0.9987,0.2414,0.0934,0.3616,0.147,0.8076
22,2025-03-26,0.8229,0.5052,0.2576,0.4043,0.0017,0.5026
23,2025-03-26,1.0,0.3439,0.1671,0.3054,-0.0783,0.3591
24,2025-03-26,1.0,0.2097,0.1191,0.0628,-0.1616,0.2982
25,2025-03-26,1.0,0.556,0.2662,0.3401,-0.1874,0.228
1,2025-03-31,1.0,0.2071,0.1134,0.2185,0.0121,0.5382
2,2025-03-31,1.0,0.3752,0.1969,0.3928,0.037,0.5885
3,2025-03-31,1.0,0.2391,0.1257,0.3631,0.1471,0.812
4,2025-03-31,1.0,0.2728,0.1557,0.2986,0.0327,0.5818
5,2025-03-31,1.0,0.0419,-0.0027,0.0975,0.037,0.5569
6,2025-03-31,1.0,0.2246,0.1297,0.2254,0.0033,0.5108
7,2025-03-31,1.0,0.2938,0.1687,0.3608,0.075,0.6898
8,2025-03-31,1.0,0.3541,0.1841,0.3844,0.037,0.6078
9,2025-03-31,1.0,0.3583,0.2017,0.3525,-0.0066,0.4831
10,2025-03-31,1.0,0.2856,0.1624,0.2943,-0.0257,0.439
11,2025-03-31,1.0,0.2216,0.1231,0.2939,0.0739,0.7483
12,2025-03-31,1.0,0.2634,0.1322,0.3479,0.0135,0.5204
13,2025-03-31,1.0,0.3183,0.1704,0.3208,0.0133,0.5571
14,2025-03-31,1.0,0.2781,0.153,0.3915,0.1177,0.7884
15,2025-03-31,1.0,0.2879,0.163,0.3412,0.0372,0.5998
16,2025-03-31,1.0,0.282,0.1768,0.2087,-0.0787,0.2919
17,2025-03-31,1.0,0.2913,0.1449,0.3952,0.1331,0.8988
18,2025-03-31,1.0,0.2649,0.1348,0.4311,0.1806,0.747
19,2025-03-31,1.0,0.2492,0.116,0.3395,0.0105,0.5264
20,2025-03-31,1.0,0.2481,0.1518,0.1313,-0.1095,0.2445
21,2025-03-31,1.0,0.2844,0.1598,0.3029,-0.0047,0.4823
22,2025-03-31,1.0,0.507,0.308,0.39,-0.1622,0.272
23,2025-03-31,1.0,0.3203,0.1706,0.338,-0.0041,0.4885
24,2025-03-31,1.0,0.2125,0.1307,0.1416,-0.0761,0.3136
25,2025-03-31,1.0,0.4827,0.2864,0.2774,-0.2009,0.0903
1,2025-04-02,0.8507,0.2184,0.1144,0.2635,0.0339,0.6025
2,2025-04-02,1.0,0.395,0.1888,0.411,0.0506,0.6091
3,2025-04-02,1.0,0.242,0.1172,0.4028,0.1785,0.84
4,2025-04-02,0.9999,0.2751,0.1471,0.3334,0.0624,0.6569
5,2025-04-02,1.0,0.0407,-0.0043,0.1079,0.056,0.578
6,2025-04-02,0.9025,0.2323,0.1276,0.2704,0.0358,0.6037
7,2025-04-02,1.0,0.3,0.1578,0.3903,0.0971,0.7339
8,2025-04-02,1.0,0.3701,0.1758,0.4035,0.0516,0.6456
9,2025-04-02,0.9546,0.3565,0.1862,0.3714,0.0048,0.5086
10,2025-04-02,1.0,0.2877,0.1536,0.327,-0.0008,0.4981
11,2025-04-02,1.0,0.2253,0.1215,0.3171,0.0918,0.77
12,2025-04-02,1.0,0.2678,0.128,0.3678,0.0308,0.5478
13,2025-04-02,1.0,0.3248,0.1632,0.3473,0.0317,0.6285
14,2025-04-02,1.0,0.2841,0.1477,0.4301,0.1432,0.816
15,2025-04-02,0.9957,0.2982,0.1543,0.3601,0.057,0.6454
16,2025-04-02,1.0,0.2829,0.1694,0.2318,-0.0651,0.3173
17,2025-04-02,1.0,0.3048,0.1381,0.434,0.1764,0.9226
18,2025-04-02,1.0,0.2635,0.1189,0.4631,0.2272,0.7769
19,2025-04-02,1.0,0.25,0.1107,0.3634,0.0539,0.6303
20,2025-04-02,1.0,0.2466,0.1492,0.1594,-0.0764,0.292
21,2025-04-02,0.9956,0.2799,0.1498,0.336,0.0252,0.5829
22,2025-04-02,1.0,0.5248,0.2946,0.4028,-0.1557,0.286
23,2025-04-02,1.0,0.3291,0.1677,0.3598,0.0207,0.5434
24,2025-04-02,1.0,0.2133,0.1243,0.1874,-0.0086,0.4758
25,2025-04-02,1.0,0.4835,0.2731,0.2859,-0.2027,0.0615
1,2025-04-05,1.0,0.2044,0.101,0.2594,0.0656,0.6948
2,2025-04-05,0.9917,0.3344,0.1429,0.4195,0.1346,0.7939
3,2025-04-05,1.0,0.2296,0.0983,0.4401,0.2451,0.9057
4,2025-04-05,1.0,0.2566,0.125,0.3581,0.1302,0.7627
5,2025-04-05,1.0,0.0406,-0.0057,0.0761,0.0897,0.6152
6,2025-04-05,1.0,0.2199,0.11,0.2953,0.088,0.7103
7,2025-04-05,1.0,0.2822,0.1433,0.4228,0.1667,0.8408
8,2025-04-05,0.9826,0.3241,0.1437,0.4055,0.1052,0.7929
9,2025-04-05,0.9887,0.3422,0.1718,0.3872,0.0507,0.6096
10,2025-04-05,1.0,0.2747,0.1379,0.3466,0.0517,0.6005
11,2025-04-05,1.0,0.2214,0.1154,0.3416,0.1345,0.8481
12,2025-04-05,1.0,0.2543,0.1127,0.3775,0.0771,0.6305
13,2025-04-05,1.0,0.3008,0.1373,0.3626,0.0915,0.8083
14,2025-04-05,1.0,0.2672,0.1346,0.4784,0.2268,0.9123
15,2025-04-05,1.0,0.2884,0.1487,0.3682,0.0881,0.702
16,2025-04-05,1.0,0.2808,0.1664,0.2623,-0.0104,0.4709
17,2025-04-05,1.0,0.2642,0.0999,0.4665,0.264,0.9536
18,2025-04-05,1.0,0.2494,0.0965,0.4671,0.2708,0.8026
19,2025-04-05,1.0,0.2251,0.0897,0.3468,0.0937,0.6927
20,2025-04-05,1.0,0.2393,0.1369,0.189,-0.0176,0.4419
21,2025-04-05,0.8514,0.235,0.1218,0.3331,0.0943,0.7858
22,2025-04-05,0.9902,0.4485,0.2388,0.398,0.0035,0.5059
23,2025-04-05,1.0,0.3137,0.1487,0.3624,0.0458,0.5948
24,2025-04-05,1.0,0.1992,0.112,0.1857,0.0072,0.5219
25,2025-04-05,1.0,0.4597,0.2586,0.2774,-0.1919,0.0653
1,2025-04-10,1.0,0.1772,0.0694,0.2618,0.1326,0.6776
2,2025-04-10,1.0,0.3605,0.1662,0.4143,0.0751,0.6535
3,2025-04-10,1.0,0.2335,0.1163,0.3426,0.1104,0.7744
4,2025-04-10,1.0,0.2622,0.1329,0.3038,0.072,0.6287
5,2025-04-10,1.0,0.0469,-0.0043,0.051,0.0455,0.5646
6,2025-04-10,1.0,0.2274,0.1277,0.2216,0.0068,0.5194
7,2025-04-10,1.0,0.2562,0.1116,0.3947,0.1982,0.8275
8,2025-04-10,1.0,0.3355,0.1577,0.3985,0.0899,0.6894
9,2025-04-10,1.0,0.3481,0.1822,0.3484,0.0408,0.5719
10,2025-04-10,1.0,0.2771,0.1449,0.2871,0.0048,0.5128
11,2025-04-10,1.0,0.1961,0.0852,0.3157,0.1436,0.8869
12,2025-04-10,1.0,0.2309,0.0866,0.3558,0.1101,0.6998
13,2025-04-10,1.0,0.3141,0.152,0.3156,0.0434,0.6415
14,2025-04-10,1.0,0.2529,0.1144,0.4389,0.21,0.9073
15,2025-04-10,1.0,0.2807,0.1441,0.3539,0.1,0.7249
16,2025-04-10,1.0,0.2697,0.1478,0.2314,0.0009,0.5018
17,2025-04-10,1.0,0.2941,0.1456,0.3712,0.1036,0.8515
18,2025-04-10,1.0,0.2746,0.144,0.3301,0.0416,0.5751
19,2025-04-10,1.0,0.2501,0.1233,0.2567,-0.0183,0.4261
20,2025-04-10,1.0,0.2565,0.1552,0.1272,-0.1128,0.2707
21,2025-04-10,1.0,0.2498,0.1106,0.3193,0.1271,0.7689
22,2025-04-10,1.0,0.5001,0.2735,0.4199,-0.0252,0.4785
23,2025-04-10,1.0,0.3193,0.1688,0.3037,-0.0374,0.4096
24,2025-04-10,1.0,0.1942,0.1184,0.0543,-0.1479,0.2669
25,2025-04-10,1.0,0.4664,0.2457,0.353,-0.0585,0.3547
1,2025-04-12,0.9479,0.2017,0.0976,0.2177,0.0038,0.5094
2,2025-04-12,0.9926,0.3833,0.1736,0.3726,0.003,0.506
3,2025-04-12,1.0,0.2408,0.1189,0.3374,0.1083,0.7492
4,2025-04-12,1.0,0.2782,0.1404,0.2871,0.0048,0.5111
5,2025-04-12,1.0,0.0337,-0.0083,0.0643,0.03,0.5632
6,2025-04-12,1.0,0.2313,0.124,0.2123,-0.0199,0.4393
7,2025-04-12,1.0,0.2967,0.1439,0.3464,0.065,0.6569
8,2025-04-12,0.9812,0.3677,0.1681,0.3635,-0.001,0.4975
9,2025-04-12,0.6223,0.4248,0.2084,0.3811,-0.0549,0.3546
10,2025-04-12,1.0,0.2941,0.1437,0.2797,-0.0492,0.3902
11,2025-04-12,1.0,0.2246,0.1128,0.2792,0.0694,0.724
12,2025-04-12,1.0,0.2646,0.1157,0.3318,0.0109,0.5183
13,2025-04-12,0.9949,0.3329,0.1562,0.2917,-0.0329,0.3709
14,2025-04-12,0.8456,0.2747,0.134,0.3788,0.1243,0.7504
15,2025-04-12,0.8443,0.2839,0.1364,0.322,0.0417,0.6058
16,2025-04-12,1.0,0.2894,0.1645,0.2024,-0.0976,0.2499
17,2025-04-12,1.0,0.3068,0.1346,0.3789,0.0921,0.8211
18,2025-04-12,1.0,0.2605,0.1243,0.3781,0.1192,0.674
19,2025-04-12,1.0,0.2658,0.1235,0.2799,-0.073,0.3489
20,2025-04-12,1.0,0.2604,0.1502,0.1231,-0.1386,0.1741
21,2025-04-12,0.941,0.2539,0.1307,0.2844,0.016,0.545
22,2025-04-12,0.8051,0.5174,0.2778,0.392,-0.2008,0.2821
23,2025-04-12,1.0,0.3312,0.1595,0.291,-0.0648,0.3488
24,2025-04-12,1.0,0.2319,0.1344,0.103,-0.1538,0.2305
25,2025-04-12,1.0,0.4877,0.2512,0.2545,-0.2499,0.1121
1,2025-04-14,1.0,0.2148,0.1146,0.2127,-0.0248,0.4288
2,2025-04-14,1.0,0.3935,0.1998,0.3629,-0.0321,0.4306
3,2025-04-14,1.0,0.2427,0.13,0.3426,0.1048,0.7267
4,2025-04-14,1.0,0.2889,0.1598,0.287,-0.0143,0.4602
5,2025-04-14,1.0,0.0373,-0.0079,0.0666,0.0095,0.5219
6,2025-04-14,1.0,0.2358,0.136,0.221,-0.0268,0.4183
7,2025-04-14,1.0,0.3069,0.1734,0.3392,0.024,0.5545
8,2025-04-14,1.0,0.3824,0.1939,0.3583,-0.0365,0.4077
9,2025-04-14,1.0,0.3701,0.2153,0.3316,-0.0639,0.3688
10,2025-04-14,1.0,0.3061,0.1702,0.2815,-0.0737,0.3314
11,2025-04-14,1.0,0.2308,0.1298,0.2814,0.0476,0.6636
12,2025-04-14,1.0,0.2787,0.1383,0.3311,-0.0254,0.4517
13,2025-04-14,1.0,0.3446,0.1803,0.2947,-0.0562,0.2955
14,2025-04-14,1.0,0.2818,0.1553,0.3715,0.078,0.6931
15,2025-04-14,1.0,0.2985,0.1642,0.3295,0.0125,0.5307
16,2025-04-14,1.0,0.2963,0.1865,0.2012,-0.1313,0.185
17,2025-04-14,1.0,0.3137,0.1515,0.3766,0.0822,0.769
18,2025-04-14,1.0,0.2657,0.134,0.3953,0.1303,0.6704
19,2025-04-14,1.0,0.2712,0.1324,0.2949,-0.0773,0.3432
20,2025-04-14,1.0,0.2674,0.1643,0.1205,-0.156,0.1594
21,2025-04-14,1.0,0.2835,0.156,0.2975,-0.0284,0.4179
22,2025-04-14,1.0,0.5585,0.3283,0.3597,-0.3096,0.1822
23,2025-04-14,1.0,0.3407,0.1811,0.3022,-0.0763,0.3332
24,2025-04-14,1.0,0.2468,0.1492,0.107,-0.1612,0.2163
25,2025-04-14,1.0,0.5172,0.3037,0.2467,-0.3156,0.0343
1,2025-04-17,1.0,0.1974,0.0998,0.2194,0.019,0.5662
2,2025-04-17,1.0,0.3461,0.172,0.367,0.0441,0.6104
3,2025-04-17,1.0,0.2278,0.1118,0.3606,0.1566,0.8584
4,2025-04-17,1.0,0.2585,0.14,0.2992,0.0452,0.6323
5,2025-04-17,1.0,0.0385,-0.0163,0.0852,0.0605,0.6377
6,2025-04-17,1.0,0.2131,0.1133,0.2423,0.0296,0.5981
7,2025-04-17,1.0,0.2754,0.149,0.3419,0.0795,0.7397
8,2025-04-17,1.0,0.3333,0.1677,0.3525,0.0297,0.5991
9,2025-04-17,0.9806,0.3283,0.1769,0.3374,0.0052,0.5146
10,2025-04-17,1.0,0.2698,0.1436,0.2881,-0.0106,0.4721
11,2025-04-17,1.0,0.2141,0.1125,0.2824,0.0767,0.767
12,2025-04-17,1.0,0.2552,0.1223,0.3404,0.0364,0.5826
13,2025-04-17,1.0,0.3003,0.1566,0.29,0.0004,0.5016
14,2025-04-17,1.0,0.262,0.137,0.3951,0.14,0.8542
15,2025-04-17,1.0,0.268,0.1404,0.3193,0.0468,0.6433
16,2025-04-17,1.0,0.2632,0.1592,0.207,-0.07,0.2717
17,2025-04-17,1.0,0.2793,0.1324,0.3783,0.1341,0.9248
18,2025-04-17,1.0,0.2458,0.1137,0.405,0.1896,0.7694
19,2025-04-17,1.0,0.2291,0.1065,0.2756,-0.0154,0.454
20,2025-04-17,1.0,0.2346,0.1386,0.1368,-0.0915,0.2301
21,2025-04-17,1.0,0.2617,0.1385,0.3107,0.0299,0.6233
22,2025-04-17,1.0,0.4403,0.2595,0.3815,-0.0941,0.3322
23,2025-04-17,1.0,0.287,0.1481,0.2903,-0.0171,0.4503
24,2025-04-17,1.0,0.2097,0.1188,0.1327,-0.0673,0.2971
25,2025-04-17,0.9516,0.407,0.2444,0.231,-0.1988,0.0566
1,2025-04-20,1.0,0.2169,0.1166,0.2245,0.0024,0.5067
2,2025-04-20,1.0,0.3722,0.1924,0.3761,0.0127,0.5272
3,2025-04-20,1.0,0.2313,0.1195,0.3827,0.1668,0.8217
4,2025-04-20,1.0,0.2773,0.1563,0.313,0.0359,0.5821
5,2025-04-20,1.0,0.0431,-0.001,0.0573,0.0065,0.5113
6,2025-04-20,1.0,0.2308,0.1307,0.2586,0.0211,0.5542
7,2025-04-20,1.0,0.2975,0.1684,0.3779,0.0856,0.6949
8,2025-04-20,1.0,0.3582,0.1833,0.3685,0.0056,0.5133
9,2025-04-20,1.0,0.363,0.2018,0.3555,-0.0341,0.435
10,2025-04-20,1.0,0.2913,0.1665,0.3093,-0.0269,0.445
11,2025-04-20,1.0,0.2183,0.1214,0.305,0.0848,0.7588
12,2025-04-20,1.0,0.2737,0.138,0.3472,-0.0099,0.485
13,2025-04-20,1.0,0.3199,0.17,0.3202,0.0019,0.5058
14,2025-04-20,1.0,0.2782,0.1545,0.4253,0.1362,0.793
15,2025-04-20,1.0,0.2973,0.1685,0.3375,0.0263,0.5673
16,2025-04-20,1.0,0.2857,0.1803,0.2234,-0.0771,0.2924
17,2025-04-20,1.0,0.2912,0.1438,0.3867,0.1186,0.8426
18,2025-04-20,1.0,0.2588,0.1256,0.4355,0.191,0.728
19,2025-04-20,1.0,0.2344,0.1144,0.3225,0.0058,0.5128
20,2025-04-20,1.0,0.255,0.1614,0.1362,-0.1076,0.2514
21,2025-04-20,1.0,0.2921,0.1625,0.3187,-0.0178,0.4521
22,2025-04-20,1.0,0.5538,0.3333,0.3747,-0.2596,0.2402
23,2025-04-20,1.0,0.3153,0.1742,0.3223,-0.0249,0.44
24,2025-04-20,1.0,0.2229,0.1389,0.1484,-0.0788,0.3159
25,2025-04-20,1.0,0.4912,0.3003,0.2575,-0.2592,0.0511
1,2025-04-22,0.977,0.2213,0.1187,0.2486,-0.0298,0.4387
2,2025-04-22,1.0,0.4035,0.1885,0.3863,-0.0686,0.3884
3,2025-04-22,0.9454,0.2285,0.1196,0.3445,0.083,0.6604
4,2025-04-22,0.9934,0.3029,0.1595,0.3427,-0.0007,0.4989
5,2025-04-22,0.9782,0.0163,-0.013,0.0684,0.0428,0.6284
6,2025-04-22,1.0,0.2458,0.1351,0.2701,-0.0176,0.4603
7,2025-04-22,1.0,0.3261,0.1676,0.3953,0.0611,0.5997
8,2025-04-22,0.9946,0.4039,0.1868,0.3827,-0.0821,0.3486
9,2025-04-22,0.6035,0.4133,0.2178,0.3829,-0.0899,0.3449
10,2025-04-22,0.9589,0.3264,0.168,0.3229,-0.0749,0.3674
11,2025-04-22,1.0,0.2283,0.127,0.3194,0.0845,0.6952
12,2025-04-22,0.9989,0.2942,0.1425,0.368,-0.0262,0.4632
13,2025-04-22,0.8617,0.3645,0.1787,0.3171,-0.0639,0.3366
14,2025-04-22,0.9798,0.2745,0.1403,0.4447,0.1699,0.74
15,2025-04-22,0.9747,0.3035,0.1522,0.3707,0.0424,0.5684
16,2025-04-22,1.0,0.3397,0.2052,0.2528,-0.1476,0.2238
17,2025-04-22,1.0,0.3203,0.145,0.4026,0.0638,0.6596
18,2025-04-22,1.0,0.2467,0.1269,0.3184,0.0239,0.53
19,2025-04-22,1.0,0.2956,0.1472,0.2524,-0.1609,0.2464
20,2025-04-22,1.0,0.3029,0.1852,0.1446,-0.1919,0.1493
21,2025-04-22,0.811,0.2223,0.1292,0.3112,0.0355,0.5826
22,2025-04-22,0.9631,0.6209,0.3262,0.4279,-0.5337,0.1655
23,2025-04-22,1.0,0.3618,0.18,0.2747,-0.1632,0.2597
24,2025-04-22,1.0,0.2639,0.1602,0.0231,-0.3118,0.1713
25,2025-04-22,0.8732,0.6106,0.3216,0.2803,-0.4752,0.0642
1,2025-04-25,1.0,0.0912,-0.0319,0.2724,0.3152,0.7473
2,2025-04-25,0.9993,0.3156,0.1121,0.3938,0.1008,0.6548
3,2025-04-25,1.0,0.183,0.0706,0.3771,0.1664,0.7509
4,2025-04-25,1.0,0.1906,0.0316,0.3274,0.2657,0.7083
5,2025-04-25,1.0,0.0348,-0.0115,0.0319,0.0287,0.5309
6,2025-04-25,0.9781,0.1844,0.0576,0.2711,0.1048,0.6513
7,2025-04-25,1.0,0.1741,0.0072,0.3782,0.3059,0.8893
8,2025-04-25,1.0,0.2947,0.1222,0.3755,0.1074,0.6793
9,2025-04-25,0.9595,0.3349,0.1535,0.3456,-0.014,0.4705
10,2025-04-25,1.0,0.2246,0.0672,0.3311,0.0908,0.6173
11,2025-04-25,1.0,0.1158,-0.0252,0.4256,0.3817,0.9537
12,2025-04-25,1.0,0.1702,0.0305,0.3064,0.0426,0.5645
13,2025-04-25,1.0,0.2693,0.0974,0.3178,0.0949,0.6859
14,2025-04-25,1.0,0.166,0.0176,0.4473,0.3402,0.9287
15,2025-04-25,0.9998,0.1855,0.002,0.4428,0.3533,0.8276
16,2025-04-25,1.0,0.1879,0.0463,0.3497,0.2089,0.7864
17,2025-04-25,1.0,0.2799,0.1278,0.3746,0.1011,0.8037
18,2025-04-25,1.0,0.2646,0.1347,0.2994,-0.0178,0.4736
19,2025-04-25,1.0,0.2266,0.1133,0.2125,-0.0648,0.2518
20,2025-04-25,1.0,0.2113,0.075,0.2024,0.0749,0.5712
21,2025-04-25,1.0,0.1924,0.0592,0.3751,0.1775,0.8128
22,2025-04-25,1.0,0.5712,0.3061,0.344,-0.2388,0.3107
23,2025-04-25,1.0,0.2812,0.139,0.2695,-0.0628,0.3954
24,2025-04-25,1.0,0.1821,0.1154,0.0173,-0.2144,0.3022
25,2025-04-25,1.0,0.4641,0.2358,0.2865,-0.1356,0.2677
1,2025-04-30,1.0,0.2181,0.1162,0.2073,-0.0168,0.4491
2,2025-04-30,1.0,0.3624,0.1844,0.3443,-0.0162,0.46
3,2025-04-30,1.0,0.2396,0.1199,0.3656,0.1407,0.7814
4,2025-04-30,1.0,0.2749,0.1522,0.2852,0.0056,0.5159
5,2025-04-30,1.0,0.0438,0.0007,0.0673,-0.0012,0.4971
6,2025-04-30,1.0,0.2324,0.1277,0.2448,0.0097,0.5264
7,2025-04-30,1.0,0.3018,0.1699,0.3399,0.0336,0.5842
8,2025-04-30,1.0,0.3478,0.1765,0.3379,-0.0225,0.4402
9,2025-04-30,1.0,0.3586,0.1973,0.3298,-0.0544,0.3926
10,2025-04-30,1.0,0.2942,0.1629,0.2853,-0.0518,0.3843
11,2025-04-30,1.0,0.2268,0.1234,0.2825,0.0554,0.6873
12,2025-04-30,1.0,0.2859,0.1409,0.3232,-0.0446,0.4317
13,2025-04-30,1.0,0.3213,0.167,0.3047,-0.0142,0.438
14,2025-04-30,1.0,0.2901,0.1577,0.384,0.081,0.6979
15,2025-04-30,1.0,0.2944,0.1603,0.3214,0.0171,0.541
16,2025-04-30,1.0,0.2906,0.1775,0.1934,-0.1103,0.2065
17,2025-04-30,1.0,0.2853,0.1377,0.3604,0.0862,0.804
18,2025-04-30,1.0,0.2486,0.1218,0.3972,0.1466,0.7067
19,2025-04-30,1.0,0.23,0.1064,0.3174,0.008,0.5202
20,2025-04-30,1.0,0.253,0.1547,0.123,-0.1201,0.216
21,2025-04-30,1.0,0.2866,0.1583,0.3,-0.0261,0.4339
22,2025-04-30,1.0,0.537,0.3168,0.3324,-0.2922,0.1893
23,2025-04-30,1.0,0.3134,0.1651,0.3132,-0.0228,0.4473
24,2025-04-30,1.0,0.2169,0.1325,0.1363,-0.084,0.2652
25,2025-04-30,1.0,0.494,0.2921,0.2393,-0.2776,0.0277
1,2025-05-02,1.0,0.202,0.1011,0.2321,0.0133,0.5427
2,2025-05-02,1.0,0.3658,0.1663,0.3687,0.0218,0.549
3,2025-05-02,0.9876,0.2314,0.1028,0.3932,0.1872,0.8341
4,2025-05-02,1.0,0.2652,0.1312,0.318,0.0526,0.6356
5,2025-05-02,0.9826,0.0291,-0.007,0.0896,0.0498,0.586
6,2025-05-02,0.9982,0.2207,0.1107,0.2763,0.053,0.6459
7,2025-05-02,1.0,0.292,0.147,0.3704,0.0831,0.7051
8,2025-05-02,1.0,0.3548,0.1563,0.3615,0.0141,0.5408
9,2025-05-02,0.8131,0.3293,0.1689,0.3527,-0.009,0.4793
10,2025-05-02,1.0,0.2828,0.1407,0.3131,-0.0101,0.4758
11,2025-05-02,1.0,0.2205,0.1119,0.3081,0.0931,0.7565
12,2025-05-02,1.0,0.2669,0.119,0.3502,0.0184,0.5282
13,2025-05-02,1.0,0.3174,0.1493,0.3231,0.0102,0.5411
14,2025-05-02,1.0,0.2762,0.1329,0.4224,0.1418,0.8028
15,2025-05-02,1.0,0.2868,0.142,0.3359,0.0477,0.6221
16,2025-05-02,1.0,0.28,0.1622,0.2231,-0.0822,0.2704
17,2025-05-02,1.0,0.2915,0.1214,0.4133,0.159,0.8988
18,2025-05-02,1.0,0.2379,0.0998,0.4212,0.1968,0.7462
19,2025-05-02,1.0,0.2371,0.0993,0.3197,0.0278,0.554
20,2025-05-02,0.9529,0.2363,0.1328,0.1546,-0.0684,0.2903
21,2025-05-02,0.5958,0.1868,0.0883,0.282,0.0647,0.653
22,2025-05-02,1.0,0.5028,0.2666,0.3723,-0.1945,0.2547
23,2025-05-02,1.0,0.3119,0.1422,0.3144,-0.0079,0.4831
24,2025-05-02,1.0,0.2178,0.1224,0.1743,-0.04,0.3756
25,2025-05-02,0.9902,0.4597,0.2446,0.2447,-0.2453,0.0462
1,2025-05-04,1.0,0.2078,0.1064,0.2743,0.0462,0.6323
2,2025-05-04,1.0,0.3529,0.1565,0.4056,0.0835,0.6532
3,2025-05-04,1.0,0.224,0.0999,0.4299,0.232,0.8711
4,2025-05-04,1.0,0.261,0.1332,0.3645,0.1077,0.7329
5,2025-05-04,0.9574,0.0235,-0.0152,0.0954,0.0855,0.632
6,2025-05-04,0.984,0.2182,0.1107,0.3282,0.1034,0.743
7,2025-05-04,0.9483,0.2856,0.1526,0.423,0.1442,0.7977
8,2025-05-04,1.0,0.3434,0.1571,0.3984,0.0622,0.6568
9,2025-05-04,0.296,0.3529,0.1887,0.4073,0.074,0.6891
10,2025-05-04,0.8683,0.2787,0.1469,0.3549,0.0471,0.5961
11,2025-05-04,1.0,0.2147,0.1168,0.3441,0.1325,0.8195
12,2025-05-04,0.631,0.3282,0.1577,0.3775,0.0004,0.5003
13,2025-05-04,0.9956,0.3154,0.1552,0.3602,0.0659,0.7248
14,2025-05-04,0.9037,0.2672,0.1372,0.4773,0.2136,0.8552
15,2025-05-04,1.0,0.2874,0.1511,0.3679,0.0817,0.6806
16,2025-05-04,1.0,0.2797,0.1683,0.2667,-0.0397,0.386
17,2025-05-04,1.0,0.2742,0.1079,0.4734,0.2514,0.9316
18,2025-05-04,0.1189,0.1186,-0.0215,0.4022,0.2456,0.9093
19,2025-05-04,1.0,0.2283,0.0932,0.3397,0.0675,0.6173
20,2025-05-04,1.0,0.2371,0.1373,0.1969,-0.0306,0.4092
21,2025-05-04,1.0,0.2772,0.1477,0.3863,0.0734,0.7431
22,2025-05-04,1.0,0.4926,0.2739,0.3946,-0.1501,0.3313
23,2025-05-04,1.0,0.3121,0.151,0.346,0.0162,0.5355
24,2025-05-04,1.0,0.2178,0.1266,0.1952,-0.0195,0.4417
25,2025-05-04,1.0,0.4893,0.2777,0.2786,-0.2454,0.0664
1,2025-05-07,1.0,-0.0925,-0.1772,0.2408,0.4171,0.9553
2,2025-05-07,1.0,0.2188,0.0586,0.3306,0.2266,0.911
3,2025-05-07,1.0,-0.0042,-0.1672,0.414,0.5288,0.9804
4,2025-05-07,0.9945,-0.0255,-0.1503,0.2649,0.4125,0.9874
5,2025-05-07,1.0,-0.002,-0.0691,0.0211,0.2244,0.7021
6,2025-05-07,1.0,-0.1147,-0.217,0.2755,0.4667,0.9493
7,2025-05-07,0.9794,0.0593,-0.0818,0.3377,0.3889,0.9714
8,2025-05-07,1.0,0.1785,0.0333,0.3049,0.2331,0.9404
9,2025-05-07,0.9568,0.2088,0.0297,0.3616,0.1758,0.7727
10,2025-05-07,0.9499,0.0636,-0.036,0.2714,0.2464,0.8189
11,2025-05-07,1.0,-0.173,-0.2794,0.3256,0.562,0.9803
12,2025-05-07,1.0,0.0534,-0.0271,0.3019,0.2473,0.7998
13,2025-05-07,1.0,0.0757,-0.0567,0.2398,0.2611,0.9403
14,2025-05-07,0.9731,0.0,-0.1206,0.4111,0.5004,0.9674
15,2025-05-07,0.9969,0.064,-0.0644,0.2855,0.3178,0.9177
16,2025-05-07,1.0,-0.0404,-0.1673,0.2895,0.4133,0.9638
17,2025-05-07,1.0,0.0007,-0.1547,0.3183,0.4366,0.9927
18,2025-05-07,1.0,0.0556,-0.1162,0.3711,0.3929,0.8529
19,2025-05-07,1.0,0.0254,-0.13,0.2681,0.306,0.7381
20,2025-05-07,1.0,-0.0522,-0.1619,0.2398,0.3974,0.9509
21,2025-05-07,0.9965,0.083,-0.0509,0.3134,0.3087,0.984
22,2025-05-07,1.0,0.4252,0.2381,0.3435,-0.0254,0.4556
23,2025-05-07,0.9995,0.1411,0.0029,0.2657,0.1519,0.7608
24,2025-05-07,1.0,-0.044,-0.1733,0.2379,0.3763,0.9818
25,2025-05-07,0.9646,0.3308,0.1706,0.2143,-0.0793,0.2798
1,2025-05-12,0.9957,0.2111,0.0996,0.2015,-0.028,0.419
2,2025-05-12,1.0,0.3805,0.1718,0.3285,-0.05,0.3787
3,2025-05-12,1.0,0.2424,0.1139,0.3314,0.1098,0.7422
4,2025-05-12,1.0,0.2757,0.1364,0.2665,-0.0255,0.4265
5,2025-05-12,1.0,0.0272,-0.0075,0.0786,0.0224,0.5579
6,2025-05-12,1.0,0.2324,0.1193,0.2214,-0.0141,0.4559
7,2025-05-12,1.0,0.3043,0.1466,0.3256,0.0233,0.5536
8,2025-05-12,1.0,0.3691,0.1641,0.3227,-0.0514,0.3639
9,2025-05-12,1.0,0.357,0.181,0.3106,-0.0617,0.3671
10,2025-05-12,1.0,0.2911,0.1418,0.264,-0.0687,0.3418
11,2025-05-12,1.0,0.2261,0.1125,0.2727,0.0527,0.6699
12,2025-05-12,1.0,0.2826,0.124,0.3195,-0.0269,0.4522
13,2025-05-12,1.0,0.3323,0.1506,0.2739,-0.0607,0.2803
14,2025-05-12,1.0,0.2824,0.1372,0.3546,0.0795,0.6984
15,2025-05-12,1.0,0.2877,0.1367,0.3043,0.0129,0.5338
16,2025-05-12,1.0,0.2917,0.163,0.1898,-0.1315,0.1847
17,2025-05-12,1.0,0.3066,0.1323,0.3484,0.0564,0.7077
18,2025-05-12,1.0,0.2454,0.108,0.3636,0.1096,0.6649
19,2025-05-12,1.0,0.2619,0.1133,0.2762,-0.0529,0.394
20,2025-05-12,1.0,0.2533,0.1441,0.1099,-0.1489,0.1385
21,2025-05-12,0.8718,0.2472,0.122,0.2663,-0.0074,0.4753
22,2025-05-12,1.0,0.5328,0.2733,0.3359,-0.3002,0.178
23,2025-05-12,1.0,0.3238,0.1515,0.2792,-0.0713,0.3454
24,2025-05-12,1.0,0.2265,0.1314,0.1036,-0.1405,0.1929
25,2025-05-12,0.8139,0.4665,0.245,0.2206,-0.2766,0.0582
1,2025-05-15,1.0,0.2144,0.1065,0.1818,-0.0433,0.3476
2,2025-05-15,1.0,0.3507,0.1623,0.3159,-0.04,0.3938
3,2025-05-15,1.0,0.2332,0.11,0.3293,0.1064,0.7534
4,2025-05-15,0.996,0.2628,0.1349,0.2561,-0.0255,0.4207
5,2025-05-15,1.0,0.0419,0.0014,0.0569,-0.0145,0.4705
6,2025-05-15,1.0,0.2275,0.1199,0.2123,-0.0235,0.4252
7,2025-05-15,1.0,0.2849,0.1473,0.3162,0.0263,0.5758
8,2025-05-15,1.0,0.3317,0.1548,0.3019,-0.0527,0.3549
9,2025-05-15,1.0,0.3355,0.169,0.3001,-0.0628,0.3701
10,2025-05-15,1.0,0.2704,0.137,0.2539,-0.0607,0.3448
11,2025-05-15,0.9175,0.2204,0.1106,0.2648,0.0424,0.6609
12,2025-05-15,1.0,0.272,0.1197,0.2981,-0.0416,0.4358
13,2025-05-15,1.0,0.2942,0.1403,0.2618,-0.0359,0.3386
14,2025-05-15,1.0,0.2781,0.1377,0.3549,0.0647,0.6811
15,2025-05-15,1.0,0.2927,0.1493,0.2823,-0.0301,0.3966
16,2025-05-15,0.793,0.2793,0.1647,0.184,-0.1231,0.1611
17,2025-05-15,1.0,0.2736,0.1229,0.3232,0.0498,0.709
18,2025-05-15,1.0,0.2323,0.1001,0.357,0.1311,0.6939
19,2025-05-15,1.0,0.2166,0.0961,0.2688,-0.0149,0.4552
20,2025-05-15,1.0,0.2385,0.1393,0.0982,-0.1398,0.1525
21,2025-05-15,1.0,0.286,0.1509,0.2725,-0.0677,0.3327
22,2025-05-15,1.0,0.5149,0.2871,0.3105,-0.3092,0.1734
23,2025-05-15,1.0,0.2927,0.143,0.2642,-0.0549,0.3479
24,2025-05-15,1.0,0.1986,0.1115,0.1128,-0.0914,0.2208
25,2025-05-15,1.0,0.4595,0.2603,0.2051,-0.3004,0.0392
1,2025-05-17,1.0,0.202,0.1024,0.1965,-0.019,0.4391
2,2025-05-17,1.0,0.3176,0.1512,0.3288,0.0084,0.5202
3,2025-05-17,1.0,0.2206,0.1094,0.3468,0.1385,0.7993
4,2025-05-17,1.0,0.2518,0.1323,0.274,-0.0013,0.4954
5,2025-05-17,0.9985,0.0286,-0.0086,0.0651,0.0199,0.5391
6,2025-05-17,1.0,0.2141,0.1137,0.2374,0.0074,0.5215
7,2025-05-17,1.0,0.2756,0.15,0.3282,0.0416,0.6094
8,2025-05-17,1.0,0.3062,0.1479,0.3108,-0.0212,0.4354
9,2025-05-17,1.0,0.3252,0.1722,0.3106,-0.0508,0.4002
10,2025-05-17,1.0,0.2615,0.1385,0.2652,-0.0512,0.3829
11,2025-05-17,1.0,0.2087,0.1129,0.275,0.0596,0.7077
12,2025-05-17,1.0,0.2643,0.1207,0.3088,-0.0276,0.45
13,2025-05-17,1.0,0.2864,0.1428,0.2684,-0.0337,0.3557
14,2025-05-17,1.0,0.2624,0.1414,0.3814,0.0992,0.7464
15,2025-05-17,1.0,0.2715,0.1466,0.2946,0.0034,0.5114
16,2025-05-17,1.0,0.2686,0.1658,0.1896,-0.1026,0.2233
17,2025-05-17,1.0,0.2532,0.1166,0.3422,0.0897,0.8192
18,2025-05-17,1.0,0.2195,0.1005,0.3626,0.1524,0.7014
19,2025-05-17,1.0,0.2061,0.097,0.2752,0.0011,0.5015
20,2025-05-17,1.0,0.2286,0.1376,0.1182,-0.1195,0.1882
21,2025-05-17,1.0,0.2592,0.1465,0.2925,-0.0245,0.4215
22,2025-05-17,1.0,0.4741,0.2667,0.3282,-0.2269,0.2276
23,2025-05-17,1.0,0.2827,0.1489,0.274,-0.0485,0.3709
24,2025-05-17,1.0,0.1883,0.1068,0.1333,-0.0695,0.2943
25,2025-05-17,1.0,0.4479,0.2659,0.2139,-0.2894,0.056
1,2025-05-20,1.0,0.2175,0.1104,0.2119,-0.0374,0.3832
2,2025-05-20,0.9873,0.3515,0.1682,0.3191,-0.0682,0.3586
3,2025-05-20,1.0,0.2121,0.0941,0.3601,0.1501,0.8103
4,2025-05-20,1.0,0.2632,0.1368,0.2786,-0.0195,0.4524
5,2025-05-20,0.9425,0.0473,0.0053,0.0673,-0.0429,0.4203
6,2025-05-20,1.0,0.219,0.1103,0.2557,0.0164,0.5465
7,2025-05-20,1.0,0.282,0.1492,0.3431,0.0475,0.6177
8,2025-05-20,1.0,0.3373,0.1629,0.3038,-0.0805,0.2974
9,2025-05-20,1.0,0.3477,0.1834,0.2938,-0.1042,0.3086
10,2025-05-20,1.0,0.2772,0.1445,0.2711,-0.0724,0.348
11,2025-05-20,1.0,0.2082,0.1069,0.2911,0.0731,0.7258
12,2025-05-20,1.0,0.27,0.1273,0.3092,-0.0456,0.4304
13,2025-05-20,1.0,0.3093,0.1532,0.2777,-0.0487,0.3095
14,2025-05-20,1.0,0.2518,0.1278,0.3989,0.1212,0.7798
15,2025-05-20,1.0,0.2944,0.1579,0.2992,-0.0249,0.4335
16,2025-05-20,1.0,0.2754,0.1624,0.2074,-0.1017,0.2146
17,2025-05-20,1.0,0.2826,0.1246,0.3516,0.0551,0.6675
18,2025-05-20,1.0,0.2202,0.0947,0.366,0.164,0.6917
19,2025-05-20,1.0,0.2114,0.086,0.266,-0.0033,0.4926
20,2025-05-20,1.0,0.2346,0.1353,0.1449,-0.0987,0.2272
21,2025-05-20,1.0,0.2893,0.1579,0.3088,-0.0486,0.3762
22,2025-05-20,1.0,0.5831,0.3164,0.302,-0.4872,0.1491
23,2025-05-20,1.0,0.2932,0.1489,0.2764,-0.0628,0.3577
24,2025-05-20,1.0,0.2049,0.1162,0.1382,-0.0812,0.2692
25,2025-05-20,1.0,0.502,0.2863,0.2164,-0.3562,0.0359
1,2025-05-22,0.9481,0.1738,0.06,0.2855,0.1516,0.7881
2,2025-05-22,1.0,0.3069,0.0894,0.3738,0.1496,0.7673
3,2025-05-22,0.9421,0.2178,0.0666,0.4679,0.2948,0.924
4,2025-05-22,1.0,0.1914,0.0279,0.3457,0.2657,0.8399
5,2025-05-22,0.9406,0.0169,-0.0225,0.0641,0.1391,0.6548
6,2025-05-22,0.9982,0.1828,0.0515,0.353,0.2277,0.8417
7,2025-05-22,0.9604,0.2486,0.0711,0.4191,0.2396,0.912
8,2025-05-22,1.0,0.2866,0.0961,0.3644,0.1297,0.8014
9,2025-05-22,0.7561,0.3606,0.1507,0.3813,0.0367,0.5882
10,2025-05-22,0.9678,0.2483,0.0901,0.3483,0.0926,0.6587
11,2025-05-22,0.9727,0.2004,0.0723,0.3983,0.2455,0.9175
12,2025-05-22,1.0,0.2153,0.0538,0.3602,0.1229,0.7044
13,2025-05-22,0.8501,0.2375,0.0494,0.3294,0.1617,0.8463
14,2025-05-22,0.9585,0.2395,0.0753,0.4942,0.3308,0.9318
15,2025-05-22,0.8573,0.2647,0.116,0.3926,0.1598,0.7939
16,2025-05-22,1.0,0.2601,0.1267,0.3171,0.0614,0.682
17,2025-05-22,1.0,0.2185,0.01,0.4901,0.3486,0.968
18,2025-05-22,1.0,0.2082,0.0451,0.466,0.3217,0.7589
19,2025-05-22,1.0,0.2113,0.0634,0.2978,0.078,0.6182
20,2025-05-22,1.0,0.2235,0.1052,0.2636,0.0887,0.6766
21,2025-05-22,0.9836,0.2429,0.0995,0.3888,0.1526,0.8823
22,2025-05-22,1.0,0.4444,0.2061,0.3574,-0.0937,0.3846
23,2025-05-22,1.0,0.2778,0.1088,0.3301,0.0481,0.6085
24,2025-05-22,1.0,0.195,0.1021,0.2132,0.0118,0.5276
25,2025-05-22,1.0,0.4275,0.2045,0.2734,-0.1432,0.1746
1,2025-05-24,1.0,0.0628,-0.0601,0.2342,0.2765,0.8138
2,2025-05-24,1.0,0.2744,0.0868,0.3247,0.1126,0.7276
3,2025-05-24,0.9968,0.1524,0.0259,0.3947,0.2699,0.9368
4,2025-05-24,0.9898,0.1224,-0.039,0.2679,0.2869,0.7729
5,2025-05-24,0.9154,0.007,-0.0387,0.0443,0.141,0.6823
6,2025-05-24,1.0,0.1302,-0.0138,0.2739,0.2445,0.8199
7,2025-05-24,0.9809,0.1369,-0.029,0.321,0.2885,0.9365
8,2025-05-24,0.9945,0.2469,0.0863,0.3105,0.1117,0.7703
9,2025-05-24,0.9678,0.2574,0.0919,0.3162,0.0878,0.6861
10,2025-05-24,0.9981,0.1641,0.0073,0.2874,0.1477,0.7182
11,2025-05-24,1.0,0.0613,-0.0913,0.3957,0.4295,0.9693
12,2025-05-24,0.9978,0.1281,-0.0045,0.2951,0.1491,0.7558
13,2025-05-24,1.0,0.1951,0.0239,0.2785,0.16,0.8415
14,2025-05-24,1.0,0.1186,-0.0335,0.3908,0.3854,0.963
15,2025-05-24,1.0,0.1446,-0.019,0.3457,0.2872,0.8696
16,2025-05-24,1.0,0.1231,-0.0194,0.3239,0.2691,0.9065
17,2025-05-24,1.0,0.2543,0.0972,0.3479,0.144,0.9156
18,2025-05-24,1.0,0.2213,0.0892,0.3605,0.1675,0.7244
19,2025-05-24,1.0,0.2012,0.0743,0.2191,-0.0013,0.497
20,2025-05-24,1.0,0.1425,0.0057,0.2235,0.1777,0.7126
21,2025-05-24,0.9574,0.1504,0.0214,0.3138,0.2011,0.9106
22,2025-05-24,1.0,0.3843,0.1988,0.3249,-0.0376,0.4383
23,2025-05-24,1.0,0.2466,0.1001,0.2739,0.0253,0.5488
24,2025-05-24,1.0,0.1796,0.0974,0.111,-0.0779,0.3887
25,2025-05-24,1.0,0.3598,0.1779,0.2126,-0.1104,0.235
1,2025-05-25,0.9664,0.2005,0.0676,0.1654,-0.0039,0.4933
2,2025-05-25,1.0,0.3843,0.1553,0.3017,-0.1274,0.3007
3,2025-05-25,1.0,0.2436,0.1042,0.3228,0.0995,0.7339
4,2025-05-25,0.8811,0.2979,0.1255,0.2239,-0.067,0.3714
5,2025-05-25,0.9134,0.0401,-0.0009,0.0237,-0.0513,0.4048
6,2025-05-25,0.9846,0.2562,0.1242,0.1972,-0.0602,0.3515
7,2025-05-25,1.0,0.2702,0.1,0.3005,0.0607,0.6024
8,2025-05-25,1.0,0.3526,0.1455,0.2854,-0.1089,0.284
9,2025-05-25,1.0,0.3449,0.153,0.2627,-0.0922,0.3457
10,2025-05-25,1.0,0.3068,0.1322,0.2375,-0.1077,0.2832
11,2025-05-25,1.0,0.2084,0.0741,0.2651,0.0811,0.7464
12,2025-05-25,0.9842,0.2838,0.0839,0.2675,-0.0685,0.3953
13,2025-05-25,1.0,0.3525,0.1461,0.2347,-0.1194,0.1615
14,2025-05-25,0.8852,0.2605,0.1059,0.3557,0.1256,0.7279
15,2025-05-25,1.0,0.3034,0.1335,0.2793,-0.0359,0.4132
16,2025-05-25,1.0,0.2963,0.1403,0.1675,-0.1257,0.2425
17,2025-05-25,1.0,0.339,0.1386,0.3058,-0.0461,0.3564
18,2025-05-25,1.0,0.2717,0.1165,0.3321,0.0615,0.5889
19,2025-05-25,1.0,0.2658,0.1071,0.2368,-0.0871,0.3052
20,2025-05-25,0.9905,0.2857,0.1513,0.0913,-0.2101,0.1523
21,2025-05-25,1.0,0.255,0.102,0.2356,-0.0304,0.4352
22,2025-05-25,1.0,0.589,0.2682,0.278,-0.623,0.1776
23,2025-05-25,1.0,0.3496,0.162,0.2465,-0.153,0.222
24,2025-05-25,1.0,0.2549,0.1411,0.0685,-0.2121,0.1946
25,2025-05-25,1.0,0.5061,0.2329,0.1985,-0.3777,0.0854
1,2025-05-27,0.997,0.2384,0.1105,0.2055,-0.0193,0.4396
2,2025-05-27,1.0,0.4003,0.1915,0.3335,-0.0333,0.4198
3,2025-05-27,0.9992,0.2633,0.1245,0.3375,0.1197,0.7699
4,2025-05-27,0.9974,0.3011,0.153,0.273,-0.0098,0.4655
5,2025-05-27,0.9745,0.056,-0.0054,0.0912,0.0233,0.5605
6,2025-05-27,0.9822,0.2561,0.1296,0.2369,0.0,0.4996
7,2025-05-27,0.9993,0.318,0.1584,0.3322,0.0353,0.5908
8,2025-05-27,1.0,0.3897,0.1865,0.324,-0.0345,0.405
9,2025-05-27,0.9589,0.3913,0.199,0.3227,-0.054,0.3783
10,2025-05-27,0.9915,0.3089,0.1548,0.2696,-0.0502,0.3778
11,2025-05-27,1.0,0.2417,0.1167,0.2813,0.0628,0.7102
12,2025-05-27,0.9924,0.3159,0.1412,0.3209,-0.0212,0.4604
13,2025-05-27,1.0,0.3501,0.1663,0.2841,-0.0345,0.354
14,2025-05-27,1.0,0.2978,0.1476,0.3567,0.0814,0.7135
15,2025-05-27,0.9971,0.3095,0.1493,0.3065,0.0205,0.5626
16,2025-05-27,0.9959,0.3002,0.1692,0.188,-0.1158,0.1939
17,2025-05-27,1.0,0.3297,0.1491,0.3565,0.0759,0.7837
18,2025-05-27,0.9994,0.2693,0.1184,0.3928,0.1589,0.7035
19,2025-05-27,1.0,0.2722,0.1169,0.29,-0.0191,0.4516
20,2025-05-27,0.9643,0.2693,0.1489,0.1182,-0.1282,0.1636
21,2025-05-27,1.0,0.3013,0.1519,0.2953,-0.0165,0.4468
22,2025-05-27,0.9991,0.5446,0.317,0.3318,-0.2718,0.1941
23,2025-05-27,1.0,0.3366,0.1626,0.289,-0.0383,0.4067
24,2025-05-27,0.9977,0.2542,0.1431,0.1168,-0.1129,0.2282
25,2025-05-27,0.9744,0.4627,0.2571,0.2313,-0.2129,0.0642
1,2025-05-30,1.0,0.2278,0.114,0.1837,-0.0579,0.3143
2,2025-05-30,1.0,0.3519,0.1686,0.3071,-0.0521,0.3699
3,2025-05-30,1.0,0.2359,0.109,0.3285,0.1136,0.7497
4,2025-05-30,1.0,0.281,0.1451,0.2562,-0.0411,0.3831
5,2025-05-30,1.0,0.0549,0.0086,0.048,-0.0591,0.3864
6,2025-05-30,0.9122,0.2415,0.1271,0.228,-0.0342,0.3938
7,2025-05-30,1.0,0.2943,0.1551,0.31,0.0109,0.5273
8,2025-05-30,1.0,0.3519,0.1699,0.2892,-0.0905,0.2765
9,2025-05-30,1.0,0.3619,0.1907,0.2866,-0.1119,0.2867
10,2025-05-30,1.0,0.2916,0.153,0.2458,-0.1011,0.273
11,2025-05-30,1.0,0.2232,0.1108,0.2605,0.0377,0.6301
12,2025-05-30,1.0,0.2905,0.1351,0.2876,-0.0637,0.3973
13,2025-05-30,1.0,0.3208,0.1562,0.2592,-0.0645,0.2567
14,2025-05-30,0.8845,0.2825,0.1404,0.3648,0.0762,0.6829
15,2025-05-30,1.0,0.3037,0.1586,0.2757,-0.0493,0.3456
16,2025-05-30,0.9965,0.287,0.1668,0.1705,-0.1459,0.1256
17,2025-05-30,1.0,0.2932,0.1308,0.3273,0.0405,0.6531
18,2025-05-30,1.0,0.2376,0.1056,0.3544,0.135,0.6804
19,2025-05-30,1.0,0.2267,0.0942,0.2607,-0.0239,0.4323
20,2025-05-30,1.0,0.2435,0.1402,0.1078,-0.1404,0.1709
21,2025-05-30,1.0,0.2997,0.1628,0.2749,-0.0868,0.3097
22,2025-05-30,1.0,0.62,0.3524,0.2863,-0.5669,0.0836
23,2025-05-30,1.0,0.308,0.1535,0.2581,-0.0865,0.3033
24,2025-05-30,1.0,0.2304,0.1325,0.1204,-0.1153,0.2049
25,2025-05-30,1.0,0.4988,0.2883,0.1896,-0.3724,0.0147
1,2025-06-01,0.8861,0.2198,0.097,0.2532,0.0282,0.5898
2,2025-06-01,1.0,0.3751,0.1602,0.359,0.0201,0.5486
3,2025-06-01,1.0,0.2448,0.101,0.3844,0.1831,0.8372
4,2025-06-01,1.0,0.2745,0.1273,0.3189,0.0607,0.6615
5,2025-06-01,0.9956,0.0305,-0.0112,0.0776,0.0716,0.6197
6,2025-06-01,1.0,0.2283,0.1033,0.283,0.0731,0.6954
7,2025-06-01,1.0,0.2962,0.1335,0.3712,0.0989,0.7447
8,2025-06-01,1.0,0.3631,0.1505,0.3519,0.0244,0.5704
9,2025-06-01,0.9057,0.3249,0.1497,0.3308,0.0127,0.5269
10,2025-06-01,0.9768,0.2765,0.1255,0.3042,0.0042,0.5083
11,2025-06-01,1.0,0.226,0.1027,0.306,0.1033,0.7895
12,2025-06-01,1.0,0.2797,0.1122,0.3407,0.0228,0.5385
13,2025-06-01,0.7102,0.3237,0.138,0.3062,0.0116,0.5493
14,2025-06-01,1.0,0.2828,0.1276,0.4155,0.1475,0.8249
15,2025-06-01,1.0,0.2894,0.1314,0.3247,0.0555,0.6452
16,2025-06-01,1.0,0.2761,0.148,0.2249,-0.0583,0.3206
17,2025-06-01,1.0,0.295,0.1108,0.4105,0.1701,0.9131
18,2025-06-01,1.0,0.2422,0.0906,0.4318,0.2226,0.744
19,2025-06-01,1.0,0.2351,0.0872,0.3204,0.0506,0.625
20,2025-06-01,1.0,0.2345,0.1217,0.1571,-0.0526,0.3332
21,2025-06-01,0.6335,0.2229,0.1087,0.2935,0.0276,0.5763
22,2025-06-01,1.0,0.4948,0.2537,0.3581,-0.1732,0.2682
23,2025-06-01,1.0,0.3154,0.1372,0.3119,0.0058,0.513
24,2025-06-01,1.0,0.2265,0.1184,0.1885,-0.0207,0.4422
25,2025-06-01,0.9831,0.443,0.2285,0.2348,-0.211,0.0592
1,2025-06-04,0.6507,0.2118,0.0856,0.2763,0.062,0.6508
2,2025-06-04,0.9519,0.3265,0.1123,0.3467,0.0513,0.5878
3,2025-06-04,1.0,0.2395,0.1017,0.3664,0.1398,0.7895
4,2025-06-04,0.9773,0.2574,0.0962,0.3004,0.0977,0.6686
5,2025-06-04,0.9817,0.0297,-0.0144,0.0414,0.0826,0.6201
6,2025-06-04,0.9952,0.2267,0.0991,0.277,0.0705,0.6537
7,2025-06-04,0.839,0.2734,0.1103,0.3854,0.1583,0.8232
8,2025-06-04,0.8626,0.3103,0.1183,0.3276,0.0201,0.5453
9,2025-06-04,0.7099,0.3044,0.1237,0.3411,0.0609,0.6346
10,2025-06-04,0.7502,0.2581,0.1017,0.3087,0.0431,0.58
11,2025-06-04,1.0,0.2214,0.0949,0.3237,0.1285,0.8101
12,2025-06-04,0.9972,0.2694,0.0894,0.3368,0.0433,0.5669
13,2025-06-04,0.9941,0.304,0.1161,0.2952,0.0306,0.598
14,2025-06-04,1.0,0.261,0.1061,0.4296,0.2056,0.8408
15,2025-06-04,0.9692,0.2797,0.1256,0.3312,0.0709,0.6526
16,2025-06-04,1.0,0.2852,0.1477,0.2469,-0.0398,0.4012
17,2025-06-04,1.0,0.2648,0.0808,0.3924,0.1748,0.8963
18,2025-06-04,1.0,0.2444,0.0962,0.3643,0.1512,0.6782
19,2025-06-04,1.0,0.2398,0.0883,0.2538,-0.0256,0.4451
20,2025-06-04,1.0,0.2436,0.1234,0.1623,-0.0553,0.3509
21,2025-06-04,0.5918,0.1969,0.0833,0.2953,0.1328,0.8088
22,2025-06-04,0.9173,0.4408,0.2018,0.3268,-0.041,0.4503
23,2025-06-04,1.0,0.3164,0.1454,0.2744,-0.0747,0.342
24,2025-06-04,1.0,0.2322,0.1266,0.1065,-0.1169,0.3506
25,2025-06-04,0.9853,0.4566,0.2364,0.2418,-0.2516,0.0839
1,2025-06-06,0.8325,0.24,0.1109,0.2271,-0.0193,0.4661
2,2025-06-06,0.996,0.4093,0.1709,0.3396,-0.1113,0.372
3,2025-06-06,1.0,0.2608,0.136,0.3191,0.0556,0.6257
4,2025-06-06,0.9781,0.2943,0.122,0.2578,0.0131,0.518
5,2025-06-06,1.0,0.0245,-0.0138,0.0327,0.0037,0.5079
6,2025-06-06,0.993,0.2648,0.1415,0.219,-0.0556,0.3763
7,2025-06-06,0.9895,0.3101,0.1421,0.3466,0.0726,0.6101
8,2025-06-06,0.9072,0.3778,0.1654,0.3258,-0.0817,0.3731
9,2025-06-06,0.9373,0.3665,0.1794,0.3013,-0.0566,0.401
10,2025-06-06,1.0,0.3278,0.1583,0.2595,-0.1146,0.2976
11,2025-06-06,1.0,0.2399,0.123,0.2718,0.0322,0.6035
12,2025-06-06,1.0,0.315,0.1186,0.3142,-0.0524,0.4228
13,2025-06-06,1.0,0.3647,0.1602,0.2674,-0.0773,0.3135
14,2025-06-06,1.0,0.2891,0.1393,0.3547,0.0923,0.6686
15,2025-06-06,0.935,0.3333,0.1701,0.3096,-0.0416,0.4124
16,2025-06-06,1.0,0.3425,0.2055,0.166,-0.1925,0.1842
17,2025-06-06,1.0,0.3272,0.1431,0.3452,0.0261,0.5719
18,2025-06-06,1.0,0.2617,0.1234,0.354,0.0659,0.5919
19,2025-06-06,1.0,0.2756,0.1234,0.2447,-0.0969,0.2975
20,2025-06-06,0.9912,0.3084,0.1839,0.0913,-0.2451,0.1529
21,2025-06-06,1.0,0.2866,0.1393,0.2882,-0.0044,0.4916
22,2025-06-06,0.7285,0.651,0.344,0.3552,-0.2752,0.3194
23,2025-06-06,1.0,0.3784,0.1984,0.2744,-0.174,0.2009
24,2025-06-06,1.0,0.2727,0.1631,0.0711,-0.2418,0.2322
25,2025-06-06,1.0,0.6565,0.3529,0.2465,-0.5258,0.0789
1,2025-06-09,1.0,0.215,0.1114,0.1702,-0.0698,0.2952
2,2025-06-09,1.0,0.3551,0.1744,0.3001,-0.0683,0.3425
3,2025-06-09,1.0,0.2283,0.1152,0.2875,0.0646,0.6773
4,2025-06-09,1.0,0.2773,0.1479,0.2298,-0.0652,0.3008
5,2025-06-09,1.0,0.0334,-0.0043,0.0372,-0.0337,0.4296
6,2025-06-09,1.0,0.2327,0.1273,0.1815,-0.0728,0.2691
7,2025-06-09,0.9181,0.2913,0.155,0.2838,-0.0295,0.4304
8,2025-06-09,1.0,0.3643,0.178,0.2896,-0.0883,0.2627
9,2025-06-09,1.0,0.3629,0.1911,0.2737,-0.1179,0.2831
10,2025-06-09,1.0,0.2851,0.1514,0.2217,-0.1155,0.2204
11,2025-06-09,1.0,0.2151,0.1084,0.2342,0.0111,0.5499
12,2025-06-09,1.0,0.3014,0.1411,0.2701,-0.0973,0.3299
13,2025-06-09,1.0,0.3186,0.1613,0.236,-0.0976,0.1455
14,2025-06-09,1.0,0.2694,0.1449,0.3089,0.0065,0.5178
15,2025-06-09,1.0,0.2936,0.1527,0.262,-0.0672,0.2922
16,2025-06-09,1.0,0.2857,0.1677,0.1437,-0.1737,0.0869
17,2025-06-09,1.0,0.3009,0.1451,0.3068,-0.0073,0.4699
18,2025-06-09,1.0,0.2383,0.117,0.3316,0.0796,0.6201
19,2025-06-09,1.0,0.236,0.1068,0.2357,-0.0676,0.3296
20,2025-06-09,1.0,0.2482,0.1468,0.0777,-0.1882,0.1378
21,2025-06-09,1.0,0.2833,0.1594,0.2458,-0.1151,0.2591
22,2025-06-09,1.0,0.6114,0.3508,0.3008,-0.5091,0.1196
23,2025-06-09,1.0,0.3133,0.1582,0.2398,-0.1207,0.2117
24,2025-06-09,1.0,0.2246,0.1369,0.0862,-0.1532,0.1855
25,2025-06-09,0.876,0.4905,0.2737,0.1778,-0.3703,0.0174
1,2025-06-11,0.9698,0.1984,0.0907,0.1627,-0.0406,0.3561
2,2025-06-11,1.0,0.3433,0.1536,0.2924,-0.0449,0.3729
3,2025-06-11,1.0,0.2366,0.1082,0.2856,0.0714,0.7021
4,2025-06-11,1.0,0.253,0.1229,0.2213,-0.0364,0.3645
5,2025-06-11,1.0,0.0261,-0.0084,0.0698,0.0159,0.5392
6,2025-06-11,0.9963,0.2177,0.1071,0.1842,-0.0293,0.3906
7,2025-06-11,1.0,0.2774,0.1325,0.2726,-0.0024,0.4929
8,2025-06-11,1.0,0.3373,0.1474,0.2786,-0.0499,0.3319
9,2025-06-11,1.0,0.3284,0.1527,0.2679,-0.0662,0.3463
10,2025-06-11,1.0,0.2562,0.1215,0.2115,-0.0778,0.2742
11,2025-06-11,1.0,0.214,0.1012,0.2318,0.0251,0.6061
12,2025-06-11,1.0,0.268,0.109,0.2698,-0.0409,0.4193
13,2025-06-11,0.9865,0.2891,0.1281,0.2266,-0.0595,0.2236
14,2025-06-11,0.9947,0.2649,0.1245,0.3035,0.0392,0.627
15,2025-06-11,0.9081,0.2713,0.124,0.2553,-0.011,0.458
16,2025-06-11,1.0,0.2609,0.1416,0.1512,-0.127,0.1252
17,2025-06-11,1.0,0.2761,0.117,0.3012,0.0365,0.6775
18,2025-06-11,1.0,0.233,0.0966,0.3339,0.109,0.6682
19,2025-06-11,1.0,0.229,0.0934,0.2284,-0.0408,0.3774
20,2025-06-11,1.0,0.229,0.1219,0.0881,-0.1381,0.1535
21,2025-06-11,0.9933,0.2504,0.122,0.2397,-0.0422,0.3707
22,2025-06-11,1.0,0.4573,0.2329,0.2953,-0.21,0.193
23,2025-06-11,0.6766,0.3166,0.1438,0.2401,-0.0909,0.2404
24,2025-06-11,1.0,0.2103,0.1169,0.0981,-0.1208,0.1929
25,2025-06-11,0.7715,0.3866,0.202,0.1686,-0.2252,0.0353
1,2025-06-13,0.9991,0.2131,0.1024,0.1859,-0.0382,0.3797
2,2025-06-13,1.0,0.3594,0.1674,0.3049,-0.0459,0.3971
3,2025-06-13,1.0,0.2362,0.1129,0.3084,0.0984,0.7278
4,2025-06-13,1.0,0.2804,0.1416,0.2413,-0.0378,0.3757
5,2025-06-13,0.9647,0.0311,-0.0123,0.1005,0.0388,0.6204
6,2025-06-13,0.9671,0.2324,0.1197,0.213,-0.0218,0.4292
7,2025-06-13,0.8103,0.3092,0.1546,0.3012,-0.0012,0.4962
8,2025-06-13,0.9987,0.364,0.1721,0.2878,-0.068,0.3008
9,2025-06-13,0.7547,0.3884,0.193,0.3056,-0.0563,0.3371
10,2025-06-13,0.9979,0.284,0.1454,0.2398,-0.0659,0.3308
11,2025-06-13,1.0,0.2167,0.1079,0.2482,0.0449,0.6358
12,2025-06-13,0.9821,0.2862,0.123,0.2937,-0.0061,0.4847
13,2025-06-13,1.0,0.3308,0.158,0.2441,-0.0748,0.2263
14,2025-06-13,1.0,0.2653,0.1351,0.3269,0.0603,0.6563
15,2025-06-13,1.0,0.2774,0.1361,0.2751,-0.0019,0.4939
16,2025-06-13,1.0,0.2835,0.1635,0.1658,-0.143,0.1374
17,2025-06-13,1.0,0.2965,0.1369,0.3175,0.0343,0.6355
18,2025-06-13,0.7293,0.2442,0.1116,0.3698,0.1432,0.6892
19,2025-06-13,1.0,0.2569,0.1081,0.2525,-0.0513,0.4023
20,2025-06-13,0.9899,0.2481,0.1392,0.1013,-0.1444,0.1429
21,2025-06-13,1.0,0.265,0.1377,0.2715,-0.0241,0.4246
22,2025-06-13,1.0,0.5221,0.2903,0.3033,-0.3227,0.164
23,2025-06-13,1.0,0.3189,0.1564,0.2545,-0.0795,0.3121
24,2025-06-13,1.0,0.2416,0.1346,0.1211,-0.1233,0.222
25,2025-06-13,0.9075,0.4747,0.2603,0.1874,-0.3105,0.0366
1,2025-06-14,1.0,0.2348,0.113,0.1806,-0.0714,0.2873
2,2025-06-14,1.0,0.3688,0.1615,0.3043,-0.072,0.3484
3,2025-06-14,1.0,0.2498,0.1122,0.3178,0.0952,0.7078
4,2025-06-14,1.0,0.2859,0.134,0.2479,-0.0346,0.3998
5,2025-06-14,1.0,0.0442,0.0013,0.0743,-0.0047,0.4898
6,2025-06-14,0.9445,0.2481,0.1229,0.2202,-0.0334,0.4072
7,2025-06-14,1.0,0.3088,0.1511,0.3003,-0.0101,0.4778
8,2025-06-14,1.0,0.3664,0.1608,0.2884,-0.0873,0.2874
9,2025-06-14,1.0,0.3751,0.1789,0.2851,-0.1186,0.296
10,2025-06-14,1.0,0.3021,0.1465,0.2421,-0.1106,0.2694
11,2025-06-14,1.0,0.2323,0.1127,0.2537,0.0299,0.5971
12,2025-06-14,1.0,0.3075,0.1245,0.2911,-0.0677,0.3937
13,2025-06-14,1.0,0.331,0.1468,0.2514,-0.0734,0.2396
14,2025-06-14,1.0,0.2794,0.1381,0.3366,0.0508,0.6198
15,2025-06-14,1.0,0.3064,0.1543,0.2663,-0.0726,0.2842
16,2025-06-14,1.0,0.3088,0.1679,0.1642,-0.1646,0.1158
17,2025-06-14,1.0,0.2923,0.1222,0.3203,0.0376,0.633
18,2025-06-14,1.0,0.2433,0.0978,0.3637,0.1368,0.6754
19,2025-06-14,1.0,0.2428,0.0994,0.2545,-0.0454,0.3996
20,2025-06-14,1.0,0.264,0.1445,0.0997,-0.1588,0.1712
21,2025-06-14,1.0,0.2984,0.154,0.2636,-0.1035,0.2915
22,2025-06-14,1.0,0.5823,0.2965,0.2955,-0.459,0.1369
23,2025-06-14,1.0,0.3177,0.1496,0.261,-0.0826,0.3072
24,2025-06-14,1.0,0.2427,0.1299,0.1246,-0.1264,0.2049
25,2025-06-14,1.0,0.5214,0.2727,0.1923,-0.3915,0.0229
1,2025-06-16,1.0,0.2082,0.1014,0.2103,-0.0079,0.4702
2,2025-06-16,1.0,0.3487,0.1774,0.3247,-0.0105,0.4716
3,2025-06-16,1.0,0.2383,0.1129,0.3437,0.1329,0.7907
4,2025-06-16,1.0,0.2655,0.1367,0.273,0.0107,0.5355
5,2025-06-16,1.0,0.0434,-0.0043,0.0789,0.0424,0.573
6,2025-06-16,1.0,0.2225,0.1113,0.2521,0.0317,0.5981
7,2025-06-16,1.0,0.2889,0.1478,0.3342,0.0559,0.6591
8,2025-06-16,1.0,0.3463,0.1695,0.3144,-0.0118,0.4575
9,2025-06-16,1.0,0.3347,0.1716,0.3095,-0.028,0.4328
10,2025-06-16,1.0,0.2701,0.139,0.2687,-0.0272,0.4243
11,2025-06-16,1.0,0.2154,0.1091,0.275,0.062,0.6995
12,2025-06-16,0.9851,0.2858,0.1263,0.3157,-0.0112,0.4744
13,2025-06-16,1.0,0.3067,0.1494,0.2726,-0.0197,0.4024
14,2025-06-16,1.0,0.2661,0.1379,0.3718,0.0996,0.7735
15,2025-06-16,1.0,0.2763,0.1391,0.2939,0.0178,0.5661
16,2025-06-16,1.0,0.268,0.1568,0.1932,-0.0942,0.1979
17,2025-06-16,1.0,0.2821,0.1305,0.361,0.1104,0.8659
18,2025-06-16,1.0,0.237,0.1034,0.3952,0.1717,0.7274
19,2025-06-16,1.0,0.2323,0.0995,0.2874,0.0062,0.5166
20,2025-06-16,1.0,0.2303,0.1298,0.1311,-0.0886,0.2494
21,2025-06-16,1.0,0.2538,0.1371,0.2993,0.0027,0.5071
22,2025-06-16,1.0,0.4836,0.2884,0.3297,-0.1919,0.2164
23,2025-06-16,1.0,0.2993,0.147,0.2829,-0.0215,0.4326
24,2025-06-16,1.0,0.2192,0.1248,0.1601,-0.0478,0.3307
25,2025-06-16,0.9989,0.4287,0.2463,0.2064,-0.2231,0.0207
1,2025-06-19,1.0,0.2349,0.1074,0.2324,-0.0085,0.4765
2,2025-06-19,1.0,0.3527,0.1441,0.3474,0.0175,0.5319
3,2025-06-19,1.0,0.2384,0.1,0.3769,0.1587,0.7911
4,2025-06-19,1.0,0.286,0.1313,0.3045,0.0253,0.5557
5,2025-06-19,1.0,0.0384,-0.0017,0.0309,0.0085,0.5139
6,2025-06-19,1.0,0.2438,0.1132,0.2714,0.0206,0.549
7,2025-06-19,1.0,0.3067,0.1447,0.3718,0.0663,0.6406
8,2025-06-19,1.0,0.353,0.1507,0.3305,-0.0234,0.4406
9,2025-06-19,1.0,0.3737,0.1814,0.3155,-0.0905,0.3563
10,2025-06-19,1.0,0.2954,0.14,0.2925,-0.0485,0.4059
11,2025-06-19,1.0,0.226,0.1018,0.3106,0.0955,0.7465
12,2025-06-19,1.0,0.3142,0.1321,0.3205,-0.0686,0.4004
13,2025-06-19,1.0,0.3377,0.1514,0.3013,-0.0316,0.3927
14,2025-06-19,1.0,0.274,0.1263,0.4162,0.1396,0.7675
15,2025-06-19,1.0,0.3043,0.1472,0.323,0.0128,0.5309
16,2025-06-19,1.0,0.2991,0.1608,0.2346,-0.0884,0.2816
17,2025-06-19,1.0,0.2934,0.1051,0.3959,0.1334,0.8176
18,2025-06-19,1.0,0.2505,0.1015,0.3932,0.1537,0.6627
19,2025-06-19,1.0,0.2373,0.0867,0.2915,-0.0011,0.4991
20,2025-06-19,1.0,0.2579,0.1385,0.154,-0.0972,0.2458
21,2025-06-19,1.0,0.2903,0.1472,0.3347,-0.0091,0.4831
22,2025-06-19,1.0,0.5104,0.2647,0.3213,-0.191,0.3107
23,2025-06-19,1.0,0.3273,0.1506,0.2922,-0.0742,0.3533
24,2025-06-19,1.0,0.2367,0.1295,0.157,-0.0807,0.3324
25,2025-06-19,1.0,0.5432,0.2903,0.2387,-0.3716,0.0326
1,2025-06-21,0.8332,0.2062,0.0877,0.2146,0.0023,0.5049
2,2025-06-21,0.9991,0.3395,0.1259,0.3104,-0.0044,0.4923
3,2025-06-21,1.0,0.2446,0.1111,0.2835,0.0622,0.6752
4,2025-06-21,0.9753,0.2515,0.1003,0.2507,0.0199,0.5376
5,2025-06-21,0.9634,0.0174,-0.0138,0.0488,0.0453,0.616
6,2025-06-21,0.9893,0.2284,0.107,0.1976,-0.0171,0.4467
7,2025-06-21,0.9932,0.2855,0.1179,0.3071,0.0675,0.6509
8,2025-06-21,0.9989,0.322,0.1218,0.2939,-0.009,0.481
9,2025-06-21,0.974,0.3455,0.1495,0.2803,-0.0439,0.3898
10,2025-06-21,0.9996,0.2801,0.1206,0.2291,-0.0673,0.3324
11,2025-06-21,0.9833,0.22,0.0975,0.2423,0.0472,0.6614
12,2025-06-21,0.7422,0.2353,0.0694,0.2907,0.0435,0.6063
13,2025-06-21,0.8252,0.3112,0.1211,0.2254,-0.0532,0.3154
14,2025-06-21,0.9938,0.2672,0.1168,0.3136,0.0882,0.7081
15,2025-06-21,0.7398,0.2544,0.1141,0.2652,0.0262,0.5865
16,2025-06-21,1.0,0.2818,0.15,0.1622,-0.1251,0.1627
17,2025-06-21,0.9989,0.2913,0.1109,0.3074,0.0416,0.6753
18,2025-06-21,0.6666,0.2602,0.114,0.3238,0.0359,0.5599
19,2025-06-21,0.9958,0.2478,0.0915,0.215,-0.0634,0.3298
20,2025-06-21,1.0,0.2519,0.1336,0.0946,-0.1515,0.1486
21,2025-06-21,0.7808,0.2129,0.1023,0.2361,0.027,0.5903
22,2025-06-21,0.9995,0.4489,0.1946,0.3278,-0.1082,0.3703
23,2025-06-21,0.999,0.3187,0.1378,0.2363,-0.0856,0.2722
24,2025-06-21,1.0,0.2342,0.1326,0.0805,-0.1642,0.2083
25,2025-06-21,0.92,0.4648,0.2291,0.2055,-0.2584,0.0881
1,2025-06-24,1.0,0.2503,0.1111,0.1481,-0.118,0.1963
2,2025-06-24,1.0,0.3723,0.151,0.2638,-0.1396,0.278
3,2025-06-24,0.9391,0.2557,0.1139,0.2615,0.0362,0.5966
4,2025-06-24,0.8473,0.3183,0.1404,0.2087,-0.1263,0.1895
5,2025-06-24,1.0,0.0662,0.0098,0.0533,-0.0562,0.3571
6,2025-06-24,0.9867,0.2674,0.1253,0.1554,-0.1228,0.1899
7,2025-06-24,1.0,0.335,0.158,0.2418,-0.1206,0.2868
8,2025-06-24,1.0,0.4053,0.1684,0.2423,-0.2135,0.111
9,2025-06-24,1.0,0.4156,0.185,0.2321,-0.2112,0.2149
10,2025-06-24,1.0,0.3398,0.154,0.186,-0.2061,0.1136
11,2025-06-24,1.0,0.2459,0.1112,0.209,-0.0267,0.4017
12,2025-06-24,1.0,0.3541,0.1376,0.2403,-0.1824,0.2481
13,2025-06-24,1.0,0.3728,0.1563,0.1938,-0.2055,0.0355
14,2025-06-24,1.0,0.2996,0.1418,0.2837,-0.0295,0.4402
15,2025-06-24,1.0,0.3298,0.1491,0.231,-0.1256,0.188
16,2025-06-24,1.0,0.3247,0.1701,0.1157,-0.2483,0.0504
17,2025-06-24,1.0,0.3313,0.1298,0.2713,-0.0777,0.2934
18,2025-06-24,1.0,0.2624,0.1067,0.2983,0.0338,0.559
19,2025-06-24,1.0,0.278,0.1077,0.1916,-0.1351,0.2461
20,2025-06-24,0.9879,0.2934,0.1534,0.0537,-0.2702,0.0977
21,2025-06-24,1.0,0.3012,0.14,0.2246,-0.1235,0.2697
22,2025-06-24,1.0,0.6545,0.3024,0.2641,-0.7385,0.0701
23,2025-06-24,1.0,0.3577,0.1571,0.2126,-0.2002,0.1426
24,2025-06-24,0.7553,0.2879,0.1479,0.0623,-0.2859,0.1741
25,2025-06-24,1.0,0.6098,0.2913,0.1488,-0.6198,0.0223
1,2025-06-26,1.0,0.201,0.0993,0.1753,-0.0377,0.3681
5,2025-06-26,0.3156,0.1336,0.0393,0.2923,0.0865,0.7822
6,2025-06-26,0.9662,0.2113,0.1106,0.1961,-0.0228,0.4168
9,2025-06-26,0.0421,0.4216,0.2022,0.3595,0.031,0.6724
12,2025-06-26,0.16,0.4542,0.2235,0.316,-0.0701,0.1816
14,2025-06-26,0.0317,0.4066,0.2133,0.3847,0.0756,0.7576
15,2025-06-26,1.0,0.2673,0.1319,0.2599,0.0,0.4994
19,2025-06-26,0.3026,0.1379,0.045,0.2715,0.146,0.8508
20,2025-06-26,0.9139,0.2024,0.1131,0.1171,-0.0836,0.2128
21,2025-06-26,1.0,0.2536,0.1333,0.2595,-0.026,0.4277
22,2025-06-26,1.0,0.5186,0.3096,0.2806,-0.4098,0.1168
23,2025-06-26,0.9373,0.262,0.1226,0.2506,-0.0159,0.4558
25,2025-06-26,1.0,0.4326,0.2438,0.179,-0.2615,0.0626
1,2025-07-01,0.8357,0.2415,0.1051,0.2666,0.0123,0.5302
2,2025-07-01,0.9812,0.3847,0.1538,0.3416,-0.0178,0.4689
3,2025-07-01,1.0,0.2612,0.1037,0.3688,0.1517,0.7561
4,2025-07-01,1.0,0.3034,0.1342,0.3131,0.0172,0.5409
5,2025-07-01,0.9836,0.0155,-0.0134,0.0842,0.073,0.7133
6,2025-07-01,0.964,0.2593,0.115,0.2713,0.0082,0.5211
7,2025-07-01,1.0,0.3353,0.1502,0.351,0.0363,0.572
8,2025-07-01,0.9944,0.4053,0.1637,0.3369,-0.0494,0.3818
9,2025-07-01,0.7926,0.4257,0.1853,0.3348,-0.0819,0.2987
10,2025-07-01,0.9993,0.3361,0.1472,0.2828,-0.0643,0.366
11,2025-07-01,1.0,0.2481,0.1118,0.3003,0.0902,0.7089
12,2025-07-01,0.978,0.3219,0.126,0.3416,-0.0183,0.463
13,2025-07-01,1.0,0.3804,0.156,0.2872,-0.0707,0.3067
14,2025-07-01,1.0,0.2905,0.1303,0.4054,0.1387,0.7627
15,2025-07-01,0.9971,0.3073,0.1334,0.321,0.0373,0.5807
16,2025-07-01,1.0,0.3212,0.1715,0.2206,-0.1337,0.1903
17,2025-07-01,1.0,0.3251,0.1035,0.4097,0.1339,0.8249
18,2025-07-01,1.0,0.2457,0.0898,0.3869,0.1445,0.6657
19,2025-07-01,1.0,0.2994,0.1076,0.2669,-0.0707,0.4103
20,2025-07-01,1.0,0.2874,0.1543,0.1537,-0.1399,0.1421
21,2025-07-01,0.5519,0.1997,0.0874,0.3108,0.1409,0.8416
22,2025-07-01,0.9991,0.5123,0.2494,0.3486,-0.2151,0.2689
23,2025-07-01,1.0,0.3561,0.1518,0.2805,-0.0986,0.3131
24,2025-07-01,1.0,0.3007,0.1526,0.1761,-0.1274,0.2664
25,2025-07-01,0.846,0.5369,0.2721,0.2118,-0.3789,0.0566
1,2025-07-03,1.0,0.2225,0.098,0.2766,0.0531,0.6425
2,2025-07-03,1.0,0.36,0.1407,0.3669,0.0532,0.5913
3,2025-07-03,1.0,0.2509,0.1052,0.4037,0.1955,0.8395
4,2025-07-03,0.9998,0.2758,0.1179,0.3488,0.1117,0.7219
5,2025-07-03,0.9933,0.013,-0.02,0.0663,0.0972,0.6675
6,2025-07-03,1.0,0.2352,0.1065,0.3019,0.0755,0.6978
7,2025-07-03,1.0,0.3058,0.1409,0.3996,0.1285,0.7722
8,2025-07-03,1.0,0.3552,0.1438,0.3575,0.0332,0.5843
9,2025-07-03,1.0,0.3612,0.1704,0.3483,0.006,0.5126
10,2025-07-03,1.0,0.2979,0.1359,0.32,0.0172,0.5334
11,2025-07-03,1.0,0.2294,0.1046,0.3348,0.1371,0.8131
12,2025-07-03,1.0,0.2945,0.1122,0.3608,0.0406,0.5796
13,2025-07-03,0.9998,0.337,0.1416,0.3194,0.0328,0.6096
14,2025-07-03,1.0,0.2765,0.1267,0.4461,0.2052,0.8465
15,2025-07-03,1.0,0.2958,0.1384,0.3511,0.0841,0.6869
16,2025-07-03,1.0,0.286,0.1582,0.2643,-0.0392,0.3903
17,2025-07-03,1.0,0.297,0.0959,0.4365,0.201,0.915
18,2025-07-03,1.0,0.2503,0.0978,0.4057,0.1655,0.6721
19,2025-07-03,1.0,0.2582,0.0944,0.2846,-0.0084,0.4863
20,2025-07-03,1.0,0.2547,0.1379,0.1891,-0.0523,0.3293
21,2025-07-03,0.9969,0.2787,0.1319,0.3835,0.0887,0.7713
22,2025-07-03,1.0,0.4659,0.2365,0.3583,-0.1555,0.321
23,2025-07-03,1.0,0.3281,0.1531,0.2986,-0.0425,0.4018
24,2025-07-03,1.0,0.2625,0.1393,0.193,-0.056,0.3819
25,2025-07-03,1.0,0.478,0.2586,0.2476,-0.2471,0.0756
1,2025-07-09,0.9992,0.2479,0.1233,0.1649,-0.1051,0.2277
2,2025-07-09,1.0,0.3598,0.1738,0.2518,-0.1568,0.2605
3,2025-07-09,1.0,0.2478,0.1228,0.2591,0.0187,0.5544
4,2025-07-09,0.9991,0.3174,0.1628,0.197,-0.1458,0.1292
5,2025-07-09,0.9166,0.0255,-0.0034,0.0471,0.0075,0.5264
6,2025-07-09,1.0,0.2668,0.1403,0.1679,-0.1266,0.1717
7,2025-07-09,1.0,0.3348,0.1779,0.2445,-0.1289,0.2695
8,2025-07-09,1.0,0.4103,0.2029,0.2277,-0.2293,0.0742
9,2025-07-09,1.0,0.3728,0.1901,0.2401,-0.1505,0.2481
10,2025-07-09,1.0,0.3234,0.1676,0.1972,-0.17,0.1269
11,2025-07-09,1.0,0.2335,0.1177,0.2113,-0.0214,0.424
12,2025-07-09,0.9458,0.3017,0.1312,0.2647,-0.0431,0.421
13,2025-07-09,1.0,0.3881,0.19,0.189,-0.2296,0.0209
14,2025-07-09,1.0,0.2776,0.1465,0.2807,-0.0193,0.4524
15,2025-07-09,0.8125,0.3394,0.1708,0.2401,-0.1246,0.1875
16,2025-07-09,1.0,0.3176,0.1871,0.1326,-0.2418,0.021
17,2025-07-09,1.0,0.3433,0.1579,0.2595,-0.1054,0.2334
18,2025-07-09,0.2295,0.3628,0.1882,0.2482,-0.214,0.1494
19,2025-07-09,1.0,0.2843,0.1261,0.1889,-0.1608,0.2218
20,2025-07-09,1.0,0.3006,0.1777,0.069,-0.2758,0.0462
21,2025-07-09,1.0,0.3072,0.1661,0.2429,-0.1428,0.2524
22,2025-07-09,1.0,0.5241,0.2963,0.2753,-0.421,0.1196
23,2025-07-09,1.0,0.3452,0.1732,0.2032,-0.2123,0.1112
24,2025-07-09,1.0,0.3086,0.1781,0.0684,-0.2642,0.0996
25,2025-07-09,1.0,0.6008,0.3297,0.1333,-0.6256,0.0152
1,2025-07-11,0.9034,0.2199,0.1029,0.1887,-0.0422,0.3452
2,2025-07-11,1.0,0.3481,0.1616,0.2641,-0.0992,0.2891
3,2025-07-11,1.0,0.2441,0.1159,0.2834,0.0598,0.6601
4,2025-07-11,1.0,0.2703,0.1317,0.227,-0.0557,0.2965
5,2025-07-11,1.0,0.026,0.0045,0.0783,0.0102,0.5264
6,2025-07-11,1.0,0.2326,0.1166,0.1916,-0.0499,0.3213
7,2025-07-11,1.0,0.3062,0.1465,0.2694,-0.0366,0.4087
8,2025-07-11,1.0,0.3592,0.1624,0.2524,-0.0991,0.1898
9,2025-07-11,0.9017,0.3132,0.1547,0.2529,-0.0719,0.3168
10,2025-07-11,1.0,0.2855,0.1406,0.2226,-0.095,0.2418
11,2025-07-11,1.0,0.2264,0.1107,0.233,0.0166,0.5609
12,2025-07-11,1.0,0.2745,0.1147,0.276,-0.0421,0.4103
13,2025-07-11,1.0,0.3349,0.1521,0.221,-0.1095,0.1159
14,2025-07-11,1.0,0.2703,0.1332,0.302,0.0294,0.5877
15,2025-07-11,0.8912,0.2916,0.1331,0.2612,-0.0259,0.4124
16,2025-07-11,1.0,0.2851,0.161,0.1567,-0.1646,0.0808
17,2025-07-11,1.0,0.302,0.1294,0.2897,-0.0023,0.4905
18,2025-07-11,1.0,0.2258,0.0955,0.3087,0.0708,0.6171
19,2025-07-11,1.0,0.2686,0.1139,0.2192,-0.0881,0.3287
20,2025-07-11,1.0,0.2542,0.1449,0.0909,-0.1776,0.0786
21,2025-07-11,0.9494,0.2461,0.1235,0.2608,-0.0195,0.4318
22,2025-07-11,1.0,0.4344,0.2481,0.2694,-0.2485,0.1435
23,2025-07-11,1.0,0.3157,0.1493,0.2242,-0.1095,0.218
24,2025-07-11,0.988,0.2556,0.1423,0.1169,-0.15,0.1694
25,2025-07-11,0.9929,0.4638,0.2452,0.1708,-0.3273,0.0405
1,2025-07-16,1.0,0.1316,0.0709,0.1786,0.0263,0.6961
2,2025-07-16,0.8931,0.1981,0.0989,0.2845,0.1007,0.9316
3,2025-07-16,1.0,0.203,0.109,0.3022,0.1075,0.8466
4,2025-07-16,1.0,0.156,0.0841,0.2245,0.055,0.7846
5,2025-07-16,1.0,-0.0029,-0.0127,0.0913,0.1086,0.7917
6,2025-07-16,1.0,0.1503,0.0869,0.196,0.0228,0.6631
7,2025-07-16,0.9876,0.2208,0.1249,0.2684,0.0428,0.731
8,2025-07-16,1.0,0.1852,0.0963,0.2397,0.0455,0.8229
9,2025-07-16,1.0,0.2013,0.1104,0.2494,0.0356,0.7152
10,2025-07-16,1.0,0.1689,0.0913,0.2042,0.0082,0.558
11,2025-07-16,1.0,0.1841,0.1028,0.2445,0.0541,0.7536
12,2025-07-16,1.0,0.1709,0.0794,0.2438,0.0483,0.767
13,2025-07-16,1.0,0.1764,0.0932,0.1962,0.0062,0.5522
14,2025-07-16,1.0,0.2257,0.1287,0.3235,0.0837,0.8658
15,2025-07-16,1.0,0.1811,0.1027,0.2287,0.0238,0.6647
16,2025-07-16,1.0,0.2019,0.1292,0.1696,-0.0553,0.1784
17,2025-07-16,1.0,0.1716,0.0796,0.2736,0.1028,0.9929
18,2025-07-16,1.0,0.1607,0.0778,0.2661,0.0959,0.7271
19,2025-07-16,1.0,0.1658,0.0796,0.2013,0.0057,0.5291
20,2025-07-16,1.0,0.1528,0.0982,0.1258,-0.0459,0.2216
21,2025-07-16,1.0,0.1571,0.0894,0.246,0.0639,0.9583
22,2025-07-16,1.0,0.1809,0.0959,0.2874,0.1259,1.0
23,2025-07-16,1.0,0.1768,0.1011,0.1864,-0.0286,0.3067
24,2025-07-16,1.0,0.12,0.0689,0.1429,0.0077,0.5618
25,2025-07-16,1.0,0.2038,0.1348,0.1301,-0.1024,0.0098
1,2025-07-19,0.9964,0.1827,0.1082,0.1838,-0.0224,0.4115
2,2025-07-19,0.9899,0.2997,0.1583,0.2729,-0.0514,0.3868
3,2025-07-19,1.0,0.2054,0.1185,0.2516,0.0432,0.6876
4,2025-07-19,1.0,0.2297,0.1306,0.2362,-0.0026,0.4904
5,2025-07-19,0.9937,-0.0015,0.0048,0.0473,0.0418,0.6109
6,2025-07-19,1.0,0.188,0.1189,0.178,-0.0326,0.3407
7,2025-07-19,1.0,0.2286,0.1311,0.2617,0.0462,0.6927
8,2025-07-19,1.0,0.3002,0.1565,0.2479,-0.0731,0.2636
9,2025-07-19,0.9318,0.2515,0.1416,0.2433,0.0067,0.5289
10,2025-07-19,1.0,0.2246,0.1286,0.1922,-0.0558,0.2717
11,2025-07-19,1.0,0.1829,0.106,0.2086,0.0167,0.6035
12,2025-07-19,1.0,0.2324,0.1145,0.2479,-0.0121,0.4615
13,2025-07-19,1.0,0.2572,0.1402,0.1968,-0.0569,0.1989
14,2025-07-19,1.0,0.2186,0.1261,0.2889,0.0924,0.861
15,2025-07-19,1.0,0.2342,0.1366,0.2357,-0.0203,0.4154
16,2025-07-19,1.0,0.2217,0.1468,0.1408,-0.1047,0.0806
17,2025-07-19,1.0,0.2551,0.1267,0.2636,0.013,0.5649
18,2025-07-19,1.0,0.2022,0.1109,0.2641,0.0407,0.5933
19,2025-07-19,1.0,0.2008,0.1036,0.1714,-0.0801,0.1977
20,2025-07-19,1.0,0.1965,0.1362,0.0883,-0.125,0.1214
21,2025-07-19,1.0,0.2284,0.1328,0.253,-0.0063,0.4703
22,2025-07-19,1.0,0.3069,0.1795,0.284,-0.0392,0.4112
23,2025-07-19,1.0,0.2271,0.1324,0.1798,-0.0889,0.1323
24,2025-07-19,1.0,0.2088,0.1333,0.0887,-0.1197,0.2038
25,2025-07-19,1.0,0.3501,0.221,0.1501,-0.2485,0.0343
1,2025-07-21,0.8352,0.2,0.0941,0.1647,-0.0538,0.3222
2,2025-07-21,0.9652,0.324,0.1379,0.2608,-0.0576,0.3732
3,2025-07-21,0.9999,0.2411,0.1127,0.2517,0.023,0.5809
4,2025-07-21,0.9866,0.257,0.1198,0.2022,-0.0582,0.2695
5,2025-07-21,0.8964,0.0111,-0.0118,0.0756,0.0229,0.5902
6,2025-07-21,1.0,0.222,0.1105,0.1629,-0.0663,0.2358
7,2025-07-21,0.9665,0.2851,0.1323,0.2404,-0.0349,0.3903
8,2025-07-21,0.9665,0.3304,0.1395,0.2471,-0.0641,0.2689
9,2025-07-21,0.696,0.3258,0.1487,0.2554,-0.0633,0.3205
10,2025-07-21,0.985,0.2647,0.1226,0.1885,-0.0921,0.2015
11,2025-07-21,0.9986,0.2184,0.1018,0.2055,-0.0017,0.4911
12,2025-07-21,0.8046,0.2719,0.1045,0.2472,-0.0476,0.3653
13,2025-07-21,0.9704,0.3008,0.1323,0.188,-0.103,0.1133
14,2025-07-21,0.9484,0.2642,0.1248,0.2763,0.0244,0.5774
15,2025-07-21,0.7314,0.2481,0.1117,0.2293,-0.0198,0.4159
16,2025-07-21,1.0,0.2686,0.1512,0.1287,-0.1669,0.058
17,2025-07-21,1.0,0.2871,0.11,0.2683,0.0089,0.5331
18,2025-07-21,1.0,0.2223,0.0922,0.2764,0.0406,0.5825
19,2025-07-21,1.0,0.2578,0.1062,0.1826,-0.1106,0.2153
20,2025-07-21,1.0,0.244,0.1399,0.0733,-0.187,0.0655
21,2025-07-21,0.3531,0.3463,0.1589,0.2641,-0.0574,0.2487
22,2025-07-21,0.6832,0.4045,0.2112,0.2939,-0.0755,0.303
23,2025-07-21,1.0,0.2915,0.1341,0.1976,-0.1172,0.145
24,2025-07-21,1.0,0.2394,0.1333,0.0708,-0.1777,0.1326
25,2025-07-21,0.8003,0.3869,0.2094,0.1466,-0.2644,0.034
1,2025-07-24,1.0,0.2772,0.1293,0.1642,-0.1197,0.1951
2,2025-07-24,1.0,0.4068,0.1783,0.2727,-0.164,0.2215
3,2025-07-24,1.0,0.2838,0.1288,0.2921,0.0363,0.5872
4,2025-07-24,0.9839,0.3376,0.1558,0.22,-0.1154,0.2173
5,2025-07-24,1.0,0.0341,0.0103,0.0315,-0.0615,0.3853
6,2025-07-24,1.0,0.2889,0.1414,0.1829,-0.111,0.2087
7,2025-07-24,1.0,0.3637,0.1762,0.2763,-0.099,0.3198
8,2025-07-24,1.0,0.4345,0.1876,0.2633,-0.1834,0.1394
9,2025-07-24,1.0,0.4213,0.1983,0.2628,-0.1771,0.2354
10,2025-07-24,1.0,0.3546,0.1656,0.2251,-0.1651,0.166
11,2025-07-24,1.0,0.2632,0.1223,0.2375,-0.0117,0.457
12,2025-07-24,1.0,0.3555,0.1391,0.2681,-0.121,0.3049
13,2025-07-24,1.0,0.3908,0.1679,0.2317,-0.153,0.0834
14,2025-07-24,1.0,0.3249,0.1597,0.3059,-0.0304,0.4347
15,2025-07-24,1.0,0.3619,0.1688,0.2574,-0.1197,0.1851
16,2025-07-24,1.0,0.3509,0.1937,0.1421,-0.2313,0.0575
17,2025-07-24,1.0,0.3693,0.1463,0.2926,-0.0709,0.3043
18,2025-07-24,1.0,0.2663,0.1062,0.3114,0.0359,0.551
19,2025-07-24,1.0,0.3152,0.1233,0.2381,-0.1144,0.288
20,2025-07-24,1.0,0.3184,0.1791,0.0692,-0.2611,0.0949
21,2025-07-24,1.0,0.3403,0.1663,0.2522,-0.1479,0.2427
22,2025-07-24,1.0,0.6185,0.3308,0.2712,-0.5141,0.0981
23,2025-07-24,1.0,0.3892,0.1804,0.2451,-0.1752,0.1685
24,2025-07-24,1.0,0.3269,0.1718,0.092,-0.2324,0.1229
25,2025-07-24,1.0,0.6466,0.3325,0.1734,-0.5784,0.0277
1,2025-07-26,1.0,0.2294,0.105,0.1947,-0.0368,0.3738
2,2025-07-26,1.0,0.3701,0.1731,0.2849,-0.0912,0.3348
3,2025-07-26,1.0,0.2561,0.1179,0.3072,0.0872,0.7118
4,2025-07-26,1.0,0.3026,0.144,0.2466,-0.037,0.376
5,2025-07-26,1.0,0.0164,-0.0114,0.0728,0.0359,0.6162
6,2025-07-26,1.0,0.2468,0.1168,0.2082,-0.0344,0.3864
7,2025-07-26,1.0,0.323,0.1548,0.2873,-0.0235,0.4403
8,2025-07-26,1.0,0.3849,0.1773,0.2729,-0.0902,0.2345
9,2025-07-26,1.0,0.356,0.1711,0.2779,-0.0665,0.3407
10,2025-07-26,1.0,0.3116,0.1443,0.2415,-0.085,0.2769
11,2025-07-26,1.0,0.2376,0.1093,0.2505,0.039,0.6207
12,2025-07-26,1.0,0.3015,0.124,0.2848,-0.0325,0.4278
13,2025-07-26,1.0,0.3638,0.1563,0.243,-0.0955,0.1822
14,2025-07-26,1.0,0.2813,0.1377,0.325,0.052,0.6513
15,2025-07-26,1.0,0.2937,0.1356,0.276,-0.0043,0.4878
16,2025-07-26,1.0,0.3021,0.1659,0.171,-0.156,0.1024
17,2025-07-26,1.0,0.3381,0.1378,0.3158,0.0196,0.5689
18,2025-07-26,1.0,0.2359,0.0931,0.3122,0.1027,0.6516
19,2025-07-26,1.0,0.293,0.1125,0.2451,-0.0779,0.3593
20,2025-07-26,1.0,0.2776,0.1491,0.1059,-0.1775,0.0776
21,2025-07-26,1.0,0.2732,0.1348,0.2802,-0.0102,0.4729
22,2025-07-26,1.0,0.4919,0.2752,0.2881,-0.3185,0.1542
23,2025-07-26,1.0,0.3293,0.1514,0.246,-0.1028,0.2553
24,2025-07-26,1.0,0.2981,0.1514,0.1356,-0.1515,0.1986
25,2025-07-26,1.0,0.4593,0.2423,0.1744,-0.3167,0.0392
1,2025-07-29,1.0,0.2297,0.1128,0.1755,-0.0583,0.2923
2,2025-07-29,1.0,0.327,0.1564,0.2562,-0.089,0.2777
3,2025-07-29,1.0,0.2383,0.108,0.2924,0.0864,0.7295
4,2025-07-29,1.0,0.2758,0.135,0.2295,-0.0429,0.3513
5,2025-07-29,1.0,0.0221,-0.0003,0.0491,-0.0062,0.4866
6,2025-07-29,1.0,0.237,0.1147,0.1919,-0.0478,0.3297
7,2025-07-29,1.0,0.2955,0.1437,0.2664,-0.0273,0.4209
8,2025-07-29,1.0,0.3413,0.1579,0.2389,-0.1091,0.1743
9,2025-07-29,1.0,0.338,0.1669,0.2556,-0.0884,0.3005
10,2025-07-29,1.0,0.288,0.1407,0.2189,-0.0996,0.2269
11,2025-07-29,1.0,0.2201,0.1029,0.2316,0.0275,0.6109
12,2025-07-29,1.0,0.2902,0.1241,0.2492,-0.073,0.3509
13,2025-07-29,1.0,0.3208,0.1461,0.2167,-0.0952,0.1357
14,2025-07-29,1.0,0.2699,0.1329,0.3157,0.0426,0.6407
15,2025-07-29,1.0,0.2874,0.1406,0.2445,-0.0501,0.3316
16,2025-07-29,1.0,0.2661,0.147,0.1577,-0.1241,0.1069
17,2025-07-29,1.0,0.2946,0.1202,0.2812,0.006,0.5247
18,2025-07-29,1.0,0.2292,0.0941,0.2851,0.0736,0.6223
19,2025-07-29,0.5745,0.1836,0.0656,0.2376,0.0569,0.7158
20,2025-07-29,1.0,0.2486,0.1385,0.0989,-0.1614,0.1106
21,2025-07-29,1.0,0.2729,0.1438,0.2523,-0.0631,0.339
22,2025-07-29,1.0,0.4324,0.2372,0.2721,-0.2568,0.1729
23,2025-07-29,1.0,0.2866,0.1319,0.2135,-0.1039,0.2195
24,2025-07-29,1.0,0.2491,0.133,0.1208,-0.1285,0.1861
1,2025-07-31,0.9675,0.2455,0.1161,0.2044,-0.0556,0.3451
2,2025-07-31,1.0,0.3733,0.1692,0.2961,-0.0838,0.3196
3,2025-07-31,0.948,0.254,0.1126,0.2983,0.0699,0.7151
4,2025-07-31,1.0,0.3059,0.1433,0.2669,-0.0287,0.4135
5,2025-07-31,0.8573,0.038,0.0019,0.0884,0.0073,0.5195
6,2025-07-31,1.0,0.2588,0.125,0.2247,-0.0353,0.3895
7,2025-07-31,0.3732,0.2955,0.1376,0.3417,0.0759,0.8027
8,2025-07-31,1.0,0.3992,0.1708,0.2905,-0.0833,0.2836
9,2025-07-31,0.5589,0.3905,0.1782,0.325,-0.0437,0.3383
10,2025-07-31,1.0,0.3192,0.1452,0.2569,-0.076,0.3109
11,2025-07-31,0.983,0.2271,0.1007,0.2522,0.0579,0.7158
12,2025-07-31,0.9415,0.2879,0.1162,0.2889,-0.0449,0.4166
13,2025-07-31,1.0,0.3707,0.1632,0.256,-0.0863,0.2016
14,2025-07-31,0.8084,0.2978,0.1325,0.3596,0.1143,0.8158
15,2025-07-31,0.9651,0.3176,0.1415,0.2955,-0.0121,0.4641
16,2025-07-31,0.8664,0.2947,0.1609,0.1962,-0.1013,0.1837
17,2025-07-31,1.0,0.3411,0.1311,0.329,0.0278,0.5874
18,2025-07-31,1.0,0.2408,0.0959,0.289,0.065,0.5977
19,2025-07-31,1.0,0.2919,0.123,0.2411,-0.0971,0.2699
20,2025-07-31,0.9686,0.2606,0.1435,0.1102,-0.1451,0.1271
21,2025-07-31,0.9831,0.2832,0.1334,0.2993,-0.0115,0.4576
22,2025-07-31,1.0,0.4435,0.2505,0.3163,-0.1925,0.2206
23,2025-07-31,0.7041,0.377,0.1758,0.2465,-0.1424,0.1517
24,2025-07-31,1.0,0.2777,0.15,0.1078,-0.1757,0.1821
25,2025-07-31,0.7775,0.5025,0.2683,0.2006,-0.3225,0.0469
1,2025-08-03,1.0,0.2587,0.1273,0.1585,-0.1121,0.202
2,2025-08-03,0.9608,0.3709,0.1585,0.2598,-0.1201,0.2854
3,2025-08-03,1.0,0.2759,0.1344,0.2529,-0.0122,0.459
4,2025-08-03,1.0,0.3228,0.1535,0.1966,-0.1273,0.1575
5,2025-08-03,0.9994,0.0214,0.0115,0.0368,-0.0456,0.3892
6,2025-08-03,1.0,0.2838,0.1462,0.1617,-0.1288,0.1404
7,2025-08-03,0.9794,0.3515,0.1718,0.247,-0.1086,0.2584
8,2025-08-03,0.9036,0.3954,0.1648,0.2455,-0.1328,0.164
9,2025-08-03,0.8998,0.3672,0.1699,0.2332,-0.1262,0.2565
10,2025-08-03,1.0,0.3396,0.1603,0.1956,-0.1597,0.1064
11,2025-08-03,1.0,0.2601,0.1258,0.2062,-0.0423,0.3264
12,2025-08-03,1.0,0.3423,0.1395,0.2364,-0.1424,0.2427
13,2025-08-03,1.0,0.3848,0.1723,0.188,-0.1848,0.0304
14,2025-08-03,1.0,0.3094,0.1556,0.2816,-0.0266,0.4253
15,2025-08-03,1.0,0.3322,0.1577,0.236,-0.1056,0.188
16,2025-08-03,1.0,0.3417,0.1922,0.1183,-0.2422,0.0332
17,2025-08-03,0.9872,0.359,0.1408,0.2591,-0.0795,0.2711
18,2025-08-03,1.0,0.2616,0.1109,0.25,-0.0231,0.4484
19,2025-08-03,1.0,0.3153,0.132,0.1824,-0.1729,0.1434
20,2025-08-03,1.0,0.3136,0.1846,0.0598,-0.2694,0.0661
21,2025-08-03,1.0,0.3067,0.1502,0.2404,-0.1129,0.2338
22,2025-08-03,1.0,0.5373,0.2719,0.2888,-0.3601,0.1706
23,2025-08-03,1.0,0.3654,0.1738,0.2004,-0.2078,0.0661
24,2025-08-03,1.0,0.305,0.1714,0.0535,-0.2441,0.0916
25,2025-08-03,1.0,0.5579,0.2942,0.1524,-0.4679,0.0218
1,2025-08-05,1.0,0.2285,0.1186,0.1426,-0.0987,0.2221
2,2025-08-05,0.993,0.3447,0.1605,0.2524,-0.1313,0.2617
3,2025-08-05,1.0,0.251,0.1342,0.2407,-0.0007,0.497
4,2025-08-05,0.9999,0.2927,0.1503,0.1786,-0.1294,0.141
5,2025-08-05,0.9416,-0.0019,-0.007,0.047,-0.0064,0.4805
6,2025-08-05,1.0,0.2507,0.1417,0.1446,-0.1287,0.135
7,2025-08-05,0.9468,0.2957,0.1562,0.2264,-0.0706,0.3078
8,2025-08-05,0.9612,0.3625,0.1667,0.2292,-0.1447,0.1386
9,2025-08-05,1.0,0.34,0.1715,0.2306,-0.1112,0.267
10,2025-08-05,0.96,0.2872,0.1461,0.1778,-0.1337,0.12
11,2025-08-05,1.0,0.2347,0.1246,0.1918,-0.0426,0.308
12,2025-08-05,1.0,0.2842,0.1169,0.2179,-0.0817,0.3042
13,2025-08-05,1.0,0.3327,0.1574,0.174,-0.17,0.0414
14,2025-08-05,1.0,0.275,0.1503,0.2692,-0.0019,0.495
15,2025-08-05,0.9492,0.2886,0.149,0.2237,-0.0838,0.2211
16,2025-08-05,1.0,0.2953,0.1844,0.1083,-0.2182,0.0441
17,2025-08-05,1.0,0.3194,0.1356,0.2504,-0.0742,0.2644
18,2025-08-05,1.0,0.2271,0.103,0.2404,-0.0102,0.478
19,2025-08-05,1.0,0.2764,0.1309,0.1643,-0.1658,0.125
20,2025-08-05,1.0,0.2812,0.1752,0.0587,-0.2596,0.0877
21,2025-08-05,1.0,0.2676,0.1365,0.2163,-0.0881,0.2569
22,2025-08-05,1.0,0.4788,0.2629,0.2756,-0.3617,0.1453
23,2025-08-05,1.0,0.3145,0.164,0.1864,-0.1838,0.0583
24,2025-08-05,1.0,0.2648,0.1584,0.0465,-0.2495,0.0803
25,2025-08-05,1.0,0.4657,0.2697,0.144,-0.3987,0.0452
1,2025-08-08,1.0,0.2332,0.1272,0.1431,-0.1083,0.1747
2,2025-08-08,1.0,0.3225,0.158,0.2402,-0.1127,0.2515
3,2025-08-08,0.6683,0.2212,0.1176,0.2433,0.026,0.5852
4,2025-08-08,1.0,0.2828,0.1509,0.1794,-0.1094,0.161
5,2025-08-08,1.0,0.0121,0.0116,0.0336,-0.0415,0.3772
6,2025-08-08,0.9814,0.2192,0.1205,0.154,-0.0673,0.2637
7,2025-08-08,0.9953,0.2892,0.155,0.2347,-0.0607,0.3457
8,2025-08-08,1.0,0.3516,0.1702,0.2197,-0.1417,0.1235
9,2025-08-08,0.9063,0.3153,0.1666,0.2142,-0.1086,0.2637
10,2025-08-08,0.8166,0.2617,0.1422,0.1926,-0.0969,0.2025
11,2025-08-08,0.9491,0.218,0.1125,0.2072,-0.003,0.4844
12,2025-08-08,1.0,0.3008,0.1405,0.2201,-0.1202,0.2414
13,2025-08-08,1.0,0.3258,0.1631,0.1758,-0.1505,0.0342
14,2025-08-08,0.5406,0.2836,0.1523,0.2912,0.0031,0.5113
15,2025-08-08,1.0,0.2903,0.1531,0.2172,-0.0991,0.1718
16,2025-08-08,0.9982,0.2781,0.1637,0.119,-0.1825,0.0454
17,2025-08-08,1.0,0.3103,0.1418,0.2431,-0.0752,0.2497
18,2025-08-08,1.0,0.2249,0.1085,0.2352,-0.0064,0.4838
19,2025-08-08,1.0,0.2685,0.1208,0.184,-0.13,0.201
20,2025-08-08,0.744,0.2358,0.1476,0.0807,-0.1647,0.0994
21,2025-08-08,1.0,0.2693,0.1488,0.2178,-0.0967,0.2547
22,2025-08-08,1.0,0.5082,0.2988,0.2335,-0.4607,0.0537
23,2025-08-08,1.0,0.3041,0.1504,0.1836,-0.1695,0.073
24,2025-08-08,1.0,0.2648,0.1567,0.0644,-0.213,0.0711
25,2025-08-08,1.0,0.4729,0.2648,0.13,-0.4124,0.0229
1,2025-08-12,1.0,0.2284,0.1071,0.1889,-0.0397,0.3682
2,2025-08-12,1.0,0.3449,0.1537,0.2756,-0.0667,0.3435
3,2025-08-12,1.0,0.254,0.1166,0.3062,0.0886,0.7127
4,2025-08-12,1.0,0.2893,0.1388,0.2382,-0.0349,0.3802
5,2025-08-12,1.0,0.0103,-0.0131,0.0497,0.0133,0.5402
6,2025-08-12,1.0,0.2405,0.1187,0.2002,-0.0355,0.3757
7,2025-08-12,1.0,0.3092,0.1497,0.2841,-0.0131,0.461
8,2025-08-12,1.0,0.3596,0.1581,0.2635,-0.0698,0.2952
9,2025-08-12,1.0,0.3404,0.1632,0.2731,-0.0609,0.3451
10,2025-08-12,1.0,0.2916,0.1369,0.2339,-0.0737,0.2933
11,2025-08-12,1.0,0.2333,0.1095,0.2435,0.0304,0.6054
12,2025-08-12,1.0,0.2836,0.1156,0.2664,-0.0326,0.4312
13,2025-08-12,1.0,0.3333,0.1477,0.2255,-0.0774,0.1938
14,2025-08-12,1.0,0.2846,0.1388,0.3256,0.0512,0.6561
15,2025-08-12,1.0,0.287,0.132,0.2652,-0.0148,0.4558
16,2025-08-12,1.0,0.2875,0.1636,0.1674,-0.1413,0.1214
17,2025-08-12,1.0,0.3092,0.1154,0.2981,0.0246,0.5912
18,2025-08-12,1.0,0.2264,0.0873,0.2834,0.0839,0.6522
19,2025-08-12,1.0,0.2657,0.1054,0.2417,-0.0581,0.3685
20,2025-08-12,1.0,0.2669,0.1548,0.0996,-0.1742,0.0982
21,2025-08-12,1.0,0.2684,0.1304,0.2641,-0.0296,0.4099
22,2025-08-12,1.0,0.4319,0.2395,0.2792,-0.2314,0.1715
23,2025-08-12,1.0,0.3194,0.1426,0.2414,-0.0897,0.2631
24,2025-08-12,1.0,0.2708,0.1501,0.1281,-0.1413,0.1935
25,2025-08-12,1.0,0.4262,0.2305,0.1719,-0.2828,0.0435
1,2025-08-13,1.0,0.2575,0.1192,0.181,-0.0731,0.2865
2,2025-08-13,1.0,0.3719,0.1479,0.2734,-0.1045,0.3069
3,2025-08-13,1.0,0.2741,0.1194,0.3087,0.0709,0.6606
4,2025-08-13,1.0,0.3202,0.1422,0.2371,-0.0694,0.3152
5,2025-08-13,0.9938,0.0245,0.0058,0.0323,-0.0424,0.4155
6,2025-08-13,0.9857,0.271,0.1302,0.2004,-0.0623,0.3136
7,2025-08-13,1.0,0.3457,0.1608,0.2857,-0.0538,0.3807
8,2025-08-13,1.0,0.4029,0.1602,0.2618,-0.1313,0.2077
9,2025-08-13,1.0,0.3835,0.1714,0.2644,-0.129,0.2597
10,2025-08-13,1.0,0.3263,0.1479,0.2329,-0.118,0.2344
11,2025-08-13,1.0,0.2548,0.1175,0.2456,0.0073,0.5243
12,2025-08-13,1.0,0.3286,0.1238,0.2553,-0.1128,0.3135
13,2025-08-13,1.0,0.3658,0.1498,0.2351,-0.1066,0.1598
14,2025-08-13,1.0,0.3166,0.1501,0.3287,0.0087,0.5228
15,2025-08-13,1.0,0.3354,0.1499,0.2642,-0.0699,0.3061
16,2025-08-13,1.0,0.3263,0.1769,0.1583,-0.1817,0.0912
17,2025-08-13,1.0,0.3414,0.1186,0.2993,-0.0099,0.4704
18,2025-08-13,1.0,0.2494,0.0926,0.2796,0.0444,0.5858
19,2025-08-13,1.0,0.2809,0.1072,0.2432,-0.0775,0.3412
20,2025-08-13,1.0,0.2962,0.1645,0.0899,-0.2035,0.1136
21,2025-08-13,1.0,0.3124,0.1477,0.2646,-0.0851,0.3248
22,2025-08-13,1.0,0.5389,0.2786,0.2537,-0.4216,0.115
23,2025-08-13,1.0,0.3578,0.1568,0.2394,-0.1407,0.1979
24,2025-08-13,1.0,0.2956,0.1547,0.1253,-0.1742,0.177
25,2025-08-13,1.0,0.5446,0.2739,0.1701,-0.4252,0.037
1,2025-08-23,1.0,0.2381,0.1098,0.158,-0.0798,0.2462
2,2025-08-23,1.0,0.3322,0.1351,0.2468,-0.1138,0.26
3,2025-08-23,1.0,0.2682,0.1223,0.2636,0.0235,0.5731
4,2025-08-23,1.0,0.3005,0.1326,0.1946,-0.0986,0.1983
5,2025-08-23,1.0,0.0114,0.0032,0.0325,-0.0298,0.4081
6,2025-08-23,1.0,0.2613,0.1254,0.1652,-0.0931,0.2118
7,2025-08-23,1.0,0.3376,0.1538,0.2415,-0.0988,0.2725
8,2025-08-23,1.0,0.3561,0.1432,0.2261,-0.1334,0.1303
9,2025-08-23,1.0,0.3689,0.1603,0.2422,-0.1287,0.2399
10,2025-08-23,1.0,0.324,0.1411,0.1975,-0.1448,0.1409
11,2025-08-23,1.0,0.2502,0.1148,0.2073,-0.0295,0.3821
12,2025-08-23,1.0,0.3166,0.1156,0.2366,-0.0835,0.3252
13,2025-08-23,1.0,0.3491,0.1415,0.1871,-0.1542,0.0456
14,2025-08-23,1.0,0.3035,0.1469,0.283,-0.0298,0.4157
15,2025-08-23,1.0,0.2974,0.1341,0.2299,-0.0753,0.2493
16,2025-08-23,1.0,0.3197,0.1692,0.1261,-0.2151,0.0347
17,2025-08-23,1.0,0.3254,0.114,0.2567,-0.0604,0.2986
18,2025-08-23,1.0,0.2399,0.0897,0.2588,0.0622,0.6152
19,2025-08-23,1.0,0.2822,0.1071,0.195,-0.1164,0.2533
20,2025-08-23,1.0,0.2963,0.1619,0.0733,-0.2387,0.0596
21,2025-08-23,1.0,0.2665,0.1233,0.235,-0.0432,0.3634
22,2025-08-23,1.0,0.4955,0.2469,0.2428,-0.4525,0.0771
23,2025-08-23,1.0,0.3171,0.14,0.1984,-0.1575,0.1284
24,2025-08-23,1.0,0.2785,0.1356,0.0866,-0.2039,0.103
25,2025-08-23,1.0,0.444,0.22,0.1303,-0.3859,0.0261
1,2025-08-28,1.0,0.2769,0.1371,0.1873,-0.0989,0.2409
2,2025-08-28,1.0,0.3659,0.1689,0.252,-0.154,0.2359
3,2025-08-28,1.0,0.2861,0.1375,0.2952,0.0344,0.5827
4,2025-08-28,1.0,0.3483,0.1702,0.2257,-0.1175,0.2083
5,2025-08-28,1.0,0.0202,0.002,0.0311,-0.0369,0.3974
6,2025-08-28,1.0,0.2954,0.1496,0.2043,-0.0981,0.2366
7,2025-08-28,1.0,0.3798,0.1921,0.2801,-0.1128,0.295
8,2025-08-28,1.0,0.4149,0.1949,0.2358,-0.2018,0.0935
9,2025-08-28,1.0,0.4027,0.2,0.2633,-0.1497,0.2389
10,2025-08-28,1.0,0.3692,0.1827,0.2287,-0.1642,0.166
11,2025-08-28,1.0,0.2743,0.1322,0.2369,-0.0193,0.432
12,2025-08-28,1.0,0.359,0.1575,0.2515,-0.1458,0.2416
13,2025-08-28,1.0,0.4097,0.1901,0.2129,-0.1855,0.0555
14,2025-08-28,1.0,0.323,0.1682,0.319,-0.0211,0.445
15,2025-08-28,1.0,0.3434,0.1649,0.2641,-0.0953,0.2496
16,2025-08-28,1.0,0.3625,0.2059,0.1581,-0.2364,0.0494
17,2025-08-28,1.0,0.3795,0.1558,0.2874,-0.085,0.2891
18,2025-08-28,1.0,0.2652,0.1082,0.2778,0.0553,0.5944
19,2025-08-28,1.0,0.3329,0.1355,0.2248,-0.1494,0.2488
20,2025-08-28,1.0,0.3452,0.203,0.0909,-0.2697,0.0435
21,2025-08-28,1.0,0.3195,0.1629,0.2646,-0.0978,0.2879
22,2025-08-28,1.0,0.5756,0.3506,0.2558,-0.615,0.0822
23,2025-08-28,1.0,0.3734,0.1766,0.2192,-0.2048,0.1244
24,2025-08-28,1.0,0.3501,0.1891,0.099,-0.2563,0.095
25,2025-08-28,1.0,0.5782,0.3101,0.1616,-0.4953,0.0283
1,2025-09-01,0.9885,0.2505,0.1197,0.1839,-0.0677,0.3166
2,2025-09-01,0.9921,0.3842,0.1667,0.277,-0.1214,0.2723
3,2025-09-01,1.0,0.2703,0.1349,0.2613,0.0108,0.5376
4,2025-09-01,0.9968,0.3215,0.1531,0.2172,-0.079,0.258
5,2025-09-01,0.9749,0.014,-0.011,0.0337,-0.0107,0.4674
6,2025-09-01,1.0,0.2629,0.1361,0.1776,-0.078,0.2308
7,2025-09-01,1.0,0.3252,0.1606,0.2589,-0.0516,0.3547
8,2025-09-01,0.9869,0.4002,0.1744,0.2701,-0.1123,0.2029
9,2025-09-01,0.995,0.3564,0.1753,0.2534,-0.0883,0.2847
10,2025-09-01,1.0,0.3182,0.152,0.2133,-0.1066,0.1968
11,2025-09-01,1.0,0.2483,0.1202,0.2146,-0.0146,0.4327
12,2025-09-01,0.9955,0.2943,0.1183,0.2532,-0.0482,0.3804
13,2025-09-01,1.0,0.3604,0.1635,0.2092,-0.1143,0.1066
14,2025-09-01,0.9882,0.2957,0.1537,0.2832,0.002,0.5084
15,2025-09-01,1.0,0.2985,0.1411,0.2528,-0.0345,0.3733
16,2025-09-01,1.0,0.3087,0.1795,0.1398,-0.1821,0.0666
17,2025-09-01,1.0,0.3483,0.1371,0.2822,-0.0274,0.4112
18,2025-09-01,1.0,0.2529,0.1058,0.2631,0.0458,0.5925
19,2025-09-01,1.0,0.2987,0.1238,0.2014,-0.1157,0.198
20,2025-09-01,1.0,0.2953,0.1759,0.0834,-0.2193,0.0619
21,2025-09-01,0.9996,0.2937,0.1447,0.258,-0.0396,0.3751
22,2025-09-01,0.9991,0.4486,0.2384,0.3194,-0.2413,0.2081
23,2025-09-01,1.0,0.3308,0.1565,0.2167,-0.1346,0.1387
24,2025-09-01,1.0,0.3193,0.1711,0.0855,-0.2237,0.132
25,2025-09-01,1.0,0.457,0.246,0.1788,-0.3058,0.0397
1,2025-09-02,1.0,0.2211,0.0959,0.1575,-0.0407,0.3626
2,2025-09-02,1.0,0.2996,0.1104,0.2534,-0.0143,0.4594
3,2025-09-02,1.0,0.2711,0.126,0.2482,0.0172,0.5687
4,2025-09-02,1.0,0.272,0.1173,0.1851,-0.051,0.3251
5,2025-09-02,1.0,0.0214,-0.0062,0.0223,-0.0129,0.4715
6,2025-09-02,1.0,0.2555,0.1254,0.1527,-0.0753,0.22
7,2025-09-02,0.9572,0.3029,0.1371,0.2432,-0.0215,0.4246
8,2025-09-02,1.0,0.3153,0.1249,0.236,-0.0434,0.3426
9,2025-09-02,0.967,0.3395,0.1509,0.2358,-0.0719,0.3221
10,2025-09-02,1.0,0.292,0.1254,0.1877,-0.0907,0.2059
11,2025-09-02,1.0,0.2415,0.1085,0.1974,-0.0113,0.4411
12,2025-09-02,0.9387,0.2639,0.081,0.2208,-0.0096,0.4702
13,2025-09-02,1.0,0.309,0.1244,0.1825,-0.0822,0.1505
14,2025-09-02,1.0,0.2897,0.1367,0.2729,0.0206,0.5627
15,2025-09-02,1.0,0.2738,0.1211,0.2199,-0.0338,0.3425
16,2025-09-02,1.0,0.2926,0.1591,0.1169,-0.1534,0.076
17,2025-09-02,1.0,0.2991,0.1035,0.2541,0.0028,0.5125
18,2025-09-02,1.0,0.2509,0.0922,0.2521,0.0422,0.6154
19,2025-09-02,1.0,0.2728,0.1022,0.187,-0.0827,0.217
20,2025-09-02,1.0,0.2748,0.1552,0.0661,-0.196,0.0861
21,2025-09-02,0.9818,0.2558,0.1188,0.2121,-0.0286,0.3931
22,2025-09-02,1.0,0.347,0.1486,0.2645,-0.0665,0.3687
23,2025-09-02,1.0,0.3,0.1366,0.1938,-0.1153,0.1264
24,2025-09-02,1.0,0.2525,0.1273,0.0709,-0.1557,0.1463
25,2025-09-02,1.0,0.3853,0.1952,0.1494,-0.2389,0.0452
1,2025-09-04,0.9963,0.2266,0.106,0.167,-0.0618,0.3293
2,2025-09-04,1.0,0.3655,0.1615,0.2733,-0.1085,0.2919
3,2025-09-04,1.0,0.2708,0.1351,0.2644,0.0126,0.5407
4,2025-09-04,1.0,0.315,0.151,0.2029,-0.0892,0.2318
5,2025-09-04,0.9898,0.0102,-0.0178,0.0412,-0.0018,0.4928
6,2025-09-04,1.0,0.2585,0.1346,0.1694,-0.0863,0.2217
7,2025-09-04,0.9949,0.3328,0.161,0.2621,-0.0575,0.3557
8,2025-09-04,1.0,0.3854,0.1743,0.2615,-0.1141,0.1993
9,2025-09-04,1.0,0.361,0.1863,0.2611,-0.0925,0.2817
10,2025-09-04,1.0,0.3212,0.1514,0.2117,-0.1152,0.1972
11,2025-09-04,1.0,0.2474,0.1192,0.2164,-0.0115,0.4526
12,2025-09-04,1.0,0.2954,0.1174,0.2573,-0.0448,0.3893
13,2025-09-04,1.0,0.3617,0.1611,0.2057,-0.1325,0.0937
14,2025-09-04,0.9844,0.2927,0.1487,0.288,0.0013,0.5023
15,2025-09-04,1.0,0.2762,0.1277,0.2455,-0.0274,0.3988
16,2025-09-04,1.0,0.3205,0.1863,0.1333,-0.2055,0.0623
17,2025-09-04,1.0,0.3382,0.1361,0.2829,-0.0219,0.4275
18,2025-09-04,1.0,0.2449,0.0983,0.2706,0.0516,0.6016
19,2025-09-04,1.0,0.3119,0.1274,0.1998,-0.1328,0.1974
20,2025-09-04,1.0,0.3078,0.1839,0.0742,-0.2474,0.052
21,2025-09-04,1.0,0.2661,0.125,0.2367,-0.0444,0.362
22,2025-09-04,1.0,0.4523,0.2445,0.3223,-0.265,0.1944
23,2025-09-04,1.0,0.3267,0.1518,0.2136,-0.1408,0.1436
24,2025-09-04,1.0,0.3211,0.1757,0.0642,-0.2419,0.1224
25,2025-09-04,1.0,0.4315,0.2318,0.1566,-0.3088,0.037
1,2025-09-12,1.0,0.2492,0.1306,0.1996,-0.0557,0.3403
2,2025-09-12,1.0,0.3425,0.1541,0.2795,-0.0618,0.3627
3,2025-09-12,1.0,0.2729,0.1387,0.3137,0.0581,0.6479
4,2025-09-12,1.0,0.3156,0.1589,0.2463,-0.0543,0.3454
5,2025-09-12,1.0,0.0026,0.0017,0.0174,-0.0162,0.4681
6,2025-09-12,1.0,0.266,0.1458,0.2117,-0.0592,0.3249
7,2025-09-12,1.0,0.3385,0.1778,0.2991,-0.0367,0.4029
8,2025-09-12,1.0,0.3807,0.1731,0.2701,-0.0981,0.2431
9,2025-09-12,1.0,0.3662,0.1871,0.2831,-0.0922,0.3038
10,2025-09-12,1.0,0.3277,0.167,0.2483,-0.1051,0.2507
11,2025-09-12,1.0,0.2463,0.1277,0.2497,0.009,0.5376
12,2025-09-12,1.0,0.3052,0.1289,0.2722,-0.0679,0.3556
13,2025-09-12,1.0,0.3606,0.172,0.2377,-0.1028,0.1571
14,2025-09-12,1.0,0.3055,0.1629,0.3413,0.0298,0.5848
15,2025-09-12,1.0,0.3092,0.1547,0.2785,-0.0415,0.3714
16,2025-09-12,1.0,0.319,0.1982,0.1697,-0.1715,0.1105
17,2025-09-12,1.0,0.3423,0.1339,0.3108,-0.0011,0.4976
18,2025-09-12,1.0,0.2537,0.1094,0.2892,0.0695,0.6207
19,2025-09-12,1.0,0.2998,0.1299,0.2364,-0.0956,0.2948
20,2025-09-12,1.0,0.3011,0.1932,0.0955,-0.2063,0.1031
21,2025-09-12,1.0,0.2944,0.1544,0.288,-0.0622,0.3456
22,2025-09-12,1.0,0.412,0.2392,0.2943,-0.1617,0.2519
23,2025-09-12,1.0,0.3416,0.1695,0.2372,-0.1449,0.1759
24,2025-09-12,1.0,0.3219,0.1816,0.1168,-0.1735,0.169
25,2025-09-12,1.0,0.5003,0.2853,0.1744,-0.3737,0.0272
1,2025-09-14,1.0,0.2502,0.1371,0.1861,-0.0857,0.2874
2,2025-09-14,1.0,0.369,0.1698,0.2749,-0.1235,0.2934
3,2025-09-14,1.0,0.2726,0.1552,0.2712,0.0039,0.512
4,2025-09-14,1.0,0.3202,0.1675,0.2201,-0.0999,0.2535
5,2025-09-14,0.9952,-0.0143,-0.0047,0.0277,-0.0061,0.484
6,2025-09-14,1.0,0.2697,0.1593,0.1772,-0.1089,0.2014
7,2025-09-14,1.0,0.3336,0.1842,0.2695,-0.0684,0.3371
8,2025-09-14,0.9971,0.3888,0.1821,0.2615,-0.126,0.1855
9,2025-09-14,1.0,0.3705,0.1978,0.2634,-0.1183,0.2663
10,2025-09-14,1.0,0.3298,0.1756,0.2204,-0.1402,0.1646
11,2025-09-14,1.0,0.2456,0.1391,0.2201,-0.0302,0.3882
12,2025-09-14,0.97,0.2907,0.1186,0.2496,-0.0482,0.3834
13,2025-09-14,1.0,0.3633,0.1776,0.2188,-0.1434,0.0781
14,2025-09-14,1.0,0.3097,0.1792,0.2958,-0.0097,0.4745
15,2025-09-14,1.0,0.3117,0.1667,0.2596,-0.0711,0.2946
16,2025-09-14,1.0,0.3273,0.2106,0.1402,-0.2157,0.0634
17,2025-09-14,1.0,0.3419,0.1438,0.2748,-0.0597,0.3314
18,2025-09-14,1.0,0.2444,0.112,0.262,0.0246,0.5546
19,2025-09-14,1.0,0.2999,0.1434,0.2069,-0.1346,0.179
20,2025-09-14,1.0,0.3135,0.2069,0.0753,-0.2644,0.0789
21,2025-09-14,1.0,0.2906,0.1616,0.2593,-0.0821,0.3132
22,2025-09-14,1.0,0.469,0.2626,0.3041,-0.2879,0.1967
23,2025-09-14,1.0,0.3604,0.1916,0.2223,-0.1728,0.1264
24,2025-09-14,1.0,0.3199,0.1879,0.0694,-0.2439,0.1201
25,2025-09-14,1.0,0.5261,0.3007,0.1853,-0.4128,0.0419
1,2025-09-17,1.0,0.2239,0.1164,0.1713,-0.0379,0.4142
2,2025-09-17,1.0,0.3389,0.1524,0.2797,-0.0441,0.4247
3,2025-09-17,1.0,0.2713,0.1473,0.2599,0.0064,0.524
4,2025-09-17,1.0,0.3121,0.158,0.1956,-0.0854,0.2827
5,2025-09-17,1.0,0.0048,0.0031,0.0238,-0.0218,0.4508
6,2025-09-17,1.0,0.2531,0.1448,0.1608,-0.0845,0.2367
7,2025-09-17,1.0,0.3028,0.1514,0.2596,-0.0063,0.4822
8,2025-09-17,0.9987,0.3506,0.1637,0.2672,-0.0525,0.3588
9,2025-09-17,1.0,0.3368,0.1755,0.2421,-0.0796,0.3411
10,2025-09-17,1.0,0.2979,0.1545,0.1961,-0.108,0.202
11,2025-09-17,1.0,0.235,0.1224,0.21,-0.0098,0.4578
12,2025-09-17,1.0,0.2666,0.1051,0.2453,-0.0123,0.4593
13,2025-09-17,1.0,0.3132,0.1572,0.1941,-0.0916,0.1777
14,2025-09-17,1.0,0.2823,0.1551,0.2782,0.0179,0.5456
15,2025-09-17,1.0,0.28,0.1481,0.243,-0.0304,0.3848
16,2025-09-17,1.0,0.3031,0.1855,0.1186,-0.1807,0.089
17,2025-09-17,1.0,0.3192,0.1369,0.2767,-0.0074,0.4718
18,2025-09-17,1.0,0.2437,0.115,0.2664,0.0443,0.6182
19,2025-09-17,1.0,0.2873,0.1262,0.2046,-0.1029,0.2084
20,2025-09-17,1.0,0.2942,0.1897,0.0654,-0.2385,0.0897
21,2025-09-17,0.9694,0.2593,0.1436,0.2374,-0.0116,0.465
22,2025-09-17,1.0,0.3849,0.2033,0.2991,-0.1353,0.3397
23,2025-09-17,1.0,0.3077,0.158,0.2222,-0.1124,0.1607
24,2025-09-17,1.0,0.3287,0.1866,0.0606,-0.2487,0.1338
25,2025-09-17,1.0,0.4637,0.2472,0.1898,-0.2808,0.0941
1,2025-09-19,0.9816,0.2172,0.1091,0.1661,-0.0443,0.3263
2,2025-09-19,0.9727,0.3175,0.1346,0.2746,0.0008,0.5021
3,2025-09-19,1.0,0.2654,0.137,0.2561,0.0132,0.5534
4,2025-09-19,0.9892,0.2696,0.134,0.203,-0.0431,0.3366
5,2025-09-19,0.8309,0.0199,0.0055,0.023,-0.0323,0.4292
6,2025-09-19,0.9253,0.2369,0.134,0.1668,-0.0686,0.2011
7,2025-09-19,0.9115,0.2956,0.15,0.2622,-0.0259,0.3986
8,2025-09-19,0.9409,0.3199,0.1363,0.2647,-0.0024,0.49
9,2025-09-19,0.8173,0.3535,0.1772,0.2724,-0.0727,0.2399
10,2025-09-19,0.9768,0.2743,0.1321,0.2047,-0.0682,0.241
11,2025-09-19,1.0,0.2294,0.114,0.2153,-0.0053,0.4698
12,2025-09-19,0.9775,0.2634,0.1059,0.2454,-0.0268,0.4236
13,2025-09-19,0.9994,0.2961,0.1364,0.2182,-0.0472,0.2334
14,2025-09-19,1.0,0.2912,0.1474,0.2755,-0.0011,0.4954
15,2025-09-19,0.9887,0.2795,0.1376,0.2434,-0.019,0.4056
16,2025-09-19,0.9848,0.2707,0.1639,0.1355,-0.1329,0.1181
17,2025-09-19,1.0,0.2893,0.109,0.2836,0.0446,0.737
18,2025-09-19,0.9989,0.2457,0.1036,0.2682,0.0393,0.6117
19,2025-09-19,1.0,0.2452,0.107,0.216,-0.0471,0.2933
20,2025-09-19,0.9725,0.2428,0.1536,0.0768,-0.1607,0.1259
21,2025-09-19,0.9703,0.2729,0.1427,0.2249,-0.0535,0.2766
22,2025-09-19,1.0,0.3467,0.1716,0.2844,0.0017,0.5051
23,2025-09-19,0.8966,0.2893,0.1414,0.2314,-0.0504,0.2612
24,2025-09-19,0.9909,0.2318,0.1362,0.096,-0.1211,0.1872
25,2025-09-19,0.9304,0.335,0.192,0.1757,-0.1309,0.1094
1,2025-09-21,1.0,0.2499,0.1257,0.1964,-0.0454,0.3617
2,2025-09-21,1.0,0.3691,0.17,0.2867,-0.0786,0.3097
3,2025-09-21,1.0,0.2829,0.1461,0.3046,0.0523,0.6399
4,2025-09-21,1.0,0.3157,0.1571,0.2364,-0.0512,0.3481
5,2025-09-21,1.0,0.0146,-0.0114,0.019,-0.0173,0.4649
6,2025-09-21,1.0,0.263,0.1424,0.2012,-0.0515,0.3335
7,2025-09-21,1.0,0.3317,0.1739,0.2926,-0.0288,0.4223
8,2025-09-21,1.0,0.3853,0.1803,0.2857,-0.0788,0.2718
9,2025-09-21,1.0,0.3654,0.189,0.2822,-0.0749,0.3318
10,2025-09-21,1.0,0.3181,0.1629,0.2428,-0.0836,0.265
11,2025-09-21,1.0,0.2506,0.126,0.2439,0.0059,0.5252
12,2025-09-21,0.9994,0.2902,0.1236,0.2724,-0.0338,0.4219
13,2025-09-21,1.0,0.3553,0.1703,0.2413,-0.0781,0.1818
14,2025-09-21,1.0,0.3104,0.1666,0.3246,0.0172,0.5536
15,2025-09-21,1.0,0.3058,0.1518,0.2822,-0.0144,0.4477
16,2025-09-21,1.0,0.3097,0.1893,0.1659,-0.1473,0.1206
17,2025-09-21,1.0,0.3363,0.1409,0.3074,0.0177,0.5589
18,2025-09-21,1.0,0.261,0.1119,0.3011,0.0814,0.6483
19,2025-09-21,1.0,0.2978,0.1269,0.2447,-0.0653,0.3281
20,2025-09-21,1.0,0.2977,0.1843,0.097,-0.1987,0.1061
21,2025-09-21,1.0,0.294,0.1558,0.2732,-0.0455,0.3611
22,2025-09-21,1.0,0.4375,0.2616,0.2945,-0.2137,0.1827
23,2025-09-21,1.0,0.3453,0.17,0.2529,-0.1017,0.2244
24,2025-09-21,1.0,0.3016,0.1676,0.1153,-0.1584,0.1781
25,2025-09-21,1.0,0.4573,0.2611,0.1983,-0.2733,0.0452
1,2025-09-24,0.9933,0.2377,0.1116,0.2147,0.0054,0.5146
2,2025-09-24,0.9985,0.3652,0.1592,0.3061,-0.0183,0.4455
3,2025-09-24,0.9921,0.2814,0.1389,0.3347,0.1034,0.7531
4,2025-09-24,1.0,0.3011,0.1431,0.2614,0.0112,0.5373
5,2025-09-24,0.986,0.0235,-0.0124,0.0209,0.0146,0.5278
6,2025-09-24,1.0,0.2493,0.1291,0.218,-0.0009,0.4964
7,2025-09-24,0.9598,0.3106,0.1498,0.3209,0.051,0.6492
8,2025-09-24,0.9998,0.3717,0.1644,0.3041,-0.015,0.4521
9,2025-09-24,1.0,0.3478,0.169,0.2976,-0.019,0.4556
10,2025-09-24,1.0,0.2997,0.1405,0.2619,-0.0247,0.4243
11,2025-09-24,1.0,0.2403,0.1161,0.2611,0.0515,0.7041
12,2025-09-24,0.9989,0.2719,0.1061,0.2769,0.0225,0.5514
13,2025-09-24,1.0,0.3273,0.1485,0.2563,-0.0209,0.4005
14,2025-09-24,1.0,0.2992,0.1523,0.3538,0.0908,0.7567
15,2025-09-24,0.9781,0.2914,0.1402,0.2877,0.0281,0.6019
16,2025-09-24,1.0,0.2906,0.1661,0.1868,-0.0884,0.244
17,2025-09-24,1.0,0.3211,0.1257,0.3261,0.0766,0.7804
18,2025-09-24,1.0,0.2638,0.1059,0.3188,0.1139,0.7028
19,2025-09-24,1.0,0.2773,0.1138,0.2536,-0.0287,0.4148
20,2025-09-24,1.0,0.2768,0.1621,0.1188,-0.1386,0.1768
21,2025-09-24,0.9854,0.293,0.1478,0.288,-0.0014,0.4966
22,2025-09-24,1.0,0.3981,0.2108,0.3111,-0.0927,0.3379
23,2025-09-24,1.0,0.3243,0.1524,0.2634,-0.0522,0.3332
24,2025-09-24,1.0,0.2839,0.1463,0.1447,-0.0898,0.2641
25,2025-09-24,1.0,0.4001,0.2176,0.2063,-0.1831,0.1126
1,2025-09-27,1.0,0.2642,0.1324,0.2112,-0.0422,0.3918
2,2025-09-27,1.0,0.4071,0.1915,0.3118,-0.0999,0.3015
3,2025-09-27,1.0,0.2965,0.1517,0.3046,0.0383,0.6186
4,2025-09-27,1.0,0.3372,0.1687,0.2683,-0.0357,0.4064
5,2025-09-27,1.0,0.0161,-0.0101,0.0092,-0.02,0.4608
6,2025-09-27,1.0,0.2756,0.1502,0.2172,-0.0459,0.3661
7,2025-09-27,1.0,0.3427,0.1796,0.3178,0.0,0.4998
8,2025-09-27,1.0,0.4112,0.196,0.304,-0.09,0.2762
9,2025-09-27,1.0,0.3878,0.1988,0.3017,-0.0756,0.3477
10,2025-09-27,1.0,0.335,0.172,0.2585,-0.0874,0.2898
11,2025-09-27,1.0,0.2582,0.1264,0.2592,0.0261,0.6017
12,2025-09-27,1.0,0.3026,0.1229,0.2851,-0.0232,0.455
13,2025-09-27,1.0,0.3742,0.1808,0.2636,-0.0726,0.2269
14,2025-09-27,1.0,0.3237,0.1701,0.3553,0.0587,0.6549
15,2025-09-27,1.0,0.3211,0.1581,0.2976,-0.0097,0.4688
16,2025-09-27,1.0,0.3326,0.1965,0.1848,-0.1373,0.1683
17,2025-09-27,0.9943,0.3557,0.1491,0.3288,0.0207,0.5692
18,2025-09-27,1.0,0.2749,0.1202,0.2903,0.0535,0.5977
19,2025-09-27,1.0,0.3024,0.1279,0.2388,-0.0843,0.2714
20,2025-09-27,1.0,0.3141,0.1974,0.1079,-0.1939,0.1362
21,2025-09-27,1.0,0.3147,0.1633,0.2963,-0.0369,0.3949
22,2025-09-27,1.0,0.4909,0.2927,0.325,-0.2841,0.1958
23,2025-09-27,1.0,0.3594,0.18,0.2519,-0.1285,0.1906
24,2025-09-27,1.0,0.3252,0.1867,0.1054,-0.1854,0.1821
25,2025-09-27,1.0,0.4826,0.2756,0.2116,-0.29,0.068
1,2025-09-29,0.9364,0.24,0.1166,0.1812,-0.0534,0.3371
2,2025-09-29,0.9812,0.3663,0.1506,0.2917,-0.0455,0.3676
3,2025-09-29,1.0,0.2879,0.1416,0.2741,0.0148,0.5555
4,2025-09-29,0.9984,0.3004,0.1379,0.2246,-0.0405,0.3768
5,2025-09-29,1.0,0.0242,-0.0048,0.0094,-0.0139,0.4723
6,2025-09-29,0.9972,0.2577,0.1342,0.1769,-0.0621,0.2758
7,2025-09-29,1.0,0.3194,0.1521,0.2772,-0.0148,0.4503
8,2025-09-29,1.0,0.367,0.153,0.284,-0.0434,0.3595
9,2025-09-29,0.8438,0.3855,0.1841,0.2848,-0.0874,0.2686
10,2025-09-29,1.0,0.3003,0.1393,0.219,-0.0858,0.239
11,2025-09-29,1.0,0.2524,0.1202,0.225,-0.0028,0.4851
12,2025-09-29,0.9989,0.2708,0.1018,0.2478,-0.0149,0.4673
13,2025-09-29,1.0,0.3281,0.1452,0.2335,-0.0654,0.2014
14,2025-09-29,1.0,0.3125,0.1534,0.2938,0.0147,0.5461
15,2025-09-29,0.9579,0.2973,0.138,0.2584,-0.0198,0.4153
16,2025-09-29,1.0,0.3007,0.1716,0.1487,-0.1443,0.1265
17,2025-09-29,1.0,0.3201,0.117,0.289,0.0194,0.5909
18,2025-09-29,1.0,0.2623,0.1047,0.2658,0.0341,0.5798
19,2025-09-29,1.0,0.2828,0.1165,0.2186,-0.0731,0.2455
20,2025-09-29,1.0,0.2839,0.1688,0.0894,-0.1879,0.1241
21,2025-09-29,0.8988,0.2867,0.1461,0.2405,-0.0505,0.3302
22,2025-09-29,1.0,0.4085,0.1997,0.3134,-0.1096,0.3112
23,2025-09-29,1.0,0.3361,0.1512,0.2427,-0.0924,0.2082
24,2025-09-29,1.0,0.2732,0.1432,0.0995,-0.1536,0.1713
25,2025-09-29,1.0,0.4282,0.2208,0.2054,-0.2162,0.0854
1,2025-10-02,1.0,0.2255,0.0914,0.1981,0.0281,0.5466
2,2025-10-02,1.0,0.3537,0.1236,0.3115,-0.0065,0.4908
3,2025-10-02,1.0,0.2942,0.1436,0.2958,0.038,0.6248
4,2025-10-02,1.0,0.2961,0.1147,0.2442,0.0147,0.5241
5,2025-10-02,1.0,0.02,-0.0075,0.0057,-0.0012,0.4976
6,2025-10-02,1.0,0.2626,0.132,0.1955,-0.0306,0.4214
7,2025-10-02,1.0,0.2959,0.1119,0.3145,0.0955,0.7063
8,2025-10-02,1.0,0.3387,0.1302,0.2948,-0.0013,0.4965
9,2025-10-02,1.0,0.3621,0.1612,0.2889,-0.0271,0.438
10,2025-10-02,1.0,0.3186,0.1378,0.2429,-0.0644,0.3436
11,2025-10-02,1.0,0.2409,0.1014,0.2524,0.0507,0.6681
12,2025-10-02,1.0,0.2505,0.058,0.2907,0.0654,0.6476
13,2025-10-02,1.0,0.3395,0.1363,0.2452,-0.0325,0.395
14,2025-10-02,1.0,0.3003,0.1349,0.3314,0.0896,0.714
15,2025-10-02,1.0,0.2944,0.1352,0.2748,0.0121,0.5413
16,2025-10-02,1.0,0.3225,0.1711,0.16,-0.128,0.2293
17,2025-10-02,1.0,0.323,0.1174,0.3027,0.031,0.6137
18,2025-10-02,1.0,0.2744,0.1101,0.293,0.0587,0.6138
19,2025-10-02,1.0,0.2896,0.1075,0.2206,-0.0511,0.337
20,2025-10-02,1.0,0.3095,0.1808,0.0882,-0.1982,0.18
21,2025-10-02,1.0,0.2714,0.1128,0.2654,0.0532,0.6455
22,2025-10-02,1.0,0.404,0.1764,0.3161,-0.0855,0.3995
23,2025-10-02,1.0,0.3495,0.1613,0.2591,-0.0928,0.2518
24,2025-10-02,1.0,0.3036,0.1612,0.089,-0.1758,0.2072
25,2025-10-02,1.0,0.4446,0.2093,0.2337,-0.1746,0.1866
1,2025-10-04,1.0,0.255,0.1242,0.2056,-0.0234,0.4516
2,2025-10-04,1.0,0.4072,0.1758,0.3332,-0.0672,0.3775
3,2025-10-04,1.0,0.2982,0.1601,0.2993,0.0367,0.6113
4,2025-10-04,1.0,0.3344,0.1596,0.2394,-0.0505,0.3789
5,2025-10-04,1.0,0.0194,-0.0084,0.0169,-0.0155,0.4683
6,2025-10-04,1.0,0.2741,0.1502,0.1967,-0.0502,0.3594
7,2025-10-04,1.0,0.3311,0.1534,0.3136,0.0308,0.5635
8,2025-10-04,1.0,0.3988,0.1767,0.3234,-0.0487,0.386
9,2025-10-04,1.0,0.3816,0.1852,0.297,-0.0598,0.3932
10,2025-10-04,1.0,0.3328,0.1586,0.2471,-0.0798,0.3117
11,2025-10-04,1.0,0.2542,0.128,0.2494,0.0251,0.5877
12,2025-10-04,1.0,0.2862,0.0977,0.2908,0.0317,0.5675
13,2025-10-04,1.0,0.3722,0.171,0.2593,-0.0752,0.2419
14,2025-10-04,1.0,0.321,0.1673,0.3252,0.0479,0.6035
15,2025-10-04,1.0,0.319,0.1581,0.2853,-0.0064,0.4797
16,2025-10-04,1.0,0.33,0.1936,0.1561,-0.1466,0.1961
17,2025-10-04,1.0,0.3454,0.1389,0.3251,0.0234,0.5755
18,2025-10-04,1.0,0.2791,0.1197,0.308,0.065,0.6132
19,2025-10-04,1.0,0.3008,0.1315,0.2454,-0.0637,0.31
20,2025-10-04,1.0,0.3216,0.1994,0.0897,-0.2191,0.1352
21,2025-10-04,1.0,0.3025,0.1508,0.2635,-0.0142,0.4636
22,2025-10-04,1.0,0.4689,0.2445,0.3536,-0.1736,0.322
23,2025-10-04,1.0,0.3653,0.181,0.2712,-0.1053,0.2386
24,2025-10-04,1.0,0.3189,0.175,0.0961,-0.188,0.1884
25,2025-10-04,1.0,0.4854,0.2541,0.2508,-0.2097,0.161
1,2025-10-07,1.0,0.2875,0.1446,0.2114,-0.0566,0.3716
2,2025-10-07,1.0,0.4391,0.2057,0.3241,-0.1184,0.2934
3,2025-10-07,1.0,0.3187,0.1635,0.3251,0.0429,0.6028
4,2025-10-07,1.0,0.3667,0.1848,0.255,-0.0709,0.3312
5,2025-10-07,1.0,0.0271,-0.005,0.0061,-0.0402,0.4238
6,2025-10-07,1.0,0.2974,0.1603,0.2113,-0.0677,0.3244
7,2025-10-07,1.0,0.3752,0.1909,0.3223,-0.0325,0.4379
8,2025-10-07,1.0,0.4423,0.2127,0.3214,-0.1097,0.2599
9,2025-10-07,1.0,0.422,0.2182,0.3117,-0.098,0.3214
10,2025-10-07,1.0,0.3735,0.186,0.2626,-0.1126,0.2526
11,2025-10-07,1.0,0.2768,0.1385,0.26,0.0085,0.5304
12,2025-10-07,1.0,0.3225,0.129,0.2979,-0.0173,0.4735
13,2025-10-07,1.0,0.4174,0.2013,0.2733,-0.1096,0.1735
14,2025-10-07,1.0,0.3442,0.1772,0.3461,0.022,0.5476
15,2025-10-07,1.0,0.3453,0.1728,0.3078,-0.0245,0.432
16,2025-10-07,1.0,0.3648,0.2141,0.1698,-0.1884,0.1348
17,2025-10-07,1.0,0.3819,0.1621,0.3376,0.0011,0.5035
18,2025-10-07,1.0,0.2987,0.1294,0.3348,0.0868,0.6259
19,2025-10-07,1.0,0.3326,0.1428,0.2724,-0.079,0.3275
20,2025-10-07,1.0,0.3531,0.2186,0.0959,-0.248,0.1083
21,2025-10-07,1.0,0.3394,0.1781,0.291,-0.0655,0.3469
22,2025-10-07,1.0,0.5387,0.3093,0.3401,-0.3383,0.1696
23,2025-10-07,1.0,0.4073,0.1981,0.2883,-0.1383,0.2234
24,2025-10-07,1.0,0.3739,0.2065,0.115,-0.2089,0.1685
25,2025-10-07,1.0,0.5686,0.306,0.2383,-0.3438,0.0696
1,2025-10-09,0.9883,0.2478,0.1201,0.205,-0.0346,0.3986
2,2025-10-09,0.9999,0.3866,0.1674,0.3142,-0.0588,0.3583
3,2025-10-09,1.0,0.2933,0.1459,0.3211,0.0589,0.6561
4,2025-10-09,1.0,0.3098,0.1458,0.2563,-0.0287,0.4096
5,2025-10-09,0.9997,0.0129,-0.0082,0.0072,-0.0126,0.4743
6,2025-10-09,1.0,0.262,0.1355,0.2109,-0.0357,0.3836
7,2025-10-09,0.9847,0.3282,0.1608,0.3065,-0.0073,0.478
8,2025-10-09,0.9843,0.3892,0.1684,0.3078,-0.0607,0.3224
9,2025-10-09,0.7173,0.4231,0.2076,0.3301,-0.0892,0.2387
10,2025-10-09,1.0,0.3198,0.1497,0.2582,-0.0759,0.3013
11,2025-10-09,1.0,0.2534,0.1215,0.2576,0.0256,0.6053
12,2025-10-09,0.7182,0.3356,0.1465,0.2953,-0.0491,0.3776
13,2025-10-09,1.0,0.3534,0.1579,0.2613,-0.0664,0.2314
14,2025-10-09,1.0,0.3145,0.1587,0.3444,0.0432,0.6254
15,2025-10-09,1.0,0.3048,0.1424,0.2904,-0.0054,0.4857
16,2025-10-09,1.0,0.3153,0.1809,0.181,-0.133,0.1561
17,2025-10-09,1.0,0.3333,0.1247,0.3313,0.041,0.6471
18,2025-10-09,1.0,0.2702,0.1078,0.3149,0.0962,0.6624
19,2025-10-09,1.0,0.2957,0.1205,0.2543,-0.0597,0.345
20,2025-10-09,1.0,0.2985,0.1781,0.1104,-0.1803,0.1214
21,2025-10-09,0.898,0.288,0.15,0.2764,-0.0413,0.3755
22,2025-10-09,1.0,0.4415,0.2273,0.3234,-0.1873,0.2187
23,2025-10-09,1.0,0.353,0.1594,0.2653,-0.0981,0.242
24,2025-10-09,1.0,0.3054,0.1612,0.1337,-0.1393,0.2038
25,2025-10-09,0.9478,0.4647,0.2462,0.2124,-0.263,0.0465
1,2025-10-11,1.0,0.2625,0.1413,0.2259,-0.04,0.3895
2,2025-10-11,1.0,0.4239,0.2023,0.3427,-0.072,0.3478
3,2025-10-11,1.0,0.2983,0.1655,0.306,0.0187,0.5642
4,2025-10-11,1.0,0.3292,0.1744,0.281,-0.0228,0.4386
5,2025-10-11,0.9998,0.0226,-0.0061,0.0101,-0.0143,0.4725
6,2025-10-11,1.0,0.2763,0.1586,0.226,-0.0511,0.3385
7,2025-10-11,0.9597,0.3472,0.1875,0.3402,0.0072,0.5184
8,2025-10-11,1.0,0.4136,0.2042,0.3407,-0.0453,0.3717
9,2025-10-11,1.0,0.4003,0.2207,0.3087,-0.0839,0.3276
10,2025-10-11,1.0,0.337,0.1805,0.2665,-0.0816,0.2733
11,2025-10-11,1.0,0.2599,0.1354,0.2605,0.0064,0.528
12,2025-10-11,0.9998,0.306,0.1374,0.3111,-0.0057,0.489
13,2025-10-11,1.0,0.378,0.1947,0.2948,-0.0512,0.2888
14,2025-10-11,0.9914,0.3282,0.1818,0.3358,0.0387,0.6211
15,2025-10-11,1.0,0.3155,0.1656,0.3142,-0.0036,0.4835
16,2025-10-11,1.0,0.3232,0.2047,0.1829,-0.1409,0.1424
17,2025-10-11,1.0,0.3613,0.1628,0.3435,0.0304,0.6126
18,2025-10-11,1.0,0.2871,0.1338,0.3059,0.0525,0.6035
19,2025-10-11,1.0,0.2796,0.1325,0.2414,-0.066,0.2423
20,2025-10-11,1.0,0.3173,0.2054,0.1097,-0.2038,0.127
21,2025-10-11,0.9916,0.3083,0.1717,0.2936,-0.021,0.4058
22,2025-10-11,1.0,0.4799,0.2852,0.3507,-0.2039,0.2206
23,2025-10-11,1.0,0.3393,0.1809,0.2758,-0.0764,0.2484
24,2025-10-11,1.0,0.3297,0.1906,0.1226,-0.1621,0.2134
25,2025-10-11,1.0,0.4257,0.2585,0.2472,-0.1683,0.1066
1,2025-10-12,1.0,0.2662,0.1408,0.1997,-0.0738,0.3171
2,2025-10-12,0.9991,0.4085,0.1906,0.3177,-0.1088,0.2935
3,2025-10-12,1.0,0.3007,0.1614,0.2843,-0.0057,0.4784
4,2025-10-12,1.0,0.3385,0.1725,0.2433,-0.0762,0.3147
5,2025-10-12,1.0,0.0136,0.0036,0.0009,-0.0431,0.4173
6,2025-10-12,1.0,0.278,0.1585,0.1916,-0.0887,0.2392
7,2025-10-12,0.9832,0.3551,0.1906,0.3005,-0.0482,0.3721
8,2025-10-12,1.0,0.4088,0.1931,0.3083,-0.0892,0.2658
9,2025-10-12,1.0,0.394,0.2052,0.2915,-0.1084,0.2891
10,2025-10-12,1.0,0.3479,0.182,0.2451,-0.1235,0.1997
11,2025-10-12,0.9854,0.2618,0.1354,0.2407,-0.016,0.4326
12,2025-10-12,1.0,0.2974,0.1277,0.284,-0.038,0.4202
13,2025-10-12,1.0,0.3853,0.1877,0.2656,-0.1021,0.1535
14,2025-10-12,1.0,0.3306,0.179,0.308,-0.0143,0.4592
15,2025-10-12,1.0,0.3278,0.1685,0.2869,-0.0499,0.3377
16,2025-10-12,1.0,0.3346,0.2074,0.1539,-0.1827,0.1092
17,2025-10-12,0.8569,0.3545,0.1492,0.3113,-0.0145,0.4504
18,2025-10-12,1.0,0.2784,0.1233,0.2878,0.0291,0.559
19,2025-10-12,1.0,0.3031,0.1381,0.2353,-0.0959,0.2274
20,2025-10-12,1.0,0.324,0.2111,0.0846,-0.2419,0.1172
21,2025-10-12,1.0,0.312,0.1729,0.2751,-0.0709,0.2972
22,2025-10-12,1.0,0.5109,0.2961,0.3426,-0.2881,0.1869
23,2025-10-12,1.0,0.3703,0.1898,0.2723,-0.13,0.1823
24,2025-10-12,1.0,0.338,0.1974,0.093,-0.2072,0.1554
25,2025-10-12,1.0,0.5403,0.3025,0.2345,-0.3217,0.0724
1,2025-10-14,0.9859,0.2309,0.1238,0.213,-0.0215,0.4457
2,2025-10-14,0.9965,0.3725,0.1738,0.3447,-0.006,0.486
3,2025-10-14,1.0,0.2823,0.1619,0.285,0.0179,0.5701
4,2025-10-14,1.0,0.2955,0.1529,0.2503,-0.0003,0.4985
5,2025-10-14,0.9998,0.0226,-0.004,0.0092,-0.001,0.4974
6,2025-10-14,1.0,0.2449,0.1441,0.1871,-0.0486,0.3292
7,2025-10-14,0.9999,0.3102,0.1637,0.3138,0.0408,0.6009
8,2025-10-14,1.0,0.3531,0.1682,0.3327,0.0145,0.5348
9,2025-10-14,0.8463,0.3814,0.2106,0.3067,-0.0594,0.3518
10,2025-10-14,1.0,0.3132,0.1657,0.2468,-0.0712,0.3094
11,2025-10-14,1.0,0.237,0.1284,0.2421,0.0102,0.549
12,2025-10-14,1.0,0.2653,0.1155,0.2825,0.0382,0.5969
13,2025-10-14,1.0,0.3388,0.1696,0.2672,-0.0339,0.3743
14,2025-10-14,1.0,0.3051,0.1721,0.3019,0.0244,0.5711
15,2025-10-14,1.0,0.2829,0.1551,0.2755,-0.0019,0.4924
16,2025-10-14,1.0,0.2973,0.1891,0.1563,-0.1332,0.1703
17,2025-10-14,1.0,0.3092,0.1399,0.3181,0.0548,0.7353
18,2025-10-14,1.0,0.2634,0.1261,0.2849,0.0492,0.6254
19,2025-10-14,1.0,0.2669,0.119,0.2402,-0.0299,0.3818
20,2025-10-14,1.0,0.2793,0.1844,0.0932,-0.1893,0.143
21,2025-10-14,0.9951,0.2847,0.1601,0.2682,0.0037,0.5172
22,2025-10-14,1.0,0.3998,0.2145,0.3504,-0.0396,0.4444
23,2025-10-14,1.0,0.3146,0.1688,0.2752,-0.0574,0.293
24,2025-10-14,1.0,0.2814,0.1667,0.1146,-0.1328,0.218
25,2025-10-14,1.0,0.4402,0.2514,0.2513,-0.1669,0.1464
1,2025-10-17,1.0,0.2091,0.0718,0.1901,0.0976,0.6149
2,2025-10-17,1.0,0.3809,0.1733,0.3252,-0.0596,0.4129
3,2025-10-17,1.0,0.2736,0.1401,0.3216,0.0483,0.6345
4,2025-10-17,1.0,0.3148,0.1573,0.2336,-0.0383,0.4227
5,2025-10-17,1.0,0.0173,-0.0107,0.0,-0.0226,0.4545
6,2025-10-17,1.0,0.2532,0.1328,0.2158,-0.007,0.4833
7,2025-10-17,1.0,0.2881,0.1229,0.3168,0.099,0.7061
8,2025-10-17,0.9986,0.3662,0.179,0.2993,-0.0513,0.3838
9,2025-10-17,1.0,0.3629,0.1911,0.2895,-0.0509,0.3932
10,2025-10-17,1.0,0.3163,0.162,0.2367,-0.0731,0.3335
11,2025-10-17,1.0,0.212,0.0778,0.2791,0.1169,0.7961
12,2025-10-17,1.0,0.2443,0.0785,0.2869,0.0481,0.5942
13,2025-10-17,1.0,0.3698,0.1859,0.2382,-0.0875,0.2442
14,2025-10-17,1.0,0.2563,0.1138,0.3714,0.1614,0.8237
15,2025-10-17,1.0,0.2918,0.1412,0.3162,0.053,0.6173
16,2025-10-17,1.0,0.3039,0.1675,0.2013,-0.0548,0.3865
17,2025-10-17,1.0,0.333,0.1527,0.303,0.002,0.5049
18,2025-10-17,1.0,0.2736,0.128,0.2711,0.0234,0.5496
19,2025-10-17,1.0,0.2877,0.1312,0.2074,-0.0874,0.2316
20,2025-10-17,1.0,0.3089,0.1936,0.1029,-0.1818,0.2609
21,2025-10-17,1.0,0.2723,0.1298,0.2838,0.0413,0.6114
22,2025-10-17,1.0,0.4403,0.2383,0.3341,-0.1609,0.3341
23,2025-10-17,1.0,0.3633,0.1888,0.259,-0.1321,0.2185
24,2025-10-17,1.0,0.3096,0.1963,0.0673,-0.2298,0.1685
25,2025-10-17,1.0,0.5103,0.2802,0.2383,-0.2368,0.1567
1,2025-10-19,0.8998,0.2336,0.1198,0.1873,-0.0234,0.445
2,2025-10-19,0.9972,0.4024,0.1766,0.3415,-0.0491,0.3918
3,2025-10-19,1.0,0.2972,0.1542,0.3024,0.024,0.5829
4,2025-10-19,0.9908,0.3107,0.1573,0.2401,-0.0496,0.3622
5,2025-10-19,0.8639,0.0187,-0.0022,-0.0006,-0.0461,0.404
6,2025-10-19,0.9232,0.2596,0.1434,0.2018,-0.0381,0.3743
7,2025-10-19,1.0,0.3145,0.1424,0.3179,0.0419,0.5996
8,2025-10-19,0.9889,0.383,0.1738,0.3296,-0.0325,0.4119
9,2025-10-19,0.6417,0.4321,0.2175,0.3458,-0.1,0.2474
10,2025-10-19,1.0,0.3222,0.1564,0.2475,-0.0845,0.2962
11,2025-10-19,1.0,0.2488,0.1183,0.2541,0.0255,0.5964
12,2025-10-19,0.9493,0.2865,0.107,0.2981,0.0123,0.5287
13,2025-10-19,1.0,0.3517,0.1676,0.2612,-0.0673,0.2377
14,2025-10-19,1.0,0.3165,0.1586,0.3347,0.0463,0.6196
15,2025-10-19,0.8862,0.2869,0.1437,0.2799,0.0028,0.51
16,2025-10-19,1.0,0.3101,0.1852,0.1684,-0.1305,0.2078
17,2025-10-19,0.9995,0.3322,0.135,0.337,0.0399,0.663
18,2025-10-19,1.0,0.281,0.1178,0.2957,0.045,0.5845
19,2025-10-19,0.9516,0.2659,0.1187,0.2362,-0.0527,0.3008
20,2025-10-19,1.0,0.2988,0.1886,0.0975,-0.1944,0.148
21,2025-10-19,0.744,0.287,0.1469,0.2757,-0.022,0.4472
22,2025-10-19,1.0,0.4501,0.2299,0.3546,-0.1383,0.3276
23,2025-10-19,0.8971,0.3035,0.1511,0.2709,-0.0353,0.3446
24,2025-10-19,1.0,0.2753,0.1658,0.1043,-0.1596,0.1946
25,2025-10-19,0.9483,0.4299,0.2303,0.2445,-0.1636,0.1664
1,2025-10-22,1.0,0.2653,0.125,0.2178,-0.0161,0.4691
2,2025-10-22,0.9863,0.4256,0.1801,0.3551,-0.0585,0.3848
3,2025-10-22,1.0,0.3176,0.1612,0.3127,0.0247,0.5695
4,2025-10-22,1.0,0.348,0.1619,0.2665,-0.0414,0.4036
5,2025-10-22,0.9934,0.0213,-0.0028,-0.0057,-0.021,0.4653
6,2025-10-22,1.0,0.2848,0.1513,0.2143,-0.0423,0.3883
7,2025-10-22,1.0,0.3567,0.1623,0.3441,0.0284,0.5598
8,2025-10-22,0.9995,0.4173,0.182,0.3482,-0.0499,0.3814
9,2025-10-22,1.0,0.4079,0.1951,0.323,-0.0697,0.375
10,2025-10-22,1.0,0.3594,0.1669,0.2746,-0.0809,0.3266
11,2025-10-22,1.0,0.2693,0.1268,0.2691,0.0307,0.5996
12,2025-10-22,1.0,0.3028,0.1053,0.3148,0.0227,0.5381
13,2025-10-22,1.0,0.397,0.1778,0.286,-0.0749,0.2565
14,2025-10-22,1.0,0.3431,0.1674,0.3604,0.052,0.6134
15,2025-10-22,1.0,0.3354,0.1638,0.3113,-0.0016,0.4941
16,2025-10-22,1.0,0.3536,0.1965,0.1785,-0.1551,0.2017
17,2025-10-22,0.9908,0.3596,0.1417,0.354,0.0378,0.6189
18,2025-10-22,1.0,0.294,0.1241,0.3017,0.0571,0.5939
19,2025-10-22,1.0,0.3067,0.1292,0.2539,-0.0774,0.3008
20,2025-10-22,1.0,0.3416,0.2034,0.1017,-0.2228,0.1535
21,2025-10-22,0.9951,0.3234,0.1606,0.2877,-0.0224,0.4498
22,2025-10-22,1.0,0.5063,0.2525,0.3688,-0.2173,0.2808
23,2025-10-22,1.0,0.3945,0.1866,0.2919,-0.1218,0.245
24,2025-10-22,1.0,0.3469,0.1856,0.1096,-0.196,0.1912
25,2025-10-22,0.9978,0.5751,0.2736,0.2721,-0.2963,0.1336
1,2025-10-24,1.0,0.2505,0.1313,0.2312,-0.0095,0.4797
2,2025-10-24,0.9959,0.4169,0.1939,0.3725,-0.0247,0.4439
3,2025-10-24,1.0,0.3141,0.1763,0.3214,0.0297,0.5937
4,2025-10-24,1.0,0.3333,0.1703,0.2886,-0.0094,0.4756
5,2025-10-24,0.9839,0.0226,-0.0068,-0.0008,-0.0078,0.4857
6,2025-10-24,1.0,0.2744,0.1567,0.2211,-0.0333,0.401
7,2025-10-24,0.9896,0.3522,0.1825,0.359,0.0402,0.5947
8,2025-10-24,1.0,0.4016,0.1912,0.3678,-0.0094,0.4735
9,2025-10-24,1.0,0.3928,0.2046,0.326,-0.0501,0.4001
10,2025-10-24,1.0,0.3381,0.1725,0.2838,-0.0579,0.3645
11,2025-10-24,1.0,0.2661,0.1401,0.2717,0.028,0.6088
12,2025-10-24,1.0,0.2917,0.1156,0.3179,0.042,0.585
13,2025-10-24,1.0,0.3634,0.1764,0.3035,-0.0296,0.3867
14,2025-10-24,1.0,0.3457,0.1874,0.3565,0.0621,0.6439
15,2025-10-24,1.0,0.3227,0.1696,0.3266,0.0128,0.5413
16,2025-10-24,1.0,0.3392,0.2092,0.1946,-0.1229,0.2382
17,2025-10-24,1.0,0.3415,0.1461,0.3551,0.0601,0.7093
18,2025-10-24,1.0,0.288,0.1334,0.2975,0.0436,0.5886
19,2025-10-24,1.0,0.286,0.1346,0.255,-0.0509,0.3257
20,2025-10-24,1.0,0.3257,0.2085,0.1132,-0.1952,0.1633
21,2025-10-24,1.0,0.3036,0.165,0.2895,0.0012,0.5031
22,2025-10-24,1.0,0.4765,0.2636,0.3809,-0.1279,0.3308
23,2025-10-24,1.0,0.3686,0.1924,0.2998,-0.0789,0.291
24,2025-10-24,1.0,0.3175,0.1834,0.1293,-0.1528,0.2242
25,2025-10-24,1.0,0.4956,0.2773,0.2909,-0.1845,0.1665
1,2025-10-27,1.0,0.2431,0.1331,0.2172,-0.0074,0.4794
2,2025-10-27,0.9918,0.3784,0.19,0.3562,0.0128,0.5415
3,2025-10-27,1.0,0.3032,0.1692,0.2936,0.0156,0.565
4,2025-10-27,1.0,0.3048,0.1657,0.2502,0.0006,0.5015
5,2025-10-27,0.9971,0.0259,-0.0006,0.0454,0.0164,0.5317
6,2025-10-27,0.9924,0.2595,0.1547,0.1957,-0.0398,0.3557
7,2025-10-27,1.0,0.3296,0.1791,0.3251,0.0359,0.6016
8,2025-10-27,1.0,0.3493,0.1807,0.3495,0.0467,0.6855
9,2025-10-27,1.0,0.3681,0.2072,0.2934,-0.0327,0.4147
10,2025-10-27,1.0,0.3111,0.1702,0.249,-0.0451,0.3484
11,2025-10-27,1.0,0.2501,0.1332,0.2464,0.0129,0.5662
12,2025-10-27,1.0,0.2719,0.12,0.2839,0.0414,0.6215
13,2025-10-27,1.0,0.3295,0.1733,0.2815,-0.0097,0.4545
14,2025-10-27,0.9998,0.3339,0.1844,0.3144,0.0272,0.5871
15,2025-10-27,1.0,0.2995,0.1662,0.2983,0.0157,0.5685
16,2025-10-27,1.0,0.299,0.1879,0.17,-0.0974,0.2405
17,2025-10-27,1.0,0.3024,0.1414,0.3239,0.0729,0.8626
18,2025-10-27,1.0,0.2826,0.1395,0.2776,0.0316,0.5878
19,2025-10-27,1.0,0.2596,0.1218,0.2533,-0.0159,0.4234
20,2025-10-27,1.0,0.2947,0.1968,0.1,-0.1728,0.1692
21,2025-10-27,1.0,0.2864,0.166,0.2642,0.0276,0.6256
22,2025-10-27,1.0,0.3824,0.2221,0.3592,0.0294,0.5841
23,2025-10-27,1.0,0.3143,0.1701,0.3002,-0.0031,0.4806
24,2025-10-27,1.0,0.2605,0.1586,0.1214,-0.0979,0.2533
25,2025-10-27,1.0,0.3764,0.2285,0.2909,-0.0253,0.3215
1,2025-10-29,0.9677,0.2494,0.1338,0.1865,-0.0731,0.2968
2,2025-10-29,1.0,0.4037,0.1821,0.3428,-0.0414,0.3936
3,2025-10-29,1.0,0.3042,0.1647,0.2762,-0.0113,0.4502
4,2025-10-29,1.0,0.3182,0.1602,0.23,-0.0569,0.3402
5,2025-10-29,0.9931,0.0244,-0.0008,-0.0024,-0.0315,0.444
6,2025-10-29,0.9792,0.2589,0.1502,0.175,-0.0784,0.2121
7,2025-10-29,0.9948,0.3276,0.1718,0.2931,-0.0245,0.4272
8,2025-10-29,1.0,0.4006,0.1847,0.3389,-0.0387,0.3781
9,2025-10-29,0.7891,0.432,0.2278,0.3133,-0.1217,0.1868
10,2025-10-29,1.0,0.3157,0.1632,0.2303,-0.0954,0.2199
11,2025-10-29,1.0,0.2575,0.1343,0.2297,-0.0201,0.4114
12,2025-10-29,1.0,0.2853,0.1235,0.2743,-0.0262,0.4375
13,2025-10-29,1.0,0.3349,0.1674,0.2556,-0.0674,0.2276
14,2025-10-29,1.0,0.3354,0.1782,0.2952,-0.015,0.4561
15,2025-10-29,1.0,0.3152,0.1612,0.277,-0.0376,0.3478
16,2025-10-29,1.0,0.312,0.1915,0.1553,-0.1467,0.1287
17,2025-10-29,0.8901,0.3322,0.1399,0.3216,0.0274,0.6142
18,2025-10-29,1.0,0.2786,0.128,0.2666,0.0065,0.5142
19,2025-10-29,0.3124,0.25,0.0981,0.2745,0.0293,0.5561
20,2025-10-29,1.0,0.2973,0.1906,0.089,-0.2104,0.1283
21,2025-10-29,1.0,0.3021,0.1683,0.2476,-0.0587,0.2697
22,2025-10-29,1.0,0.459,0.2393,0.3646,-0.127,0.3215
23,2025-10-29,0.9437,0.3014,0.1549,0.2645,-0.0366,0.3126
24,2025-10-29,1.0,0.2832,0.1625,0.1051,-0.1703,0.1827
25,2025-10-29,0.9973,0.384,0.2147,0.2249,-0.144,0.0933
1,2025-10-31,0.991,0.1769,0.0243,0.2826,0.2411,0.7126
2,2025-10-31,1.0,0.3684,0.1403,0.3903,0.0922,0.6314
3,2025-10-31,1.0,0.2793,0.1406,0.3803,0.0916,0.7321
4,2025-10-31,1.0,0.2257,0.0324,0.3702,0.3038,0.7199
5,2025-10-31,0.9998,0.0194,-0.0191,-0.0135,0.0493,0.5553
6,2025-10-31,1.0,0.2276,0.0881,0.303,0.1581,0.693
7,2025-10-31,1.0,0.2488,0.0694,0.4201,0.2746,0.8866
8,2025-10-31,1.0,0.3482,0.1515,0.3806,0.0933,0.677
9,2025-10-31,1.0,0.3676,0.1882,0.3478,0.01,0.5211
10,2025-10-31,1.0,0.2869,0.1154,0.3411,0.0929,0.6277
11,2025-10-31,1.0,0.1964,0.0566,0.3737,0.2365,0.921
12,2025-10-31,1.0,0.1951,0.0263,0.3398,0.1484,0.7271
13,2025-10-31,1.0,0.2957,0.1115,0.33,0.1224,0.7412
14,2025-10-31,0.9918,0.2419,0.0931,0.4659,0.2871,0.9249
15,2025-10-31,0.9535,0.2703,0.0918,0.4388,0.2677,0.8329
16,2025-10-31,1.0,0.2932,0.1424,0.3166,0.0734,0.6216
17,2025-10-31,0.9967,0.3272,0.1394,0.3574,0.0931,0.765
18,2025-10-31,1.0,0.2828,0.1338,0.2932,0.0507,0.5955
19,2025-10-31,1.0,0.2636,0.1142,0.2469,-0.01,0.465
20,2025-10-31,1.0,0.2849,0.1467,0.1871,0.006,0.5061
21,2025-10-31,1.0,0.2571,0.1222,0.3799,0.1362,0.7862
22,2025-10-31,1.0,0.4346,0.2382,0.365,-0.0557,0.428
23,2025-10-31,1.0,0.3452,0.1702,0.3052,-0.0523,0.3895
24,2025-10-31,1.0,0.2923,0.1675,0.1134,-0.1537,0.3199
25,2025-10-31,1.0,0.4796,0.2576,0.2929,-0.1411,0.2345
1,2025-11-01,1.0,0.0729,-0.073,0.3195,0.4012,0.8062
2,2025-11-01,1.0,0.3537,0.1098,0.3938,0.1175,0.6562
3,2025-11-01,1.0,0.2244,0.0513,0.4902,0.354,0.8477
4,2025-11-01,1.0,0.1722,-0.0269,0.3584,0.3814,0.7613
5,2025-11-01,1.0,0.0122,-0.0271,-0.0199,0.0835,0.577
6,2025-11-01,1.0,0.1163,-0.0523,0.359,0.4347,0.8114
7,2025-11-01,1.0,0.1759,-0.026,0.4306,0.4002,0.9526
8,2025-11-01,1.0,0.3328,0.1161,0.3912,0.1401,0.74
9,2025-11-01,0.9989,0.3233,0.1046,0.3901,0.1111,0.672
10,2025-11-01,1.0,0.1961,0.0046,0.3821,0.2551,0.76
11,2025-11-01,1.0,0.047,-0.1356,0.5449,0.6223,0.9783
12,2025-11-01,1.0,0.1157,-0.0082,0.3342,0.2177,0.74
13,2025-11-01,1.0,0.2615,0.0482,0.3659,0.2246,0.8434
14,2025-11-01,1.0,0.1612,-0.028,0.4815,0.4889,0.9606
15,2025-11-01,1.0,0.1676,-0.0337,0.4378,0.4074,0.8903
16,2025-11-01,1.0,0.1564,-0.0332,0.463,0.4594,0.9427
17,2025-11-01,1.0,0.3189,0.1119,0.3803,0.134,0.8021
18,2025-11-01,1.0,0.2709,0.0983,0.3279,0.1069,0.6392
19,2025-11-01,1.0,0.2579,0.0956,0.2757,0.0323,0.584
20,2025-11-01,1.0,0.1794,0.0077,0.3314,0.311,0.7594
21,2025-11-01,1.0,0.213,0.0502,0.4011,0.2532,0.8909
22,2025-11-01,1.0,0.4309,0.2203,0.3593,-0.0574,0.4355
23,2025-11-01,1.0,0.3251,0.134,0.3558,0.0359,0.5434
24,2025-11-01,1.0,0.2989,0.1701,0.1202,-0.1546,0.3614
25,2025-11-01,1.0,0.5026,0.2489,0.2893,-0.1495,0.2519
1,2025-11-03,0.0545,-0.0413,-0.1703,0.2495,0.4427,0.888
3,2025-11-03,0.7566,0.1856,0.0011,0.484,0.4463,0.8923
4,2025-11-03,0.196,0.2895,0.1031,0.3656,0.183,0.7438
5,2025-11-03,0.2609,0.0217,-0.0128,-0.0307,-0.0777,0.2595
6,2025-11-03,0.0102,0.2324,0.1303,0.2554,0.0311,0.7411
9,2025-11-03,0.027,0.0218,-0.0051,-0.0649,-0.1303,0.0053
11,2025-11-03,0.9505,-0.1057,-0.2676,0.4882,0.6766,0.9819
12,2025-11-03,0.0166,0.0174,-0.0099,-0.0395,-0.0924,0.2921
14,2025-11-03,0.1122,-0.2086,-0.3929,0.5408,0.7893,1.0
16,2025-11-03,0.0654,0.2492,0.0356,0.3856,0.3164,0.9341
22,2025-11-03,1.0,0.4643,0.2466,0.3659,-0.0897,0.3977
1,2025-11-06,1.0,0.1025,-0.0133,0.1613,0.1584,0.7331
2,2025-11-06,0.9816,0.2679,0.1165,0.281,0.0425,0.6179
3,2025-11-06,1.0,0.1899,0.06,0.323,0.1665,0.9066
4,2025-11-06,1.0,0.2524,0.1153,0.2228,0.0057,0.5168
5,2025-11-06,1.0,0.0091,-0.0239,0.0134,0.0543,0.6338
6,2025-11-06,1.0,0.1789,0.0491,0.2101,0.1009,0.7353
7,2025-11-06,0.9313,0.183,0.04,0.2489,0.1411,0.8753
8,2025-11-06,0.9641,0.2706,0.1267,0.2536,-0.0112,0.4526
9,2025-11-06,0.9756,0.2728,0.1292,0.27,0.0264,0.5937
10,2025-11-06,0.9993,0.2293,0.0862,0.2224,0.0133,0.5346
11,2025-11-06,1.0,0.1342,-0.0051,0.2942,0.2305,0.9597
12,2025-11-06,0.9998,0.1688,0.0263,0.2337,0.0913,0.7694
13,2025-11-06,0.985,0.2839,0.1351,0.2047,-0.0492,0.3142
14,2025-11-06,1.0,0.1668,0.0263,0.3032,0.2383,0.9652
15,2025-11-06,1.0,0.1751,0.0136,0.2753,0.16,0.7952
16,2025-11-06,1.0,0.1625,0.0249,0.2223,0.1329,0.7623
17,2025-11-06,1.0,0.2704,0.1151,0.286,0.0432,0.7112
18,2025-11-06,1.0,0.2337,0.1006,0.2717,0.0879,0.7116
19,2025-11-06,1.0,0.2333,0.1002,0.1897,-0.0525,0.3094
20,2025-11-06,1.0,0.1973,0.0685,0.1683,0.0372,0.565
21,2025-11-06,0.8846,0.1783,0.0618,0.2563,0.1147,0.8561
22,2025-11-06,1.0,0.2692,0.1283,0.2737,0.0576,0.6505
23,2025-11-06,1.0,0.2692,0.1235,0.2299,-0.0706,0.3322
24,2025-11-06,1.0,0.2485,0.1437,0.1076,-0.1367,0.2003
25,2025-11-06,1.0,0.3552,0.1903,0.1446,-0.209,0.0609
1,2025-11-08,0.9682,0.2225,0.1113,0.1902,-0.0241,0.4301
2,2025-11-08,0.9935,0.345,0.1529,0.3144,-0.0065,0.4805
3,2025-11-08,1.0,0.2792,0.1472,0.286,0.0263,0.6061
4,2025-11-08,0.9912,0.2836,0.136,0.2483,-0.0095,0.4685
5,2025-11-08,0.904,0.0172,-0.013,-0.0003,-0.0034,0.4924
6,2025-11-08,1.0,0.238,0.128,0.1878,-0.032,0.3739
7,2025-11-08,0.9773,0.2965,0.1475,0.2842,0.0144,0.5413
8,2025-11-08,0.9897,0.3402,0.1532,0.2954,-0.0218,0.4194
9,2025-11-08,0.7318,0.3835,0.196,0.3018,-0.0732,0.2346
10,2025-11-08,1.0,0.2806,0.1362,0.2221,-0.0647,0.2884
11,2025-11-08,1.0,0.2371,0.1174,0.2364,0.0203,0.5903
12,2025-11-08,0.9339,0.2564,0.1051,0.268,0.014,0.5393
13,2025-11-08,1.0,0.3048,0.1446,0.2345,-0.0495,0.2677
14,2025-11-08,1.0,0.3002,0.1539,0.3098,0.0457,0.6544
15,2025-11-08,0.981,0.2798,0.1376,0.2603,-0.0042,0.4826
16,2025-11-08,1.0,0.2877,0.1679,0.1613,-0.122,0.1363
17,2025-11-08,0.9902,0.2899,0.1155,0.2993,0.0465,0.7226
18,2025-11-08,1.0,0.248,0.1074,0.2613,0.0431,0.6099
19,2025-11-08,1.0,0.254,0.1149,0.2105,-0.0606,0.2779
20,2025-11-08,1.0,0.2741,0.1666,0.0997,-0.1656,0.1231
21,2025-11-08,1.0,0.2728,0.1396,0.2493,-0.0213,0.4188
22,2025-11-08,1.0,0.3738,0.1886,0.3273,-0.0647,0.3682
23,2025-11-08,1.0,0.3055,0.1471,0.2322,-0.0894,0.2283
24,2025-11-08,1.0,0.261,0.1471,0.121,-0.1287,0.2072
25,2025-11-08,0.9467,0.3958,0.2137,0.1926,-0.2091,0.0523
1,2025-11-11,0.9714,0.2443,0.1299,0.1964,-0.0524,0.3499
2,2025-11-11,0.9988,0.4266,0.1987,0.3643,-0.0591,0.3856
3,2025-11-11,1.0,0.323,0.1757,0.299,0.0028,0.5095
4,2025-11-11,1.0,0.3521,0.1755,0.2639,-0.0506,0.3859
5,2025-11-11,1.0,0.0299,-0.0038,0.0053,-0.0195,0.4682
6,2025-11-11,1.0,0.2797,0.1605,0.1852,-0.0911,0.2238
7,2025-11-11,1.0,0.3496,0.1882,0.3247,-0.007,0.4803
8,2025-11-11,1.0,0.4267,0.2024,0.352,-0.0635,0.3454
9,2025-11-11,1.0,0.4189,0.2192,0.3171,-0.1031,0.3203
10,2025-11-11,1.0,0.3614,0.1867,0.2644,-0.1076,0.2477
11,2025-11-11,1.0,0.2809,0.1425,0.2641,-0.0011,0.4945
12,2025-11-11,1.0,0.3029,0.1258,0.299,-0.0134,0.4727
13,2025-11-11,1.0,0.3895,0.1876,0.2916,-0.0817,0.236
14,2025-11-11,1.0,0.3549,0.1915,0.3226,-0.0046,0.4861
15,2025-11-11,1.0,0.3211,0.1684,0.2933,-0.0379,0.3588
16,2025-11-11,1.0,0.3605,0.2196,0.1736,-0.18,0.1272
17,2025-11-11,1.0,0.3497,0.151,0.3463,0.0291,0.5958
18,2025-11-11,1.0,0.2902,0.1318,0.2838,0.0213,0.546
19,2025-11-11,1.0,0.3026,0.1421,0.2559,-0.0806,0.2666
20,2025-11-11,1.0,0.3513,0.2241,0.0918,-0.264,0.1234
21,2025-11-11,0.8225,0.272,0.1508,0.2412,0.0125,0.5512
22,2025-11-11,1.0,0.4729,0.2625,0.3751,-0.1692,0.2846
23,2025-11-11,1.0,0.3725,0.1997,0.2878,-0.1176,0.2028
24,2025-11-11,1.0,0.3429,0.2002,0.1129,-0.2039,0.1571
25,2025-11-11,0.9967,0.5419,0.3012,0.2639,-0.2803,0.0693
1,2025-11-13,1.0,0.2409,0.1187,0.2562,0.0525,0.5804
2,2025-11-13,1.0,0.3657,0.1491,0.3937,0.0786,0.6294
3,2025-11-13,1.0,0.3063,0.1799,0.3255,0.0309,0.6072
4,2025-11-13,1.0,0.2648,0.0905,0.3689,0.2039,0.6793
5,2025-11-13,1.0,0.023,-0.0158,-0.0028,0.0442,0.5513
6,2025-11-13,1.0,0.2622,0.1489,0.2349,-0.0067,0.4831
7,2025-11-13,0.999,0.313,0.1492,0.3821,0.1355,0.7726
8,2025-11-13,0.9974,0.3412,0.1541,0.3726,0.0707,0.6479
9,2025-11-13,0.9927,0.381,0.2054,0.3308,-0.0154,0.4665
10,2025-11-13,0.9931,0.3223,0.1678,0.2786,-0.0451,0.3922
11,2025-11-13,1.0,0.2512,0.134,0.2884,0.0525,0.6699
12,2025-11-13,1.0,0.2559,0.0865,0.3468,0.0882,0.6692
13,2025-11-13,1.0,0.3171,0.1371,0.3175,0.071,0.6578
14,2025-11-13,1.0,0.3282,0.1757,0.3883,0.1062,0.7714
15,2025-11-13,1.0,0.3172,0.1719,0.3294,0.037,0.6029
16,2025-11-13,1.0,0.3318,0.21,0.1983,-0.1183,0.2405
17,2025-11-13,1.0,0.3179,0.1402,0.3561,0.0776,0.7619
18,2025-11-13,1.0,0.2801,0.1357,0.2944,0.0368,0.5748
19,2025-11-13,1.0,0.2645,0.1271,0.2462,-0.0188,0.4397
20,2025-11-13,1.0,0.3201,0.2086,0.1243,-0.1742,0.219
21,2025-11-13,0.9858,0.2989,0.1579,0.2963,0.0605,0.6629
22,2025-11-13,1.0,0.4347,0.2301,0.378,-0.0496,0.4425
23,2025-11-13,1.0,0.356,0.1907,0.2986,-0.0783,0.3248
24,2025-11-13,1.0,0.2955,0.1804,0.1312,-0.1448,0.2834
25,2025-11-13,1.0,0.4984,0.2769,0.314,-0.1564,0.2024
1,2025-11-16,1.0,0.0643,-0.0739,0.3295,0.4424,0.8114
2,2025-11-16,1.0,0.3512,0.1451,0.3925,0.1079,0.6518
3,2025-11-16,1.0,0.211,0.0595,0.507,0.4094,0.8027
4,2025-11-16,0.9998,0.2346,0.0607,0.3712,0.3035,0.6964
5,2025-11-16,1.0,0.0264,-0.024,-0.0202,0.0866,0.5711
6,2025-11-16,1.0,0.1211,-0.0397,0.3659,0.4482,0.7893
7,2025-11-16,1.0,0.1738,-0.0076,0.4443,0.4276,0.9647
8,2025-11-16,1.0,0.3305,0.1528,0.378,0.1235,0.7138
9,2025-11-16,1.0,0.3299,0.1534,0.3778,0.1121,0.6951
10,2025-11-16,1.0,0.2163,0.0349,0.3875,0.2636,0.7731
11,2025-11-16,1.0,0.0494,-0.1214,0.5786,0.645,0.9908
12,2025-11-16,1.0,0.1279,0.0017,0.3383,0.2324,0.7875
13,2025-11-16,1.0,0.3037,0.1368,0.3168,0.1062,0.6764
14,2025-11-16,1.0,0.1721,-0.0082,0.4984,0.5076,0.9717
15,2025-11-16,1.0,0.1502,-0.035,0.4508,0.4442,0.9343
16,2025-11-16,1.0,0.1356,-0.0265,0.4826,0.4994,0.9767
17,2025-11-16,1.0,0.311,0.1421,0.3493,0.0913,0.7926
18,2025-11-16,1.0,0.2733,0.128,0.2581,0.0269,0.5529
19,2025-11-16,1.0,0.2403,0.1145,0.2315,0.0054,0.5214
20,2025-11-16,1.0,0.1669,0.0066,0.3393,0.3424,0.7722
21,2025-11-16,1.0,0.2056,0.062,0.4149,0.2822,0.8886
22,2025-11-16,1.0,0.4175,0.2463,0.3597,0.0009,0.5005
23,2025-11-16,1.0,0.3019,0.1431,0.3309,0.0266,0.5321
24,2025-11-16,1.0,0.2736,0.1811,0.0997,-0.1585,0.325
25,2025-11-16,1.0,0.438,0.2562,0.3065,-0.0533,0.364
1,2025-11-18,0.7288,0.1855,0.0383,0.2853,0.2034,0.6601
2,2025-11-18,0.8954,0.3942,0.1694,0.3893,0.0233,0.5372
3,2025-11-18,1.0,0.2556,0.1116,0.4166,0.1566,0.7341
4,2025-11-18,0.9879,0.3172,0.1537,0.2781,0.0111,0.5166
5,2025-11-18,0.8945,0.0214,-0.0183,-0.0174,0.0065,0.5091
6,2025-11-18,0.877,0.239,0.1043,0.2838,0.1064,0.6277
7,2025-11-18,0.6062,0.2377,0.0765,0.3691,0.2231,0.8278
8,2025-11-18,1.0,0.3725,0.1677,0.3738,0.0419,0.5835
9,2025-11-18,0.9977,0.3847,0.1934,0.3429,-0.0126,0.4757
10,2025-11-18,0.7862,0.2954,0.1265,0.2927,-0.0066,0.4895
11,2025-11-18,0.9414,0.1774,0.0153,0.4381,0.3471,0.9498
12,2025-11-18,0.3941,0.0404,-0.0097,0.143,0.0998,0.6564
13,2025-11-18,0.9865,0.3495,0.1728,0.287,-0.0334,0.4081
14,2025-11-18,0.8919,0.2264,0.0489,0.4671,0.363,0.9311
15,2025-11-18,1.0,0.235,0.0367,0.4377,0.3223,0.8445
16,2025-11-18,1.0,0.2574,0.0882,0.3976,0.2617,0.7653
17,2025-11-18,0.9902,0.3369,0.1481,0.3532,0.0506,0.6913
18,2025-11-18,0.791,0.2969,0.1436,0.3129,-0.0166,0.467
19,2025-11-18,1.0,0.273,0.134,0.2357,-0.0481,0.3109
20,2025-11-18,0.6013,0.3086,0.1696,0.2302,-0.0651,0.4447
21,2025-11-18,0.5843,0.21,0.082,0.2991,0.1634,0.6925
22,2025-11-18,1.0,0.44,0.2255,0.3661,-0.0667,0.4276
23,2025-11-18,1.0,0.3292,0.1644,0.3132,-0.0426,0.4047
24,2025-11-18,1.0,0.3048,0.1956,0.1183,-0.1808,0.2271
25,2025-11-18,0.4782,0.3882,0.2043,0.2728,-0.1087,0.2958
1,2025-11-20,1.0,0.1692,0.0294,0.3001,0.2733,0.7418
2,2025-11-20,1.0,0.3655,0.1694,0.3974,0.0893,0.7151
3,2025-11-20,1.0,0.2599,0.1319,0.4019,0.1296,0.8304
4,2025-11-20,1.0,0.2982,0.1516,0.28,0.0435,0.5864
5,2025-11-20,0.9828,0.0289,-0.0123,0.0256,0.0513,0.5562
6,2025-11-20,1.0,0.2337,0.1217,0.273,0.0931,0.6625
7,2025-11-20,1.0,0.2624,0.1106,0.405,0.2327,0.8827
8,2025-11-20,1.0,0.3481,0.171,0.3855,0.0899,0.7248
9,2025-11-20,0.9989,0.3527,0.1987,0.3364,0.0597,0.6387
10,2025-11-20,1.0,0.2897,0.1459,0.2956,0.0365,0.59
11,2025-11-20,1.0,0.1999,0.0721,0.3629,0.2242,0.9487
12,2025-11-20,1.0,0.2223,0.0714,0.3426,0.1558,0.8255
13,2025-11-20,1.0,0.3234,0.1685,0.2884,0.0074,0.5273
14,2025-11-20,1.0,0.2516,0.1144,0.4658,0.2944,0.9587
15,2025-11-20,1.0,0.2581,0.1011,0.4144,0.257,0.8804
16,2025-11-20,1.0,0.2689,0.1348,0.3503,0.1672,0.7096
17,2025-11-20,1.0,0.3114,0.1498,0.3527,0.0985,0.8998
18,2025-11-20,1.0,0.2769,0.1395,0.2946,0.0524,0.6362
19,2025-11-20,1.0,0.2562,0.1312,0.2514,0.0015,0.5048
20,2025-11-20,1.0,0.2616,0.1578,0.1965,-0.028,0.472
21,2025-11-20,1.0,0.2515,0.1259,0.3604,0.1724,0.7955
22,2025-11-20,1.0,0.3848,0.2074,0.3755,0.0664,0.5832
23,2025-11-20,1.0,0.313,0.1651,0.3195,0.0018,0.5047
24,2025-11-20,1.0,0.2676,0.1739,0.1279,-0.1147,0.2641
25,2025-11-20,0.9788,0.3856,0.2261,0.3203,-0.0069,0.4719
1,2025-11-21,1.0,0.1394,-0.0122,0.3096,0.3302,0.7504
2,2025-11-21,1.0,0.3809,0.1485,0.3947,0.0618,0.6075
3,2025-11-21,1.0,0.2729,0.1176,0.4484,0.1616,0.7882
4,2025-11-21,0.9201,0.2932,0.1221,0.2927,0.0756,0.5916
5,2025-11-21,0.9999,0.0228,-0.0149,-0.0083,0.0365,0.5397
6,2025-11-21,0.9998,0.2332,0.0839,0.2996,0.1529,0.6756
7,2025-11-21,1.0,0.2624,0.0778,0.4231,0.2702,0.8606
8,2025-11-21,1.0,0.3522,0.1487,0.3742,0.0619,0.6245
9,2025-11-21,0.9983,0.388,0.188,0.3621,0.0072,0.5147
10,2025-11-21,1.0,0.3016,0.1198,0.3169,0.0426,0.5691
11,2025-11-21,1.0,0.1874,0.028,0.4403,0.3319,0.9398
12,2025-11-21,1.0,0.2281,0.0436,0.3574,0.1222,0.683
13,2025-11-21,0.9956,0.3338,0.1471,0.2976,0.013,0.5337
14,2025-11-21,1.0,0.2521,0.0845,0.4811,0.3183,0.9078
15,2025-11-21,1.0,0.2389,0.0278,0.4576,0.3574,0.8549
16,2025-11-21,1.0,0.2811,0.0919,0.4207,0.2616,0.7511
17,2025-11-21,0.9967,0.3187,0.1342,0.3493,0.0716,0.7682
18,2025-11-21,1.0,0.2913,0.128,0.3049,0.0492,0.5911
19,2025-11-21,0.9154,0.2725,0.112,0.2579,0.0048,0.5164
20,2025-11-21,1.0,0.2897,0.121,0.2693,0.0814,0.5558
21,2025-11-21,1.0,0.2562,0.0993,0.3961,0.1804,0.8252
22,2025-11-21,1.0,0.4611,0.2221,0.3755,-0.0756,0.429
23,2025-11-21,0.342,0.3073,0.1467,0.2973,-0.0064,0.4756
24,2025-11-21,0.2174,0.2935,0.1876,-0.0136,-0.288,0.0105
25,2025-11-21,1.0,0.5289,0.2538,0.3022,-0.1722,0.2236
1,2025-11-23,0.9474,0.2281,0.1224,0.2274,0.0156,0.5328
2,2025-11-23,1.0,0.3672,0.1796,0.375,0.0507,0.6215
3,2025-11-23,1.0,0.2868,0.1684,0.318,0.039,0.6429
4,2025-11-23,1.0,0.2979,0.1607,0.2706,0.0144,0.5312
5,2025-11-23,0.9591,0.0257,-0.0093,0.0051,0.0132,0.5164
6,2025-11-23,0.9875,0.2475,0.1479,0.212,-0.0198,0.4376
7,2025-11-23,0.9514,0.2989,0.1594,0.3337,0.0709,0.6781
8,2025-11-23,1.0,0.3596,0.1804,0.362,0.0476,0.6325
9,2025-11-23,0.9127,0.3741,0.2089,0.3209,-0.0215,0.4476
10,2025-11-23,1.0,0.2969,0.1613,0.2583,-0.0451,0.3769
11,2025-11-23,1.0,0.2358,0.129,0.2708,0.0425,0.6656
12,2025-11-23,0.9531,0.2624,0.1155,0.3095,0.0583,0.6609
13,2025-11-23,1.0,0.3158,0.1639,0.2744,-0.0138,0.4437
14,2025-11-23,1.0,0.3114,0.1766,0.3364,0.0637,0.671
15,2025-11-23,0.9596,0.3012,0.1701,0.2993,0.0075,0.528
16,2025-11-23,1.0,0.3073,0.1933,0.1907,-0.1008,0.2567
17,2025-11-23,1.0,0.3033,0.145,0.3437,0.0851,0.8594
18,2025-11-23,0.9997,0.2643,0.1331,0.2906,0.0495,0.6126
19,2025-11-23,1.0,0.2647,0.1331,0.2517,-0.0238,0.4124
20,2025-11-23,1.0,0.2926,0.1936,0.1141,-0.1722,0.1751
21,2025-11-23,0.9791,0.2886,0.1593,0.2716,0.0195,0.5591
22,2025-11-23,1.0,0.4006,0.2198,0.3651,0.0039,0.5065
23,2025-11-23,1.0,0.334,0.1834,0.2899,-0.0555,0.3253
24,2025-11-23,1.0,0.2691,0.1694,0.1287,-0.1238,0.2368
25,2025-11-23,0.8961,0.4467,0.2616,0.2927,-0.1257,0.2022
1,2025-11-26,1.0,0.2824,0.1585,0.2327,-0.0411,0.4109
2,2025-11-26,1.0,0.4287,0.2208,0.3835,-0.0218,0.4566
3,2025-11-26,1.0,0.3292,0.1938,0.3362,0.0248,0.5791
4,2025-11-26,1.0,0.3551,0.194,0.2764,-0.0317,0.4332
5,2025-11-26,0.9799,0.0311,-0.0067,-0.0221,-0.0055,0.4906
6,2025-11-26,1.0,0.2897,0.1721,0.2126,-0.0565,0.3402
7,2025-11-26,0.9951,0.3697,0.2106,0.3518,0.0092,0.5214
8,2025-11-26,1.0,0.4237,0.2186,0.3786,-0.0182,0.4529
9,2025-11-26,1.0,0.4303,0.2433,0.3294,-0.0864,0.3478
10,2025-11-26,1.0,0.3602,0.2009,0.278,-0.0877,0.296
11,2025-11-26,1.0,0.2792,0.1569,0.2849,0.0178,0.5623
12,2025-11-26,1.0,0.3106,0.1439,0.3127,0.012,0.5228
13,2025-11-26,1.0,0.3828,0.2026,0.3069,-0.0458,0.3352
14,2025-11-26,1.0,0.3764,0.2193,0.356,0.0132,0.5379
15,2025-11-26,1.0,0.3511,0.193,0.3231,-0.0189,0.4462
16,2025-11-26,1.0,0.3711,0.2405,0.1982,-0.1625,0.1703
17,2025-11-26,1.0,0.3462,0.1653,0.361,0.0554,0.7033
18,2025-11-26,1.0,0.3037,0.1525,0.3105,0.039,0.5776
19,2025-11-26,1.0,0.3097,0.1556,0.289,-0.0401,0.386
20,2025-11-26,1.0,0.3483,0.2281,0.1075,-0.2243,0.1522
21,2025-11-26,1.0,0.347,0.2005,0.2831,-0.0464,0.3731
22,2025-11-26,0.9902,0.5152,0.3065,0.3979,-0.1638,0.3195
23,2025-11-26,1.0,0.3944,0.2203,0.3291,-0.0803,0.3048
24,2025-11-26,1.0,0.3424,0.2103,0.1309,-0.1709,0.1981
25,2025-11-26,1.0,0.564,0.3307,0.3071,-0.2468,0.105
1,2025-11-28,0.8828,0.2576,0.1456,0.2488,-0.011,0.4781
2,2025-11-28,0.9749,0.4017,0.1791,0.4069,0.0623,0.6219
3,2025-11-28,1.0,0.3179,0.1809,0.332,0.0261,0.5938
4,2025-11-28,0.9111,0.3172,0.1535,0.3515,0.0933,0.6272
5,2025-11-28,0.8883,0.0334,-0.0065,-0.028,0.0046,0.5051
6,2025-11-28,0.9896,0.2742,0.1589,0.2356,-0.0271,0.4271
7,2025-11-28,0.994,0.3386,0.1732,0.3909,0.1045,0.7386
8,2025-11-28,0.9817,0.3707,0.1701,0.3944,0.0709,0.6628
9,2025-11-28,0.9989,0.3984,0.2175,0.3321,-0.037,0.422
10,2025-11-28,1.0,0.3317,0.1775,0.2849,-0.056,0.3569
11,2025-11-28,1.0,0.2677,0.1453,0.2927,0.0263,0.5942
12,2025-11-28,0.6158,0.2213,0.0594,0.3073,0.1056,0.6818
13,2025-11-28,0.9861,0.3351,0.1654,0.3277,0.0409,0.6185
14,2025-11-28,1.0,0.3544,0.1896,0.3818,0.0689,0.6945
15,2025-11-28,0.9769,0.3338,0.1795,0.3323,0.0122,0.5361
16,2025-11-28,1.0,0.338,0.2153,0.1978,-0.1219,0.222
17,2025-11-28,0.9658,0.3295,0.1479,0.3683,0.0847,0.8198
18,2025-11-28,0.9845,0.2931,0.1411,0.3072,0.0241,0.549
19,2025-11-28,1.0,0.2814,0.1364,0.2702,-0.0098,0.4667
20,2025-11-28,1.0,0.3197,0.2079,0.1291,-0.1826,0.1997
21,2025-11-28,1.0,0.3173,0.1784,0.2951,0.0227,0.5754
22,2025-11-28,1.0,0.4559,0.2378,0.3835,-0.0428,0.4486
23,2025-11-28,1.0,0.3589,0.1882,0.3085,-0.0578,0.3248
24,2025-11-28,0.9169,0.3024,0.1797,0.1532,-0.1041,0.2955
25,2025-11-28,0.6665,0.4554,0.2733,0.2952,-0.1389,0.1747
1,2025-12-01,1.0,-0.1072,-0.1932,0.3926,0.5977,0.9614
2,2025-12-01,1.0,0.2136,0.072,0.394,0.3211,0.9903
3,2025-12-01,1.0,0.009,-0.1234,0.4954,0.6113,0.9799
4,2025-12-01,1.0,0.0061,-0.111,0.3937,0.5619,0.9714
5,2025-12-01,0.9998,0.0025,-0.0397,0.0369,0.2262,0.6085
6,2025-12-01,1.0,-0.147,-0.2424,0.4304,0.6726,0.9602
7,2025-12-01,1.0,0.0525,-0.0448,0.4446,0.5103,0.9979
8,2025-12-01,1.0,0.1834,0.0502,0.407,0.3754,0.9818
9,2025-12-01,1.0,0.1813,0.0471,0.4099,0.2985,0.8886
10,2025-12-01,1.0,0.0434,-0.0363,0.3925,0.4387,0.9226
11,2025-12-01,1.0,-0.1786,-0.2563,0.4598,0.6886,0.9995
12,2025-12-01,1.0,0.0311,-0.0108,0.3475,0.3691,0.9132
13,2025-12-01,1.0,0.045,-0.0726,0.3781,0.4695,0.9941
14,2025-12-01,1.0,0.0458,-0.0461,0.4747,0.5664,0.9981
15,2025-12-01,1.0,0.0835,-0.0422,0.4205,0.48,0.974
16,2025-12-01,1.0,-0.0446,-0.1367,0.4441,0.5953,1.0
17,2025-12-01,1.0,-0.019,-0.1747,0.4194,0.5722,0.9938
18,2025-12-01,1.0,0.0011,-0.1405,0.4044,0.5405,0.9212
19,2025-12-01,1.0,-0.0053,-0.1593,0.4265,0.5604,0.9543
20,2025-12-01,1.0,-0.0515,-0.1524,0.4115,0.6063,0.9686
21,2025-12-01,1.0,0.1109,-0.0164,0.4305,0.4186,0.9831
22,2025-12-01,1.0,0.3347,0.2141,0.3604,0.1365,0.8841
23,2025-12-01,1.0,0.1469,0.0241,0.3857,0.33,0.927
24,2025-12-01,1.0,0.0456,-0.0943,0.5043,0.6362,0.8446
25,2025-12-01,1.0,0.4717,0.2768,0.3272,-0.0521,0.3705
1,2025-12-03,1.0,-0.1905,-0.2466,0.3752,0.6232,0.9601
2,2025-12-03,1.0,0.3025,0.0941,0.4318,0.2576,0.7589
3,2025-12-03,1.0,-0.0322,-0.1402,0.49,0.637,0.9588
4,2025-12-03,1.0,0.0781,-0.0977,0.415,0.5336,0.9319
5,2025-12-03,0.8549,0.0005,-0.0471,-0.0236,0.0777,0.5497
6,2025-12-03,0.9071,-0.3008,-0.3642,0.4025,0.735,0.9704
7,2025-12-03,1.0,0.1385,0.0287,0.4435,0.4915,0.9484
8,2025-12-03,0.9995,0.2924,0.0817,0.4392,0.2836,0.8704
9,2025-12-03,0.5821,0.5199,0.2785,0.4773,0.0159,0.5223
10,2025-12-03,1.0,0.1035,-0.0028,0.3704,0.373,0.8129
11,2025-12-03,1.0,-0.3399,-0.3403,0.3769,0.7304,0.9778
12,2025-12-03,1.0,0.046,-0.0043,0.3547,0.3077,0.7167
13,2025-12-03,1.0,0.1751,-0.0497,0.4213,0.4044,0.9196
14,2025-12-03,0.9724,0.0982,0.0254,0.4917,0.5707,0.9439
15,2025-12-03,1.0,0.1253,-0.0017,0.4308,0.4605,0.9088
16,2025-12-03,1.0,-0.1023,-0.1861,0.3727,0.603,0.9435
17,2025-12-03,1.0,0.1106,-0.1384,0.5253,0.5584,0.9853
18,2025-12-03,1.0,-0.0431,-0.211,0.4076,0.5626,0.8479
19,2025-12-03,1.0,0.0541,-0.1462,0.4196,0.4959,0.777
20,2025-12-03,1.0,-0.1376,-0.2648,0.3779,0.6676,0.9493
21,2025-12-03,1.0,0.108,-0.0269,0.4535,0.4448,0.9827
22,2025-12-03,1.0,0.4979,0.2843,0.4039,-0.1176,0.3893
23,2025-12-03,0.9701,0.2229,0.0496,0.3938,0.2395,0.7455
24,2025-12-03,1.0,0.2224,0.0255,0.4241,0.4787,0.6676
25,2025-12-03,1.0,0.6093,0.3476,0.3476,-0.1712,0.2514
1,2025-12-06,1.0,0.0183,-0.0725,0.3792,0.468,0.9064
2,2025-12-06,0.9923,0.2492,0.1112,0.4081,0.2312,0.9979
3,2025-12-06,1.0,0.1469,0.027,0.5071,0.4659,0.9812
4,2025-12-06,0.9998,0.1877,0.0745,0.3488,0.2511,0.7921
5,2025-12-06,1.0,0.0048,-0.0233,0.1348,0.1771,0.626
6,2025-12-06,1.0,0.0715,-0.0218,0.4045,0.4385,0.9307
7,2025-12-06,0.9986,0.0984,-0.0222,0.4452,0.4658,0.9942
8,2025-12-06,0.9988,0.2173,0.1006,0.4026,0.2525,0.9824
9,2025-12-06,0.9928,0.2438,0.1229,0.404,0.2424,0.8739
10,2025-12-06,1.0,0.1471,0.0319,0.3933,0.3196,0.8993
11,2025-12-06,1.0,0.0416,-0.0797,0.5391,0.5795,0.9996
12,2025-12-06,1.0,0.0759,-0.0066,0.3733,0.3472,0.9171
13,2025-12-06,0.9692,0.2,0.0913,0.3367,0.1991,0.9832
14,2025-12-06,1.0,0.1102,-0.0096,0.4759,0.4989,1.0
15,2025-12-06,1.0,0.0697,-0.0378,0.4431,0.4601,0.9788
16,2025-12-06,1.0,0.0604,-0.0451,0.4808,0.5175,0.9957
17,2025-12-06,1.0,0.2229,0.1121,0.3566,0.1912,0.9967
18,2025-12-06,1.0,0.2247,0.1142,0.325,0.1377,0.8665
19,2025-12-06,1.0,0.1656,0.0741,0.2788,0.1371,0.9323
20,2025-12-06,1.0,0.0761,-0.0176,0.399,0.4108,0.8707
21,2025-12-06,1.0,0.1228,0.0164,0.4089,0.3889,0.9494
22,2025-12-06,0.9869,0.2258,0.1305,0.3521,0.2343,1.0
23,2025-12-06,1.0,0.1457,0.0644,0.373,0.2446,0.9804
24,2025-12-06,1.0,0.1709,0.1005,0.1623,0.0045,0.5208
25,2025-12-06,1.0,0.1709,0.0882,0.3381,0.2269,0.9331
1,2025-12-08,0.0454,0.183,0.0897,0.1627,-0.033,0.3845
2,2025-12-08,0.9308,0.4332,0.2033,0.3906,-0.0176,0.4665
3,2025-12-08,0.9997,0.3291,0.184,0.3421,0.0258,0.5724
4,2025-12-08,0.9604,0.3437,0.1739,0.3168,0.0028,0.5061
5,2025-12-08,0.9563,0.0279,-0.0082,-0.0256,-0.0017,0.4976
6,2025-12-08,0.9142,0.2796,0.1591,0.228,-0.0374,0.3944
7,2025-12-08,0.8735,0.3632,0.1921,0.3709,0.0187,0.5375
8,2025-12-08,0.9518,0.4307,0.2054,0.3877,-0.0163,0.4574
9,2025-12-08,1.0,0.4281,0.2261,0.3387,-0.0893,0.3419
10,2025-12-08,0.8207,0.3475,0.1804,0.2926,-0.0833,0.3093
11,2025-12-08,0.8914,0.2743,0.1477,0.2929,0.0248,0.5902
12,2025-12-08,0.629,0.2652,0.1085,0.3179,0.0353,0.5641
13,2025-12-08,0.9859,0.3745,0.1868,0.3237,-0.0343,0.3754
14,2025-12-08,0.9484,0.3743,0.2061,0.3637,0.0226,0.5528
16,2025-12-08,0.6262,0.3692,0.2322,0.2085,-0.1906,0.1012
17,2025-12-08,1.0,0.3495,0.1538,0.3738,0.0583,0.7041
18,2025-12-08,1.0,0.295,0.1414,0.3206,0.0494,0.5903
19,2025-12-08,0.9816,0.3165,0.1488,0.2998,-0.0517,0.3606
20,2025-12-08,0.8684,0.3462,0.2169,0.1304,-0.2214,0.1184
21,2025-12-08,0.6757,0.4384,0.226,0.3598,-0.07,0.2797
22,2025-12-08,0.9836,0.5273,0.2811,0.3918,-0.1842,0.2779
23,2025-12-08,1.0,0.3975,0.1985,0.3307,-0.0811,0.3185
24,2025-12-08,0.1776,0.3419,0.2049,0.149,-0.1401,0.1859
25,2025-12-08,0.2508,0.511,0.2942,0.3121,-0.176,0.0651
1,2025-12-10,0.9893,0.2634,0.1495,0.227,-0.0424,0.3837
2,2025-12-10,0.9953,0.4082,0.2088,0.3766,-0.0049,0.4885
3,2025-12-10,1.0,0.3111,0.184,0.3299,0.0293,0.5927
4,2025-12-10,1.0,0.3205,0.1769,0.29,-0.0019,0.495
5,2025-12-10,0.9774,0.0287,-0.01,-0.0115,-0.0045,0.4934
6,2025-12-10,1.0,0.263,0.1578,0.2165,-0.0391,0.3757
7,2025-12-10,1.0,0.3474,0.2003,0.3465,0.0084,0.5239
8,2025-12-10,1.0,0.4008,0.2057,0.3669,-0.0038,0.4896
9,2025-12-10,1.0,0.4091,0.2345,0.3345,-0.0729,0.3474
10,2025-12-10,1.0,0.3342,0.1891,0.28,-0.0719,0.3047
11,2025-12-10,1.0,0.265,0.1522,0.278,0.0137,0.5572
12,2025-12-10,1.0,0.2953,0.1416,0.3122,0.0144,0.5223
13,2025-12-10,1.0,0.3511,0.1868,0.3019,-0.0318,0.3684
14,2025-12-10,1.0,0.3578,0.2105,0.3495,0.0124,0.5363
15,2025-12-10,0.9998,0.3364,0.1905,0.3198,-0.0204,0.4355
16,2025-12-10,1.0,0.3388,0.2177,0.1976,-0.1505,0.146
17,2025-12-10,1.0,0.3241,0.1573,0.3547,0.0623,0.7554
18,2025-12-10,1.0,0.288,0.1444,0.3138,0.0525,0.6024
19,2025-12-10,1.0,0.2917,0.1502,0.2738,-0.0462,0.3527
20,2025-12-10,1.0,0.3121,0.2049,0.1231,-0.1903,0.1434
21,2025-12-10,1.0,0.3248,0.1905,0.2795,-0.039,0.3642
22,2025-12-10,1.0,0.4758,0.2813,0.3848,-0.1225,0.3168
23,2025-12-10,1.0,0.3639,0.2035,0.3018,-0.0807,0.291
24,2025-12-10,1.0,0.2913,0.1802,0.1459,-0.1228,0.2436
25,2025-12-10,0.9576,0.4847,0.2936,0.2777,-0.2084,0.0636
1,2025-12-13,0.3996,0.1659,0.0684,0.2433,0.1434,0.6258
2,2025-12-13,0.5554,0.2766,0.093,0.3878,0.1997,0.789
3,2025-12-13,1.0,0.2446,0.0996,0.5462,0.3481,0.833
4,2025-12-13,1.0,0.1162,-0.0417,0.3634,0.4229,0.894
5,2025-12-13,0.7253,0.017,-0.0264,-0.0357,-0.0296,0.4722
6,2025-12-13,0.633,0.1327,-0.0165,0.4346,0.4468,0.821
7,2025-12-13,0.8464,0.2394,0.0549,0.4933,0.3704,0.9143
8,2025-12-13,0.9499,0.2981,0.107,0.399,0.2205,0.8398
9,2025-12-13,0.1137,0.2084,0.0261,0.4536,0.0578,0.5303
10,2025-12-13,0.9476,0.2501,0.0742,0.438,0.2229,0.7482
11,2025-12-13,0.9336,0.1203,-0.0385,0.6012,0.585,0.9702
12,2025-12-13,0.4053,0.1661,0.0154,0.3672,0.1861,0.7128
13,2025-12-13,0.9029,0.1876,-0.0016,0.3563,0.2941,0.902
14,2025-12-13,0.8811,0.1865,0.019,0.5843,0.5158,0.9441
15,2025-12-13,0.2431,0.2771,0.1004,0.5234,0.2924,0.8287
16,2025-12-13,0.3953,0.2901,0.1287,0.5167,0.31,0.8833
17,2025-12-13,0.9948,0.113,-0.1084,0.4715,0.4899,0.9905
18,2025-12-13,0.6447,0.2544,0.09,0.5193,0.3177,0.7217
19,2025-12-13,0.9492,0.23,0.0844,0.3779,0.1594,0.6709
20,2025-12-13,0.4671,0.2762,0.1451,0.3559,0.1414,0.6727
21,2025-12-13,0.1819,0.1353,0.0309,0.4336,0.3923,0.6634
22,2025-12-13,1.0,0.4501,0.2647,0.3709,-0.0713,0.4182
23,2025-12-13,0.8618,0.314,0.154,0.3954,0.0578,0.5526
24,2025-12-13,0.926,0.2539,0.1208,0.2923,0.1363,0.5778
25,2025-12-13,0.1393,0.0396,0.0357,0.0081,-0.1642,0.1289
1,2025-12-23,0.9999,0.3346,0.1851,0.3194,-0.0125,0.4817
2,2025-12-23,1.0,0.6461,0.327,0.5303,-0.1989,0.3583
3,2025-12-23,1.0,0.3847,0.229,0.422,0.0321,0.5549
4,2025-12-23,1.0,0.4578,0.2518,0.409,-0.052,0.4267
5,2025-12-23,0.9991,0.0267,-0.0063,0.0197,0.0076,0.5096
6,2025-12-23,1.0,0.3364,0.1974,0.3143,-0.0286,0.4514
7,2025-12-23,0.9991,0.4617,0.2489,0.5059,0.0545,0.5497
8,2025-12-23,1.0,0.621,0.3153,0.5293,-0.1434,0.3461
9,2025-12-23,1.0,0.5749,0.3282,0.4639,-0.1614,0.3254
10,2025-12-23,1.0,0.4952,0.2793,0.4122,-0.1382,0.3144
11,2025-12-23,1.0,0.3102,0.1707,0.3695,0.0696,0.6416
12,2025-12-23,0.9361,0.3558,0.1638,0.4541,0.0239,0.5217
13,2025-12-23,1.0,0.5582,0.289,0.4587,-0.102,0.3278
14,2025-12-23,1.0,0.4481,0.2575,0.4916,0.0787,0.5961
15,2025-12-23,1.0,0.4748,0.2625,0.4607,-0.0294,0.4561
16,2025-12-23,1.0,0.4711,0.3091,0.2904,-0.2276,0.1918
17,2025-12-23,0.9908,0.4734,0.2343,0.4749,0.001,0.5016
18,2025-12-23,1.0,0.3709,0.1923,0.3949,0.0243,0.5347
19,2025-12-23,1.0,0.3829,0.2002,0.3499,-0.0679,0.3958
20,2025-12-23,1.0,0.4581,0.3053,0.1978,-0.2932,0.1525
21,2025-12-23,1.0,0.4594,0.246,0.4184,-0.0612,0.3997
22,2025-12-23,1.0,0.8973,0.4679,0.5556,-1.0,0.2248
23,2025-12-23,1.0,0.5854,0.3235,0.4589,-0.2297,0.2763
24,2025-12-23,1.0,0.4937,0.291,0.1814,-0.3102,0.1958
25,2025-12-23,1.0,1.0,0.5994,0.5541,-0.9867,0.1153
1,2025-12-26,0.0256,0.1233,0.0678,0.2279,0.1318,0.8207
3,2025-12-26,0.0064,0.2218,0.1305,0.3272,0.1309,0.9663
5,2025-12-26,0.1885,-0.0083,-0.0245,0.0331,0.0617,0.6212
14,2025-12-26,0.4529,0.3159,0.1971,0.3878,0.085,0.8505
21,2025-12-26,0.0311,0.2129,0.1401,0.2289,0.0006,0.5143
1,2025-12-28,0.6869,0.2716,0.163,0.2414,-0.0281,0.4509
3,2025-12-28,1.0,0.347,0.1999,0.4194,0.0578,0.6268
4,2025-12-28,0.2848,0.374,0.2057,0.3224,0.0656,0.546
5,2025-12-28,0.4093,0.027,-0.001,-0.0118,-0.0944,0.2781
6,2025-12-28,0.9242,0.2944,0.169,0.3525,0.0464,0.5929
7,2025-12-28,0.7745,0.4051,0.2256,0.5102,0.1122,0.6927
8,2025-12-28,0.0344,0.3704,0.1996,0.3759,0.0198,0.5979
9,2025-12-28,0.7917,0.5877,0.3179,0.5,-0.1034,0.3186
10,2025-12-28,0.9704,0.4193,0.231,0.438,-0.0224,0.4648
11,2025-12-28,1.0,0.2922,0.1625,0.4024,0.1136,0.7636
12,2025-12-28,0.2468,0.4137,0.2129,0.456,-0.123,0.3306
13,2025-12-28,0.4969,0.4311,0.2101,0.4897,0.0865,0.6669
14,2025-12-28,1.0,0.3929,0.2202,0.5241,0.1464,0.7721
15,2025-12-28,0.252,0.405,0.2258,0.4764,0.0502,0.5855
16,2025-12-28,1.0,0.4003,0.2579,0.3426,-0.0812,0.3284
18,2025-12-28,0.7233,0.3192,0.1683,0.3677,0.0691,0.6288
19,2025-12-28,0.5134,0.2685,0.131,0.279,0.0225,0.5628
20,2025-12-28,0.9142,0.3751,0.2435,0.2401,-0.1435,0.2528
21,2025-12-28,1.0,0.3905,0.2213,0.4749,0.0215,0.547
22,2025-12-28,0.0313,0.5592,0.2348,0.4885,-0.0744,0.3731
23,2025-12-28,0.6463,0.4202,0.2284,0.3812,-0.0631,0.373
24,2025-12-28,0.3438,0.3579,0.266,0.1667,-0.2467,0.2235
25,2025-12-28,0.3341,0.7287,0.4064,0.441,-0.3228,0.1059
1,2025-12-30,0.0696,-0.0972,-0.118,0.2162,0.4521,0.9072
2,2025-12-30,0.1149,0.6576,0.4137,0.5008,-0.1047,0.2774
3,2025-12-30,1.0,0.0295,-0.091,0.4927,0.5829,0.9594
4,2025-12-30,0.3629,0.1196,-0.0056,0.3814,0.4867,0.993
5,2025-12-30,0.5046,0.0156,-0.0285,-0.0119,-0.0216,0.4609
6,2025-12-30,0.1101,-0.2595,-0.283,0.3577,0.6334,0.8955
7,2025-12-30,0.893,0.2096,0.0618,0.4431,0.4191,0.9222
8,2025-12-30,0.1717,0.5514,0.3021,0.4691,0.0892,0.6821
9,2025-12-30,0.647,0.581,0.326,0.5124,0.0335,0.5503
10,2025-12-30,0.5314,0.2894,0.1218,0.4287,0.2536,0.7332
11,2025-12-30,0.6345,-0.3359,-0.3349,0.3379,0.7091,0.9698
12,2025-12-30,0.0391,0.0169,-0.0249,-0.0147,-0.0511,0.4048
13,2025-12-30,0.159,0.535,0.3059,0.4163,0.0607,0.6016
14,2025-12-30,0.9301,0.125,0.0148,0.5131,0.5396,0.9416
15,2025-12-30,0.3011,0.1161,0.008,0.4709,0.5266,0.9904
16,2025-12-30,0.8948,0.034,-0.0721,0.3976,0.5043,0.9165
17,2025-12-30,0.2291,0.222,0.0705,0.4476,0.4709,0.9562
18,2025-12-30,1.0,0.0411,-0.0948,0.424,0.4954,0.8521
19,2025-12-30,0.3037,0.6439,0.3896,0.4277,-0.0481,0.437
20,2025-12-30,0.146,0.0207,-0.0643,0.3402,0.4823,0.9238
22,2025-12-30,0.4243,0.6334,0.3763,0.4723,-0.1359,0.3778
25,2025-12-30,0.1322,0.7376,0.4324,0.4477,-0.2442,0.0864
2,2025-12-31,0.0887,0.4757,0.2757,0.4278,0.1403,0.8473
5,2025-12-31,0.0718,0.0215,-0.0123,-0.0248,-0.0608,0.211
8,2025-12-31,0.025,0.5252,0.298,0.4577,0.1211,0.9135
9,2025-12-31,0.0082,0.0057,0.0268,-0.0235,-0.1364,0.0
1,2026-01-02,0.9784,-0.127,-0.1571,0.3372,0.5631,0.977
3,2026-01-02,0.6682,-0.1122,-0.1438,0.4427,0.6534,0.9814
5,2026-01-02,0.1692,0.0305,-0.0136,-0.0276,-0.0888,0.1248
6,2026-01-02,1.0,-0.1927,-0.2153,0.3623,0.6512,0.9783
7,2026-01-02,0.4131,0.3172,0.1839,0.4779,0.3898,0.9883
9,2026-01-02,0.2593,-0.0086,-0.0207,-0.0491,0.1287,0.6246
10,2026-01-02,0.0312,0.0383,0.0023,0.1175,0.1064,0.9318
11,2026-01-02,0.7183,-0.1048,-0.1259,0.4161,0.6281,0.9879
12,2026-01-02,0.0149,0.6664,0.3824,0.5145,-0.022,0.4
14,2026-01-02,0.8489,0.0704,0.0355,0.5149,0.6062,0.9887
15,2026-01-02,0.0291,0.1836,0.1108,0.4086,0.3247,1.0
16,2026-01-02,0.2643,0.1495,0.0953,0.4432,0.4462,0.953
18,2026-01-02,0.8618,0.0072,-0.077,0.4245,0.5291,0.9028
19,2026-01-02,0.451,-0.1371,-0.2913,0.4193,0.6668,0.975
20,2026-01-02,1.0,-0.0137,-0.0908,0.3092,0.5044,0.9493
21,2026-01-02,1.0,0.1733,0.0555,0.4699,0.4443,0.9969
23,2026-01-02,0.8633,0.3032,0.1287,0.4211,0.2442,0.7855
25,2026-01-02,0.0462,0.0387,-0.0054,-0.0251,-0.1142,0.1059
1,2026-01-05,0.9925,0.3472,0.2036,0.2748,-0.0911,0.3622
2,2026-01-05,0.9935,0.6306,0.3398,0.4855,-0.2286,0.2959
3,2026-01-05,1.0,0.3774,0.2235,0.3848,0.0111,0.5229
4,2026-01-05,1.0,0.4529,0.2596,0.3508,-0.101,0.3371
5,2026-01-05,0.9965,0.0302,-0.0076,-0.0148,-0.0272,0.4687
6,2026-01-05,1.0,0.338,0.2038,0.262,-0.0835,0.3389
7,2026-01-05,0.9701,0.4791,0.2756,0.4257,-0.0777,0.4049
8,2026-01-05,0.9889,0.6063,0.3289,0.4892,-0.1794,0.2765
9,2026-01-05,1.0,0.5708,0.3312,0.426,-0.1884,0.2883
10,2026-01-05,1.0,0.4884,0.2841,0.3599,-0.1827,0.2457
11,2026-01-05,1.0,0.3156,0.1801,0.3285,0.0154,0.5378
12,2026-01-05,1.0,0.3881,0.1968,0.4015,-0.0569,0.4453
13,2026-01-05,1.0,0.5476,0.2936,0.4007,-0.1613,0.2113
14,2026-01-05,0.999,0.4489,0.2669,0.4056,-0.0317,0.4543
15,2026-01-05,1.0,0.4666,0.2621,0.4149,-0.0847,0.3504
16,2026-01-05,1.0,0.4724,0.3054,0.2494,-0.2646,0.1272
17,2026-01-05,1.0,0.4641,0.2377,0.4472,-0.0243,0.4549
18,2026-01-05,1.0,0.3662,0.1916,0.3695,0.0055,0.5084
19,2026-01-05,1.0,0.4031,0.2055,0.3389,-0.1063,0.3242
20,2026-01-05,1.0,0.4565,0.3022,0.1581,-0.3281,0.1146
21,2026-01-05,1.0,0.461,0.2601,0.3568,-0.1434,0.287
22,2026-01-05,0.9953,0.8728,0.5036,0.5248,-0.9766,0.1671
23,2026-01-05,1.0,0.5626,0.3131,0.4229,-0.2361,0.2415
24,2026-01-05,0.9909,0.4763,0.2814,0.1562,-0.3007,0.1752
25,2026-01-05,0.9897,1.0,0.5692,0.4791,-0.9561,0.0522
1,2026-01-07,0.9284,0.2867,0.1635,0.2783,-0.0152,0.4648
2,2026-01-07,0.5229,0.4195,0.1998,0.4628,0.0782,0.648
3,2026-01-07,1.0,0.3306,0.1876,0.4065,0.0902,0.699
4,2026-01-07,0.963,0.3656,0.1984,0.3855,0.0349,0.5709
5,2026-01-07,0.869,0.0252,-0.0064,-0.0162,0.0147,0.5164
6,2026-01-07,0.8923,0.2969,0.1749,0.307,0.0037,0.5095
7,2026-01-07,1.0,0.3897,0.216,0.4484,0.0611,0.6203
8,2026-01-07,0.7561,0.4714,0.2292,0.4714,0.0166,0.5324
9,2026-01-07,1.0,0.4736,0.2544,0.4356,-0.0478,0.4146
10,2026-01-07,1.0,0.3903,0.2109,0.3909,-0.0344,0.4349
11,2026-01-07,1.0,0.2739,0.1534,0.3581,0.0979,0.7327
12,2026-01-07,0.3507,0.3089,0.1499,0.4193,0.0661,0.6134
13,2026-01-07,1.0,0.4289,0.2183,0.4119,-0.0024,0.4942
14,2026-01-07,1.0,0.384,0.2162,0.4706,0.1021,0.7068
15,2026-01-07,0.9232,0.3849,0.2084,0.4219,0.0415,0.597
16,2026-01-07,1.0,0.3684,0.2333,0.2879,-0.094,0.2952
17,2026-01-07,1.0,0.3878,0.1823,0.4731,0.138,0.8431
18,2026-01-07,1.0,0.3184,0.1629,0.382,0.0814,0.616
19,2026-01-07,0.946,0.3388,0.1619,0.3753,-0.0089,0.4758
20,2026-01-07,0.9918,0.3468,0.2195,0.1861,-0.1567,0.2003
21,2026-01-07,0.9991,0.3829,0.2126,0.397,-0.0255,0.444
22,2026-01-07,0.4481,0.5875,0.2894,0.4823,-0.1565,0.3577
23,2026-01-07,1.0,0.4554,0.2375,0.4073,-0.0738,0.3782
24,2026-01-07,0.9977,0.3245,0.201,0.1975,-0.11,0.3058
25,2026-01-07,0.7709,0.7099,0.3792,0.4102,-0.3134,0.0995
1,2026-01-10,0.9703,0.2978,0.1727,0.3161,0.0258,0.5461
2,2026-01-10,0.9818,0.5287,0.2653,0.5407,0.0314,0.5406
3,2026-01-10,1.0,0.3423,0.1979,0.414,0.0689,0.6539
4,2026-01-10,1.0,0.3816,0.2062,0.4497,0.1069,0.6564
5,2026-01-10,0.9956,0.0353,-0.004,-0.021,0.0704,0.5557
6,2026-01-10,0.3881,0.2403,0.1029,0.3269,0.155,0.727
7,2026-01-10,1.0,0.4101,0.2347,0.521,0.125,0.716
8,2026-01-10,1.0,0.4991,0.2466,0.5401,0.0637,0.6097
9,2026-01-10,1.0,0.4932,0.2764,0.4796,-0.0249,0.4611
10,2026-01-10,0.9993,0.4162,0.2336,0.4436,-0.0026,0.4958
11,2026-01-10,1.0,0.2837,0.1619,0.3967,0.1219,0.7851
12,2026-01-10,1.0,0.3461,0.1687,0.4589,0.0639,0.5657
13,2026-01-10,1.0,0.4488,0.2315,0.487,0.0748,0.6827
14,2026-01-10,1.0,0.3999,0.2294,0.528,0.1533,0.7752
15,2026-01-10,0.2746,0.33,0.1875,0.4233,0.1389,0.8116
16,2026-01-10,0.9934,0.3776,0.2442,0.3333,-0.0434,0.4003
17,2026-01-10,1.0,0.3904,0.1825,0.551,0.2318,0.8863
18,2026-01-10,1.0,0.3323,0.1763,0.3731,0.0566,0.5717
19,2026-01-10,1.0,0.3273,0.1679,0.3405,-0.0021,0.495
20,2026-01-10,0.3453,0.3425,0.2228,0.2096,-0.0725,0.3687
21,2026-01-10,1.0,0.4011,0.2257,0.4662,0.0273,0.5683
22,2026-01-10,1.0,0.6736,0.3669,0.5384,-0.2049,0.3411
23,2026-01-10,0.461,0.4876,0.2716,0.4549,-0.0162,0.4633
24,2026-01-10,1.0,0.3425,0.2237,0.1724,-0.1427,0.317
25,2026-01-10,0.0914,0.7025,0.4244,0.4928,-0.2064,0.1131
1,2026-01-12,0.9997,0.2308,0.1201,0.378,0.2194,0.8073
2,2026-01-12,1.0,0.3909,0.1721,0.5204,0.2278,0.8723
3,2026-01-12,1.0,0.2875,0.1566,0.5439,0.2925,0.8989
4,2026-01-12,1.0,0.2432,0.0684,0.5076,0.4151,0.8574
5,2026-01-12,0.9953,0.0191,-0.0202,0.0031,0.1879,0.6163
6,2026-01-12,0.9959,0.2331,0.1168,0.4481,0.2534,0.8571
7,2026-01-12,1.0,0.306,0.1466,0.5546,0.3333,0.9617
8,2026-01-12,1.0,0.3704,0.1694,0.5214,0.2389,0.9072
9,2026-01-12,1.0,0.4153,0.2341,0.5101,0.1275,0.7534
10,2026-01-12,1.0,0.3281,0.1709,0.4915,0.1837,0.7878
11,2026-01-12,1.0,0.2239,0.1091,0.4865,0.3012,0.9684
12,2026-01-12,1.0,0.2557,0.1014,0.4902,0.2337,0.8106
13,2026-01-12,1.0,0.277,0.0878,0.5051,0.3384,0.9759
14,2026-01-12,1.0,0.3239,0.1654,0.6022,0.3777,0.9858
15,2026-01-12,1.0,0.3446,0.1917,0.527,0.2482,0.9122
16,2026-01-12,1.0,0.3166,0.2028,0.4171,0.131,0.85
17,2026-01-12,1.0,0.2503,0.0478,0.6166,0.4859,0.9902
18,2026-01-12,1.0,0.2935,0.1473,0.4922,0.2631,0.7307
19,2026-01-12,1.0,0.2566,0.1277,0.4401,0.1538,0.7874
20,2026-01-12,1.0,0.3036,0.195,0.339,0.0935,0.6815
21,2026-01-12,1.0,0.3132,0.1676,0.5294,0.2255,0.8811
22,2026-01-12,1.0,0.535,0.3034,0.5011,0.0181,0.521
23,2026-01-12,1.0,0.3736,0.2034,0.4627,0.1093,0.6707
24,2026-01-12,1.0,0.261,0.1659,0.2859,0.0511,0.5629
25,2026-01-12,1.0,0.6118,0.3653,0.4734,-0.0836,0.2998
1,2026-01-20,0.9983,0.2687,0.1465,0.2586,0.0151,0.519
2,2026-01-20,1.0,0.4862,0.2392,0.4605,-0.0411,0.4447
3,2026-01-20,1.0,0.3208,0.1828,0.3751,0.0341,0.5868
4,2026-01-20,1.0,0.3646,0.2021,0.34,-0.0183,0.4684
5,2026-01-20,0.9952,0.0263,-0.009,-0.0294,0.0053,0.5047
6,2026-01-20,1.0,0.2842,0.1697,0.2544,-0.0416,0.4094
7,2026-01-20,0.9999,0.3617,0.1852,0.4142,0.0734,0.6211
8,2026-01-20,1.0,0.4662,0.2329,0.4435,-0.0379,0.4234
9,2026-01-20,1.0,0.4633,0.2692,0.4027,-0.0913,0.3656
10,2026-01-20,1.0,0.393,0.2181,0.3317,-0.0996,0.3199
11,2026-01-20,1.0,0.2531,0.1347,0.318,0.0541,0.6427
12,2026-01-20,1.0,0.3037,0.1485,0.3844,0.0341,0.5496
13,2026-01-20,1.0,0.4298,0.2217,0.3599,-0.0708,0.32
14,2026-01-20,1.0,0.3611,0.1901,0.4322,0.0903,0.6787
15,2026-01-20,1.0,0.3824,0.2095,0.384,-0.0123,0.4734
16,2026-01-20,1.0,0.3719,0.2393,0.2407,-0.1508,0.2187
17,2026-01-20,0.9815,0.3763,0.1884,0.4137,0.0341,0.6009
18,2026-01-20,1.0,0.3205,0.1675,0.3482,0.014,0.5259
19,2026-01-20,1.0,0.3262,0.1678,0.302,-0.0775,0.326
20,2026-01-20,1.0,0.3614,0.2415,0.1491,-0.2388,0.1656
21,2026-01-20,1.0,0.3672,0.1988,0.3378,-0.0186,0.4627
22,2026-01-20,1.0,0.6353,0.3302,0.4864,-0.2793,0.3215
23,2026-01-20,1.0,0.4472,0.2421,0.3734,-0.1346,0.2656
24,2026-01-20,1.0,0.3417,0.2271,0.1265,-0.2206,0.1941
25,2026-01-20,1.0,0.7735,0.4032,0.427,-0.4118,0.1197
1,2026-01-22,0.9814,0.2825,0.1678,0.2788,0.0073,0.5177
2,2026-01-22,1.0,0.482,0.2624,0.4841,0.0509,0.6008
3,2026-01-22,1.0,0.3171,0.1911,0.3907,0.0937,0.7353
4,2026-01-22,1.0,0.35,0.2048,0.377,0.0637,0.6305
5,2026-01-22,0.9134,0.0456,-0.0037,-0.0053,0.0351,0.5399
6,2026-01-22,1.0,0.2787,0.1719,0.2761,0.0159,0.5433
7,2026-01-22,1.0,0.3643,0.2153,0.4393,0.0925,0.7175
8,2026-01-22,0.9994,0.4582,0.2509,0.4862,0.066,0.6595
9,2026-01-22,0.9566,0.4336,0.254,0.4158,-0.0023,0.4949
10,2026-01-22,1.0,0.3617,0.2126,0.3758,0.0017,0.5033
11,2026-01-22,1.0,0.2696,0.1609,0.3295,0.0736,0.7389
12,2026-01-22,1.0,0.3171,0.1657,0.4028,0.0684,0.5945
13,2026-01-22,1.0,0.3964,0.2195,0.4088,0.0414,0.6411
14,2026-01-22,1.0,0.3628,0.2209,0.4333,0.1147,0.7783
15,2026-01-22,0.9998,0.3779,0.2211,0.4154,0.0449,0.61
16,2026-01-22,1.0,0.3517,0.2336,0.2696,-0.0768,0.3213
17,2026-01-22,1.0,0.3672,0.1914,0.4655,0.165,0.9036
18,2026-01-22,1.0,0.3157,0.1738,0.36,0.0737,0.6431
19,2026-01-22,1.0,0.3183,0.1738,0.3315,-0.0056,0.4857
20,2026-01-22,1.0,0.3357,0.2228,0.1759,-0.1397,0.2134
21,2026-01-22,1.0,0.3689,0.2207,0.3747,-0.001,0.4965
22,2026-01-22,0.6234,0.5107,0.2844,0.4905,-0.0374,0.4543
23,2026-01-22,1.0,0.419,0.2402,0.399,-0.0251,0.4424
24,2026-01-22,0.7758,0.3038,0.1875,0.2143,-0.0295,0.4241
25,2026-01-22,0.7905,0.6155,0.3795,0.4,-0.1938,0.1149
1,2026-01-27,0.8492,0.2517,0.1374,0.3581,0.1499,0.7752
2,2026-01-27,0.1069,0.3326,0.1238,0.4827,0.2881,0.9004
3,2026-01-27,1.0,0.2948,0.1414,0.5594,0.3186,0.9108
4,2026-01-27,0.7401,0.2868,0.1071,0.5159,0.3627,0.8546
5,2026-01-27,0.6143,0.0318,-0.0012,-0.0199,-0.0225,0.4782
6,2026-01-27,0.8704,0.2603,0.1342,0.4391,0.2097,0.8296
7,2026-01-27,1.0,0.3434,0.1702,0.5546,0.2755,0.9136
8,2026-01-27,0.3682,0.3547,0.153,0.5248,0.242,0.8671
9,2026-01-27,0.4298,0.5399,0.2709,0.5386,0.0273,0.5741
10,2026-01-27,1.0,0.3535,0.1737,0.4873,0.1366,0.7026
11,2026-01-27,1.0,0.2504,0.127,0.472,0.2557,0.9054
12,2026-01-27,0.1389,0.1581,0.0347,0.248,0.1181,0.5871
13,2026-01-27,0.9565,0.3487,0.1295,0.5097,0.2697,0.9269
14,2026-01-27,1.0,0.3495,0.1741,0.5922,0.3157,0.915
15,2026-01-27,0.2542,0.3289,0.1813,0.498,0.2112,0.892
16,2026-01-27,1.0,0.3421,0.2091,0.401,0.0797,0.6941
17,2026-01-27,0.3344,0.2418,0.0291,0.6547,0.5372,1.0
18,2026-01-27,0.6998,0.3169,0.1521,0.5368,0.2674,0.7918
19,2026-01-27,0.5276,0.2285,0.0884,0.4641,0.2832,0.8953
20,2026-01-27,0.7971,0.3316,0.2023,0.3362,0.0357,0.5885
21,2026-01-27,0.8354,0.4041,0.216,0.5542,0.144,0.8609
22,2026-01-27,0.8565,0.6018,0.307,0.4972,-0.0928,0.4184
23,2026-01-27,0.561,0.3411,0.1598,0.4864,0.1823,0.7817
24,2026-01-27,0.0831,0.2185,0.1017,0.42,0.2243,0.8562
1,2026-01-30,1.0,-0.1743,-0.1784,0.2736,0.5736,0.9726
2,2026-01-30,1.0,0.4331,0.2211,0.4602,0.2169,0.7251
3,2026-01-30,1.0,-0.0668,-0.1299,0.451,0.6305,0.9671
4,2026-01-30,1.0,0.0192,-0.0696,0.3696,0.5479,0.9982
5,2026-01-30,0.8339,0.0123,-0.0234,-0.0422,0.0622,0.5421
6,2026-01-30,0.7487,-0.2574,-0.2191,0.2811,0.6311,0.9709
7,2026-01-30,1.0,0.1959,0.0671,0.4391,0.4796,0.9383
8,2026-01-30,1.0,0.3957,0.1949,0.4474,0.2599,0.8166
9,2026-01-30,0.7254,0.5056,0.2597,0.5086,0.0704,0.5793
10,2026-01-30,1.0,0.1889,0.0653,0.4012,0.3558,0.812
11,2026-01-30,1.0,-0.3056,-0.2461,0.3181,0.6746,0.967
12,2026-01-30,1.0,0.0881,0.0728,0.399,0.3506,0.7428
13,2026-01-30,1.0,0.2604,0.0864,0.3748,0.355,0.8902
14,2026-01-30,0.8677,0.0466,-0.0137,0.4789,0.5949,0.951
15,2026-01-30,1.0,0.2069,0.0724,0.4366,0.4388,0.9239
16,2026-01-30,1.0,-0.0667,-0.091,0.325,0.5356,0.9298
17,2026-01-30,1.0,0.0827,-0.0398,0.412,0.5089,0.9875
18,2026-01-30,1.0,-0.0205,-0.1229,0.4074,0.5471,0.8609
19,2026-01-30,0.1683,-0.2152,-0.2608,0.2153,0.5653,0.8571
20,2026-01-30,0.9987,-0.1595,-0.2043,0.2654,0.5848,0.9544
21,2026-01-30,1.0,0.0992,-0.0056,0.4135,0.4572,0.9942
22,2026-01-30,0.9995,0.6411,0.3359,0.4751,-0.1641,0.3712
23,2026-01-30,0.0284,-0.2569,-0.2619,0.2409,0.5799,1.0
24,2026-01-30,1.0,-0.3934,-0.4968,0.0769,0.5858,0.9875
25,2026-01-30,0.6649,0.6681,0.3372,0.3932,-0.1953,0.2193
1,2026-02-01,1.0,0.1102,-0.009,0.3029,0.3274,0.7956
2,2026-02-01,1.0,0.4066,0.1889,0.4616,0.0921,0.6331
3,2026-02-01,1.0,0.2082,0.0753,0.4761,0.2799,0.8815
4,2026-02-01,1.0,0.2876,0.1352,0.3506,0.1259,0.6674
5,2026-02-01,0.999,0.0157,-0.0285,-0.0085,0.1073,0.5939
6,2026-02-01,0.9995,0.1756,0.0309,0.3218,0.2773,0.7928
7,2026-02-01,0.965,0.2324,0.055,0.4457,0.3263,0.9047
8,2026-02-01,0.9999,0.3829,0.1853,0.4332,0.0751,0.6624
9,2026-02-01,0.9492,0.4045,0.2084,0.4357,0.0269,0.5473
10,2026-02-01,0.9996,0.2835,0.1115,0.395,0.1118,0.6398
11,2026-02-01,1.0,0.0949,-0.0531,0.4842,0.4787,0.9588
12,2026-02-01,1.0,0.182,0.0433,0.3972,0.19,0.7208
13,2026-02-01,1.0,0.3604,0.1747,0.3438,0.0187,0.5482
14,2026-02-01,1.0,0.2049,0.0606,0.4922,0.3918,0.9251
15,2026-02-01,1.0,0.2245,0.0382,0.4636,0.3485,0.8674
16,2026-02-01,1.0,0.1917,0.0328,0.4086,0.3211,0.8447
17,2026-02-01,0.9796,0.3339,0.1689,0.4149,0.1126,0.8709
18,2026-02-01,1.0,0.2742,0.1385,0.3465,0.0819,0.6456
19,2026-02-01,1.0,0.2877,0.1428,0.3018,-0.0124,0.4736
20,2026-02-01,1.0,0.2378,0.0772,0.3192,0.1948,0.6792
21,2026-02-01,1.0,0.239,0.0991,0.4481,0.2143,0.8846
22,2026-02-01,1.0,0.5287,0.2864,0.4605,-0.0813,0.4318
23,2026-02-01,1.0,0.3538,0.1776,0.3932,-0.001,0.4988
24,2026-02-01,1.0,0.2791,0.177,0.1433,-0.1375,0.3164
25,2026-02-01,0.8917,0.6164,0.3388,0.3707,-0.2139,0.1769
1,2026-02-04,0.9989,0.2694,0.1689,0.2265,-0.0681,0.3396
2,2026-02-04,1.0,0.4552,0.2644,0.4087,-0.069,0.3771
3,2026-02-04,1.0,0.305,0.1882,0.3409,0.0252,0.571
4,2026-02-04,1.0,0.3406,0.2126,0.2931,-0.05,0.3827
5,2026-02-04,1.0,0.0243,-0.0092,-0.0252,-0.0146,0.4803
6,2026-02-04,1.0,0.2684,0.1722,0.2225,-0.0645,0.3245
7,2026-02-04,1.0,0.3599,0.2252,0.3578,-0.0308,0.437
8,2026-02-04,0.9965,0.445,0.2582,0.4083,-0.066,0.3509
9,2026-02-04,1.0,0.4411,0.2793,0.3635,-0.1091,0.3206
10,2026-02-04,1.0,0.3686,0.2305,0.3001,-0.1235,0.2535
11,2026-02-04,1.0,0.2564,0.1576,0.2874,0.0161,0.5525
12,2026-02-04,0.9959,0.2984,0.167,0.3392,-0.0136,0.478
13,2026-02-04,1.0,0.4008,0.2366,0.3269,-0.0852,0.2417
14,2026-02-04,1.0,0.3513,0.2166,0.3612,0.0021,0.5048
15,2026-02-04,1.0,0.3558,0.2119,0.3499,-0.0437,0.3767
16,2026-02-04,0.9995,0.3517,0.247,0.212,-0.1751,0.1496
17,2026-02-04,1.0,0.3557,0.1989,0.3932,0.0329,0.6124
18,2026-02-04,1.0,0.2925,0.1677,0.3196,0.0182,0.5322
19,2026-02-04,1.0,0.3235,0.1748,0.3137,-0.0658,0.3391
20,2026-02-04,1.0,0.3377,0.2392,0.1273,-0.2346,0.1237
21,2026-02-04,1.0,0.3509,0.218,0.3003,-0.0929,0.2715
22,2026-02-04,1.0,0.6011,0.3951,0.4288,-0.3335,0.2023
23,2026-02-04,1.0,0.4137,0.2464,0.3446,-0.1246,0.2592
24,2026-02-04,1.0,0.299,0.2132,0.1164,-0.1954,0.1838
25,2026-02-04,0.8928,0.6687,0.421,0.3529,-0.379,0.0488
1,2026-02-09,1.0,0.291,0.1558,0.2952,-0.0102,0.4794
2,2026-02-09,0.9996,0.499,0.2314,0.4924,-0.0175,0.4761
3,2026-02-09,1.0,0.327,0.173,0.4464,0.1212,0.6921
4,2026-02-09,1.0,0.3684,0.1874,0.4071,0.0545,0.5868
5,2026-02-09,0.9998,0.0257,-0.0074,-0.0366,0.0354,0.531
6,2026-02-09,1.0,0.2881,0.1599,0.3175,0.0284,0.5534
7,2026-02-09,0.9975,0.3978,0.2103,0.4856,0.0816,0.6191
8,2026-02-09,1.0,0.4819,0.2199,0.4929,0.0012,0.502
9,2026-02-09,1.0,0.4827,0.2615,0.4492,-0.0801,0.3981
10,2026-02-09,1.0,0.4049,0.2083,0.4088,-0.0535,0.4249
11,2026-02-09,1.0,0.277,0.1467,0.3765,0.1063,0.7212
12,2026-02-09,1.0,0.3313,0.1556,0.4331,0.0348,0.5301
13,2026-02-09,1.0,0.4348,0.2061,0.4247,0.0024,0.505
14,2026-02-09,1.0,0.3821,0.2032,0.5258,0.1334,0.7012
15,2026-02-09,1.0,0.3872,0.2026,0.4411,0.0454,0.5856
16,2026-02-09,1.0,0.3934,0.2292,0.2969,-0.1271,0.2681
17,2026-02-09,1.0,0.3741,0.1611,0.5141,0.1965,0.8483
18,2026-02-09,1.0,0.3173,0.155,0.4138,0.1306,0.632
19,2026-02-09,1.0,0.3346,0.1492,0.3987,-0.018,0.4697
20,2026-02-09,1.0,0.3708,0.2284,0.1932,-0.1906,0.1918
21,2026-02-09,1.0,0.3842,0.2022,0.4259,-0.02,0.4592
22,2026-02-09,1.0,0.7024,0.3448,0.5069,-0.437,0.2617
23,2026-02-09,1.0,0.4479,0.2227,0.4161,-0.0878,0.3797
24,2026-02-09,1.0,0.3308,0.1978,0.2029,-0.1466,0.2999
25,2026-02-09,1.0,0.763,0.3823,0.4173,-0.4531,0.0718
1,2026-02-14,0.9993,0.0051,-0.1079,0.3896,0.5194,0.919
2,2026-02-14,1.0,0.331,0.1262,0.471,0.2804,0.9061
3,2026-02-14,1.0,0.1055,-0.0681,0.5363,0.5809,0.9398
4,2026-02-14,0.9009,0.1353,-0.0226,0.426,0.4754,0.8957
5,2026-02-14,1.0,0.018,-0.0372,-0.0432,0.2482,0.6125
6,2026-02-14,0.9823,-0.0455,-0.1798,0.439,0.608,0.9243
7,2026-02-14,1.0,0.1258,-0.0247,0.4684,0.4805,0.9819
8,2026-02-14,1.0,0.3005,0.117,0.4667,0.309,0.9244
9,2026-02-14,0.9581,0.2615,0.0873,0.4695,0.2411,0.8133
10,2026-02-14,1.0,0.1438,0.0061,0.4164,0.3471,0.8534
11,2026-02-14,1.0,-0.138,-0.2554,0.5013,0.6843,0.9925
12,2026-02-14,0.9268,0.0486,-0.0113,0.3855,0.3542,0.8559
13,2026-02-14,0.9975,0.1788,-0.005,0.4311,0.397,0.9666
14,2026-02-14,1.0,0.0821,-0.0535,0.5219,0.576,0.9765
15,2026-02-14,1.0,0.1585,-0.0074,0.4678,0.4551,0.9365
16,2026-02-14,1.0,0.0359,-0.1036,0.4551,0.5451,0.9886
17,2026-02-14,0.9967,0.1643,-0.0598,0.5635,0.5451,0.9935
18,2026-02-14,1.0,0.1091,-0.0579,0.4667,0.4853,0.7703
19,2026-02-14,1.0,0.1758,0.002,0.4696,0.3464,0.8281
20,2026-02-14,1.0,0.0695,-0.0752,0.375,0.4661,0.9329
21,2026-02-14,1.0,0.1982,0.0432,0.4728,0.3533,0.9499
22,2026-02-14,0.8925,0.5264,0.3198,0.4488,0.0207,0.5199
23,2026-02-14,1.0,0.2723,0.1034,0.4387,0.2033,0.7398
24,2026-02-14,0.86,0.2037,0.116,0.2374,0.0868,0.542
25,2026-02-14,0.7884,0.5866,0.3549,0.4165,-0.1001,0.3099
1,2026-02-16,0.0291,0.1094,0.007,0.3133,0.2645,0.8153
2,2026-02-16,0.1061,0.3506,0.1697,0.3882,0.1637,0.9297
3,2026-02-16,0.9998,-0.0208,-0.0998,0.3204,0.4811,0.9876
4,2026-02-16,0.7689,0.0422,-0.0681,0.3096,0.4134,0.9975
5,2026-02-16,0.7341,0.0103,-0.0256,-0.0162,0.0988,0.5979
6,2026-02-16,0.682,-0.126,-0.1617,0.2304,0.4745,0.9895
7,2026-02-16,0.5901,0.1462,0.0537,0.2763,0.3189,0.9598
8,2026-02-16,0.8096,0.2536,0.095,0.3396,0.2139,0.9391
9,2026-02-16,0.3379,0.3927,0.2071,0.3931,0.038,0.6058
10,2026-02-16,0.4695,0.1411,0.0449,0.2806,0.2284,0.8077
11,2026-02-16,1.0,-0.1642,-0.1734,0.2331,0.5144,0.9862
12,2026-02-16,1.0,0.0594,0.0044,0.2827,0.2683,0.8193
13,2026-02-16,0.3952,0.2001,0.0569,0.3097,0.239,0.9359
14,2026-02-16,0.7639,-0.0084,-0.0515,0.3503,0.5074,0.9931
16,2026-02-16,1.0,-0.0317,-0.0887,0.2138,0.3865,0.9683
17,2026-02-16,0.0437,0.0669,-0.1094,0.3163,0.4085,1.0
18,2026-02-16,1.0,0.0023,-0.0829,0.2949,0.4004,0.8911
19,2026-02-16,0.9442,0.0107,-0.1332,0.2603,0.3686,0.8324
20,2026-02-16,1.0,-0.0557,-0.1162,0.1971,0.3848,0.9692
23,2026-02-16,0.5679,0.2245,0.0862,0.2706,0.1063,0.7075
25,2026-02-16,0.2671,0.303,0.1267,0.1524,-0.0753,0.2709
1,2026-02-19,1.0,0.2725,0.1515,0.2525,-0.0098,0.4775
2,2026-02-19,1.0,0.4543,0.2255,0.4474,0.0207,0.5409
3,2026-02-19,1.0,0.3084,0.1705,0.3653,0.0754,0.6873
4,2026-02-19,1.0,0.3331,0.1832,0.3309,0.0217,0.5475
5,2026-02-19,1.0,0.0319,-0.0063,-0.04,0.0229,0.5231
6,2026-02-19,1.0,0.2715,0.1599,0.2429,-0.0074,0.4799
7,2026-02-19,1.0,0.3551,0.1978,0.4075,0.0617,0.6409
8,2026-02-19,1.0,0.4321,0.2153,0.4467,0.028,0.5667
9,2026-02-19,1.0,0.4246,0.232,0.3933,-0.0347,0.4378
10,2026-02-19,1.0,0.3506,0.1911,0.3397,-0.0399,0.418
11,2026-02-19,1.0,0.2584,0.14,0.3109,0.0641,0.7187
12,2026-02-19,1.0,0.3,0.1445,0.3707,0.0447,0.5617
13,2026-02-19,1.0,0.3819,0.1957,0.3713,0.0022,0.5062
14,2026-02-19,1.0,0.3498,0.1977,0.4134,0.0906,0.7082
15,2026-02-19,1.0,0.3581,0.1939,0.3874,0.0288,0.5682
16,2026-02-19,1.0,0.3449,0.2157,0.2315,-0.1078,0.2793
17,2026-02-19,1.0,0.3505,0.168,0.4327,0.1194,0.8512
18,2026-02-19,1.0,0.3009,0.1516,0.3364,0.0549,0.6011
19,2026-02-19,1.0,0.3061,0.1501,0.3432,-0.0166,0.4581
20,2026-02-19,1.0,0.3308,0.2145,0.1383,-0.1777,0.1833
21,2026-02-19,0.9956,0.354,0.1956,0.3437,-0.0272,0.4291
22,2026-02-19,1.0,0.5753,0.3165,0.4534,-0.1702,0.3079
23,2026-02-19,1.0,0.3997,0.2134,0.3806,-0.0428,0.4121
24,2026-02-19,1.0,0.2797,0.1789,0.1369,-0.1359,0.2635
25,2026-02-19,1.0,0.6501,0.3594,0.3878,-0.278,0.1039
1,2026-02-21,0.9995,0.2608,0.1508,0.2681,0.0163,0.5445
2,2026-02-21,1.0,0.4494,0.2392,0.4713,0.0724,0.6598
3,2026-02-21,1.0,0.2992,0.1737,0.4046,0.1284,0.7751
4,2026-02-21,1.0,0.324,0.189,0.361,0.0714,0.6606
5,2026-02-21,1.0,0.0414,-0.0066,-0.0167,0.061,0.5557
6,2026-02-21,1.0,0.26,0.1558,0.2716,0.0299,0.5787
7,2026-02-21,1.0,0.3425,0.1972,0.4333,0.1029,0.7492
8,2026-02-21,1.0,0.4293,0.2278,0.4716,0.0804,0.7198
9,2026-02-21,1.0,0.4154,0.2407,0.4104,0.0044,0.5108
10,2026-02-21,1.0,0.339,0.194,0.3659,0.0074,0.5164
11,2026-02-21,1.0,0.2492,0.145,0.3404,0.099,0.7806
12,2026-02-21,1.0,0.3048,0.1583,0.3907,0.0677,0.6117
13,2026-02-21,1.0,0.3732,0.2048,0.3939,0.0488,0.6798
14,2026-02-21,1.0,0.3385,0.1974,0.4571,0.1238,0.7961
15,2026-02-21,1.0,0.3498,0.1996,0.4055,0.0557,0.6412
16,2026-02-21,1.0,0.3249,0.2127,0.2622,-0.0633,0.3436
17,2026-02-21,1.0,0.3519,0.179,0.474,0.1904,0.9346
18,2026-02-21,1.0,0.2966,0.1589,0.3918,0.1227,0.6901
19,2026-02-21,1.0,0.2921,0.1496,0.3917,0.0226,0.5487
20,2026-02-21,1.0,0.3074,0.2029,0.165,-0.1295,0.2141
21,2026-02-21,1.0,0.3421,0.2043,0.3618,0.0015,0.5062
22,2026-02-21,1.0,0.5567,0.3346,0.4686,-0.0917,0.3631
23,2026-02-21,1.0,0.3902,0.2156,0.3998,0.0064,0.5159
24,2026-02-21,1.0,0.2696,0.1692,0.2077,-0.0416,0.4155
25,2026-02-21,0.9124,0.5966,0.3624,0.3834,-0.1959,0.0853
1,2026-02-24,1.0,0.2659,0.1565,0.3044,0.0559,0.6316
2,2026-02-24,0.9975,0.4403,0.2258,0.5119,0.1382,0.7349
3,2026-02-24,1.0,0.2949,0.1555,0.4834,0.2415,0.8653
4,2026-02-24,1.0,0.3213,0.182,0.4174,0.1464,0.7684
5,2026-02-24,1.0,0.0343,-0.0067,-0.0417,0.1001,0.5762
6,2026-02-24,1.0,0.2622,0.1525,0.3322,0.0943,0.7181
7,2026-02-24,1.0,0.3451,0.1988,0.488,0.1764,0.8343
8,2026-02-24,1.0,0.421,0.2162,0.5013,0.127,0.7773
9,2026-02-24,1.0,0.4185,0.242,0.4488,0.0556,0.6136
10,2026-02-24,1.0,0.3424,0.1977,0.4141,0.0587,0.6178
11,2026-02-24,1.0,0.2542,0.1411,0.3834,0.1478,0.8431
12,2026-02-24,1.0,0.3038,0.1532,0.4242,0.1107,0.6567
13,2026-02-24,1.0,0.374,0.2023,0.4438,0.1202,0.8225
14,2026-02-24,1.0,0.3379,0.1951,0.5267,0.2108,0.8804
15,2026-02-24,1.0,0.3518,0.2051,0.4436,0.1065,0.7324
16,2026-02-24,1.0,0.3329,0.2162,0.3045,-0.0143,0.4638
17,2026-02-24,1.0,0.3322,0.1508,0.543,0.3044,0.9541
18,2026-02-24,1.0,0.2977,0.1525,0.4412,0.1919,0.7443
19,2026-02-24,1.0,0.2788,0.1304,0.4396,0.1322,0.7916
20,2026-02-24,1.0,0.3164,0.2119,0.2085,-0.0748,0.3188
21,2026-02-24,1.0,0.3462,0.2081,0.4301,0.0582,0.6948
22,2026-02-24,1.0,0.5715,0.3492,0.5024,-0.0599,0.4336
23,2026-02-24,1.0,0.3796,0.2115,0.4413,0.0631,0.636
24,2026-02-24,1.0,0.2712,0.1745,0.2412,0.0132,0.5265
25,2026-02-24,0.9989,0.5991,0.3755,0.4116,-0.1642,0.1307
1,2026-02-26,1.0,0.155,0.0073,0.4135,0.3699,0.8764
2,2026-02-26,1.0,0.3874,0.123,0.4643,0.2107,0.7413
3,2026-02-26,1.0,0.2231,0.0428,0.5955,0.468,0.935
4,2026-02-26,1.0,0.1582,-0.034,0.4398,0.4563,0.9599
5,2026-02-26,1.0,0.0099,-0.0343,-0.0304,0.1777,0.6036
6,2026-02-26,0.9972,0.1375,-0.0247,0.4913,0.4822,0.8846
7,2026-02-26,1.0,0.2684,0.0413,0.5251,0.3955,0.9094
8,2026-02-26,1.0,0.3708,0.1221,0.4578,0.2102,0.7769
9,2026-02-26,1.0,0.3904,0.1885,0.4798,0.1013,0.6235
10,2026-02-26,0.9855,0.298,0.0795,0.4919,0.2262,0.7135
11,2026-02-26,1.0,0.1337,-0.0326,0.5862,0.565,0.9491
12,2026-02-26,1.0,0.198,0.0351,0.4345,0.2257,0.6934
13,2026-02-26,1.0,0.2376,-0.0021,0.4141,0.3104,0.8579
14,2026-02-26,1.0,0.2474,0.0389,0.6154,0.5125,0.9188
15,2026-02-26,1.0,0.2891,0.0711,0.5519,0.3811,0.8575
16,2026-02-26,1.0,0.2963,0.1157,0.4948,0.2967,0.887
17,2026-02-26,1.0,0.1746,-0.0827,0.5234,0.488,0.9737
18,2026-02-26,1.0,0.2303,0.0373,0.5257,0.4135,0.7791
19,2026-02-26,1.0,0.2083,0.0102,0.455,0.323,0.731
20,2026-02-26,1.0,0.2805,0.1073,0.4156,0.2543,0.7928
21,2026-02-26,1.0,0.2763,0.103,0.486,0.244,0.9104
22,2026-02-26,1.0,0.5963,0.2968,0.4509,-0.1619,0.3533
23,2026-02-26,1.0,0.3296,0.1054,0.436,0.132,0.6389
24,2026-02-26,1.0,0.2501,0.0638,0.4566,0.336,0.8452
25,2026-02-26,1.0,0.7024,0.3254,0.4026,-0.2904,0.1692
1,2026-03-01,1.0,-0.0746,-0.1431,0.259,0.448,0.9346
2,2026-03-01,1.0,0.2986,0.1042,0.3986,0.1945,0.7942
3,2026-03-01,1.0,-0.0035,-0.1319,0.3814,0.5181,0.9513
4,2026-03-01,1.0,0.0882,-0.0531,0.3204,0.3915,0.9087
5,2026-03-01,0.9786,0.0,-0.0301,-0.0305,0.1933,0.6166
6,2026-03-01,1.0,-0.1362,-0.1944,0.2589,0.4814,0.9337
7,2026-03-01,1.0,0.1081,-0.0033,0.3277,0.3889,0.9334
8,2026-03-01,1.0,0.2764,0.0944,0.3785,0.2015,0.8179
9,2026-03-01,0.9983,0.2413,0.087,0.379,0.1614,0.7105
10,2026-03-01,1.0,0.1157,0.0066,0.2903,0.2576,0.7743
11,2026-03-01,0.9986,-0.2105,-0.2552,0.2516,0.5723,0.9751
12,2026-03-01,1.0,0.0439,0.0067,0.2946,0.2692,0.7543
13,2026-03-01,1.0,0.178,-0.0106,0.3357,0.2792,0.8896
14,2026-03-01,1.0,0.0556,-0.0148,0.3935,0.4687,0.9335
15,2026-03-01,1.0,0.1234,-0.0063,0.3442,0.3466,0.8777
16,2026-03-01,0.9975,-0.0381,-0.1219,0.24,0.4111,0.9499
17,2026-03-01,1.0,0.1481,-0.0689,0.454,0.4249,0.9788
18,2026-03-01,1.0,0.0076,-0.0968,0.3468,0.4413,0.8159
19,2026-03-01,1.0,0.1306,-0.0468,0.3447,0.2695,0.6885
20,2026-03-01,1.0,-0.0107,-0.1182,0.2236,0.3787,0.9332
21,2026-03-01,1.0,0.1324,0.0028,0.3467,0.3007,0.9401
22,2026-03-01,1.0,0.5068,0.2787,0.4065,-0.0859,0.4121
23,2026-03-01,1.0,0.2391,0.0777,0.3372,0.1345,0.6732
24,2026-03-01,1.0,0.18,0.0482,0.2697,0.2276,0.6175
25,2026-03-01,1.0,0.6289,0.3452,0.3345,-0.2545,0.1659
1,2026-03-16,1.0,0.0319,-0.0781,0.3139,0.4185,0.8148
2,2026-03-16,1.0,0.394,0.1728,0.4335,0.074,0.5923
3,2026-03-16,1.0,0.1525,-0.0133,0.4846,0.4559,0.7804
4,2026-03-16,1.0,0.1812,0.0074,0.365,0.3615,0.7714
5,2026-03-16,1.0,0.006,-0.0287,-0.03,0.1252,0.5643
6,2026-03-16,1.0,0.0192,-0.1097,0.3475,0.4894,0.8277
7,2026-03-16,1.0,0.1635,0.0056,0.4204,0.3915,0.856
8,2026-03-16,1.0,0.3716,0.1672,0.429,0.1031,0.6245
9,2026-03-16,1.0,0.3273,0.1982,0.4368,0.0616,0.561
10,2026-03-16,1.0,0.1975,0.0313,0.3936,0.2193,0.6702
11,2026-03-16,1.0,-0.1288,-0.2755,0.4476,0.6387,0.9501
12,2026-03-16,1.0,0.0955,0.0298,0.3323,0.1811,0.6202
13,2026-03-16,1.0,0.2856,0.0756,0.4329,0.2493,0.8011
14,2026-03-16,1.0,0.0674,-0.0433,0.4802,0.4886,0.8881
15,2026-03-16,1.0,0.1867,0.0147,0.4406,0.3705,0.8118
16,2026-03-16,1.0,0.0657,-0.0933,0.3883,0.442,0.9062
17,2026-03-16,1.0,0.3207,0.141,0.4643,0.1902,0.7511
18,2026-03-16,1.0,0.2222,0.0629,0.3514,0.2006,0.595
19,2026-03-16,1.0,0.2418,0.1023,0.372,0.0166,0.522
20,2026-03-16,1.0,0.1242,-0.0277,0.2977,0.3278,0.8124
21,2026-03-16,1.0,0.2243,0.0718,0.4336,0.2271,0.791
22,2026-03-16,1.0,0.63,0.3904,0.431,-0.318,0.2902
23,2026-03-16,1.0,0.3352,0.1655,0.3882,-0.0035,0.4958
24,2026-03-16,1.0,0.2399,0.1737,0.0539,-0.237,0.3722
25,2026-03-16,1.0,0.7986,0.4805,0.3941,-0.4203,0.16
1,2026-03-28,0.9978,-0.0717,-0.163,0.422,0.544,0.976
2,2026-03-28,1.0,0.4705,0.2329,0.4833,0.1723,0.7234
3,2026-03-28,1.0,0.0077,-0.1489,0.5159,0.5926,0.9808
4,2026-03-28,1.0,0.0468,-0.0901,0.4337,0.529,0.9976
5,2026-03-28,0.8994,-0.0072,-0.0564,0.0409,0.2664,0.7539
6,2026-03-28,1.0,-0.1373,-0.2304,0.4289,0.6259,0.9806
7,2026-03-28,0.6722,0.1526,-0.0069,0.4638,0.4263,0.9688
8,2026-03-28,1.0,0.4012,0.1892,0.4871,0.2557,0.8542
9,2026-03-28,1.0,0.3118,0.0991,0.4772,0.186,0.7653
10,2026-03-28,0.9995,0.1522,0.0067,0.4438,0.3398,0.8574
11,2026-03-28,1.0,-0.1732,-0.2547,0.4448,0.6528,0.9785
12,2026-03-28,1.0,0.0922,0.0012,0.404,0.3056,0.7655
13,2026-03-28,1.0,0.2301,0.0683,0.4324,0.3453,0.932
14,2026-03-28,0.5243,-0.1093,-0.2091,0.5117,0.6562,0.9711
15,2026-03-28,0.9442,0.1933,0.0261,0.4567,0.4027,0.9003
16,2026-03-28,1.0,-0.0219,-0.157,0.4249,0.5443,0.9653
17,2026-03-28,0.9995,0.1329,-0.0421,0.4709,0.502,0.9889
18,2026-03-28,1.0,0.0559,-0.1102,0.465,0.5036,0.8739
19,2026-03-28,1.0,0.0375,-0.1556,0.4286,0.4985,0.8281
20,2026-03-28,1.0,-0.024,-0.1552,0.4065,0.5517,0.9558
21,2026-03-28,1.0,0.177,0.0167,0.4858,0.4001,0.9787
22,2026-03-28,0.5986,0.6973,0.4002,0.4938,-0.189,0.2857
23,2026-03-28,1.0,0.273,0.0864,0.4119,0.2283,0.7707
24,2026-03-28,1.0,-0.0989,-0.286,0.398,0.6095,0.996
25,2026-03-28,1.0,0.6767,0.3617,0.4454,-0.1535,0.2497
1,2026-04-02,1.0,0.2499,0.1436,0.2477,-0.0068,0.4789
2,2026-04-02,0.8307,0.461,0.2599,0.4444,-0.0061,0.483
3,2026-04-02,1.0,0.2774,0.1609,0.3588,0.0897,0.7375
4,2026-04-02,0.9956,0.3179,0.1871,0.3214,0.0145,0.5382
5,2026-04-02,0.9616,0.0277,-0.0173,0.0054,0.0412,0.5726
6,2026-04-02,0.2933,0.1959,0.0806,0.2138,0.0397,0.6369
7,2026-04-02,1.0,0.3307,0.1936,0.3925,0.0572,0.6483
8,2026-04-02,0.7853,0.418,0.235,0.4391,0.0382,0.6181
9,2026-04-02,0.9529,0.4044,0.2378,0.3833,-0.0267,0.4408
10,2026-04-02,0.9952,0.3267,0.1908,0.33,-0.0294,0.4262
11,2026-04-02,1.0,0.2398,0.1411,0.3059,0.0623,0.7242
12,2026-04-02,1.0,0.3032,0.1655,0.3602,0.0214,0.5331
13,2026-04-02,1.0,0.3787,0.217,0.3652,-0.0045,0.4801
14,2026-04-02,1.0,0.3197,0.1883,0.393,0.0805,0.7176
15,2026-04-02,1.0,0.3464,0.1987,0.377,0.0214,0.5598
16,2026-04-02,1.0,0.3064,0.1967,0.2491,-0.0762,0.3013
17,2026-04-02,1.0,0.3543,0.1916,0.4272,0.1073,0.8426
18,2026-04-02,1.0,0.2826,0.1544,0.3526,0.0836,0.653
19,2026-04-02,0.3115,0.3371,0.1765,0.3739,-0.0483,0.3556
20,2026-04-02,0.8553,0.3025,0.1898,0.1676,-0.1335,0.1887
21,2026-04-02,1.0,0.3361,0.1947,0.3295,-0.0293,0.4095
22,2026-04-02,1.0,0.6218,0.3866,0.4489,-0.227,0.2374
23,2026-04-02,0.8844,0.3783,0.2199,0.386,-0.0224,0.4521
24,2026-04-02,1.0,0.2746,0.1665,0.1491,-0.107,0.2857
25,2026-04-02,1.0,0.6662,0.3997,0.3924,-0.2879,0.0729
1,2026-04-07,1.0,0.1921,0.1031,0.2134,0.0168,0.5705
2,2026-04-07,1.0,0.3365,0.1699,0.3785,0.0689,0.7539
3,2026-04-07,1.0,0.2316,0.1181,0.3493,0.1375,0.874
4,2026-04-07,1.0,0.2307,0.1251,0.2932,0.0565,0.7122
5,2026-04-07,0.9775,0.0035,-0.0217,0.0488,0.0734,0.6564
6,2026-04-07,1.0,0.1973,0.1079,0.2223,0.0285,0.6243
7,2026-04-07,1.0,0.265,0.1397,0.3395,0.0881,0.8006
8,2026-04-07,0.9965,0.3146,0.1531,0.3605,0.0571,0.7702
9,2026-04-07,0.9997,0.3171,0.1679,0.34,0.0353,0.6317
10,2026-04-07,1.0,0.2515,0.1307,0.286,0.0129,0.5484
11,2026-04-07,1.0,0.2019,0.1102,0.272,0.0701,0.7831
12,2026-04-07,1.0,0.2286,0.1063,0.3169,0.0718,0.7104
13,2026-04-07,1.0,0.2797,0.1438,0.2908,0.017,0.5976
14,2026-04-07,1.0,0.266,0.1436,0.3812,0.1283,0.9015
15,2026-04-07,1.0,0.264,0.1417,0.3048,0.0365,0.6436
16,2026-04-07,1.0,0.2388,0.1429,0.2131,-0.0379,0.3274
17,2026-04-07,1.0,0.2549,0.1187,0.3653,0.1352,0.956
18,2026-04-07,1.0,0.2268,0.1106,0.334,0.1276,0.7866
19,2026-04-07,1.0,0.2393,0.1009,0.2943,0.0175,0.5567
20,2026-04-07,1.0,0.2263,0.1359,0.1466,-0.081,0.1967
21,2026-04-07,1.0,0.2567,0.1371,0.2963,0.0206,0.6282
22,2026-04-07,0.9977,0.3767,0.1964,0.4026,0.0428,0.63
23,2026-04-07,1.0,0.278,0.1464,0.2943,-0.0021,0.4924
24,2026-04-07,1.0,0.1844,0.1065,0.156,-0.0341,0.3671
25,2026-04-07,1.0,0.4271,0.2408,0.2725,-0.1566,0.0566
1,2026-04-17,0.1612,0.1716,0.0998,0.1162,-0.0705,0.2757
2,2026-04-17,0.897,0.3828,0.1968,0.3801,-0.0092,0.4763
3,2026-04-17,0.9986,0.2606,0.1453,0.3089,0.0385,0.6213
4,2026-04-17,1.0,0.288,0.1634,0.2791,-0.0261,0.4244
5,2026-04-17,0.852,0.008,-0.0143,-0.0107,-0.009,0.481
6,2026-04-17,0.9634,0.2373,0.1405,0.215,-0.0298,0.3997
7,2026-04-17,0.9479,0.3006,0.166,0.3403,0.0267,0.5662
8,2026-04-17,0.8216,0.4011,0.2057,0.3867,-0.0176,0.4522
9,2026-04-17,0.6737,0.4637,0.2448,0.383,-0.089,0.2412
10,2026-04-17,1.0,0.3043,0.1682,0.2801,-0.0667,0.3234
11,2026-04-17,1.0,0.2286,0.1305,0.2691,0.0306,0.634
12,2026-04-17,1.0,0.2693,0.1347,0.316,-0.0106,0.4804
13,2026-04-17,1.0,0.3543,0.1874,0.3096,-0.0567,0.2772
14,2026-04-17,0.9119,0.2852,0.1568,0.3436,0.0646,0.6813
16,2026-04-17,1.0,0.2935,0.1839,0.2075,-0.1121,0.2025
17,2026-04-17,1.0,0.3302,0.1675,0.3807,0.0583,0.7082
18,2026-04-17,1.0,0.2515,0.1324,0.2783,0.0323,0.561
19,2026-04-17,0.8955,0.2806,0.1276,0.2888,-0.0416,0.3876
20,2026-04-17,1.0,0.2777,0.1777,0.1169,-0.1818,0.1159
22,2026-04-17,0.5743,0.556,0.3067,0.4106,-0.2264,0.2701
23,2026-04-17,0.7565,0.3066,0.1603,0.2952,-0.02,0.4372
24,2026-04-17,1.0,0.227,0.1425,0.0841,-0.1769,0.1935
1,2026-04-19,1.0,0.2456,0.1445,0.2153,-0.0371,0.3816
2,2026-04-19,1.0,0.4419,0.243,0.4036,-0.0335,0.4247
3,2026-04-19,1.0,0.2678,0.1551,0.3426,0.089,0.7117
4,2026-04-19,1.0,0.3067,0.1801,0.295,-0.0101,0.4695
5,2026-04-19,1.0,0.0231,-0.0177,-0.0195,0.0126,0.5197
6,2026-04-19,1.0,0.2444,0.1474,0.2218,-0.0218,0.4313
7,2026-04-19,1.0,0.3194,0.1852,0.3596,0.0344,0.5853
8,2026-04-19,1.0,0.4114,0.2206,0.3932,-0.0185,0.4555
9,2026-04-19,1.0,0.3959,0.2297,0.3504,-0.0546,0.384
10,2026-04-19,1.0,0.3161,0.1864,0.2968,-0.0582,0.3486
11,2026-04-19,1.0,0.2335,0.1378,0.2825,0.0423,0.666
12,2026-04-19,1.0,0.288,0.1483,0.3227,-0.0037,0.4947
13,2026-04-19,1.0,0.3634,0.2044,0.3249,-0.0386,0.3487
14,2026-04-19,1.0,0.3121,0.1812,0.3666,0.0578,0.6544
15,2026-04-19,1.0,0.3289,0.1894,0.3399,-0.0074,0.4785
16,2026-04-19,1.0,0.2934,0.1903,0.2127,-0.1068,0.2053
17,2026-04-19,1.0,0.338,0.1823,0.3894,0.07,0.7421
18,2026-04-19,1.0,0.2675,0.1484,0.3254,0.065,0.6301
19,2026-04-19,1.0,0.3033,0.1439,0.3472,-0.0171,0.4569
20,2026-04-19,1.0,0.2867,0.1884,0.1212,-0.1797,0.1218
21,2026-04-19,1.0,0.3263,0.1889,0.2896,-0.0631,0.3163
22,2026-04-19,1.0,0.5851,0.3476,0.4082,-0.2281,0.2425
23,2026-04-19,1.0,0.3613,0.2017,0.3389,-0.052,0.3709
24,2026-04-19,1.0,0.2703,0.1714,0.1212,-0.1463,0.2129
25,2026-04-19,1.0,0.6119,0.3626,0.3253,-0.3025,0.0397
2,2026-04-20,1.0,0.522,0.2725,0.37,-0.2931,0.1903
3,2026-04-20,1.0,0.2697,0.15,0.3542,0.0909,0.6683
4,2026-04-20,0.999,0.3162,0.1785,0.3033,-0.048,0.413
5,2026-04-20,1.0,0.0067,-0.0037,-0.013,-0.0581,0.386
7,2026-04-20,1.0,0.3732,0.2116,0.3584,-0.0732,0.3961
8,2026-04-20,1.0,0.4874,0.2499,0.3636,-0.2303,0.1873
9,2026-04-20,1.0,0.4792,0.2589,0.3498,-0.2093,0.2504
10,2026-04-20,1.0,0.3969,0.2206,0.3021,-0.1914,0.2057
11,2026-04-20,0.254,0.2563,0.1455,0.3118,0.0558,0.6883
12,2026-04-20,1.0,0.3517,0.1737,0.3248,-0.1282,0.3563
13,2026-04-20,1.0,0.3963,0.2021,0.334,-0.106,0.228
14,2026-04-20,1.0,0.3401,0.1977,0.3756,-0.0164,0.4729
17,2026-04-20,1.0,0.3868,0.2019,0.3768,-0.0751,0.3431
18,2026-04-20,1.0,0.2786,0.1477,0.3313,0.0198,0.5336
22,2026-04-20,1.0,0.9788,0.5185,0.3702,-1.0,0.0729
24,2026-04-20,0.3415,0.2574,0.1814,0.0999,-0.2255,0.0767
1,2026-04-27,1.0,0.0762,-0.0305,0.3285,0.3492,0.8044
2,2026-04-27,1.0,0.3452,0.1213,0.4355,0.1667,0.7531
3,2026-04-27,1.0,0.1758,0.0519,0.4971,0.3304,0.8658
4,2026-04-27,0.9851,0.1267,-0.0332,0.3709,0.3928,0.8223
5,2026-04-27,1.0,-0.0105,-0.0339,-0.0172,0.1578,0.6028
6,2026-04-27,1.0,0.0647,-0.0511,0.3946,0.4346,0.8397
7,2026-04-27,1.0,0.1831,0.0071,0.4549,0.367,0.9216
8,2026-04-27,1.0,0.3055,0.1097,0.4206,0.1855,0.8006
9,2026-04-27,1.0,0.3098,0.1544,0.4271,0.0964,0.643
10,2026-04-27,1.0,0.1945,0.0336,0.4229,0.218,0.7274
11,2026-04-27,1.0,0.0275,-0.1108,0.5167,0.5715,0.9583
12,2026-04-27,1.0,0.1385,0.0234,0.3825,0.1987,0.6988
13,2026-04-27,1.0,0.2171,0.0205,0.3992,0.269,0.867
14,2026-04-27,1.0,0.1323,-0.0328,0.525,0.4937,0.928
15,2026-04-27,1.0,0.1937,0.0138,0.4623,0.3628,0.8493
16,2026-04-27,1.0,0.1491,0.0016,0.4568,0.3822,0.9128
17,2026-04-27,1.0,0.2269,0.0272,0.539,0.3924,0.952
18,2026-04-27,1.0,0.2042,0.0689,0.397,0.2689,0.6569
19,2026-04-27,1.0,0.2338,0.0783,0.3665,0.0467,0.5713
20,2026-04-27,1.0,0.1573,0.0211,0.3277,0.2567,0.7889
21,2026-04-27,1.0,0.1996,0.064,0.4324,0.2071,0.8394
22,2026-04-27,1.0,0.5436,0.2764,0.429,-0.1103,0.3916
23,2026-04-27,1.0,0.2871,0.1216,0.381,0.058,0.5698
24,2026-04-27,1.0,0.1998,0.1173,0.1384,-0.078,0.457
25,2026-04-27,1.0,0.6314,0.307,0.37,-0.2226,0.2171
1,2026-04-30,1.0,0.2551,0.1528,0.1891,-0.0921,0.2987
2,2026-04-30,1.0,0.4368,0.2319,0.3573,-0.1265,0.2635
3,2026-04-30,1.0,0.2776,0.1636,0.3101,0.018,0.5462
4,2026-04-30,1.0,0.3253,0.1917,0.2634,-0.0987,0.272
5,2026-04-30,1.0,0.0213,0.0054,-0.0199,-0.0897,0.3508
6,2026-04-30,1.0,0.2668,0.1675,0.1962,-0.1032,0.2213
7,2026-04-30,1.0,0.3408,0.1983,0.3428,-0.041,0.4174
8,2026-04-30,1.0,0.4219,0.2237,0.352,-0.1233,0.2337
9,2026-04-30,1.0,0.4248,0.2361,0.3217,-0.1496,0.2438
10,2026-04-30,1.0,0.349,0.2,0.271,-0.148,0.1945
11,2026-04-30,1.0,0.2388,0.142,0.262,0.0002,0.5016
12,2026-04-30,1.0,0.3294,0.1669,0.2974,-0.1159,0.3123
13,2026-04-30,1.0,0.3916,0.2114,0.2926,-0.1288,0.1271
14,2026-04-30,1.0,0.3221,0.1853,0.344,-0.0026,0.4954
15,2026-04-30,1.0,0.3536,0.201,0.3131,-0.088,0.2684
16,2026-04-30,1.0,0.3261,0.2106,0.1821,-0.1855,0.1224
17,2026-04-30,1.0,0.3548,0.1926,0.3482,-0.0452,0.3632
18,2026-04-30,1.0,0.2748,0.1543,0.2891,-0.0152,0.4661
19,2026-04-30,1.0,0.3183,0.1635,0.3037,-0.1213,0.2663
20,2026-04-30,1.0,0.3157,0.2203,0.0841,-0.2768,0.0786
21,2026-04-30,1.0,0.3465,0.1963,0.274,-0.124,0.2196
22,2026-04-30,1.0,0.6365,0.3527,0.3869,-0.3828,0.214
23,2026-04-30,1.0,0.3948,0.2211,0.304,-0.1633,0.1818
24,2026-04-30,1.0,0.29,0.2029,0.0547,-0.2551,0.1281
25,2026-04-30,1.0,0.7181,0.4028,0.3239,-0.5106,0.0539
1,2026-05-02,1.0,0.2274,0.1321,0.1981,-0.0536,0.3328
2,2026-05-02,1.0,0.3988,0.2185,0.3612,-0.0423,0.3918
3,2026-05-02,1.0,0.2543,0.1454,0.31,0.0573,0.662
4,2026-05-02,1.0,0.2826,0.1679,0.2658,-0.0313,0.4025
5,2026-05-02,1.0,0.0132,-0.0211,-0.0089,0.0032,0.5072
6,2026-05-02,1.0,0.2268,0.1369,0.2022,-0.038,0.3684
7,2026-05-02,1.0,0.302,0.1718,0.3267,0.0077,0.5216
8,2026-05-02,1.0,0.3791,0.2052,0.352,-0.0317,0.4031
9,2026-05-02,1.0,0.3668,0.2094,0.3234,-0.0637,0.3399
10,2026-05-02,1.0,0.3007,0.1733,0.2688,-0.0765,0.2878
11,2026-05-02,1.0,0.2217,0.1282,0.2565,0.0247,0.5976
12,2026-05-02,1.0,0.2825,0.1429,0.3076,-0.0163,0.4684
13,2026-05-02,1.0,0.3464,0.1926,0.2843,-0.0682,0.2105
14,2026-05-02,1.0,0.2927,0.1679,0.3374,0.0386,0.6165
15,2026-05-02,1.0,0.3055,0.1717,0.3114,-0.0174,0.4469
16,2026-05-02,1.0,0.2791,0.1784,0.1894,-0.1263,0.1518
17,2026-05-02,1.0,0.316,0.1717,0.3517,0.0406,0.6721
18,2026-05-02,1.0,0.2461,0.1355,0.3002,0.0509,0.6107
19,2026-05-02,1.0,0.2935,0.1402,0.2981,-0.0674,0.3453
20,2026-05-02,1.0,0.2633,0.1748,0.1035,-0.1859,0.0884
21,2026-05-02,1.0,0.3025,0.1752,0.2743,-0.0657,0.2813
22,2026-05-02,1.0,0.5268,0.3136,0.3757,-0.2146,0.2266
23,2026-05-02,1.0,0.3352,0.1868,0.2923,-0.0767,0.2886
24,2026-05-02,1.0,0.2514,0.1678,0.0908,-0.1768,0.1622
25,2026-05-02,1.0,0.5709,0.3361,0.287,-0.3183,0.0299
1,2026-05-07,1.0,0.2328,0.1291,0.2134,-0.0458,0.3516
2,2026-05-07,1.0,0.4089,0.2041,0.3749,-0.0274,0.4336
3,2026-05-07,1.0,0.2621,0.1344,0.343,0.0904,0.7121
4,2026-05-07,1.0,0.289,0.1565,0.2988,-0.0034,0.4881
5,2026-05-07,0.9522,0.0152,-0.0133,-0.017,-0.003,0.4949
6,2026-05-07,1.0,0.2309,0.1299,0.222,-0.0182,0.4405
7,2026-05-07,1.0,0.3033,0.1602,0.3433,0.0299,0.5909
8,2026-05-07,1.0,0.3889,0.1876,0.3657,-0.0186,0.4415
9,2026-05-07,1.0,0.3675,0.1946,0.3365,-0.0557,0.3711
10,2026-05-07,1.0,0.2981,0.163,0.2899,-0.056,0.3535
11,2026-05-07,1.0,0.2289,0.1243,0.2804,0.0405,0.6468
12,2026-05-07,1.0,0.283,0.1309,0.3146,-0.011,0.4777
13,2026-05-07,1.0,0.3458,0.1754,0.3074,-0.04,0.3344
14,2026-05-07,1.0,0.2955,0.158,0.371,0.0646,0.6948
15,2026-05-07,1.0,0.3122,0.1627,0.3192,-0.0093,0.4655
16,2026-05-07,1.0,0.2811,0.1713,0.2097,-0.1054,0.1896
17,2026-05-07,1.0,0.3189,0.1546,0.3793,0.0784,0.7834
18,2026-05-07,1.0,0.2525,0.1281,0.3227,0.0696,0.6392
19,2026-05-07,1.0,0.3009,0.1259,0.3322,-0.0335,0.4157
20,2026-05-07,1.0,0.2605,0.165,0.1205,-0.1628,0.1178
21,2026-05-07,1.0,0.3108,0.169,0.3116,-0.0489,0.3332
22,2026-05-07,1.0,0.5229,0.2822,0.3921,-0.1875,0.2593
23,2026-05-07,1.0,0.3372,0.1704,0.312,-0.0558,0.3562
24,2026-05-07,1.0,0.2544,0.1623,0.1323,-0.1307,0.1901
25,2026-05-07,1.0,0.5546,0.301,0.289,-0.2908,0.0305
1,2026-05-09,1.0,0.238,0.1318,0.2489,-0.0058,0.4817
2,2026-05-09,0.9985,0.4134,0.2112,0.4068,0.0072,0.5138
3,2026-05-09,1.0,0.2632,0.1348,0.396,0.1577,0.7998
4,2026-05-09,1.0,0.2883,0.1605,0.3345,0.0437,0.6119
5,2026-05-09,0.9134,0.0136,-0.0191,-0.0082,0.0092,0.5146
6,2026-05-09,1.0,0.2361,0.131,0.2733,0.0351,0.5984
7,2026-05-09,0.99,0.3135,0.1703,0.4035,0.0969,0.7277
8,2026-05-09,1.0,0.3912,0.1944,0.4002,0.0177,0.5489
9,2026-05-09,0.9944,0.386,0.2066,0.3772,-0.0142,0.4708
10,2026-05-09,1.0,0.3113,0.1712,0.3368,-0.0125,0.4668
11,2026-05-09,1.0,0.227,0.1264,0.323,0.0958,0.7622
12,2026-05-09,1.0,0.2942,0.1449,0.354,0.0218,0.5375
13,2026-05-09,1.0,0.3555,0.186,0.3369,-0.0038,0.4805
14,2026-05-09,0.9914,0.298,0.1644,0.4359,0.1385,0.8047
15,2026-05-09,1.0,0.3148,0.1725,0.3475,0.0293,0.5807
16,2026-05-09,1.0,0.2908,0.1774,0.2561,-0.0626,0.3069
17,2026-05-09,1.0,0.324,0.1583,0.4258,0.1406,0.8656
18,2026-05-09,1.0,0.2625,0.1366,0.3676,0.12,0.6868
19,2026-05-09,1.0,0.3097,0.1296,0.3591,-0.0045,0.4917
20,2026-05-09,1.0,0.272,0.1731,0.1594,-0.123,0.1702
21,2026-05-09,1.0,0.3178,0.175,0.3512,-0.0018,0.4916
22,2026-05-09,1.0,0.5497,0.3051,0.4312,-0.1732,0.3201
23,2026-05-09,1.0,0.3542,0.1845,0.3483,-0.0271,0.4297
24,2026-05-09,1.0,0.2504,0.1558,0.1538,-0.1016,0.2573
25,2026-05-09,1.0,0.5831,0.3291,0.3278,-0.2877,0.0522
1,2026-05-10,0.9558,0.2434,0.1272,0.2586,0.0261,0.5741
2,2026-05-10,0.2459,0.3461,0.1573,0.3902,0.0717,0.6808
3,2026-05-10,1.0,0.2616,0.1214,0.4121,0.1777,0.824
4,2026-05-10,0.1845,0.2885,0.1437,0.3671,0.1187,0.8487
5,2026-05-10,0.1883,0.0212,-0.0187,0.0081,0.0279,0.5325
7,2026-05-10,0.984,0.3022,0.1524,0.4221,0.1369,0.8008
8,2026-05-10,0.0196,0.4041,0.139,0.4124,0.0972,0.7975
9,2026-05-10,0.8688,0.3481,0.174,0.3635,0.0272,0.5595
10,2026-05-10,0.9603,0.2921,0.1471,0.3481,0.0305,0.56
11,2026-05-10,1.0,0.2343,0.1219,0.3441,0.1179,0.8252
12,2026-05-10,0.9866,0.2823,0.129,0.3631,0.0433,0.5758
13,2026-05-10,0.9666,0.3134,0.1494,0.3478,0.0573,0.703
14,2026-05-10,0.9654,0.2915,0.146,0.4571,0.1759,0.8535
15,2026-05-10,0.9863,0.3134,0.1668,0.3546,0.0481,0.6223
16,2026-05-10,1.0,0.2918,0.1704,0.2685,-0.0265,0.429
17,2026-05-10,0.9889,0.2714,0.1126,0.4348,0.2127,0.9295
18,2026-05-10,0.4095,0.2178,0.0884,0.2638,0.159,0.7238
20,2026-05-10,0.9588,0.2665,0.1586,0.1742,-0.0689,0.3028
21,2026-05-10,0.8718,0.2928,0.1615,0.3505,0.0433,0.6595
22,2026-05-10,0.0687,0.0416,-0.0657,0.2598,0.2584,0.932
23,2026-05-10,0.3626,0.2593,0.1281,0.3118,0.0278,0.5716
25,2026-05-10,0.9918,0.5471,0.3073,0.3484,-0.2216,0.0943
1,2026-05-12,1.0,0.2238,0.1167,0.3074,0.112,0.6568
2,2026-05-12,1.0,0.3881,0.166,0.459,0.1245,0.714
3,2026-05-12,1.0,0.262,0.1384,0.3772,0.1117,0.7654
4,2026-05-12,0.7464,0.2478,0.0895,0.4384,0.29,0.7028
5,2026-05-12,0.962,0.0292,-0.0222,-0.0274,0.1179,0.5748
6,2026-05-12,1.0,0.2254,0.1213,0.3326,0.1141,0.7141
7,2026-05-12,1.0,0.2812,0.1253,0.4772,0.251,0.8903
8,2026-05-12,1.0,0.3519,0.158,0.4399,0.1407,0.7613
9,2026-05-12,1.0,0.3697,0.1931,0.4026,0.06,0.616
10,2026-05-12,1.0,0.2931,0.1507,0.3904,0.0874,0.6426
11,2026-05-12,1.0,0.219,0.1094,0.3916,0.1793,0.9097
12,2026-05-12,1.0,0.2625,0.1074,0.4204,0.1562,0.7333
13,2026-05-12,0.9757,0.3071,0.1255,0.4216,0.1823,0.8659
14,2026-05-12,0.9743,0.2816,0.1311,0.5106,0.2868,0.9413
15,2026-05-12,1.0,0.3125,0.1649,0.4255,0.1469,0.7738
16,2026-05-12,1.0,0.2801,0.1652,0.3287,0.0495,0.6384
17,2026-05-12,0.9666,0.3062,0.1427,0.4693,0.2309,0.9138
18,2026-05-12,1.0,0.2666,0.1429,0.271,0.0218,0.5452
19,2026-05-12,1.0,0.2844,0.1221,0.2972,0.0003,0.5006
20,2026-05-12,1.0,0.2637,0.1616,0.219,-0.0237,0.4537
21,2026-05-12,1.0,0.2991,0.1461,0.4424,0.1228,0.7671
22,2026-05-12,1.0,0.5216,0.2732,0.4308,-0.0303,0.4678
23,2026-05-12,1.0,0.3413,0.1763,0.3133,-0.0302,0.4253
24,2026-05-12,1.0,0.2267,0.1387,0.0729,-0.1773,0.3045
25,2026-05-12,1.0,0.5604,0.3036,0.4047,-0.129,0.2437
1,2026-05-15,0.9791,0.232,0.1217,0.1683,-0.0163,0.4628
2,2026-05-15,0.9033,0.393,0.201,0.3525,-0.0175,0.4594
3,2026-05-15,1.0,0.2756,0.1476,0.3169,0.0658,0.6755
4,2026-05-15,0.9973,0.2997,0.1641,0.2545,-0.0278,0.4276
5,2026-05-15,0.9073,0.0286,-0.0102,0.0014,-0.0195,0.4592
6,2026-05-15,1.0,0.2524,0.1444,0.1934,-0.0461,0.3531
7,2026-05-15,0.9976,0.3081,0.1565,0.3381,0.0604,0.6462
8,2026-05-15,0.9189,0.3578,0.1813,0.337,-0.0135,0.4627
9,2026-05-15,0.8201,0.3666,0.1945,0.3267,-0.0267,0.4465
10,2026-05-15,0.9152,0.309,0.1646,0.2671,-0.0524,0.3766
11,2026-05-15,1.0,0.2337,0.1228,0.2577,0.0364,0.6518
12,2026-05-15,0.9592,0.2839,0.1263,0.289,0.0167,0.533
13,2026-05-15,1.0,0.3519,0.18,0.2741,-0.0556,0.2858
14,2026-05-15,1.0,0.3031,0.1598,0.3416,0.0722,0.6686
15,2026-05-15,0.9764,0.3131,0.173,0.2895,-0.0109,0.4629
16,2026-05-15,1.0,0.2979,0.1779,0.1798,-0.1142,0.24
17,2026-05-15,1.0,0.3137,0.1607,0.3366,0.0494,0.7003
18,2026-05-15,1.0,0.2739,0.1439,0.2939,0.0355,0.5914
19,2026-05-15,1.0,0.2847,0.1228,0.283,-0.0442,0.3803
20,2026-05-15,1.0,0.2918,0.1858,0.091,-0.2049,0.13
21,2026-05-15,0.7365,0.2509,0.1458,0.2069,-0.0256,0.4319
22,2026-05-15,0.8084,0.5217,0.303,0.3892,-0.0557,0.4347
23,2026-05-15,1.0,0.3479,0.1848,0.2898,-0.0749,0.2954
24,2026-05-15,1.0,0.2504,0.1543,0.0791,-0.1638,0.1975
25,2026-05-15,1.0,0.5174,0.2797,0.2925,-0.2175,0.1306
1,2026-05-17,1.0,0.2425,0.1291,0.1947,-0.0696,0.3021
2,2026-05-17,1.0,0.4217,0.2075,0.3411,-0.0972,0.2971
3,2026-05-17,1.0,0.266,0.1356,0.3107,0.0563,0.6487
4,2026-05-17,1.0,0.2996,0.1605,0.2598,-0.0621,0.3193
5,2026-05-17,1.0,0.0088,-0.0164,-0.0027,-0.0087,0.4778
6,2026-05-17,1.0,0.2424,0.1309,0.1999,-0.0488,0.3363
7,2026-05-17,1.0,0.3218,0.1638,0.3203,-0.0129,0.472
8,2026-05-17,1.0,0.4074,0.194,0.3342,-0.0795,0.2809
9,2026-05-17,1.0,0.3811,0.196,0.3173,-0.083,0.2995
10,2026-05-17,1.0,0.3175,0.1649,0.2643,-0.099,0.2533
11,2026-05-17,1.0,0.2309,0.12,0.2571,0.0236,0.5856
12,2026-05-17,1.0,0.3012,0.1389,0.3049,-0.0355,0.4302
13,2026-05-17,1.0,0.3605,0.1807,0.2699,-0.1066,0.1265
14,2026-05-17,1.0,0.3003,0.156,0.3347,0.0321,0.5862
15,2026-05-17,1.0,0.3158,0.1555,0.3012,-0.0277,0.4173
16,2026-05-17,1.0,0.2965,0.1751,0.1837,-0.1522,0.1209
17,2026-05-17,1.0,0.3388,0.1626,0.3416,0.0045,0.5144
18,2026-05-17,1.0,0.2536,0.1238,0.3063,0.0465,0.6016
19,2026-05-17,1.0,0.3182,0.1341,0.2958,-0.084,0.3403
20,2026-05-17,1.0,0.2816,0.1749,0.0984,-0.2105,0.0606
21,2026-05-17,1.0,0.3095,0.1596,0.2796,-0.0694,0.2817
22,2026-05-17,1.0,0.5681,0.3025,0.3566,-0.3324,0.1687
23,2026-05-17,1.0,0.3472,0.1744,0.2838,-0.0963,0.2695
24,2026-05-17,1.0,0.2809,0.1769,0.0895,-0.2144,0.1235
25,2026-05-17,1.0,0.5758,0.304,0.2595,-0.3721,0.0256
1,2026-05-20,0.9999,0.1961,0.0992,0.1615,-0.0518,0.2862
2,2026-05-20,1.0,0.3041,0.1443,0.2855,-0.054,0.3501
3,2026-05-20,1.0,0.2212,0.11,0.2697,0.0505,0.6748
4,2026-05-20,0.8697,0.2294,0.1198,0.2068,-0.0482,0.3238
5,2026-05-20,1.0,0.0105,-0.0176,0.0442,0.0269,0.6078
6,2026-05-20,1.0,0.1958,0.1049,0.1642,-0.0532,0.2584
7,2026-05-20,0.9963,0.2551,0.1341,0.254,-0.0195,0.432
8,2026-05-20,1.0,0.3007,0.1446,0.265,-0.0808,0.2161
9,2026-05-20,1.0,0.293,0.1499,0.2596,-0.0615,0.292
10,2026-05-20,1.0,0.2464,0.1254,0.2079,-0.0869,0.2018
11,2026-05-20,1.0,0.1999,0.1034,0.2122,-0.0087,0.453
12,2026-05-20,0.9985,0.2388,0.0996,0.2599,0.0071,0.5191
13,2026-05-20,1.0,0.2409,0.1193,0.1916,-0.0729,0.1013
14,2026-05-20,1.0,0.2588,0.1377,0.2966,0.0186,0.5716
15,2026-05-20,0.9933,0.2359,0.1202,0.2358,-0.013,0.4221
16,2026-05-20,1.0,0.2384,0.1397,0.1496,-0.1345,0.0634
17,2026-05-20,1.0,0.2529,0.1188,0.2817,0.0101,0.5559
18,2026-05-20,1.0,0.2125,0.0989,0.2679,0.0581,0.6713
19,2026-05-20,1.0,0.218,0.0902,0.214,-0.0567,0.3159
20,2026-05-20,1.0,0.225,0.1358,0.092,-0.172,0.0848
21,2026-05-20,1.0,0.2448,0.1256,0.2408,-0.0425,0.3146
22,2026-05-20,1.0,0.3643,0.1893,0.3008,-0.1725,0.2196
23,2026-05-20,1.0,0.2515,0.1289,0.2108,-0.0858,0.2028
24,2026-05-20,1.0,0.1974,0.1133,0.1018,-0.1227,0.0968
25,2026-05-20,1.0,0.3909,0.2178,0.1886,-0.2624,0.0435
1,2026-05-22,1.0,0.2375,0.1309,0.2002,-0.0756,0.2637
2,2026-05-22,1.0,0.3599,0.1851,0.3316,-0.0733,0.3474
3,2026-05-22,1.0,0.2394,0.1223,0.3306,0.1012,0.7295
4,2026-05-22,1.0,0.2503,0.1353,0.2755,-0.0032,0.4908
5,2026-05-22,1.0,0.0152,-0.0195,0.0371,0.0084,0.5214
6,2026-05-22,1.0,0.2278,0.1287,0.2149,-0.043,0.3586
7,2026-05-22,1.0,0.2763,0.1531,0.321,0.0275,0.5751
8,2026-05-22,1.0,0.3371,0.1732,0.316,-0.0808,0.2926
9,2026-05-22,1.0,0.3623,0.1999,0.3088,-0.1098,0.2801
10,2026-05-22,1.0,0.2873,0.158,0.264,-0.0993,0.2514
11,2026-05-22,1.0,0.218,0.1187,0.2662,0.035,0.6267
12,2026-05-22,1.0,0.2877,0.1362,0.2994,-0.0528,0.4122
13,2026-05-22,1.0,0.3086,0.1624,0.2658,-0.0715,0.2126
14,2026-05-22,1.0,0.2792,0.156,0.3633,0.07,0.7008
15,2026-05-22,1.0,0.3159,0.1748,0.2864,-0.0864,0.2414
16,2026-05-22,1.0,0.2863,0.1776,0.196,-0.1379,0.1472
17,2026-05-22,1.0,0.2697,0.1291,0.3383,0.0629,0.7253
18,2026-05-22,1.0,0.2424,0.12,0.317,0.0618,0.6201
19,2026-05-22,1.0,0.2472,0.1119,0.2726,-0.0427,0.3943
20,2026-05-22,1.0,0.2578,0.1635,0.1255,-0.1737,0.1116
21,2026-05-22,1.0,0.3119,0.1788,0.2846,-0.1329,0.2121
22,2026-05-22,0.9991,0.4732,0.2493,0.3599,-0.2204,0.2643
23,2026-05-22,1.0,0.3046,0.1676,0.2685,-0.0903,0.2817
24,2026-05-22,1.0,0.2186,0.13,0.1451,-0.0898,0.2311
25,2026-05-22,1.0,0.522,0.3182,0.2328,-0.4126,0.0185
1,2026-05-27,0.9994,0.2315,0.1151,0.201,-0.0288,0.4386
2,2026-05-27,0.5722,0.3615,0.1522,0.3479,0.0424,0.592
3,2026-05-27,0.9975,0.2635,0.1321,0.2835,0.0332,0.6114
4,2026-05-27,0.9993,0.2876,0.141,0.2532,-0.0294,0.4205
5,2026-05-27,0.7625,0.0044,-0.0197,-0.0084,-0.0003,0.4985
6,2026-05-27,0.9371,0.2435,0.1276,0.1965,-0.0325,0.3821
7,2026-05-27,0.9959,0.2981,0.1336,0.312,0.0487,0.6306
8,2026-05-27,0.9948,0.3813,0.1595,0.3331,-0.0178,0.4455
9,2026-05-27,0.9225,0.3968,0.1873,0.3139,-0.0528,0.3543
10,2026-05-27,0.9922,0.3083,0.1435,0.2452,-0.0666,0.3188
11,2026-05-27,0.9995,0.2245,0.1078,0.2454,0.0402,0.6493
12,2026-05-27,0.8882,0.3243,0.1297,0.3029,-0.0178,0.4598
13,2026-05-27,1.0,0.3554,0.1545,0.2578,-0.0634,0.2641
14,2026-05-27,0.9981,0.2928,0.1384,0.3131,0.0659,0.6653
15,2026-05-27,0.9454,0.3167,0.1465,0.2888,0.0034,0.5092
16,2026-05-27,0.998,0.2934,0.1643,0.1748,-0.1251,0.1772
17,2026-05-27,1.0,0.3214,0.1439,0.3256,0.0318,0.6251
18,2026-05-27,0.8844,0.2642,0.1267,0.2856,0.0163,0.5392
19,2026-05-27,1.0,0.2964,0.1186,0.2536,-0.0909,0.2993
20,2026-05-27,0.9928,0.2695,0.1576,0.0966,-0.1777,0.0841
21,2026-05-27,0.6877,0.2299,0.1236,0.2032,-0.0238,0.4239
22,2026-05-27,0.1804,0.2634,0.0213,0.314,0.2558,0.842
23,2026-05-27,1.0,0.3491,0.1639,0.2659,-0.0935,0.2651
24,2026-05-27,1.0,0.2547,0.146,0.0736,-0.2004,0.1628
25,2026-05-27,1.0,0.5798,0.2765,0.279,-0.2927,0.0789
1,2026-06-01,1.0,0.2372,0.1247,0.1862,-0.0609,0.2974
2,2026-06-01,1.0,0.4023,0.2076,0.3412,-0.0478,0.3675
3,2026-06-01,1.0,0.2643,0.1382,0.2973,0.0539,0.6601
4,2026-06-01,1.0,0.2902,0.1571,0.2478,-0.0414,0.3589
5,2026-06-01,1.0,0.0273,-0.0173,-0.0117,-0.0133,0.4751
6,2026-06-01,1.0,0.2361,0.1276,0.1866,-0.0429,0.3435
7,2026-06-01,1.0,0.3063,0.1596,0.3063,0.0,0.4999
8,2026-06-01,1.0,0.3849,0.1968,0.3256,-0.0439,0.3485
9,2026-06-01,1.0,0.3677,0.1924,0.2986,-0.0667,0.3326
10,2026-06-01,1.0,0.2979,0.1575,0.2489,-0.0799,0.2733
11,2026-06-01,1.0,0.227,0.1184,0.2465,0.0234,0.5955
12,2026-06-01,0.981,0.2989,0.1351,0.2857,-0.0292,0.4447
13,2026-06-01,1.0,0.3422,0.1724,0.2656,-0.0657,0.1999
14,2026-06-01,1.0,0.2935,0.1565,0.3175,0.0276,0.5877
15,2026-06-01,1.0,0.3079,0.1588,0.2871,-0.025,0.407
16,2026-06-01,1.0,0.2802,0.1647,0.1708,-0.1277,0.1313
17,2026-06-01,1.0,0.3204,0.1641,0.327,0.0246,0.627
18,2026-06-01,1.0,0.2599,0.128,0.295,0.0493,0.6196
19,2026-06-01,1.0,0.2935,0.1253,0.29,-0.0568,0.3646
20,2026-06-01,1.0,0.2648,0.1595,0.0904,-0.1852,0.0884
21,2026-06-01,1.0,0.3017,0.1588,0.2579,-0.0685,0.2733
22,2026-06-01,1.0,0.5114,0.2921,0.3497,-0.1949,0.229
23,2026-06-01,1.0,0.3381,0.1708,0.2823,-0.0642,0.3106
24,2026-06-01,1.0,0.2488,0.1513,0.1051,-0.143,0.1713
25,2026-06-01,1.0,0.529,0.293,0.2525,-0.2801,0.031
1,2026-06-06,1.0,0.2579,0.1267,0.2366,-0.0136,0.458
2,2026-06-06,1.0,0.4313,0.1931,0.3841,-0.008,0.4842
3,2026-06-06,1.0,0.2783,0.1255,0.3793,0.1513,0.7934
4,2026-06-06,1.0,0.3047,0.1499,0.3176,0.032,0.5861
5,2026-06-06,0.8875,0.0248,-0.0095,-0.0194,-0.0012,0.4978
6,2026-06-06,1.0,0.2514,0.1245,0.2573,0.029,0.5841
7,2026-06-06,1.0,0.3253,0.154,0.3832,0.083,0.7112
8,2026-06-06,1.0,0.4116,0.1783,0.3771,0.0012,0.5031
9,2026-06-06,0.9996,0.3897,0.1803,0.353,-0.0191,0.4567
10,2026-06-06,1.0,0.3126,0.1469,0.3175,-0.012,0.4711
11,2026-06-06,1.0,0.2401,0.1165,0.3124,0.0934,0.7549
12,2026-06-06,1.0,0.314,0.1273,0.3327,0.0183,0.528
13,2026-06-06,1.0,0.3576,0.1608,0.3237,-0.0003,0.498
14,2026-06-06,1.0,0.3109,0.1498,0.4064,0.1166,0.7805
15,2026-06-06,1.0,0.3297,0.1555,0.3303,0.0246,0.5697
16,2026-06-06,1.0,0.2981,0.1662,0.2398,-0.063,0.3198
17,2026-06-06,1.0,0.3329,0.1399,0.4084,0.1308,0.8578
18,2026-06-06,1.0,0.2739,0.1197,0.3532,0.1231,0.6892
19,2026-06-06,1.0,0.2938,0.1085,0.3669,0.027,0.5594
20,2026-06-06,1.0,0.2793,0.1588,0.1466,-0.1178,0.1915
21,2026-06-06,1.0,0.3198,0.1599,0.3313,-0.0144,0.4556
22,2026-06-06,1.0,0.5458,0.274,0.3861,-0.1864,0.2715
23,2026-06-06,1.0,0.3577,0.1645,0.3375,-0.0124,0.4728
24,2026-06-06,1.0,0.266,0.1593,0.1671,-0.0828,0.3073
25,2026-06-06,1.0,0.5504,0.2805,0.2969,-0.2474,0.0484
1,2026-06-09,0.8148,0.254,0.1277,0.2463,-0.024,0.4298
2,2026-06-09,1.0,0.3969,0.1759,0.3622,-0.0313,0.4325
3,2026-06-09,1.0,0.2642,0.1273,0.3521,0.1067,0.744
4,2026-06-09,0.702,0.2893,0.1381,0.3376,0.0511,0.6305
5,2026-06-09,0.9987,0.029,-0.0038,-0.0084,-0.0188,0.473
6,2026-06-09,0.9652,0.2434,0.1275,0.2438,-0.0006,0.4978
7,2026-06-09,1.0,0.3054,0.1485,0.3694,0.0682,0.6756
8,2026-06-09,0.9635,0.3687,0.1618,0.3488,-0.0224,0.4398
9,2026-06-09,1.0,0.3708,0.1788,0.3273,-0.0587,0.3843
10,2026-06-09,1.0,0.2895,0.1424,0.293,-0.0357,0.4197
11,2026-06-09,1.0,0.2263,0.1112,0.2992,0.072,0.7322
12,2026-06-09,1.0,0.302,0.125,0.316,-0.018,0.4735
13,2026-06-09,1.0,0.3289,0.1521,0.2978,-0.0156,0.4355
14,2026-06-09,1.0,0.293,0.1428,0.4052,0.1132,0.7673
15,2026-06-09,1.0,0.3172,0.1581,0.316,-0.0041,0.4874
16,2026-06-09,1.0,0.2827,0.1602,0.2229,-0.0776,0.2886
17,2026-06-09,1.0,0.3054,0.1283,0.368,0.0938,0.7972
18,2026-06-09,1.0,0.2639,0.1203,0.3326,0.0823,0.624
19,2026-06-09,1.0,0.257,0.1022,0.3056,-0.0129,0.4647
20,2026-06-09,1.0,0.2626,0.1575,0.1319,-0.1311,0.1853
21,2026-06-09,1.0,0.3109,0.1616,0.3202,-0.0456,0.3718
22,2026-06-09,1.0,0.5287,0.2648,0.3454,-0.2527,0.2617
23,2026-06-09,1.0,0.3331,0.1627,0.3005,-0.0515,0.3655
24,2026-06-09,0.8486,0.224,0.1403,0.1013,-0.1434,0.2394
25,2026-06-09,1.0,0.5199,0.2772,0.2852,-0.2689,0.0413
1,2026-06-11,1.0,0.2169,0.1056,0.2382,0.0249,0.5469
2,2026-06-11,1.0,0.3663,0.1605,0.3606,0.037,0.5735
3,2026-06-11,1.0,0.26,0.1355,0.2994,0.0567,0.7001
4,2026-06-11,0.9962,0.2488,0.1011,0.3235,0.1323,0.6545
5,2026-06-11,0.9988,0.0255,-0.0207,-0.0198,0.0555,0.5564
6,2026-06-11,1.0,0.2216,0.1176,0.21,0.0,0.4999
7,2026-06-11,0.9993,0.276,0.1238,0.3608,0.1356,0.7977
8,2026-06-11,1.0,0.3319,0.1433,0.3407,0.0505,0.617
9,2026-06-11,0.9915,0.3496,0.1686,0.3105,0.0045,0.5101
10,2026-06-11,1.0,0.2794,0.1377,0.2581,-0.0296,0.4277
11,2026-06-11,1.0,0.2156,0.1065,0.2646,0.0654,0.757
12,2026-06-11,1.0,0.2633,0.0977,0.3281,0.0875,0.6873
13,2026-06-11,1.0,0.3033,0.128,0.2756,0.0291,0.5862
14,2026-06-11,1.0,0.2808,0.1357,0.3543,0.1214,0.8168
15,2026-06-11,1.0,0.292,0.1442,0.292,0.0256,0.5897
16,2026-06-11,1.0,0.2692,0.1527,0.1955,-0.0675,0.3018
17,2026-06-11,0.9989,0.3089,0.1514,0.3212,0.0466,0.7076
18,2026-06-11,1.0,0.2557,0.1246,0.2723,0.0411,0.5928
19,2026-06-11,1.0,0.2526,0.1056,0.2493,-0.0266,0.4139
20,2026-06-11,1.0,0.2514,0.1504,0.1098,-0.139,0.1931
21,2026-06-11,0.965,0.2814,0.1399,0.2685,0.0405,0.6115
22,2026-06-11,1.0,0.4559,0.2299,0.3691,-0.0243,0.4696
23,2026-06-11,1.0,0.3254,0.1581,0.2686,-0.0534,0.3288
24,2026-06-11,1.0,0.2316,0.1336,0.0972,-0.1326,0.251
25,2026-06-11,1.0,0.4897,0.2504,0.3198,-0.1342,0.2046
1,2026-06-14,1.0,0.2567,0.139,0.1675,-0.1013,0.1998
2,2026-06-14,1.0,0.4003,0.1993,0.3216,-0.068,0.3171
3,2026-06-14,1.0,0.2727,0.1424,0.282,0.0321,0.5948
4,2026-06-14,1.0,0.2954,0.1623,0.2276,-0.0667,0.2862
5,2026-06-14,1.0,0.0314,-0.0006,-0.0314,-0.0759,0.3576
6,2026-06-14,1.0,0.2449,0.1361,0.1744,-0.0707,0.249
7,2026-06-14,1.0,0.3106,0.1652,0.2921,-0.0297,0.4229
8,2026-06-14,1.0,0.3866,0.1892,0.3101,-0.062,0.2959
9,2026-06-14,1.0,0.3805,0.2028,0.2765,-0.1171,0.2838
10,2026-06-14,1.0,0.2917,0.1573,0.232,-0.098,0.2404
11,2026-06-14,1.0,0.2341,0.1197,0.236,-0.0003,0.4979
12,2026-06-14,1.0,0.3075,0.1469,0.261,-0.0653,0.3688
13,2026-06-14,1.0,0.3331,0.1682,0.2488,-0.0713,0.1744
14,2026-06-14,1.0,0.3045,0.1624,0.3001,-0.0057,0.4854
15,2026-06-14,1.0,0.3262,0.171,0.2644,-0.0826,0.2241
16,2026-06-14,1.0,0.291,0.1717,0.1559,-0.1506,0.1123
17,2026-06-14,1.0,0.3219,0.1581,0.3076,-0.0024,0.4886
18,2026-06-14,1.0,0.2674,0.1354,0.2718,0.0059,0.5165
19,2026-06-14,1.0,0.2699,0.1121,0.2806,-0.0508,0.3542
20,2026-06-14,1.0,0.2684,0.1655,0.0767,-0.2002,0.109
21,2026-06-14,1.0,0.3224,0.1813,0.2336,-0.1488,0.1508
22,2026-06-14,1.0,0.5603,0.3194,0.3153,-0.3179,0.1533
23,2026-06-14,1.0,0.3309,0.1677,0.2745,-0.0689,0.2744
24,2026-06-14,1.0,0.2434,0.1515,0.1023,-0.1391,0.1577
25,2026-06-14,1.0,0.5313,0.3021,0.2426,-0.3004,0.0223
1,2026-06-16,1.0,0.2573,0.1239,0.1893,-0.061,0.3091
2,2026-06-16,1.0,0.429,0.1899,0.3353,-0.0655,0.3466
3,2026-06-16,1.0,0.2795,0.1299,0.3115,0.0721,0.6799
4,2026-06-16,1.0,0.3065,0.1487,0.2561,-0.0402,0.3774
5,2026-06-16,1.0,0.0175,-0.0142,-0.0221,-0.003,0.4959
6,2026-06-16,1.0,0.2523,0.1259,0.1971,-0.0355,0.3814
7,2026-06-16,1.0,0.3264,0.1507,0.3161,0.0042,0.5102
8,2026-06-16,1.0,0.4153,0.1773,0.3221,-0.0579,0.3377
9,2026-06-16,1.0,0.3873,0.1779,0.2982,-0.075,0.3315
10,2026-06-16,1.0,0.3092,0.1456,0.2563,-0.0764,0.3124
11,2026-06-16,1.0,0.2417,0.1145,0.2629,0.0395,0.6303
12,2026-06-16,1.0,0.3126,0.1259,0.2867,-0.0325,0.4476
13,2026-06-16,1.0,0.3593,0.1561,0.2749,-0.057,0.2639
14,2026-06-16,1.0,0.3134,0.1486,0.325,0.0312,0.5905
15,2026-06-16,1.0,0.3287,0.1497,0.2879,-0.0214,0.4323
16,2026-06-16,1.0,0.2965,0.1618,0.1792,-0.1252,0.1655
17,2026-06-16,1.0,0.3378,0.144,0.3353,0.0345,0.6414
18,2026-06-16,1.0,0.2708,0.1163,0.3056,0.0642,0.6326
19,2026-06-16,1.0,0.3038,0.1124,0.3074,-0.0328,0.4222
20,2026-06-16,1.0,0.2788,0.1576,0.097,-0.1787,0.1025
21,2026-06-16,1.0,0.3219,0.1553,0.267,-0.073,0.2919
22,2026-06-16,1.0,0.5456,0.2707,0.3367,-0.2367,0.2103
23,2026-06-16,1.0,0.3578,0.1599,0.2963,-0.053,0.3557
24,2026-06-16,1.0,0.2654,0.1559,0.1208,-0.1353,0.1844
25,2026-06-16,0.9897,0.5418,0.2689,0.2488,-0.2831,0.0324
1,2026-06-18,1.0,0.2399,0.1228,0.2029,-0.0438,0.3501
2,2026-06-18,1.0,0.4029,0.1948,0.3416,-0.0407,0.4034
3,2026-06-18,1.0,0.2594,0.1274,0.3277,0.0979,0.7282
4,2026-06-18,1.0,0.2918,0.1507,0.2747,-0.0101,0.4674
5,2026-06-18,1.0,0.0168,-0.0196,-0.0185,0.0141,0.5204
6,2026-06-18,1.0,0.2329,0.1218,0.215,-0.0146,0.4495
7,2026-06-18,1.0,0.3057,0.1539,0.3245,0.0257,0.5761
8,2026-06-18,1.0,0.3919,0.1864,0.328,-0.0374,0.391
9,2026-06-18,1.0,0.3665,0.1833,0.3111,-0.0491,0.3784
10,2026-06-18,1.0,0.2936,0.1511,0.2696,-0.0522,0.3567
11,2026-06-18,1.0,0.2217,0.1131,0.2668,0.0476,0.6633
12,2026-06-18,0.9883,0.2999,0.1338,0.2983,-0.0067,0.4855
13,2026-06-18,1.0,0.3439,0.1669,0.2776,-0.0399,0.323
14,2026-06-18,1.0,0.2935,0.1493,0.3477,0.0619,0.684
15,2026-06-18,1.0,0.3045,0.1521,0.2891,-0.01,0.4664
16,2026-06-18,1.0,0.2727,0.1582,0.1881,-0.1064,0.1812
17,2026-06-18,1.0,0.3223,0.1484,0.3547,0.0717,0.7666
18,2026-06-18,1.0,0.255,0.12,0.3187,0.0917,0.671
19,2026-06-18,1.0,0.2764,0.1111,0.3067,-0.0208,0.4516
20,2026-06-18,1.0,0.2545,0.1527,0.1132,-0.1515,0.1139
21,2026-06-18,1.0,0.2989,0.1578,0.2912,-0.0391,0.3673
22,2026-06-18,1.0,0.5016,0.2797,0.3461,-0.1888,0.2453
23,2026-06-18,1.0,0.3297,0.1623,0.2927,-0.0434,0.3689
24,2026-06-18,1.0,0.2498,0.15,0.1522,-0.0969,0.2408
25,2026-06-18,1.0,0.5027,0.2789,0.2417,-0.267,0.031
1,2026-06-19,1.0,0.2446,0.1161,0.2034,-0.0415,0.36
2,2026-06-19,1.0,0.3581,0.1491,0.3231,-0.0075,0.4812
3,2026-06-19,1.0,0.2564,0.1109,0.3305,0.1072,0.7286
4,2026-06-19,1.0,0.276,0.1303,0.2677,0.0035,0.5113
5,2026-06-19,1.0,0.018,-0.0143,-0.0012,0.0253,0.5429
6,2026-06-19,1.0,0.2353,0.1132,0.22,-0.0047,0.4837
7,2026-06-19,1.0,0.299,0.1413,0.3177,0.031,0.5888
8,2026-06-19,1.0,0.3494,0.1456,0.3072,-0.0271,0.4093
9,2026-06-19,1.0,0.3513,0.1595,0.3014,-0.055,0.3796
10,2026-06-19,0.9922,0.2773,0.1269,0.2604,-0.0435,0.3804
11,2026-06-19,1.0,0.2306,0.108,0.2722,0.0532,0.6569
12,2026-06-19,1.0,0.2853,0.11,0.2954,0.0061,0.5085
13,2026-06-19,1.0,0.3244,0.1413,0.2665,-0.0437,0.3287
14,2026-06-19,1.0,0.2933,0.1412,0.3552,0.0676,0.6854
15,2026-06-19,1.0,0.2978,0.1397,0.2815,-0.0128,0.4597
16,2026-06-19,1.0,0.2873,0.1573,0.1943,-0.1099,0.1946
17,2026-06-19,1.0,0.2894,0.111,0.3427,0.092,0.8018
18,2026-06-19,1.0,0.2433,0.1018,0.3148,0.1032,0.679
19,2026-06-19,1.0,0.254,0.0911,0.2803,-0.0173,0.4611
20,2026-06-19,1.0,0.2625,0.151,0.1205,-0.1425,0.1375
21,2026-06-19,1.0,0.2974,0.1473,0.2892,-0.0532,0.3483
22,2026-06-19,1.0,0.4683,0.2306,0.3353,-0.1947,0.2556
23,2026-06-19,1.0,0.3065,0.1373,0.2738,-0.0412,0.3905
24,2026-06-19,1.0,0.2444,0.1304,0.154,-0.0872,0.239
25,2026-06-19,1.0,0.4971,0.2558,0.2314,-0.3002,0.0277
1,2026-06-21,1.0,0.249,0.1249,0.2402,-0.0107,0.4675
2,2026-06-21,1.0,0.4027,0.1879,0.3823,0.0288,0.5574
3,2026-06-21,1.0,0.2702,0.1257,0.3764,0.1513,0.796
4,2026-06-21,1.0,0.3002,0.1489,0.3235,0.0572,0.6425
5,2026-06-21,0.9177,0.0286,-0.013,-0.0138,0.0131,0.5178
6,2026-06-21,1.0,0.245,0.1223,0.2644,0.0342,0.5996
7,2026-06-21,1.0,0.3233,0.1561,0.382,0.0884,0.719
8,2026-06-21,1.0,0.4003,0.1814,0.3752,0.0206,0.5557
9,2026-06-21,1.0,0.3766,0.1841,0.3379,-0.0156,0.4628
10,2026-06-21,1.0,0.3146,0.1528,0.3097,-0.0173,0.456
11,2026-06-21,1.0,0.2374,0.1182,0.3081,0.0936,0.7501
12,2026-06-21,1.0,0.3135,0.1338,0.3374,0.0326,0.5493
13,2026-06-21,1.0,0.364,0.169,0.3144,-0.0024,0.4912
14,2026-06-21,1.0,0.3014,0.1513,0.412,0.1293,0.7997
15,2026-06-21,1.0,0.3197,0.1542,0.3204,0.0265,0.5769
16,2026-06-21,1.0,0.2949,0.1701,0.2365,-0.0711,0.2899
17,2026-06-21,1.0,0.3297,0.1372,0.4303,0.1677,0.8808
18,2026-06-21,1.0,0.2595,0.1147,0.3568,0.1461,0.7119
19,2026-06-21,1.0,0.2915,0.1087,0.325,-0.0071,0.484
20,2026-06-21,1.0,0.2715,0.1594,0.1539,-0.1098,0.1961
21,2026-06-21,1.0,0.3042,0.1555,0.3338,0.0099,0.535
22,2026-06-21,1.0,0.5106,0.276,0.3863,-0.1492,0.3299
23,2026-06-21,1.0,0.3484,0.1652,0.3219,-0.015,0.4498
24,2026-06-21,1.0,0.2669,0.1529,0.1857,-0.0571,0.3523
25,2026-06-21,1.0,0.5434,0.2924,0.2779,-0.2663,0.0473
1,2026-06-24,1.0,0.2338,0.1229,0.2074,-0.0391,0.4039
2,2026-06-24,1.0,0.3707,0.1664,0.3206,-0.0391,0.4328
3,2026-06-24,1.0,0.2687,0.14,0.2931,0.0292,0.6056
4,2026-06-24,1.0,0.2687,0.1218,0.273,0.0389,0.5675
5,2026-06-24,1.0,0.0083,-0.0155,-0.0205,0.0118,0.5124
6,2026-06-24,1.0,0.239,0.1289,0.2084,-0.0379,0.3811
7,2026-06-24,1.0,0.2849,0.135,0.322,0.0689,0.6731
8,2026-06-24,1.0,0.3481,0.1542,0.2943,-0.0381,0.4069
9,2026-06-24,1.0,0.3708,0.1922,0.286,-0.0841,0.3181
10,2026-06-24,1.0,0.3109,0.1578,0.239,-0.1038,0.2413
11,2026-06-24,1.0,0.2251,0.1108,0.2567,0.04,0.6592
12,2026-06-24,1.0,0.2958,0.1266,0.2943,-0.0287,0.4479
13,2026-06-24,1.0,0.3304,0.1517,0.2414,-0.0564,0.3323
14,2026-06-24,1.0,0.2773,0.134,0.3362,0.0901,0.7517
15,2026-06-24,1.0,0.3086,0.1591,0.2638,-0.0521,0.3295
16,2026-06-24,1.0,0.2877,0.1678,0.1821,-0.1125,0.1749
17,2026-06-24,1.0,0.3383,0.1608,0.2944,-0.0361,0.3518
18,2026-06-24,1.0,0.263,0.1351,0.2697,0.008,0.5214
19,2026-06-24,1.0,0.2737,0.11,0.2301,-0.0794,0.2821
20,2026-06-24,1.0,0.2655,0.1635,0.1068,-0.1675,0.1221
21,2026-06-24,1.0,0.2947,0.1545,0.2687,-0.037,0.3846
22,2026-06-24,1.0,0.4927,0.257,0.333,-0.226,0.2967
23,2026-06-24,1.0,0.3302,0.1646,0.2393,-0.119,0.1764
24,2026-06-24,1.0,0.2607,0.1642,0.0897,-0.1607,0.2083
25,2026-06-24,1.0,0.5294,0.2883,0.257,-0.3089,0.0522
1,2026-06-26,1.0,0.3061,0.1419,0.2236,-0.0956,0.3452
2,2026-06-26,0.9999,0.5108,0.2174,0.3492,-0.2058,0.2566
3,2026-06-26,1.0,0.3253,0.1483,0.3157,0.0274,0.5575
4,2026-06-26,1.0,0.3868,0.1793,0.2748,-0.1153,0.2658
5,2026-06-26,1.0,0.006,0.0,0.0173,0.0066,0.523
6,2026-06-26,1.0,0.3076,0.1462,0.225,-0.0714,0.321
7,2026-06-26,1.0,0.4066,0.1737,0.3459,-0.0365,0.4376
8,2026-06-26,0.9998,0.5215,0.2099,0.3417,-0.1864,0.1945
9,2026-06-26,1.0,0.4661,0.2009,0.3235,-0.1878,0.2057
10,2026-06-26,1.0,0.4099,0.1811,0.2778,-0.1507,0.2496
11,2026-06-26,1.0,0.2813,0.1238,0.2781,0.0366,0.5809
12,2026-06-26,1.0,0.3801,0.1367,0.319,-0.078,0.3919
13,2026-06-26,1.0,0.4989,0.2042,0.2841,-0.19,0.1009
14,2026-06-26,1.0,0.3466,0.1559,0.3397,0.0337,0.5627
15,2026-06-26,1.0,0.3889,0.1558,0.3162,-0.0406,0.4202
16,2026-06-26,1.0,0.3877,0.2096,0.1974,-0.2259,0.1351
17,2026-06-26,1.0,0.4286,0.1723,0.3521,-0.0671,0.3474
18,2026-06-26,1.0,0.2995,0.1231,0.3156,0.0389,0.5668
19,2026-06-26,1.0,0.438,0.1489,0.294,-0.1861,0.2948
20,2026-06-26,1.0,0.3721,0.2119,0.1034,-0.3067,0.054
21,2026-06-26,0.9951,0.3665,0.155,0.3158,-0.0686,0.3527
22,2026-06-26,1.0,0.6795,0.3201,0.404,-0.5632,0.1911
23,2026-06-26,1.0,0.4745,0.2045,0.3017,-0.1941,0.222
24,2026-06-26,1.0,0.4303,0.2321,0.0908,-0.3321,0.1355
25,2026-06-26,1.0,0.8318,0.37,0.2888,-0.6758,0.055
1,2026-06-29,1.0,0.2496,0.127,0.1792,-0.0926,0.2406
2,2026-06-29,1.0,0.4005,0.1808,0.2921,-0.1321,0.2434
3,2026-06-29,1.0,0.267,0.1297,0.2748,0.0156,0.5419
4,2026-06-29,1.0,0.2985,0.1488,0.2269,-0.0825,0.2608
5,2026-06-29,0.9109,0.0028,-0.0075,-0.0123,-0.0473,0.4011
6,2026-06-29,1.0,0.2466,0.1304,0.1813,-0.0787,0.2477
7,2026-06-29,1.0,0.3144,0.1562,0.2795,-0.0507,0.3793
8,2026-06-29,1.0,0.396,0.1774,0.279,-0.1267,0.185
9,2026-06-29,1.0,0.3745,0.1793,0.2721,-0.123,0.2631
10,2026-06-29,1.0,0.3034,0.1498,0.2264,-0.1228,0.2103
11,2026-06-29,1.0,0.2263,0.111,0.2285,-0.0046,0.4831
12,2026-06-29,1.0,0.3144,0.128,0.2635,-0.0806,0.3639
13,2026-06-29,1.0,0.3558,0.1628,0.2341,-0.1302,0.0996
14,2026-06-29,1.0,0.2893,0.1476,0.2963,-0.0032,0.4894
15,2026-06-29,1.0,0.3135,0.1514,0.2572,-0.0782,0.2573
16,2026-06-29,1.0,0.2943,0.1694,0.1537,-0.1861,0.0745
17,2026-06-29,1.0,0.3301,0.1453,0.2942,-0.0355,0.3713
18,2026-06-29,1.0,0.248,0.1168,0.2784,0.0294,0.5717
19,2026-06-29,1.0,0.2851,0.1106,0.2397,-0.1049,0.3034
20,2026-06-29,1.0,0.2788,0.1674,0.0787,-0.2254,0.0632
21,2026-06-29,1.0,0.309,0.1622,0.2546,-0.1249,0.2245
22,2026-06-29,1.0,0.5756,0.2966,0.2988,-0.4436,0.1234
23,2026-06-29,1.0,0.334,0.1586,0.247,-0.1188,0.218
24,2026-06-29,1.0,0.2798,0.1657,0.0934,-0.2072,0.1161
25,2026-06-29,1.0,0.5792,0.2918,0.2127,-0.4432,0.0207
1,2026-07-01,0.8913,0.2897,0.1538,0.1979,-0.1201,0.2138
2,2026-07-01,1.0,0.4345,0.217,0.2934,-0.1956,0.1907
3,2026-07-01,1.0,0.2903,0.1507,0.2935,0.0204,0.546
4,2026-07-01,1.0,0.3275,0.1721,0.24,-0.1133,0.2443
5,2026-07-01,1.0,0.0116,-0.0061,-0.0037,-0.0529,0.3939
6,2026-07-01,1.0,0.2803,0.154,0.1977,-0.1001,0.2333
7,2026-07-01,1.0,0.3526,0.189,0.2943,-0.081,0.3509
8,2026-07-01,0.9862,0.4101,0.1991,0.2829,-0.1427,0.1955
9,2026-07-01,1.0,0.425,0.2206,0.2838,-0.1705,0.2376
10,2026-07-01,1.0,0.3549,0.186,0.2434,-0.1697,0.1735
11,2026-07-01,1.0,0.2572,0.1381,0.2433,-0.0165,0.4487
12,2026-07-01,1.0,0.3548,0.158,0.2793,-0.1084,0.3381
13,2026-07-01,1.0,0.4082,0.2027,0.2454,-0.1816,0.0692
14,2026-07-01,1.0,0.3231,0.1804,0.3138,-0.0275,0.4388
15,2026-07-01,1.0,0.3548,0.1833,0.2684,-0.1092,0.2221
16,2026-07-01,1.0,0.3459,0.208,0.1589,-0.2312,0.0677
17,2026-07-01,1.0,0.3712,0.1705,0.3026,-0.0788,0.2853
18,2026-07-01,1.0,0.2656,0.1265,0.2969,0.0283,0.5541
19,2026-07-01,1.0,0.3274,0.1382,0.2452,-0.1388,0.2782
20,2026-07-01,1.0,0.3155,0.1982,0.0908,-0.2628,0.0802
21,2026-07-01,1.0,0.3434,0.1867,0.2683,-0.1412,0.2382
22,2026-07-01,1.0,0.6147,0.3493,0.302,-0.5163,0.1313
23,2026-07-01,1.0,0.395,0.2073,0.2538,-0.1827,0.1803
24,2026-07-01,1.0,0.3103,0.1884,0.1034,-0.2394,0.1366
25,2026-07-01,1.0,0.6809,0.3803,0.2146,-0.5783,0.0294
1,2026-07-04,1.0,0.2656,0.1366,0.2014,-0.0831,0.261
2,2026-07-04,1.0,0.4254,0.2072,0.315,-0.139,0.2481
3,2026-07-04,1.0,0.2776,0.1302,0.328,0.0719,0.6616
4,2026-07-04,0.9929,0.3215,0.1646,0.2659,-0.0586,0.3452
5,2026-07-04,0.9949,0.011,-0.0086,-0.0221,-0.0414,0.4371
6,2026-07-04,1.0,0.2635,0.1344,0.2199,-0.0579,0.3235
7,2026-07-04,1.0,0.3429,0.1682,0.3153,-0.0361,0.4165
8,2026-07-04,1.0,0.4253,0.2007,0.299,-0.1358,0.189
9,2026-07-04,1.0,0.4116,0.2099,0.2958,-0.1361,0.2584
10,2026-07-04,1.0,0.3353,0.1678,0.26,-0.1197,0.2454
11,2026-07-04,1.0,0.2457,0.1189,0.273,0.0346,0.5969
12,2026-07-04,1.0,0.3491,0.1564,0.2876,-0.0968,0.3671
13,2026-07-04,1.0,0.3792,0.1836,0.266,-0.1119,0.1607
14,2026-07-04,1.0,0.3161,0.1641,0.3497,0.0135,0.5339
15,2026-07-04,1.0,0.3411,0.1671,0.2792,-0.074,0.2862
16,2026-07-04,1.0,0.3272,0.1835,0.1897,-0.1675,0.1107
17,2026-07-04,1.0,0.3445,0.1513,0.3322,0.0041,0.513
18,2026-07-04,1.0,0.2644,0.1201,0.3122,0.0711,0.629
19,2026-07-04,1.0,0.3021,0.1139,0.2837,-0.0716,0.3726
20,2026-07-04,1.0,0.2953,0.1734,0.1136,-0.2061,0.0707
21,2026-07-04,1.0,0.3131,0.1692,0.2871,-0.0862,0.2848
22,2026-07-04,1.0,0.577,0.3117,0.3285,-0.3725,0.1864
23,2026-07-04,1.0,0.3586,0.169,0.2681,-0.1237,0.2445
24,2026-07-04,1.0,0.3011,0.1681,0.1407,-0.1709,0.1537
25,2026-07-04,1.0,0.5959,0.3206,0.2214,-0.4486,0.0196
1,2026-07-06,1.0,0.2812,0.1325,0.2275,-0.0494,0.353
2,2026-07-06,1.0,0.4564,0.1968,0.356,-0.0631,0.3708
3,2026-07-06,1.0,0.3044,0.132,0.3603,0.1112,0.7211
4,2026-07-06,1.0,0.3326,0.1557,0.2982,-0.0096,0.4754
5,2026-07-06,1.0,0.0215,-0.009,-0.0266,0.004,0.5047
6,2026-07-06,1.0,0.2758,0.1305,0.2515,-0.0012,0.4963
7,2026-07-06,0.9908,0.3569,0.1593,0.3622,0.0382,0.5967
8,2026-07-06,1.0,0.4593,0.1868,0.3491,-0.0518,0.372
9,2026-07-06,1.0,0.4129,0.1803,0.3276,-0.0676,0.3638
10,2026-07-06,1.0,0.3424,0.1543,0.2996,-0.0562,0.3698
11,2026-07-06,1.0,0.2626,0.1187,0.3006,0.069,0.6892
12,2026-07-06,1.0,0.3404,0.1305,0.3164,-0.0204,0.4666
13,2026-07-06,1.0,0.3999,0.171,0.3053,-0.0473,0.3287
14,2026-07-06,1.0,0.3364,0.1551,0.3893,0.0803,0.6948
15,2026-07-06,1.0,0.3536,0.1553,0.3042,-0.0167,0.4496
16,2026-07-06,1.0,0.3172,0.1741,0.2233,-0.1047,0.2268
17,2026-07-06,1.0,0.3752,0.1418,0.3868,0.0801,0.7267
18,2026-07-06,1.0,0.2878,0.114,0.3388,0.1049,0.6635
19,2026-07-06,1.0,0.3436,0.1184,0.338,-0.0296,0.4477
20,2026-07-06,1.0,0.2978,0.1667,0.1374,-0.1507,0.145
21,2026-07-06,1.0,0.3408,0.1598,0.3188,-0.048,0.3651
22,2026-07-06,1.0,0.5425,0.2761,0.3583,-0.228,0.2364
23,2026-07-06,1.0,0.3945,0.1726,0.3138,-0.0539,0.3606
24,2026-07-06,1.0,0.3012,0.1708,0.1647,-0.117,0.2402
25,2026-07-06,1.0,0.5643,0.2825,0.2634,-0.2946,0.0403
1,2026-07-08,1.0,0.2524,0.1312,0.2252,-0.0492,0.3685
2,2026-07-08,1.0,0.4112,0.1981,0.3394,-0.0629,0.3596
3,2026-07-08,1.0,0.2766,0.1386,0.3122,0.0505,0.65
4,2026-07-08,1.0,0.3052,0.1554,0.2912,-0.0084,0.4745
5,2026-07-08,0.9541,0.01,-0.0148,-0.0129,0.0039,0.506
6,2026-07-08,1.0,0.2469,0.129,0.2365,-0.0157,0.4495
7,2026-07-08,1.0,0.3304,0.1622,0.3453,0.0376,0.6061
8,2026-07-08,1.0,0.4161,0.1958,0.33,-0.0526,0.3545
9,2026-07-08,1.0,0.3837,0.1901,0.3166,-0.0568,0.3672
10,2026-07-08,1.0,0.319,0.1602,0.2811,-0.0635,0.3408
11,2026-07-08,1.0,0.2367,0.1177,0.2839,0.0628,0.6876
12,2026-07-08,1.0,0.3154,0.1361,0.3155,-0.0056,0.4893
13,2026-07-08,1.0,0.3701,0.1761,0.2793,-0.0597,0.2713
14,2026-07-08,1.0,0.3034,0.1515,0.3688,0.0894,0.7298
15,2026-07-08,1.0,0.3254,0.1562,0.3006,-0.0099,0.4729
16,2026-07-08,1.0,0.2951,0.1733,0.2195,-0.1037,0.2164
17,2026-07-08,1.0,0.3484,0.1541,0.3493,0.0406,0.6431
18,2026-07-08,1.0,0.2611,0.1224,0.2987,0.0683,0.6199
19,2026-07-08,1.0,0.3146,0.1263,0.2692,-0.0913,0.3011
20,2026-07-08,1.0,0.2697,0.1617,0.1293,-0.1534,0.1211
21,2026-07-08,1.0,0.3104,0.1589,0.3143,-0.0251,0.4135
22,2026-07-08,1.0,0.4928,0.2777,0.3717,-0.1688,0.2864
23,2026-07-08,1.0,0.3604,0.1742,0.2624,-0.1049,0.2352
24,2026-07-08,1.0,0.2797,0.1678,0.1178,-0.1642,0.1964
25,2026-07-08,0.9021,0.5443,0.2922,0.256,-0.2986,0.0368
1,2026-07-11,1.0,0.2638,0.1369,0.1795,-0.097,0.2521
2,2026-07-11,1.0,0.4271,0.2137,0.3119,-0.1228,0.2564
3,2026-07-11,1.0,0.2854,0.1479,0.2662,-0.0027,0.4892
4,2026-07-11,1.0,0.3335,0.1747,0.2254,-0.0954,0.2282
5,2026-07-11,1.0,0.0186,-0.0135,-0.0112,-0.0226,0.458
6,2026-07-11,1.0,0.2618,0.139,0.176,-0.084,0.2165
7,2026-07-11,1.0,0.342,0.1729,0.2802,-0.0604,0.3471
8,2026-07-11,1.0,0.4429,0.2158,0.2993,-0.1211,0.1953
9,2026-07-11,1.0,0.3949,0.2002,0.2742,-0.1066,0.2664
10,2026-07-11,1.0,0.3435,0.1722,0.2267,-0.1296,0.1846
11,2026-07-11,1.0,0.2418,0.1241,0.2278,-0.006,0.4773
12,2026-07-11,1.0,0.327,0.1433,0.2698,-0.0617,0.3826
13,2026-07-11,1.0,0.4035,0.194,0.2388,-0.1378,0.0825
14,2026-07-11,1.0,0.3059,0.1612,0.2849,-0.0135,0.4616
15,2026-07-11,1.0,0.3333,0.1595,0.2646,-0.0525,0.3271
16,2026-07-11,1.0,0.309,0.181,0.1516,-0.1854,0.0867
17,2026-07-11,1.0,0.3766,0.1786,0.3094,-0.0373,0.3713
18,2026-07-11,1.0,0.2653,0.1268,0.2656,0.0194,0.5424
19,2026-07-11,1.0,0.346,0.1415,0.2391,-0.134,0.228
20,2026-07-11,1.0,0.2868,0.1738,0.0743,-0.2303,0.0645
21,2026-07-11,1.0,0.3194,0.1618,0.2532,-0.0873,0.2786
22,2026-07-11,1.0,0.5324,0.305,0.3587,-0.2535,0.2257
23,2026-07-11,1.0,0.3789,0.1878,0.2525,-0.1354,0.169
24,2026-07-11,1.0,0.327,0.1903,0.0829,-0.2265,0.1298
25,2026-07-11,1.0,0.5953,0.3134,0.2297,-0.3732,0.0332
1,2026-07-14,1.0,0.2836,0.1618,0.1403,-0.1663,0.105
2,2026-07-14,1.0,0.4231,0.222,0.2702,-0.1866,0.1563
3,2026-07-14,1.0,0.2992,0.1564,0.2565,-0.0332,0.3926
4,2026-07-14,1.0,0.3287,0.183,0.195,-0.1434,0.1331
5,2026-07-14,1.0,0.0172,0.0024,-0.0407,-0.1078,0.339
6,2026-07-14,1.0,0.2851,0.1643,0.1489,-0.155,0.1157
7,2026-07-14,1.0,0.3518,0.1895,0.2534,-0.1182,0.2433
8,2026-07-14,1.0,0.4433,0.2243,0.2551,-0.1908,0.0928
9,2026-07-14,1.0,0.4283,0.2286,0.2422,-0.197,0.1876
10,2026-07-14,1.0,0.3557,0.1967,0.2012,-0.2027,0.0816
11,2026-07-14,1.0,0.2565,0.1378,0.2112,-0.0569,0.2907
12,2026-07-14,0.97,0.3495,0.162,0.2358,-0.1383,0.2803
13,2026-07-14,1.0,0.4043,0.2099,0.2144,-0.1941,0.0281
14,2026-07-14,1.0,0.3318,0.1813,0.2708,-0.0904,0.3129
15,2026-07-14,1.0,0.3716,0.1981,0.2315,-0.1639,0.0717
16,2026-07-14,1.0,0.3369,0.2046,0.1243,-0.2511,0.034
17,2026-07-14,1.0,0.3634,0.1786,0.2698,-0.0921,0.2028
18,2026-07-14,1.0,0.2765,0.1402,0.2621,-0.0182,0.4587
19,2026-07-14,1.0,0.3323,0.1394,0.2274,-0.1509,0.1894
20,2026-07-14,1.0,0.3032,0.1936,0.0452,-0.2891,0.0494
21,2026-07-14,1.0,0.3292,0.1849,0.2254,-0.1646,0.1473
22,2026-07-14,1.0,0.5948,0.3732,0.2613,-0.4819,0.0902
23,2026-07-14,1.0,0.3922,0.205,0.227,-0.1957,0.0853
24,2026-07-14,1.0,0.3161,0.1974,0.07,-0.2491,0.0637
25,2026-07-14,1.0,0.6263,0.3573,0.1788,-0.4929,0.0103
1,2026-07-16,1.0,0.2605,0.1235,0.1812,-0.0962,0.2366
2,2026-07-16,1.0,0.4203,0.1851,0.3,-0.146,0.2426
3,2026-07-16,1.0,0.2866,0.1308,0.2981,0.0417,0.6027
4,2026-07-16,1.0,0.3217,0.1495,0.2387,-0.0917,0.251
5,2026-07-16,1.0,-0.0138,-0.0149,0.0001,0.0051,0.5156
6,2026-07-16,1.0,0.2648,0.1256,0.1967,-0.068,0.2804
7,2026-07-16,1.0,0.3503,0.1547,0.2866,-0.0561,0.3781
8,2026-07-16,1.0,0.4408,0.1827,0.2814,-0.1549,0.1489
9,2026-07-16,1.0,0.3961,0.174,0.282,-0.1038,0.2715
10,2026-07-16,1.0,0.3445,0.1497,0.2406,-0.1266,0.2161
11,2026-07-16,1.0,0.2463,0.1142,0.2478,0.0195,0.5568
12,2026-07-16,1.0,0.3231,0.1248,0.2746,-0.0529,0.4105
13,2026-07-16,1.0,0.4045,0.1651,0.2418,-0.1569,0.0754
14,2026-07-16,1.0,0.3103,0.1462,0.3131,0.0096,0.5269
15,2026-07-16,1.0,0.3347,0.1442,0.264,-0.0579,0.3295
16,2026-07-16,1.0,0.3188,0.1699,0.171,-0.1824,0.0879
17,2026-07-16,1.0,0.369,0.1434,0.3068,-0.0415,0.3673
18,2026-07-16,1.0,0.255,0.1042,0.2954,0.0696,0.6287
19,2026-07-16,1.0,0.345,0.117,0.2548,-0.1255,0.3121
20,2026-07-16,1.0,0.2933,0.1614,0.0982,-0.2303,0.0432
21,2026-07-16,1.0,0.3065,0.1427,0.2673,-0.0695,0.3146
22,2026-07-16,1.0,0.546,0.2737,0.3092,-0.3817,0.1509
23,2026-07-16,1.0,0.3745,0.1619,0.2495,-0.1464,0.2126
24,2026-07-16,1.0,0.3224,0.1704,0.1215,-0.2229,0.1246
25,2026-07-16,0.9989,0.5717,0.2644,0.1981,-0.4211,0.0267
1,2026-07-18,1.0,0.2474,0.1321,0.2091,-0.0635,0.3201
2,2026-07-18,1.0,0.3824,0.1877,0.3201,-0.0769,0.358
3,2026-07-18,1.0,0.262,0.134,0.3222,0.0774,0.6804
4,2026-07-18,0.9771,0.3092,0.163,0.271,-0.0467,0.358
5,2026-07-18,0.9433,-0.0177,-0.0163,0.0224,0.0302,0.6181
6,2026-07-18,1.0,0.2501,0.132,0.2286,-0.0346,0.3846
7,2026-07-18,1.0,0.3235,0.1676,0.3044,-0.0204,0.444
8,2026-07-18,1.0,0.4123,0.1985,0.3024,-0.1039,0.2266
9,2026-07-18,0.99,0.3706,0.1897,0.3022,-0.063,0.3325
10,2026-07-18,1.0,0.3321,0.1701,0.2625,-0.0994,0.2609
11,2026-07-18,1.0,0.231,0.1192,0.2657,0.0438,0.6251
12,2026-07-18,0.9901,0.3083,0.1389,0.2976,-0.0165,0.4688
13,2026-07-18,1.0,0.3954,0.1903,0.2585,-0.1263,0.1391
14,2026-07-18,1.0,0.2851,0.1519,0.3466,0.0539,0.6559
15,2026-07-18,1.0,0.3161,0.1546,0.2836,-0.0358,0.3995
16,2026-07-18,1.0,0.2988,0.1778,0.1936,-0.1581,0.111
17,2026-07-18,1.0,0.3473,0.1569,0.3403,0.0201,0.5649
18,2026-07-18,1.0,0.2374,0.1141,0.307,0.1034,0.6823
19,2026-07-18,1.0,0.3336,0.1309,0.2655,-0.1169,0.3512
20,2026-07-18,1.0,0.2763,0.1692,0.1263,-0.1945,0.0498
21,2026-07-18,1.0,0.2957,0.156,0.3036,-0.017,0.4383
22,2026-07-18,1.0,0.4583,0.2557,0.3412,-0.1993,0.2449
23,2026-07-18,1.0,0.349,0.1726,0.2553,-0.1312,0.2347
24,2026-07-18,1.0,0.3127,0.1781,0.1446,-0.1816,0.1736
25,2026-07-18,1.0,0.5528,0.294,0.2088,-0.4095,0.0299
1,2026-07-19,1.0,0.3017,0.1508,0.2051,-0.1259,0.224
2,2026-07-19,1.0,0.4615,0.2017,0.3201,-0.2006,0.2491
3,2026-07-19,1.0,0.2995,0.1386,0.3335,0.0527,0.6048
4,2026-07-19,1.0,0.3594,0.1707,0.2747,-0.0903,0.3064
5,2026-07-19,1.0,-0.0138,-0.0065,0.0024,0.0047,0.511
6,2026-07-19,1.0,0.2923,0.1453,0.2324,-0.0697,0.3109
7,2026-07-19,1.0,0.3742,0.1787,0.3226,-0.0623,0.3826
8,2026-07-19,1.0,0.4768,0.2011,0.3019,-0.2023,0.1525
9,2026-07-19,1.0,0.4462,0.2056,0.3058,-0.1687,0.2498
10,2026-07-19,1.0,0.3933,0.1838,0.2707,-0.1816,0.1963
11,2026-07-19,1.0,0.2639,0.1275,0.2766,0.0222,0.5561
12,2026-07-19,1.0,0.3564,0.1401,0.3048,-0.0735,0.4042
13,2026-07-19,1.0,0.4426,0.1911,0.266,-0.1822,0.1132
14,2026-07-19,1.0,0.3298,0.1683,0.3574,0.0078,0.5146
15,2026-07-19,1.0,0.3651,0.1667,0.29,-0.0837,0.3061
16,2026-07-19,1.0,0.3606,0.1998,0.1956,-0.216,0.0973
17,2026-07-19,1.0,0.392,0.1556,0.3402,-0.0414,0.4023
18,2026-07-19,1.0,0.2721,0.1153,0.3197,0.0763,0.6193
19,2026-07-19,1.0,0.3513,0.1263,0.2768,-0.1247,0.3438
20,2026-07-19,1.0,0.3267,0.1921,0.1196,-0.2463,0.0661
21,2026-07-19,1.0,0.3759,0.1936,0.2992,-0.1788,0.2236
22,2026-07-19,1.0,0.832,0.4184,0.3347,-1.0,0.079
23,2026-07-19,1.0,0.3939,0.1826,0.2654,-0.1871,0.2073
24,2026-07-19,1.0,0.37,0.1901,0.1414,-0.2446,0.1394
25,2026-07-19,1.0,0.6533,0.3187,0.2195,-0.5612,0.0277
1,2026-07-24,1.0,0.3292,0.1759,0.1533,-0.184,0.154
2,2026-07-24,0.9954,0.4854,0.2278,0.2937,-0.2033,0.2011
3,2026-07-24,1.0,0.3346,0.167,0.2673,-0.0379,0.387
4,2026-07-24,1.0,0.3959,0.2052,0.2076,-0.1789,0.1518
5,2026-07-24,0.9997,0.0291,-0.0028,-0.0268,-0.0831,0.3813
6,2026-07-24,1.0,0.3294,0.1796,0.1602,-0.1669,0.1268
7,2026-07-24,0.9968,0.4111,0.2084,0.2809,-0.1253,0.2597
8,2026-07-24,1.0,0.5216,0.2448,0.2753,-0.2477,0.0976
9,2026-07-24,0.9935,0.4845,0.2456,0.2545,-0.2171,0.2118
10,2026-07-24,1.0,0.4182,0.2171,0.2106,-0.234,0.0749
11,2026-07-24,1.0,0.2917,0.1456,0.2262,-0.0466,0.3287
12,2026-07-24,0.9667,0.4028,0.1727,0.2427,-0.1484,0.2748
13,2026-07-24,1.0,0.4714,0.2271,0.2257,-0.2195,0.0376
14,2026-07-24,1.0,0.3658,0.1886,0.2912,-0.0685,0.3624
15,2026-07-24,1.0,0.4139,0.2025,0.2464,-0.1689,0.0972
16,2026-07-24,1.0,0.3933,0.2302,0.1419,-0.274,0.0487
17,2026-07-24,1.0,0.4402,0.2015,0.29,-0.1369,0.1775
18,2026-07-24,1.0,0.3203,0.1526,0.259,-0.0449,0.4155
19,2026-07-24,1.0,0.3635,0.1434,0.2234,-0.1588,0.1556
20,2026-07-24,1.0,0.366,0.2276,0.0601,-0.3243,0.0678
21,2026-07-24,1.0,0.418,0.2214,0.2186,-0.2559,0.114
22,2026-07-24,1.0,0.6659,0.3539,0.3379,-0.4625,0.2084
23,2026-07-24,1.0,0.4511,0.2201,0.2402,-0.2337,0.0686
24,2026-07-24,1.0,0.3766,0.2263,0.0482,-0.2983,0.0996
25,2026-07-24,1.0,0.7059,0.3808,0.2143,-0.5408,0.0223
1,2026-07-26,0.9976,0.2625,0.1315,0.1647,-0.1105,0.1944
2,2026-07-26,1.0,0.4087,0.1762,0.2846,-0.1233,0.2611
3,2026-07-26,1.0,0.2816,0.1373,0.2562,-0.0095,0.4641
4,2026-07-26,0.9997,0.3184,0.1547,0.2089,-0.1116,0.1759
5,2026-07-26,0.825,-0.002,-0.0062,-0.0067,-0.0361,0.3816
6,2026-07-26,0.993,0.2632,0.1343,0.1734,-0.0914,0.1876
7,2026-07-26,0.9994,0.3412,0.1573,0.2651,-0.0713,0.3123
8,2026-07-26,0.9978,0.4292,0.181,0.2667,-0.1337,0.1384
9,2026-07-26,0.8544,0.4441,0.2006,0.2763,-0.1404,0.1321
10,2026-07-26,0.9972,0.3427,0.1576,0.2102,-0.1371,0.1491
11,2026-07-26,1.0,0.2421,0.1183,0.219,-0.0141,0.4354
12,2026-07-26,0.8983,0.3661,0.146,0.2639,-0.0962,0.2936
13,2026-07-26,1.0,0.3816,0.1673,0.2165,-0.1465,0.0528
14,2026-07-26,1.0,0.3028,0.1507,0.2757,-0.0251,0.4191
15,2026-07-26,0.9986,0.3482,0.1529,0.246,-0.0823,0.2307
16,2026-07-26,0.999,0.3057,0.1744,0.1466,-0.1795,0.0703
17,2026-07-26,1.0,0.355,0.1446,0.279,-0.0503,0.3162
18,2026-07-26,0.8925,0.269,0.1182,0.2724,0.0009,0.5028
19,2026-07-26,0.9264,0.2966,0.1111,0.2343,-0.0864,0.3096
20,2026-07-26,0.9951,0.2855,0.1674,0.079,-0.2258,0.0645
21,2026-07-26,0.9499,0.3076,0.1493,0.2308,-0.0973,0.2335
22,2026-07-26,1.0,0.5261,0.2487,0.3207,-0.1984,0.2327
23,2026-07-26,1.0,0.359,0.1641,0.2368,-0.1302,0.1592
24,2026-07-26,0.9977,0.3009,0.1759,0.0817,-0.2263,0.0947
25,2026-07-26,0.9989,0.5723,0.2802,0.1821,-0.3763,0.0256
1,2026-07-29,1.0,0.3016,0.1534,0.1412,-0.1999,0.0915
2,2026-07-29,1.0,0.426,0.19,0.2573,-0.2349,0.1472
3,2026-07-29,1.0,0.3012,0.1448,0.2496,-0.0493,0.3537
4,2026-07-29,0.9989,0.3558,0.1701,0.1934,-0.1878,0.1035
5,2026-07-29,1.0,0.0036,0.0011,-0.0139,-0.0776,0.3391
6,2026-07-29,1.0,0.3066,0.1554,0.1566,-0.1735,0.1065
7,2026-07-29,1.0,0.3826,0.1823,0.2409,-0.1741,0.1867
8,2026-07-29,1.0,0.463,0.1992,0.2371,-0.2639,0.0619
9,2026-07-29,1.0,0.441,0.2055,0.2375,-0.2464,0.1852
10,2026-07-29,1.0,0.3881,0.1821,0.1941,-0.2551,0.0547
11,2026-07-29,1.0,0.2606,0.1268,0.2044,-0.0622,0.2771
12,2026-07-29,1.0,0.399,0.1587,0.2278,-0.2056,0.2265
13,2026-07-29,1.0,0.4445,0.1915,0.1959,-0.2765,0.0131
14,2026-07-29,1.0,0.3368,0.1698,0.269,-0.1028,0.3007
15,2026-07-29,1.0,0.3859,0.1756,0.2247,-0.1997,0.0544
16,2026-07-29,1.0,0.3522,0.1953,0.1251,-0.2916,0.0152
17,2026-07-29,1.0,0.4035,0.1649,0.2597,-0.1654,0.136
18,2026-07-29,1.0,0.2746,0.1194,0.2452,-0.0308,0.4327
19,2026-07-29,1.0,0.3486,0.1274,0.2036,-0.1965,0.1588
20,2026-07-29,1.0,0.3263,0.1904,0.0622,-0.3201,0.0376
21,2026-07-29,1.0,0.3634,0.1832,0.2192,-0.2256,0.1171
22,2026-07-29,1.0,0.7223,0.3833,0.2477,-0.8993,0.0477
23,2026-07-29,1.0,0.3948,0.1828,0.2032,-0.2524,0.0696
24,2026-07-29,1.0,0.3692,0.195,0.0732,-0.3117,0.0472
25,2026-07-29,1.0,0.6729,0.3223,0.1582,-0.6472,0.0158
1,2026-07-31,1.0,0.2827,0.1426,0.1547,-0.1782,0.1018
2,2026-07-31,1.0,0.3904,0.173,0.2582,-0.1993,0.1965
3,2026-07-31,1.0,0.2925,0.1463,0.2689,-0.0083,0.4783
4,2026-07-31,1.0,0.3427,0.1662,0.1985,-0.1836,0.1039
5,2026-07-31,1.0,0.0024,-0.0006,0.0139,-0.0484,0.3752
6,2026-07-31,1.0,0.2968,0.1515,0.1651,-0.1669,0.1154
7,2026-07-31,1.0,0.396,0.1933,0.2505,-0.1897,0.2031
8,2026-07-31,1.0,0.4201,0.1848,0.23,-0.2353,0.0633
9,2026-07-31,1.0,0.4527,0.217,0.2411,-0.2696,0.1833
10,2026-07-31,1.0,0.391,0.1864,0.199,-0.272,0.0643
11,2026-07-31,1.0,0.2562,0.1295,0.2162,-0.0383,0.3667
12,2026-07-31,1.0,0.3873,0.1582,0.2512,-0.164,0.2624
13,2026-07-31,1.0,0.4277,0.1887,0.192,-0.2774,0.0125
14,2026-07-31,1.0,0.3352,0.1766,0.2884,-0.076,0.3537
15,2026-07-31,1.0,0.3565,0.1708,0.2151,-0.1923,0.0602
16,2026-07-31,1.0,0.3501,0.2004,0.141,-0.2766,0.0231
17,2026-07-31,1.0,0.391,0.1612,0.257,-0.1702,0.1319
18,2026-07-31,1.0,0.2685,0.1173,0.2648,0.003,0.5057
19,2026-07-31,1.0,0.3291,0.1277,0.1894,-0.1867,0.1606
20,2026-07-31,1.0,0.3216,0.1873,0.076,-0.3161,0.0354
21,2026-07-31,1.0,0.325,0.1667,0.2256,-0.1704,0.1783
22,2026-07-31,1.0,0.7246,0.3696,0.2656,-0.945,0.0528
23,2026-07-31,1.0,0.3648,0.1774,0.1923,-0.2374,0.074
24,2026-07-31,1.0,0.3393,0.1762,0.0963,-0.2931,0.0546
25,2026-07-31,1.0,0.5736,0.2898,0.1404,-0.5797,0.0125
1,2026-08-05,1.0,0.2653,0.1353,0.1921,-0.1048,0.2348
2,2026-08-05,1.0,0.3847,0.1773,0.2892,-0.1301,0.2507
3,2026-08-05,1.0,0.2856,0.1386,0.2969,0.0252,0.566
4,2026-08-05,1.0,0.3223,0.1561,0.2447,-0.0946,0.2505
5,2026-08-05,0.8599,-0.0175,-0.0033,0.0152,-0.0046,0.4802
6,2026-08-05,1.0,0.2666,0.1342,0.2109,-0.07,0.2703
7,2026-08-05,0.9962,0.3485,0.1634,0.2928,-0.053,0.3768
8,2026-08-05,1.0,0.4234,0.1798,0.2717,-0.1548,0.1388
9,2026-08-05,1.0,0.3787,0.1725,0.277,-0.1054,0.2251
10,2026-08-05,1.0,0.3486,0.1597,0.2409,-0.1358,0.1922
11,2026-08-05,1.0,0.2478,0.1215,0.2497,0.0167,0.5508
12,2026-08-05,1.0,0.3164,0.1288,0.273,-0.0487,0.401
13,2026-08-05,1.0,0.4031,0.1741,0.2293,-0.1678,0.0728
14,2026-08-05,1.0,0.3023,0.1551,0.3284,0.0258,0.5708
15,2026-08-05,1.0,0.3305,0.1469,0.2618,-0.069,0.3182
16,2026-08-05,1.0,0.3172,0.1819,0.1843,-0.1813,0.096
17,2026-08-05,1.0,0.3623,0.138,0.3058,-0.0406,0.3844
18,2026-08-05,1.0,0.2426,0.1049,0.2772,0.0538,0.6069
19,2026-08-05,1.0,0.3549,0.1306,0.232,-0.1696,0.2218
20,2026-08-05,1.0,0.2921,0.1729,0.111,-0.2214,0.0484
21,2026-08-05,1.0,0.308,0.1495,0.2752,-0.0757,0.2866
22,2026-08-05,1.0,0.4819,0.2541,0.3273,-0.3057,0.1748
23,2026-08-05,1.0,0.3674,0.167,0.2284,-0.1693,0.1592
24,2026-08-05,1.0,0.344,0.1918,0.1059,-0.2721,0.0854
25,2026-08-05,1.0,0.5493,0.2683,0.1942,-0.4234,0.0256
1,2026-08-07,0.9999,0.2638,0.1372,0.162,-0.1213,0.1762
2,2026-08-07,1.0,0.3771,0.1808,0.2618,-0.1427,0.2086
3,2026-08-07,1.0,0.2803,0.1429,0.2379,-0.0354,0.3679
4,2026-08-07,1.0,0.3192,0.161,0.1918,-0.1243,0.1448
5,2026-08-07,0.7381,0.0093,-0.0072,0.0007,-0.0486,0.3135
6,2026-08-07,1.0,0.2627,0.1397,0.1588,-0.1087,0.1408
7,2026-08-07,0.9849,0.3386,0.1671,0.2436,-0.0854,0.2635
8,2026-08-07,1.0,0.4061,0.1903,0.2436,-0.1504,0.1093
9,2026-08-07,0.9856,0.3762,0.1872,0.2422,-0.115,0.2311
10,2026-08-07,1.0,0.3454,0.1703,0.1975,-0.1608,0.0901
11,2026-08-07,1.0,0.2441,0.122,0.2039,-0.0277,0.375
12,2026-08-07,0.9713,0.3177,0.1363,0.2401,-0.0659,0.3509
13,2026-08-07,1.0,0.3931,0.1836,0.1895,-0.1751,0.03
14,2026-08-07,1.0,0.3014,0.1588,0.2598,-0.03,0.3987
15,2026-08-07,1.0,0.3241,0.1524,0.2299,-0.0871,0.2118
16,2026-08-07,1.0,0.3081,0.1783,0.1363,-0.2037,0.0411
17,2026-08-07,1.0,0.3538,0.1553,0.2532,-0.0824,0.2419
18,2026-08-07,1.0,0.2534,0.1154,0.2244,-0.0037,0.4902
19,2026-08-07,1.0,0.337,0.1344,0.1873,-0.169,0.0903
20,2026-08-07,1.0,0.2827,0.1675,0.0713,-0.2365,0.0409
21,2026-08-07,0.8846,0.2813,0.1502,0.208,-0.0954,0.2237
22,2026-08-07,1.0,0.4816,0.271,0.3196,-0.2743,0.1785
23,2026-08-07,1.0,0.3522,0.1703,0.1985,-0.1773,0.0681
24,2026-08-07,1.0,0.3195,0.1793,0.0606,-0.2689,0.0489
25,2026-08-07,1.0,0.5148,0.2714,0.1837,-0.3555,0.025
3,2026-08-08,0.5077,0.2468,0.1215,0.253,0.0629,0.7319
5,2026-08-08,0.2596,-0.0028,-0.0083,-0.0103,-0.0468,0.2487
7,2026-08-08,0.4572,0.3074,0.1608,0.2629,-0.033,0.3841
8,2026-08-08,0.0307,0.2018,0.081,0.2543,0.1368,0.9961
9,2026-08-08,0.3655,0.445,0.2217,0.2849,-0.1115,0.1834
12,2026-08-08,0.6782,0.287,0.1042,0.2066,-0.064,0.337
14,2026-08-08,0.9524,0.3221,0.1659,0.2494,-0.0646,0.3273
18,2026-08-08,0.8319,0.2676,0.1301,0.2303,-0.0236,0.4015
1,2026-08-10,0.8766,0.2306,0.126,0.1393,-0.1076,0.1854
2,2026-08-10,0.8769,0.3553,0.175,0.2608,-0.1114,0.2522
3,2026-08-10,0.9414,0.2636,0.1384,0.2388,-0.0137,0.441
4,2026-08-10,0.9619,0.2973,0.1554,0.181,-0.1037,0.1766
5,2026-08-10,0.7515,0.0071,-0.0102,0.0011,-0.0301,0.3905
6,2026-08-10,1.0,0.241,0.1308,0.1496,-0.0938,0.1668
7,2026-08-10,0.9707,0.3097,0.1543,0.2373,-0.0656,0.2927
8,2026-08-10,0.8118,0.3885,0.192,0.2453,-0.1243,0.1358
9,2026-08-10,0.8274,0.3743,0.1906,0.2554,-0.1036,0.1933
10,2026-08-10,1.0,0.3058,0.152,0.1887,-0.132,0.1154
11,2026-08-10,1.0,0.2238,0.115,0.1984,-0.0192,0.4049
12,2026-08-10,0.7722,0.2445,0.0938,0.1993,-0.0048,0.4884
13,2026-08-10,1.0,0.347,0.1655,0.1824,-0.1464,0.045
14,2026-08-10,0.738,0.2467,0.1345,0.2458,-0.0005,0.4959
15,2026-08-10,0.7998,0.3006,0.1423,0.2257,-0.0704,0.2368
16,2026-08-10,1.0,0.2766,0.1693,0.1235,-0.181,0.0492
17,2026-08-10,1.0,0.3225,0.1443,0.2555,-0.0393,0.3518
18,2026-08-10,1.0,0.2334,0.1071,0.2326,0.0189,0.5499
19,2026-08-10,1.0,0.3048,0.1249,0.1841,-0.1359,0.1404
20,2026-08-10,1.0,0.2556,0.158,0.0708,-0.2064,0.0615
21,2026-08-10,0.5887,0.2352,0.1285,0.1893,-0.0608,0.2803
22,2026-08-10,0.5603,0.4555,0.284,0.3124,-0.1939,0.1626
23,2026-08-10,1.0,0.3115,0.1523,0.2021,-0.1309,0.12
24,2026-08-10,1.0,0.2877,0.1749,0.0677,-0.2147,0.0808
25,2026-08-10,0.636,0.4428,0.2582,0.1632,-0.3118,0.0325
1,2026-08-13,1.0,0.2763,0.1497,0.1482,-0.1269,0.1536
2,2026-08-13,1.0,0.3817,0.1893,0.2556,-0.1307,0.1858
3,2026-08-13,1.0,0.2908,0.1432,0.2707,0.0116,0.5377
4,2026-08-13,1.0,0.3372,0.1773,0.198,-0.121,0.1768
5,2026-08-13,1.0,0.0128,-0.0063,-0.0219,-0.072,0.3783
6,2026-08-13,1.0,0.2745,0.147,0.1628,-0.1057,0.1717
7,2026-08-13,1.0,0.3465,0.1745,0.2568,-0.0818,0.2915
8,2026-08-13,1.0,0.4131,0.2005,0.2363,-0.1543,0.1216
9,2026-08-13,1.0,0.3966,0.2054,0.2487,-0.14,0.2298
10,2026-08-13,1.0,0.344,0.1786,0.2078,-0.1518,0.1289
11,2026-08-13,1.0,0.2522,0.1238,0.2268,-0.0145,0.4412
12,2026-08-13,1.0,0.3423,0.1523,0.2329,-0.1053,0.301
13,2026-08-13,1.0,0.3804,0.1846,0.21,-0.144,0.065
14,2026-08-13,1.0,0.3264,0.1709,0.2815,-0.0454,0.384
15,2026-08-13,1.0,0.3405,0.1678,0.2313,-0.1085,0.1372
16,2026-08-13,1.0,0.3131,0.1869,0.141,-0.1849,0.076
17,2026-08-13,1.0,0.3526,0.1546,0.262,-0.0615,0.2815
18,2026-08-13,1.0,0.2659,0.1197,0.2533,0.0036,0.5076
19,2026-08-13,1.0,0.3082,0.1172,0.2272,-0.088,0.264
20,2026-08-13,1.0,0.2879,0.1768,0.0698,-0.2233,0.092
21,2026-08-13,1.0,0.3288,0.1834,0.2202,-0.1561,0.1535
22,2026-08-13,1.0,0.5039,0.3146,0.2554,-0.3336,0.1201
23,2026-08-13,1.0,0.3485,0.1685,0.2221,-0.1325,0.145
24,2026-08-13,1.0,0.3125,0.1933,0.0813,-0.2078,0.0933
25,2026-08-13,1.0,0.5024,0.2928,0.1736,-0.3484,0.0152
1,2026-08-15,0.9954,0.2868,0.1399,0.1909,-0.1014,0.2164
2,2026-08-15,1.0,0.4096,0.185,0.2761,-0.1351,0.2251
3,2026-08-15,1.0,0.3129,0.1435,0.3138,0.0422,0.5993
4,2026-08-15,1.0,0.3505,0.1644,0.2329,-0.0978,0.2451
5,2026-08-15,0.9997,0.0094,-0.0047,-0.0169,-0.0413,0.4354
6,2026-08-15,1.0,0.2887,0.1396,0.2088,-0.0677,0.2795
7,2026-08-15,1.0,0.3779,0.173,0.2999,-0.0562,0.3702
8,2026-08-15,1.0,0.4472,0.1901,0.2645,-0.1439,0.1668
9,2026-08-15,1.0,0.4069,0.1855,0.2816,-0.1154,0.2705
10,2026-08-15,1.0,0.377,0.1708,0.254,-0.1286,0.2094
11,2026-08-15,1.0,0.2716,0.1241,0.2631,0.0185,0.5584
12,2026-08-15,1.0,0.3466,0.1321,0.2803,-0.0676,0.3958
13,2026-08-15,1.0,0.4179,0.1779,0.2409,-0.138,0.1018
14,2026-08-15,1.0,0.3397,0.1664,0.3259,-0.0089,0.4712
15,2026-08-15,1.0,0.3491,0.1512,0.2647,-0.0737,0.2662
16,2026-08-15,1.0,0.3392,0.1919,0.186,-0.1694,0.1118
17,2026-08-15,1.0,0.384,0.1419,0.2978,-0.04,0.3822
18,2026-08-15,1.0,0.2752,0.1041,0.2911,0.058,0.6027
19,2026-08-15,1.0,0.374,0.1272,0.2612,-0.1008,0.3192
20,2026-08-15,1.0,0.3096,0.1798,0.1056,-0.2067,0.0953
21,2026-08-15,1.0,0.3349,0.1603,0.2743,-0.1002,0.2573
22,2026-08-15,1.0,0.5208,0.2933,0.2763,-0.34,0.1402
23,2026-08-15,1.0,0.3874,0.1681,0.2559,-0.1241,0.2151
24,2026-08-15,1.0,0.3583,0.1984,0.1289,-0.2011,0.1269
25,2026-08-15,0.8074,0.5609,0.2899,0.2106,-0.3661,0.0263
1,2026-08-18,1.0,0.2811,0.1348,0.1728,-0.1077,0.1873
2,2026-08-18,1.0,0.3754,0.1572,0.2665,-0.113,0.2535
3,2026-08-18,1.0,0.2954,0.1337,0.2851,0.0161,0.5473
4,2026-08-18,1.0,0.3452,0.1571,0.2256,-0.1057,0.2312
5,2026-08-18,1.0,0.0101,-0.0063,-0.0189,-0.0479,0.418
6,2026-08-18,1.0,0.2837,0.1379,0.1896,-0.0853,0.2179
7,2026-08-18,1.0,0.3591,0.1646,0.279,-0.0699,0.3193
8,2026-08-18,1.0,0.4089,0.1716,0.2433,-0.1463,0.1393
9,2026-08-18,1.0,0.4045,0.1839,0.265,-0.1381,0.2351
10,2026-08-18,1.0,0.3582,0.1628,0.2273,-0.1501,0.1506
11,2026-08-18,1.0,0.2538,0.1139,0.238,-0.0014,0.4954
12,2026-08-18,1.0,0.3547,0.1391,0.2454,-0.106,0.3207
13,2026-08-18,1.0,0.3892,0.1642,0.2182,-0.1468,0.0764
14,2026-08-18,1.0,0.3325,0.1594,0.3152,-0.017,0.4486
15,2026-08-18,1.0,0.3419,0.1521,0.2363,-0.1019,0.1762
16,2026-08-18,1.0,0.3165,0.172,0.1666,-0.1704,0.0902
17,2026-08-18,1.0,0.3595,0.1306,0.2782,-0.0503,0.3464
18,2026-08-18,1.0,0.2714,0.1066,0.2611,0.0195,0.5447
19,2026-08-18,1.0,0.3243,0.1078,0.217,-0.1293,0.1945
20,2026-08-18,1.0,0.2956,0.1645,0.0987,-0.2038,0.0936
21,2026-08-18,1.0,0.3329,0.1639,0.246,-0.1341,0.2005
22,2026-08-18,1.0,0.5216,0.2664,0.2787,-0.339,0.1528
23,2026-08-18,1.0,0.3458,0.1511,0.2098,-0.1576,0.1161
24,2026-08-18,1.0,0.3309,0.175,0.1033,-0.2067,0.1081
25,2026-08-18,1.0,0.5018,0.2575,0.1711,-0.3748,0.0174
1,2026-08-20,1.0,0.2836,0.1474,0.1792,-0.1217,0.1821
2,2026-08-20,0.9968,0.4033,0.1791,0.2816,-0.1281,0.2536
3,2026-08-20,1.0,0.3158,0.161,0.2652,-0.0267,0.4072
4,2026-08-20,1.0,0.3488,0.1721,0.2174,-0.1119,0.2064
5,2026-08-20,1.0,0.0096,-0.0076,-0.0275,-0.0541,0.4188
6,2026-08-20,1.0,0.2939,0.1579,0.1747,-0.1167,0.16
7,2026-08-20,1.0,0.3723,0.189,0.2685,-0.0998,0.2518
8,2026-08-20,1.0,0.4221,0.1887,0.2582,-0.1381,0.139
9,2026-08-20,1.0,0.4037,0.1995,0.2508,-0.1472,0.2227
10,2026-08-20,1.0,0.3557,0.1746,0.2143,-0.158,0.1075
11,2026-08-20,1.0,0.269,0.134,0.2246,-0.0302,0.3695
12,2026-08-20,1.0,0.3493,0.1441,0.2501,-0.0931,0.3222
13,2026-08-20,1.0,0.3917,0.1805,0.2138,-0.1524,0.06
14,2026-08-20,1.0,0.3461,0.1856,0.2875,-0.0441,0.3814
15,2026-08-20,1.0,0.3562,0.1711,0.2349,-0.1188,0.1283
16,2026-08-20,1.0,0.3428,0.2018,0.1529,-0.2092,0.0654
17,2026-08-20,1.0,0.3602,0.1472,0.2637,-0.0794,0.2427
18,2026-08-20,1.0,0.2743,0.1223,0.2331,-0.0254,0.4385
19,2026-08-20,1.0,0.3577,0.1413,0.2013,-0.1584,0.0817
20,2026-08-20,1.0,0.3209,0.1943,0.0871,-0.2423,0.0743
21,2026-08-20,1.0,0.3362,0.1717,0.2436,-0.1055,0.2121
22,2026-08-20,1.0,0.4518,0.2369,0.3144,-0.1751,0.2453
23,2026-08-20,1.0,0.3761,0.1853,0.2155,-0.181,0.0857
24,2026-08-20,1.0,0.3438,0.1926,0.0839,-0.2324,0.0985
25,2026-08-20,1.0,0.5716,0.3167,0.2149,-0.3853,0.025
1,2026-08-25,0.9492,0.2842,0.1377,0.1584,-0.1285,0.1737
2,2026-08-25,0.9986,0.4183,0.177,0.2633,-0.1672,0.1776
3,2026-08-25,1.0,0.3073,0.143,0.2535,-0.0215,0.4247
4,2026-08-25,1.0,0.3469,0.1605,0.1922,-0.1324,0.1663
5,2026-08-25,0.8765,0.0121,-0.0047,-0.0177,-0.0629,0.3633
6,2026-08-25,1.0,0.2842,0.14,0.163,-0.1053,0.1767
7,2026-08-25,1.0,0.3661,0.1641,0.2575,-0.0898,0.2762
8,2026-08-25,0.9898,0.44,0.1803,0.2492,-0.1615,0.1216
9,2026-08-25,1.0,0.4015,0.1819,0.246,-0.1323,0.2386
10,2026-08-25,1.0,0.3542,0.1588,0.205,-0.155,0.1248
11,2026-08-25,1.0,0.2663,0.1198,0.2202,-0.0209,0.4141
12,2026-08-25,0.9998,0.3263,0.1229,0.242,-0.0759,0.3523
13,2026-08-25,1.0,0.3956,0.1657,0.1989,-0.1621,0.0471
14,2026-08-25,1.0,0.3301,0.161,0.2729,-0.0456,0.3814
15,2026-08-25,0.9605,0.3463,0.1471,0.2359,-0.0957,0.1857
16,2026-08-25,1.0,0.3296,0.1781,0.1445,-0.1934,0.077
17,2026-08-25,1.0,0.3724,0.1366,0.2663,-0.0752,0.2747
18,2026-08-25,1.0,0.2676,0.1053,0.2359,-0.0053,0.4866
19,2026-08-25,1.0,0.3556,0.1225,0.2153,-0.1304,0.1823
20,2026-08-25,1.0,0.3098,0.1756,0.0757,-0.2367,0.0874
21,2026-08-25,0.9636,0.3282,0.1565,0.22,-0.1348,0.1727
22,2026-08-25,1.0,0.4945,0.2582,0.2897,-0.2933,0.1364
23,2026-08-25,1.0,0.3764,0.164,0.2244,-0.1479,0.1421
24,2026-08-25,1.0,0.3505,0.1934,0.0749,-0.2603,0.0768
25,2026-08-25,0.8009,0.5144,0.2598,0.1943,-0.329,0.0326
1,2026-08-27,0.9877,0.2549,0.1305,0.1538,-0.1076,0.1707
2,2026-08-27,1.0,0.3591,0.1678,0.2399,-0.1275,0.1782
3,2026-08-27,1.0,0.2838,0.1423,0.2559,-0.0058,0.4796
4,2026-08-27,1.0,0.3145,0.1564,0.1883,-0.1079,0.173
5,2026-08-27,0.6937,0.0186,-0.0063,-0.0113,-0.068,0.267
6,2026-08-27,1.0,0.2588,0.1353,0.1635,-0.0886,0.181
7,2026-08-27,1.0,0.3329,0.1624,0.2472,-0.0772,0.28
8,2026-08-27,1.0,0.3825,0.178,0.2221,-0.1376,0.1075
9,2026-08-27,1.0,0.3714,0.1877,0.2462,-0.107,0.2453
10,2026-08-27,1.0,0.3267,0.1612,0.2021,-0.1348,0.1241
11,2026-08-27,1.0,0.2444,0.1201,0.2125,-0.0188,0.4118
12,2026-08-27,1.0,0.3158,0.1325,0.2426,-0.0554,0.3861
13,2026-08-27,1.0,0.3628,0.1708,0.1876,-0.1452,0.0363
14,2026-08-27,1.0,0.3128,0.1631,0.2762,-0.036,0.3902
15,2026-08-27,0.973,0.3082,0.1464,0.2226,-0.0834,0.185
16,2026-08-27,1.0,0.2933,0.1701,0.1404,-0.1712,0.0598
17,2026-08-27,1.0,0.3423,0.1427,0.2489,-0.0611,0.2872
18,2026-08-27,1.0,0.2516,0.1071,0.2369,0.0212,0.5529
19,2026-08-27,1.0,0.3079,0.1185,0.1998,-0.1121,0.1814
20,2026-08-27,1.0,0.275,0.1623,0.0786,-0.2064,0.0612
21,2026-08-27,1.0,0.2914,0.1516,0.2162,-0.0945,0.197
22,2026-08-27,1.0,0.4465,0.2533,0.2668,-0.2429,0.1495
23,2026-08-27,1.0,0.3262,0.1542,0.2023,-0.138,0.1137
24,2026-08-27,1.0,0.2951,0.1691,0.0842,-0.2116,0.0757
25,2026-08-27,0.8052,0.442,0.2479,0.1694,-0.2889,0.0203
1,2026-08-28,1.0,0.3388,0.1625,0.1644,-0.182,0.1442
2,2026-08-28,1.0,0.476,0.207,0.2515,-0.2864,0.124
3,2026-08-28,1.0,0.3368,0.1531,0.2803,-0.0222,0.4419
4,2026-08-28,1.0,0.4264,0.188,0.2015,-0.2016,0.1437
5,2026-08-28,1.0,0.0139,-0.0033,-0.0298,-0.0745,0.37
6,2026-08-28,1.0,0.3405,0.1635,0.1769,-0.1493,0.1575
7,2026-08-28,1.0,0.4363,0.1977,0.2749,-0.1617,0.2337
8,2026-08-28,1.0,0.5348,0.2211,0.2372,-0.3174,0.0802
9,2026-08-28,1.0,0.4844,0.2198,0.2563,-0.229,0.1967
10,2026-08-28,1.0,0.4498,0.2002,0.2228,-0.2478,0.0963
11,2026-08-28,1.0,0.2959,0.1336,0.238,-0.0331,0.3869
12,2026-08-28,1.0,0.42,0.151,0.2459,-0.1554,0.2891
13,2026-08-28,1.0,0.4953,0.201,0.2138,-0.2599,0.031
14,2026-08-28,1.0,0.3806,0.1839,0.2983,-0.0997,0.3336
15,2026-08-28,1.0,0.4213,0.1807,0.2465,-0.1775,0.1066
16,2026-08-28,1.0,0.3998,0.2143,0.1501,-0.2746,0.0601
17,2026-08-28,1.0,0.4657,0.1705,0.2656,-0.1917,0.1607
18,2026-08-28,1.0,0.2996,0.1153,0.2582,-0.0106,0.4822
19,2026-08-28,1.0,0.4052,0.1317,0.2334,-0.1745,0.1989
20,2026-08-28,1.0,0.374,0.2071,0.0685,-0.3127,0.0717
21,2026-08-28,1.0,0.3904,0.1934,0.2467,-0.2068,0.1646
22,2026-08-28,1.0,0.7333,0.4009,0.2389,-0.8383,0.0668
23,2026-08-28,1.0,0.4582,0.1985,0.2302,-0.2626,0.1004
24,2026-08-28,1.0,0.4538,0.238,0.0792,-0.3511,0.0774
25,2026-08-28,1.0,0.7524,0.3575,0.1963,-0.674,0.0229
1,2026-08-30,1.0,0.2749,0.1391,0.1819,-0.0847,0.2455
2,2026-08-30,1.0,0.3814,0.1776,0.2677,-0.0929,0.265
3,2026-08-30,1.0,0.3008,0.1473,0.2932,0.0374,0.6035
4,2026-08-30,1.0,0.3324,0.1645,0.2209,-0.0707,0.2869
5,2026-08-30,1.0,0.0218,-0.0146,-0.0247,-0.0267,0.4555
6,2026-08-30,1.0,0.2715,0.1395,0.1903,-0.0574,0.2897
7,2026-08-30,1.0,0.3515,0.1684,0.2824,-0.0419,0.3823
8,2026-08-30,1.0,0.4041,0.1866,0.2526,-0.1004,0.2172
9,2026-08-30,1.0,0.3805,0.188,0.2674,-0.089,0.2857
10,2026-08-30,1.0,0.3402,0.1668,0.2334,-0.1062,0.2071
11,2026-08-30,1.0,0.2584,0.126,0.2455,0.0149,0.5579
12,2026-08-30,1.0,0.3247,0.1348,0.2552,-0.0421,0.4252
13,2026-08-30,1.0,0.381,0.1754,0.2271,-0.1073,0.1176
14,2026-08-30,1.0,0.3277,0.1665,0.3081,-0.0012,0.4959
15,2026-08-30,1.0,0.3291,0.1538,0.2497,-0.0582,0.29
16,2026-08-30,1.0,0.3179,0.1856,0.1708,-0.1475,0.1201
17,2026-08-30,1.0,0.3598,0.1466,0.2841,-0.0147,0.4501
18,2026-08-30,1.0,0.2631,0.1077,0.2717,0.0557,0.6121
19,2026-08-30,1.0,0.3299,0.125,0.2386,-0.0793,0.3088
20,2026-08-30,1.0,0.294,0.172,0.1004,-0.1836,0.1175
21,2026-08-30,1.0,0.3221,0.1646,0.2547,-0.0946,0.2391
22,2026-08-30,1.0,0.4544,0.2631,0.2717,-0.2154,0.1766
23,2026-08-30,1.0,0.3524,0.165,0.2385,-0.1058,0.2166
24,2026-08-30,1.0,0.3258,0.187,0.1167,-0.1745,0.1417
25,2026-08-30,1.0,0.4785,0.2608,0.1997,-0.2839,0.0299
1,2026-09-02,1.0,0.2581,0.1347,0.1732,-0.0711,0.241
2,2026-09-02,1.0,0.3429,0.1622,0.2665,-0.0618,0.2889
3,2026-09-02,1.0,0.2849,0.1443,0.264,0.0164,0.568
4,2026-09-02,1.0,0.3284,0.1629,0.2187,-0.0721,0.2802
5,2026-09-02,1.0,0.0144,0.0001,-0.0137,-0.0299,0.4527
6,2026-09-02,1.0,0.2563,0.1363,0.1775,-0.0586,0.2497
7,2026-09-02,1.0,0.3006,0.1524,0.2639,-0.0021,0.4917
8,2026-09-02,1.0,0.3737,0.1711,0.2521,-0.0819,0.2169
9,2026-09-02,1.0,0.3626,0.1833,0.2575,-0.0679,0.3045
10,2026-09-02,1.0,0.3245,0.1599,0.2226,-0.1014,0.1937
11,2026-09-02,1.0,0.2373,0.1175,0.2323,0.0161,0.5845
12,2026-09-02,1.0,0.3034,0.1301,0.2526,-0.005,0.48
13,2026-09-02,1.0,0.3597,0.1654,0.2209,-0.0896,0.1267
14,2026-09-02,1.0,0.3123,0.1633,0.2988,0.0163,0.567
15,2026-09-02,1.0,0.2974,0.1466,0.238,-0.0447,0.2775
16,2026-09-02,1.0,0.2834,0.1644,0.158,-0.1148,0.11
17,2026-09-02,1.0,0.3431,0.1387,0.2763,-0.0181,0.4226
18,2026-09-02,1.0,0.2538,0.1153,0.241,0.0311,0.5853
19,2026-09-02,1.0,0.2958,0.1095,0.2156,-0.0772,0.1856
20,2026-09-02,1.0,0.2679,0.157,0.0957,-0.1584,0.147
21,2026-09-02,1.0,0.3091,0.1656,0.2385,-0.0716,0.2249
22,2026-09-02,1.0,0.4232,0.2285,0.2841,-0.1607,0.2051
23,2026-09-02,1.0,0.29,0.1383,0.2233,-0.0641,0.2126
24,2026-09-02,1.0,0.3073,0.1661,0.0984,-0.1782,0.1389
25,2026-09-02,1.0,0.3815,0.2087,0.1946,-0.1646,0.0424
1,2026-09-04,0.9851,0.2971,0.1426,0.1761,-0.1343,0.2051
2,2026-09-04,0.9984,0.4279,0.183,0.2645,-0.2061,0.1776
3,2026-09-04,0.9986,0.3237,0.1503,0.2636,-0.0275,0.4227
4,2026-09-04,1.0,0.3802,0.1709,0.2061,-0.1546,0.1753
5,2026-09-04,0.9517,-0.0041,-0.0141,-0.008,-0.019,0.4502
6,2026-09-04,0.9909,0.3002,0.1483,0.1772,-0.1125,0.1794
7,2026-09-04,0.9977,0.4099,0.175,0.268,-0.0975,0.2892
8,2026-09-04,0.9648,0.4827,0.1952,0.2513,-0.2164,0.1045
9,2026-09-04,0.9403,0.449,0.2048,0.2553,-0.1548,0.1937
10,2026-09-04,0.9929,0.3961,0.1727,0.2126,-0.1893,0.1086
11,2026-09-04,1.0,0.2779,0.127,0.2269,-0.0149,0.4468
12,2026-09-04,0.8972,0.4011,0.1518,0.2579,-0.1027,0.3075
13,2026-09-04,1.0,0.4496,0.1851,0.2066,-0.2133,0.042
14,2026-09-04,1.0,0.3553,0.1682,0.2844,-0.0313,0.4205
15,2026-09-04,0.9976,0.3738,0.157,0.2345,-0.1155,0.2029
16,2026-09-04,0.9965,0.3693,0.2031,0.1514,-0.231,0.0623
17,2026-09-04,1.0,0.4146,0.1491,0.2654,-0.1205,0.2334
18,2026-09-04,0.885,0.289,0.112,0.2494,-0.0132,0.4655
19,2026-09-04,1.0,0.3974,0.1319,0.2088,-0.1723,0.117
20,2026-09-04,0.9892,0.3333,0.1903,0.0853,-0.2668,0.0503
21,2026-09-04,0.9725,0.334,0.1639,0.2416,-0.1142,0.2194
22,2026-09-04,1.0,0.5383,0.2805,0.3135,-0.4059,0.1486
23,2026-09-04,1.0,0.4082,0.1754,0.2147,-0.2115,0.121
24,2026-09-04,1.0,0.4185,0.2197,0.0744,-0.3335,0.0711
25,2026-09-04,0.8308,0.6483,0.3054,0.1847,-0.4998,0.0282
1,2026-09-07,1.0,0.2641,0.1309,0.1361,-0.1239,0.2093
2,2026-09-07,0.9762,0.3372,0.1425,0.2412,-0.0922,0.2987
3,2026-09-07,1.0,0.2919,0.1462,0.2277,-0.04,0.3412
4,2026-09-07,1.0,0.3218,0.15,0.1554,-0.1385,0.1442
5,2026-09-07,0.9731,-0.0039,-0.0108,-0.0161,-0.0204,0.4593
6,2026-09-07,1.0,0.2769,0.1464,0.1345,-0.1296,0.1414
7,2026-09-07,0.9997,0.3497,0.1638,0.2294,-0.096,0.2466
8,2026-09-07,0.9445,0.3749,0.1591,0.2239,-0.1254,0.1886
9,2026-09-07,1.0,0.3752,0.1768,0.22,-0.1293,0.245
10,2026-09-07,1.0,0.3471,0.1618,0.1729,-0.1773,0.074
11,2026-09-07,1.0,0.2469,0.1202,0.1905,-0.0408,0.3182
12,2026-09-07,1.0,0.3063,0.1135,0.2169,-0.0525,0.3677
13,2026-09-07,1.0,0.3742,0.1617,0.1654,-0.179,0.0452
14,2026-09-07,1.0,0.321,0.163,0.2513,-0.0552,0.3662
15,2026-09-07,1.0,0.3163,0.1468,0.1991,-0.1145,0.128
16,2026-09-07,1.0,0.3136,0.1794,0.1067,-0.2171,0.0611
17,2026-09-07,0.9802,0.3495,0.1328,0.2371,-0.0889,0.2335
18,2026-09-07,1.0,0.2584,0.1091,0.2077,-0.0251,0.4349
19,2026-09-07,1.0,0.3251,0.1133,0.176,-0.1425,0.0882
20,2026-09-07,1.0,0.2987,0.1778,0.0592,-0.2447,0.0759
21,2026-09-07,1.0,0.3064,0.1591,0.1872,-0.1298,0.1593
22,2026-09-07,0.9953,0.3803,0.1727,0.2803,-0.0753,0.3845
23,2026-09-07,1.0,0.3473,0.1591,0.1856,-0.1842,0.0666
24,2026-09-07,1.0,0.3149,0.176,0.0389,-0.265,0.0729
25,2026-09-07,1.0,0.5144,0.2585,0.1697,-0.3824,0.0305
1,2026-09-09,1.0,0.2826,0.1451,0.1478,-0.138,0.1744
2,2026-09-09,1.0,0.3907,0.1808,0.2543,-0.1693,0.1659
3,2026-09-09,1.0,0.306,0.1617,0.2459,-0.0325,0.3877
4,2026-09-09,1.0,0.345,0.169,0.1744,-0.1487,0.1497
5,2026-09-09,1.0,0.0088,-0.0111,-0.0172,-0.0439,0.4174
6,2026-09-09,1.0,0.2834,0.1533,0.1458,-0.1289,0.1531
7,2026-09-09,1.0,0.3627,0.1799,0.2431,-0.116,0.2237
8,2026-09-09,1.0,0.4192,0.1883,0.2342,-0.1844,0.1024
9,2026-09-09,1.0,0.3933,0.1939,0.2381,-0.1412,0.2396
10,2026-09-09,1.0,0.3535,0.1716,0.1915,-0.1789,0.0892
11,2026-09-09,1.0,0.2579,0.1324,0.2053,-0.0358,0.3546
12,2026-09-09,1.0,0.3211,0.1307,0.2333,-0.0721,0.3554
13,2026-09-09,1.0,0.3906,0.1784,0.1893,-0.1816,0.041
14,2026-09-09,1.0,0.3312,0.1804,0.2697,-0.0586,0.3564
15,2026-09-09,1.0,0.3392,0.1616,0.2198,-0.1202,0.1319
16,2026-09-09,1.0,0.3292,0.1964,0.1204,-0.2145,0.0773
17,2026-09-09,1.0,0.3656,0.1479,0.2507,-0.1034,0.2223
18,2026-09-09,1.0,0.2631,0.1139,0.2283,-0.0105,0.4769
19,2026-09-09,1.0,0.3312,0.1316,0.1967,-0.1346,0.1268
20,2026-09-09,1.0,0.3121,0.1873,0.0678,-0.253,0.0743
21,2026-09-09,1.0,0.3291,0.1738,0.2043,-0.1559,0.146
22,2026-09-09,1.0,0.5075,0.2802,0.2828,-0.3555,0.1206
23,2026-09-09,1.0,0.3638,0.1792,0.2118,-0.1682,0.1044
24,2026-09-09,1.0,0.3419,0.1921,0.059,-0.2743,0.07
25,2026-09-09,1.0,0.5376,0.2864,0.1874,-0.3918,0.031
1,2026-09-12,1.0,0.291,0.159,0.1746,-0.1232,0.187
2,2026-09-12,1.0,0.4037,0.2013,0.2613,-0.1749,0.1625
3,2026-09-12,1.0,0.3186,0.1634,0.2902,-0.0008,0.4976
4,2026-09-12,1.0,0.3653,0.1893,0.2085,-0.1366,0.1768
5,2026-09-12,1.0,0.0045,-0.0028,-0.0288,-0.0549,0.4126
6,2026-09-12,1.0,0.294,0.1606,0.184,-0.1054,0.1982
7,2026-09-12,1.0,0.3955,0.1984,0.2785,-0.112,0.264
8,2026-09-12,1.0,0.4389,0.2146,0.2505,-0.1889,0.1064
9,2026-09-12,1.0,0.4263,0.2187,0.2662,-0.155,0.2314
10,2026-09-12,1.0,0.3843,0.1962,0.2269,-0.1774,0.117
11,2026-09-12,1.0,0.2663,0.1362,0.2408,-0.0159,0.4395
12,2026-09-12,1.0,0.3494,0.1548,0.2604,-0.0811,0.3623
13,2026-09-12,1.0,0.4231,0.2033,0.2184,-0.1828,0.0405
14,2026-09-12,1.0,0.355,0.1932,0.3083,-0.0608,0.3732
15,2026-09-12,0.9998,0.3522,0.1743,0.2513,-0.1004,0.1885
16,2026-09-12,1.0,0.352,0.2083,0.1592,-0.2086,0.0783
17,2026-09-12,1.0,0.3838,0.1659,0.2733,-0.0908,0.2592
18,2026-09-12,1.0,0.2774,0.1266,0.2655,0.0208,0.538
19,2026-09-12,1.0,0.355,0.1336,0.2359,-0.1163,0.2399
20,2026-09-12,1.0,0.3247,0.1981,0.0862,-0.2439,0.0776
21,2026-09-12,1.0,0.3317,0.1863,0.2485,-0.1272,0.2081
22,2026-09-12,1.0,0.5248,0.3188,0.2624,-0.4024,0.114
23,2026-09-12,1.0,0.3855,0.1856,0.2389,-0.1701,0.1504
24,2026-09-12,1.0,0.3792,0.2125,0.0977,-0.2432,0.0865
25,2026-09-12,1.0,0.5794,0.3141,0.2032,-0.4176,0.0229
1,2026-09-14,0.9971,0.2629,0.1337,0.1848,-0.0875,0.242
2,2026-09-14,1.0,0.362,0.1615,0.2696,-0.0968,0.2539
3,2026-09-14,1.0,0.2954,0.1427,0.2962,0.0303,0.5849
4,2026-09-14,1.0,0.3175,0.1517,0.2233,-0.0773,0.2763
5,2026-09-14,0.9665,-0.0044,-0.0083,-0.0169,-0.0241,0.4511
6,2026-09-14,1.0,0.2638,0.1368,0.1952,-0.0617,0.287
7,2026-09-14,1.0,0.3421,0.1603,0.283,-0.0446,0.373
8,2026-09-14,1.0,0.392,0.1683,0.2577,-0.114,0.1891
9,2026-09-14,1.0,0.3678,0.174,0.2711,-0.0891,0.2822
10,2026-09-14,1.0,0.3285,0.1533,0.2327,-0.1136,0.1924
11,2026-09-14,1.0,0.2491,0.1204,0.2448,0.0125,0.5467
12,2026-09-14,1.0,0.2935,0.1186,0.2571,-0.0373,0.4254
13,2026-09-14,1.0,0.3629,0.1618,0.2222,-0.1223,0.099
14,2026-09-14,1.0,0.3192,0.1629,0.3182,0.003,0.5096
15,2026-09-14,1.0,0.322,0.1462,0.2498,-0.0679,0.2801
16,2026-09-14,1.0,0.3102,0.1772,0.1738,-0.1515,0.1221
17,2026-09-14,1.0,0.3422,0.1262,0.2852,-0.0224,0.4191
18,2026-09-14,1.0,0.2491,0.1003,0.2693,0.0554,0.6044
19,2026-09-14,1.0,0.3256,0.1175,0.2308,-0.0958,0.2758
20,2026-09-14,1.0,0.2891,0.1703,0.1068,-0.1865,0.0989
21,2026-09-14,1.0,0.3051,0.159,0.2579,-0.0892,0.2516
22,2026-09-14,1.0,0.4255,0.2286,0.2791,-0.2204,0.1813
23,2026-09-14,1.0,0.3446,0.1576,0.2286,-0.1293,0.1896
24,2026-09-14,1.0,0.3196,0.1782,0.1148,-0.1917,0.1235
25,2026-09-14,1.0,0.4759,0.2447,0.1911,-0.3133,0.0277
1,2026-09-16,0.9998,0.2762,0.15,0.1869,-0.0968,0.2339
2,2026-09-16,1.0,0.3737,0.1705,0.2721,-0.0952,0.2564
3,2026-09-16,0.9992,0.3045,0.161,0.2719,-0.0168,0.4353
4,2026-09-16,0.9995,0.3289,0.1661,0.2269,-0.0807,0.2648
5,2026-09-16,0.8518,0.0206,-0.0038,-0.0266,-0.0657,0.3665
6,2026-09-16,0.9496,0.2782,0.155,0.1889,-0.0884,0.1826
7,2026-09-16,0.9898,0.3489,0.1762,0.2884,-0.0429,0.3691
8,2026-09-16,0.9993,0.3872,0.1802,0.2557,-0.1038,0.1896
9,2026-09-16,0.9736,0.391,0.202,0.2649,-0.1085,0.2495
10,2026-09-16,0.994,0.3344,0.1701,0.2233,-0.1238,0.1441
11,2026-09-16,1.0,0.2559,0.1317,0.2346,-0.0105,0.4524
12,2026-09-16,0.9452,0.3254,0.1413,0.2722,-0.0456,0.4047
13,2026-09-16,1.0,0.3647,0.1764,0.2201,-0.1166,0.0855
14,2026-09-16,0.9995,0.3302,0.1781,0.3021,-0.001,0.4966
15,2026-09-16,0.9986,0.3329,0.1641,0.2562,-0.0706,0.2654
16,2026-09-16,0.9929,0.3189,0.1939,0.1669,-0.1586,0.0975
17,2026-09-16,1.0,0.3426,0.1425,0.272,-0.0353,0.3667
18,2026-09-16,0.9693,0.2686,0.1206,0.2338,-0.0074,0.4806
19,2026-09-16,1.0,0.3241,0.1309,0.2022,-0.1241,0.1004
20,2026-09-16,0.9984,0.296,0.1815,0.0939,-0.2014,0.0984
21,2026-09-16,0.9965,0.3249,0.1773,0.2479,-0.0952,0.207
22,2026-09-16,0.9972,0.433,0.2371,0.2964,-0.1816,0.2165
23,2026-09-16,1.0,0.3409,0.1709,0.2089,-0.1447,0.1029
24,2026-09-16,1.0,0.3174,0.1815,0.0833,-0.218,0.107
25,2026-09-16,0.8928,0.4897,0.273,0.2112,-0.2901,0.0341
1,2026-09-17,1.0,0.2765,0.1402,0.1742,-0.1035,0.2244
2,2026-09-17,1.0,0.3698,0.1625,0.2651,-0.1089,0.2241
3,2026-09-17,1.0,0.3091,0.1526,0.2561,-0.0254,0.404
4,2026-09-17,1.0,0.334,0.1579,0.2105,-0.0942,0.2507
5,2026-09-17,0.9983,0.0094,-0.0065,-0.0328,-0.0369,0.4467
6,2026-09-17,1.0,0.2726,0.1463,0.161,-0.0971,0.1928
7,2026-09-17,1.0,0.3602,0.1728,0.2734,-0.056,0.3324
8,2026-09-17,1.0,0.375,0.165,0.2461,-0.1049,0.1638
9,2026-09-17,1.0,0.3927,0.1845,0.2501,-0.1144,0.2651
10,2026-09-17,1.0,0.3478,0.1641,0.2068,-0.1432,0.1202
11,2026-09-17,1.0,0.2588,0.1261,0.2166,-0.0275,0.3789
12,2026-09-17,1.0,0.3186,0.1189,0.2623,-0.0349,0.4278
13,2026-09-17,1.0,0.3773,0.1665,0.215,-0.1235,0.1011
14,2026-09-17,1.0,0.3405,0.1733,0.2814,-0.0275,0.4205
15,2026-09-17,1.0,0.3305,0.1548,0.2322,-0.086,0.1738
16,2026-09-17,1.0,0.3306,0.1891,0.1445,-0.1794,0.1069
17,2026-09-17,1.0,0.3555,0.1345,0.2645,-0.0568,0.3151
18,2026-09-17,1.0,0.2694,0.1128,0.2317,-0.0065,0.483
19,2026-09-17,1.0,0.3165,0.1139,0.1987,-0.1143,0.1122
20,2026-09-17,1.0,0.3064,0.1824,0.0801,-0.2209,0.1214
21,2026-09-17,1.0,0.3163,0.1658,0.2245,-0.0924,0.1992
22,2026-09-17,1.0,0.4422,0.2295,0.303,-0.1971,0.2131
23,2026-09-17,1.0,0.3435,0.1595,0.2202,-0.1286,0.1362
24,2026-09-17,1.0,0.3229,0.1782,0.0751,-0.22,0.1133
25,2026-09-17,1.0,0.4583,0.2401,0.2127,-0.2453,0.0446
