date,stand,part,n_valid,n_all,ndvi,ndmi,mndwi
2020-01-04,5,control,6498,7159,0.262596070766449,0.44350576400756836,0.10679192841053009
2020-01-07,5,control,7034,7159,0.2122744619846344,0.5493050217628479,0.4277990460395813
2020-01-09,5,control,6976,7159,0.15632522106170654,0.4380222260951996,0.35292452573776245
2020-01-17,5,control,6967,7159,0.30694347620010376,0.46713924407958984,0.06843248754739761
2020-01-19,5,control,7135,7159,0.20638911426067352,0.5616735219955444,0.40572845935821533
2020-01-22,5,control,7053,7159,0.17620712518692017,0.5291979908943176,0.39425328373908997
2020-01-27,5,control,6447,7159,0.262142151594162,0.41460487246513367,0.08330348134040833
2020-02-01,5,control,6651,7159,0.25138065218925476,0.4065752625465393,0.07662280648946762
2020-02-06,5,control,6998,7159,-0.0114006157964468,0.39032477140426636,0.5104942321777344
2020-02-08,5,control,7142,7159,0.1996418833732605,0.4250677227973938,0.16251149773597717
2020-02-13,5,control,793,7159,0.15853020548820496,0.3995893895626068,0.1927584409713745
2020-02-16,5,control,6597,7159,0.2544262409210205,0.4826188087463379,0.16713787615299225
2020-02-21,5,control,2127,7159,0.07450948655605316,0.392019122838974,0.4108196198940277
2020-02-23,5,control,4577,7159,0.22841566801071167,0.3860868513584137,0.1279311180114746
2020-02-26,5,control,0,7159,,,
2020-02-28,5,control,1171,7159,0.20989671349525452,0.34107476472854614,0.06997314840555191
2020-03-02,5,control,28,7159,0.2763879895210266,0.35839906334877014,0.155131995677948
2020-03-04,5,control,4468,7159,0.17161577939987183,0.5643742084503174,0.402079701423645
2020-03-07,5,control,7036,7159,0.015834396705031395,0.44922971725463867,0.5484265089035034
2020-03-12,5,control,5825,7159,0.2561677396297455,0.4447939991950989,0.18163390457630157
2020-03-17,5,control,5514,7159,0.18254250288009644,0.42481398582458496,0.23651045560836792
2020-03-22,5,control,1243,7159,0.30572378635406494,0.4264184832572937,0.19821907579898834
2020-03-24,5,control,4738,7159,0.2695564031600952,0.38614773750305176,0.09779534488916397
2020-03-27,5,control,1119,7159,0.18520872294902802,0.33586210012435913,0.14787033200263977
2020-04-01,5,control,6431,7159,0.20656602084636688,0.407926470041275,0.14305847883224487
2020-04-03,5,control,3928,7159,0.0798589214682579,0.3238503634929657,0.28474926948547363
2020-04-06,5,control,6483,7159,0.10338740795850754,0.40842002630233765,0.3560216724872589
2020-04-18,5,control,6568,7159,0.1775917410850525,0.3754179775714874,0.13788948953151703
2020-04-23,5,control,5358,7159,0.21842944622039795,0.3549487590789795,0.09362991154193878
2020-04-26,5,control,6286,7159,0.21703173220157623,0.34665513038635254,0.07246086001396179
2020-05-03,5,control,5384,7159,0.07428960502147675,0.36846938729286194,0.35017478466033936
2020-05-08,5,control,6078,7159,0.2200813889503479,0.36645251512527466,0.10791362076997757
2020-05-11,5,control,64,7159,0.35735243558883667,0.3699590563774109,0.06428925693035126
2020-05-13,5,control,6194,7159,0.21405860781669617,0.4320562779903412,0.18689373135566711
2020-05-18,5,control,4683,7159,0.1965714544057846,0.3540680706501007,0.1630978137254715
2020-05-23,5,control,5690,7159,0.23347586393356323,0.3443501889705658,0.08497469127178192
2020-05-28,5,control,6857,7159,0.19370725750923157,0.3520527184009552,0.0893510952591896
2020-05-31,5,control,207,7159,0.3420788645744324,0.35787057876586914,0.07504339516162872
2020-06-02,5,control,4496,7159,0.1286807358264923,0.33854401111602783,0.2297680675983429
2020-06-07,5,control,4265,7159,0.24984106421470642,0.3680797517299652,0.13222110271453857
2020-06-12,5,control,6385,7159,0.23752053081989288,0.3936966359615326,0.14435960352420807
2020-06-17,5,control,1237,7159,0.363432377576828,0.3827707767486572,0.11991811543703079
2020-06-20,5,control,5916,7159,0.18587130308151245,0.3224867284297943,0.10978494584560394
2020-06-22,5,control,708,7159,0.4579326808452606,0.3605876564979553,-0.04777535796165466
2020-06-27,5,control,44,7159,0.3271786570549011,0.32378995418548584,0.07193361967802048
2020-07-02,5,control,4006,7159,0.17795829474925995,0.33436423540115356,0.17881910502910614
2020-07-07,5,control,6958,7159,0.2383681833744049,0.35274702310562134,0.08604852855205536
2020-07-12,5,control,345,7159,0.3894623816013336,0.34549573063850403,0.03345969691872597
2020-07-17,5,control,1935,7159,0.16579268872737885,0.2778058350086212,0.11449651420116425
2020-07-22,5,control,4033,7159,0.20978085696697235,0.3084813356399536,0.10979074984788895
2020-07-25,5,control,489,7159,0.3474818468093872,0.32679975032806396,0.024827510118484497
2020-07-27,5,control,4257,7159,0.17267392575740814,0.33042144775390625,0.17464515566825867
2020-08-01,5,control,471,7159,0.36162272095680237,0.2840283513069153,-0.021315958350896835
2020-08-04,5,control,902,7159,0.19293442368507385,0.33155930042266846,0.1985769271850586
2020-08-06,5,control,357,7159,0.3731635808944702,0.341843843460083,0.03713696822524071
2020-08-14,5,control,688,7159,0.2875060439109802,0.26594266295433044,0.044577792286872864
2020-08-19,5,control,728,7159,0.3128606081008911,0.3325327932834625,0.07245231419801712
2020-08-21,5,control,395,7159,0.363284170627594,0.33016321063041687,0.05106641352176666
2020-08-24,5,control,304,7159,0.2760028839111328,0.31881678104400635,0.1102001965045929
2020-08-26,5,control,4578,7159,0.21449388563632965,0.346850723028183,0.16232351958751678
2020-08-29,5,control,771,7159,0.2751472294330597,0.2863023281097412,0.042432691901922226
2020-08-31,5,control,7087,7159,0.22005735337734222,0.2750753164291382,0.04250544309616089
2020-09-03,5,control,5918,7159,0.24962858855724335,0.3021813631057739,0.06053929030895233
2020-09-05,5,control,5672,7159,0.26415807008743286,0.32441282272338867,0.06864273548126221
2020-09-08,5,control,1668,7159,0.34957629442214966,0.341601699590683,0.014450634829699993
2020-09-10,5,control,6918,7159,0.2343580275774002,0.2686234414577484,0.02002568170428276
2020-09-13,5,control,5916,7159,0.2535771131515503,0.27632981538772583,0.026258684694767
2020-09-15,5,control,4753,7159,0.2663247883319855,0.29837068915367126,0.03742071986198425
2020-09-18,5,control,6723,7159,0.2682262063026428,0.3392848074436188,0.07527884840965271
2020-09-20,5,control,7002,7159,0.27466049790382385,0.33350256085395813,0.04932403564453125
2020-09-23,5,control,6838,7159,0.30464112758636475,0.33352455496788025,0.029257047921419144
2020-09-25,5,control,5494,7159,0.26006197929382324,0.31896328926086426,0.05992502719163895
2020-09-28,5,control,6949,7159,0.2502079904079437,0.3063162863254547,0.02979026362299919
2020-09-30,5,control,4750,7159,0.2636760175228119,0.30157017707824707,0.05587755888700485
2020-10-05,5,control,6554,7159,0.26321202516555786,0.3496617376804352,0.08159284293651581
2020-10-08,5,control,5208,7159,0.247247576713562,0.3387411832809448,0.05633946508169174
2020-10-10,5,control,6408,7159,0.2642839550971985,0.32146406173706055,0.03149116784334183
2020-10-13,5,control,6263,7159,0.2354017049074173,0.3226291239261627,0.07384762167930603
2020-10-15,5,control,6732,7159,0.2944352626800537,0.3415323793888092,0.019238069653511047
2020-10-18,5,control,7104,7159,0.28799915313720703,0.3630136251449585,0.035356853157281876
2020-10-20,5,control,7120,7159,0.3018236756324768,0.372654527425766,0.043630361557006836
2020-10-23,5,control,6813,7159,0.3013995587825775,0.3523951470851898,0.012244842015206814
2020-10-25,5,control,5570,7159,0.2516109347343445,0.35769131779670715,0.1148478239774704
2020-10-28,5,control,6788,7159,0.26687702536582947,0.3446729779243469,0.010977206751704216
2020-10-30,5,control,6917,7159,0.2827135920524597,0.347319632768631,0.008941546082496643
2020-11-02,5,control,6894,7159,0.2866631746292114,0.3433014452457428,-0.0029943902045488358
2020-11-04,5,control,6786,7159,0.2798030972480774,0.36380353569984436,0.028941676020622253
2020-11-07,5,control,1663,7159,0.2831042408943176,0.3465772271156311,0.09338978677988052
2020-11-09,5,control,5974,7159,0.2621309757232666,0.35585275292396545,0.04373281076550484
2020-11-12,5,control,6550,7159,0.2064938247203827,0.35734307765960693,0.11836525797843933
2020-11-14,5,control,6317,7159,0.22848863899707794,0.3734537661075592,0.12344466894865036
2020-11-17,5,control,3325,7159,0.28266456723213196,0.38419109582901,0.059355977922677994
2020-11-19,5,control,6812,7159,0.304802268743515,0.3968319892883301,0.053343482315540314
2020-11-22,5,control,6954,7159,0.2875385582447052,0.39592593908309937,0.0857803076505661
2020-11-24,5,control,7045,7159,0.07668913900852203,0.4249970614910126,0.4120742082595825
2020-12-02,5,control,7005,7159,0.2836620509624481,0.3839896023273468,0.03261230140924454
2020-12-04,5,control,6932,7159,0.2604885995388031,0.4011038839817047,0.07961408793926239
2020-12-07,5,control,6933,7159,0.2555495798587799,0.45806801319122314,0.1807456612586975
2020-12-09,5,control,6669,7159,0.08838460594415665,0.37890633940696716,0.3904234766960144
2020-12-12,5,control,7141,7159,0.10499954223632812,0.4612066447734833,0.4845331013202667
2020-12-14,5,control,0,7159,,,
2020-12-17,5,control,5008,7159,0.2906319200992584,0.4335888922214508,0.06807200610637665
2020-12-19,5,control,6961,7159,0.2995990216732025,0.42212486267089844,0.06225543096661568
2020-12-22,5,control,6965,7159,0.2413102388381958,0.4434342086315155,0.1958673745393753
2020-12-24,5,control,7101,7159,0.18367303907871246,0.5015532374382019,0.4344615340232849
2020-12-27,5,control,5045,7159,0.23264238238334656,0.46381518244743347,0.24603556096553802
2020-12-29,5,control,7126,7159,0.20054364204406738,0.453212171792984,0.30466651916503906
2021-01-01,5,control,6880,7159,0.26738661527633667,0.4065895080566406,0.07880287617444992
2021-01-06,5,control,7123,7159,0.24666838347911835,0.4859389066696167,0.1807355135679245
2021-01-11,5,control,6462,7159,-0.01842978596687317,0.45149511098861694,0.5896062850952148
2021-01-13,5,control,6928,7159,0.2717074155807495,0.42728301882743835,0.11293157935142517
2021-01-16,5,control,7100,7159,0.28850600123405457,0.43820083141326904,0.07761853188276291
2021-01-18,5,control,6588,7159,0.2790836691856384,0.41519010066986084,0.07496757060289383
2021-01-21,5,control,6835,7159,0.2706720232963562,0.37909287214279175,0.05604882165789604
2021-01-23,5,control,5859,7159,0.2187676578760147,0.32913506031036377,0.08822926878929138
2021-01-26,5,control,3062,7159,0.08236588537693024,0.3983589708805084,0.40702423453330994
2021-01-28,5,control,6838,7159,0.26753127574920654,0.4174710810184479,0.09288674592971802
2021-01-31,5,control,587,7159,0.14048637449741364,0.3369472026824951,0.16343040764331818
2021-02-02,5,control,6113,7159,0.26802176237106323,0.4442082941532135,0.13178996741771698
2021-02-05,5,control,6876,7159,0.2534300982952118,0.48622867465019226,0.17423784732818604
2021-02-07,5,control,6996,7159,0.12392845749855042,0.4077233672142029,0.3890088200569153
2021-02-12,5,control,6743,7159,0.251246839761734,0.43360617756843567,0.1319931298494339
2021-02-15,5,control,6807,7159,0.2597651779651642,0.4480525255203247,0.13280506432056427
2021-02-17,5,control,6674,7159,0.2704840302467346,0.4398562014102936,0.11614887416362762
2021-02-20,5,control,6735,7159,0.19789808988571167,0.39783814549446106,0.11541975289583206
2021-02-22,5,control,6837,7159,0.1494377851486206,0.4541652798652649,0.3498496115207672
2021-03-02,5,control,798,7159,0.318569540977478,0.379040390253067,0.07951964437961578
2021-03-04,5,control,6399,7159,0.22865916788578033,0.42428913712501526,0.1492197960615158
2021-03-07,5,control,6810,7159,0.21086247265338898,0.46465593576431274,0.2165246307849884
2021-03-09,5,control,5916,7159,0.07899898290634155,0.3508284091949463,0.3825463354587555
2021-03-12,5,control,5906,7159,0.19085010886192322,0.31673455238342285,0.10071957856416702
2021-03-14,5,control,4,7159,,,
2021-03-17,5,control,0,7159,,,
2021-03-19,5,control,229,7159,0.3401154577732086,0.3641517162322998,0.08963553607463837
2021-03-22,5,control,4917,7159,0.2076975256204605,0.3900832533836365,0.17482461035251617
2021-03-24,5,control,6703,7159,0.11962251365184784,0.4233660399913788,0.3406907021999359
2021-03-27,5,control,4237,7159,0.09478378295898438,0.4152581989765167,0.43015623092651367
2021-03-29,5,control,2189,7159,0.24131816625595093,0.39035698771476746,0.12771618366241455
2021-04-01,5,control,6096,7159,0.22874191403388977,0.39540690183639526,0.15901291370391846
2021-04-03,5,control,756,7159,0.3943774700164795,0.4034992456436157,0.022972319275140762
2021-04-06,5,control,6446,7159,0.1851956844329834,0.47188568115234375,0.30226340889930725
2021-04-08,5,control,6112,7159,0.13465702533721924,0.4793631136417389,0.4372541308403015
2021-04-11,5,control,5347,7159,0.1982036679983139,0.33198487758636475,0.11641243100166321
2021-04-13,5,control,5512,7159,0.2094143182039261,0.3453769087791443,0.11119131743907928
2021-04-16,5,control,398,7159,0.3632374405860901,0.3879721760749817,0.05679462105035782
2021-04-18,5,control,0,7159,,,
2021-04-21,5,control,1133,7159,0.27505746483802795,0.36596545577049255,-0.06817203015089035
2021-04-23,5,control,2644,7159,0.1284419298171997,0.4129372239112854,0.34717047214508057
2021-04-26,5,control,568,7159,0.3163183033466339,0.3445245623588562,0.04854892939329147
2021-05-01,5,control,3951,7159,0.20622529089450836,0.3579697012901306,0.13807004690170288
2021-05-03,5,control,6228,7159,0.18011315166950226,0.4285705089569092,0.23662936687469482
2021-05-08,5,control,5597,7159,0.17683430016040802,0.3672367036342621,0.1801833212375641
2021-05-13,5,control,6439,7159,0.2123304009437561,0.3454417288303375,0.08997169137001038
2021-05-18,5,control,4498,7159,0.2297767549753189,0.4126206636428833,0.18964935839176178
2021-05-23,5,control,6738,7159,0.033692825585603714,0.32031530141830444,0.3920971155166626
2021-05-28,5,control,599,7159,0.37460240721702576,0.34651345014572144,-0.001050802180543542
2021-06-02,5,control,6277,7159,0.2032063603401184,0.4037996530532837,0.19136282801628113
2021-06-07,5,control,2995,7159,0.17688123881816864,0.29720136523246765,0.13458722829818726
2021-06-12,5,control,1255,7159,0.1949647217988968,0.33653563261032104,0.13239939510822296
2021-06-17,5,control,1822,7159,0.19025760889053345,0.3764082193374634,0.24499154090881348
2021-06-20,5,control,514,7159,0.23684391379356384,0.2737630605697632,0.13330641388893127
2021-06-22,5,control,2713,7159,0.18309830129146576,0.28912195563316345,0.15327508747577667
2021-06-25,5,control,66,7159,0.34199243783950806,0.3137753903865814,0.01761508174240589
2021-06-27,5,control,726,7159,0.20466388761997223,0.31359028816223145,0.1421254575252533
2021-06-30,5,control,376,7159,0.31041380763053894,0.2949362099170685,0.03501132130622864
2021-07-02,5,control,4807,7159,0.2088855803012848,0.3322980999946594,0.11289767175912857
2021-07-07,5,control,0,7159,,,
2021-07-22,5,control,6004,7159,0.20096421241760254,0.29094627499580383,0.05997491627931595
2021-07-27,5,control,3930,7159,0.2527339458465576,0.3600511848926544,0.10679122805595398
2021-08-01,5,control,4152,7159,0.24825727939605713,0.3227596879005432,0.06948180496692657
2021-08-04,5,control,5331,7159,0.21761812269687653,0.2986607253551483,0.06734093278646469
2021-08-06,5,control,6180,7159,0.2333213984966278,0.28767070174217224,0.04074179381132126
2021-08-09,5,control,5573,7159,0.23386751115322113,0.30759507417678833,0.0696348026394844
2021-08-11,5,control,5081,7159,0.2396572083234787,0.334809273481369,0.10027073323726654
2021-08-16,5,control,5939,7159,0.219438835978508,0.3251020610332489,0.11103083938360214
2021-08-19,5,control,408,7159,0.2941758632659912,0.28346914052963257,0.05667328089475632
2021-08-21,5,control,4399,7159,0.2217487245798111,0.3050771653652191,0.0814887210726738
2021-08-24,5,control,719,7159,0.3323828876018524,0.34617090225219727,0.057373933494091034
2021-08-26,5,control,6782,7159,0.22488869726657867,0.3134932518005371,0.1006888598203659
2021-08-29,5,control,458,7159,0.3374914824962616,0.29278746247291565,0.026024777442216873
2021-08-31,5,control,2850,7159,0.23054519295692444,0.28968408703804016,0.08062828332185745
2021-09-03,5,control,990,7159,0.33595311641693115,0.3142709732055664,0.04336151108145714
2021-09-05,5,control,1123,7159,0.35760071873664856,0.2940705716609955,-0.03151039406657219
2021-09-08,5,control,1200,7159,0.33501696586608887,0.33364760875701904,0.044682908803224564
2021-09-10,5,control,486,7159,0.3881188631057739,0.3405672013759613,0.02531256154179573
2021-09-15,5,control,2742,7159,0.3028821051120758,0.31291356682777405,-0.007211571559309959
2021-09-18,5,control,5927,7159,0.2629380226135254,0.28994300961494446,0.00203112093731761
2021-09-20,5,control,4519,7159,0.23845583200454712,0.31244316697120667,0.06968875229358673
2021-09-23,5,control,6527,7159,0.2605492174625397,0.3518019914627075,0.06762053072452545
2021-09-25,5,control,5847,7159,0.254830002784729,0.339714378118515,0.09386714547872543
2021-09-28,5,control,1033,7159,0.3025631904602051,0.3013876974582672,0.04444427043199539
2021-09-30,5,control,1473,7159,0.32679376006126404,0.3094751834869385,-0.023791104555130005
2021-10-03,5,control,0,7159,,,
2021-10-05,5,control,218,7159,0.16156475245952606,0.1513993889093399,-0.04942374676465988
2021-10-08,5,control,6575,7159,0.2712797224521637,0.3406085968017578,0.04936204478144646
2021-10-10,5,control,6814,7159,0.2708204388618469,0.3594176471233368,0.06962769478559494
2021-10-13,5,control,2923,7159,0.31282883882522583,0.34025344252586365,-0.031358759850263596
2021-11-04,5,control,6918,7159,0.27036237716674805,0.34952908754348755,0.041687868535518646
2021-11-12,5,control,6879,7159,0.256346732378006,0.37054163217544556,0.0930125042796135
2021-11-14,5,control,7027,7159,0.22150087356567383,0.4354762136936188,0.2927820384502411
2021-11-17,5,control,6547,7159,0.21999958157539368,0.3477669358253479,0.10378348082304001
2021-11-19,5,control,2247,7159,0.06257903575897217,0.34794706106185913,0.37066829204559326
2021-11-22,5,control,6876,7159,0.2820875644683838,0.3769829273223877,0.05734185129404068
2021-11-24,5,control,2898,7159,0.3485788404941559,0.3750349283218384,-0.0502181351184845
2021-11-27,5,control,6977,7159,0.3051449656486511,0.3844926357269287,0.026045678183436394
2021-11-29,5,control,6687,7159,0.23589979112148285,0.3817596733570099,0.10644601285457611
2021-12-02,5,control,0,7159,,,
2021-12-04,5,control,2361,7159,0.21694250404834747,0.2748464345932007,0.09513071179389954
2021-12-07,5,control,6978,7159,0.28397536277770996,0.4063158333301544,0.08489516377449036
2021-12-09,5,control,6968,7159,0.30895543098449707,0.40474048256874084,0.04913140833377838
2021-12-17,5,control,7134,7159,0.19747394323349,0.44592729210853577,0.3587746024131775
2021-12-22,5,control,7159,7159,0.34515872597694397,0.4376528859138489,-0.0027877106331288815
2021-12-24,5,control,6854,7159,0.2953662872314453,0.4078004062175751,0.0590791329741478
2021-12-27,5,control,6966,7159,0.27758723497390747,0.4330224096775055,0.10338831692934036
2022-01-06,5,control,0,7159,,,
2022-01-08,5,control,7113,7159,0.2827315628528595,0.4639988839626312,0.10952729731798172
2022-01-11,5,control,7016,7159,0.265106201171875,0.5742558240890503,0.3117971420288086
2022-01-13,5,control,7104,7159,0.14716608822345734,0.5385224223136902,0.507653534412384
2022-01-18,5,control,7095,7159,0.23436519503593445,0.3802453577518463,0.05441134050488472
2022-01-21,5,control,4236,7159,0.194025456905365,0.4389384984970093,0.31590157747268677
2022-01-23,5,control,6399,7159,0.3174249231815338,0.40313825011253357,0.02781231701374054
2022-01-26,5,control,7159,7159,0.25077351927757263,0.43363985419273376,0.0939195528626442
2022-01-31,5,control,7159,7159,0.20584994554519653,0.3802027106285095,0.13854993879795074
2022-02-02,5,control,5110,7159,0.25983673334121704,0.42846041917800903,0.10802841186523438
2022-02-05,5,control,7159,7159,0.28915131092071533,0.42414453625679016,0.038383617997169495
2022-02-07,5,control,4,7159,,,
2022-02-10,5,control,7061,7159,0.2443043291568756,0.5052655935287476,0.18551810085773468
2022-02-12,5,control,7071,7159,0.1436918079853058,0.4670187830924988,0.43068552017211914
2022-02-15,5,control,7159,7159,0.20158034563064575,0.4129343032836914,0.1483694165945053
2022-02-17,5,control,7094,7159,0.2701689600944519,0.4100869297981262,0.052986931055784225
2022-02-20,5,control,7159,7159,0.25495806336402893,0.4162212014198303,0.06187025457620621
2022-02-25,5,control,7159,7159,0.21795760095119476,0.47855144739151,0.22650307416915894
2022-02-27,5,control,0,7159,,,
2022-03-02,5,control,7021,7159,0.2451249063014984,0.39705485105514526,0.07734950631856918
2022-03-07,5,control,7159,7159,0.278724730014801,0.4038776457309723,0.0031152472365647554
2022-03-09,5,control,627,7159,0.19939082860946655,0.3009137511253357,0.0861297994852066
2022-03-14,5,control,7155,7159,0.1014488935470581,0.4092506170272827,0.41434428095817566
2022-03-17,5,control,7155,7159,0.04983362928032875,0.2359251081943512,0.29003581404685974
2022-03-19,5,control,7152,7159,0.23619137704372406,0.3646635115146637,0.05341083183884621
2022-03-22,5,control,7159,7159,0.2457226812839508,0.40898093581199646,0.07698366791009903
2022-03-24,5,control,7066,7159,0.2513582110404968,0.41655227541923523,0.09780879318714142
2022-03-27,5,control,6942,7159,0.04410281032323837,0.2970057725906372,0.36800605058670044
2022-03-29,5,control,7155,7159,0.16842059791088104,0.3355616331100464,0.12796901166439056
2022-04-01,5,control,7159,7159,0.22907209396362305,0.3784126937389374,0.06048521772027016
2022-04-03,5,control,7159,7159,0.2528466582298279,0.3849962651729584,0.057031337171792984
2022-04-06,5,control,7159,7159,0.2375500500202179,0.37939566373825073,0.07613091915845871
2022-04-08,5,control,7093,7159,0.21430721879005432,0.37904092669487,0.10536011308431625
2022-04-11,5,control,7159,7159,0.2294471561908722,0.40215134620666504,0.10996288806200027
2022-04-13,5,control,7147,7159,0.13779184222221375,0.3286365866661072,0.24921418726444244
2022-04-16,5,control,493,7159,0.22164921462535858,0.32176443934440613,0.07081891596317291
2022-04-21,5,control,7159,7159,0.20322540402412415,0.37238609790802,0.11566976457834244
2022-04-23,5,control,4791,7159,0.16770145297050476,0.3345348834991455,0.1824154108762741
2022-04-28,5,control,6196,7159,0.19552579522132874,0.3388937711715698,0.07724910974502563
2022-05-01,5,control,7159,7159,0.2615373134613037,0.33762118220329285,-0.04573054611682892
2022-05-03,5,control,7159,7159,0.21605099737644196,0.33988073468208313,0.08341889828443527
2022-05-06,5,control,7159,7159,0.19253917038440704,0.2878725230693817,0.005556986667215824
2022-05-08,5,control,7133,7159,0.21835081279277802,0.38697415590286255,0.12011080235242844
2022-05-11,5,control,5759,7159,0.17559480667114258,0.2828625440597534,0.05435146391391754
2022-05-13,5,control,7159,7159,0.1551973819732666,0.3923099935054779,0.27562516927719116
2022-05-18,5,control,7159,7159,0.16536356508731842,0.3034781515598297,0.0917511060833931
2022-05-23,5,control,7159,7159,0.20935854315757751,0.39843660593032837,0.15880011022090912
2022-05-28,5,control,7159,7159,0.1830819994211197,0.29049864411354065,0.056391794234514236
2022-05-31,5,control,7159,7159,0.27093496918678284,0.30831658840179443,-0.07114699482917786
2022-06-02,5,control,7159,7159,0.2173355221748352,0.3218088150024414,0.040767308324575424
2022-06-05,5,control,7159,7159,0.22929461300373077,0.33534538745880127,0.05590761825442314
2022-06-07,5,control,7159,7159,0.19930399954319,0.3473566472530365,0.0982140451669693
2022-06-10,5,control,7159,7159,0.167666494846344,0.29827970266342163,0.09440407902002335
2022-06-12,5,control,7159,7159,0.1949055939912796,0.3154647648334503,0.07968735694885254
2022-06-15,5,control,7159,7159,0.21513625979423523,0.2677115797996521,-0.046032726764678955
2022-06-17,5,control,7159,7159,0.22204679250717163,0.33418241143226624,0.06999292224645615
2022-06-20,5,control,7157,7159,0.21679209172725677,0.3273733854293823,0.04428892582654953
2022-06-22,5,control,7159,7159,0.21852336823940277,0.3648536801338196,0.14142781496047974
2022-06-25,5,control,7159,7159,0.17874881625175476,0.2536945641040802,0.07067489624023438
2022-06-27,5,control,6695,7159,0.15842993557453156,0.2679928243160248,0.08662006258964539
2022-07-05,5,control,2582,7159,0.07659774273633957,0.19950002431869507,0.13102096319198608
2022-07-12,5,control,7136,7159,0.29498982429504395,0.32147741317749023,-0.022951968014240265
2022-07-15,5,control,7159,7159,0.27747100591659546,0.26038286089897156,-0.10906264930963516
2022-07-22,5,control,6570,7159,0.21076726913452148,0.2764444351196289,0.02156556025147438
2022-07-25,5,control,6505,7159,0.24526625871658325,0.2600143849849701,-0.02141094021499157
2022-08-01,5,control,3639,7159,0.21641260385513306,0.27347153425216675,0.050101906061172485
2022-08-04,5,control,7159,7159,0.2942417860031128,0.28952279686927795,-0.11804952472448349
2022-08-06,5,control,7159,7159,0.22289331257343292,0.28789401054382324,0.023814255371689796
2022-08-09,5,control,7159,7159,0.2809619903564453,0.2693982720375061,-0.08592294901609421
2022-08-11,5,control,6612,7159,0.26371699571609497,0.2819972336292267,-0.02029244601726532
2022-08-16,5,control,0,7159,,,
2022-08-19,5,control,6314,7159,0.26421159505844116,0.2775481641292572,-0.021263277158141136
2022-08-21,5,control,7136,7159,0.274843692779541,0.2998517155647278,-0.003784546861425042
2022-08-24,5,control,0,7159,,,
2022-08-26,5,control,7159,7159,0.2370857298374176,0.26639437675476074,0.0027179685421288013
2022-08-29,5,control,7159,7159,0.24802257120609283,0.2927728593349457,0.0076255109161138535
2022-08-31,5,control,7159,7159,0.26556462049484253,0.3085647225379944,0.029064437374472618
2022-09-03,5,control,7159,7159,0.2666437029838562,0.2800944447517395,-0.02165287919342518
2022-09-05,5,control,7146,7159,0.2809728980064392,0.2971794605255127,-0.03127420321106911
2022-09-08,5,control,7159,7159,0.21940889954566956,0.2734830677509308,0.016691040247678757
2022-09-10,5,control,7159,7159,0.2710399627685547,0.28785863518714905,-0.0073790475726127625
2022-09-13,5,control,7159,7159,0.30357086658477783,0.3105395436286926,-0.03830217197537422
2022-09-15,5,control,7148,7159,0.28661012649536133,0.3134744167327881,-0.01384544838219881
2022-09-18,5,control,7159,7159,0.2855503261089325,0.29644960165023804,-0.04173695296049118
2022-09-20,5,control,6697,7159,0.28420332074165344,0.28866350650787354,-0.03997061029076576
2022-09-23,5,control,7159,7159,0.2743072211742401,0.2831401824951172,-0.03606889396905899
2022-09-25,5,control,6484,7159,0.273718923330307,0.3121521770954132,0.001470293034799397
2022-09-28,5,control,7159,7159,0.27922022342681885,0.3284110426902771,0.0064909979701042175
2022-09-30,5,control,7096,7159,0.259121835231781,0.3243463635444641,0.032257989048957825
2022-10-03,5,control,7159,7159,0.2907243072986603,0.31285321712493896,-0.02100926823914051
2022-10-05,5,control,7158,7159,0.23592141270637512,0.2902895510196686,0.025328254327178
2022-10-08,5,control,7159,7159,0.26446232199668884,0.31013935804367065,0.003442320041358471
2022-10-10,5,control,7159,7159,0.2788994610309601,0.3255693316459656,0.025330692529678345
2022-10-13,5,control,7159,7159,0.2999993860721588,0.327170193195343,-0.006131705828011036
2022-10-15,5,control,7090,7159,0.28432923555374146,0.3186521530151367,-0.010077036917209625
2022-10-18,5,control,7159,7159,0.2710275650024414,0.3226463794708252,0.004651127383112907
2022-10-20,5,control,7159,7159,0.2541339099407196,0.31857970356941223,0.02093939483165741
2022-10-23,5,control,7114,7159,0.26298773288726807,0.3057108521461487,-0.02361033484339714
2022-10-25,5,control,7159,7159,0.2748166620731354,0.33163052797317505,-0.001355359680019319
2022-10-28,5,control,7159,7159,0.28219565749168396,0.3514319956302643,0.0015432299114763737
2022-10-30,5,control,790,7159,0.21698644757270813,0.3825933337211609,0.1827922761440277
2022-11-02,5,control,7099,7159,0.3071451485157013,0.358121395111084,-0.009008986875414848
2022-11-04,5,control,6794,7159,0.2668687701225281,0.32480746507644653,-0.01026357151567936
2022-11-07,5,control,7159,7159,0.2836642861366272,0.3460021913051605,-0.06123826280236244
2022-11-09,5,control,7159,7159,0.29923927783966064,0.3413811922073364,-0.036474019289016724
2022-11-12,5,control,6920,7159,0.2781827747821808,0.34493353962898254,0.0013102003140375018
2022-11-14,5,control,3136,7159,0.1952514946460724,0.2579270005226135,0.05413300544023514
2022-11-17,5,control,7101,7159,0.24845628440380096,0.3479789197444916,0.03478670492768288
2022-11-19,5,control,3202,7159,0.29195651412010193,0.32740890979766846,0.0031410325318574905
2022-11-22,5,control,7159,7159,0.20415183901786804,0.3382537066936493,0.07962614297866821
2022-11-24,5,control,5335,7159,0.27063021063804626,0.3279321789741516,-0.013355545699596405
2022-11-29,5,control,7159,7159,0.3067112863063812,0.397085577249527,0.02589692547917366
2022-12-02,5,control,7159,7159,0.1685386598110199,0.44953665137290955,0.286406010389328
2022-12-07,5,control,7159,7159,0.2318287193775177,0.3997228145599365,0.11050771921873093
2022-12-09,5,control,826,7159,0.1890479475259781,0.2034837156534195,-0.06186822056770325
2022-12-12,5,control,6636,7159,0.30858856439590454,0.40368491411209106,0.037363044917583466
2022-12-14,5,control,4837,7159,0.28585007786750793,0.40423187613487244,0.05923327058553696
2022-12-17,5,control,4944,7159,0.18616509437561035,0.41225916147232056,0.21037712693214417
2022-12-19,5,control,0,7159,,,
2022-12-22,5,control,3534,7159,0.03652308136224747,0.412821501493454,0.32808446884155273
2022-12-29,5,control,2725,7159,0.22414471209049225,0.31486502289772034,0.037365201860666275
2023-01-01,5,control,6593,7159,0.0883256047964096,0.5259960293769836,0.4019416868686676
2023-01-08,5,control,3635,7159,0.24400699138641357,0.37756431102752686,0.05416519567370415
2023-01-11,5,control,4604,7159,0.2529522776603699,0.4464196264743805,0.14991827309131622
2023-01-13,5,control,2493,7159,0.18288397789001465,0.2086629718542099,-0.009085392579436302
2023-01-16,5,control,7123,7159,0.25182726979255676,0.5251268744468689,0.15066294372081757
2023-01-21,5,control,6353,7159,0.056210730224847794,0.5427109003067017,0.4551297128200531
2023-01-31,5,control,7159,7159,0.1843830943107605,0.5224809646606445,0.3056739568710327
2023-02-02,5,control,7159,7159,0.10101522505283356,0.41890668869018555,0.27788516879081726
2023-02-05,5,control,6664,7159,0.25307607650756836,0.38206255435943604,-0.006867364048957825
2023-02-07,5,control,7159,7159,0.2863115966320038,0.3917519152164459,-0.00976038258522749
2023-02-10,5,control,2366,7159,0.3362378180027008,0.45834091305732727,0.06459644436836243
2023-02-12,5,control,7159,7159,0.2589346170425415,0.38542160391807556,0.03614077344536781
2023-02-15,5,control,7140,7159,0.24764516949653625,0.45419737696647644,0.1266978234052658
2023-02-17,5,control,962,7159,0.30821776390075684,0.4603421688079834,0.3674757480621338
2023-02-22,5,control,7021,7159,0.2536018192768097,0.4029008746147156,0.050287168473005295
2023-03-02,5,control,2546,7159,0.2862722873687744,0.5800184011459351,0.45862773060798645
2023-03-04,5,control,6758,7159,0.04610023275017738,0.4747798442840576,0.3272361755371094
2023-03-07,5,control,7134,7159,0.24850571155548096,0.3718264400959015,0.022878050804138184
2023-03-09,5,control,5239,7159,0.21597883105278015,0.3230666518211365,0.021704306825995445
2023-03-12,5,control,1984,7159,0.2450936734676361,0.429635226726532,0.18275010585784912
2023-03-14,5,control,7104,7159,0.27191153168678284,0.45758169889450073,0.03710843622684479
2023-03-17,5,control,7159,7159,0.03376014530658722,0.40930259227752686,0.3548364043235779
2023-03-22,5,control,7159,7159,0.2514565587043762,0.4017016887664795,0.06415640562772751
2023-03-24,5,control,1537,7159,0.19371038675308228,0.3292936682701111,0.09871670603752136
2023-03-29,5,control,7098,7159,0.18840540945529938,0.4597645401954651,0.20809784531593323
2023-04-01,5,control,7159,7159,0.029104849323630333,0.3394106328487396,0.28264692425727844
2023-04-03,5,control,6237,7159,0.2064926028251648,0.3224183917045593,0.05191473662853241
2023-04-06,5,control,7159,7159,0.23772569000720978,0.36396777629852295,0.019739512354135513
2023-04-11,5,control,7159,7159,0.23140741884708405,0.37003254890441895,0.035465583205223083
2023-04-16,5,control,6229,7159,0.006802702322602272,0.30329641699790955,0.26728343963623047
2023-04-21,5,control,7159,7159,0.23100729286670685,0.34230703115463257,0.02653714455664158
2023-04-28,5,control,7159,7159,0.2281024008989334,0.40145233273506165,0.11352024227380753
2023-05-01,5,control,7129,7159,0.05970139056444168,0.308631956577301,0.19109539687633514
2023-05-08,5,control,7152,7159,0.24398797750473022,0.3609532117843628,0.07891644537448883
2023-05-11,5,control,7159,7159,0.24244725704193115,0.32914721965789795,-0.02693144418299198
2023-05-13,5,control,7159,7159,0.19325387477874756,0.3937799036502838,0.145593523979187
2023-05-23,5,control,6137,7159,0.19491006433963776,0.3427965044975281,0.07483711838722229
2023-05-26,5,control,7159,7159,0.24837608635425568,0.3337964415550232,-0.04420389607548714
2023-05-28,5,control,7159,7159,0.2576245069503784,0.36116474866867065,0.02407510206103325
2023-05-31,5,control,962,7159,0.24442028999328613,0.22135671973228455,-0.04210096597671509
2023-06-02,5,control,6507,7159,0.21894970536231995,0.29181772470474243,0.010812986642122269
2023-06-05,5,control,7159,7159,0.24419377744197845,0.29979538917541504,-0.042630843818187714
2023-06-07,5,control,7159,7159,0.2376965880393982,0.3405931890010834,0.04009857028722763
2023-06-10,5,control,7159,7159,0.22530820965766907,0.32062485814094543,0.02142598293721676
2023-06-12,5,control,7159,7159,0.17149384319782257,0.3754265010356903,0.16904516518115997
2023-06-15,5,control,7159,7159,0.21814507246017456,0.283616304397583,-0.01443431992083788
2023-06-17,5,control,7120,7159,0.2615787386894226,0.34423595666885376,0.02297522872686386
2023-06-22,5,control,7159,7159,0.2331961989402771,0.33971425890922546,0.041499193757772446
2023-06-25,5,control,7159,7159,0.22622162103652954,0.332369863986969,0.04052901640534401
2023-06-27,5,control,6570,7159,0.22663384675979614,0.3604123294353485,0.0877118706703186
2023-06-30,5,control,7159,7159,0.2495257407426834,0.23009443283081055,-0.08797899633646011
2023-07-02,5,control,7159,7159,0.2606305480003357,0.30849990248680115,-0.004066869616508484
2023-07-05,5,control,7159,7159,0.2605269253253937,0.29150763154029846,-0.05130096524953842
2023-07-07,5,control,6856,7159,0.257813036441803,0.3256649374961853,0.027381738647818565
2023-07-10,5,control,7159,7159,0.2682552933692932,0.31942009925842285,-0.017193520441651344
2023-07-12,5,control,7116,7159,0.23615489900112152,0.2889293432235718,-0.0025160813238471746
2023-07-15,5,control,7159,7159,0.20820266008377075,0.21777565777301788,-0.028848344460129738
2023-07-17,5,control,7159,7159,0.25308600068092346,0.28253495693206787,-0.026375245302915573
2023-07-20,5,control,6799,7159,0.2603300213813782,0.29571226239204407,-0.013498684391379356
2023-07-22,5,control,6116,7159,0.27388912439346313,0.31672537326812744,0.04393383488059044
2023-07-27,5,control,6983,7159,0.2534558176994324,0.2781311571598053,0.002030044561251998
2023-07-30,5,control,7159,7159,0.300538569688797,0.2780223488807678,-0.08500132709741592
2023-08-01,5,control,7159,7159,0.29107651114463806,0.2866237163543701,-0.04458583891391754
2023-08-06,5,control,7021,7159,0.2804092764854431,0.3198215067386627,0.04620950669050217
2023-08-09,5,control,7159,7159,0.25364163517951965,0.2405751794576645,-0.05231213942170143
2023-08-11,5,control,6695,7159,0.229596346616745,0.2637786269187927,0.03949213773012161
2023-08-14,5,control,7159,7159,0.2674015760421753,0.27158135175704956,-0.04610036313533783
2023-08-16,5,control,7159,7159,0.25781872868537903,0.2736012041568756,-0.0013854448916390538
2023-08-19,5,control,7159,7159,0.2604731023311615,0.2676512598991394,-0.04330878704786301
2023-08-21,5,control,7159,7159,0.2713800370693207,0.30008426308631897,0.0020062909461557865
2023-08-24,5,control,7159,7159,0.25718995928764343,0.26002398133277893,-0.03641820326447487
2023-08-26,5,control,7036,7159,0.2594679892063141,0.25550246238708496,-0.03274785727262497
2023-08-29,5,control,7159,7159,0.2641286253929138,0.2688126564025879,-0.010288059711456299
2023-08-31,5,control,7159,7159,0.2629975974559784,0.27377715706825256,-0.01639341562986374
2023-09-03,5,control,7159,7159,0.3009850084781647,0.30644679069519043,-0.023089924827218056
2023-09-05,5,control,7092,7159,0.2628692388534546,0.31100910902023315,0.028375918045639992
2023-09-08,5,control,7159,7159,0.26565346121788025,0.24236519634723663,-0.0282722320407629
2023-09-10,5,control,7107,7159,0.2563333511352539,0.28323379158973694,-0.01846146024763584
2023-09-13,5,control,7159,7159,0.31860873103141785,0.27380889654159546,-0.07738835364580154
2023-09-15,5,control,6169,7159,0.28203362226486206,0.2910398244857788,-0.022786201909184456
2023-09-18,5,control,4650,7159,0.19725584983825684,0.24593918025493622,0.042511291801929474
2023-09-20,5,control,7098,7159,0.2944943904876709,0.28220200538635254,0.004781853407621384
2023-09-23,5,control,2932,7159,0.25340843200683594,0.24288296699523926,0.007922898977994919
2023-09-25,5,control,6982,7159,0.285254567861557,0.28201332688331604,-0.023745380342006683
2023-09-28,5,control,7159,7159,0.25752750039100647,0.25686171650886536,-0.023444728925824165
2023-09-30,5,control,7159,7159,0.25113415718078613,0.2934974730014801,0.027416937053203583
2023-10-03,5,control,7159,7159,0.25745633244514465,0.3149416148662567,0.01946069672703743
2023-10-05,5,control,7159,7159,0.2693188488483429,0.3064934015274048,0.004217012319713831
2023-10-08,5,control,7159,7159,0.24594947695732117,0.26581498980522156,-0.0022562025114893913
2023-10-10,5,control,7159,7159,0.26829221844673157,0.2975376844406128,-0.010848714038729668
2023-10-13,5,control,7159,7159,0.2988499402999878,0.31918206810951233,-0.03514300286769867
2023-10-15,5,control,7069,7159,0.2747248113155365,0.33449786901474,0.042375583201646805
2023-10-18,5,control,7145,7159,0.28970640897750854,0.32791242003440857,-0.016122916713356972
2023-10-20,5,control,7041,7159,0.26926884055137634,0.316951185464859,-0.009828818030655384
2023-10-23,5,control,7159,7159,0.2540699243545532,0.3178456425666809,-0.0005473123164847493
2023-10-25,5,control,2231,7159,0.09388519078493118,0.20212110877037048,0.030823564156889915
2023-10-28,5,control,7006,7159,0.29053616523742676,0.35687732696533203,0.008288074284791946
2023-11-02,5,control,7159,7159,0.2753753066062927,0.32892823219299316,-0.003403026843443513
2023-11-04,5,control,3380,7159,0.22387519478797913,0.24770914018154144,0.0018212387803941965
2023-11-07,5,control,4,7159,,,
2023-11-09,5,control,7004,7159,0.2437635362148285,0.3773080110549927,0.059760503470897675
2023-11-14,5,control,1612,7159,0.04148548096418381,0.012552281841635704,-0.03951285406947136
2023-11-19,5,control,6961,7159,0.291530966758728,0.35424819588661194,0.030084170401096344
2023-11-24,5,control,4328,7159,0.04289352893829346,0.27203983068466187,0.04128125309944153
2023-11-27,5,control,4196,7159,0.19181664288043976,0.2656239867210388,0.04547315090894699
2023-11-29,5,control,5759,7159,0.2545517086982727,0.33799317479133606,0.009678620845079422
2023-12-02,5,control,6871,7159,0.2698407769203186,0.3775867521762848,0.07007541507482529
2023-12-04,5,control,7156,7159,0.3147869110107422,0.38401633501052856,-0.010600024834275246
2023-12-07,5,control,7070,7159,0.14698860049247742,0.46983689069747925,0.2526993751525879
2023-12-09,5,control,4870,7159,0.028514645993709564,0.44765764474868774,0.22666972875595093
2023-12-12,5,control,7047,7159,0.23455435037612915,0.4235507547855377,0.10527656227350235
2023-12-14,5,control,7083,7159,0.24991683661937714,0.3703515827655792,0.07520172744989395
2023-12-17,5,control,7159,7159,0.29250937700271606,0.34108981490135193,0.0
2023-12-19,5,control,5880,7159,0.2674266993999481,0.3449312448501587,0.012950520031154156
2023-12-22,5,control,7159,7159,0.04206234589219093,0.5251070857048035,0.41379112005233765
2023-12-27,5,control,6987,7159,0.25839847326278687,0.35343456268310547,0.030508369207382202
2024-01-01,5,control,6793,7159,0.2890948951244354,0.3699888288974762,-0.011669115163385868
2024-01-03,5,control,681,7159,0.038048721849918365,-0.05293622985482216,-0.1294141262769699
2024-01-06,5,control,4590,7159,0.03446950018405914,0.4229864478111267,0.1794596016407013
2024-01-08,5,control,6522,7159,0.02724577486515045,0.47660040855407715,0.38871103525161743
2024-01-11,5,control,6857,7159,0.20947709679603577,0.41152679920196533,0.14066046476364136
2024-01-13,5,control,7159,7159,0.2762640714645386,0.38491615653038025,0.04154713451862335
2024-01-16,5,control,7126,7159,0.3152453899383545,0.45062553882598877,0.01112545095384121
2024-01-18,5,control,2043,7159,0.16541098058223724,0.28444916009902954,0.06140529736876488
2024-01-21,5,control,602,7159,0.034141190350055695,-0.07891736924648285,-0.1613619029521942
2024-01-23,5,control,7158,7159,0.04109582677483559,0.49199798703193665,0.4134037494659424
2024-01-31,5,control,0,7159,,,
2024-02-10,5,control,6939,7159,0.24970364570617676,0.3589976131916046,0.05500311776995659
2024-02-15,5,control,7158,7159,0.2493787705898285,0.41432344913482666,0.10428373515605927
2024-02-17,5,control,1954,7159,0.004629918839782476,0.042966328561306,0.012033026665449142
2024-02-20,5,control,7099,7159,0.15501122176647186,0.4320112466812134,0.06409518420696259
2024-02-22,5,control,7159,7159,0.20474562048912048,0.38580623269081116,0.13377153873443604
2024-02-27,5,control,5219,7159,0.2644830644130707,0.4025808274745941,0.07786974310874939
2024-03-01,5,control,5999,7159,0.25987792015075684,0.45144468545913696,0.17461706697940826
2024-03-03,5,control,6431,7159,0.24142815172672272,0.4334641695022583,0.1263691484928131
2024-03-06,5,control,5469,7159,0.05580955743789673,0.4608543813228607,0.4505472779273987
2024-03-08,5,control,5917,7159,0.0029724144842475653,0.41979163885116577,0.09464957565069199
2024-03-11,5,control,7159,7159,0.21417152881622314,0.34979137778282166,0.08271945267915726
2024-03-13,5,control,7159,7159,0.27562594413757324,0.4124848544597626,0.06521729379892349
2024-03-16,5,control,7159,7159,0.28885960578918457,0.4309956729412079,-0.017282208427786827
2024-03-18,5,control,7020,7159,0.23721659183502197,0.44174763560295105,0.11422461271286011
2024-03-21,5,control,7159,7159,-0.004444472026079893,0.2831977605819702,0.25857818126678467
2024-03-26,5,control,6790,7159,0.2523416578769684,0.3825412392616272,0.049775175750255585
2024-03-28,5,control,7159,7159,0.23118790984153748,0.34442588686943054,0.04615374282002449
2024-04-05,5,control,7009,7159,0.03571426868438721,0.4473645091056824,0.37111347913742065
2024-04-07,5,control,6509,7159,0.1963045597076416,0.35546186566352844,0.1109524592757225
2024-04-12,5,control,7133,7159,0.2960042357444763,0.42775458097457886,0.00031951203709468246
2024-04-17,5,control,3548,7159,0.0074937595054507256,0.46336475014686584,0.3759686350822449
2024-04-20,5,control,7159,7159,0.07384595274925232,0.44984036684036255,0.27389389276504517
2024-04-22,5,control,7129,7159,0.2719462513923645,0.39619144797325134,0.0074962349608540535
2024-04-25,5,control,7159,7159,0.37134432792663574,0.3271741271018982,-0.17350295186042786
2024-04-27,5,control,7159,7159,0.2504727840423584,0.36161044239997864,0.0246084313839674
2024-04-30,5,control,7159,7159,0.19986531138420105,0.3407835364341736,0.019516002386808395
2024-05-07,5,control,7159,7159,0.21469543874263763,0.3136374056339264,0.014792033471167088
2024-05-10,5,control,7159,7159,0.2528187334537506,0.34423378109931946,0.008010639809072018
2024-05-12,5,control,2536,7159,0.2130778431892395,0.30437976121902466,0.09051622450351715
2024-05-17,5,control,7127,7159,0.21430684626102448,0.32789358496665955,0.0337824672460556
2024-05-20,5,control,7159,7159,0.2189164161682129,0.28493425250053406,-0.015481225214898586
2024-05-22,5,control,7074,7159,0.26573947072029114,0.3352162837982178,-0.008606691844761372
2024-05-25,5,control,7159,7159,0.2549312114715576,0.3119675815105438,-0.013778083957731724
2024-05-27,5,control,7159,7159,0.24538221955299377,0.34778329730033875,0.019543927162885666
2024-06-04,5,control,7159,7159,0.29953533411026,0.2834276854991913,-0.11178362369537354
2024-06-06,5,control,7159,7159,0.264836847782135,0.30718690156936646,-0.008032952435314655
2024-06-09,5,control,7159,7159,0.2535206377506256,0.2964754104614258,-0.0490092970430851
2024-06-11,5,control,7154,7159,0.24681219458580017,0.33630311489105225,0.025957169011235237
2024-06-16,5,control,6852,7159,0.23502688109874725,0.3055102825164795,0.034097880125045776
2024-06-19,5,control,7159,7159,0.3590787947177887,0.27798476815223694,-0.1641281247138977
2024-06-21,5,control,7118,7159,0.2857946455478668,0.31780004501342773,-0.027923401445150375
2024-06-24,5,control,7159,7159,0.2894817888736725,0.3007247745990753,-0.04413175582885742
2024-06-26,5,control,1609,7159,0.31358984112739563,0.35496965050697327,0.10302585363388062
2024-07-01,5,control,7092,7159,0.18968048691749573,0.31870490312576294,0.1400720328092575
2024-07-04,5,control,6404,7159,0.2749854326248169,0.2776111960411072,-0.029532425105571747
2024-07-06,5,control,5282,7159,0.24007737636566162,0.3051115870475769,0.03546886518597603
2024-07-14,5,control,7015,7159,0.30203866958618164,0.3511021137237549,-0.01932242512702942
2024-07-16,5,control,6861,7159,0.26689043641090393,0.30275481939315796,0.026840463280677795
2024-07-24,5,control,7159,7159,0.34155941009521484,0.30144521594047546,-0.08184903860092163
2024-07-26,5,control,7159,7159,0.3346621096134186,0.35942742228507996,-0.007487366907298565
2024-07-31,5,control,6806,7159,0.24010582268238068,0.2210809588432312,0.08096325397491455
2024-08-05,5,control,7129,7159,0.3360021114349365,0.3102458417415619,-0.022459860891103745
2024-08-08,5,control,7159,7159,0.32177019119262695,0.30909019708633423,-0.0909089520573616
2024-08-13,5,control,6934,7159,0.36073315143585205,0.2810342609882355,-0.06368844211101532
2024-08-15,5,control,6568,7159,0.2485162913799286,0.27370327711105347,0.012947030365467072
2024-08-20,5,control,7159,7159,0.2749831974506378,0.2940281629562378,0.006907126400619745
2024-08-23,5,control,7131,7159,0.2806051969528198,0.2926490604877472,-0.007292037829756737
2024-08-25,5,control,7159,7159,0.30501338839530945,0.3535652160644531,-0.0026064226403832436
2024-08-28,5,control,7102,7159,0.31508755683898926,0.31553250551223755,-0.04026429355144501
2024-08-30,5,control,2442,7159,0.07302115112543106,0.12720131874084473,0.004393840208649635
2024-09-02,5,control,7159,7159,0.2718619406223297,0.26381513476371765,-0.03270214423537254
2024-09-04,5,control,7159,7159,0.2918119430541992,0.29965290427207947,-0.020902730524539948
2024-09-07,5,control,7159,7159,0.3253108561038971,0.3355112075805664,-0.04933484271168709
2024-09-12,5,control,7117,7159,0.2951315641403198,0.26639944314956665,-0.04042525961995125
2024-09-22,5,control,7159,7159,0.3092072606086731,0.3215809166431427,-0.03195323422551155
2024-09-24,5,control,7159,7159,0.27702900767326355,0.2980210483074188,-0.009650563821196556
2024-09-27,5,control,7159,7159,0.26706060767173767,0.2879805564880371,-0.022892463952302933
2024-09-29,5,control,7159,7159,0.2764006555080414,0.29848575592041016,-0.012439090758562088
2024-10-02,5,control,7159,7159,0.2838703989982605,0.29037150740623474,-0.05389206483960152
2024-10-04,5,control,7159,7159,0.2854786217212677,0.3205806314945221,-0.007541407831013203
2024-10-07,5,control,7159,7159,0.30963143706321716,0.321643203496933,-0.0524410642683506
2024-10-09,5,control,7121,7159,0.28045275807380676,0.29317957162857056,-0.03185633569955826
2024-10-12,5,control,7151,7159,0.2607395648956299,0.29285356402397156,0.0061453343369066715
2024-10-14,5,control,7159,7159,0.26848819851875305,0.30798348784446716,-0.0009940105956047773
2024-10-17,5,control,7159,7159,0.24652475118637085,0.3327864408493042,0.010526292957365513
2024-10-19,5,control,4938,7159,0.22607877850532532,0.26887574791908264,0.013761518523097038
2024-10-22,5,control,7159,7159,0.2719993591308594,0.32230934500694275,0.003415547776967287
2024-10-24,5,control,7159,7159,0.261904239654541,0.31955355405807495,-0.0007087266421876848
2024-10-27,5,control,7159,7159,0.22243091464042664,0.30808138847351074,0.049429409205913544
2024-10-29,5,control,7129,7159,0.24471671879291534,0.3087509870529175,0.03300062566995621
2024-11-01,5,control,6974,7159,0.27156487107276917,0.3375273048877716,-0.0017576878890395164
2024-11-03,5,control,7123,7159,0.2672341763973236,0.34516775608062744,0.03553284704685211
2024-11-06,5,control,6953,7159,0.26414304971694946,0.33686593174934387,0.007288617547601461
2024-11-08,5,control,7119,7159,0.2733033001422882,0.33927491307258606,0.019794071093201637
2024-11-11,5,control,7159,7159,0.18794244527816772,0.34676381945610046,0.108383908867836
2024-11-13,5,control,5888,7159,0.15930050611495972,0.3209967017173767,0.06909029185771942
2024-11-16,5,control,6791,7159,0.20339657366275787,0.37661081552505493,0.1265619993209839
2024-11-18,5,control,6907,7159,0.26511576771736145,0.35948753356933594,0.03637970983982086
2024-11-21,5,control,7159,7159,0.3142280578613281,0.37570157647132874,-0.038399867713451385
2024-11-23,5,control,3239,7159,0.23270903527736664,0.34142905473709106,0.12181267887353897
2024-11-26,5,control,7159,7159,0.012306039221584797,0.3876524269580841,0.34320777654647827
2024-11-28,5,control,2872,7159,0.013487308286130428,-0.03467993438243866,0.048273030668497086
2024-12-01,5,control,1344,7159,0.0032926031854003668,-0.002549026859924197,0.08374752104282379
2024-12-03,5,control,5809,7159,0.24762552976608276,0.3341628313064575,0.02791869081556797
2024-12-06,5,control,7159,7159,0.3119480609893799,0.3958323001861572,-0.06385307013988495
2024-12-08,5,control,7159,7159,0.25041306018829346,0.37375926971435547,0.06295541673898697
2024-12-11,5,control,7159,7159,0.01812836155295372,0.34901508688926697,0.32503631711006165
2024-12-13,5,control,3152,7159,0.010647047311067581,0.022053319960832596,0.2061787098646164
2024-12-16,5,control,7159,7159,0.12561382353305817,0.21415874361991882,0.07364282011985779
2024-12-21,5,control,6263,7159,0.19475939869880676,0.39440229535102844,0.08105497062206268
2024-12-23,5,control,0,7159,,,
2024-12-26,5,control,7137,7159,0.008625651709735394,0.40276485681533813,0.41522088646888733
2024-12-28,5,control,5630,7159,0.020513102412223816,0.26711416244506836,0.3604467511177063
2025-01-02,5,control,586,7159,0.04222390055656433,-0.00505101541057229,-0.07977712899446487
2025-01-05,5,control,7159,7159,0.17542630434036255,0.39853447675704956,0.1475677192211151
2025-01-07,5,control,4753,7159,0.09523788094520569,0.4943622946739197,0.2695019543170929
2025-01-10,5,control,5734,7159,-0.012208618223667145,0.23968185484409332,0.48172998428344727
2025-01-12,5,control,6788,7159,0.023381173610687256,0.31860631704330444,0.40635934472084045
2025-01-15,5,control,7069,7159,0.18931862711906433,0.3760899007320404,0.08219144493341446
2025-01-20,5,control,6845,7159,0.18342404067516327,0.4417182207107544,0.14446695148944855
2025-01-25,5,control,7159,7159,0.01752626523375511,0.38445284962654114,0.41061535477638245
2025-01-27,5,control,6663,7159,0.009041596204042435,0.33167633414268494,0.4699976444244385
2025-01-30,5,control,6015,7159,0.08940189331769943,0.3118424117565155,0.22928600013256073
2025-02-01,5,control,7075,7159,0.20826467871665955,0.38848984241485596,0.06408081948757172
2025-02-04,5,control,6879,7159,0.20025891065597534,0.42331501841545105,0.1293628066778183
2025-02-06,5,control,6102,7159,0.11853919923305511,0.42013275623321533,0.19869449734687805
2025-02-09,5,control,0,7159,,,
2025-02-11,5,control,7093,7159,0.14004488289356232,0.3090115487575531,0.07714562863111496
2025-02-21,5,control,5214,7159,0.1655183583498001,0.3858519196510315,0.12481938302516937
2025-03-01,5,control,7159,7159,0.16592511534690857,0.31605520844459534,0.007001482881605625
2025-03-03,5,control,7159,7159,0.18237540125846863,0.3983006179332733,0.13176380097866058
2025-03-06,5,control,7093,7159,0.11083105206489563,0.41057953238487244,0.153440922498703
2025-03-08,5,control,1913,7159,0.04030414670705795,-0.02346649579703808,-0.0438968762755394
2025-03-16,5,control,5070,7159,0.09426482021808624,0.31254079937934875,0.0937461256980896
2025-03-18,5,control,7159,7159,0.1785280853509903,0.38068655133247375,0.0853482186794281
2025-03-21,5,control,7159,7159,0.1596403419971466,0.3438693583011627,0.10232066363096237
2025-03-25,5,control,6258,7159,0.021153759211301804,0.37420451641082764,0.35146957635879517
2025-03-26,5,control,7156,7159,0.06287159025669098,0.2856285870075226,0.1524982452392578
2025-03-31,5,control,7159,7159,0.1665174961090088,0.33352503180503845,0.06916900724172592
2025-04-02,5,control,7159,7159,0.172066792845726,0.36225610971450806,0.09232453256845474
2025-04-05,5,control,7155,7159,0.12454194575548172,0.35699760913848877,0.15032632648944855
2025-04-10,5,control,7159,7159,0.1122605949640274,0.3142305612564087,0.1009427011013031
2025-04-12,5,control,7158,7159,0.1651206910610199,0.3254493176937103,0.0503719300031662
2025-04-14,5,control,7159,7159,0.17699334025382996,0.323280930519104,0.023201104253530502
2025-04-17,5,control,7159,7159,0.15775372087955475,0.32969731092453003,0.08856664597988129
2025-04-20,5,control,7159,7159,0.16676464676856995,0.3305834233760834,0.037496648728847504
2025-04-22,5,control,6846,7159,0.15861715376377106,0.36320847272872925,0.03862021118402481
2025-04-25,5,control,7159,7159,0.045943260192871094,0.2869628965854645,0.1348058134317398
2025-04-30,5,control,7159,7159,0.17297092080116272,0.3063209354877472,0.025235531851649284
2025-05-02,5,control,7138,7159,0.1627105474472046,0.3434375524520874,0.07915455102920532
2025-05-04,5,control,7028,7159,0.136563241481781,0.3769603669643402,0.13266925513744354
2025-05-07,5,control,7159,7159,0.0006161514320410788,0.20121459662914276,0.3263928294181824
2025-05-12,5,control,7159,7159,0.17779138684272766,0.29726478457450867,0.022458545863628387
2025-05-15,5,control,7159,7159,0.1683289259672165,0.2713014483451843,-0.0014758495381101966
2025-05-17,5,control,7124,7159,0.1426897495985031,0.2805572748184204,0.03465314209461212
2025-05-20,5,control,7040,7159,0.162811279296875,0.26408150792121887,-0.039408519864082336
2025-05-22,5,control,6986,7159,0.06023130938410759,0.3485768139362335,0.21522307395935059
2025-05-24,5,control,6749,7159,0.013232475146651268,0.27870166301727295,0.23488815128803253
2025-05-25,5,control,6018,7159,0.12964823842048645,0.17822806537151337,-0.068734310567379
2025-05-27,5,control,7118,7159,0.19400101900100708,0.2953818440437317,0.027880210429430008
2025-05-30,5,control,7159,7159,0.18374651670455933,0.2557757496833801,-0.05933763086795807
2025-06-01,5,control,7154,7159,0.16530485451221466,0.3324807286262512,0.09078004956245422
2025-06-04,5,control,6861,7159,0.12195105105638504,0.27722984552383423,0.11427509784698486
2025-06-06,5,control,7155,7159,0.13233579695224762,0.22069047391414642,0.0016806948697194457
2025-06-09,5,control,7159,7159,0.16985347867012024,0.2400730848312378,-0.04222211241722107
2025-06-11,5,control,7159,7159,0.15429602563381195,0.2523532211780548,0.017144151031970978
2025-06-13,5,control,7089,7159,0.16380730271339417,0.2748221158981323,0.039238717406988144
2025-06-14,5,control,7159,7159,0.17753948271274567,0.26913511753082275,-0.011137772351503372
2025-06-16,5,control,7159,7159,0.16661831736564636,0.30214518308639526,0.051751017570495605
2025-06-19,5,control,7159,7159,0.1589873880147934,0.2836533188819885,0.030090853571891785
2025-06-21,5,control,6997,7159,0.1296769380569458,0.24397651851177216,0.05690036341547966
2025-06-24,5,control,7159,7159,0.2145712524652481,0.21329602599143982,-0.09488248825073242
2025-06-26,5,control,2974,7159,0.2364589273929596,0.3095461428165436,0.07870399951934814
2025-07-01,5,control,7126,7159,0.16488826274871826,0.32790762186050415,0.08364538103342056
2025-07-03,5,control,7049,7159,0.15039551258087158,0.3311101794242859,0.11648719757795334
2025-07-09,5,control,5987,7159,0.14781507849693298,0.19916978478431702,-0.009746571071445942
2025-07-11,5,control,7159,7159,0.1774996966123581,0.2501547634601593,-0.001032006461173296
2025-07-16,5,control,7159,7159,0.08082497864961624,0.23928651213645935,0.12163476645946503
2025-07-19,5,control,7054,7159,0.1150192841887474,0.21020805835723877,0.04850173369050026
2025-07-21,5,control,6959,7159,0.15384581685066223,0.2208295613527298,0.02641507238149643
2025-07-24,5,control,7159,7159,0.23513972759246826,0.23299823701381683,-0.0864599198102951
2025-07-26,5,control,7159,7159,0.19655241072177887,0.2696343660354614,0.020472394302487373
2025-07-29,5,control,7159,7159,0.19288422167301178,0.23384329676628113,-0.017689848318696022
2025-07-31,5,control,6617,7159,0.2005089372396469,0.2718546688556671,0.023227671161293983
2025-08-03,5,control,7137,7159,0.22266870737075806,0.20054036378860474,-0.06914528459310532
2025-08-05,5,control,6855,7159,0.18484915792942047,0.19859528541564941,-0.026703819632530212
2025-08-08,5,control,7159,7159,0.19474634528160095,0.18334662914276123,-0.06678532809019089
2025-08-12,5,control,7159,7159,0.19300530850887299,0.25050050020217896,0.005880949553102255
2025-08-13,5,control,7141,7159,0.2133377343416214,0.22454319894313812,-0.0516001433134079
2025-08-23,5,control,7159,7159,0.21076509356498718,0.2003120332956314,-0.05028915032744408
2025-08-28,5,control,7159,7159,0.22911660373210907,0.2206891030073166,-0.05711972340941429
2025-08-30,5,control,0,7159,,,
2025-09-01,5,control,6872,7159,0.2148444652557373,0.22428929805755615,-0.022581633180379868
2025-09-02,5,control,7159,7159,0.17293201386928558,0.18248383700847626,-0.010154656134545803
2025-09-04,5,control,7106,7159,0.20709383487701416,0.22247569262981415,-0.016708973795175552
2025-09-12,5,control,7159,7159,0.19290263950824738,0.22874577343463898,-0.015514755621552467
2025-09-14,5,control,7077,7159,0.16942553222179413,0.19858261942863464,-0.018375759944319725
2025-09-17,5,control,7159,7159,0.15349462628364563,0.18971915543079376,-0.02373698726296425
2025-09-19,5,control,6422,7159,0.1865645945072174,0.21276338398456573,0.0029984836000949144
2025-09-21,5,control,7159,7159,0.20061686635017395,0.22775599360466003,-0.01886788383126259
2025-09-22,5,control,0,7159,,,
2025-09-24,5,control,7036,7159,0.18849241733551025,0.23929521441459656,0.030244648456573486
2025-09-27,5,control,7159,7159,0.19986015558242798,0.2374909520149231,-0.021748006343841553
2025-09-29,5,control,7159,7159,0.1885869950056076,0.2011936455965042,-0.0070730336010456085
2025-10-02,5,control,7159,7159,0.13822172582149506,0.19749870896339417,0.012610010802745819
2025-10-04,5,control,7159,7159,0.18622420728206635,0.22024933993816376,-0.01453869603574276
2025-10-07,5,control,7159,7159,0.21965764462947845,0.23809470236301422,-0.046393316239118576
2025-10-09,5,control,7137,7159,0.1907753348350525,0.23602953553199768,-0.009513117372989655
2025-10-11,5,control,7151,7159,0.20523983240127563,0.24515511095523834,-0.007355767767876387
2025-10-12,5,control,7159,7159,0.19600869715213776,0.2087354063987732,-0.04529101029038429
2025-10-14,5,control,7150,7159,0.1516743302345276,0.2114715576171875,0.01585603877902031
2025-10-17,5,control,7159,7159,0.1415882110595703,0.17746879160404205,-0.019285090267658234
2025-10-19,5,control,6752,7159,0.1830892264842987,0.22260406613349915,-0.01776491105556488
2025-10-22,5,control,7079,7159,0.18847166001796722,0.2252475470304489,-0.016224127262830734
2025-10-24,5,control,6996,7159,0.1853959709405899,0.22488468885421753,0.00654688710346818
2025-10-27,5,control,7107,7159,0.17460259795188904,0.19790852069854736,0.03732485696673393
2025-10-29,5,control,7042,7159,0.18837401270866394,0.19575940072536469,-0.020040925592184067
2025-10-31,5,control,7159,7159,0.03765219449996948,0.2380940020084381,0.11525731533765793
2025-11-01,5,control,7159,7159,0.020886344835162163,0.24284344911575317,0.18073685467243195
2025-11-03,5,control,1189,7159,0.025475114583969116,-0.022432824596762657,-0.06298329681158066
2025-11-06,5,control,7159,7159,0.07100577652454376,0.16893860697746277,0.07392334938049316
2025-11-08,5,control,6028,7159,0.16666625440120697,0.19326356053352356,0.002542402595281601
2025-11-11,5,control,7154,7159,0.18690672516822815,0.2242448776960373,-0.006178732495754957
2025-11-13,5,control,7159,7159,0.05181731656193733,0.2374444156885147,0.09523771703243256
2025-11-16,5,control,7159,7159,0.03500576689839363,0.24312417209148407,0.19815555214881897
2025-11-18,5,control,5778,7159,0.03490034490823746,0.172422856092453,0.04407810419797897
2025-11-20,5,control,6951,7159,0.05120903253555298,0.2220229208469391,0.10673410445451736
2025-11-21,5,control,7156,7159,0.04525730758905411,0.23503842949867249,0.09524254500865936
2025-11-23,5,control,6862,7159,0.06555908918380737,0.21610961854457855,0.05296405404806137
2025-11-26,5,control,6932,7159,0.12339333444833755,0.24166978895664215,0.018939772620797157
2025-11-28,5,control,5967,7159,0.05492064729332924,0.2232784777879715,0.0564245767891407
2025-12-01,5,control,7155,7159,0.0018281267257407308,0.2721497416496277,0.38810595870018005
2025-12-03,5,control,5225,7159,-0.004115201998502016,0.012588917277753353,0.2646230459213257
2025-12-06,5,control,7158,7159,0.01679256558418274,0.3217217028141022,0.25531530380249023
2025-12-08,5,control,6564,7159,0.06060102581977844,0.2233983278274536,0.01628979668021202
2025-12-10,5,control,6897,7159,0.06741564720869064,0.2039121687412262,0.014793799258768559
2025-12-13,5,control,4385,7159,0.019741317257285118,-0.01675548031926155,0.07346729189157486
2025-12-23,5,control,7132,7159,0.07235412299633026,0.30707117915153503,0.004598046652972698
2025-12-26,5,control,772,7159,0.01939104124903679,0.11035338789224625,0.09016142040491104
2025-12-28,5,control,2334,7159,0.032951079308986664,-0.003180569503456354,-0.09237268567085266
2025-12-30,5,control,2946,7159,0.02268955297768116,0.008478187024593353,-0.018467014655470848
2025-12-31,5,control,211,7159,0.022201191633939743,-0.027860451489686966,-0.07557447254657745
2026-01-02,5,control,836,7159,0.031302500516176224,-0.033009208738803864,-0.10144607722759247
2026-01-05,5,control,7083,7159,0.09612587094306946,0.25027236342430115,-0.033540278673172
2026-01-07,5,control,6226,7159,0.20609451830387115,0.3391365110874176,0.05004417896270752
2026-01-10,5,control,7095,7159,0.0683138445019722,0.31865668296813965,0.12376365065574646
2026-01-12,5,control,7094,7159,0.032858408987522125,0.3383333086967468,0.3002556562423706
2026-01-20,5,control,7080,7159,0.04750864952802658,0.2064972221851349,0.035945672541856766
2026-01-22,5,control,6369,7159,0.18466870486736298,0.31289947032928467,0.08080338686704636
2026-01-27,5,control,4347,7159,0.05353114381432533,0.3620370626449585,0.15934322774410248
2026-01-30,5,control,5296,7159,0.01682189479470253,-0.01176448818296194,0.2756797671318054
2026-02-01,5,control,7133,7159,0.025449959561228752,0.23342274129390717,0.19308197498321533
2026-02-04,5,control,7159,7159,0.08191501349210739,0.18791256844997406,0.00019448863167781383
2026-02-09,5,control,7152,7159,0.06801897287368774,0.272029846906662,0.07859379053115845
2026-02-14,5,control,7159,7159,0.02136351354420185,0.2122330367565155,0.41924551129341125
2026-02-16,5,control,5598,7159,0.016377057880163193,0.16715838015079498,0.26427868008613586
2026-02-19,5,control,7159,7159,0.08360857516527176,0.21377448737621307,0.060873083770275116
2026-02-21,5,control,7159,7159,0.08429567515850067,0.2486904412508011,0.10680685192346573
2026-02-24,5,control,7159,7159,0.06605058163404465,0.27503156661987305,0.15509924292564392
2026-02-26,5,control,7159,7159,0.017248984426259995,0.24709337949752808,0.3409980535507202
2026-03-01,5,control,7072,7159,0.0051195090636610985,0.04283483326435089,0.3214554786682129
2026-03-16,5,control,7159,7159,0.012542742304503918,0.10730092972517014,0.29257988929748535
2026-03-28,5,control,6256,7159,0.011241253465414047,0.18169289827346802,0.34523260593414307
2026-04-02,5,control,6882,7159,0.1118008941411972,0.22372490167617798,0.04085691273212433
2026-04-07,5,control,6910,7159,0.08433547616004944,0.21137256920337677,0.0978790819644928
2026-04-17,5,control,6436,7159,0.031184185296297073,0.13259044289588928,0.018052127212285995
2026-04-19,5,control,7159,7159,0.08290908485651016,0.19019848108291626,0.028904737904667854
2026-04-20,5,control,7159,7159,0.10132407397031784,0.16223932802677155,-0.08252084255218506
2026-04-27,5,control,7159,7159,-0.004569165408611298,0.20237429440021515,0.31939563155174255
2026-04-30,5,control,7159,7159,0.07943646609783173,0.12896953523159027,-0.09139006584882736
2026-05-02,5,control,7159,7159,0.08211831003427505,0.1744360327720642,0.0112199317663908
2026-05-07,5,control,6754,7159,0.0924394428730011,0.22219374775886536,0.01465593371540308
2026-05-09,5,control,6493,7159,0.1131451427936554,0.2736731469631195,0.043216507881879807
2026-05-10,5,control,1554,7159,0.020439445972442627,0.023905687034130096,0.06408527493476868
2026-05-12,5,control,6899,7159,0.03843168541789055,0.17126598954200745,0.24940545856952667
2026-05-15,5,control,6055,7159,0.047787513583898544,0.07316137105226517,-0.0035992853809148073
2026-05-17,5,control,7159,7159,0.05654871463775635,0.1640860140323639,-0.011510743759572506
2026-05-20,5,control,7159,7159,0.03794439136981964,0.1389196515083313,0.024294426664710045
2026-05-22,5,control,7159,7159,0.0468125194311142,0.1608704775571823,0.007647034712135792
2026-05-27,5,control,5557,7159,0.10838424414396286,0.20455780625343323,0.011475811712443829
2026-06-01,5,control,7159,7159,0.06250864267349243,0.15091465413570404,-0.00302590592764318
2026-06-06,5,control,6096,7159,0.1866128146648407,0.2567741572856903,0.028080075979232788
2026-06-09,5,control,7143,7159,0.054604195058345795,0.09359036386013031,0.013944650068879128
2026-06-11,5,control,7138,7159,0.04021088778972626,0.1527824103832245,0.11862943321466446
2026-06-14,5,control,7159,7159,0.07569269835948944,0.07722130417823792,-0.0648217499256134
2026-06-16,5,control,7159,7159,0.044207051396369934,0.16048114001750946,0.0030235720332711935
2026-06-18,5,control,7159,7159,0.04024921730160713,0.15049614012241364,0.0271317046135664
2026-06-19,5,control,7159,7159,0.047387875616550446,0.15799133479595184,0.03709014505147934
2026-06-21,5,control,6346,7159,0.16185612976551056,0.24402940273284912,0.04724172130227089
2026-06-24,5,control,7159,7159,0.03058544732630253,0.10189513862133026,0.04317867383360863
2026-06-26,5,control,7159,7159,0.04199005290865898,0.13414250314235687,-0.01307966560125351
2026-06-29,5,control,6567,7159,0.024890128523111343,0.07775551080703735,-0.0625295341014862
2026-07-01,5,control,7159,7159,0.04637403041124344,0.10244250297546387,-0.0753595381975174
2026-07-04,5,control,7060,7159,0.03677540272474289,0.0986141785979271,-0.038654930889606476
2026-07-06,5,control,7159,7159,0.04174523428082466,0.1498873084783554,0.028806501999497414
2026-07-08,5,control,6799,7159,0.03845623880624771,0.176767036318779,0.024621719494462013
2026-07-09,5,control,0,7159,,,
2026-07-11,5,control,7159,7159,0.040931232273578644,0.10117872059345245,-0.02284705452620983
2026-07-14,5,control,7159,7159,0.04353512078523636,0.04209493100643158,-0.12251052260398865
2026-07-16,5,control,7159,7159,0.0169963501393795,0.1237276941537857,-0.010770157910883427
2026-07-18,5,control,6582,7159,0.08695647120475769,0.2012203186750412,0.019358351826667786
2026-07-19,5,control,7159,7159,0.021588671952486038,0.12288263440132141,-0.010437214747071266
2026-07-24,5,control,7137,7159,0.05160576105117798,0.04761895164847374,-0.09620777517557144
2026-07-26,5,control,5669,7159,0.24486134946346283,0.22861316800117493,-0.045221514999866486
2026-07-29,5,control,7159,7159,0.04369013011455536,0.06427253782749176,-0.11759520322084427
2026-07-31,5,control,7159,7159,0.057827360928058624,0.09876658022403717,-0.09405861049890518
2026-08-05,5,control,6166,7159,0.21091805398464203,0.1977561116218567,-0.018341613933444023
2026-08-07,5,control,5428,7159,0.24680879712104797,0.21818867325782776,-0.060762919485569
2026-08-08,5,control,1608,7159,-0.004229700192809105,-0.007745727896690369,-0.042666397988796234
2026-08-10,5,control,5680,7159,0.21344906091690063,0.20596742630004883,-0.0334712490439415
2026-08-13,5,control,7159,7159,0.03656269237399101,0.056543830782175064,-0.07904702425003052
2026-08-15,5,control,7145,7159,0.041671544313430786,0.1246277317404747,-0.04909544438123703
2026-08-18,5,control,7159,7159,0.03671105578541756,0.07349281758069992,-0.05465366318821907
2026-08-20,5,control,7159,7159,0.03462112694978714,0.08248873800039291,-0.04684299975633621
2026-08-25,5,control,6255,7159,0.22305646538734436,0.15828190743923187,-0.07350072264671326
2026-08-27,5,control,5347,7159,0.25136256217956543,0.2052491009235382,-0.07183194160461426
2026-08-28,5,control,7159,7159,0.05152011290192604,0.06455152481794357,-0.1094488799571991
2026-08-30,5,control,7159,7159,0.04558296129107475,0.10826285928487778,-0.020249836146831512
2026-09-02,5,control,7159,7159,0.037026312202215195,0.12903852760791779,-0.0165883656591177
2026-09-04,5,control,6834,7159,0.03465207666158676,0.11285831779241562,-0.03578491508960724
2026-09-07,5,control,6935,7159,0.01244144607335329,0.052891310304403305,-0.025188865140080452
2026-09-09,5,control,7159,7159,0.0362798348069191,0.07932525873184204,-0.061313193291425705
2026-09-12,5,control,7159,7159,0.029348568990826607,0.08900860697031021,-0.06555715203285217
2026-09-14,5,control,6864,7159,0.030164998024702072,0.13443072140216827,-0.025571513921022415
2026-09-16,5,control,6104,7159,0.22233393788337708,0.20983241498470306,-0.05115984380245209
2026-09-17,5,control,7119,7159,0.029879149049520493,0.08482447266578674,-0.02949836477637291
2020-01-04,5,loss,2326,2607,0.21466341614723206,0.43832629919052124,0.23511259257793427
2020-01-07,5,loss,2607,2607,-0.04778338968753815,0.6178033947944641,0.7631969451904297
2020-01-09,5,loss,2585,2607,0.04754210636019707,0.4524887204170227,0.5465267300605774
2020-01-17,5,loss,2524,2607,0.23217594623565674,0.4802675247192383,0.2592621445655823
2020-01-19,5,loss,2599,2607,-0.03444826230406761,0.632319986820221,0.7412443161010742
2020-01-22,5,loss,2579,2607,0.061722282320261,0.5653437376022339,0.6465365886688232
2020-01-27,5,loss,2334,2607,0.20938608050346375,0.4214015007019043,0.22254639863967896
2020-02-01,5,loss,2529,2607,0.2063593715429306,0.3883320987224579,0.17388929426670074
2020-02-06,5,loss,2535,2607,-0.23159421980381012,0.36211130023002625,0.6591938734054565
2020-02-08,5,loss,2607,2607,0.1750970333814621,0.4333381950855255,0.26246562600135803
2020-02-13,5,loss,428,2607,0.12959954142570496,0.3703954219818115,0.28566813468933105
2020-02-16,5,loss,2557,2607,0.2062804102897644,0.48864349722862244,0.3104192614555359
2020-02-21,5,loss,277,2607,0.004518019501119852,0.3359399735927582,0.43621572852134705
2020-02-23,5,loss,2097,2607,0.17875772714614868,0.38932710886001587,0.20922788977622986
2020-02-26,5,loss,0,2607,,,
2020-02-28,5,loss,408,2607,0.21811246871948242,0.42294055223464966,0.239909827709198
2020-03-02,5,loss,0,2607,,,
2020-03-04,5,loss,1496,2607,0.14208564162254333,0.6157093048095703,0.5002121925354004
2020-03-07,5,loss,2598,2607,-0.257617712020874,0.43354204297065735,0.73736572265625
2020-03-12,5,loss,2362,2607,0.19877047836780548,0.469972163438797,0.3092707097530365
2020-03-17,5,loss,2425,2607,0.1409858614206314,0.4394781291484833,0.3188025951385498
2020-03-22,5,loss,44,2607,0.32278937101364136,0.3978576362133026,0.0761670246720314
2020-03-24,5,loss,1980,2607,0.19510212540626526,0.38390177488327026,0.19152945280075073
2020-03-27,5,loss,452,2607,0.14903922379016876,0.351409375667572,0.21043264865875244
2020-04-01,5,loss,2567,2607,0.16966697573661804,0.4047315716743469,0.23944710195064545
2020-04-03,5,loss,1972,2607,0.05845050513744354,0.33789610862731934,0.32899054884910583
2020-04-06,5,loss,2561,2607,0.055489812046289444,0.4159835875034332,0.48960164189338684
2020-04-18,5,loss,2468,2607,0.16365399956703186,0.362896203994751,0.2041356861591339
2020-04-23,5,loss,2436,2607,0.1760064959526062,0.34893158078193665,0.16569671034812927
2020-04-26,5,loss,2542,2607,0.1772855520248413,0.3443223834037781,0.16255700588226318
2020-05-03,5,loss,2028,2607,-0.05047472566366196,0.398838609457016,0.5163185596466064
2020-05-08,5,loss,2498,2607,0.18430057168006897,0.3761155307292938,0.2072642743587494
2020-05-11,5,loss,0,2607,,,
2020-05-13,5,loss,2575,2607,0.18740755319595337,0.4740011394023895,0.3288640081882477
2020-05-18,5,loss,1801,2607,0.16174595057964325,0.3234162926673889,0.1634884923696518
2020-05-23,5,loss,2503,2607,0.18656904995441437,0.3697952926158905,0.1939462572336197
2020-05-28,5,loss,2442,2607,0.17114949226379395,0.3795051574707031,0.20940232276916504
2020-05-31,5,loss,0,2607,,,
2020-06-02,5,loss,2011,2607,0.10714267194271088,0.30342498421669006,0.19749312102794647
2020-06-07,5,loss,1522,2607,0.19502580165863037,0.4034920334815979,0.2180056869983673
2020-06-12,5,loss,2578,2607,0.2117283046245575,0.438937246799469,0.2694605588912964
2020-06-17,5,loss,85,2607,0.319827139377594,0.38337215781211853,0.15822733938694
2020-06-20,5,loss,2419,2607,0.1675407737493515,0.3417266309261322,0.1855815201997757
2020-06-22,5,loss,49,2607,0.4110214114189148,0.45902374386787415,0.10764262825250626
2020-06-27,5,loss,0,2607,,,
2020-07-02,5,loss,1739,2607,0.14814789593219757,0.3603970408439636,0.2241676151752472
2020-07-07,5,loss,2607,2607,0.22212634980678558,0.4082832634449005,0.22017733752727509
2020-07-12,5,loss,11,2607,,,
2020-07-17,5,loss,1028,2607,0.14342856407165527,0.2955576479434967,0.17361751198768616
2020-07-22,5,loss,2210,2607,0.18215353786945343,0.32622453570365906,0.16764339804649353
2020-07-25,5,loss,21,2607,0.3210519254207611,0.4026159942150116,0.11064088344573975
2020-07-27,5,loss,2274,2607,0.16132986545562744,0.34856054186820984,0.2131018191576004
2020-08-01,5,loss,103,2607,0.16315767168998718,0.32029110193252563,0.17928247153759003
2020-08-04,5,loss,184,2607,0.1905522644519806,0.3551191985607147,0.20151326060295105
2020-08-06,5,loss,23,2607,0.3697284162044525,0.4197002351284027,0.1535264551639557
2020-08-14,5,loss,23,2607,0.30779680609703064,0.2836606800556183,0.026891712099313736
2020-08-19,5,loss,33,2607,0.3035939931869507,0.36803263425827026,0.1455059051513672
2020-08-21,5,loss,19,2607,,,
2020-08-24,5,loss,9,2607,,,
2020-08-26,5,loss,2169,2607,0.1977875828742981,0.3827475905418396,0.2266004979610443
2020-08-29,5,loss,25,2607,0.3189009726047516,0.29325801134109497,0.025749480351805687
2020-08-31,5,loss,2607,2607,0.2092551589012146,0.29963597655296326,0.1261826455593109
2020-09-03,5,loss,2214,2607,0.2191985547542572,0.3376593589782715,0.16456441581249237
2020-09-05,5,loss,2379,2607,0.2365477979183197,0.3640795052051544,0.1856159269809723
2020-09-08,5,loss,72,2607,0.35984474420547485,0.352735698223114,0.03212564438581467
2020-09-10,5,loss,2584,2607,0.21777604520320892,0.2885519862174988,0.0944085419178009
2020-09-13,5,loss,2104,2607,0.2282080352306366,0.2931210696697235,0.10681664943695068
2020-09-15,5,loss,2021,2607,0.22561733424663544,0.3292817771434784,0.1527254432439804
2020-09-18,5,loss,2451,2607,0.24437259137630463,0.39302295446395874,0.21739087998867035
2020-09-20,5,loss,2605,2607,0.25749632716178894,0.4096817076206207,0.21633316576480865
2020-09-23,5,loss,2465,2607,0.2717018723487854,0.37749654054641724,0.1723986715078354
2020-09-25,5,loss,1985,2607,0.23250804841518402,0.3516554534435272,0.17254307866096497
2020-09-28,5,loss,2543,2607,0.2373456507921219,0.33204227685928345,0.1324297934770584
2020-09-30,5,loss,1855,2607,0.22762112319469452,0.33917972445487976,0.15363352000713348
2020-10-05,5,loss,2516,2607,0.2396274209022522,0.3950755298137665,0.20729315280914307
2020-10-08,5,loss,1850,2607,0.22418008744716644,0.37351298332214355,0.1838291734457016
2020-10-10,5,loss,2350,2607,0.24294093251228333,0.3400125801563263,0.130825012922287
2020-10-13,5,loss,1887,2607,0.21236036717891693,0.35307034850120544,0.17383693158626556
2020-10-15,5,loss,2487,2607,0.2616875171661377,0.3786507546901703,0.17685292661190033
2020-10-18,5,loss,2603,2607,0.26305872201919556,0.4159483015537262,0.21752288937568665
2020-10-20,5,loss,2605,2607,0.26802176237106323,0.4356178939342499,0.2330346554517746
2020-10-23,5,loss,2488,2607,0.2655351161956787,0.38647186756134033,0.16980396211147308
2020-10-25,5,loss,1864,2607,0.21896222233772278,0.3755444288253784,0.20185349881649017
2020-10-28,5,loss,2479,2607,0.24206438660621643,0.34313836693763733,0.1305680125951767
2020-10-30,5,loss,2557,2607,0.25281763076782227,0.36874258518218994,0.15993504226207733
2020-11-02,5,loss,2497,2607,0.2583232522010803,0.3645673394203186,0.1372545212507248
2020-11-04,5,loss,2511,2607,0.25464510917663574,0.3931271731853485,0.17926518619060516
2020-11-07,5,loss,78,2607,0.30073532462120056,0.334518700838089,0.08374814689159393
2020-11-09,5,loss,1850,2607,0.22566494345664978,0.38836631178855896,0.18610486388206482
2020-11-12,5,loss,2314,2607,0.20638233423233032,0.37108346819877625,0.17839473485946655
2020-11-14,5,loss,2352,2607,0.22289679944515228,0.394558846950531,0.2004270851612091
2020-11-17,5,loss,399,2607,0.28077030181884766,0.4003821611404419,0.1643379181623459
2020-11-19,5,loss,2504,2607,0.26389268040657043,0.435198038816452,0.20445042848587036
2020-11-22,5,loss,2513,2607,0.25661030411720276,0.4453085958957672,0.230186328291893
2020-11-24,5,loss,2607,2607,-0.1126953661441803,0.4668140411376953,0.6542678475379944
2020-12-02,5,loss,2547,2607,0.24867679178714752,0.42263102531433105,0.1892172247171402
2020-12-04,5,loss,2591,2607,0.24588802456855774,0.43372100591659546,0.21006189286708832
2020-12-07,5,loss,2546,2607,0.23706597089767456,0.514721691608429,0.3271450400352478
2020-12-09,5,loss,2472,2607,0.12052962183952332,0.408581405878067,0.39281946420669556
2020-12-12,5,loss,2607,2607,-0.09233526140451431,0.5052850246429443,0.7018082141876221
2020-12-14,5,loss,0,2607,,,
2020-12-17,5,loss,598,2607,0.31081223487854004,0.4607185125350952,0.1894839107990265
2020-12-19,5,loss,2581,2607,0.26000627875328064,0.4613364338874817,0.22969910502433777
2020-12-22,5,loss,2589,2607,0.20811061561107635,0.5105742812156677,0.35575032234191895
2020-12-24,5,loss,2603,2607,-0.07067113369703293,0.5653563737869263,0.7217520475387573
2020-12-27,5,loss,872,2607,0.023646701127290726,0.49516382813453674,0.6159644722938538
2020-12-29,5,loss,2603,2607,0.13195358216762543,0.506689727306366,0.509721040725708
2021-01-01,5,loss,2514,2607,0.23998335003852844,0.4415193796157837,0.22088028490543365
2021-01-06,5,loss,2607,2607,0.23158249258995056,0.5189701914787292,0.32585567235946655
2021-01-11,5,loss,2603,2607,-0.27934250235557556,0.4636533260345459,0.7845180034637451
2021-01-13,5,loss,2567,2607,0.23350045084953308,0.46920761466026306,0.2603665888309479
2021-01-16,5,loss,2603,2607,0.2599731385707855,0.4760606586933136,0.24658428132534027
2021-01-18,5,loss,2488,2607,0.24759304523468018,0.4378969669342041,0.2110520303249359
2021-01-21,5,loss,2484,2607,0.2342858761548996,0.36787500977516174,0.14714783430099487
2021-01-23,5,loss,2518,2607,0.19148209691047668,0.3068603575229645,0.12465972453355789
2021-01-26,5,loss,809,2607,0.10873029381036758,0.4310857355594635,0.4119178354740143
2021-01-28,5,loss,2591,2607,0.2406798005104065,0.43462449312210083,0.23191973567008972
2021-01-31,5,loss,68,2607,0.20335179567337036,0.415604829788208,0.2966991662979126
2021-02-02,5,loss,1956,2607,0.2357938587665558,0.4623684883117676,0.25299668312072754
2021-02-05,5,loss,2581,2607,0.23087437450885773,0.5227449536323547,0.33473068475723267
2021-02-07,5,loss,2563,2607,-0.08230995386838913,0.44638434052467346,0.6085649728775024
2021-02-12,5,loss,2562,2607,0.23580431938171387,0.4611895680427551,0.2574509084224701
2021-02-15,5,loss,2592,2607,0.23946931958198547,0.48137015104293823,0.2791311740875244
2021-02-17,5,loss,2530,2607,0.2400878667831421,0.47539594769477844,0.27473291754722595
2021-02-20,5,loss,2449,2607,0.18443284928798676,0.40426626801490784,0.21841377019882202
2021-02-22,5,loss,2570,2607,0.03850226476788521,0.5125411152839661,0.5684841871261597
2021-03-02,5,loss,49,2607,0.31456229090690613,0.4135020971298218,0.14264380931854248
2021-03-04,5,loss,2551,2607,0.20230481028556824,0.45743274688720703,0.27416884899139404
2021-03-07,5,loss,2587,2607,0.19812236726284027,0.5017380118370056,0.3372770845890045
2021-03-09,5,loss,1723,2607,-0.07832090556621552,0.36231738328933716,0.5365517735481262
2021-03-12,5,loss,2431,2607,0.17973600327968597,0.30952781438827515,0.14352819323539734
2021-03-14,5,loss,36,2607,0.0924803763628006,0.22518587112426758,0.16789352893829346
2021-03-17,5,loss,0,2607,,,
2021-03-19,5,loss,248,2607,0.16366679966449738,0.36472612619400024,0.24064818024635315
2021-03-22,5,loss,1855,2607,0.16512030363082886,0.39030277729034424,0.2473916858434677
2021-03-24,5,loss,2574,2607,0.05964929610490799,0.47564074397087097,0.5098361968994141
2021-03-27,5,loss,691,2607,-0.026649639010429382,0.44234785437583923,0.5880577564239502
2021-03-29,5,loss,1444,2607,0.19707565009593964,0.43281862139701843,0.2677563428878784
2021-04-01,5,loss,2506,2607,0.1984788477420807,0.4230339527130127,0.26309090852737427
2021-04-03,5,loss,33,2607,0.39106935262680054,0.46482235193252563,0.15773053467273712
2021-04-06,5,loss,2546,2607,0.16726276278495789,0.5288323163986206,0.42127805948257446
2021-04-08,5,loss,2514,2607,0.06586826592683792,0.5369501113891602,0.6189662218093872
2021-04-11,5,loss,2398,2607,0.17514604330062866,0.33299925923347473,0.16875430941581726
2021-04-13,5,loss,2494,2607,0.1834375262260437,0.35884955525398254,0.18563807010650635
2021-04-16,5,loss,19,2607,,,
2021-04-18,5,loss,0,2607,,,
2021-04-21,5,loss,42,2607,0.3794042468070984,0.4351484477519989,0.1105974018573761
2021-04-23,5,loss,386,2607,-0.011758903972804546,0.4927254915237427,0.6102578043937683
2021-04-26,5,loss,9,2607,,,
2021-05-01,5,loss,1852,2607,0.17417863011360168,0.3775032162666321,0.20721518993377686
2021-05-03,5,loss,2556,2607,0.1680244505405426,0.49987098574638367,0.36701828241348267
2021-05-08,5,loss,2154,2607,0.17199258506298065,0.3878318965435028,0.2282368391752243
2021-05-13,5,loss,2598,2607,0.19446521997451782,0.40202808380126953,0.22839665412902832
2021-05-18,5,loss,2214,2607,0.19159770011901855,0.4478515386581421,0.29418864846229553
2021-05-23,5,loss,2523,2607,-0.13178251683712006,0.3228767514228821,0.5466150641441345
2021-05-28,5,loss,43,2607,0.2484467476606369,0.4338477551937103,0.2023233026266098
2021-06-02,5,loss,2562,2607,0.1896536946296692,0.4653938114643097,0.3208492398262024
2021-06-07,5,loss,1443,2607,0.15928588807582855,0.31301349401474,0.17272281646728516
2021-06-12,5,loss,873,2607,0.17574718594551086,0.40104374289512634,0.24575583636760712
2021-06-17,5,loss,892,2607,0.1646060347557068,0.40409010648727417,0.27186891436576843
2021-06-20,5,loss,12,2607,,,
2021-06-22,5,loss,785,2607,0.17118239402770996,0.2862185537815094,0.15721188485622406
2021-06-25,5,loss,0,2607,,,
2021-06-27,5,loss,241,2607,0.1827424168586731,0.3303220570087433,0.1859026700258255
2021-06-30,5,loss,12,2607,,,
2021-07-02,5,loss,2467,2607,0.187519371509552,0.37571388483047485,0.20731371641159058
2021-07-07,5,loss,0,2607,,,
2021-07-22,5,loss,2516,2607,0.17963001132011414,0.2938450574874878,0.11405441910028458
2021-07-27,5,loss,1967,2607,0.21816006302833557,0.38556361198425293,0.20956233143806458
2021-08-01,5,loss,1810,2607,0.220553919672966,0.3229818642139435,0.13567577302455902
2021-08-04,5,loss,2392,2607,0.20244714617729187,0.3035013675689697,0.11805632710456848
2021-08-06,5,loss,2536,2607,0.21449428796768188,0.3153349757194519,0.12441408634185791
2021-08-09,5,loss,2421,2607,0.20599216222763062,0.3167455494403839,0.13363800942897797
2021-08-11,5,loss,2447,2607,0.22002777457237244,0.36061009764671326,0.17750786244869232
2021-08-16,5,loss,2520,2607,0.2012840211391449,0.3333326578140259,0.15780943632125854
2021-08-19,5,loss,13,2607,,,
2021-08-21,5,loss,2307,2607,0.20125164091587067,0.31352344155311584,0.1316618025302887
2021-08-24,5,loss,27,2607,0.3571089804172516,0.40158945322036743,0.113068588078022
2021-08-26,5,loss,2607,2607,0.2145426869392395,0.3586199879646301,0.179531991481781
2021-08-29,5,loss,21,2607,0.34439754486083984,0.3032945394515991,0.004346332047134638
2021-08-31,5,loss,1504,2607,0.19975832104682922,0.2920161783695221,0.13192656636238098
2021-09-03,5,loss,35,2607,0.3524346649646759,0.31986457109451294,0.022329038009047508
2021-09-05,5,loss,203,2607,0.1830805093050003,0.30481937527656555,0.1236945241689682
2021-09-08,5,loss,59,2607,0.31707245111465454,0.3849157691001892,0.1303025633096695
2021-09-10,5,loss,18,2607,,,
2021-09-15,5,loss,415,2607,0.29537639021873474,0.3212115168571472,0.09912308305501938
2021-09-18,5,loss,1925,2607,0.2436845302581787,0.32522961497306824,0.12350007891654968
2021-09-20,5,loss,1915,2607,0.22438183426856995,0.33793291449546814,0.15606902539730072
2021-09-23,5,loss,2430,2607,0.24965593218803406,0.386270135641098,0.1908680498600006
2021-09-25,5,loss,2387,2607,0.23983699083328247,0.37196919322013855,0.1721140742301941
2021-09-28,5,loss,41,2607,0.31375351548194885,0.29010018706321716,0.02403569594025612
2021-09-30,5,loss,53,2607,0.3694257140159607,0.31022363901138306,0.001371709513477981
2021-10-03,5,loss,0,2607,,,
2021-10-05,5,loss,362,2607,0.2154683619737625,0.21325266361236572,0.048458803445100784
2021-10-08,5,loss,2430,2607,0.26047375798225403,0.3819410800933838,0.17398999631404877
2021-10-10,5,loss,2580,2607,0.2604532837867737,0.3971179127693176,0.18849347531795502
2021-10-13,5,loss,181,2607,0.3422333300113678,0.33795303106307983,0.04872668907046318
2021-11-04,5,loss,2580,2607,0.26575958728790283,0.3765351176261902,0.15645819902420044
2021-11-12,5,loss,2470,2607,0.2532666325569153,0.40769633650779724,0.2031068503856659
2021-11-14,5,loss,2572,2607,0.16791093349456787,0.5052621960639954,0.5234684944152832
2021-11-17,5,loss,2263,2607,0.2258298099040985,0.3783281445503235,0.18725556135177612
2021-11-19,5,loss,1378,2607,0.09677285701036453,0.44450056552886963,0.4414462149143219
2021-11-22,5,loss,2479,2607,0.26843589544296265,0.40833595395088196,0.18528832495212555
2021-11-24,5,loss,257,2607,0.3830389082431793,0.40564605593681335,0.08095747977495193
2021-11-27,5,loss,2546,2607,0.28970974683761597,0.4219905138015747,0.1758047640323639
2021-11-29,5,loss,2459,2607,0.22954338788986206,0.39359602332115173,0.19544829428195953
2021-12-02,5,loss,0,2607,,,
2021-12-04,5,loss,1467,2607,0.2076743245124817,0.355567067861557,0.23393702507019043
2021-12-07,5,loss,2557,2607,0.2782602906227112,0.45007771253585815,0.21594969928264618
2021-12-09,5,loss,2599,2607,0.29168128967285156,0.44944503903388977,0.20637892186641693
2021-12-17,5,loss,2607,2607,0.10881628096103668,0.5244566798210144,0.6011787056922913
2021-12-22,5,loss,2607,2607,0.2939433157444,0.4847278594970703,0.2014351636171341
2021-12-24,5,loss,2533,2607,0.2741987109184265,0.4479626417160034,0.2045239955186844
2021-12-27,5,loss,2603,2607,0.2657468020915985,0.48968252539634705,0.26036375761032104
2022-01-06,5,loss,0,2607,,,
2022-01-08,5,loss,2605,2607,0.27203547954559326,0.47526073455810547,0.23895741999149323
2022-01-11,5,loss,2581,2607,0.17289675772190094,0.6638769507408142,0.5996842980384827
2022-01-13,5,loss,2603,2607,-0.05057784169912338,0.565383791923523,0.6969667077064514
2022-01-18,5,loss,2599,2607,0.24231009185314178,0.39771759510040283,0.14908213913440704
2022-01-21,5,loss,702,2607,0.13212823867797852,0.4524344503879547,0.45143306255340576
2022-01-23,5,loss,2365,2607,0.2675958275794983,0.4013642966747284,0.1578628569841385
2022-01-26,5,loss,2607,2607,0.2439425140619278,0.4225824773311615,0.20563602447509766
2022-01-31,5,loss,2607,2607,0.15636667609214783,0.40635648369789124,0.31067246198654175
2022-02-02,5,loss,2354,2607,0.24286508560180664,0.4313775599002838,0.2101321667432785
2022-02-05,5,loss,2607,2607,0.2729603946208954,0.45620936155319214,0.20084287226200104
2022-02-07,5,loss,15,2607,,,
2022-02-10,5,loss,2607,2607,0.23066353797912598,0.542826771736145,0.3576955795288086
2022-02-12,5,loss,2591,2607,-0.0657978281378746,0.49472489953041077,0.6538069248199463
2022-02-15,5,loss,2607,2607,0.20288458466529846,0.42023077607154846,0.2238878756761551
2022-02-17,5,loss,2603,2607,0.25945743918418884,0.4308318495750427,0.1939101368188858
2022-02-20,5,loss,2607,2607,0.24481867253780365,0.43985480070114136,0.20795391499996185
2022-02-25,5,loss,2607,2607,0.21135610342025757,0.5341759920120239,0.37709179520606995
2022-02-27,5,loss,0,2607,,,
2022-03-02,5,loss,2599,2607,0.2382412701845169,0.42445430159568787,0.20758996903896332
2022-03-07,5,loss,2607,2607,0.2542368769645691,0.4367736876010895,0.18872806429862976
2022-03-09,5,loss,856,2607,0.22074124217033386,0.42825260758399963,0.2406545728445053
2022-03-14,5,loss,2607,2607,-0.08510617166757584,0.4183020293712616,0.59693843126297
2022-03-17,5,loss,2607,2607,-0.16499470174312592,0.1972304731607437,0.49163952469825745
2022-03-19,5,loss,2607,2607,0.2286514937877655,0.37634000182151794,0.17354674637317657
2022-03-22,5,loss,2607,2607,0.23373134434223175,0.4346984326839447,0.22185887396335602
2022-03-24,5,loss,2599,2607,0.2393692135810852,0.4573337435722351,0.2570461630821228
2022-03-27,5,loss,2150,2607,-0.07536996901035309,0.2828028202056885,0.46305757761001587
2022-03-29,5,loss,2601,2607,0.18367323279380798,0.34303805232048035,0.18804050981998444
2022-04-01,5,loss,2607,2607,0.22448940575122833,0.401803582906723,0.18835431337356567
2022-04-03,5,loss,2607,2607,0.2429145723581314,0.42733892798423767,0.21588651835918427
2022-04-06,5,loss,2607,2607,0.22903670370578766,0.41624945402145386,0.2166898548603058
2022-04-08,5,loss,2607,2607,0.21514427661895752,0.4197857677936554,0.22743946313858032
2022-04-11,5,loss,2607,2607,0.2228744626045227,0.4625767767429352,0.2751472294330597
2022-04-13,5,loss,2606,2607,-0.008768189698457718,0.3553359806537628,0.5016831159591675
2022-04-16,5,loss,304,2607,0.19077357649803162,0.38669154047966003,0.20488841831684113
2022-04-21,5,loss,2607,2607,0.20435276627540588,0.41443297266960144,0.23722898960113525
2022-04-23,5,loss,2469,2607,0.18833789229393005,0.4075830578804016,0.2787672281265259
2022-04-28,5,loss,2557,2607,0.2061436027288437,0.3815693259239197,0.20404799282550812
2022-05-01,5,loss,2607,2607,0.2301018089056015,0.37154996395111084,0.13844479620456696
2022-05-03,5,loss,2607,2607,0.21274825930595398,0.36404871940612793,0.18195007741451263
2022-05-06,5,loss,2607,2607,0.18595388531684875,0.3111317753791809,0.11778094619512558
2022-05-08,5,loss,2607,2607,0.2091463804244995,0.4288448095321655,0.26156243681907654
2022-05-11,5,loss,2509,2607,0.19102391600608826,0.32904207706451416,0.1474318504333496
2022-05-13,5,loss,2607,2607,0.12043757736682892,0.44761744141578674,0.46238061785697937
2022-05-18,5,loss,2607,2607,0.15925903618335724,0.30327552556991577,0.14340676367282867
2022-05-23,5,loss,2607,2607,0.21186988055706024,0.4579543173313141,0.292999267578125
2022-05-28,5,loss,2607,2607,0.17938117682933807,0.30291497707366943,0.1450880616903305
2022-05-31,5,loss,2607,2607,0.23038095235824585,0.35776251554489136,0.1267843246459961
2022-06-02,5,loss,2607,2607,0.20318041741847992,0.36130478978157043,0.17224116623401642
2022-06-05,5,loss,2607,2607,0.21289542317390442,0.3830525577068329,0.19661574065685272
2022-06-07,5,loss,2607,2607,0.20024612545967102,0.3916928172111511,0.21801303327083588
2022-06-10,5,loss,2607,2607,0.17264245450496674,0.3588828146457672,0.2264573872089386
2022-06-12,5,loss,2605,2607,0.20290248095989227,0.3620280921459198,0.18362298607826233
2022-06-15,5,loss,2607,2607,0.19480490684509277,0.30211180448532104,0.09201902151107788
2022-06-17,5,loss,2607,2607,0.21760503947734833,0.3933691084384918,0.20195461809635162
2022-06-20,5,loss,2607,2607,0.20418500900268555,0.39408648014068604,0.2023802548646927
2022-06-22,5,loss,2607,2607,0.2170051485300064,0.44206154346466064,0.2857601046562195
2022-06-25,5,loss,2607,2607,0.1815159022808075,0.3053070604801178,0.145387202501297
2022-06-27,5,loss,2602,2607,0.166562020778656,0.30127254128456116,0.16491061449050903
2022-07-05,5,loss,1282,2607,0.09086503088474274,0.29309356212615967,0.23769617080688477
2022-07-12,5,loss,2605,2607,0.2461947798728943,0.37914127111434937,0.1583832949399948
2022-07-15,5,loss,2607,2607,0.23587995767593384,0.30746543407440186,0.0738312155008316
2022-07-22,5,loss,2581,2607,0.21157829463481903,0.30514076352119446,0.13030721247196198
2022-07-25,5,loss,2583,2607,0.22638848423957825,0.2988094389438629,0.100986547768116
2022-08-01,5,loss,2411,2607,0.2185344099998474,0.34998902678489685,0.17652060091495514
2022-08-04,5,loss,2607,2607,0.2627677917480469,0.34682121872901917,0.08157731592655182
2022-08-06,5,loss,2607,2607,0.22284258902072906,0.30601468682289124,0.10982631891965866
2022-08-09,5,loss,2607,2607,0.26204773783683777,0.3105553090572357,0.06265650689601898
2022-08-11,5,loss,2607,2607,0.25774431228637695,0.33894747495651245,0.10726229846477509
2022-08-16,5,loss,0,2607,,,
2022-08-19,5,loss,2583,2607,0.26088473200798035,0.3187532126903534,0.10790714621543884
2022-08-21,5,loss,2607,2607,0.2683250308036804,0.33824676275253296,0.11547567695379257
2022-08-24,5,loss,0,2607,,,
2022-08-26,5,loss,2607,2607,0.23048743605613708,0.30346667766571045,0.10556596517562866
2022-08-29,5,loss,2607,2607,0.23924481868743896,0.3383030295372009,0.12952497601509094
2022-08-31,5,loss,2607,2607,0.2594154477119446,0.365390419960022,0.16043013334274292
2022-09-03,5,loss,2607,2607,0.26671621203422546,0.3100055158138275,0.08624808490276337
2022-09-05,5,loss,2607,2607,0.26907113194465637,0.3254176676273346,0.09545248001813889
2022-09-08,5,loss,2607,2607,0.23106758296489716,0.3045492470264435,0.0929986909031868
2022-09-10,5,loss,2607,2607,0.2578309178352356,0.3394220471382141,0.12593410909175873
2022-09-13,5,loss,2607,2607,0.2897190749645233,0.37660208344459534,0.12690915167331696
2022-09-15,5,loss,2607,2607,0.2792787551879883,0.36956459283828735,0.13009454309940338
2022-09-18,5,loss,2607,2607,0.2734917998313904,0.31832531094551086,0.08342459797859192
2022-09-20,5,loss,2583,2607,0.26814594864845276,0.3165527582168579,0.09336401522159576
2022-09-23,5,loss,2607,2607,0.2666890025138855,0.31246718764305115,0.08225490897893906
2022-09-25,5,loss,2328,2607,0.25625354051589966,0.351218044757843,0.12050129473209381
2022-09-28,5,loss,2607,2607,0.2735556960105896,0.3756253123283386,0.13589991629123688
2022-09-30,5,loss,2607,2607,0.2594554126262665,0.3680036664009094,0.15254195034503937
2022-10-03,5,loss,2607,2607,0.28138476610183716,0.34054210782051086,0.10131308436393738
2022-10-05,5,loss,2607,2607,0.24555587768554688,0.31303372979164124,0.10356224328279495
2022-10-08,5,loss,2607,2607,0.2617032527923584,0.3396218717098236,0.11191311478614807
2022-10-10,5,loss,2607,2607,0.27842262387275696,0.3743559718132019,0.14940202236175537
2022-10-13,5,loss,2607,2607,0.2907243072986603,0.3584190607070923,0.11943602561950684
2022-10-15,5,loss,2607,2607,0.2756534516811371,0.33939918875694275,0.10902829468250275
2022-10-18,5,loss,2607,2607,0.2740108072757721,0.338105708360672,0.10605673491954803
2022-10-20,5,loss,2607,2607,0.2638116776943207,0.32350167632102966,0.10431268066167831
2022-10-23,5,loss,2607,2607,0.26211482286453247,0.31909874081611633,0.07912064343690872
2022-10-25,5,loss,2607,2607,0.27864357829093933,0.367843896150589,0.12133293598890305
2022-10-28,5,loss,2607,2607,0.2828029990196228,0.37540939450263977,0.12301547825336456
2022-10-30,5,loss,249,2607,0.23443308472633362,0.4342305064201355,0.2443951517343521
2022-11-02,5,loss,2607,2607,0.3029640018939972,0.3796538710594177,0.1180538758635521
2022-11-04,5,loss,2607,2607,0.2697543203830719,0.33815696835517883,0.09783248603343964
2022-11-07,5,loss,2607,2607,0.2809535562992096,0.3567725419998169,0.06666645407676697
2022-11-09,5,loss,2607,2607,0.29213422536849976,0.35210585594177246,0.0839800238609314
2022-11-12,5,loss,2583,2607,0.27962762117385864,0.3712632656097412,0.11727463454008102
2022-11-14,5,loss,1926,2607,0.23970381915569305,0.35612785816192627,0.13928653299808502
2022-11-17,5,loss,2607,2607,0.26418229937553406,0.35188576579093933,0.12279040366411209
2022-11-19,5,loss,1407,2607,0.2925758957862854,0.3991846442222595,0.1695350706577301
2022-11-22,5,loss,2607,2607,0.23582938313484192,0.34385961294174194,0.12188699841499329
2022-11-24,5,loss,2511,2607,0.2987992465496063,0.38841500878334045,0.11559095978736877
2022-11-29,5,loss,2607,2607,0.30765947699546814,0.4246567189693451,0.16275599598884583
2022-12-02,5,loss,2607,2607,0.11138428002595901,0.5260154604911804,0.5383433103561401
2022-12-07,5,loss,2607,2607,0.26298728585243225,0.43810388445854187,0.2207116186618805
2022-12-09,5,loss,529,2607,0.3225914239883423,0.34940120577812195,0.03225797042250633
2022-12-12,5,loss,2309,2607,0.320838987827301,0.4218844771385193,0.1380275934934616
2022-12-14,5,loss,2339,2607,0.3157293200492859,0.4378216564655304,0.14130619168281555
2022-12-17,5,loss,1907,2607,0.2288067787885666,0.5242751836776733,0.3536456227302551
2022-12-19,5,loss,0,2607,,,
2022-12-22,5,loss,1374,2607,-0.09821516275405884,0.49323272705078125,0.6931151151657104
2022-12-29,5,loss,1124,2607,0.2584088146686554,0.5050902366638184,0.2864871025085449
2023-01-01,5,loss,2607,2607,-0.012489533983170986,0.5858269333839417,0.6787875294685364
2023-01-08,5,loss,2299,2607,0.27611038088798523,0.3922687768936157,0.1367233842611313
2023-01-11,5,loss,1528,2607,0.2561544179916382,0.4762002229690552,0.23907136917114258
2023-01-13,5,loss,1211,2607,0.2720888555049896,0.3748157322406769,0.0837898924946785
2023-01-16,5,loss,2607,2607,0.2531464099884033,0.5706978440284729,0.35417842864990234
2023-01-21,5,loss,2607,2607,-0.009538926184177399,0.5942855477333069,0.703180193901062
2023-01-31,5,loss,2607,2607,0.16768395900726318,0.5853390693664551,0.5063103437423706
2023-02-02,5,loss,2607,2607,0.053185101598501205,0.4525933861732483,0.49288326501846313
2023-02-05,5,loss,2563,2607,0.2565682828426361,0.35828644037246704,0.08207683265209198
2023-02-07,5,loss,2607,2607,0.27672910690307617,0.3735428750514984,0.09114732593297958
2023-02-10,5,loss,1018,2607,0.28775402903556824,0.48822057247161865,0.1972436159849167
2023-02-12,5,loss,2607,2607,0.25075027346611023,0.3554687798023224,0.10090542584657669
2023-02-15,5,loss,2596,2607,0.24339774250984192,0.44965338706970215,0.22136971354484558
2023-02-17,5,loss,0,2607,,,
2023-02-22,5,loss,2607,2607,0.241205632686615,0.3763178288936615,0.1239582747220993
2023-03-02,5,loss,232,2607,0.17393667995929718,0.6005433201789856,0.5656644105911255
2023-03-04,5,loss,2592,2607,0.05201452225446701,0.4758676290512085,0.46896424889564514
2023-03-07,5,loss,2607,2607,0.2315683215856552,0.3227563202381134,0.06816146522760391
2023-03-09,5,loss,2607,2607,0.23640497028827667,0.35358619689941406,0.09780288487672806
2023-03-12,5,loss,869,2607,0.21469344198703766,0.3765995502471924,0.21261247992515564
2023-03-14,5,loss,2607,2607,0.23781178891658783,0.44858604669570923,0.16707870364189148
2023-03-17,5,loss,2607,2607,-0.012780592776834965,0.37884509563446045,0.47285065054893494
2023-03-22,5,loss,2607,2607,0.2200283408164978,0.38898223638534546,0.15848426520824432
2023-03-24,5,loss,542,2607,0.19272974133491516,0.30428463220596313,0.13896839320659637
2023-03-29,5,loss,2606,2607,0.164559006690979,0.44923630356788635,0.2910141348838806
2023-04-01,5,loss,2607,2607,0.013552739284932613,0.3037848174571991,0.3778686225414276
2023-04-03,5,loss,1731,2607,0.1847793608903885,0.2715860903263092,0.0734311193227768
2023-04-06,5,loss,2607,2607,0.20566897094249725,0.28344613313674927,0.035507187247276306
2023-04-11,5,loss,2607,2607,0.17957930266857147,0.31353867053985596,0.08423545956611633
2023-04-16,5,loss,1875,2607,0.048593323677778244,0.16784588992595673,0.14499123394489288
2023-04-21,5,loss,2607,2607,0.17739783227443695,0.23791587352752686,0.0323263518512249
2023-04-28,5,loss,2607,2607,0.1515149623155594,0.22010286152362823,0.08556469529867172
2023-05-01,5,loss,2607,2607,0.08402974903583527,0.13637365400791168,0.07996224611997604
2023-05-08,5,loss,2607,2607,0.15849369764328003,0.17220047116279602,0.04600722715258598
2023-05-11,5,loss,2607,2607,0.1500166803598404,0.12323590368032455,-0.05135370045900345
2023-05-13,5,loss,2607,2607,0.12513236701488495,0.1579311490058899,0.05393947660923004
2023-05-23,5,loss,2444,2607,0.10122707486152649,0.17976771295070648,0.07908783853054047
2023-05-26,5,loss,2607,2607,0.13202987611293793,0.13997769355773926,-0.03400028869509697
2023-05-28,5,loss,2607,2607,0.13458870351314545,0.12772004306316376,0.01036954578012228
2023-05-31,5,loss,685,2607,0.25009191036224365,0.2523483633995056,-0.004659048281610012
2023-06-02,5,loss,2578,2607,0.09986431896686554,0.08627723902463913,-0.007165646180510521
2023-06-05,5,loss,2607,2607,0.10142674297094345,0.0846947506070137,-0.0378931500017643
2023-06-07,5,loss,2607,2607,0.09585480391979218,0.0991377979516983,0.02005053497850895
2023-06-10,5,loss,2607,2607,0.10442851483821869,0.06841007620096207,-0.014855354093015194
2023-06-12,5,loss,2607,2607,0.06893675774335861,0.09847736358642578,0.08151079714298248
2023-06-15,5,loss,2607,2607,0.06874080747365952,0.08003263175487518,-0.02424239180982113
2023-06-17,5,loss,2607,2607,0.04912273585796356,0.10355104506015778,0.03676652908325195
2023-06-22,5,loss,2607,2607,0.028969507664442062,0.08810872584581375,0.03821970522403717
2023-06-25,5,loss,2607,2607,0.0432167574763298,0.06008301302790642,0.01687408611178398
2023-06-27,5,loss,2553,2607,0.02216741442680359,0.08388854563236237,0.074028879404068
2023-06-30,5,loss,2607,2607,0.04179099574685097,0.03429442644119263,-0.07252606749534607
2023-07-02,5,loss,2607,2607,0.040415264666080475,0.058042995631694794,-0.010771186091005802
2023-07-05,5,loss,2607,2607,0.03217499703168869,0.06886307895183563,-0.03147175908088684
2023-07-07,5,loss,2605,2607,0.012871732003986835,0.09701476991176605,0.041936833411455154
2023-07-10,5,loss,2607,2607,0.02799997106194496,0.05826346576213837,-0.016412653028964996
2023-07-12,5,loss,2549,2607,0.019274378195405006,0.05499032884836197,-0.014154216274619102
2023-07-15,5,loss,2607,2607,0.01605992764234543,0.07215842604637146,-0.006665355060249567
2023-07-17,5,loss,2607,2607,0.028099117800593376,0.059013478457927704,-0.023841602727770805
2023-07-20,5,loss,2317,2607,0.03573079779744148,0.04127182066440582,-0.00809800811111927
2023-07-22,5,loss,2409,2607,0.014912636950612068,0.10091501474380493,0.06216684728860855
2023-07-27,5,loss,2588,2607,0.008166365325450897,0.06425495445728302,0.018890000879764557
2023-07-30,5,loss,2607,2607,0.037889596074819565,0.05270811542868614,-0.06344006955623627
2023-08-01,5,loss,2607,2607,0.022314034402370453,0.05649470165371895,-0.019674478098750114
2023-08-06,5,loss,2584,2607,-0.009448250755667686,0.0918407142162323,0.08063523471355438
2023-08-09,5,loss,2607,2607,0.029017850756645203,0.02598528563976288,-0.05152300372719765
2023-08-11,5,loss,2498,2607,-0.011833093129098415,0.08810465037822723,0.06253712624311447
2023-08-14,5,loss,2607,2607,0.017354877665638924,0.05508041009306908,-0.018013374879956245
2023-08-16,5,loss,2607,2607,0.004223851952701807,0.06909497082233429,0.03185869753360748
2023-08-19,5,loss,2607,2607,0.01756194978952408,0.04102553427219391,-0.018226010724902153
2023-08-21,5,loss,2607,2607,0.015618721954524517,0.04964343458414078,0.028159471228718758
2023-08-24,5,loss,2607,2607,0.018885720521211624,0.05488036572933197,-0.02652096003293991
2023-08-26,5,loss,2550,2607,0.029175596311688423,0.05719224736094475,-0.03207637369632721
2023-08-29,5,loss,2607,2607,0.031972769647836685,0.06766905635595322,-0.01039677020162344
2023-08-31,5,loss,2607,2607,0.015171200037002563,0.059122562408447266,0.0033208075910806656
2023-09-03,5,loss,2607,2607,-0.012974520213901997,0.06843665987253189,0.015375602059066296
2023-09-05,5,loss,2607,2607,0.004120890982449055,0.07593569159507751,0.04845621809363365
2023-09-08,5,loss,2607,2607,0.007194214966148138,0.04021775349974632,-0.017381204292178154
2023-09-10,5,loss,2476,2607,0.009263532236218452,0.05041635036468506,-0.018072811886668205
2023-09-13,5,loss,2607,2607,0.008688073605298996,0.04044217988848686,-0.03883873671293259
2023-09-15,5,loss,2546,2607,0.01840033382177353,0.07396429032087326,-0.0038225180469453335
2023-09-18,5,loss,2598,2607,0.0045553408563137054,0.09842493385076523,0.034795891493558884
2023-09-20,5,loss,2603,2607,-0.0007363880868069828,0.06964350491762161,0.03582483157515526
2023-09-23,5,loss,1819,2607,-0.0019860912580043077,0.04583146795630455,0.023792309686541557
2023-09-25,5,loss,2583,2607,0.007716736290603876,0.04992135241627693,-0.0032089315354824066
2023-09-28,5,loss,2607,2607,0.024667931720614433,0.04439482465386391,-0.022433286532759666
2023-09-30,5,loss,2607,2607,0.02876867540180683,0.052016932517290115,0.008025708608329296
2023-10-03,5,loss,2607,2607,0.01724136620759964,0.045773014426231384,0.01087515614926815
2023-10-05,5,loss,2607,2607,0.02865324728190899,0.0859636515378952,0.0004278048290871084
2023-10-08,5,loss,2607,2607,0.016964688897132874,0.014730425551533699,-0.018239403143525124
2023-10-10,5,loss,2607,2607,0.012929118238389492,0.03401559591293335,-0.004069894552230835
2023-10-13,5,loss,2607,2607,0.025362258777022362,0.038747388869524,-0.02337014302611351
2023-10-15,5,loss,2607,2607,0.038869213312864304,0.08579148352146149,0.02982575260102749
2023-10-18,5,loss,2607,2607,0.02382158674299717,0.061263956129550934,0.00012807309394702315
2023-10-20,5,loss,2599,2607,0.02135392837226391,0.07159502059221268,0.006855976767838001
2023-10-23,5,loss,2607,2607,0.005474471021443605,0.029174411669373512,0.003447331488132477
2023-10-25,5,loss,1231,2607,-0.005084763281047344,0.00880572572350502,0.01899438165128231
2023-10-28,5,loss,2587,2607,0.019748630002141,0.07750172913074493,0.00615655118599534
2023-11-02,5,loss,2607,2607,0.018411336466670036,0.0636964738368988,0.003537115640938282
2023-11-04,5,loss,2062,2607,0.01769920438528061,0.06677897274494171,0.026394952088594437
2023-11-07,5,loss,37,2607,0.21005530655384064,0.4416702389717102,0.4144844710826874
2023-11-09,5,loss,2607,2607,0.010958872735500336,0.02127653919160366,0.02567194774746895
2023-11-14,5,loss,908,2607,0.03444531559944153,0.01769447512924671,-0.06924940645694733
2023-11-19,5,loss,2601,2607,0.027085568755865097,0.09916491061449051,0.022277120500802994
2023-11-24,5,loss,2373,2607,0.00999473873525858,0.03980182111263275,0.043478067964315414
2023-11-27,5,loss,2259,2607,0.009852229617536068,0.035340163856744766,0.004827172961086035
2023-11-29,5,loss,2600,2607,0.015075388364493847,0.04155996814370155,0.02225426584482193
2023-12-02,5,loss,2583,2607,0.02964647114276886,0.08445858955383301,0.03996390476822853
2023-12-04,5,loss,2607,2607,0.024654170498251915,0.07269193977117538,-0.002633882686495781
2023-12-07,5,loss,2606,2607,0.024313686415553093,0.01736633852124214,0.20020723342895508
2023-12-09,5,loss,2596,2607,0.019839465618133545,0.016536150127649307,0.23566466569900513
2023-12-12,5,loss,2607,2607,0.03043241798877716,0.01635942980647087,0.03896090388298035
2023-12-14,5,loss,2593,2607,0.03493242338299751,0.042265500873327255,0.029069699347019196
2023-12-17,5,loss,2607,2607,0.03444672003388405,0.07698731124401093,-0.009163803420960903
2023-12-19,5,loss,2598,2607,0.02550143375992775,0.06459175795316696,0.004505304154008627
2023-12-22,5,loss,2607,2607,0.01962863653898239,0.01836543343961239,0.3540172576904297
2023-12-27,5,loss,2607,2607,0.01798364706337452,0.03700597584247589,-0.0009000676218420267
2024-01-01,5,loss,2607,2607,0.016221344470977783,0.0720469057559967,-0.01616024225950241
2024-01-03,5,loss,350,2607,0.3062639832496643,0.2898387610912323,-0.04939635843038559
2024-01-06,5,loss,2576,2607,0.021423283964395523,0.009536735713481903,0.20343436300754547
2024-01-08,5,loss,2607,2607,0.01920900121331215,-0.0033847277518361807,0.316398024559021
2024-01-11,5,loss,2452,2607,0.03399955853819847,0.010315556079149246,0.05844508856534958
2024-01-13,5,loss,2607,2607,0.03685253486037254,0.05971131473779678,0.018610356375575066
2024-01-16,5,loss,2607,2607,0.019935064017772675,0.0804595947265625,0.034735340625047684
2024-01-18,5,loss,1417,2607,0.021415259689092636,0.02599867433309555,-0.005681813228875399
2024-01-21,5,loss,301,2607,0.03607961907982826,-0.05908551812171936,-0.11997988075017929
2024-01-23,5,loss,2475,2607,0.031421419233083725,-0.005998294334858656,0.32589223980903625
2024-01-31,5,loss,0,2607,,,
2024-02-10,5,loss,2583,2607,0.03620119392871857,0.03535472974181175,0.021522264927625656
2024-02-15,5,loss,2603,2607,0.01718643680214882,0.11163665354251862,0.1126185730099678
2024-02-17,5,loss,1643,2607,0.0010729781351983547,0.1248212531208992,0.10454024374485016
2024-02-20,5,loss,2607,2607,-0.018675701692700386,0.07730161398649216,0.13283628225326538
2024-02-22,5,loss,2607,2607,0.028496233746409416,0.028048668056726456,0.0716557651758194
2024-02-27,5,loss,2062,2607,0.034302111715078354,0.0692608579993248,0.04343121498823166
2024-03-01,5,loss,1434,2607,0.16831009089946747,0.32613232731819153,0.16834919154644012
2024-03-03,5,loss,2552,2607,0.03267970308661461,0.06099138408899307,0.10894226282835007
2024-03-06,5,loss,1530,2607,0.012119094841182232,0.35868924856185913,0.4707114100456238
2024-03-08,5,loss,2436,2607,-0.02550993673503399,0.05471772700548172,0.19756925106048584
2024-03-11,5,loss,2607,2607,0.033633001148700714,0.12111862003803253,0.07140970230102539
2024-03-13,5,loss,2607,2607,0.032548774033784866,0.10013799369335175,0.06992599368095398
2024-03-16,5,loss,2607,2607,-0.023982109501957893,0.0688040554523468,0.03889881446957588
2024-03-18,5,loss,2599,2607,0.014720289967954159,0.03714773803949356,0.10062015056610107
2024-03-21,5,loss,2607,2607,-0.016293229535222054,0.021641051396727562,0.21985316276550293
2024-03-26,5,loss,2583,2607,-0.0050840480253100395,0.06125348433852196,0.06666652113199234
2024-03-28,5,loss,2607,2607,0.027082234621047974,0.06998147070407867,0.034189846366643906
2024-04-05,5,loss,2607,2607,0.02817646600306034,0.0015933392569422722,0.23797473311424255
2024-04-07,5,loss,2123,2607,0.03126498684287071,0.013201731257140636,0.02882477268576622
2024-04-12,5,loss,2392,2607,-0.023310702294111252,0.06969083845615387,0.03873518854379654
2024-04-17,5,loss,511,2607,-0.02454369328916073,0.12179342657327652,0.23556268215179443
2024-04-20,5,loss,2607,2607,0.02340087667107582,0.03958163037896156,0.20996108651161194
2024-04-22,5,loss,2605,2607,-0.007062155287712812,0.07393955439329147,0.05218739062547684
2024-04-25,5,loss,2607,2607,0.0032302543986588717,0.03153922036290169,-0.03670705482363701
2024-04-27,5,loss,2607,2607,0.01406050380319357,0.054760608822107315,0.03563626483082771
2024-04-30,5,loss,2607,2607,-0.010604421608150005,0.057629238814115524,0.022880150005221367
2024-05-07,5,loss,2605,2607,0.0005037486553192139,0.04997186362743378,0.01961938478052616
2024-05-10,5,loss,2607,2607,0.035595592111349106,0.05117204040288925,-0.006535932421684265
2024-05-12,5,loss,798,2607,0.23148339986801147,0.31132030487060547,0.10433906316757202
2024-05-17,5,loss,2508,2607,-0.008954271674156189,0.038026656955480576,0.03895140439271927
2024-05-20,5,loss,2607,2607,0.021150974556803703,0.014371256344020367,-0.028685778379440308
2024-05-22,5,loss,2607,2607,0.0018804362043738365,0.06536532938480377,0.02983473427593708
2024-05-25,5,loss,2607,2607,0.033210303634405136,0.03594572842121124,-0.01740618795156479
2024-05-27,5,loss,2607,2607,0.010909068398177624,0.05561099201440811,0.027198806405067444
2024-06-04,5,loss,2607,2607,0.0253410916775465,0.008900506421923637,-0.09070772677659988
2024-06-06,5,loss,2604,2607,0.0359797403216362,0.046242546290159225,-0.006897098384797573
2024-06-09,5,loss,2607,2607,0.008869152516126633,0.03749452903866768,-0.02927493304014206
2024-06-11,5,loss,2535,2607,0.01180049404501915,0.06011870503425598,0.024221425876021385
2024-06-16,5,loss,2509,2607,0.004618953913450241,0.04322371631860733,0.044599611312150955
2024-06-19,5,loss,2607,2607,0.01627485081553459,0.016191398724913597,-0.0810169205069542
2024-06-21,5,loss,2601,2607,0.01665342040359974,0.057055432349443436,-0.004166983999311924
2024-06-24,5,loss,2607,2607,0.010309281758964062,0.059612199664115906,-0.014386258088052273
2024-06-26,5,loss,678,2607,0.3110036253929138,0.3366895616054535,0.10782632976770401
2024-07-01,5,loss,2603,2607,-0.004870146978646517,0.04670015722513199,0.09988737851381302
2024-07-04,5,loss,2583,2607,-0.0032822859939187765,0.04092967510223389,-0.008662156760692596
2024-07-06,5,loss,1544,2607,0.0008169917855411768,0.04740958660840988,0.03313697502017021
2024-07-14,5,loss,2599,2607,0.001141136628575623,0.04287499189376831,0.005394769366830587
2024-07-16,5,loss,2582,2607,-0.02629876881837845,0.06746368110179901,0.051347292959690094
2024-07-24,5,loss,2607,2607,0.02071005292236805,0.04930547624826431,-0.04859958216547966
2024-07-26,5,loss,2607,2607,-0.00814264826476574,0.06432071328163147,0.01991676539182663
2024-07-31,5,loss,2585,2607,-0.030162377282977104,0.08760648220777512,0.12984931468963623
2024-08-05,5,loss,2532,2607,-0.00900878757238388,0.0778769701719284,0.02797575481235981
2024-08-08,5,loss,2607,2607,0.012125074863433838,0.05967791751027107,-0.06019677221775055
2024-08-13,5,loss,2607,2607,-0.01607048325240612,0.06444250047206879,-0.012993179261684418
2024-08-15,5,loss,2583,2607,-0.01648997887969017,0.0475495420396328,0.02293671853840351
2024-08-20,5,loss,2607,2607,-0.006128684151917696,0.10945364832878113,0.054682254791259766
2024-08-23,5,loss,2603,2607,-0.0009881578152999282,0.08293642103672028,0.011989889666438103
2024-08-25,5,loss,2607,2607,-0.000579718267545104,0.06739604473114014,0.0219894889742136
2024-08-28,5,loss,2607,2607,0.011327570304274559,0.04535205662250519,-0.0241109486669302
2024-08-30,5,loss,987,2607,0.2971373498439789,0.23910298943519592,-0.019918397068977356
2024-09-02,5,loss,2607,2607,0.008208579383790493,0.05839897319674492,-0.017849326133728027
2024-09-04,5,loss,2607,2607,0.011348137632012367,0.06648700684309006,-0.004124788101762533
2024-09-07,5,loss,2607,2607,0.021943552419543266,0.05284542590379715,-0.026328831911087036
2024-09-12,5,loss,2607,2607,0.02183404192328453,0.03317870572209358,-0.040916476398706436
2024-09-22,5,loss,2607,2607,0.017367426306009293,0.058053500950336456,-0.019199378788471222
2024-09-24,5,loss,2607,2607,0.016888858750462532,0.051141299307346344,-0.027979211881756783
2024-09-27,5,loss,2607,2607,0.005698947235941887,0.016988961026072502,-0.023972542956471443
2024-09-29,5,loss,2607,2607,0.01212354376912117,0.04446503520011902,-0.009766042232513428
2024-10-02,5,loss,2607,2607,0.003598951268941164,0.02832900360226631,-0.04808319732546806
2024-10-04,5,loss,2607,2607,0.014843697659671307,0.046767059713602066,-0.011415943503379822
2024-10-07,5,loss,2607,2607,0.015064899809658527,0.0347503162920475,-0.03716672211885452
2024-10-09,5,loss,2607,2607,0.020580440759658813,0.05482806637883186,-0.020939946174621582
2024-10-12,5,loss,2607,2607,0.01995794102549553,0.012955420650541782,-0.010455320589244366
2024-10-14,5,loss,2607,2607,0.02361443266272545,0.028622493147850037,-0.007832895033061504
2024-10-17,5,loss,2607,2607,-0.0008196842973120511,0.0461822971701622,-0.005286852829158306
2024-10-19,5,loss,2374,2607,0.0029424908570945263,0.04058914631605148,-0.0013238547835499048
2024-10-22,5,loss,2607,2607,0.01741846650838852,0.07009509205818176,-0.007931639440357685
2024-10-24,5,loss,2607,2607,0.004918014630675316,0.026146531105041504,-0.0168797317892313
2024-10-27,5,loss,2607,2607,0.0050933645106852055,0.011375329457223415,0.008968610316514969
2024-10-29,5,loss,2607,2607,0.016865048557519913,0.034083787351846695,0.01172175258398056
2024-11-01,5,loss,2583,2607,0.017324335873126984,0.01784703880548477,0.0
2024-11-03,5,loss,2607,2607,0.031184988096356392,0.04229887202382088,0.010270347818732262
2024-11-06,5,loss,2583,2607,0.02344662882387638,0.008800012059509754,0.0005125650204718113
2024-11-08,5,loss,2607,2607,0.030946819111704826,0.028394553810358047,0.005899222567677498
2024-11-11,5,loss,2607,2607,0.01458019483834505,-0.014107700437307358,0.08165407180786133
2024-11-13,5,loss,2607,2607,0.025640979409217834,-0.006001260597258806,0.09770402312278748
2024-11-16,5,loss,2599,2607,0.017883028835058212,-0.014606019482016563,0.11296246200799942
2024-11-18,5,loss,2583,2607,0.0288362018764019,0.011692882515490055,0.025749480351805687
2024-11-21,5,loss,2607,2607,0.028735583648085594,-0.0006501730531454086,-0.010296160355210304
2024-11-23,5,loss,1245,2607,0.08807643502950668,0.2062293142080307,0.08986867219209671
2024-11-26,5,loss,2607,2607,-0.1739613115787506,-0.029305873438715935,0.372715026140213
2024-11-28,5,loss,1721,2607,-0.34771764278411865,-0.04959768056869507,0.4324549734592438
2024-12-01,5,loss,521,2607,-0.005725202616304159,-0.00256928289309144,0.18375371396541595
2024-12-03,5,loss,2100,2607,0.029852598905563354,0.013804228976368904,0.04695970192551613
2024-12-06,5,loss,2607,2607,0.015258190222084522,0.01556144468486309,0.05185703933238983
2024-12-08,5,loss,2607,2607,0.03979006037116051,0.007843608036637306,0.08513472229242325
2024-12-11,5,loss,2607,2607,-0.05379616096615791,-0.04028143361210823,0.1675083190202713
2024-12-13,5,loss,1625,2607,-0.025550609454512596,-0.0535990372300148,0.08332198858261108
2024-12-16,5,loss,2607,2607,0.013579544611275196,0.03159761801362038,0.04823767766356468
2024-12-21,5,loss,2494,2607,0.026053328067064285,-0.02529134787619114,0.029247529804706573
2024-12-23,5,loss,0,2607,,,
2024-12-26,5,loss,2607,2607,-0.05317448079586029,0.051571108400821686,0.21426652371883392
2024-12-28,5,loss,2595,2607,-0.04963741824030876,-0.0412360280752182,0.21383175253868103
2025-01-02,5,loss,821,2607,0.02364390715956688,-0.03536885976791382,-0.06716657429933548
2025-01-05,5,loss,2606,2607,0.03104381635785103,0.025538790971040726,0.09953609853982925
2025-01-07,5,loss,1907,2607,0.034201882779598236,-0.008526630699634552,0.016369014978408813
2025-01-10,5,loss,2607,2607,-0.11382078379392624,-0.0376398004591465,0.26302674412727356
2025-01-12,5,loss,2583,2607,-0.0573730394244194,-0.061035118997097015,0.18118813633918762
2025-01-15,5,loss,2607,2607,0.03285868838429451,0.017677202820777893,0.061322543770074844
2025-01-20,5,loss,2583,2607,0.03236791118979454,-0.0033055052626878023,0.07361555099487305
2025-01-25,5,loss,2607,2607,-0.042780645191669464,-0.03526441380381584,0.1843624860048294
2025-01-27,5,loss,2599,2607,-0.05691033601760864,-0.01946517638862133,0.1887826919555664
2025-01-30,5,loss,2607,2607,-0.014836751855909824,0.05875687673687935,0.1379653811454773
2025-02-01,5,loss,2607,2607,0.035016562789678574,0.007142846006900072,0.04491952806711197
2025-02-04,5,loss,2604,2607,0.035737622529268265,0.01640758290886879,0.08433787524700165
2025-02-06,5,loss,2442,2607,0.0401843897998333,0.0006605120724998415,0.050901178270578384
2025-02-09,5,loss,0,2607,,,
2025-02-11,5,loss,2607,2607,0.01923074945807457,-0.005374968983232975,0.0477927140891552
2025-02-21,5,loss,1911,2607,-0.0016399070154875517,-0.007817494682967663,0.0015480108559131622
2025-03-01,5,loss,2607,2607,-0.003307576756924391,0.0051357438787817955,0.03807299584150314
2025-03-03,5,loss,2607,2607,0.030785487964749336,-0.014034225605428219,0.032838091254234314
2025-03-06,5,loss,2607,2607,0.005464455578476191,-0.01384788192808628,0.027438562363386154
2025-03-08,5,loss,1120,2607,0.037437960505485535,-0.018458323553204536,-0.05196491628885269
2025-03-16,5,loss,1717,2607,0.024044066667556763,-0.013769221492111683,-0.045474909245967865
2025-03-18,5,loss,2607,2607,0.016433333978056908,-0.023930808529257774,-0.01261880062520504
2025-03-21,5,loss,2607,2607,0.023272959515452385,-0.01067743357270956,-0.001505548949353397
2025-03-25,5,loss,2042,2607,0.01385272853076458,-0.014999833889305592,0.014039037749171257
2025-03-26,5,loss,2607,2607,0.017828132957220078,-0.017307303845882416,0.0020593360532075167
2025-03-31,5,loss,2607,2607,0.018242117017507553,-0.02638706937432289,-0.007320641074329615
2025-04-02,5,loss,2607,2607,0.016699379310011864,-0.023014768958091736,0.007571198511868715
2025-04-05,5,loss,2607,2607,0.019816286861896515,-0.003091711550951004,0.005794695112854242
2025-04-10,5,loss,2607,2607,0.027696777135133743,-0.03055732697248459,-0.015995580703020096
2025-04-12,5,loss,2607,2607,0.009002226404845715,-0.008959291502833366,0.02015542797744274
2025-04-14,5,loss,2607,2607,0.004597686696797609,-0.015242747962474823,0.0050000036135315895
2025-04-17,5,loss,2607,2607,0.01321583054959774,0.007699688896536827,0.0312773622572422
2025-04-20,5,loss,2607,2607,0.018227482214570045,-0.015441923402249813,-0.026507169008255005
2025-04-22,5,loss,2607,2607,-0.016696222126483917,0.023300038650631905,0.05946410447359085
2025-04-25,5,loss,2607,2607,0.02185220643877983,-0.02015724964439869,-0.03908950835466385
2025-04-30,5,loss,2607,2607,0.014590343460440636,-0.031674060970544815,-0.02151753380894661
2025-05-02,5,loss,2408,2607,0.00312526011839509,-0.010338518768548965,0.017457354813814163
2025-05-04,5,loss,2298,2607,0.0031218102667480707,-0.005140012130141258,0.026289163157343864
2025-05-07,5,loss,2607,2607,-0.0062611461617052555,-0.013455214910209179,0.07436889410018921
2025-05-12,5,loss,2607,2607,-0.008144021965563297,-0.009762661531567574,0.052379362285137177
2025-05-15,5,loss,2607,2607,0.013698616065084934,-0.008080807514488697,-0.009623373858630657
2025-05-17,5,loss,2607,2607,0.002516358159482479,0.01018860749900341,0.023826152086257935
2025-05-20,5,loss,2303,2607,0.014084494672715664,-0.019015217199921608,-0.04493480548262596
2025-05-22,5,loss,2156,2607,0.00254694651812315,-0.0075317323207855225,0.02776595763862133
2025-05-24,5,loss,2157,2607,-0.0026357423048466444,-0.0030732641462236643,0.047798674553632736
2025-05-25,5,loss,2607,2607,0.013175833970308304,-0.003000301541760564,-0.011272997595369816
2025-05-27,5,loss,2397,2607,0.021044950932264328,-0.00952896848320961,0.04258587956428528
2025-05-30,5,loss,2607,2607,0.01943064108490944,-0.017374830320477486,-0.05141213908791542
2025-06-01,5,loss,2530,2607,0.002341334242373705,-0.01490858942270279,0.061155375093221664
2025-06-04,5,loss,2607,2607,-0.00041996699292212725,-0.0014696524012833834,0.05247335880994797
2025-06-06,5,loss,2607,2607,-0.006835564039647579,-0.005931680090725422,0.04301191866397858
2025-06-09,5,loss,2607,2607,-0.003248241962864995,-0.023309193551540375,0.007352917455136776
2025-06-11,5,loss,2607,2607,-0.0038948277942836285,-0.013479670509696007,0.04414370656013489
2025-06-13,5,loss,2341,2607,-0.005617961287498474,-0.0017180215800181031,0.0479869544506073
2025-06-14,5,loss,2607,2607,0.004835593979805708,-0.02532326802611351,0.022442879155278206
2025-06-16,5,loss,2607,2607,0.013086150400340557,-0.018451008945703506,0.047357961535453796
2025-06-19,5,loss,2607,2607,0.0023889171425253153,-0.017501281574368477,-0.003731353906914592
2025-06-21,5,loss,2329,2607,-0.011868090368807316,-0.006668121553957462,0.04472265765070915
2025-06-24,5,loss,2607,2607,0.003629171522334218,-0.002349547576159239,0.012237760238349438
2025-06-26,5,loss,461,2607,-0.021401559934020042,0.052536338567733765,0.11018799990415573
2025-07-01,5,loss,2435,2607,-0.02157551608979702,0.015877176076173782,0.07624413818120956
2025-07-03,5,loss,2607,2607,-0.019846076145768166,-0.006406956352293491,0.10131385922431946
2025-07-09,5,loss,2607,2607,-0.012284994125366211,0.010627610608935356,0.07490337640047073
2025-07-11,5,loss,2607,2607,-0.013847671449184418,0.008430990390479565,0.0723322257399559
2025-07-16,5,loss,2607,2607,-0.02447758987545967,0.0549776628613472,0.09300029277801514
2025-07-19,5,loss,2607,2607,-0.028270188719034195,0.001177411526441574,0.06463870406150818
2025-07-21,5,loss,1825,2607,-0.021448815241456032,0.008295254781842232,0.021163269877433777
2025-07-24,5,loss,2607,2607,-0.010717215947806835,-0.031376246362924576,0.025755824521183968
2025-07-26,5,loss,2607,2607,-0.025979073718190193,-0.0009796686936169863,0.10233873873949051
2025-07-29,5,loss,2607,2607,-0.017142854630947113,-0.0027049179188907146,0.04926612600684166
2025-07-31,5,loss,1828,2607,-0.0028700747061520815,0.004340828396379948,-0.006352204829454422
2025-08-03,5,loss,2607,2607,-0.015487616881728172,-0.00994080863893032,0.024694181978702545
2025-08-05,5,loss,2495,2607,-0.03347885608673096,0.007870241068303585,0.08055239915847778
2025-08-08,5,loss,2607,2607,-0.020785203203558922,-0.010446331463754177,0.02629341557621956
2025-08-12,5,loss,2607,2607,-0.02079561911523342,-0.010112605057656765,0.06694771349430084
2025-08-13,5,loss,2556,2607,-0.013527306728065014,-0.0164923295378685,0.0005252376431599259
2025-08-23,5,loss,2607,2607,-0.021435219794511795,-0.009710971266031265,0.054310936480760574
2025-08-28,5,loss,2607,2607,-0.023108508437871933,-0.01264768186956644,0.03819209337234497
2025-08-30,5,loss,0,2607,,,
2025-09-01,5,loss,2599,2607,-0.012612583115696907,-0.010281767696142197,0.06681264191865921
2025-09-02,5,loss,2607,2607,-0.00943724624812603,-0.0074361031875014305,0.05559265986084938
2025-09-04,5,loss,2590,2607,-0.018995251506567,-0.00019920110935345292,0.0802685022354126
2025-09-12,5,loss,2607,2607,-0.02690056338906288,-0.01888541504740715,0.053016409277915955
2025-09-14,5,loss,2607,2607,-0.04784456267952919,-0.012765906751155853,0.10089383274316788
2025-09-17,5,loss,2607,2607,-0.024945715442299843,-0.018800321966409683,0.07536167651414871
2025-09-19,5,loss,1776,2607,0.007555332034826279,-0.03460533916950226,-0.08960425853729248
2025-09-21,5,loss,2607,2607,-0.010348059237003326,-0.027796057984232903,0.061540283262729645
2025-09-22,5,loss,0,2607,,,
2025-09-24,5,loss,2590,2607,0.0015052546514198184,-0.022861795499920845,0.059032097458839417
2025-09-27,5,loss,2607,2607,-0.010349905118346214,-0.03426777571439743,0.057679127901792526
2025-09-29,5,loss,2607,2607,-0.0018237362382933497,-0.03391352295875549,0.05673442408442497
2025-10-02,5,loss,2607,2607,-0.013234524987637997,-0.037616752088069916,0.05908438190817833
2025-10-04,5,loss,2607,2607,-0.009146333672106266,-0.030451657250523567,0.06308155506849289
2025-10-07,5,loss,2607,2607,-0.0052157179452478886,-0.03886330872774124,0.057689763605594635
2025-10-09,5,loss,2607,2607,-0.01217034924775362,-0.030850384384393692,0.05445744842290878
2025-10-11,5,loss,2607,2607,-0.002770043443888426,-0.03743192180991173,0.05208799988031387
2025-10-12,5,loss,2607,2607,-0.014084459282457829,-0.03747747465968132,0.043420784175395966
2025-10-14,5,loss,2607,2607,-0.0030769247096031904,-0.030640242621302605,0.056027043610811234
2025-10-17,5,loss,2607,2607,-0.011096293106675148,-0.033215492963790894,0.05502968281507492
2025-10-19,5,loss,1821,2607,0.00667302031069994,-0.03250126540660858,-0.07419754564762115
2025-10-22,5,loss,2607,2607,-0.007332701236009598,-0.04014388471841812,0.05427617207169533
2025-10-24,5,loss,2599,2607,-0.00391536857932806,-0.03707873076200485,0.05368960648775101
2025-10-27,5,loss,2607,2607,-0.0024621726479381323,-0.02634762041270733,0.04333091527223587
2025-10-29,5,loss,2607,2607,-0.0011904945131391287,-0.03692709654569626,0.032163165509700775
2025-10-31,5,loss,2604,2607,-0.005109257064759731,-0.049047477543354034,0.03778998181223869
2025-11-01,5,loss,2607,2607,-0.019950104877352715,-0.04970226436853409,0.06093183532357216
2025-11-03,5,loss,888,2607,0.019319135695695877,-0.034673236310482025,-0.08438678085803986
2025-11-06,5,loss,2607,2607,-0.012431636452674866,-0.008202296681702137,0.07091891765594482
2025-11-08,5,loss,2580,2607,-0.0006021269364282489,-0.021040011197328568,0.037503551691770554
2025-11-11,5,loss,2607,2607,0.0051862443797290325,-0.035034652799367905,0.02199343778192997
2025-11-13,5,loss,2607,2607,-0.003150600241497159,-0.03994890674948692,0.02854856103658676
2025-11-16,5,loss,2607,2607,0.005580319091677666,-0.05185180902481079,0.02295524999499321
2025-11-18,5,loss,2604,2607,0.0022454760037362576,-0.035833366215229034,0.022070512175559998
2025-11-20,5,loss,2607,2607,0.008494220674037933,-0.02523074485361576,0.01899435929954052
2025-11-21,5,loss,2607,2607,-0.0026995588559657335,-0.04369296506047249,0.02654138393700123
2025-11-23,5,loss,2506,2607,0.007364058401435614,-0.03315362706780434,-0.003422258887439966
2025-11-26,5,loss,2606,2607,0.010671528056263924,-0.052643612027168274,0.023265544325113297
2025-11-28,5,loss,2489,2607,0.01216541975736618,-0.049466751515865326,-0.017582086846232414
2025-12-01,5,loss,2607,2607,-0.010873895138502121,-0.03869575262069702,0.028827842324972153
2025-12-03,5,loss,2607,2607,-0.00855332799255848,-0.03972445800900459,0.0405743345618248
2025-12-06,5,loss,2607,2607,-0.02025069296360016,-0.010586731135845184,0.042811404913663864
2025-12-08,5,loss,2605,2607,0.005662475246936083,-0.05277477204799652,0.02747906930744648
2025-12-10,5,loss,2607,2607,0.006985479965806007,-0.04198873043060303,0.027311215177178383
2025-12-13,5,loss,2191,2607,0.012644302099943161,-0.04722278192639351,-0.046803612262010574
2025-12-23,5,loss,2607,2607,0.0,-0.019067011773586273,0.07692290097475052
2025-12-26,5,loss,828,2607,-0.017316171899437904,0.025133049115538597,0.06426506489515305
2025-12-28,5,loss,1200,2607,0.01886317878961563,-0.02283749170601368,-0.08568795025348663
2025-12-30,5,loss,1626,2607,-0.0042984639294445515,-0.0406937450170517,0.02694329246878624
2025-12-31,5,loss,374,2607,0.021080126985907555,-0.021048445254564285,-0.047848451882600784
2026-01-02,5,loss,497,2607,0.03038131631910801,-0.019044499844312668,-0.07802188396453857
2026-01-05,5,loss,2607,2607,0.0,-0.05369114130735397,0.057391129434108734
2026-01-07,5,loss,2410,2607,-0.0005217830184847116,-0.04864633083343506,0.02138649858534336
2026-01-10,5,loss,2603,2607,0.0007168033625930548,-0.04999912157654762,0.026729518547654152
2026-01-12,5,loss,2607,2607,-0.009482738561928272,-0.024800553917884827,0.06238348037004471
2026-01-20,5,loss,2607,2607,-0.002004035050049424,-0.05659874156117439,0.02593933418393135
2026-01-22,5,loss,2568,2607,0.018689610064029694,-0.031049754470586777,0.028345979750156403
2026-01-27,5,loss,1531,2607,0.021684279665350914,-0.03880370035767555,-0.07217417657375336
2026-01-30,5,loss,2560,2607,-0.005951559636741877,-0.061704833060503006,0.035050079226493835
2026-02-01,5,loss,2607,2607,-0.007901031523942947,-0.03267969563603401,0.06405498832464218
2026-02-04,5,loss,2607,2607,-0.0020818673074245453,-0.0481736958026886,0.015370388515293598
2026-02-09,5,loss,2607,2607,-0.0057368031702935696,-0.05892927199602127,0.030610255897045135
2026-02-14,5,loss,2607,2607,-0.0008721829508431256,-0.06740117818117142,0.0356130413711071
2026-02-16,5,loss,1712,2607,0.0064491769298911095,-0.02894103154540062,-0.013393591158092022
2026-02-19,5,loss,2607,2607,0.004478537477552891,-0.05991723760962486,0.008637647144496441
2026-02-21,5,loss,2607,2607,0.015922538936138153,-0.043833039700984955,0.0099857272580266
2026-02-24,5,loss,2607,2607,0.005562667269259691,-0.06386793404817581,0.024581631645560265
2026-02-26,5,loss,2607,2607,-0.012440192513167858,-0.053358737379312515,0.051692333072423935
2026-03-01,5,loss,2559,2607,-0.020317494869232178,-0.051084939390420914,0.051337581127882004
2026-03-16,5,loss,2607,2607,-0.01068525668233633,-0.05805389955639839,0.007457601837813854
2026-03-28,5,loss,2402,2607,-0.03019915334880352,0.00868699885904789,0.1643272340297699
2026-04-02,5,loss,2421,2607,0.006004596594721079,-0.016629492864012718,0.09111147373914719
2026-04-07,5,loss,2598,2607,-0.012237831950187683,0.016309209167957306,0.06716728210449219
2026-04-17,5,loss,1837,2607,-0.0019866914954036474,-0.021476658061146736,-0.027443766593933105
2026-04-19,5,loss,2607,2607,0.004444449208676815,-0.04049835354089737,0.03231622651219368
2026-04-20,5,loss,2607,2607,-0.02195258066058159,-0.03213240206241608,-0.0083454679697752
2026-04-27,5,loss,2607,2607,-0.02497500739991665,-0.03775668516755104,0.0328754261136055
2026-04-30,5,loss,2607,2607,-0.001285103033296764,-0.038313206285238266,-0.06615903228521347
2026-05-02,5,loss,2607,2607,-0.007012942805886269,-0.023602446541190147,0.023469116538763046
2026-05-07,5,loss,2448,2607,0.0006398305995389819,-0.031795572489500046,-0.0065127406269311905
2026-05-09,5,loss,2407,2607,-0.0021904543973505497,-0.025772497057914734,-0.0007796378922648728
2026-05-10,5,loss,236,2607,0.02551213651895523,-0.03542648255825043,-0.06495436280965805
2026-05-12,5,loss,2457,2607,0.014786532148718834,-0.0411963127553463,-0.014592491090297699
2026-05-15,5,loss,2548,2607,0.011835690587759018,-0.01739395223557949,-0.022132879123091698
2026-05-17,5,loss,2607,2607,-0.008904113434255123,-0.018527626991271973,0.01410034392029047
2026-05-20,5,loss,2607,2607,-0.002903843065723777,0.030135763809084892,0.049747854471206665
2026-05-22,5,loss,2607,2607,-0.004792327526956797,0.012274726293981075,0.04186597466468811
2026-05-27,5,loss,1898,2607,-0.007570590823888779,-0.01904989220201969,0.0021637254394590855
2026-06-01,5,loss,2607,2607,0.015605028718709946,-0.028215594589710236,0.006294487975537777
2026-06-06,5,loss,2550,2607,0.008308617398142815,-0.03507860749959946,0.00796996895223856
2026-06-09,5,loss,2607,2607,0.015207271091639996,-0.03245249763131142,-0.0352262482047081
2026-06-11,5,loss,2607,2607,0.005947107449173927,-0.03455926105380058,0.023779045790433884
2026-06-14,5,loss,2607,2607,0.017089586704969406,-0.05384012311697006,-0.055028390139341354
2026-06-16,5,loss,2607,2607,-0.002045952482149005,-0.03551846742630005,0.047507964074611664
2026-06-18,5,loss,2607,2607,-0.002734483452513814,-0.035821229219436646,0.04121939092874527
2026-06-19,5,loss,2607,2607,-0.007890299893915653,-0.019291449338197708,0.06277457624673843
2026-06-21,5,loss,2579,2607,0.009154899045825005,-0.026852110400795937,0.030197259038686752
2026-06-24,5,loss,2607,2607,-0.0077231042087078094,-0.03704722225666046,0.0276693906635046
2026-06-26,5,loss,2607,2607,-0.010538552887737751,-0.005472254473716021,0.05639583244919777
2026-06-29,5,loss,2333,2607,-0.015131039544939995,-0.029043471440672874,0.01670174114406109
2026-07-01,5,loss,2607,2607,-0.008240411058068275,-0.01899084635078907,-0.0055757369846105576
2026-07-04,5,loss,2607,2607,-0.005097323562949896,-0.03687387704849243,-0.00693887285888195
2026-07-06,5,loss,2607,2607,0.005245077423751354,-0.03985186666250229,0.013408578932285309
2026-07-08,5,loss,2349,2607,-0.001924425596371293,-0.02715175412595272,-0.014737781137228012
2026-07-09,5,loss,0,2607,,,
2026-07-11,5,loss,2607,2607,0.004647243767976761,-0.026271522045135498,0.01742696389555931
2026-07-14,5,loss,2607,2607,0.0007236833916977048,-0.05914591625332832,-0.06050272285938263
2026-07-16,5,loss,2607,2607,-0.03329858556389809,-0.016836661845445633,0.05804339423775673
2026-07-18,5,loss,2583,2607,-0.03759629651904106,0.0011502365814521909,0.06737850606441498
2026-07-19,5,loss,2607,2607,-0.03433980047702789,-0.021276555955410004,0.05607355758547783
2026-07-24,5,loss,2607,2607,0.014498082920908928,-0.04227936267852783,-0.025527190417051315
2026-07-26,5,loss,2451,2607,-0.019885027781128883,-0.028130529448390007,0.014882031828165054
2026-07-29,5,loss,2607,2607,-0.014691412448883057,-0.027150439098477364,-0.013573535718023777
2026-07-31,5,loss,2607,2607,-0.020838866010308266,0.0014559923438355327,0.01637406274676323
2026-08-05,5,loss,2160,2607,-0.03131946176290512,0.003205878660082817,0.021510621532797813
2026-08-07,5,loss,1822,2607,-0.004817645065486431,-0.0107295922935009,-0.02341829240322113
2026-08-08,5,loss,653,2607,-0.0012019111309200525,-0.010174592025578022,-0.0443602129817009
2026-08-10,5,loss,1760,2607,-0.0030780420638620853,-0.005117256660014391,-0.019739974290132523
2026-08-13,5,loss,2607,2607,-0.0017647331114858389,-0.03371793031692505,-0.029802590608596802
2026-08-15,5,loss,2607,2607,-0.012693908996880054,-0.03870094567537308,0.019634047523140907
2026-08-18,5,loss,2607,2607,-0.005508274305611849,-0.02882576361298561,-0.0038172320928424597
2026-08-20,5,loss,2607,2607,-0.006455587688833475,-0.03443707153201103,-0.014326606877148151
2026-08-25,5,loss,2219,2607,-0.0018944619223475456,-0.03198252618312836,-0.0378173403441906
2026-08-27,5,loss,1519,2607,0.007122057490050793,-0.023299146443605423,-0.055667694658041
2026-08-28,5,loss,2607,2607,-0.009270109236240387,-0.043601084500551224,-0.008701829239726067
2026-08-30,5,loss,2607,2607,0.005343398079276085,-0.040682174265384674,0.01215941458940506
2026-09-02,5,loss,2607,2607,-0.005683363880962133,-0.04100436717271805,-0.008771905675530434
2026-09-04,5,loss,2404,2607,-0.018169257789850235,-0.02527647092938423,0.02518996223807335
2026-09-07,5,loss,2583,2607,-0.018086643889546394,-0.02611939050257206,0.023087797686457634
2026-09-09,5,loss,2607,2607,-0.010720178484916687,-0.034482717514038086,0.013754939660429955
2026-09-12,5,loss,2607,2607,-0.01620587334036827,-0.048405975103378296,-0.0013146016281098127
2026-09-14,5,loss,2583,2607,-0.018265992403030396,-0.030169516801834106,0.016456661745905876
2026-09-16,5,loss,2302,2607,0.0055610123090445995,-0.04702633619308472,-0.05460502207279205
2026-09-17,5,loss,2607,2607,-0.010317141190171242,-0.046541936695575714,0.001934243831783533
2020-01-04,9,control,5117,5270,0.5069918632507324,0.4725201427936554,-0.006220244336873293
2020-01-07,9,control,5201,5270,0.5127249360084534,0.5783260464668274,0.15658220648765564
2020-01-09,9,control,5198,5270,0.39565640687942505,0.4889907240867615,0.18100708723068237
2020-01-17,9,control,5248,5270,0.5659841299057007,0.5226343274116516,-0.0652204155921936
2020-01-19,9,control,5256,5270,0.49394428730010986,0.5818452835083008,0.18291214108467102
2020-01-22,9,control,5243,5270,0.4568432569503784,0.5635636448860168,0.1966046690940857
2020-01-27,9,control,4403,5270,0.4876207709312439,0.4638378322124481,-0.025459149852395058
2020-02-01,9,control,5212,5270,0.48544639348983765,0.4582151770591736,-0.010278826579451561
2020-02-06,9,control,5216,5270,0.34398382902145386,0.49569496512413025,0.32885289192199707
2020-02-08,9,control,5270,5270,0.42915377020835876,0.49461179971694946,0.1222088634967804
2020-02-13,9,control,3173,5270,0.5375606417655945,0.5006685256958008,0.004026829265058041
2020-02-16,9,control,5214,5270,0.4960387349128723,0.5407856106758118,0.07252947241067886
2020-02-21,9,control,3261,5270,0.32992202043533325,0.4591534435749054,0.2610156834125519
2020-02-23,9,control,4716,5270,0.4261631965637207,0.4248962104320526,0.026492387056350708
2020-02-26,9,control,0,5270,,,
2020-02-28,9,control,3201,5270,0.482002854347229,0.4418307840824127,0.035479526966810226
2020-03-02,9,control,108,5270,0.32180315256118774,0.4122316837310791,0.15384185314178467
2020-03-04,9,control,1641,5270,0.2980712950229645,0.3655041456222534,0.16462965309619904
2020-03-07,9,control,5185,5270,0.3663255572319031,0.5177816152572632,0.31467363238334656
2020-03-12,9,control,5088,5270,0.4583108425140381,0.49246230721473694,0.06090483069419861
2020-03-17,9,control,5025,5270,0.3638414740562439,0.4658914804458618,0.13875800371170044
2020-03-22,9,control,2913,5270,0.3839932978153229,0.46433132886886597,0.1738000214099884
2020-03-24,9,control,4734,5270,0.45929425954818726,0.417367160320282,-0.01612621173262596
2020-03-27,9,control,1520,5270,0.3281586766242981,0.38516414165496826,0.08995669335126877
2020-04-01,9,control,5052,5270,0.426456093788147,0.47672238945961,0.07044580578804016
2020-04-03,9,control,3821,5270,0.1839618980884552,0.32515254616737366,0.1929817944765091
2020-04-06,9,control,5085,5270,0.35546207427978516,0.4570155143737793,0.18338996171951294
2020-04-18,9,control,5140,5270,0.3965509533882141,0.4196004569530487,0.07196001708507538
2020-04-23,9,control,4848,5270,0.3981431722640991,0.3877621293067932,0.0020034960471093655
2020-04-26,9,control,5059,5270,0.40928182005882263,0.3998066782951355,-0.007352873682975769
2020-05-03,9,control,4682,5270,0.30086392164230347,0.4050050675868988,0.18253779411315918
2020-05-08,9,control,5020,5270,0.39780592918395996,0.39730170369148254,0.028115201741456985
2020-05-11,9,control,493,5270,0.39376676082611084,0.41919660568237305,0.07288601249456406
2020-05-13,9,control,5075,5270,0.41607576608657837,0.4809488356113434,0.11858654767274857
2020-05-18,9,control,4925,5270,0.3572535812854767,0.3735741078853607,0.06330399960279465
2020-05-23,9,control,4911,5270,0.40795794129371643,0.380516916513443,0.0021392873022705317
2020-05-28,9,control,5162,5270,0.3735852837562561,0.39555904269218445,0.042662426829338074
2020-05-31,9,control,648,5270,0.37280765175819397,0.40080004930496216,0.08772529661655426
2020-06-02,9,control,4108,5270,0.2981160879135132,0.3364478051662445,0.08366990089416504
2020-06-07,9,control,4758,5270,0.3921138048171997,0.38620972633361816,0.03776737302541733
2020-06-12,9,control,4887,5270,0.42269644141197205,0.43181270360946655,0.07138068974018097
2020-06-17,9,control,2803,5270,0.4484267830848694,0.416856586933136,0.08190783113241196
2020-06-20,9,control,5100,5270,0.3275701403617859,0.3450981378555298,0.04197966307401657
2020-06-22,9,control,2248,5270,0.4703369736671448,0.4068200886249542,0.01007707417011261
2020-06-27,9,control,612,5270,0.37837910652160645,0.3682207763195038,0.07093846797943115
2020-07-02,9,control,4449,5270,0.31919753551483154,0.3408275544643402,0.07701124995946884
2020-07-07,9,control,5254,5270,0.40090376138687134,0.3885059356689453,0.03262868523597717
2020-07-12,9,control,1360,5270,0.4143850803375244,0.3841003179550171,0.06914795935153961
2020-07-17,9,control,3526,5270,0.2993163466453552,0.3096768260002136,0.04588077962398529
2020-07-22,9,control,3860,5270,0.3411705493927002,0.3265828490257263,0.01512809656560421
2020-07-25,9,control,1657,5270,0.37211874127388,0.36537396907806396,0.04619458690285683
2020-07-27,9,control,4416,5270,0.2762986719608307,0.3413395285606384,0.08935658633708954
2020-08-01,9,control,4450,5270,0.3531091809272766,0.3112824261188507,-0.0011635422706604004
2020-08-04,9,control,1648,5270,0.30108219385147095,0.3506755828857422,0.11438831686973572
2020-08-06,9,control,987,5270,0.3978976607322693,0.36641842126846313,0.05343494936823845
2020-08-14,9,control,1937,5270,0.34452834725379944,0.3078351318836212,0.04271167889237404
2020-08-19,9,control,2240,5270,0.3618479371070862,0.3644680380821228,0.07064059376716614
2020-08-21,9,control,966,5270,0.39578777551651,0.3646196722984314,0.06816454976797104
2020-08-24,9,control,1439,5270,0.31069692969322205,0.3570093512535095,0.12207025289535522
2020-08-26,9,control,4551,5270,0.3460537791252136,0.3627553880214691,0.07246346771717072
2020-08-29,9,control,1886,5270,0.3299010097980499,0.31543248891830444,0.04533872380852699
2020-08-31,9,control,5270,5270,0.33001700043678284,0.2928382158279419,-0.013877606950700283
2020-09-03,9,control,4624,5270,0.39768922328948975,0.3320270776748657,-0.019899338483810425
2020-09-05,9,control,5004,5270,0.4032112956047058,0.3505210876464844,-0.005762076936662197
2020-09-08,9,control,2923,5270,0.4227076470851898,0.3854973614215851,0.04111894592642784
2020-09-10,9,control,5248,5270,0.34666380286216736,0.2919096052646637,-0.023736756294965744
2020-09-13,9,control,4816,5270,0.37987297773361206,0.3108159303665161,-0.02168225683271885
2020-09-15,9,control,4462,5270,0.40737345814704895,0.32115593552589417,-0.037776000797748566
2020-09-18,9,control,5073,5270,0.4195365309715271,0.3727632462978363,-0.0006600749911740422
2020-09-20,9,control,5253,5270,0.419730007648468,0.37536799907684326,-0.009383355267345905
2020-09-23,9,control,5157,5270,0.44205012917518616,0.3616360127925873,-0.032557982951402664
2020-09-25,9,control,4609,5270,0.4105422794818878,0.33970388770103455,-0.016759730875492096
2020-09-28,9,control,5270,5270,0.39531397819519043,0.34160611033439636,-0.03694283962249756
2020-09-30,9,control,4354,5270,0.3982788622379303,0.32125842571258545,-0.034082796424627304
2020-10-05,9,control,5187,5270,0.40825194120407104,0.3777865469455719,0.0003397938853595406
2020-10-08,9,control,4350,5270,0.4075980484485626,0.37721070647239685,0.022739730775356293
2020-10-10,9,control,5082,5270,0.4133003056049347,0.3415427803993225,-0.03381286934018135
2020-10-13,9,control,4666,5270,0.39540350437164307,0.3620874583721161,0.02952650934457779
2020-10-15,9,control,5112,5270,0.4676992893218994,0.38057446479797363,-0.06121053919196129
2020-10-18,9,control,5270,5270,0.48155826330184937,0.41631755232810974,-0.05582628771662712
2020-10-20,9,control,5268,5270,0.48469990491867065,0.42098283767700195,-0.052055537700653076
2020-10-23,9,control,5176,5270,0.4832383096218109,0.3841313421726227,-0.08283207565546036
2020-10-25,9,control,4600,5270,0.4380074143409729,0.3835379481315613,0.010026903823018074
2020-10-28,9,control,5257,5270,0.4553482234477997,0.3726043403148651,-0.07601933926343918
2020-10-30,9,control,5258,5270,0.4751051664352417,0.37852635979652405,-0.09845847636461258
2020-11-02,9,control,5253,5270,0.47119808197021484,0.37812381982803345,-0.0781082734465599
2020-11-04,9,control,5158,5270,0.4764864146709442,0.3866995573043823,-0.07806827127933502
2020-11-07,9,control,3188,5270,0.3752390742301941,0.3966591954231262,0.081292062997818
2020-11-09,9,control,4875,5270,0.4546573758125305,0.38371509313583374,-0.03608061745762825
2020-11-12,9,control,5079,5270,0.406511515378952,0.4003680944442749,0.047846611589193344
2020-11-14,9,control,5044,5270,0.39049530029296875,0.4117085933685303,0.08357565104961395
2020-11-17,9,control,4033,5270,0.42857035994529724,0.4537918269634247,0.0818980261683464
2020-11-19,9,control,5059,5270,0.4807242453098297,0.4242621958255768,-0.0544927716255188
2020-11-22,9,control,5237,5270,0.4830455183982849,0.42883414030075073,-0.024010246619582176
2020-11-24,9,control,2316,5270,0.39191678166389465,0.4364156723022461,0.14173641800880432
2020-12-02,9,control,5247,5270,0.48100802302360535,0.4181544780731201,-0.052860889583826065
2020-12-04,9,control,5251,5270,0.4680062234401703,0.4316469132900238,-0.009146347641944885
2020-12-07,9,control,5232,5270,0.45804598927497864,0.5090342164039612,0.08821722120046616
2020-12-09,9,control,60,5270,0.1822674572467804,0.10531511902809143,-0.06499654799699783
2020-12-12,9,control,5254,5270,0.36880984902381897,0.5003605484962463,0.2769041657447815
2020-12-14,9,control,32,5270,0.21619263291358948,0.23644530773162842,0.13856810331344604
2020-12-17,9,control,3493,5270,0.4874667823314667,0.4555850327014923,-0.015594439581036568
2020-12-19,9,control,5233,5270,0.5114710330963135,0.44533899426460266,-0.06271030753850937
2020-12-22,9,control,4203,5270,0.4427086114883423,0.5075892210006714,0.10576185584068298
2020-12-24,9,control,5255,5270,0.4223421514034271,0.5213536024093628,0.1905156821012497
2020-12-27,9,control,4236,5270,0.4906528890132904,0.4919218420982361,0.05013605207204819
2020-12-29,9,control,5258,5270,0.44204872846603394,0.4896295666694641,0.12543728947639465
2021-01-01,9,control,5205,5270,0.4678230881690979,0.438836008310318,-0.007529063615947962
2021-01-06,9,control,5270,5270,0.4965406060218811,0.5389423966407776,0.0925862193107605
2021-01-11,9,control,5025,5270,0.5156971216201782,0.5499764084815979,0.24181370437145233
2021-01-13,9,control,5239,5270,0.5070345997810364,0.4754902124404907,0.01032436266541481
2021-01-16,9,control,5266,5270,0.5448845624923706,0.4980848431587219,-0.04123801738023758
2021-01-18,9,control,5102,5270,0.5057532787322998,0.44483381509780884,-0.045117221772670746
2021-01-21,9,control,5235,5270,0.499675989151001,0.4408207833766937,-0.005128177814185619
2021-01-23,9,control,5018,5270,0.39721935987472534,0.36262738704681396,-0.010901754721999168
2021-01-26,9,control,3821,5270,0.3858911991119385,0.4733177721500397,0.19679516553878784
2021-01-28,9,control,5266,5270,0.5002033114433289,0.463500052690506,0.0020342529751360416
2021-01-31,9,control,2004,5270,0.3666723370552063,0.40735405683517456,0.12764482200145721
2021-02-02,9,control,3694,5270,0.44111382961273193,0.43906185030937195,0.03338250145316124
2021-02-05,9,control,5255,5270,0.49960318207740784,0.5413910150527954,0.06627346575260162
2021-02-07,9,control,5137,5270,0.37165388464927673,0.4675733149051666,0.1873757690191269
2021-02-12,9,control,5218,5270,0.4726206958293915,0.4640538990497589,0.03132328763604164
2021-02-15,9,control,5243,5270,0.502654492855072,0.5081444978713989,0.018474925309419632
2021-02-17,9,control,5171,5270,0.5023595094680786,0.4837821125984192,-0.002107032807543874
2021-02-20,9,control,5256,5270,0.40712231397628784,0.4419535994529724,0.04477199167013168
2021-02-22,9,control,5196,5270,0.3777214586734772,0.4946737289428711,0.19198495149612427
2021-03-02,9,control,2534,5270,0.38518962264060974,0.41282299160957336,0.08908374607563019
2021-03-04,9,control,5162,5270,0.4348882734775543,0.46606209874153137,0.05061797797679901
2021-03-07,9,control,5255,5270,0.4318293333053589,0.5220595598220825,0.1319608837366104
2021-03-09,9,control,5125,5270,0.2844139039516449,0.4181085228919983,0.2395869344472885
2021-03-12,9,control,4978,5270,0.3540217876434326,0.3534446358680725,0.039438314735889435
2021-03-14,9,control,4,5270,,,
2021-03-17,9,control,0,5270,,,
2021-03-19,9,control,1762,5270,0.3704816699028015,0.39610448479652405,0.0750826895236969
2021-03-22,9,control,4729,5270,0.3824876844882965,0.4305350184440613,0.08583202213048935
2021-03-24,9,control,5195,5270,0.32404571771621704,0.44939112663269043,0.1933114230632782
2021-03-27,9,control,3928,5270,0.3763701915740967,0.4516558349132538,0.1893381029367447
2021-03-29,9,control,4211,5270,0.4126976430416107,0.4255865216255188,0.05177414417266846
2021-04-01,9,control,4938,5270,0.41224655508995056,0.4374161660671234,0.060389164835214615
2021-04-03,9,control,2380,5270,0.4422924518585205,0.45772624015808105,0.08564206957817078
2021-04-06,9,control,5160,5270,0.4039185047149658,0.49584364891052246,0.13954079151153564
2021-04-08,9,control,5056,5270,0.3886834979057312,0.4831366240978241,0.19617459177970886
2021-04-11,9,control,4796,5270,0.3690091371536255,0.36505812406539917,0.008403327316045761
2021-04-13,9,control,4774,5270,0.3717537522315979,0.3641273081302643,0.006128125824034214
2021-04-16,9,control,1806,5270,0.4042205214500427,0.42776113748550415,0.08495461940765381
2021-04-18,9,control,231,5270,0.4094141721725464,0.3759172558784485,0.04241534322500229
2021-04-21,9,control,2524,5270,0.4379225969314575,0.445117324590683,0.08198723196983337
2021-04-23,9,control,2682,5270,0.37135493755340576,0.41682228446006775,0.15649087727069855
2021-04-26,9,control,2055,5270,0.3663654625415802,0.39097490906715393,0.0988106057047844
2021-05-01,9,control,4236,5270,0.379768967628479,0.4181808531284332,0.0769493356347084
2021-05-03,9,control,5005,5270,0.38498905301094055,0.47324487566947937,0.13527336716651917
2021-05-08,9,control,4931,5270,0.36111000180244446,0.40048277378082275,0.09465377777814865
2021-05-13,9,control,5153,5270,0.39923083782196045,0.3949193060398102,0.018493395298719406
2021-05-18,9,control,4988,5270,0.3963477611541748,0.4397115409374237,0.08715571463108063
2021-05-23,9,control,5030,5270,0.2969050407409668,0.3737950325012207,0.19315290451049805
2021-05-28,9,control,2119,5270,0.45987066626548767,0.4058076739311218,0.004441416822373867
2021-06-02,9,control,5154,5270,0.39386412501335144,0.44344907999038696,0.09274226427078247
2021-06-07,9,control,3643,5270,0.3102337121963501,0.3165208101272583,0.04888371005654335
2021-06-12,9,control,2437,5270,0.41637229919433594,0.3669852912425995,0.006427867338061333
2021-06-17,9,control,3430,5270,0.3823588490486145,0.38812074065208435,0.06415268778800964
2021-06-20,9,control,1931,5270,0.2756870687007904,0.30522575974464417,0.10878168046474457
2021-06-22,9,control,2715,5270,0.3301275074481964,0.31515076756477356,0.03338000923395157
2021-06-25,9,control,736,5270,0.3823317587375641,0.34013843536376953,0.010528046637773514
2021-06-27,9,control,1802,5270,0.3042786419391632,0.3317059278488159,0.07544170320034027
2021-06-30,9,control,1324,5270,0.3571091890335083,0.3509446382522583,0.07301566004753113
2021-07-02,9,control,4729,5270,0.35734444856643677,0.37173208594322205,0.06401273608207703
2021-07-07,9,control,316,5270,0.17863595485687256,0.24593794345855713,0.1269720196723938
2021-07-22,9,control,4993,5270,0.34223899245262146,0.3063945472240448,-0.01975538209080696
2021-07-27,9,control,4461,5270,0.4194665551185608,0.38634857535362244,0.025392888113856316
2021-08-01,9,control,4276,5270,0.420651912689209,0.3489372730255127,-0.007607985287904739
2021-08-04,9,control,4440,5270,0.3795526623725891,0.32972902059555054,-0.006576658692210913
2021-08-06,9,control,5078,5270,0.3682378828525543,0.3122340142726898,-0.027112822979688644
2021-08-09,9,control,4903,5270,0.3795371651649475,0.3315688967704773,-0.018125934526324272
2021-08-11,9,control,4841,5270,0.3797411620616913,0.357669472694397,0.021037789061665535
2021-08-16,9,control,5039,5270,0.3269112706184387,0.33391842246055603,0.05035417526960373
2021-08-19,9,control,1563,5270,0.34119874238967896,0.3181004524230957,0.04736475646495819
2021-08-21,9,control,4321,5270,0.3747905194759369,0.32272863388061523,-0.01995302550494671
2021-08-24,9,control,2072,5270,0.3884051740169525,0.38486823439598083,0.07092112302780151
2021-08-26,9,control,4820,5270,0.30199122428894043,0.3302960991859436,0.06466393172740936
2021-08-29,9,control,1784,5270,0.37632524967193604,0.33222174644470215,0.026024317368865013
2021-08-31,9,control,3037,5270,0.40669775009155273,0.3121807277202606,-0.041984595358371735
2021-09-03,9,control,2747,5270,0.41411784291267395,0.35076454281806946,0.007820473983883858
2021-09-05,9,control,2501,5270,0.43898913264274597,0.33201515674591064,-0.04724134877324104
2021-09-08,9,control,3553,5270,0.38616618514060974,0.36926257610321045,0.055696889758110046
2021-09-10,9,control,1872,5270,0.4191136956214905,0.3831040859222412,0.04522561654448509
2021-09-15,9,control,4131,5270,0.44276148080825806,0.34293174743652344,-0.05491678789258003
2021-09-18,9,control,4943,5270,0.42090296745300293,0.32603445649147034,-0.057987943291664124
2021-09-20,9,control,4447,5270,0.3955547511577606,0.3343029320240021,-0.02209121733903885
2021-09-23,9,control,5087,5270,0.4392181932926178,0.39583197236061096,-0.009749827906489372
2021-09-25,9,control,4977,5270,0.3860923945903778,0.3737247586250305,0.03275253251194954
2021-09-28,9,control,2822,5270,0.3657113313674927,0.3339270353317261,0.02763257920742035
2021-09-30,9,control,2619,5270,0.4374331533908844,0.34596896171569824,-0.029900243505835533
2021-10-03,9,control,4,5270,,,
2021-10-05,9,control,4262,5270,0.309281587600708,0.2725658714771271,0.0265408456325531
2021-10-08,9,control,5183,5270,0.4393719732761383,0.38791316747665405,-0.015267147682607174
2021-10-10,9,control,5111,5270,0.44978442788124084,0.4005427956581116,-0.015560116618871689
2021-10-13,9,control,3758,5270,0.4606408178806305,0.4011145234107971,0.0030576717108488083
2021-11-04,9,control,5224,5270,0.46263816952705383,0.39599308371543884,-0.042511988431215286
2021-11-12,9,control,5191,5270,0.45394277572631836,0.40865495800971985,0.008557413704693317
2021-11-14,9,control,5185,5270,0.48372969031333923,0.4741261601448059,0.05598079785704613
2021-11-17,9,control,5137,5270,0.389433354139328,0.38820067048072815,0.05393712967634201
2021-11-19,9,control,2290,5270,0.33034181594848633,0.35753247141838074,0.0805254802107811
2021-11-22,9,control,5163,5270,0.485906183719635,0.4195846915245056,-0.04266585409641266
2021-11-24,9,control,3873,5270,0.5071268081665039,0.4268282353878021,-0.04433019086718559
2021-11-27,9,control,5253,5270,0.5321727991104126,0.4282204210758209,-0.07924935966730118
2021-11-29,9,control,3496,5270,0.49796515703201294,0.45710793137550354,0.011063522659242153
2021-12-02,9,control,0,5270,,,
2021-12-04,9,control,3689,5270,0.4444428086280823,0.4410620331764221,0.05637150630354881
2021-12-07,9,control,5228,5270,0.5077680945396423,0.44985830783843994,-0.025683943182229996
2021-12-09,9,control,5270,5270,0.5283617973327637,0.4394892752170563,-0.08115266263484955
2021-12-17,9,control,5239,5270,0.48554059863090515,0.5050053596496582,0.11949610710144043
2021-12-22,9,control,5262,5270,0.6102936267852783,0.4754260778427124,-0.2291392683982849
2021-12-24,9,control,5177,5270,0.5160890221595764,0.4412490427494049,-0.07705821841955185
2021-12-27,9,control,4517,5270,0.5136061906814575,0.49311310052871704,-0.034187786281108856
2022-01-06,9,control,4,5270,,,
2022-01-08,9,control,5266,5270,0.5344047546386719,0.509151041507721,0.001069890335202217
2022-01-11,9,control,5228,5270,0.5662057399749756,0.6109556555747986,0.10187186300754547
2022-01-13,9,control,5252,5270,0.5060348510742188,0.5784794092178345,0.2235986888408661
2022-01-18,9,control,5266,5270,0.46270620822906494,0.4305065870285034,-0.002158036921173334
2022-01-21,9,control,4316,5270,0.4195018410682678,0.4854298532009125,0.17588335275650024
2022-01-23,9,control,5100,5270,0.5728477239608765,0.4547729194164276,-0.13035468757152557
2022-01-26,9,control,5250,5270,0.5038294792175293,0.4608154296875,-0.01107390783727169
2022-01-31,9,control,5270,5270,0.5068027973175049,0.4540488123893738,-0.11777850985527039
2022-02-02,9,control,2753,5270,0.4339027404785156,0.43840256333351135,0.004784651566296816
2022-02-05,9,control,5258,5270,0.5485830307006836,0.4769364893436432,-0.10678280889987946
2022-02-07,9,control,91,5270,0.21884317696094513,0.1434711515903473,-0.07246359437704086
2022-02-10,9,control,5118,5270,0.5250102877616882,0.56690514087677,0.06551715731620789
2022-02-12,9,control,5270,5270,0.4376264214515686,0.519865870475769,0.1768656224012375
2022-02-15,9,control,5270,5270,0.4554557502269745,0.47937488555908203,0.07474935054779053
2022-02-17,9,control,5270,5270,0.5122396945953369,0.44808411598205566,-0.076143279671669
2022-02-20,9,control,5270,5270,0.49988824129104614,0.46325209736824036,-0.05097891762852669
2022-02-25,9,control,5250,5270,0.4532574713230133,0.5317533016204834,0.12511715292930603
2022-02-27,9,control,0,5270,,,
2022-03-02,9,control,5262,5270,0.4752517640590668,0.4592821002006531,0.012434002943336964
2022-03-07,9,control,5270,5270,0.5272817611694336,0.4368305504322052,-0.1725742220878601
2022-03-09,9,control,209,5270,0.22972309589385986,0.10343607515096664,-0.1787758618593216
2022-03-14,9,control,5270,5270,0.36336010694503784,0.4661577641963959,0.19407416880130768
2022-03-17,9,control,5270,5270,0.5240465998649597,0.4128861725330353,-0.04183688759803772
2022-03-19,9,control,5269,5270,0.4492744505405426,0.38362810015678406,-0.07266789674758911
2022-03-22,9,control,5270,5270,0.47011882066726685,0.4500819742679596,-0.0484200119972229
2022-03-24,9,control,5183,5270,0.4617321789264679,0.44772985577583313,-0.03011077456176281
2022-03-27,9,control,5254,5270,0.3620724678039551,0.40832242369651794,0.12941595911979675
2022-03-29,9,control,5177,5270,0.36222392320632935,0.38187476992607117,0.06925539672374725
2022-04-01,9,control,5270,5270,0.4456205368041992,0.4183114171028137,-0.03374171257019043
2022-04-03,9,control,5270,5270,0.4752868413925171,0.4287404716014862,-0.06015343591570854
2022-04-06,9,control,5270,5270,0.4461801052093506,0.4313279986381531,-0.005566572770476341
2022-04-08,9,control,5254,5270,0.40896373987197876,0.4274672269821167,0.03794242814183235
2022-04-11,9,control,5270,5270,0.47051340341567993,0.46133702993392944,-0.03993474319577217
2022-04-13,9,control,5269,5270,0.40123000741004944,0.4006389379501343,0.001851840177550912
2022-04-16,9,control,345,5270,0.3499085009098053,0.4287855923175812,0.15294645726680756
2022-04-21,9,control,5270,5270,0.40338414907455444,0.41866204142570496,0.011621028184890747
2022-04-23,9,control,5239,5270,0.36864152550697327,0.3858959674835205,0.0023463102988898754
2022-04-28,9,control,5025,5270,0.3886364698410034,0.3902163505554199,0.005326845683157444
2022-05-01,9,control,5270,5270,0.4732237458229065,0.3788358271121979,-0.1663857102394104
2022-05-03,9,control,5270,5270,0.3743741512298584,0.3783413767814636,0.03136111795902252
2022-05-06,9,control,5270,5270,0.352203369140625,0.306349515914917,-0.1031256914138794
2022-05-08,9,control,5266,5270,0.4339892268180847,0.4075455069541931,-0.07232993096113205
2022-05-11,9,control,5049,5270,0.37067440152168274,0.37969833612442017,0.05532887950539589
2022-05-13,9,control,5175,5270,0.3754589259624481,0.42807409167289734,0.12431289255619049
2022-05-18,9,control,5270,5270,0.26477745175361633,0.3059828579425812,0.04556993395090103
2022-05-23,9,control,5270,5270,0.39832377433776855,0.4375208616256714,0.07354332506656647
2022-05-28,9,control,5270,5270,0.3414279520511627,0.30020490288734436,-0.042239364236593246
2022-05-31,9,control,5270,5270,0.4631721079349518,0.35291439294815063,-0.1682162880897522
2022-06-02,9,control,5270,5270,0.37949126958847046,0.34016698598861694,-0.04927084594964981
2022-06-05,9,control,5270,5270,0.40740662813186646,0.37561312317848206,-0.03427605330944061
2022-06-07,9,control,5270,5270,0.36358410120010376,0.37632718682289124,0.03315560519695282
2022-06-10,9,control,5270,5270,0.3271619379520416,0.35262206196784973,0.04742933064699173
2022-06-12,9,control,5270,5270,0.34792032837867737,0.3480675220489502,0.0223199725151062
2022-06-15,9,control,5270,5270,0.3522152006626129,0.2811887860298157,-0.12055733799934387
2022-06-17,9,control,5270,5270,0.38316330313682556,0.3510321378707886,-0.02351965755224228
2022-06-20,9,control,5270,5270,0.40324681997299194,0.3489464819431305,-0.13770824670791626
2022-06-22,9,control,5060,5270,0.3786814212799072,0.38703837990760803,0.019721433520317078
2022-06-25,9,control,5259,5270,0.3120075762271881,0.2831677794456482,-0.03806636109948158
2022-06-27,9,control,1271,5270,0.23747237026691437,0.29066208004951477,0.07156097888946533
2022-07-05,9,control,4558,5270,0.25044363737106323,0.288767546415329,0.04129546135663986
2022-07-12,9,control,5270,5270,0.4378052055835724,0.32720717787742615,-0.16454121470451355
2022-07-15,9,control,5270,5270,0.42642468214035034,0.27346065640449524,-0.25640368461608887
2022-07-22,9,control,4945,5270,0.3553047180175781,0.3021605312824249,-0.06462842226028442
2022-07-25,9,control,5270,5270,0.4307231307029724,0.28026893734931946,-0.22724619507789612
2022-08-01,9,control,5270,5270,0.3482385277748108,0.31128787994384766,-0.06708190590143204
2022-08-04,9,control,5270,5270,0.4630527198314667,0.32276642322540283,-0.2510676980018616
2022-08-06,9,control,5162,5270,0.36557677388191223,0.310303270816803,-0.04287714511156082
2022-08-09,9,control,5270,5270,0.42336714267730713,0.3067151606082916,-0.1459389328956604
2022-08-11,9,control,5244,5270,0.40188878774642944,0.2992020845413208,-0.1248047947883606
2022-08-16,9,control,97,5270,0.23898161947727203,0.2625982463359833,0.14403827488422394
2022-08-19,9,control,5265,5270,0.4197022020816803,0.31438732147216797,-0.12794558703899384
2022-08-21,9,control,5270,5270,0.4031156897544861,0.3150253891944885,-0.08631692826747894
2022-08-24,9,control,0,5270,,,
2022-08-26,9,control,5270,5270,0.35686737298965454,0.2821946442127228,-0.06691696494817734
2022-08-29,9,control,5270,5270,0.38289588689804077,0.32257720828056335,-0.05892639607191086
2022-08-31,9,control,5270,5270,0.40505772829055786,0.34101617336273193,-0.045504916459321976
2022-09-03,9,control,5270,5270,0.4331347346305847,0.31581681966781616,-0.11833809316158295
2022-09-05,9,control,5258,5270,0.42708900570869446,0.3154720664024353,-0.12394267320632935
2022-09-08,9,control,5270,5270,0.3607337772846222,0.2985728085041046,-0.07099190354347229
2022-09-10,9,control,5270,5270,0.408618301153183,0.3166219890117645,-0.09141785651445389
2022-09-13,9,control,5270,5270,0.4517078995704651,0.3459782004356384,-0.11245963722467422
2022-09-15,9,control,5216,5270,0.425500750541687,0.3453354835510254,-0.09327584505081177
2022-09-18,9,control,5270,5270,0.45342689752578735,0.32657313346862793,-0.1443362534046173
2022-09-20,9,control,4986,5270,0.4392325282096863,0.3130335211753845,-0.16076061129570007
2022-09-23,9,control,5268,5270,0.4400692284107208,0.31831175088882446,-0.12960445880889893
2022-09-25,9,control,972,5270,0.5034126043319702,0.3477323055267334,-0.13435734808444977
2022-09-28,9,control,5270,5270,0.4495527446269989,0.37809112668037415,-0.06911759078502655
2022-09-30,9,control,5270,5270,0.41523391008377075,0.35551226139068604,-0.05875165015459061
2022-10-03,9,control,5269,5270,0.47480788826942444,0.34832310676574707,-0.12954077124595642
2022-10-05,9,control,5270,5270,0.3907603323459625,0.32692205905914307,-0.05164417624473572
2022-10-08,9,control,5270,5270,0.42946672439575195,0.35051700472831726,-0.06963802129030228
2022-10-10,9,control,5270,5270,0.4515218734741211,0.36803531646728516,-0.06587344408035278
2022-10-13,9,control,5270,5270,0.4844794273376465,0.370621919631958,-0.10468964278697968
2022-10-15,9,control,5270,5270,0.46832942962646484,0.3532485067844391,-0.11864769458770752
2022-10-18,9,control,5254,5270,0.4691152572631836,0.3644983768463135,-0.10314950346946716
2022-10-20,9,control,5150,5270,0.44848036766052246,0.35853198170661926,-0.07926087081432343
2022-10-23,9,control,5270,5270,0.4665796756744385,0.3590238094329834,-0.10733100771903992
2022-10-25,9,control,5269,5270,0.48669829964637756,0.3884964883327484,-0.10780638456344604
2022-10-28,9,control,5250,5270,0.5025357007980347,0.39576929807662964,-0.11949092894792557
2022-10-30,9,control,0,5270,,,
2022-11-02,9,control,5270,5270,0.543083667755127,0.4015393853187561,-0.15968507528305054
2022-11-04,9,control,5270,5270,0.49197128415107727,0.3862949311733246,-0.103981152176857
2022-11-07,9,control,5230,5270,0.5339458584785461,0.38282543420791626,-0.2350805103778839
2022-11-09,9,control,4960,5270,0.5175631046295166,0.3785680830478668,-0.1794031858444214
2022-11-12,9,control,5226,5270,0.49895596504211426,0.38939398527145386,-0.11037681251764297
2022-11-14,9,control,4691,5270,0.4628406763076782,0.38025641441345215,-0.08401553332805634
2022-11-17,9,control,5270,5270,0.47706764936447144,0.40141814947128296,-0.061775848269462585
2022-11-19,9,control,5270,5270,0.7060729265213013,0.4398517310619354,-0.3879980444908142
2022-11-22,9,control,5270,5270,0.4369313716888428,0.40258097648620605,0.018334971740841866
2022-11-24,9,control,1663,5270,0.44887247681617737,0.39169222116470337,-0.14618974924087524
2022-11-29,9,control,5270,5270,0.558118999004364,0.43188560009002686,-0.13749197125434875
2022-12-02,9,control,5200,5270,0.530410647392273,0.5019190311431885,0.024736478924751282
2022-12-07,9,control,5270,5270,0.5250458717346191,0.46115919947624207,-0.04761870950460434
2022-12-09,9,control,136,5270,0.1668347716331482,-0.06812099367380142,-0.3191482722759247
2022-12-12,9,control,5262,5270,0.6036714315414429,0.46930861473083496,-0.1166449710726738
2022-12-14,9,control,5266,5270,0.6069881319999695,0.4710521101951599,-0.1406923085451126
2022-12-17,9,control,5267,5270,0.523426353931427,0.5269462466239929,0.060975171625614166
2022-12-19,9,control,0,5270,,,
2022-12-22,9,control,5270,5270,0.6650256514549255,0.544893741607666,-0.020188145339488983
2022-12-29,9,control,231,5270,0.1539851278066635,-0.04177343472838402,-0.13483977317810059
2023-01-01,9,control,5270,5270,0.6262054443359375,0.593101978302002,0.051896169781684875
2023-01-08,9,control,1193,5270,0.2607561945915222,0.3078504204750061,0.02569315955042839
2023-01-11,9,control,700,5270,0.3774915933609009,0.42276909947395325,0.0632433146238327
2023-01-13,9,control,581,5270,0.31053388118743896,0.3709545433521271,-0.08261395990848541
2023-01-16,9,control,5256,5270,0.6354300379753113,0.5704009532928467,-0.11215318739414215
2023-01-21,9,control,5266,5270,0.6707868576049805,0.5892207026481628,0.026135239750146866
2023-01-31,9,control,5266,5270,0.5171341896057129,0.5625470876693726,0.12163768708705902
2023-02-02,9,control,5258,5270,0.4862321615219116,0.4895791709423065,0.05680306628346443
2023-02-05,9,control,5266,5270,0.555370032787323,0.4635753631591797,-0.13258647918701172
2023-02-07,9,control,5270,5270,0.573114275932312,0.4540468454360962,-0.1605936586856842
2023-02-10,9,control,53,5270,0.4969528317451477,0.6302463412284851,0.2484310120344162
2023-02-12,9,control,5270,5270,0.5193189382553101,0.4510194957256317,-0.05718972533941269
2023-02-15,9,control,5175,5270,0.515036404132843,0.49739164113998413,0.03296692296862602
2023-02-17,9,control,20,5270,0.15294703841209412,0.0877465307712555,-0.08375062048435211
2023-02-22,9,control,1304,5270,0.48912060260772705,0.48318934440612793,0.021538175642490387
2023-03-02,9,control,51,5270,0.4122028946876526,0.5064917802810669,0.23617975413799286
2023-03-04,9,control,5211,5270,0.45578086376190186,0.5204103589057922,0.14823120832443237
2023-03-07,9,control,5270,5270,0.5004737377166748,0.4523468613624573,-0.04851225018501282
2023-03-09,9,control,5268,5270,0.5020887851715088,0.42976588010787964,-0.08217127621173859
2023-03-12,9,control,0,5270,,,
2023-03-14,9,control,5270,5270,0.552162766456604,0.5087270736694336,-0.0846458226442337
2023-03-17,9,control,5270,5270,0.4193475544452667,0.5041728019714355,0.1714872568845749
2023-03-22,9,control,5250,5270,0.49734950065612793,0.47762420773506165,-0.011810226365923882
2023-03-24,9,control,242,5270,0.04109404608607292,-0.0014204992912709713,-0.07987838983535767
2023-03-29,9,control,5198,5270,0.44341209530830383,0.5116325616836548,0.1221892312169075
2023-04-01,9,control,5270,5270,0.4860893785953522,0.4737880825996399,0.05507892742753029
2023-04-03,9,control,5156,5270,0.4310697317123413,0.4043964743614197,0.013358166441321373
2023-04-06,9,control,5269,5270,0.4895281195640564,0.43013617396354675,-0.0775042325258255
2023-04-11,9,control,5270,5270,0.4624026417732239,0.4335571527481079,-0.032182477414608
2023-04-16,9,control,4192,5270,0.40366479754447937,0.4734857380390167,0.1616283506155014
2023-04-21,9,control,5270,5270,0.4406167268753052,0.406393826007843,-0.02109220065176487
2023-04-28,9,control,5270,5270,0.440595418214798,0.4631393849849701,0.05816926807165146
2023-05-01,9,control,5270,5270,0.3654412031173706,0.3762332797050476,0.010081212967634201
2023-05-08,9,control,5270,5270,0.43933695554733276,0.4128212332725525,0.011265318840742111
2023-05-11,9,control,5270,5270,0.4443052411079407,0.38368913531303406,-0.08865416795015335
2023-05-13,9,control,5270,5270,0.4065110385417938,0.4445573687553406,0.07660646736621857
2023-05-23,9,control,3562,5270,0.38470375537872314,0.3737102746963501,0.008417868055403233
2023-05-26,9,control,5270,5270,0.4688861668109894,0.3826461434364319,-0.1365208923816681
2023-05-28,9,control,5270,5270,0.48363733291625977,0.4084644913673401,-0.060208775103092194
2023-05-31,9,control,195,5270,0.1976737529039383,0.1680208146572113,-0.07104163616895676
2023-06-02,9,control,5146,5270,0.43181389570236206,0.3568713963031769,-0.05239740014076233
2023-06-05,9,control,5270,5270,0.4087878465652466,0.33924591541290283,-0.08901233226060867
2023-06-07,9,control,5270,5270,0.4302578866481781,0.3853769302368164,-0.023630421608686447
2023-06-10,9,control,5270,5270,0.39310717582702637,0.3750254213809967,-0.010952052660286427
2023-06-12,9,control,5270,5270,0.38369274139404297,0.40513166785240173,0.06591084599494934
2023-06-15,9,control,5173,5270,0.4076876938343048,0.3474702835083008,-0.06340456753969193
2023-06-17,9,control,5127,5270,0.466727614402771,0.3919399380683899,-0.05218428373336792
2023-06-22,9,control,5270,5270,0.4057754874229431,0.36396461725234985,-0.03010157309472561
2023-06-25,9,control,5188,5270,0.4310557246208191,0.3749990165233612,-0.06640106439590454
2023-06-27,9,control,5232,5270,0.4453860819339752,0.3965543806552887,-0.030306454747915268
2023-06-30,9,control,5270,5270,0.41189730167388916,0.2946891486644745,-0.14076972007751465
2023-07-02,9,control,5270,5270,0.4574795365333557,0.34194743633270264,-0.08047467470169067
2023-07-05,9,control,5270,5270,0.4300493597984314,0.32679468393325806,-0.1252502053976059
2023-07-07,9,control,5270,5270,0.44763463735580444,0.33765652775764465,-0.14781540632247925
2023-07-10,9,control,5270,5270,0.47817400097846985,0.3480244278907776,-0.17105308175086975
2023-07-12,9,control,4988,5270,0.4164232611656189,0.33289676904678345,-0.06274540722370148
2023-07-15,9,control,5270,5270,0.3485617935657501,0.24300643801689148,-0.14138320088386536
2023-07-17,9,control,5270,5270,0.4171552062034607,0.303254097700119,-0.11063984781503677
2023-07-20,9,control,0,5270,,,
2023-07-22,9,control,4923,5270,0.4266756772994995,0.30346250534057617,-0.15315279364585876
2023-07-27,9,control,5270,5270,0.41720154881477356,0.3112521469593048,-0.10655120015144348
2023-07-30,9,control,5270,5270,0.5100029706954956,0.30340129137039185,-0.22327455878257751
2023-08-01,9,control,5270,5270,0.4746304154396057,0.31266099214553833,-0.1455594003200531
2023-08-06,9,control,5051,5270,0.44735756516456604,0.332030713558197,-0.1499994993209839
2023-08-09,9,control,5270,5270,0.38180011510849,0.28984132409095764,-0.08525625616312027
2023-08-11,9,control,5219,5270,0.39122557640075684,0.2823278605937958,-0.1087784394621849
2023-08-14,9,control,5254,5270,0.44630879163742065,0.30458518862724304,-0.1505582332611084
2023-08-16,9,control,5267,5270,0.38781973719596863,0.2905780076980591,-0.07840883731842041
2023-08-19,9,control,5270,5270,0.40109163522720337,0.313347190618515,-0.0856076329946518
2023-08-21,9,control,5270,5270,0.4287448525428772,0.33881574869155884,-0.06322278082370758
2023-08-24,9,control,5270,5270,0.3984876275062561,0.3073718845844269,-0.08392137289047241
2023-08-26,9,control,5270,5270,0.3967834711074829,0.28202468156814575,-0.11075711250305176
2023-08-29,9,control,5270,5270,0.4306400716304779,0.3137584328651428,-0.08232663571834564
2023-08-31,9,control,5270,5270,0.39600953459739685,0.3072701096534729,-0.0721554309129715
2023-09-03,9,control,5270,5270,0.5024667978286743,0.3464520275592804,-0.20412513613700867
2023-09-05,9,control,5234,5270,0.40248584747314453,0.3332042098045349,-0.06403225660324097
2023-09-08,9,control,5270,5270,0.4381658136844635,0.2881872057914734,-0.14019516110420227
2023-09-10,9,control,5252,5270,0.41577184200286865,0.3117679953575134,-0.0983414277434349
2023-09-13,9,control,5270,5270,0.4928079843521118,0.31592124700546265,-0.21989408135414124
2023-09-15,9,control,4002,5270,0.46409064531326294,0.3280567526817322,-0.15365788340568542
2023-09-18,9,control,5270,5270,0.36283251643180847,0.35666272044181824,0.030701862648129463
2023-09-20,9,control,5029,5270,0.4377536475658417,0.31046393513679504,-0.13178251683712006
2023-09-23,9,control,5270,5270,0.40659379959106445,0.2845304012298584,-0.13126873970031738
2023-09-25,9,control,5240,5270,0.4597737789154053,0.3240591287612915,-0.1496487408876419
2023-09-28,9,control,5270,5270,0.39393848180770874,0.302154541015625,-0.06848597526550293
2023-09-30,9,control,5225,5270,0.3857443332672119,0.330498605966568,-0.023239580914378166
2023-10-03,9,control,5267,5270,0.42419329285621643,0.35978227853775024,-0.04702664911746979
2023-10-05,9,control,5270,5270,0.43479394912719727,0.3446490168571472,-0.0706990659236908
2023-10-08,9,control,5270,5270,0.4224907159805298,0.33234336972236633,-0.05288887023925781
2023-10-10,9,control,5226,5270,0.4541064202785492,0.3505517244338989,-0.08959312736988068
2023-10-13,9,control,5270,5270,0.51692134141922,0.38055846095085144,-0.13707414269447327
2023-10-15,9,control,2757,5270,0.4012424647808075,0.3674703538417816,-0.020061049610376358
2023-10-18,9,control,5270,5270,0.4826801121234894,0.37440893054008484,-0.11111050844192505
2023-10-20,9,control,5270,5270,0.454328715801239,0.35343143343925476,-0.10347847640514374
2023-10-23,9,control,5262,5270,0.4920060634613037,0.38182756304740906,-0.11855076253414154
2023-10-25,9,control,0,5270,,,
2023-10-28,9,control,4734,5270,0.4967719316482544,0.43593594431877136,-0.040187373757362366
2023-11-02,9,control,5270,5270,0.5029898285865784,0.39513447880744934,-0.09471939504146576
2023-11-04,9,control,1703,5270,0.40070974826812744,0.3697788715362549,-0.01851847395300865
2023-11-07,9,control,0,5270,,,
2023-11-09,9,control,5270,5270,0.5409734845161438,0.4441853165626526,-0.06981348991394043
2023-11-14,9,control,131,5270,0.03444310277700424,-0.04476494342088699,-0.14138343930244446
2023-11-19,9,control,5270,5270,0.5199987888336182,0.42223939299583435,-0.06789717823266983
2023-11-24,9,control,2333,5270,0.3740702271461487,0.40759098529815674,0.03729754686355591
2023-11-27,9,control,920,5270,0.3201626241207123,0.3674621880054474,-0.0028873146511614323
2023-11-29,9,control,4978,5270,0.5639809966087341,0.45629385113716125,-0.09731528162956238
2023-12-02,9,control,4172,5270,0.5053372979164124,0.4617726802825928,-0.008891593664884567
2023-12-04,9,control,5270,5270,0.6135064363479614,0.46491676568984985,-0.163030207157135
2023-12-07,9,control,1065,5270,0.3860457241535187,0.3184373676776886,-0.13065484166145325
2023-12-09,9,control,5158,5270,0.6376785039901733,0.5504323244094849,-0.05545957759022713
2023-12-12,9,control,5270,5270,0.5869884490966797,0.5172058939933777,-0.03856638818979263
2023-12-14,9,control,4455,5270,0.5125202536582947,0.4549221694469452,-0.018115824088454247
2023-12-17,9,control,5270,5270,0.5545891523361206,0.4283755421638489,-0.10823831707239151
2023-12-19,9,control,5213,5270,0.5631486773490906,0.4554580748081207,-0.10418210923671722
2023-12-22,9,control,5270,5270,0.4912160634994507,0.560785174369812,0.19489794969558716
2023-12-27,9,control,5266,5270,0.5554808378219604,0.4644891917705536,-0.06136835366487503
2024-01-01,9,control,5103,5270,0.5574363470077515,0.45195630192756653,-0.11834615468978882
2024-01-03,9,control,306,5270,0.2621084153652191,0.2491619735956192,-0.1219019666314125
2024-01-06,9,control,317,5270,0.032117556780576706,-0.0700727254152298,-0.04231150820851326
2024-01-08,9,control,5270,5270,0.5012178421020508,0.5403327345848083,0.15871867537498474
2024-01-11,9,control,815,5270,0.41282978653907776,0.5043370127677917,0.20453694462776184
2024-01-13,9,control,5129,5270,0.5136643052101135,0.4539701044559479,-0.03906809911131859
2024-01-16,9,control,4992,5270,0.6192883849143982,0.5032140612602234,-0.15803512930870056
2024-01-18,9,control,125,5270,0.0329669825732708,-0.05886201187968254,-0.156626358628273
2024-01-21,9,control,97,5270,0.044247742742300034,-0.07413160055875778,-0.1794411838054657
2024-01-23,9,control,5250,5270,0.4841960668563843,0.5365647077560425,0.17931953072547913
2024-01-31,9,control,0,5270,,,
2024-02-10,9,control,5188,5270,0.5058995485305786,0.46845895051956177,-0.010361192747950554
2024-02-15,9,control,5270,5270,0.5028247833251953,0.49134495854377747,0.014289233833551407
2024-02-17,9,control,186,5270,-0.005000939592719078,0.007378632202744484,-0.05337958037853241
2024-02-20,9,control,5258,5270,0.664029061794281,0.4869576692581177,-0.3795129954814911
2024-02-22,9,control,5270,5270,0.4844783544540405,0.47647804021835327,0.05690058693289757
2024-02-27,9,control,5270,5270,0.5061815977096558,0.475496768951416,0.003558708354830742
2024-03-01,9,control,3390,5270,0.42000702023506165,0.49266317486763,0.11380483955144882
2024-03-03,9,control,5233,5270,0.5127705931663513,0.5117771625518799,0.03579656407237053
2024-03-06,9,control,70,5270,0.05465824902057648,-0.031108174473047256,0.013528578914701939
2024-03-08,9,control,4291,5270,0.6930081844329834,0.5206639766693115,-0.30911776423454285
2024-03-11,9,control,5270,5270,0.3956841826438904,0.39132338762283325,0.004260573536157608
2024-03-13,9,control,5270,5270,0.5139601826667786,0.47087380290031433,-0.03915107995271683
2024-03-16,9,control,5270,5270,0.657137393951416,0.47420409321784973,-0.3746754229068756
2024-03-18,9,control,5270,5270,0.4954565763473511,0.5039395093917847,0.032540176063776016
2024-03-21,9,control,5270,5270,0.3743651807308197,0.4165050685405731,0.11868785321712494
2024-03-26,9,control,4657,5270,0.5062034130096436,0.44346439838409424,-0.07486870884895325
2024-03-28,9,control,5270,5270,0.43059903383255005,0.3814515173435211,-0.0366167277097702
2024-04-05,9,control,5270,5270,0.44464802742004395,0.5231276154518127,0.19188013672828674
2024-04-07,9,control,3285,5270,0.4269414246082306,0.4418264925479889,0.07953878492116928
2024-04-12,9,control,5270,5270,0.5724538564682007,0.46139204502105713,-0.17603978514671326
2024-04-17,9,control,8,5270,,,
2024-04-20,9,control,5153,5270,0.4437587857246399,0.484569787979126,0.07936472445726395
2024-04-22,9,control,5268,5270,0.5627810955047607,0.4371853470802307,-0.19345521926879883
2024-04-25,9,control,5270,5270,0.719159722328186,0.39089643955230713,-0.5966206789016724
2024-04-27,9,control,5270,5270,0.47704800963401794,0.41792988777160645,-0.0543585941195488
2024-04-30,9,control,5270,5270,0.41955772042274475,0.38937118649482727,-0.07809410989284515
2024-05-07,9,control,5270,5270,0.420434832572937,0.36259472370147705,-0.05856948345899582
2024-05-10,9,control,5270,5270,0.4734726548194885,0.41731178760528564,-0.05227481946349144
2024-05-12,9,control,0,5270,,,
2024-05-17,9,control,5270,5270,0.4446861147880554,0.3885802626609802,-0.0444597452878952
2024-05-20,9,control,5269,5270,0.4090539515018463,0.37384992837905884,-0.03537401929497719
2024-05-22,9,control,5270,5270,0.49966561794281006,0.37380436062812805,-0.17101424932479858
2024-05-25,9,control,5270,5270,0.45564788579940796,0.37619486451148987,-0.07542027533054352
2024-05-27,9,control,5270,5270,0.45419955253601074,0.3934851288795471,-0.05434621125459671
2024-06-04,9,control,5270,5270,0.5251660346984863,0.35283762216567993,-0.216882586479187
2024-06-06,9,control,5270,5270,0.4536796808242798,0.3472358286380768,-0.08161081373691559
2024-06-09,9,control,5270,5270,0.42279869318008423,0.3371937572956085,-0.10933750867843628
2024-06-11,9,control,5270,5270,0.4202788174152374,0.36783796548843384,-0.034120187163352966
2024-06-16,9,control,5270,5270,0.44002819061279297,0.3643777072429657,-0.04080444574356079
2024-06-19,9,control,5270,5270,0.5823093056678772,0.3334905505180359,-0.3422519564628601
2024-06-21,9,control,5182,5270,0.4673132598400116,0.3406803011894226,-0.11809208989143372
2024-06-24,9,control,5270,5270,0.46846193075180054,0.33550241589546204,-0.14364856481552124
2024-06-26,9,control,4674,5270,0.4968074560165405,0.39935803413391113,-0.03403044492006302
2024-07-01,9,control,3730,5270,0.3637846112251282,0.3521079421043396,0.0419909730553627
2024-07-04,9,control,4537,5270,0.4954943358898163,0.36127838492393494,-0.11326386034488678
2024-07-06,9,control,5269,5270,0.42474305629730225,0.3274034857749939,-0.07183074206113815
2024-07-14,9,control,5270,5270,0.5909515619277954,0.39346033334732056,-0.26012957096099854
2024-07-16,9,control,5043,5270,0.46913957595825195,0.36313438415527344,-0.06278947740793228
2024-07-24,9,control,5270,5270,0.5397316217422485,0.3531336784362793,-0.1954686939716339
2024-07-26,9,control,5270,5270,0.5588294267654419,0.3884695768356323,-0.17665807902812958
2024-07-31,9,control,4970,5270,0.44280242919921875,0.2624724507331848,-0.14747929573059082
2024-08-05,9,control,5180,5270,0.5480841398239136,0.34266433119773865,-0.23006415367126465
2024-08-08,9,control,5270,5270,0.5070178508758545,0.3514270484447479,-0.18225696682929993
2024-08-13,9,control,5270,5270,0.6642277836799622,0.32852625846862793,-0.47055625915527344
2024-08-15,9,control,5149,5270,0.42738503217697144,0.32794255018234253,-0.06065647304058075
2024-08-20,9,control,5270,5270,0.420166015625,0.3053460717201233,-0.1556181013584137
2024-08-23,9,control,5270,5270,0.4901247024536133,0.34201446175575256,-0.16662397980690002
2024-08-25,9,control,5270,5270,0.47442275285720825,0.38199010491371155,-0.08535921573638916
2024-08-28,9,control,5270,5270,0.5587993860244751,0.35127466917037964,-0.21158264577388763
2024-08-30,9,control,1405,5270,0.38683491945266724,0.3293408155441284,-0.02155260182917118
2024-09-02,9,control,5270,5270,0.4274366497993469,0.29116111993789673,-0.13974806666374207
2024-09-04,9,control,5206,5270,0.45679330825805664,0.33391764760017395,-0.10716003179550171
2024-09-07,9,control,5270,5270,0.5092459917068481,0.3768421709537506,-0.1261371672153473
2024-09-12,9,control,5270,5270,0.48289692401885986,0.3154641389846802,-0.14043715596199036
2024-09-22,9,control,5270,5270,0.49615609645843506,0.36500656604766846,-0.11540868133306503
2024-09-24,9,control,5270,5270,0.4497838616371155,0.3365204930305481,-0.0917343944311142
2024-09-27,9,control,5270,5270,0.450114905834198,0.34280499815940857,-0.08721163868904114
2024-09-29,9,control,5237,5270,0.45661479234695435,0.3428081274032593,-0.09968315809965134
2024-10-02,9,control,5270,5270,0.4793391823768616,0.3453100919723511,-0.13366463780403137
2024-10-04,9,control,5208,5270,0.4593127369880676,0.3618282973766327,-0.08484549820423126
2024-10-07,9,control,5270,5270,0.520256519317627,0.3663121163845062,-0.1559028923511505
2024-10-09,9,control,5266,5270,0.4692494869232178,0.3343692719936371,-0.12595559656620026
2024-10-12,9,control,5258,5270,0.4574121832847595,0.35422542691230774,-0.06160289794206619
2024-10-14,9,control,5270,5270,0.45224058628082275,0.3617061972618103,-0.06707005202770233
2024-10-17,9,control,5270,5270,0.46194636821746826,0.3997054398059845,-0.06867927312850952
2024-10-19,9,control,4321,5270,0.3255085349082947,0.28547772765159607,-0.016720373183488846
2024-10-22,9,control,5270,5270,0.4842134118080139,0.3687203824520111,-0.09381209313869476
2024-10-24,9,control,5250,5270,0.47057968378067017,0.3586328327655792,-0.0988587960600853
2024-10-27,9,control,3470,5270,0.4327283501625061,0.37752312421798706,0.011737095192074776
2024-10-29,9,control,5246,5270,0.43626075983047485,0.3694019913673401,-0.03736363351345062
2024-11-01,9,control,5266,5270,0.5098655819892883,0.39465898275375366,-0.1001729667186737
2024-11-03,9,control,5270,5270,0.4747375249862671,0.3812307119369507,-0.06642121076583862
2024-11-06,9,control,5250,5270,0.50318443775177,0.3997124433517456,-0.08545778691768646
2024-11-08,9,control,5269,5270,0.4950968325138092,0.387044757604599,-0.08932621777057648
2024-11-11,9,control,5186,5270,0.5091661810874939,0.40711313486099243,-0.04882223531603813
2024-11-13,9,control,4844,5270,0.4529358148574829,0.429909884929657,0.033685069531202316
2024-11-16,9,control,5257,5270,0.48487406969070435,0.4604054391384125,0.045454252511262894
2024-11-18,9,control,5262,5270,0.49227285385131836,0.40601277351379395,-0.06815475225448608
2024-11-21,9,control,5270,5270,0.6062852740287781,0.427101731300354,-0.19000345468521118
2024-11-23,9,control,1344,5270,0.39365220069885254,0.3682662844657898,-0.04869828373193741
2024-11-26,9,control,5254,5270,0.4695444703102112,0.48677653074264526,0.1071663647890091
2024-11-28,9,control,4071,5270,0.5094649195671082,0.47987234592437744,0.08848031610250473
2024-12-01,9,control,4392,5270,0.3461894392967224,0.4025042653083801,0.15966016054153442
2024-12-03,9,control,5259,5270,0.5041260719299316,0.4137280285358429,-0.053819216787815094
2024-12-06,9,control,5270,5270,0.7125922441482544,0.4652375280857086,-0.3789248466491699
2024-12-08,9,control,5223,5270,0.5398216247558594,0.43884316086769104,-0.06809034198522568
2024-12-11,9,control,5270,5270,0.5426726341247559,0.5004234313964844,0.025370188057422638
2024-12-13,9,control,4061,5270,0.5023799538612366,0.47089049220085144,0.09303632378578186
2024-12-16,9,control,4958,5270,0.29709675908088684,0.29859820008277893,0.03143300116062164
2024-12-21,9,control,3731,5270,0.5493091940879822,0.4620858132839203,-0.06428055465221405
2024-12-23,9,control,49,5270,0.05864189565181732,-0.08111178129911423,-0.13258002698421478
2024-12-26,9,control,5036,5270,0.3091033101081848,0.47695446014404297,0.3137013912200928
2024-12-28,9,control,4465,5270,0.5677213072776794,0.5078054070472717,0.04675474762916565
2025-01-02,9,control,127,5270,0.02907911129295826,-0.042285412549972534,-0.10795775055885315
2025-01-05,9,control,4009,5270,0.5123403668403625,0.5145868062973022,0.01723027229309082
2025-01-07,9,control,2104,5270,0.6142625212669373,0.5406498908996582,0.008079545572400093
2025-01-10,9,control,5270,5270,0.48099464178085327,0.527145266532898,0.23649105429649353
2025-01-12,9,control,5270,5270,0.540246844291687,0.5171165466308594,0.14428925514221191
2025-01-15,9,control,5270,5270,0.5419895648956299,0.47715139389038086,-0.05097333341836929
2025-01-20,9,control,5250,5270,0.5391319990158081,0.5102788209915161,-0.0017012079479172826
2025-01-25,9,control,5270,5270,0.5048703551292419,0.517695963382721,0.09980008006095886
2025-01-27,9,control,5270,5270,0.42927491664886475,0.49792930483818054,0.22296708822250366
2025-01-30,9,control,5262,5270,0.46931469440460205,0.43870559334754944,0.0023091654293239117
2025-02-01,9,control,4641,5270,0.5623856782913208,0.44972917437553406,-0.11212228238582611
2025-02-04,9,control,5270,5270,0.5178148150444031,0.49069562554359436,-0.006939425133168697
2025-02-06,9,control,2384,5270,0.39280515909194946,0.48298710584640503,0.10459068417549133
2025-02-09,9,control,0,5270,,,
2025-02-11,9,control,3970,5270,0.45127540826797485,0.39319396018981934,-0.05009109526872635
2025-02-21,9,control,440,5270,0.024096863344311714,-0.03750304505228996,-0.08248306810855865
2025-03-01,9,control,5116,5270,0.48683080077171326,0.35642752051353455,-0.19191178679466248
2025-03-03,9,control,5214,5270,0.4732491075992584,0.45305949449539185,0.008728470653295517
2025-03-06,9,control,5270,5270,0.4562950134277344,0.45965689420700073,-0.018005119636654854
2025-03-08,9,control,285,5270,0.043478209525346756,-0.04433170706033707,-0.10633085668087006
2025-03-16,9,control,1448,5270,0.357008695602417,0.37819284200668335,-0.012361550703644753
2025-03-18,9,control,5270,5270,0.4837453365325928,0.4516339600086212,-0.04322340339422226
2025-03-21,9,control,5243,5270,0.4358961284160614,0.41594335436820984,0.004400135017931461
2025-03-25,9,control,3051,5270,0.3879236578941345,0.46804332733154297,0.14245758950710297
2025-03-26,9,control,2228,5270,0.47865360975265503,0.45994895696640015,0.036162059754133224
2025-03-31,9,control,5270,5270,0.4485493302345276,0.3991229236125946,-0.03922812268137932
2025-04-02,9,control,4926,5270,0.45520299673080444,0.41348883509635925,-0.03611668944358826
2025-04-05,9,control,5186,5270,0.434481680393219,0.4319750666618347,0.024011965841054916
2025-04-10,9,control,5270,5270,0.4284431040287018,0.39944988489151,0.01608104631304741
2025-04-12,9,control,4260,5270,0.4413577914237976,0.3860601484775543,-0.05584193393588066
2025-04-14,9,control,5270,5270,0.4576553702354431,0.36748120188713074,-0.10220915079116821
2025-04-17,9,control,5093,5270,0.40206071734428406,0.3741317093372345,-0.01950283721089363
2025-04-20,9,control,5270,5270,0.4547122120857239,0.39587777853012085,-0.06809209287166595
2025-04-22,9,control,3485,5270,0.505893886089325,0.4108809530735016,-0.15597930550575256
2025-04-25,9,control,5206,5270,0.4160410165786743,0.3804391622543335,-0.03802572935819626
2025-04-30,9,control,5270,5270,0.4467887282371521,0.3670825660228729,-0.08991590887308121
2025-05-02,9,control,4195,5270,0.43832340836524963,0.38756245374679565,-0.044444307684898376
2025-05-04,9,control,1864,5270,0.381534218788147,0.42514896392822266,0.08078189939260483
2025-05-07,9,control,5172,5270,0.34279385209083557,0.3792235255241394,0.13167829811573029
2025-05-12,9,control,5270,5270,0.4436792731285095,0.3448944091796875,-0.09698068350553513
2025-05-15,9,control,5270,5270,0.415741503238678,0.33688127994537354,-0.09231282770633698
2025-05-17,9,control,5270,5270,0.4082264304161072,0.34805577993392944,-0.08700066059827805
2025-05-20,9,control,5270,5270,0.4330010414123535,0.3365110456943512,-0.142856627702713
2025-05-22,9,control,4558,5270,0.39943933486938477,0.3937789797782898,0.028542451560497284
2025-05-24,9,control,5042,5270,0.340969979763031,0.3450188636779785,0.05990896373987198
2025-05-25,9,control,5270,5270,0.42827701568603516,0.30839431285858154,-0.14247912168502808
2025-05-27,9,control,5270,5270,0.4597111940383911,0.351733535528183,-0.08058072626590729
2025-05-30,9,control,5270,5270,0.4381829500198364,0.3211468756198883,-0.14404624700546265
2025-06-01,9,control,4580,5270,0.4243873357772827,0.3775809407234192,-0.021695442497730255
2025-06-04,9,control,3599,5270,0.39934980869293213,0.39488792419433594,0.03986359015107155
2025-06-06,9,control,4755,5270,0.4798564016819,0.3703002333641052,-0.10394604504108429
2025-06-09,9,control,5270,5270,0.45253315567970276,0.3136179447174072,-0.16370873153209686
2025-06-11,9,control,5270,5270,0.40058743953704834,0.2966552972793579,-0.09124396741390228
2025-06-13,9,control,4353,5270,0.43809807300567627,0.3239744007587433,-0.0829792395234108
2025-06-14,9,control,5270,5270,0.4674912691116333,0.32048025727272034,-0.16808807849884033
2025-06-16,9,control,5270,5270,0.410333514213562,0.34376260638237,-0.05542124807834625
2025-06-19,9,control,5270,5270,0.46593421697616577,0.3580451011657715,-0.13727356493473053
2025-06-21,9,control,5177,5270,0.41675737500190735,0.3228340744972229,-0.06242610886693001
2025-06-24,9,control,5270,5270,0.5077559947967529,0.26315733790397644,-0.32342326641082764
2025-06-26,9,control,352,5270,0.4219491481781006,0.35692131519317627,0.03230511024594307
2025-07-01,9,control,4666,5270,0.47216692566871643,0.356629878282547,-0.10244584083557129
2025-07-03,9,control,5270,5270,0.43638962507247925,0.38769328594207764,-0.020839065313339233
2025-07-09,9,control,5270,5270,0.4618212580680847,0.2667364776134491,-0.2644560635089874
2025-07-11,9,control,4537,5270,0.3984243869781494,0.2881014347076416,-0.11257880181074142
2025-07-16,9,control,5270,5270,0.23133227229118347,0.2707917094230652,0.028091292828321457
2025-07-19,9,control,4719,5270,0.2997243404388428,0.2800869047641754,-0.006849305238574743
2025-07-21,9,control,3922,5270,0.3746827244758606,0.280994176864624,-0.0829145759344101
2025-07-24,9,control,5270,5270,0.5148270130157471,0.2949868440628052,-0.25996553897857666
2025-07-26,9,control,5270,5270,0.4218566417694092,0.3040258586406708,-0.11236721277236938
2025-07-29,9,control,5270,5270,0.3980150818824768,0.2852059304714203,-0.13032513856887817
2025-07-31,9,control,3771,5270,0.4053625762462616,0.3295469284057617,-0.04181848466396332
2025-08-03,9,control,4490,5270,0.46254655718803406,0.2792319059371948,-0.19964376091957092
2025-08-05,9,control,5270,5270,0.4025864601135254,0.2611079514026642,-0.1662040650844574
2025-08-08,9,control,4574,5270,0.39284759759902954,0.24907594919204712,-0.16005615890026093
2025-08-12,9,control,5270,5270,0.40227454900741577,0.3015226721763611,-0.0923277959227562
2025-08-13,9,control,5270,5270,0.46302950382232666,0.2972739636898041,-0.18034717440605164
2025-08-23,9,control,5270,5270,0.4338940382003784,0.2663106322288513,-0.1950078010559082
2025-08-28,9,control,5270,5270,0.46858149766921997,0.2919202446937561,-0.22471614181995392
2025-08-30,9,control,0,5270,,,
2025-09-01,9,control,5231,5270,0.4080851078033447,0.28802409768104553,-0.12015919387340546
2025-09-02,9,control,5166,5270,0.38427114486694336,0.26933667063713074,-0.09511986374855042
2025-09-04,9,control,5270,5270,0.41840967535972595,0.2934817373752594,-0.13345731794834137
2025-09-12,9,control,5270,5270,0.4253668785095215,0.31592392921447754,-0.1301703304052353
2025-09-14,9,control,5270,5270,0.4377434253692627,0.29670271277427673,-0.1754131317138672
2025-09-17,9,control,5270,5270,0.3903883099555969,0.2827315032482147,-0.10685759037733078
2025-09-19,9,control,4977,5270,0.37600812315940857,0.28741544485092163,-0.06791094690561295
2025-09-21,9,control,5265,5270,0.4211777150630951,0.31343892216682434,-0.10217717289924622
2025-09-22,9,control,0,5270,,,
2025-09-24,9,control,5270,5270,0.3999560475349426,0.33397209644317627,-0.03855964541435242
2025-09-27,9,control,5270,5270,0.4509790539741516,0.3418368101119995,-0.10543929040431976
2025-09-29,9,control,5019,5270,0.4190349578857422,0.3054642975330353,-0.09311150014400482
2025-10-02,9,control,5270,5270,0.4215169847011566,0.3296404182910919,-0.05236212909221649
2025-10-04,9,control,5270,5270,0.44988465309143066,0.345184326171875,-0.09296420216560364
2025-10-07,9,control,5270,5270,0.49394935369491577,0.3558582663536072,-0.14133453369140625
2025-10-09,9,control,4727,5270,0.4388135075569153,0.33660340309143066,-0.09161703288555145
2025-10-11,9,control,5270,5270,0.4621114730834961,0.35302120447158813,-0.10897091031074524
2025-10-12,9,control,5270,5270,0.46273162961006165,0.3353978991508484,-0.13752587139606476
2025-10-14,9,control,4874,5270,0.4238356947898865,0.34009605646133423,-0.06687542796134949
2025-10-17,9,control,5270,5270,0.4263156056404114,0.32723477482795715,-0.07840113341808319
2025-10-19,9,control,4448,5270,0.4418703615665436,0.35453563928604126,-0.08624725043773651
2025-10-22,9,control,5270,5270,0.4855721592903137,0.3745531737804413,-0.10610443353652954
2025-10-24,9,control,5270,5270,0.47049933671951294,0.3792836368083954,-0.08025892823934555
2025-10-27,9,control,5270,5270,0.43069303035736084,0.34915339946746826,-0.05078364908695221
2025-10-29,9,control,5111,5270,0.4522809684276581,0.3300551176071167,-0.11970963329076767
2025-10-31,9,control,5270,5270,0.44098687171936035,0.3863493502140045,-0.01702476292848587
2025-11-01,9,control,5262,5270,0.42344945669174194,0.42405349016189575,0.06802534312009811
2025-11-03,9,control,62,5270,0.024776967242360115,-0.06319829076528549,-0.13750210404396057
2025-11-06,9,control,5087,5270,0.31774622201919556,0.2943038046360016,0.008938981220126152
2025-11-08,9,control,5126,5270,0.38982951641082764,0.30747759342193604,-0.06760594993829727
2025-11-11,9,control,5270,5270,0.49775344133377075,0.36670079827308655,-0.13865140080451965
2025-11-13,9,control,5227,5270,0.44990062713623047,0.378865510225296,-0.042224276810884476
2025-11-16,9,control,5270,5270,0.41814786195755005,0.4165836572647095,0.07369426637887955
2025-11-18,9,control,5254,5270,0.45866966247558594,0.3819428086280823,-0.04598291963338852
2025-11-20,9,control,5262,5270,0.4085962772369385,0.3780375123023987,0.03646175563335419
2025-11-21,9,control,5258,5270,0.47191739082336426,0.4043983221054077,-0.024849850684404373
2025-11-23,9,control,5163,5270,0.41931334137916565,0.35730770230293274,-0.0367300845682621
2025-11-26,9,control,5270,5270,0.5118399858474731,0.38690224289894104,-0.1173441931605339
2025-11-28,9,control,5262,5270,0.4703243672847748,0.3833720088005066,-0.059864357113838196
2025-12-01,9,control,5270,5270,0.3040276765823364,0.4302479922771454,0.25421392917633057
2025-12-03,9,control,4125,5270,0.5437895059585571,0.4812778830528259,0.042903926223516464
2025-12-06,9,control,5267,5270,0.2904554009437561,0.4110412895679474,0.22012479603290558
2025-12-08,9,control,5270,5270,0.5157922506332397,0.39052271842956543,-0.12106458842754364
2025-12-10,9,control,5270,5270,0.48765885829925537,0.3814924359321594,-0.09813243895769119
2025-12-13,9,control,657,5270,0.2880970537662506,0.502443253993988,0.19134671986103058
2025-12-23,9,control,5270,5270,0.7525630593299866,0.5370438098907471,-0.31497564911842346
2025-12-26,9,control,0,5270,,,
2025-12-28,9,control,5110,5270,0.6235619783401489,0.516305685043335,-0.11946188658475876
2025-12-30,9,control,4457,5270,0.6060584187507629,0.5167991518974304,0.03526424616575241
2025-12-31,9,control,72,5270,0.006238280795514584,-0.023591764271259308,-0.13245803117752075
2026-01-02,9,control,325,5270,0.02790176309645176,-0.05988635867834091,-0.10638953745365143
2026-01-05,9,control,5270,5270,0.734548807144165,0.49932634830474854,-0.33937257528305054
2026-01-07,9,control,5270,5270,0.5901526212692261,0.49100261926651,-0.09235809743404388
2026-01-10,9,control,5270,5270,0.6137076616287231,0.5436851978302002,-0.06608381867408752
2026-01-12,9,control,5270,5270,0.5185080766677856,0.5445688366889954,0.09598523378372192
2026-01-20,9,control,5270,5270,0.5847835540771484,0.4663936495780945,-0.13320136070251465
2026-01-22,9,control,4947,5270,0.5415603518486023,0.48210227489471436,-0.030988546088337898
2026-01-27,9,control,3024,5270,0.5554476380348206,0.5404242277145386,0.03902571648359299
2026-01-30,9,control,4489,5270,0.6114946603775024,0.5234438180923462,0.05691004544496536
2026-02-01,9,control,5257,5270,0.49712833762168884,0.46450290083885193,-0.005649697035551071
2026-02-04,9,control,5270,5270,0.545384407043457,0.41799840331077576,-0.1670546531677246
2026-02-09,9,control,5270,5270,0.604116678237915,0.5045619010925293,-0.14351877570152283
2026-02-14,9,control,4967,5270,0.4357067048549652,0.49340900778770447,0.18964368104934692
2026-02-16,9,control,1809,5270,0.4894581437110901,0.43209025263786316,0.04117922857403755
2026-02-19,9,control,5270,5270,0.5226588249206543,0.4519554376602173,-0.0659298300743103
2026-02-21,9,control,5270,5270,0.5049703121185303,0.4627061188220978,-0.019714057445526123
2026-02-24,9,control,5270,5270,0.5153220891952515,0.5030114650726318,0.027902232483029366
2026-02-26,9,control,5270,5270,0.5144351720809937,0.5062655806541443,0.05335850268602371
2026-03-01,9,control,5258,5270,0.425052285194397,0.41966962814331055,0.10881820321083069
2026-03-16,9,control,5270,5270,0.5089637041091919,0.47272568941116333,0.0012047993950545788
2026-03-28,9,control,5270,5270,0.4975353181362152,0.4977704882621765,0.11767902970314026
2026-04-02,9,control,4932,5270,0.5089763402938843,0.4386749863624573,-0.06459959596395493
2026-04-07,9,control,5268,5270,0.38271406292915344,0.37640947103500366,0.019208990037441254
2026-04-17,9,control,4663,5270,0.47723740339279175,0.38904228806495667,-0.09212091565132141
2026-04-19,9,control,5270,5270,0.48848265409469604,0.39622554183006287,-0.08467081189155579
2026-04-20,9,control,5270,5270,0.6271854639053345,0.39484715461730957,-0.37704187631607056
2026-04-27,9,control,5270,5270,0.4354212284088135,0.459195613861084,0.06493432819843292
2026-04-30,9,control,5270,5270,0.5318959951400757,0.38096940517425537,-0.20222687721252441
2026-05-02,9,control,5270,5270,0.45067259669303894,0.3617836534976959,-0.09082889556884766
2026-05-07,9,control,5270,5270,0.45047399401664734,0.3762287199497223,-0.07745480537414551
2026-05-09,9,control,5224,5270,0.4766242504119873,0.422842413187027,-0.039255887269973755
2026-05-10,9,control,4258,5270,0.4510585069656372,0.43258902430534363,0.00023979111574590206
2026-05-12,9,control,5270,5270,0.45594969391822815,0.4505511522293091,0.035297565162181854
2026-05-15,9,control,4270,5270,0.457422137260437,0.38253405690193176,-0.05109114199876785
2026-05-17,9,control,5270,5270,0.4702998995780945,0.3538508117198944,-0.12146364152431488
2026-05-20,9,control,5270,5270,0.3509005308151245,0.28705525398254395,-0.09551368653774261
2026-05-22,9,control,5270,5270,0.4407963752746582,0.345344603061676,-0.16138258576393127
2026-05-27,9,control,5171,5270,0.4581696689128876,0.34952545166015625,-0.06916290521621704
2026-06-01,9,control,5270,5270,0.4489877223968506,0.3399885296821594,-0.093396857380867
2026-06-06,9,control,5266,5270,0.4796031713485718,0.3956696093082428,-0.04875388368964195
2026-06-09,9,control,5270,5270,0.4556729197502136,0.3744799494743347,-0.0893266499042511
2026-06-11,9,control,5207,5270,0.42531707882881165,0.3562668263912201,-0.019523855298757553
2026-06-14,9,control,5270,5270,0.4649503827095032,0.32461440563201904,-0.14507809281349182
2026-06-16,9,control,5270,5270,0.4750545024871826,0.338624507188797,-0.10354100167751312
2026-06-18,9,control,5270,5270,0.4433364272117615,0.34796446561813354,-0.07378397136926651
2026-06-19,9,control,5264,5270,0.42967861890792847,0.33851468563079834,-0.08654031157493591
2026-06-21,9,control,5270,5270,0.4602971076965332,0.3828236162662506,-0.0429244339466095
2026-06-24,9,control,5270,5270,0.44138580560684204,0.32955554127693176,-0.1116052120923996
2026-06-26,9,control,5270,5270,0.5856908559799194,0.3726310729980469,-0.21276453137397766
2026-06-29,9,control,5270,5270,0.46199357509613037,0.3072096109390259,-0.18246270716190338
2026-07-01,9,control,5270,5270,0.5295768976211548,0.31697627902030945,-0.2654544711112976
2026-07-04,9,control,5270,5270,0.5012314915657043,0.3323909044265747,-0.1999153196811676
2026-07-06,9,control,5270,5270,0.4970218539237976,0.3667464554309845,-0.09558522701263428
2026-07-08,9,control,5270,5270,0.4640076160430908,0.3623262047767639,-0.08443309366703033
2026-07-09,9,control,0,5270,,,
2026-07-11,9,control,5270,5270,0.47834205627441406,0.314036101102829,-0.1542927622795105
2026-07-14,9,control,5270,5270,0.5186578035354614,0.2805241346359253,-0.2672771215438843
2026-07-16,9,control,5270,5270,0.48176464438438416,0.3116171956062317,-0.16503679752349854
2026-07-18,9,control,5175,5270,0.4405207335948944,0.3303651511669159,-0.11472359299659729
2026-07-19,9,control,5270,5270,0.5504670143127441,0.3420705199241638,-0.27542227506637573
2026-07-24,9,control,5208,5270,0.5913991928100586,0.30831488966941833,-0.31669268012046814
2026-07-26,9,control,5217,5270,0.4777059555053711,0.29063597321510315,-0.16202287375926971
2026-07-29,9,control,5270,5270,0.5433362722396851,0.26479682326316833,-0.36163926124572754
2026-07-31,9,control,5270,5270,0.5631914138793945,0.2662460505962372,-0.41841334104537964
2026-08-05,9,control,5270,5270,0.4508510231971741,0.30824825167655945,-0.1530243456363678
2026-08-07,9,control,5132,5270,0.44414764642715454,0.27515023946762085,-0.1629573553800583
2026-08-08,9,control,2676,5270,0.450651615858078,0.2874087691307068,-0.1160224974155426
2026-08-10,9,control,5093,5270,0.3972819745540619,0.26540499925613403,-0.1220761090517044
2026-08-13,9,control,5270,5270,0.46771687269210815,0.27990663051605225,-0.1828325092792511
2026-08-15,9,control,5270,5270,0.48013779520988464,0.3108382523059845,-0.15354296565055847
2026-08-18,9,control,5270,5270,0.47518742084503174,0.2941458523273468,-0.1898263543844223
2026-08-20,9,control,5270,5270,0.476309597492218,0.2926821708679199,-0.1915711760520935
2026-08-25,9,control,5270,5270,0.4669663906097412,0.2806318700313568,-0.17373402416706085
2026-08-27,9,control,5270,5270,0.4286419749259949,0.2720510959625244,-0.14295634627342224
2026-08-28,9,control,5270,5270,0.5822463035583496,0.29036858677864075,-0.33385854959487915
2026-08-30,9,control,5270,5270,0.4415990114212036,0.2996870279312134,-0.11439797282218933
2026-09-02,9,control,5270,5270,0.4067894518375397,0.29433169960975647,-0.0844697430729866
2026-09-04,9,control,5248,5270,0.5135655403137207,0.2856006920337677,-0.20725902915000916
2026-09-07,9,control,5270,5270,0.4363323748111725,0.259846955537796,-0.17646533250808716
2026-09-09,9,control,5270,5270,0.45992037653923035,0.2766570746898651,-0.1887131631374359
2026-09-12,9,control,5270,5270,0.4985576868057251,0.3010112941265106,-0.2151288390159607
2026-09-14,9,control,5270,5270,0.42423442006111145,0.30102789402008057,-0.1188323125243187
2026-09-16,9,control,5209,5270,0.4419134855270386,0.30112650990486145,-0.1300368756055832
2026-09-17,9,control,5270,5270,0.4531475603580475,0.29773858189582825,-0.14209040999412537
2020-01-04,9,loss,1002,1350,0.33804893493652344,0.38767287135124207,0.0672764703631401
2020-01-07,9,loss,1350,1350,0.2291531264781952,0.5588352680206299,0.47916901111602783
2020-01-09,9,loss,1332,1350,0.195061594247818,0.443848192691803,0.34344613552093506
2020-01-17,9,loss,1335,1350,0.3760879337787628,0.5115150809288025,0.136632040143013
2020-01-19,9,loss,1350,1350,0.21848353743553162,0.5639901757240295,0.4722077250480652
2020-01-22,9,loss,1350,1350,0.24813437461853027,0.5480266809463501,0.4155433773994446
2020-01-27,9,loss,1113,1350,0.30411094427108765,0.4340516924858093,0.13367033004760742
2020-02-01,9,loss,1347,1350,0.3113694190979004,0.375164270401001,0.06418979167938232
2020-02-06,9,loss,1327,1350,0.028925495222210884,0.38064929842948914,0.47764113545417786
2020-02-08,9,loss,1350,1350,0.2928546369075775,0.45570075511932373,0.19371101260185242
2020-02-13,9,loss,18,1350,,,
2020-02-16,9,loss,1350,1350,0.32538866996765137,0.5252221822738647,0.23397713899612427
2020-02-21,9,loss,0,1350,,,
2020-02-23,9,loss,804,1350,0.28037774562835693,0.36625707149505615,0.07569961249828339
2020-02-26,9,loss,0,1350,,,
2020-02-28,9,loss,879,1350,0.2847719192504883,0.44395560026168823,0.21568511426448822
2020-03-02,9,loss,0,1350,,,
2020-03-04,9,loss,432,1350,0.1921795755624771,0.4587042033672333,0.31916266679763794
2020-03-07,9,loss,1341,1350,0.03554857149720192,0.4323674738407135,0.5322327613830566
2020-03-12,9,loss,1314,1350,0.300686240196228,0.4971778094768524,0.21878531575202942
2020-03-17,9,loss,1342,1350,0.22445781528949738,0.47334250807762146,0.2743702530860901
2020-03-22,9,loss,81,1350,0.28423526883125305,0.42760539054870605,0.27844205498695374
2020-03-24,9,loss,995,1350,0.2941899001598358,0.395131379365921,0.10216688364744186
2020-03-27,9,loss,107,1350,0.26051563024520874,0.315708190202713,0.08026325702667236
2020-04-01,9,loss,1326,1350,0.27670806646347046,0.4624587595462799,0.18215173482894897
2020-04-03,9,loss,1078,1350,0.10817960649728775,0.29213863611221313,0.22008965909481049
2020-04-06,9,loss,1324,1350,0.1945319026708603,0.4545435905456543,0.34470903873443604
2020-04-18,9,loss,1319,1350,0.2796875536441803,0.3438965380191803,0.08648286759853363
2020-04-23,9,loss,1195,1350,0.2652585804462433,0.3652862012386322,0.07342277467250824
2020-04-26,9,loss,1335,1350,0.277126669883728,0.3870081901550293,0.10054265707731247
2020-05-03,9,loss,1103,1350,0.11956492066383362,0.3771860599517822,0.3161899745464325
2020-05-08,9,loss,1337,1350,0.2837297022342682,0.4064079821109772,0.12389092147350311
2020-05-11,9,loss,0,1350,,,
2020-05-13,9,loss,1346,1350,0.27075204253196716,0.5414345264434814,0.32149481773376465
2020-05-18,9,loss,1242,1350,0.24574144184589386,0.326692670583725,0.07956966757774353
2020-05-23,9,loss,1290,1350,0.2787647843360901,0.3949027955532074,0.12128980457782745
2020-05-28,9,loss,1350,1350,0.26502758264541626,0.41429245471954346,0.14546677470207214
2020-05-31,9,loss,0,1350,,,
2020-06-02,9,loss,848,1350,0.21428339183330536,0.258868545293808,0.05627377703785896
2020-06-07,9,loss,1202,1350,0.27606385946273804,0.4266285002231598,0.16876313090324402
2020-06-12,9,loss,1334,1350,0.30050772428512573,0.48432743549346924,0.23856180906295776
2020-06-17,9,loss,124,1350,0.36199110746383667,0.4021076261997223,0.19499465823173523
2020-06-20,9,loss,1350,1350,0.24441835284233093,0.36867761611938477,0.12678174674510956
2020-06-22,9,loss,56,1350,0.42324045300483704,0.3977069854736328,0.05389194190502167
2020-06-27,9,loss,0,1350,,,
2020-07-02,9,loss,764,1350,0.2516266107559204,0.35684555768966675,0.1283823847770691
2020-07-07,9,loss,1350,1350,0.3050333261489868,0.45338302850723267,0.1936812400817871
2020-07-12,9,loss,0,1350,,,
2020-07-17,9,loss,556,1350,0.22004175186157227,0.2942945659160614,0.0843563973903656
2020-07-22,9,loss,824,1350,0.2483559399843216,0.32265156507492065,0.07998906821012497
2020-07-25,9,loss,0,1350,,,
2020-07-27,9,loss,1315,1350,0.20086513459682465,0.33997657895088196,0.15289808809757233
2020-08-01,9,loss,784,1350,0.2574598789215088,0.30667978525161743,0.06986577063798904
2020-08-04,9,loss,44,1350,0.20477807521820068,0.3386417031288147,0.15643450617790222
2020-08-06,9,loss,0,1350,,,
2020-08-14,9,loss,0,1350,,,
2020-08-19,9,loss,2,1350,,,
2020-08-21,9,loss,0,1350,,,
2020-08-24,9,loss,0,1350,,,
2020-08-26,9,loss,909,1350,0.25651633739471436,0.3410949409008026,0.11157862097024918
2020-08-29,9,loss,0,1350,,,
2020-08-31,9,loss,1350,1350,0.25088104605674744,0.2866135835647583,0.06287406384944916
2020-09-03,9,loss,480,1350,0.29362952709198,0.3169994354248047,0.06481876969337463
2020-09-05,9,loss,1128,1350,0.2967010736465454,0.3591107130050659,0.10826049745082855
2020-09-08,9,loss,76,1350,0.3671937584877014,0.3654688894748688,0.060625478625297546
2020-09-10,9,loss,1330,1350,0.26371604204177856,0.28058305382728577,0.05334979295730591
2020-09-13,9,loss,711,1350,0.29688581824302673,0.2775632441043854,0.023402104154229164
2020-09-15,9,loss,556,1350,0.2941822111606598,0.30437326431274414,0.04939843714237213
2020-09-18,9,loss,1135,1350,0.30924198031425476,0.38448411226272583,0.12556152045726776
2020-09-20,9,loss,1346,1350,0.32559794187545776,0.41593867540359497,0.15622977912425995
2020-09-23,9,loss,1070,1350,0.3451577425003052,0.3496287763118744,0.05734949931502342
2020-09-25,9,loss,567,1350,0.30869078636169434,0.3117118179798126,0.05660364031791687
2020-09-28,9,loss,1348,1350,0.29606419801712036,0.3203321397304535,0.05050427466630936
2020-09-30,9,loss,503,1350,0.2989990711212158,0.292672723531723,0.03939463198184967
2020-10-05,9,loss,1274,1350,0.3090530037879944,0.38420575857162476,0.11794500052928925
2020-10-08,9,loss,367,1350,0.3196844160556793,0.33172333240509033,0.06486163288354874
2020-10-10,9,loss,1128,1350,0.31109708547592163,0.319100946187973,0.042196620255708694
2020-10-13,9,loss,475,1350,0.32237938046455383,0.3279822766780853,0.06986568868160248
2020-10-15,9,loss,1091,1350,0.351873517036438,0.3663622736930847,0.06699536740779877
2020-10-18,9,loss,1348,1350,0.3525444269180298,0.42744266986846924,0.12943564355373383
2020-10-20,9,loss,1350,1350,0.35555464029312134,0.43431469798088074,0.14349249005317688
2020-10-23,9,loss,1026,1350,0.36236467957496643,0.3658148944377899,0.05548263341188431
2020-10-25,9,loss,481,1350,0.3275356590747833,0.3431186079978943,0.06595724076032639
2020-10-28,9,loss,1321,1350,0.3251633644104004,0.32024475932121277,0.02649497427046299
2020-10-30,9,loss,1330,1350,0.33296215534210205,0.34978047013282776,0.059171341359615326
2020-11-02,9,loss,1310,1350,0.34201306104660034,0.3462621569633484,0.042595699429512024
2020-11-04,9,loss,1286,1350,0.3402513265609741,0.3659513294696808,0.05984277278184891
2020-11-07,9,loss,113,1350,0.3181147873401642,0.35347774624824524,0.09696343541145325
2020-11-09,9,loss,740,1350,0.34412136673927307,0.34483376145362854,0.019875941798090935
2020-11-12,9,loss,1056,1350,0.30508363246917725,0.3587420582771301,0.10084235668182373
2020-11-14,9,loss,1110,1350,0.2971686124801636,0.3849608302116394,0.1372750848531723
2020-11-17,9,loss,341,1350,0.34566617012023926,0.42627236247062683,0.1519484966993332
2020-11-19,9,loss,1162,1350,0.3382083773612976,0.40246108174324036,0.08627606928348541
2020-11-22,9,loss,1311,1350,0.351021409034729,0.41072142124176025,0.10480841994285583
2020-11-24,9,loss,856,1350,0.12124457955360413,0.3520599603652954,0.29458510875701904
2020-12-02,9,loss,1285,1350,0.34035736322402954,0.40065664052963257,0.0848245844244957
2020-12-04,9,loss,1336,1350,0.3267761468887329,0.41231730580329895,0.1044134795665741
2020-12-07,9,loss,1346,1350,0.3118666112422943,0.5328635573387146,0.30634433031082153
2020-12-09,9,loss,235,1350,0.2867177128791809,0.31589552760124207,0.05381659045815468
2020-12-12,9,loss,1343,1350,0.0934908390045166,0.43712377548217773,0.4946593940258026
2020-12-14,9,loss,0,1350,,,
2020-12-17,9,loss,337,1350,0.3854652941226959,0.426257461309433,0.0830184742808342
2020-12-19,9,loss,1335,1350,0.34108442068099976,0.4301934540271759,0.09873376786708832
2020-12-22,9,loss,1270,1350,0.31143954396247864,0.5373777151107788,0.328646183013916
2020-12-24,9,loss,1350,1350,0.1748274564743042,0.4832777678966522,0.46263599395751953
2020-12-27,9,loss,487,1350,0.3433835506439209,0.48755156993865967,0.24007409811019897
2020-12-29,9,loss,1350,1350,0.23801884055137634,0.46979790925979614,0.3562341332435608
2021-01-01,9,loss,1249,1350,0.32722437381744385,0.4219338297843933,0.10945907235145569
2021-01-06,9,loss,1350,1350,0.33362630009651184,0.5310372114181519,0.26336508989334106
2021-01-11,9,loss,1350,1350,0.06364861130714417,0.4260191321372986,0.5510883331298828
2021-01-13,9,loss,1342,1350,0.34093177318573,0.4551156759262085,0.1533958911895752
2021-01-16,9,loss,1350,1350,0.3573457896709442,0.47104257345199585,0.14628997445106506
2021-01-18,9,loss,1188,1350,0.3407410979270935,0.41489487886428833,0.08174440264701843
2021-01-21,9,loss,1282,1350,0.3358049988746643,0.35539233684539795,0.05777842178940773
2021-01-23,9,loss,1347,1350,0.26666614413261414,0.2969956696033478,0.04647871106863022
2021-01-26,9,loss,254,1350,0.25621938705444336,0.4550700783729553,0.3221948742866516
2021-01-28,9,loss,1350,1350,0.3375052213668823,0.42902398109436035,0.1316957026720047
2021-01-31,9,loss,141,1350,0.286295086145401,0.3821048140525818,0.17931228876113892
2021-02-02,9,loss,1324,1350,0.31672388315200806,0.4447348713874817,0.1800713837146759
2021-02-05,9,loss,1350,1350,0.3280709981918335,0.5499448180198669,0.2806451618671417
2021-02-07,9,loss,1330,1350,0.12462890148162842,0.4128737449645996,0.4069784879684448
2021-02-12,9,loss,1350,1350,0.33136892318725586,0.451751172542572,0.14121443033218384
2021-02-15,9,loss,1350,1350,0.3409360349178314,0.4910862445831299,0.18131279945373535
2021-02-17,9,loss,1313,1350,0.33974984288215637,0.4787628948688507,0.16628943383693695
2021-02-20,9,loss,1350,1350,0.2821633219718933,0.4250984489917755,0.1549757719039917
2021-02-22,9,loss,1345,1350,0.1670398712158203,0.4699085056781769,0.39945223927497864
2021-03-02,9,loss,5,1350,,,
2021-03-04,9,loss,1343,1350,0.29372140765190125,0.4803096354007721,0.21348269283771515
2021-03-07,9,loss,1350,1350,0.28527235984802246,0.5550416707992554,0.3316917419433594
2021-03-09,9,loss,1338,1350,0.07873354852199554,0.350375235080719,0.3718130588531494
2021-03-12,9,loss,1172,1350,0.25394847989082336,0.3049962520599365,0.06826217472553253
2021-03-14,9,loss,0,1350,,,
2021-03-17,9,loss,0,1350,,,
2021-03-19,9,loss,256,1350,0.20330440998077393,0.40255993604660034,0.2461574375629425
2021-03-22,9,loss,990,1350,0.24916888773441315,0.42686036229133606,0.21961668133735657
2021-03-24,9,loss,1349,1350,0.16106769442558289,0.44005778431892395,0.3583710193634033
2021-03-27,9,loss,434,1350,0.1592256724834442,0.4543316662311554,0.4027191400527954
2021-03-29,9,loss,487,1350,0.2530116140842438,0.43795377016067505,0.21080449223518372
2021-04-01,9,loss,1262,1350,0.2806914150714874,0.44804146885871887,0.20634394884109497
2021-04-03,9,loss,23,1350,0.40503162145614624,0.47164827585220337,0.15237239003181458
2021-04-06,9,loss,1341,1350,0.26188361644744873,0.5591043829917908,0.3766078054904938
2021-04-08,9,loss,1350,1350,0.19881339371204376,0.5173453092575073,0.4362993836402893
2021-04-11,9,loss,1142,1350,0.24914878606796265,0.34377506375312805,0.09941420704126358
2021-04-13,9,loss,1234,1350,0.25195837020874023,0.36096712946891785,0.09918712079524994
2021-04-16,9,loss,11,1350,,,
2021-04-18,9,loss,0,1350,,,
2021-04-21,9,loss,50,1350,0.37515789270401,0.4451964199542999,0.14702822268009186
2021-04-23,9,loss,112,1350,0.11584444344043732,0.49368104338645935,0.47676974534988403
2021-04-26,9,loss,8,1350,,,
2021-05-01,9,loss,720,1350,0.23445823788642883,0.41346821188926697,0.20907610654830933
2021-05-03,9,loss,1331,1350,0.23955373466014862,0.4999981224536896,0.3296341598033905
2021-05-08,9,loss,1097,1350,0.265556663274765,0.3933326005935669,0.15812629461288452
2021-05-13,9,loss,1346,1350,0.2791505455970764,0.4236164689064026,0.1630765050649643
2021-05-18,9,loss,1300,1350,0.266078919172287,0.4856732189655304,0.2793501615524292
2021-05-23,9,loss,1270,1350,0.06767599284648895,0.3239199221134186,0.3732570707798004
2021-05-28,9,loss,87,1350,0.24377314746379852,0.4660820960998535,0.28968822956085205
2021-06-02,9,loss,1350,1350,0.2686465382575989,0.4975295662879944,0.3006787896156311
2021-06-07,9,loss,457,1350,0.2318592369556427,0.2867816090583801,0.07105780392885208
2021-06-12,9,loss,155,1350,0.27031463384628296,0.359077125787735,0.11599273979663849
2021-06-17,9,loss,592,1350,0.22736689448356628,0.4428732991218567,0.2921992540359497
2021-06-20,9,loss,0,1350,,,
2021-06-22,9,loss,176,1350,0.23046158254146576,0.27680397033691406,0.0666612833738327
2021-06-25,9,loss,0,1350,,,
2021-06-27,9,loss,222,1350,0.21521423757076263,0.3367888629436493,0.15926697850227356
2021-06-30,9,loss,0,1350,,,
2021-07-02,9,loss,1181,1350,0.25041821599006653,0.391899973154068,0.18957817554473877
2021-07-07,9,loss,0,1350,,,
2021-07-22,9,loss,1306,1350,0.23784476518630981,0.28843340277671814,0.05893683433532715
2021-07-27,9,loss,794,1350,0.29299503564834595,0.38043615221977234,0.1279844343662262
2021-08-01,9,loss,589,1350,0.297885924577713,0.30819231271743774,0.044490914791822433
2021-08-04,9,loss,568,1350,0.27347731590270996,0.3067445158958435,0.043021827936172485
2021-08-06,9,loss,1343,1350,0.2608199715614319,0.31072911620140076,0.06830886751413345
2021-08-09,9,loss,1118,1350,0.2651457190513611,0.3197691738605499,0.07789802551269531
2021-08-11,9,loss,1199,1350,0.2710859477519989,0.36610034108161926,0.12801894545555115
2021-08-16,9,loss,1314,1350,0.24384325742721558,0.3150116801261902,0.1019144207239151
2021-08-19,9,loss,0,1350,,,
2021-08-21,9,loss,704,1350,0.26314058899879456,0.30340439081192017,0.053269028663635254
2021-08-24,9,loss,6,1350,,,
2021-08-26,9,loss,1350,1350,0.24829301238059998,0.3660274147987366,0.1547931730747223
2021-08-29,9,loss,0,1350,,,
2021-08-31,9,loss,253,1350,0.27172747254371643,0.2722058594226837,0.037465900182724
2021-09-03,9,loss,35,1350,0.3479812741279602,0.31560438871383667,0.06108582019805908
2021-09-05,9,loss,42,1350,0.3085537552833557,0.28663304448127747,0.033512987196445465
2021-09-08,9,loss,120,1350,0.3157138228416443,0.3288973867893219,0.0851326435804367
2021-09-10,9,loss,0,1350,,,
2021-09-15,9,loss,603,1350,0.30476486682891846,0.33463427424430847,0.09504738450050354
2021-09-18,9,loss,742,1350,0.3229459524154663,0.29711058735847473,0.026464594528079033
2021-09-20,9,loss,595,1350,0.29013198614120483,0.31225821375846863,0.05346129834651947
2021-09-23,9,loss,1210,1350,0.32711994647979736,0.3857070803642273,0.0977010428905487
2021-09-25,9,loss,1120,1350,0.291889488697052,0.36054882407188416,0.10469083487987518
2021-09-28,9,loss,49,1350,0.32303422689437866,0.2908409833908081,0.05168790742754936
2021-09-30,9,loss,27,1350,0.3644022047519684,0.3531925082206726,0.07140391319990158
2021-10-03,9,loss,0,1350,,,
2021-10-05,9,loss,401,1350,0.25174301862716675,0.26703760027885437,0.07819222658872604
2021-10-08,9,loss,1310,1350,0.33104968070983887,0.3807435631752014,0.10261017084121704
2021-10-10,9,loss,1144,1350,0.33984214067459106,0.38819608092308044,0.09543279558420181
2021-10-13,9,loss,243,1350,0.3650651276111603,0.3602670431137085,0.07836541533470154
2021-11-04,9,loss,1273,1350,0.3400440812110901,0.36701321601867676,0.06790274381637573
2021-11-12,9,loss,1145,1350,0.3434295058250427,0.38355550169944763,0.0907994955778122
2021-11-14,9,loss,1350,1350,0.3084084391593933,0.4836122691631317,0.3141268789768219
2021-11-17,9,loss,1108,1350,0.30209633708000183,0.3545425236225128,0.08572416007518768
2021-11-19,9,loss,1320,1350,0.2235400378704071,0.42077139019966125,0.3124293088912964
2021-11-22,9,loss,1091,1350,0.3617207407951355,0.38631656765937805,0.06721635162830353
2021-11-24,9,loss,307,1350,0.4049818813800812,0.3950996696949005,0.0428190752863884
2021-11-27,9,loss,1253,1350,0.3785998225212097,0.4011993706226349,0.06800264865159988
2021-11-29,9,loss,586,1350,0.18972083926200867,0.25603336095809937,0.16931167244911194
2021-12-02,9,loss,0,1350,,,
2021-12-04,9,loss,1330,1350,0.3173106014728546,0.4252660870552063,0.20300115644931793
2021-12-07,9,loss,1243,1350,0.36599835753440857,0.42944973707199097,0.10711320489645004
2021-12-09,9,loss,1332,1350,0.36859577894210815,0.4224971830844879,0.10034070909023285
2021-12-17,9,loss,1350,1350,0.22617174685001373,0.4717754125595093,0.41610926389694214
2021-12-22,9,loss,1350,1350,0.39542216062545776,0.4618564248085022,0.06754156947135925
2021-12-24,9,loss,1159,1350,0.3628627359867096,0.42148661613464355,0.0761418491601944
2021-12-27,9,loss,1350,1350,0.36106619238853455,0.48618483543395996,0.16488859057426453
2022-01-06,9,loss,0,1350,,,
2022-01-08,9,loss,1350,1350,0.37335705757141113,0.49485158920288086,0.1655973494052887
2022-01-11,9,loss,1350,1350,0.3401470184326172,0.6369393467903137,0.4457246661186218
2022-01-13,9,loss,1350,1350,0.17713868618011475,0.5150779485702515,0.49397873878479004
2022-01-18,9,loss,1350,1350,0.3343498706817627,0.39816057682037354,0.08008870482444763
2022-01-21,9,loss,626,1350,0.21624761819839478,0.4372469186782837,0.32749947905540466
2022-01-23,9,loss,943,1350,0.40763047337532043,0.4025379419326782,0.027634307742118835
2022-01-26,9,loss,1350,1350,0.33357203006744385,0.38877972960472107,0.10100911557674408
2022-01-31,9,loss,1350,1350,0.29062870144844055,0.4166044294834137,0.1867072880268097
2022-02-02,9,loss,836,1350,0.31467190384864807,0.4305514693260193,0.146034836769104
2022-02-05,9,loss,1348,1350,0.36910998821258545,0.46111127734184265,0.1029670387506485
2022-02-07,9,loss,71,1350,0.3074664771556854,0.3667125403881073,0.10651437193155289
2022-02-10,9,loss,1340,1350,0.33488035202026367,0.5680394172668457,0.29612088203430176
2022-02-12,9,loss,1350,1350,0.1493118852376938,0.4696611762046814,0.45942020416259766
2022-02-15,9,loss,1350,1350,0.3051225543022156,0.4175289273262024,0.18088707327842712
2022-02-17,9,loss,1350,1350,0.3480522930622101,0.42648234963417053,0.09125450998544693
2022-02-20,9,loss,1350,1350,0.3304666578769684,0.43915805220603943,0.11554903537034988
2022-02-25,9,loss,1350,1350,0.2922244369983673,0.5511242151260376,0.35785913467407227
2022-02-27,9,loss,0,1350,,,
2022-03-02,9,loss,1350,1350,0.32988646626472473,0.4275115728378296,0.13800498843193054
2022-03-07,9,loss,1350,1350,0.3552882969379425,0.43631571531295776,0.07368148863315582
2022-03-09,9,loss,186,1350,0.324730783700943,0.3871421217918396,0.05207476764917374
2022-03-14,9,loss,1350,1350,0.10429109632968903,0.3930439054965973,0.4105088710784912
2022-03-17,9,loss,1350,1350,0.09817024320363998,0.21841423213481903,0.2770736813545227
2022-03-19,9,loss,1350,1350,0.3051295280456543,0.35472747683525085,0.0675092339515686
2022-03-22,9,loss,1350,1350,0.3211277425289154,0.4484100043773651,0.14107254147529602
2022-03-24,9,loss,1350,1350,0.3160753846168518,0.4675094485282898,0.1742211878299713
2022-03-27,9,loss,1350,1350,0.09264670312404633,0.314481645822525,0.3450663685798645
2022-03-29,9,loss,1345,1350,0.26508185267448425,0.3345356583595276,0.11465424299240112
2022-04-01,9,loss,1350,1350,0.3007335066795349,0.4046609103679657,0.11096315830945969
2022-04-03,9,loss,1350,1350,0.32483091950416565,0.43545806407928467,0.1231057345867157
2022-04-06,9,loss,1350,1350,0.30409011244773865,0.432513028383255,0.15536199510097504
2022-04-08,9,loss,1326,1350,0.28387272357940674,0.44298723340034485,0.18546831607818604
2022-04-11,9,loss,1350,1350,0.3154827356338501,0.47902143001556396,0.19795770943164825
2022-04-13,9,loss,1350,1350,0.1675216406583786,0.3411659002304077,0.2859845459461212
2022-04-16,9,loss,48,1350,0.4023618698120117,0.40138694643974304,0.10253243893384933
2022-04-21,9,loss,1342,1350,0.2784137725830078,0.4379265308380127,0.1831965148448944
2022-04-23,9,loss,1264,1350,0.24509641528129578,0.38051435351371765,0.16895154118537903
2022-04-28,9,loss,1297,1350,0.2875691056251526,0.36582356691360474,0.09698351472616196
2022-05-01,9,loss,1350,1350,0.31321918964385986,0.3751320540904999,0.049189720302820206
2022-05-03,9,loss,1350,1350,0.2735932171344757,0.3711024224758148,0.13116294145584106
2022-05-06,9,loss,1350,1350,0.24854949116706848,0.3030301034450531,0.048113010823726654
2022-05-08,9,loss,1350,1350,0.2900959849357605,0.4111367166042328,0.13080069422721863
2022-05-11,9,loss,1134,1350,0.2748558819293976,0.3203723430633545,0.08375189453363419
2022-05-13,9,loss,1350,1350,0.24428972601890564,0.45709577202796936,0.31763702630996704
2022-05-18,9,loss,1350,1350,0.197088822722435,0.28091761469841003,0.07951182126998901
2022-05-23,9,loss,1350,1350,0.28109145164489746,0.47945693135261536,0.2551916837692261
2022-05-28,9,loss,1350,1350,0.24326395988464355,0.28626036643981934,0.046195775270462036
2022-05-31,9,loss,1350,1350,0.31402361392974854,0.36141660809516907,0.04971206188201904
2022-06-02,9,loss,1350,1350,0.27129441499710083,0.351798951625824,0.09141439944505692
2022-06-05,9,loss,1350,1350,0.2877354025840759,0.3988512456417084,0.15142065286636353
2022-06-07,9,loss,1350,1350,0.26693442463874817,0.40372219681739807,0.16918495297431946
2022-06-10,9,loss,1350,1350,0.25875818729400635,0.3906048536300659,0.1686299741268158
2022-06-12,9,loss,1350,1350,0.27520591020584106,0.3518263101577759,0.10878783464431763
2022-06-15,9,loss,1350,1350,0.2458004355430603,0.30211958289146423,0.04533648490905762
2022-06-17,9,loss,1350,1350,0.2879122495651245,0.4103575050830841,0.1522519588470459
2022-06-20,9,loss,1350,1350,0.2710826098918915,0.37699443101882935,0.12418262660503387
2022-06-22,9,loss,1350,1350,0.2869935631752014,0.4256952404975891,0.21149000525474548
2022-06-25,9,loss,1345,1350,0.25112733244895935,0.2966901957988739,0.0692223310470581
2022-06-27,9,loss,1345,1350,0.23572641611099243,0.30138906836509705,0.09997554123401642
2022-07-05,9,loss,248,1350,0.14300259947776794,0.29486292600631714,0.18103525042533875
2022-07-12,9,loss,1343,1350,0.3148656189441681,0.3525693416595459,0.06319685280323029
2022-07-15,9,loss,1350,1350,0.2924882173538208,0.2954002916812897,0.009470449760556221
2022-07-22,9,loss,1350,1350,0.26860344409942627,0.2792418599128723,0.037860721349716187
2022-07-25,9,loss,1350,1350,0.3042794466018677,0.2843261957168579,-0.013060899451375008
2022-08-01,9,loss,1350,1350,0.2551957368850708,0.318839967250824,0.08484041690826416
2022-08-04,9,loss,1350,1350,0.3135441541671753,0.34445643424987793,0.028083674609661102
2022-08-06,9,loss,1350,1350,0.27436622977256775,0.28625252842903137,0.03827188163995743
2022-08-09,9,loss,1350,1350,0.30841064453125,0.3039543032646179,0.01871921867132187
2022-08-11,9,loss,1350,1350,0.29640206694602966,0.3248450458049774,0.04904694855213165
2022-08-16,9,loss,621,1350,0.2666662931442261,0.359602689743042,0.21751417219638824
2022-08-19,9,loss,1350,1350,0.3142058849334717,0.3055029809474945,0.026635657995939255
2022-08-21,9,loss,1350,1350,0.30952709913253784,0.3233102858066559,0.058514006435871124
2022-08-24,9,loss,0,1350,,,
2022-08-26,9,loss,1350,1350,0.26983699202537537,0.28649014234542847,0.04661201685667038
2022-08-29,9,loss,1350,1350,0.2857762277126312,0.3388485312461853,0.08017174899578094
2022-08-31,9,loss,1350,1350,0.3075482249259949,0.3684362769126892,0.10788007080554962
2022-09-03,9,loss,1350,1350,0.32478395104408264,0.30555465817451477,0.018873436376452446
2022-09-05,9,loss,1350,1350,0.32134002447128296,0.31239885091781616,0.027464699000120163
2022-09-08,9,loss,1350,1350,0.27954283356666565,0.30092212557792664,0.0354657918214798
2022-09-10,9,loss,1350,1350,0.3050118088722229,0.33357173204421997,0.06517086923122406
2022-09-13,9,loss,1350,1350,0.34016963839530945,0.3800855576992035,0.08226559311151505
2022-09-15,9,loss,1350,1350,0.33178046345710754,0.3655611574649811,0.06570199131965637
2022-09-18,9,loss,1350,1350,0.33596062660217285,0.3171273469924927,0.018234075978398323
2022-09-20,9,loss,1336,1350,0.32678931951522827,0.29796162247657776,0.004647026304155588
2022-09-23,9,loss,1288,1350,0.3216720223426819,0.30830225348472595,0.02251816913485527
2022-09-25,9,loss,200,1350,0.3124583959579468,0.2994280159473419,0.01818203553557396
2022-09-28,9,loss,1350,1350,0.3345054090023041,0.3894643187522888,0.09143300354480743
2022-09-30,9,loss,1350,1350,0.3138858377933502,0.35472506284713745,0.06904437392950058
2022-10-03,9,loss,1343,1350,0.34582701325416565,0.3418271243572235,0.04099484533071518
2022-10-05,9,loss,1350,1350,0.3001323342323303,0.31042012572288513,0.04677751660346985
2022-10-08,9,loss,1350,1350,0.32216838002204895,0.34252893924713135,0.05404739826917648
2022-10-10,9,loss,1350,1350,0.33971846103668213,0.37585747241973877,0.08425906300544739
2022-10-13,9,loss,1350,1350,0.3555012345314026,0.3543757498264313,0.044959671795368195
2022-10-15,9,loss,1350,1350,0.3412841260433197,0.33885544538497925,0.03574444726109505
2022-10-18,9,loss,1350,1350,0.33730000257492065,0.34337931871414185,0.03912296146154404
2022-10-20,9,loss,1350,1350,0.3212321102619171,0.32632118463516235,0.03330636024475098
2022-10-23,9,loss,1350,1350,0.3240965008735657,0.31389713287353516,0.006555578205734491
2022-10-25,9,loss,1350,1350,0.3479461371898651,0.36894166469573975,0.046518221497535706
2022-10-28,9,loss,1350,1350,0.35304707288742065,0.3656666874885559,0.03332743048667908
2022-10-30,9,loss,0,1350,,,
2022-11-02,9,loss,1350,1350,0.38558462262153625,0.3832574486732483,0.034144334495067596
2022-11-04,9,loss,1350,1350,0.3511648178100586,0.33977216482162476,0.021645041182637215
2022-11-07,9,loss,1350,1350,0.3699612617492676,0.33965370059013367,-0.05523828789591789
2022-11-09,9,loss,1350,1350,0.36160337924957275,0.3395887613296509,-0.012621622532606125
2022-11-12,9,loss,1350,1350,0.3455515503883362,0.3617604076862335,0.03606579452753067
2022-11-14,9,loss,1020,1350,0.3043161630630493,0.34346967935562134,0.05766437202692032
2022-11-17,9,loss,1350,1350,0.3277101516723633,0.36055198311805725,0.055339232087135315
2022-11-19,9,loss,1350,1350,0.4230097234249115,0.3499182164669037,-0.04974715784192085
2022-11-22,9,loss,1350,1350,0.3021548390388489,0.33014070987701416,0.08033959567546844
2022-11-24,9,loss,529,1350,0.40521207451820374,0.36413708329200745,-0.047519318759441376
2022-11-29,9,loss,1350,1350,0.346646249294281,0.3921607732772827,0.043609462678432465
2022-12-02,9,loss,1334,1350,0.2150917649269104,0.47221338748931885,0.2912505865097046
2022-12-07,9,loss,1350,1350,0.28089284896850586,0.39097151160240173,0.1403699815273285
2022-12-09,9,loss,281,1350,0.29306063055992126,0.16419480741024017,-0.1318037062883377
2022-12-12,9,loss,1350,1350,0.33333271741867065,0.39022397994995117,0.04490217566490173
2022-12-14,9,loss,1350,1350,0.3311786949634552,0.3969235420227051,0.04206326603889465
2022-12-17,9,loss,1243,1350,0.2873917520046234,0.4440927803516388,0.1936945766210556
2022-12-19,9,loss,0,1350,,,
2022-12-22,9,loss,1350,1350,0.09004120528697968,0.39285171031951904,0.3937809467315674
2022-12-29,9,loss,637,1350,0.30063360929489136,0.5457063317298889,0.32798585295677185
2023-01-01,9,loss,1350,1350,0.06902428716421127,0.4670979678630829,0.47103777527809143
2023-01-08,9,loss,1248,1350,0.25900912284851074,0.35041874647140503,0.09445294737815857
2023-01-11,9,loss,136,1350,0.040204308927059174,0.1482793688774109,0.25389358401298523
2023-01-13,9,loss,375,1350,0.2933466136455536,0.3708483576774597,0.0730423554778099
2023-01-16,9,loss,1350,1350,0.2425626814365387,0.5781444907188416,0.3115123510360718
2023-01-21,9,loss,1350,1350,0.043459050357341766,0.45976677536964417,0.4803597927093506
2023-01-31,9,loss,1350,1350,0.1836368441581726,0.5575118660926819,0.43275558948516846
2023-02-02,9,loss,1350,1350,0.10937590897083282,0.4174079895019531,0.32674431800842285
2023-02-05,9,loss,1350,1350,0.2559090256690979,0.4904473125934601,0.25181329250335693
2023-02-07,9,loss,1350,1350,0.30319637060165405,0.4886268973350525,0.21154522895812988
2023-02-10,9,loss,0,1350,,,
2023-02-12,9,loss,1350,1350,0.26299870014190674,0.4922716021537781,0.3039567470550537
2023-02-15,9,loss,1310,1350,0.2590215504169464,0.5089729428291321,0.304507851600647
2023-02-17,9,loss,0,1350,,,
2023-02-22,9,loss,0,1350,,,
2023-03-02,9,loss,0,1350,,,
2023-03-04,9,loss,1030,1350,0.10282604396343231,0.5049676299095154,0.5008548498153687
2023-03-07,9,loss,1350,1350,0.1980782002210617,0.5069012641906738,0.41035157442092896
2023-03-09,9,loss,1350,1350,0.2538433372974396,0.35720115900039673,0.1378331184387207
2023-03-12,9,loss,0,1350,,,
2023-03-14,9,loss,1350,1350,0.24118509888648987,0.5083640217781067,0.24027204513549805
2023-03-17,9,loss,1350,1350,-0.0007943094242364168,0.34978803992271423,0.430955708026886
2023-03-22,9,loss,1350,1350,0.21788069605827332,0.47873279452323914,0.33049681782722473
2023-03-24,9,loss,625,1350,0.2257859706878662,0.473367303609848,0.3511295020580292
2023-03-29,9,loss,1350,1350,0.09815366566181183,0.5191434621810913,0.4758712649345398
2023-04-01,9,loss,1350,1350,-0.0030210232362151146,0.2722285985946655,0.34009993076324463
2023-04-03,9,loss,1144,1350,0.21083524823188782,0.5077743530273438,0.37571287155151367
2023-04-06,9,loss,1350,1350,0.2367469072341919,0.36975035071372986,0.17589987814426422
2023-04-11,9,loss,1350,1350,0.22102653980255127,0.4033076763153076,0.19588729739189148
2023-04-16,9,loss,0,1350,,,
2023-04-21,9,loss,1350,1350,0.2270565778017044,0.3548088073730469,0.12899702787399292
2023-04-28,9,loss,1350,1350,0.22884906828403473,0.46061447262763977,0.26852768659591675
2023-05-01,9,loss,1350,1350,0.10110369324684143,0.36418795585632324,0.24895726144313812
2023-05-08,9,loss,1350,1350,0.2542077302932739,0.408637136220932,0.25129157304763794
2023-05-11,9,loss,1350,1350,0.2052166610956192,0.37251147627830505,0.14666154980659485
2023-05-13,9,loss,1350,1350,0.15454810857772827,0.4514309763908386,0.32635992765426636
2023-05-23,9,loss,1164,1350,0.2096984088420868,0.3438521921634674,0.17190934717655182
2023-05-26,9,loss,1350,1350,0.2301269769668579,0.2979356348514557,0.07988743484020233
2023-05-28,9,loss,1350,1350,0.27269595861434937,0.32589080929756165,0.09300591796636581
2023-05-31,9,loss,469,1350,0.20698986947536469,0.18842092156410217,0.02399994432926178
2023-06-02,9,loss,1350,1350,0.22860443592071533,0.24438682198524475,0.051726024597883224
2023-06-05,9,loss,1350,1350,0.228171244263649,0.23583969473838806,0.019929205998778343
2023-06-07,9,loss,1350,1350,0.24938684701919556,0.29594963788986206,0.10064728558063507
2023-06-10,9,loss,1350,1350,0.21483169496059418,0.307558536529541,0.11712056398391724
2023-06-12,9,loss,1350,1350,0.19337674975395203,0.4108765423297882,0.23841515183448792
2023-06-15,9,loss,1348,1350,0.26571202278137207,0.2567164897918701,0.03871527686715126
2023-06-17,9,loss,1309,1350,0.2991009056568146,0.30166298151016235,0.09101096540689468
2023-06-22,9,loss,1350,1350,0.2645178735256195,0.3101002871990204,0.08380653709173203
2023-06-25,9,loss,969,1350,0.2711310088634491,0.38700780272483826,0.14106900990009308
2023-06-27,9,loss,1251,1350,0.2743776738643646,0.386749267578125,0.16106969118118286
2023-06-30,9,loss,1350,1350,0.27137529850006104,0.19574053585529327,-0.026612408459186554
2023-07-02,9,loss,1350,1350,0.2884931266307831,0.2542107105255127,0.05563384294509888
2023-07-05,9,loss,1350,1350,0.2681500315666199,0.256499320268631,0.023199860006570816
2023-07-07,9,loss,1350,1350,0.27018600702285767,0.29463255405426025,0.04190370813012123
2023-07-10,9,loss,1350,1350,0.2797818183898926,0.29115986824035645,0.0780663937330246
2023-07-12,9,loss,1350,1350,0.2427564412355423,0.20655697584152222,0.02665484882891178
2023-07-15,9,loss,1350,1350,0.1843046247959137,0.15963777899742126,-0.010946158319711685
2023-07-17,9,loss,1350,1350,0.16942265629768372,0.2028016448020935,0.04006502777338028
2023-07-20,9,loss,0,1350,,,
2023-07-22,9,loss,1230,1350,0.10125817358493805,0.24704666435718536,0.08159095048904419
2023-07-27,9,loss,1350,1350,0.09966570138931274,0.17793212831020355,0.04158332198858261
2023-07-30,9,loss,1350,1350,0.1279638111591339,0.1595357060432434,0.019240256398916245
2023-08-01,9,loss,1350,1350,0.10156610608100891,0.18718579411506653,0.08586634695529938
2023-08-06,9,loss,1166,1350,0.034197065979242325,0.14811824262142181,0.10256265103816986
2023-08-09,9,loss,1350,1350,0.03518270328640938,0.031181737780570984,-0.006895430386066437
2023-08-11,9,loss,1347,1350,0.017835918813943863,0.05754676088690758,0.04844912514090538
2023-08-14,9,loss,1350,1350,0.016086578369140625,0.025352049618959427,0.03262321650981903
2023-08-16,9,loss,1286,1350,0.011059840209782124,0.04189937934279442,0.06336064636707306
2023-08-19,9,loss,1350,1350,0.010907499119639397,0.02285809814929962,0.025057967752218246
2023-08-21,9,loss,1350,1350,0.013877447694540024,0.02506725862622261,0.058095283806324005
2023-08-24,9,loss,1350,1350,0.002632847288623452,-0.0003969880344811827,0.021251101046800613
2023-08-26,9,loss,1350,1350,0.010424045845866203,-0.020624440163373947,-0.0002727807150222361
2023-08-29,9,loss,1350,1350,0.015415350906550884,-0.005636916495859623,0.03944937512278557
2023-08-31,9,loss,1350,1350,0.0023496344219893217,-0.0001616035442566499,0.03452844172716141
2023-09-03,9,loss,1350,1350,-0.027671661227941513,0.011258040554821491,0.0566047728061676
2023-09-05,9,loss,1224,1350,-0.0006394401425495744,0.002014476340264082,0.062446221709251404
2023-09-08,9,loss,1350,1350,-0.01035427674651146,-0.014997707679867744,0.047616876661777496
2023-09-10,9,loss,1350,1350,-0.024023592472076416,-0.017308002337813377,0.07862319052219391
2023-09-13,9,loss,1350,1350,-0.02053130976855755,-0.022764837369322777,0.06012570858001709
2023-09-15,9,loss,1009,1350,-0.0139194056391716,-0.004352801479399204,0.04675828665494919
2023-09-18,9,loss,1350,1350,-0.05081307515501976,0.042280517518520355,0.2012042999267578
2023-09-20,9,loss,1350,1350,-0.03255598992109299,-0.0012494355905801058,0.10165055841207504
2023-09-23,9,loss,1350,1350,-0.035857073962688446,-0.004889957141131163,0.07327140867710114
2023-09-25,9,loss,1350,1350,-0.10399244725704193,-0.06058759242296219,0.09217962622642517
2023-09-28,9,loss,1350,1350,-0.08665917813777924,-0.01635262742638588,0.16389313340187073
2023-09-30,9,loss,1350,1350,-0.0896080881357193,0.02424192987382412,0.1777118295431137
2023-10-03,9,loss,1350,1350,-0.1521771103143692,-0.008768082596361637,0.2605796456336975
2023-10-05,9,loss,1350,1350,-0.22280925512313843,0.022445281967520714,0.3500003516674042
2023-10-08,9,loss,1350,1350,-0.1774183213710785,-0.04027950391173363,0.2806437611579895
2023-10-10,9,loss,1350,1350,-0.2837100028991699,-0.05375753715634346,0.33565086126327515
2023-10-13,9,loss,1350,1350,-0.3845931887626648,-0.06079266220331192,0.3785665035247803
2023-10-15,9,loss,786,1350,-0.11007486283779144,0.0704437643289566,0.23628990352153778
2023-10-18,9,loss,1350,1350,-0.304960161447525,-0.07660476863384247,0.3677675724029541
2023-10-20,9,loss,1350,1350,-0.3333300054073334,-0.0488276369869709,0.4304664134979248
2023-10-23,9,loss,1350,1350,-0.36867615580558777,-0.0830097571015358,0.3299718499183655
2023-10-25,9,loss,0,1350,,,
2023-10-28,9,loss,1349,1350,-0.3940694034099579,0.030074607580900192,0.6056004166603088
2023-11-02,9,loss,1350,1350,-0.2825929522514343,-0.017713051289319992,0.45918017625808716
2023-11-04,9,loss,217,1350,-0.4160834550857544,0.16369815170764923,0.7219176888465881
2023-11-07,9,loss,0,1350,,,
2023-11-09,9,loss,1350,1350,-0.999872624874115,-0.8266908526420593,0.6950559020042419
2023-11-14,9,loss,14,1350,,,
2023-11-19,9,loss,1350,1350,-0.4392396807670593,0.05790742114186287,0.6799901127815247
2023-11-24,9,loss,1205,1350,-0.2976539134979248,-0.09340403228998184,0.5988495945930481
2023-11-27,9,loss,360,1350,0.008320800960063934,-0.0003942688927054405,0.053964197635650635
2023-11-29,9,loss,181,1350,-0.021244248375296593,0.00904029980301857,0.17241311073303223
2023-12-02,9,loss,1342,1350,-0.25181466341018677,0.15043914318084717,0.6025160551071167
2023-12-04,9,loss,1350,1350,-0.6659033298492432,-0.22611713409423828,0.6136516332626343
2023-12-07,9,loss,1160,1350,-0.8445678949356079,-0.7937325835227966,0.7766937017440796
2023-12-09,9,loss,901,1350,-0.4049558639526367,-0.5833240151405334,0.7952704429626465
2023-12-12,9,loss,1350,1350,-0.9311580657958984,-0.5384154915809631,0.7655448913574219
2023-12-14,9,loss,1110,1350,-0.25905081629753113,-0.1758786141872406,0.5168908834457397
2023-12-17,9,loss,1350,1350,-0.32732445001602173,-0.08539438992738724,0.5822151899337769
2023-12-19,9,loss,399,1350,-0.09330882132053375,-0.0018467504996806383,0.21942992508411407
2023-12-22,9,loss,1350,1350,-0.48298466205596924,0.04803283512592316,0.7805932760238647
2023-12-27,9,loss,1350,1350,-0.31838148832321167,-0.06794900447130203,0.5309963822364807
2024-01-01,9,loss,1342,1350,-0.4937813878059387,-0.11627571284770966,0.5579075813293457
2024-01-03,9,loss,81,1350,0.19795534014701843,0.19561971724033356,0.00763359572738409
2024-01-06,9,loss,31,1350,-0.013184167444705963,-0.06998621672391891,0.1571134328842163
2024-01-08,9,loss,1350,1350,-0.43138328194618225,-0.07246023416519165,0.6889145970344543
2024-01-11,9,loss,63,1350,0.12734833359718323,0.26546981930732727,0.14285674691200256
2024-01-13,9,loss,1350,1350,-0.35240182280540466,-0.07599963992834091,0.6041207313537598
2024-01-16,9,loss,1350,1350,-0.7800401449203491,-0.47367534041404724,0.5552322864532471
2024-01-18,9,loss,80,1350,0.03408303111791611,0.008106086403131485,0.08735927939414978
2024-01-21,9,loss,0,1350,,,
2024-01-23,9,loss,1350,1350,-0.44058549404144287,-0.012860273011028767,0.7584697008132935
2024-01-31,9,loss,0,1350,,,
2024-02-10,9,loss,1350,1350,-0.4118219017982483,-0.019010651856660843,0.6885579824447632
2024-02-15,9,loss,1350,1350,-0.20446527004241943,0.013656854629516602,0.5384200811386108
2024-02-17,9,loss,3,1350,,,
2024-02-20,9,loss,1350,1350,0.0,-0.9999718070030212,0.2165485918521881
2024-02-22,9,loss,1350,1350,-0.3754785656929016,-0.025477619841694832,0.6965557932853699
2024-02-27,9,loss,1350,1350,-0.2946292757987976,0.04428798332810402,0.570824146270752
2024-03-01,9,loss,569,1350,-0.1925182044506073,0.016501381993293762,0.3660595118999481
2024-03-03,9,loss,1350,1350,-0.4897458553314209,-0.16586342453956604,0.6325881481170654
2024-03-06,9,loss,37,1350,0.2151995450258255,0.28321993350982666,0.17303305864334106
2024-03-08,9,loss,7,1350,,,
2024-03-11,9,loss,1346,1350,-0.030302895233035088,0.11801192909479141,0.33767035603523254
2024-03-13,9,loss,1350,1350,-0.36220911145210266,-0.09665248543024063,0.5500507950782776
2024-03-16,9,loss,1350,1350,-0.11081455647945404,-0.5665175318717957,0.2529330253601074
2024-03-18,9,loss,1350,1350,-0.3547353744506836,-0.160116046667099,0.5142280459403992
2024-03-21,9,loss,1350,1350,-0.08224494755268097,-0.026321135461330414,0.2537911832332611
2024-03-26,9,loss,857,1350,-0.09340985864400864,-0.03273061662912369,0.22000402212142944
2024-03-28,9,loss,1350,1350,-0.08040875196456909,0.05749078840017319,0.3658487796783447
2024-04-05,9,loss,1350,1350,-0.09870487451553345,-0.0023223350290209055,0.26051270961761475
2024-04-07,9,loss,101,1350,0.07648392766714096,0.11343910545110703,0.057268619537353516
2024-04-12,9,loss,1350,1350,0.0,-0.9999411702156067,0.24957051873207092
2024-04-17,9,loss,0,1350,,,
2024-04-20,9,loss,471,1350,-0.2043185979127884,0.016501108184456825,0.563935399055481
2024-04-22,9,loss,1350,1350,0.0,-0.9999514222145081,-0.18697795271873474
2024-04-25,9,loss,1350,1350,-0.06537064909934998,-0.026809141039848328,0.12396055459976196
2024-04-27,9,loss,1350,1350,-0.37911349534988403,-0.21723951399326324,0.3252633810043335
2024-04-30,9,loss,1350,1350,-0.04648379981517792,0.008178085088729858,0.11095279455184937
2024-05-07,9,loss,1350,1350,-0.06708884239196777,-0.07654166221618652,0.18375560641288757
2024-05-10,9,loss,1350,1350,-0.025671251118183136,0.02225937880575657,0.12690678238868713
2024-05-12,9,loss,0,1350,,,
2024-05-17,9,loss,1350,1350,-0.08002075552940369,-0.33790743350982666,0.10696461796760559
2024-05-20,9,loss,1350,1350,-0.010368738323450089,0.0038654813542962074,0.06776827573776245
2024-05-22,9,loss,1350,1350,0.0,-0.5664278864860535,-0.18723781406879425
2024-05-25,9,loss,1350,1350,-0.012943757697939873,-0.0018673150334507227,0.10496985912322998
2024-05-27,9,loss,1350,1350,-0.16113099455833435,-0.1190461814403534,0.24234318733215332
2024-06-04,9,loss,1350,1350,0.0019254866056144238,-0.01758888177573681,0.023416873067617416
2024-06-06,9,loss,1350,1350,-0.1748381406068802,-0.07773026078939438,0.29407766461372375
2024-06-09,9,loss,1350,1350,-0.027613498270511627,-0.01045936718583107,0.07859691232442856
2024-06-11,9,loss,1350,1350,-0.13431020081043243,-0.08549186587333679,0.2121628224849701
2024-06-16,9,loss,1350,1350,0.020709142088890076,-0.1893189549446106,-0.019606519490480423
2024-06-19,9,loss,1350,1350,0.007162530906498432,-0.02224092185497284,-0.02050003781914711
2024-06-21,9,loss,1350,1350,-0.2977362275123596,-0.31303220987319946,0.07459630072116852
2024-06-24,9,loss,1350,1350,-0.04637843370437622,-0.07762829959392548,0.10362810641527176
2024-06-26,9,loss,267,1350,0.010482159443199635,0.03885067254304886,0.08739010244607925
2024-07-01,9,loss,607,1350,0.0008944685105234385,0.03555915504693985,0.056184254586696625
2024-07-04,9,loss,1180,1350,-0.047028638422489166,-0.027387229725718498,0.1301155984401703
2024-07-06,9,loss,1108,1350,-0.03517512232065201,0.003806119551882148,0.149197056889534
2024-07-14,9,loss,1350,1350,-0.013014718890190125,-0.13696546852588654,0.0486188605427742
2024-07-16,9,loss,578,1350,-0.16350919008255005,-0.21929122507572174,0.11556075513362885
2024-07-24,9,loss,1350,1350,-0.030333973467350006,-0.015437996946275234,0.11172898858785629
2024-07-26,9,loss,1350,1350,0.0,-0.5121276378631592,0.1010834276676178
2024-07-31,9,loss,1075,1350,0.09606224298477173,-0.19507259130477905,-0.1137794777750969
2024-08-05,9,loss,490,1350,-0.01523476094007492,0.011929658241569996,0.019116070121526718
2024-08-08,9,loss,1350,1350,-0.040552351623773575,-0.02312627248466015,0.045632023364305496
2024-08-13,9,loss,1350,1350,-0.0720462054014206,-0.06035876274108887,0.07051224261522293
2024-08-15,9,loss,1280,1350,-0.05146181955933571,-0.10539044439792633,0.09918053448200226
2024-08-20,9,loss,1350,1350,-0.015389938838779926,-0.07328351587057114,0.03503267839550972
2024-08-23,9,loss,1350,1350,-0.10219478607177734,-0.0882394090294838,0.19269974529743195
2024-08-25,9,loss,1350,1350,-0.24062849581241608,-0.1608867347240448,0.2337689995765686
2024-08-28,9,loss,1350,1350,-0.10163825005292892,-0.07706059515476227,0.15544739365577698
2024-08-30,9,loss,519,1350,-0.024783113971352577,-0.023814775049686432,0.13103419542312622
2024-09-02,9,loss,1350,1350,-0.029629483819007874,-0.05665719509124756,0.14895504713058472
2024-09-04,9,loss,1350,1350,-0.07523465156555176,-0.11263275146484375,0.19342699646949768
2024-09-07,9,loss,1350,1350,-0.28931283950805664,-0.1671082228422165,0.3114440143108368
2024-09-12,9,loss,1350,1350,-0.05069088190793991,-0.015804216265678406,0.1296800822019577
2024-09-22,9,loss,1350,1350,-0.1422753930091858,-0.05433694273233414,0.23809567093849182
2024-09-24,9,loss,1350,1350,-0.20282098650932312,-0.05037720501422882,0.3465561270713806
2024-09-27,9,loss,1350,1350,-0.13067570328712463,-0.13632243871688843,0.20185235142707825
2024-09-29,9,loss,1324,1350,-0.16922886669635773,-0.119424968957901,0.2615261673927307
2024-10-02,9,loss,1350,1350,-0.2656589150428772,-0.10773569345474243,0.3748486638069153
2024-10-04,9,loss,1350,1350,-0.24779582023620605,-0.08054018020629883,0.3623347282409668
2024-10-07,9,loss,1350,1350,-0.2351040244102478,-0.16784673929214478,0.30319899320602417
2024-10-09,9,loss,1350,1350,-0.29090532660484314,-0.16666322946548462,0.3623482584953308
2024-10-12,9,loss,1350,1350,-0.1889728307723999,-0.0681355819106102,0.35729241371154785
2024-10-14,9,loss,1350,1350,-0.2922041416168213,-0.1486254632472992,0.3580533266067505
2024-10-17,9,loss,1350,1350,-0.3773510754108429,-0.08900290727615356,0.4304749369621277
2024-10-19,9,loss,749,1350,0.0025751078501343727,-0.021249348297715187,0.03930327296257019
2024-10-22,9,loss,1350,1350,-0.2044377326965332,-0.07136105000972748,0.33463722467422485
2024-10-24,9,loss,1350,1350,-0.32070720195770264,-0.19518253207206726,0.3133341670036316
2024-10-27,9,loss,1232,1350,-0.16443954408168793,-0.03756306320428848,0.35495495796203613
2024-10-29,9,loss,1350,1350,-0.1790006011724472,-0.06010819599032402,0.33367419242858887
2024-11-01,9,loss,1350,1350,-0.36080503463745117,-0.10312527418136597,0.4162246584892273
2024-11-03,9,loss,1350,1350,-0.2619931697845459,-0.04330623522400856,0.40691077709198
2024-11-06,9,loss,1350,1350,-0.3149726986885071,-0.07999313622713089,0.4379277229309082
2024-11-08,9,loss,1350,1350,-0.26354533433914185,-0.05609041452407837,0.43584418296813965
2024-11-11,9,loss,1350,1350,-0.4569067656993866,-0.1689234972000122,0.5750764608383179
2024-11-13,9,loss,352,1350,0.02083219215273857,-0.045726001262664795,-0.10360758751630783
2024-11-16,9,loss,1350,1350,-0.3910435736179352,-0.08641926199197769,0.6137874126434326
2024-11-18,9,loss,1350,1350,-0.2756195664405823,-0.11345497518777847,0.4066077470779419
2024-11-21,9,loss,1350,1350,0.0,-0.38681188225746155,0.4370264410972595
2024-11-23,9,loss,314,1350,0.01693042926490307,-0.049735888838768005,-0.11367388069629669
2024-11-26,9,loss,1350,1350,-0.4394810199737549,-0.2830471694469452,0.57198566198349
2024-11-28,9,loss,265,1350,-0.0006502050091512501,-0.08564890921115875,-0.10576610267162323
2024-12-01,9,loss,1350,1350,-0.12488587200641632,0.013951653614640236,0.4099428057670593
2024-12-03,9,loss,499,1350,0.01745135523378849,-0.04924774914979935,-0.04275430738925934
2024-12-06,9,loss,1350,1350,0.0,-0.6120730042457581,0.3434690535068512
2024-12-08,9,loss,1350,1350,-0.31101155281066895,-0.08508212864398956,0.42723387479782104
2024-12-11,9,loss,1350,1350,-0.5157634615898132,-0.5389373898506165,0.5504813194274902
2024-12-13,9,loss,195,1350,0.004357325378805399,-0.06592953950166702,-0.10170790553092957
2024-12-16,9,loss,1348,1350,0.008941847831010818,0.016856061294674873,0.12701106071472168
2024-12-21,9,loss,451,1350,-0.016056478023529053,-0.06554434448480606,-0.08452356606721878
2024-12-23,9,loss,0,1350,,,
2024-12-26,9,loss,551,1350,-0.19999854266643524,0.17478041350841522,0.5215950608253479
2024-12-28,9,loss,325,1350,0.013079647906124592,-0.07705860584974289,-0.10476770997047424
2025-01-02,9,loss,72,1350,0.027772992849349976,-0.03279144689440727,-0.09532584249973297
2025-01-05,9,loss,1350,1350,-0.35141557455062866,-0.0645935982465744,0.5124940276145935
2025-01-07,9,loss,56,1350,0.028864486142992973,-0.06419882923364639,-0.14645971357822418
2025-01-10,9,loss,1350,1350,-0.41009676456451416,-0.07446581870317459,0.7183153629302979
2025-01-12,9,loss,1350,1350,-0.7143362164497375,-0.3925389349460602,0.6800757646560669
2025-01-15,9,loss,1350,1350,-0.35233741998672485,-0.09702333062887192,0.48918190598487854
2025-01-20,9,loss,1350,1350,-0.3044091463088989,-0.07437814772129059,0.5065919160842896
2025-01-25,9,loss,1350,1350,-0.5395203828811646,-0.27450594305992126,0.6048434972763062
2025-01-27,9,loss,1350,1350,-0.32488763332366943,-0.07731761038303375,0.6786813735961914
2025-01-30,9,loss,1350,1350,-0.28303617238998413,-0.0984557718038559,0.47725069522857666
2025-02-01,9,loss,1307,1350,-0.40110883116722107,-0.11026864498853683,0.4033982455730438
2025-02-04,9,loss,1350,1350,-0.3286018967628479,-0.06474585831165314,0.5033595561981201
2025-02-06,9,loss,344,1350,0.03576993942260742,-0.03995981067419052,-0.08981629461050034
2025-02-09,9,loss,0,1350,,,
2025-02-11,9,loss,1350,1350,-0.12120547890663147,-0.11724083870649338,0.3602030873298645
2025-02-21,9,loss,250,1350,0.013120004907250404,-0.039875928312540054,-0.09902513027191162
2025-03-01,9,loss,1350,1350,-0.005506711546331644,-0.07489574700593948,0.20204505324363708
2025-03-03,9,loss,1350,1350,-0.1830630749464035,-0.040366485714912415,0.4564588665962219
2025-03-06,9,loss,1350,1350,-0.15315568447113037,-0.1326517015695572,0.44255706667900085
2025-03-08,9,loss,192,1350,0.03171319141983986,-0.03894586116075516,-0.07197728008031845
2025-03-16,9,loss,208,1350,0.03306369483470917,0.0057133957743644714,-0.053652066737413406
2025-03-18,9,loss,1350,1350,-0.3969358503818512,-0.08045954257249832,0.48617157340049744
2025-03-21,9,loss,1350,1350,-0.12006562948226929,0.0,0.3701687455177307
2025-03-25,9,loss,748,1350,-0.299677312374115,-0.06853392720222473,0.4971034526824951
2025-03-26,9,loss,936,1350,-0.20137953758239746,-0.07067113369703293,0.4307883679866791
2025-03-31,9,loss,1350,1350,-0.09781933575868607,-0.0011175925610587,0.3194485306739807
2025-04-02,9,loss,1350,1350,-0.2371823936700821,-0.06071857362985611,0.4583219289779663
2025-04-05,9,loss,1350,1350,-0.047365546226501465,0.0027548063080757856,0.24030965566635132
2025-04-10,9,loss,1350,1350,-0.16517582535743713,-0.05243634805083275,0.3974968194961548
2025-04-12,9,loss,285,1350,0.008196696639060974,-0.024356061592698097,0.027734026312828064
2025-04-14,9,loss,1350,1350,-0.2869161069393158,-0.304446280002594,0.3095216751098633
2025-04-17,9,loss,1350,1350,-0.03092758171260357,-0.024474598467350006,0.2906186580657959
2025-04-20,9,loss,1350,1350,-0.06396038830280304,0.015688776969909668,0.17415058612823486
2025-04-22,9,loss,671,1350,-0.1131056398153305,-0.13992469012737274,0.33392778038978577
2025-04-25,9,loss,1280,1350,-0.01023199874907732,-0.008254722692072392,0.06588070094585419
2025-04-30,9,loss,1350,1350,-0.10011095553636551,-0.02909163385629654,0.17196029424667358
2025-05-02,9,loss,1241,1350,-0.2166385054588318,-0.1520719826221466,0.3555230498313904
2025-05-04,9,loss,189,1350,0.008928563445806503,0.018967444077134132,0.006313726771622896
2025-05-07,9,loss,1242,1350,-0.2106330394744873,-0.05227212980389595,0.43278205394744873
2025-05-12,9,loss,1350,1350,-0.17963604629039764,-0.27071574330329895,0.24008266627788544
2025-05-15,9,loss,1350,1350,-0.020920027047395706,-0.0034157035406678915,0.12290367484092712
2025-05-17,9,loss,1350,1350,-0.03937434405088425,0.008264410309493542,0.16764499247074127
2025-05-20,9,loss,1350,1350,-0.004870240576565266,-0.012308082543313503,0.052693963050842285
2025-05-22,9,loss,806,1350,-0.11844590306282043,-0.07867412269115448,0.3772366940975189
2025-05-24,9,loss,1350,1350,-0.09278229624032974,-0.10572724044322968,0.25422000885009766
2025-05-25,9,loss,1350,1350,-0.007687745615839958,-0.005834270268678665,0.0821198970079422
2025-05-27,9,loss,1143,1350,-0.1644824743270874,-0.13394999504089355,0.28425779938697815
2025-05-30,9,loss,1350,1350,0.022520121186971664,-0.0015159163158386946,0.07501529157161713
2025-06-01,9,loss,1350,1350,-0.14322695136070251,-0.1345452070236206,0.35113221406936646
2025-06-04,9,loss,1208,1350,-0.0033809510059654713,-0.010249660350382328,0.13749122619628906
2025-06-06,9,loss,1350,1350,-0.012354047037661076,-0.021208059042692184,0.11149653792381287
2025-06-09,9,loss,1350,1350,-0.006254361942410469,-0.032925207167863846,0.09770020842552185
2025-06-11,9,loss,1350,1350,-0.06738312542438507,-0.08688842505216599,0.22330504655838013
2025-06-13,9,loss,616,1350,0.003298286348581314,-0.0019123852252960205,0.013146735727787018
2025-06-14,9,loss,1350,1350,0.017312467098236084,-0.023838918656110764,0.12324173748493195
2025-06-16,9,loss,1350,1350,-0.17552456259727478,-0.10300616919994354,0.3035917282104492
2025-06-19,9,loss,1350,1350,-0.0018903801683336496,-0.027315031737089157,0.06492742896080017
2025-06-21,9,loss,1286,1350,-0.02161336876451969,-0.2121303379535675,0.07507346570491791
2025-06-24,9,loss,1350,1350,0.003914212808012962,-0.012446163222193718,0.10564577579498291
2025-06-26,9,loss,0,1350,,,
2025-07-01,9,loss,578,1350,0.00048206024803221226,-0.01609719917178154,-0.047147445380687714
2025-07-03,9,loss,1350,1350,-0.06945251673460007,-0.20370244979858398,0.13055235147476196
2025-07-09,9,loss,1350,1350,0.0005224950728006661,-0.036382220685482025,0.07844948768615723
2025-07-11,9,loss,1350,1350,-0.023196734488010406,-0.14169397950172424,0.08170762658119202
2025-07-16,9,loss,1350,1350,-0.019520532339811325,0.0338333323597908,0.10059495270252228
2025-07-19,9,loss,1350,1350,-0.027100570499897003,-0.021762728691101074,0.06966561079025269
2025-07-21,9,loss,653,1350,-0.10336921364068985,-0.14911392331123352,0.1724129617214203
2025-07-24,9,loss,1350,1350,-0.037270449101924896,-0.036778226494789124,0.13888083398342133
2025-07-26,9,loss,1350,1350,-0.22949925065040588,-0.12195035815238953,0.30762040615081787
2025-07-29,9,loss,1350,1350,-0.06313915550708771,-0.012268424965441227,0.1734306812286377
2025-07-31,9,loss,196,1350,-0.0025256590452045202,-0.021536456421017647,-0.06532921642065048
2025-08-03,9,loss,1350,1350,-0.051246363669633865,-0.036245331168174744,0.0992816761136055
2025-08-05,9,loss,1350,1350,-0.0741792768239975,-0.019598565995693207,0.17491358518600464
2025-08-08,9,loss,1350,1350,-0.058901943266391754,-0.029976870864629745,0.15642957389354706
2025-08-12,9,loss,1350,1350,-0.1985289603471756,-0.19777557253837585,0.3205055296421051
2025-08-13,9,loss,1350,1350,-0.11402484774589539,-0.044619351625442505,0.1379459947347641
2025-08-23,9,loss,1350,1350,-0.08260037750005722,-0.03405188396573067,0.15040069818496704
2025-08-28,9,loss,1350,1350,-0.08141538500785828,-0.12487836927175522,0.10126274824142456
2025-08-30,9,loss,0,1350,,,
2025-09-01,9,loss,1350,1350,-0.16171973943710327,-0.2990798354148865,0.23604720830917358
2025-09-02,9,loss,1304,1350,-0.053463466465473175,-0.026336055248975754,0.1242828294634819
2025-09-04,9,loss,1350,1350,-0.15743954479694366,-0.3492017388343811,0.18576669692993164
2025-09-12,9,loss,1350,1350,-0.1327679455280304,-0.15729424357414246,0.23759278655052185
2025-09-14,9,loss,1350,1350,-0.1189398467540741,-0.058962028473615646,0.2023354172706604
2025-09-17,9,loss,1350,1350,-0.09502151608467102,-0.08850415050983429,0.16030371189117432
2025-09-19,9,loss,485,1350,0.0046838256530463696,-0.06318484991788864,-0.12220631539821625
2025-09-21,9,loss,1350,1350,-0.30550557374954224,-0.2686070203781128,0.3945150673389435
2025-09-22,9,loss,0,1350,,,
2025-09-24,9,loss,1350,1350,-0.18651962280273438,-0.05513715371489525,0.40110212564468384
2025-09-27,9,loss,1350,1350,-0.1406964361667633,-0.1308678537607193,0.2989308834075928
2025-09-29,9,loss,911,1350,-0.13659918308258057,-0.09843273460865021,0.22592154145240784
2025-10-02,9,loss,1350,1350,-0.20839282870292664,-0.17207513749599457,0.3606531322002411
2025-10-04,9,loss,1350,1350,-0.2163940966129303,-0.13070575892925262,0.36733341217041016
2025-10-07,9,loss,1350,1350,-0.4149158298969269,-0.4099786579608917,0.39999645948410034
2025-10-09,9,loss,393,1350,-0.07413311302661896,-0.06006951257586479,0.05156021937727928
2025-10-11,9,loss,1350,1350,-0.4343108832836151,-0.44941210746765137,0.4575270414352417
2025-10-12,9,loss,1350,1350,-0.2802669405937195,-0.3120512068271637,0.4103558659553528
2025-10-14,9,loss,1031,1350,-0.2440440058708191,-0.12019677460193634,0.32869818806648254
2025-10-17,9,loss,1350,1350,-0.14328214526176453,-0.2633056044578552,0.28975340723991394
2025-10-19,9,loss,188,1350,0.006874654907733202,-0.06188914552330971,-0.12714695930480957
2025-10-22,9,loss,1350,1350,-0.39523664116859436,-0.2390112280845642,0.4527905285358429
2025-10-24,9,loss,1350,1350,-0.36329686641693115,-0.10240432620048523,0.5194947123527527
2025-10-27,9,loss,1350,1350,-0.2779064476490021,0.05719101428985596,0.5762126445770264
2025-10-29,9,loss,522,1350,-0.19950012862682343,-0.0810542106628418,0.075812429189682
2025-10-31,9,loss,1350,1350,-0.4536076486110687,-0.2581724226474762,0.5731877684593201
2025-11-01,9,loss,1350,1350,-0.39616334438323975,-0.1627831608057022,0.5893540382385254
2025-11-03,9,loss,43,1350,0.01790033094584942,-0.0647498369216919,-0.1257963925600052
2025-11-06,9,loss,1350,1350,-0.012919839471578598,-0.06671090424060822,0.1454789936542511
2025-11-08,9,loss,206,1350,0.012844234704971313,-0.04110080748796463,-0.08718670904636383
2025-11-11,9,loss,1350,1350,-0.4103551208972931,-0.3333279490470886,0.49774640798568726
2025-11-13,9,loss,1350,1350,-0.31840693950653076,-0.19316372275352478,0.5163483023643494
2025-11-16,9,loss,1350,1350,-0.366906076669693,-0.22849497199058533,0.725862443447113
2025-11-18,9,loss,1350,1350,-0.4244135618209839,-0.571413516998291,0.6677729487419128
2025-11-20,9,loss,1350,1350,-0.2064933478832245,0.08353021740913391,0.6393997669219971
2025-11-21,9,loss,1350,1350,-0.41358482837677,-0.10053686797618866,0.6539098620414734
2025-11-23,9,loss,932,1350,-0.19490885734558105,-0.05060991644859314,0.45556533336639404
2025-11-26,9,loss,1350,1350,-0.5673248767852783,-0.3294607102870941,0.5862270593643188
2025-11-28,9,loss,1350,1350,-0.3430696725845337,-0.2235272079706192,0.5867522954940796
2025-12-01,9,loss,1350,1350,-0.2587382197380066,0.16702456772327423,0.7370102405548096
2025-12-03,9,loss,170,1350,0.02453399822115898,-0.0589824914932251,-0.15631750226020813
2025-12-06,9,loss,1341,1350,-0.2089414745569229,0.3686647117137909,0.6958098411560059
2025-12-08,9,loss,1350,1350,-0.5555011034011841,-0.26848089694976807,0.5531877279281616
2025-12-10,9,loss,1350,1350,-0.2760635018348694,-0.09090665727853775,0.48337507247924805
2025-12-13,9,loss,56,1350,0.025412214919924736,-0.05910497531294823,-0.15448978543281555
2025-12-23,9,loss,1350,1350,0.0,-0.011878551915287971,0.7239830493927002
2025-12-26,9,loss,0,1350,,,
2025-12-28,9,loss,339,1350,-0.9983360767364502,-0.9999206066131592,0.5160393118858337
2025-12-30,9,loss,160,1350,-0.17253854870796204,-0.07087309658527374,-0.001744735287502408
2025-12-31,9,loss,0,1350,,,
2026-01-02,9,loss,1105,1350,-0.08090998977422714,-0.040955547243356705,0.2708894908428192
2026-01-05,9,loss,1350,1350,0.0,-0.9996876120567322,0.6041965484619141
2026-01-07,9,loss,1350,1350,-0.5838636159896851,-0.3598182797431946,0.5559893846511841
2026-01-10,9,loss,1350,1350,-0.7613962888717651,-0.9705407023429871,0.6938511729240417
2026-01-12,9,loss,1350,1350,-0.2476889193058014,-0.06638284772634506,0.5816024541854858
2026-01-20,9,loss,1350,1350,-0.39694279432296753,-0.5701842904090881,0.47868287563323975
2026-01-22,9,loss,1341,1350,-0.4094831645488739,-0.0621979646384716,0.6496780514717102
2026-01-27,9,loss,67,1350,0.031538043171167374,-0.055165667086839676,-0.1129257082939148
2026-01-30,9,loss,711,1350,-0.2541170120239258,-0.306576132774353,0.4845305383205414
2026-02-01,9,loss,1127,1350,-0.16995713114738464,-0.2113109678030014,0.45100292563438416
2026-02-04,9,loss,1350,1350,-0.25077229738235474,-0.3478774130344391,0.4604482352733612
2026-02-09,9,loss,1350,1350,-0.8136838674545288,-0.3816187083721161,0.5608621835708618
2026-02-14,9,loss,1342,1350,-0.23347504436969757,-0.09933336079120636,0.6474580764770508
2026-02-16,9,loss,499,1350,-0.043477896600961685,-0.06454957276582718,0.22040705382823944
2026-02-19,9,loss,1350,1350,-0.364082008600235,-0.11368818581104279,0.6051102876663208
2026-02-21,9,loss,1350,1350,-0.38064348697662354,-0.036699410527944565,0.5844639539718628
2026-02-24,9,loss,1350,1350,-0.39798423647880554,-0.18517756462097168,0.6247382164001465
2026-02-26,9,loss,1350,1350,-0.4716014266014099,-0.46624910831451416,0.5400345325469971
2026-03-01,9,loss,1350,1350,-0.11207559704780579,-0.14521755278110504,0.40411195158958435
2026-03-16,9,loss,1350,1350,-0.21615147590637207,-0.520097017288208,0.3657689690589905
2026-03-28,9,loss,1350,1350,-0.21236100792884827,-0.09814061224460602,0.5110087394714355
2026-04-02,9,loss,1324,1350,-0.3706681430339813,-0.1408311128616333,0.5217609405517578
2026-04-07,9,loss,1347,1350,-0.019333558157086372,0.041330981999635696,0.26647457480430603
2026-04-17,9,loss,139,1350,-0.12742461264133453,-0.0451262928545475,0.3274022340774536
2026-04-19,9,loss,1350,1350,-0.33671891689300537,-0.1946859508752823,0.4013770520687103
2026-04-20,9,loss,1350,1350,-0.09829826653003693,-0.032891206443309784,0.1714331954717636
2026-04-27,9,loss,1350,1350,-0.23633220791816711,-0.41853585839271545,0.3480956554412842
2026-04-30,9,loss,1350,1350,-0.02978566847741604,-0.034470126032829285,0.040982455015182495
2026-05-02,9,loss,1350,1350,-0.13133487105369568,-0.14096365869045258,0.2792673110961914
2026-05-07,9,loss,1350,1350,-0.13408565521240234,-0.154700368642807,0.3046077489852905
2026-05-09,9,loss,1350,1350,-0.14128738641738892,-0.16907040774822235,0.2893761694431305
2026-05-10,9,loss,1324,1350,-0.021706271916627884,0.010772655718028545,0.13057881593704224
2026-05-12,9,loss,1350,1350,-0.3914690613746643,-0.23211099207401276,0.5734157562255859
2026-05-15,9,loss,1255,1350,-0.021475546061992645,-0.005647146608680487,0.12740521132946014
2026-05-17,9,loss,1350,1350,-0.07574495673179626,-0.23654583096504211,0.16784122586250305
2026-05-20,9,loss,1350,1350,0.010245639830827713,0.017434537410736084,0.0992526113986969
2026-05-22,9,loss,1350,1350,-0.0044297631829977036,0.003062907140702009,0.12100958824157715
2026-05-27,9,loss,1027,1350,-0.012307681143283844,-0.23772302269935608,0.09814238548278809
2026-06-01,9,loss,1350,1350,-0.12155391275882721,-0.05100085958838463,0.27445852756500244
2026-06-06,9,loss,1350,1350,-0.1839539110660553,-0.13943393528461456,0.35103946924209595
2026-06-09,9,loss,1350,1350,0.00262709753587842,-0.011337037198245525,0.10097579658031464
2026-06-11,9,loss,1350,1350,-0.12331974506378174,-0.05645711347460747,0.35955125093460083
2026-06-14,9,loss,1350,1350,-0.1557948738336563,-0.05990712717175484,0.35454970598220825
2026-06-16,9,loss,1350,1350,-0.21449409425258636,-0.11926465481519699,0.32688504457473755
2026-06-18,9,loss,1350,1350,-0.21115931868553162,-0.13946384191513062,0.32595735788345337
2026-06-19,9,loss,1350,1350,-0.027207087725400925,-0.033538397401571274,0.23218129575252533
2026-06-21,9,loss,1350,1350,-0.18239769339561462,-0.13527336716651917,0.320029616355896
2026-06-24,9,loss,1350,1350,0.014959296211600304,-0.05918519198894501,0.132907897233963
2026-06-26,9,loss,1350,1350,0.0,-0.9999107122421265,-0.23267194628715515
2026-06-29,9,loss,1350,1350,-0.05856524035334587,-0.06895686686038971,0.21098515391349792
2026-07-01,9,loss,1350,1350,-0.024191386997699738,-0.021654359996318817,0.13563129305839539
2026-07-04,9,loss,1350,1350,-0.007715809624642134,-0.04742376506328583,0.1203928291797638
2026-07-06,9,loss,1350,1350,-0.31081342697143555,-0.2993163466453552,0.3663252294063568
2026-07-08,9,loss,1350,1350,-0.18446925282478333,-0.21074551343917847,0.26211172342300415
2026-07-09,9,loss,0,1350,,,
2026-07-11,9,loss,1350,1350,-0.47194594144821167,-0.4341158866882324,0.3124912679195404
2026-07-14,9,loss,1350,1350,-0.010161057114601135,-0.05979745462536812,0.07949493825435638
2026-07-16,9,loss,1350,1350,-0.16713905334472656,-0.2029501497745514,0.18815813958644867
2026-07-18,9,loss,1350,1350,-0.09021590650081635,-0.19155269861221313,0.14555466175079346
2026-07-19,9,loss,1350,1350,-0.032942771911621094,-0.06516341120004654,0.1463054120540619
2026-07-24,9,loss,1350,1350,-0.005842938553541899,-0.04277816042304039,0.10414321720600128
2026-07-26,9,loss,512,1350,-0.013136718422174454,-0.036661867052316666,-0.07027806341648102
2026-07-29,9,loss,1350,1350,-0.02260022796690464,-0.04735990986227989,0.12230801582336426
2026-07-31,9,loss,1350,1350,-0.04543907195329666,0.010930369608104229,0.0744849443435669
2026-08-05,9,loss,1350,1350,-0.027526192367076874,-0.269133597612381,-0.009298531338572502
2026-08-07,9,loss,1350,1350,-0.1450762301683426,-0.2494453638792038,0.14500334858894348
2026-08-08,9,loss,49,1350,0.001555588678456843,-0.01625375635921955,-0.04621428996324539
2026-08-10,9,loss,584,1350,-0.1265515387058258,-0.20494340360164642,0.21158087253570557
2026-08-13,9,loss,1350,1350,-0.044697098433971405,-0.02671208418905735,0.12683255970478058
2026-08-15,9,loss,1350,1350,-0.5575923919677734,-0.6453809142112732,0.34398388862609863
2026-08-18,9,loss,1350,1350,-0.030473556369543076,-0.037546515464782715,0.08316458016633987
2026-08-20,9,loss,1350,1350,-0.08547805994749069,-0.04968826845288277,0.12084150314331055
2026-08-25,9,loss,1350,1350,-0.3741050660610199,-0.4267650246620178,0.346809983253479
2026-08-27,9,loss,1350,1350,-0.13426488637924194,-0.18090809881687164,0.24735641479492188
2026-08-28,9,loss,1350,1350,-0.06467461585998535,-0.04537329822778702,0.12675347924232483
2026-08-30,9,loss,1350,1350,-0.24300701916217804,-0.17344622313976288,0.3571004569530487
2026-09-02,9,loss,1350,1350,-0.1487593650817871,-0.018298014998435974,0.26726168394088745
2026-09-04,9,loss,1079,1350,-0.08635926246643066,-0.6083369851112366,0.1804029643535614
2026-09-07,9,loss,1350,1350,-0.08073565363883972,-0.05457647144794464,0.15387140214443207
2026-09-09,9,loss,1350,1350,-0.14576634764671326,-0.07016037404537201,0.23693937063217163
2026-09-12,9,loss,1350,1350,-0.18035560846328735,-0.12077216058969498,0.21717469394207
2026-09-14,9,loss,1350,1350,-0.17680835723876953,-0.19424231350421906,0.29366981983184814
2026-09-16,9,loss,1250,1350,-0.21006828546524048,-0.17420834302902222,0.3689461350440979
2026-09-17,9,loss,1350,1350,-0.22613516449928284,-0.0797099769115448,0.37244293093681335
