date,id,baseline,alt,scene_cloud,valid_frac,ndvi_p10,ndvi_p25,ndvi_p50,ndvi_p75,ndvi_p90,ndre_p10,ndre_p25,ndre_p50,ndre_p75,ndre_p90,ndmi_p10,ndmi_p25,ndmi_p50,ndmi_p75,ndmi_p90,mndwi_p10,mndwi_p25,mndwi_p50,mndwi_p75,mndwi_p90,flooded_frac
2020-01-04,S2B_MSIL2A_20200104T065249_R020_T40RBN_20201002T225329,2.12,False,1.210053,0.9641123310179999,0.1323385387659073,0.1611412912607193,0.20885665714740753,0.2908850908279419,0.45090302824974066,0.05474972724914551,0.07800785452127457,0.11249829083681107,0.15960776805877686,0.23201383650302887,0.2316255271434784,0.28429582715034485,0.35374316573143005,0.42726930975914,0.4940589368343354,-0.0802713394165039,0.029731616377830505,0.1234143003821373,0.20970295369625092,0.3081517755985261,0.8024170120463261
2020-01-07,S2B_MSIL2A_20200107T070249_R063_T40RBN_20201105T074024,2.12,False,0.702772,1.0,-0.2756886065006256,-0.14649802446365356,0.07473460584878922,0.24237065762281418,0.43460018932819366,-0.43072348833084106,-0.29169951379299164,-0.09043771401047707,0.09395016729831696,0.18927694857120514,0.31572073698043823,0.5024672150611877,0.6370543241500854,0.7498100101947784,0.8339820265769958,0.053684494271874425,0.28506970405578613,0.6818072497844696,0.8568301647901535,0.9270358204841613,0.9261333930838748
2020-01-09,S2A_MSIL2A_20200109T065241_R020_T40RBN_20201029T162056,2.12,False,11.307206,0.994547763089103,-0.32193808555603026,-0.21381759643554688,0.006553116254508495,0.1991700530052185,0.32190933525562315,-0.439332503080368,-0.3172883987426758,-0.11916476115584373,0.0922226831316948,0.15669289231300354,0.3014996439218522,0.37589728832244873,0.4403258264064789,0.5213369727134705,0.6006567478179932,0.0829162329435349,0.24684279784560204,0.5594784617424011,0.7160165756940842,0.7861684560775757,0.9538149594472815
2020-01-14,S2B_MSIL2A_20200114T065229_R020_T40RBN_20201002T183705,2.12,False,14.250245,0.9703861378743744,0.12271463423967362,0.15797564387321472,0.21340465545654297,0.3093153238296509,0.48640211820602464,0.04640786349773407,0.07312410324811935,0.11381733417510986,0.17015866935253143,0.26489415764808655,0.25874900817871094,0.29706546664237976,0.34787046909332275,0.3972015976905823,0.44378247261047366,-0.1121775910258293,0.02832242101430893,0.13112272322177887,0.20100830495357513,0.25146605968475344,0.792995959207235
2020-01-17,S2B_MSIL2A_20200117T070219_R063_T40RBN_20201002T195631,2.12,False,0.846523,0.9946597953543954,0.11030744761228561,0.14767910540103912,0.20760764181613922,0.3098743110895157,0.5087877988815309,0.041468992829322815,0.06898181140422821,0.11323314160108566,0.16959035396575928,0.26548832654953003,0.25774064660072327,0.3118792474269867,0.37776681780815125,0.44490422308444977,0.5048220753669739,-0.12503252625465391,0.04241769015789032,0.15331441164016724,0.23815837502479553,0.3156734049320223,0.8031162004880796
2020-01-19,S2A_MSIL2A_20200119T065211_R020_T40RBN_20201002T203641,2.12,False,6.633411,0.9995518709388304,-0.21799896657466888,-0.10810459963977337,0.03213339298963547,0.1790662780404091,0.3977283090353012,-0.3417266607284546,-0.2391882687807083,-0.11441835016012192,0.01759332837536931,0.14950993657112122,0.48822668194770813,0.5867003202438354,0.6610322594642639,0.7391679883003235,0.8085883557796478,0.17078299075365067,0.5020814538002014,0.7196257412433624,0.8309039026498795,0.8895580768585205,0.947358589255025
2020-01-22,S2A_MSIL2A_20200122T070201_R063_T40RBN_20201002T050530,2.12,False,2.279865,0.9974606019867055,-0.2990886479616165,-0.18510214984416962,0.03823297470808029,0.2031024992465973,0.3552051424980167,-0.4283085763454437,-0.30884404480457306,-0.10244663059711456,0.08721812069416046,0.15875887870788574,0.34132614731788635,0.43528419733047485,0.537344753742218,0.6190716624259949,0.7163859605789185,0.10687483176589013,0.2666970044374466,0.6248997449874878,0.7921157479286194,0.8587341070175171,0.9542867839760389
2020-01-27,S2B_MSIL2A_20200127T070139_R063_T40RBN_20201002T124944,2.12,False,13.332931,0.9257972962879976,0.11930571496486664,0.1510710045695305,0.20029310882091522,0.2820024788379669,0.42844101786613464,0.048137325793504715,0.07145944982767105,0.1064407154917717,0.15278422832489014,0.22421786189079285,0.2552485466003418,0.29497596621513367,0.3512374460697174,0.40604639053344727,0.45127072930336,-0.047466423362493515,0.05920914188027382,0.14677616953849792,0.2145647406578064,0.2697533667087555,0.8463958694687588
2020-02-01,S2A_MSIL2A_20200201T070111_R063_T40RBN_20200930T074025,2.12,False,12.003307,0.9957054298304578,0.120907461643219,0.151887409389019,0.1997571885585785,0.27966485917568207,0.42384784817695614,0.05628487840294838,0.08056080341339111,0.11594187468290329,0.16374565660953522,0.24037881195545197,0.23413394391536713,0.2728234529495239,0.3252399265766144,0.3714926242828369,0.40948107838630676,-0.09667073488235473,0.016795543022453785,0.10164955258369446,0.16755260527133942,0.21786225140094756,0.7807823575741665
2020-02-06,S2B_MSIL2A_20200206T070049_R063_T40RBN_20201001T025554,2.12,False,12.601708,0.9853611173351259,-0.47342391312122345,-0.3981375992298126,-0.24203430861234665,-0.006586439558304846,0.24887264519929886,-0.5740489959716797,-0.4807199537754059,-0.33012884855270386,-0.1289014369249344,0.08020628988742828,0.2522575855255127,0.3468533828854561,0.4386794865131378,0.49461987614631653,0.5364930629730225,0.38364844024181366,0.5906304270029068,0.713536262512207,0.7832685112953186,0.8245387077331543,0.9888956264685819
2020-02-08,S2A_MSIL2A_20200208T065021_R020_T40RBN_20201001T082144,2.12,False,21.731753,0.9998506236462767,-0.13427359908819197,-0.024125628639012575,0.11892662197351456,0.20932981371879578,0.3498768448829651,-0.24299493879079817,-0.14243361726403236,0.016861267387866974,0.10067093372344971,0.15695177018642426,0.2945690453052521,0.3772844076156616,0.5071723163127899,0.6108244061470032,0.6968283772468566,0.0686429813504219,0.17957398295402527,0.40320348739624023,0.6757132560014725,0.7914880156517029,0.9475610667065063
2020-02-13,S2B_MSIL2A_20200213T064959_R020_T40RBN_20201001T220137,2.12,False,32.6439,0.1521024721786541,0.11599666923284531,0.15336252748966217,0.22838009893894196,0.38249653577804565,0.5099144458770752,0.049201540648937225,0.07436306774616241,0.12429521977901459,0.22987839579582214,0.295573890209198,0.2675122022628784,0.32674044370651245,0.3795398473739624,0.42691245675086975,0.47420257329940796,-0.06698381304740905,0.06448478996753693,0.1833510547876358,0.2715502977371216,0.3267310202121735,0.8276454701694083
2020-02-16,S2B_MSIL2A_20200216T065939_R063_T40RBN_20200929T114735,2.12,False,0.83088,0.9950332362387034,0.11116623133420944,0.1405748873949051,0.1900823563337326,0.273044228553772,0.4339979588985443,0.03650419190526009,0.05935506895184517,0.09527277201414108,0.14428593218326569,0.21842001378536224,0.2622036993503571,0.3384873569011688,0.4216691255569458,0.5079435706138611,0.5688750147819519,-0.027884353324770923,0.1057598888874054,0.21174748241901398,0.32857972383499146,0.4275002717971803,0.8781760180146368
2020-02-21,S2A_MSIL2A_20200221T065911_R063_T40RBN_20200927T132635,2.12,False,22.111899,0.3329972365374561,-0.24400689005851744,-0.1412331610918045,-0.04483054578304291,0.04697970300912857,0.1192927792668345,-0.25979360938072205,-0.18696948885917664,-0.10947326570749283,-0.021566305309534073,0.040489472448825836,0.155962273478508,0.19089795649051666,0.2536800801753998,0.3252987861633301,0.3713159382343293,0.17688624560832977,0.2815100848674774,0.3976154029369354,0.48766741156578064,0.5422789216041565,0.9973085118313334
2020-02-23,S2B_MSIL2A_20200223T064859_R020_T40RBN_20200928T000705,2.12,False,2.079574,0.9208678766151318,0.09706274271011353,0.1225840337574482,0.16109558939933777,0.22840451449155807,0.34767037630081177,0.03601102903485298,0.05742398649454117,0.08603972941637039,0.12220917642116547,0.17663846909999847,0.2218751460313797,0.26529233157634735,0.322124719619751,0.3693602383136749,0.41341179609298706,-0.03190450444817543,0.057543400675058365,0.13549503684043884,0.19917479157447815,0.251895546913147,0.8584695243116104
2020-02-26,S2B_MSIL2A_20200226T065839_R063_T40RBN_20200928T135351,2.12,False,31.622119,0.0,,,,,,,,,,,,,,,,,,,,,
2020-02-28,S2A_MSIL2A_20200228T064821_R020_T40RBN_20200928T220628,2.12,False,29.482047,0.2499813279557846,0.1307754784822464,0.15446766465902328,0.19105111062526703,0.25811662524938583,0.4123785376548767,0.05113155022263527,0.07018887251615524,0.09279379993677139,0.13278044387698174,0.23639565706253052,0.2955034375190735,0.3361664116382599,0.37627753615379333,0.40614335983991623,0.4337395131587982,0.022048918157815935,0.11466575600206852,0.19379745423793793,0.24507399648427963,0.28431597650051116,0.9227666567074992
2020-03-02,S2A_MSIL2A_20200302T065801_R063_T40RBN_20200926T015952,2.12,False,13.55591,0.0,,,,,,,,,,,,,,,,,,,,,
2020-03-04,S2B_MSIL2A_20200304T064749_R020_T40RBN_20200928T130142,2.12,False,32.262668,0.10120247964747181,0.058764154091477394,0.09294473379850388,0.15824879705905914,0.23916475847363472,0.3667163461446762,0.0015898083802312613,0.03342290595173836,0.06920555233955383,0.11260759830474854,0.18667040765285492,0.3159447908401489,0.3971528261899948,0.4662105441093445,0.5135253965854645,0.5499810397624969,0.1311239391565323,0.23120151832699776,0.33930933475494385,0.43400463461875916,0.4937232732772827,0.9763837638376384
2020-03-07,S2B_MSIL2A_20200307T065729_R063_T40RBN_20201003T200015,2.12,False,0.745646,0.9968630965718127,-0.48343436121940614,-0.383488304913044,-0.21082288771867752,0.05463816598057747,0.2861538469791413,-0.6276397109031677,-0.5179224163293839,-0.34184375405311584,-0.12342911213636398,0.10688356310129166,0.30623650550842285,0.40704476833343506,0.5156720280647278,0.5939793586730957,0.6455382108688354,0.2767399519681931,0.6140557080507278,0.7714481949806213,0.8472488522529602,0.8863729178905487,0.9672210983741665
2020-03-12,S2A_MSIL2A_20200312T065651_R063_T40RBN_20201006T203945,2.12,False,4.372819,0.9823362461722309,0.12893446683883666,0.15622766315937042,0.1970943957567215,0.2719046175479889,0.39924313426017793,0.049600645899772644,0.0715605765581131,0.10182018578052521,0.14381244778633118,0.20963184535503387,0.28588364720344545,0.3397357165813446,0.40509191155433655,0.474220871925354,0.5328319668769836,-0.009228887967765331,0.10958555340766907,0.21102449297904968,0.30586057901382446,0.37820155024528507,0.8926059684470633
2020-03-17,S2B_MSIL2A_20200317T065619_R063_T40RBN_20201010T111700,2.12,False,6.29297,0.9902905370079916,0.05290216617286206,0.09023533575236797,0.13135383278131485,0.18872405588626862,0.29348238706588736,-0.07510717213153839,0.009627128951251507,0.04591134190559387,0.0889769047498703,0.13755390346050256,0.3125174671411514,0.36398401856422424,0.4265642762184143,0.5431007146835327,0.6104121804237366,0.07339458093047144,0.18763107806444168,0.29999929666519165,0.4582711234688759,0.5892565369606018,0.9476204841994117
2020-03-22,S2A_MSIL2A_20200322T065621_R063_T40RBN_20201014T191751,2.12,False,39.576196,0.06613638061094929,0.07459042966365814,0.18817029148340225,0.2948562800884247,0.36809292435646057,0.41589513421058655,0.019488077610731125,0.10188262909650803,0.16697292029857635,0.21755142509937286,0.2557036578655243,0.3753834664821625,0.4063369929790497,0.44226688146591187,0.4838227331638336,0.5125675797462463,0.10392040014266968,0.16163667291402817,0.234384685754776,0.3313653767108917,0.43225133419036865,0.9915302089215132
2020-03-24,S2B_MSIL2A_20200324T064619_R020_T40RBN_20201018T215805,2.12,False,14.919162,0.40902980058256777,0.13296254575252534,0.16103537380695343,0.21215111017227173,0.3212781548500061,0.4611374378204346,0.0554945133626461,0.07821475714445114,0.11358911544084549,0.17120854556560516,0.2529940903186799,0.256674599647522,0.3009862005710602,0.3538762032985687,0.39187294244766235,0.42211437225341797,-0.04682254791259765,0.04543822258710861,0.12995974719524384,0.20047879219055176,0.2531303465366364,0.8379439422989136
2020-03-27,S2B_MSIL2A_20200327T065619_R063_T40RBN_20201027T114727,2.12,False,12.440224,0.3247068489058182,0.10915471613407135,0.12607958912849426,0.1532713770866394,0.20185328274965286,0.2634996235370636,0.04521037563681603,0.05824838578701019,0.07672850787639618,0.10197408869862556,0.13505291938781738,0.2516530454158783,0.29294124245643616,0.3433602750301361,0.38505053520202637,0.4069933295249939,0.06454026848077775,0.12604472786188126,0.1834363341331482,0.24323854595422745,0.2840214312076569,0.9677975848188615
2020-04-01,S2A_MSIL2A_20200401T065621_R063_T40RBN_20200924T125501,2.12,False,5.385907,0.9127268653372171,0.10168708860874176,0.1283961981534958,0.16937991976737976,0.24266962707042694,0.3672439754009247,0.03106570988893509,0.05020217224955559,0.07995069772005081,0.12389232963323593,0.18799841403961182,0.2726171016693115,0.3234962522983551,0.38356098532676697,0.47022318840026855,0.5307929515838623,0.011034095659852028,0.11578323692083359,0.20919492840766907,0.31172889471054077,0.40110811591148376,0.9097827421136615
2020-04-03,S2B_MSIL2A_20200403T064619_R020_T40RBN_20200924T210301,2.12,False,17.134664,0.7804167600268878,-0.03379390090703963,0.015087053878232837,0.05708364397287369,0.08615141734480858,0.13066926300525664,-0.127883180975914,-0.08265017159283161,-0.022375697270035744,0.007900673896074295,0.033441174775362015,0.2702697217464447,0.29825860261917114,0.33478832244873047,0.3732649087905884,0.4118743866682052,0.1868231937289238,0.24768103286623955,0.32147905230522156,0.39733222126960754,0.45508653819561007,0.9995693367786391
2020-04-06,S2B_MSIL2A_20200406T065619_R063_T40RBN_20200925T064937,2.12,False,28.217638,0.9921203973411009,-0.2502671778202057,-0.1739969179034233,-0.0006064365152269602,0.16588837653398514,0.2841818392276764,-0.3904474973678589,-0.3070144057273865,-0.1438961923122406,0.056559961289167404,0.11510489881038666,0.27303922176361084,0.3497243821620941,0.4193825423717499,0.503523975610733,0.597058892250061,0.10758312195539475,0.26274725794792175,0.5567455291748047,0.6777154803276062,0.7484248757362366,0.9593857040689577
2020-04-18,S2A_MSIL2A_20200418T064621_R020_T40RBN_20200924T000420,2.12,False,14.331665,0.9463365449249383,0.092510886490345,0.121432363986969,0.15940436720848083,0.22756540775299072,0.35328835248947144,0.01799163781106472,0.040808096528053284,0.0690520852804184,0.10570896416902542,0.16130827367305756,0.2265947461128235,0.27631714940071106,0.33479225635528564,0.3907237946987152,0.44689685106277466,0.004841907881200314,0.09265437722206116,0.16918615996837616,0.24186985194683075,0.33090004324913025,0.9055680517738053
2020-04-23,S2B_MSIL2A_20200423T064619_R020_T40RBN_20200921T193903,2.12,False,8.788326,0.9738217940100082,0.09743020683526993,0.12366820871829987,0.16032792627811432,0.23203371465206146,0.3375176191329956,0.03866291418671608,0.05820446461439133,0.08584552258253098,0.12440047413110733,0.17623911798000336,0.1976184844970703,0.24575774371623993,0.30038774013519287,0.3564247190952301,0.40236279368400574,-0.05079145058989523,0.03556283190846443,0.10955039411783218,0.17864826321601868,0.23694966435432438,0.8240211680791502
2020-04-26,S2B_MSIL2A_20200426T065619_R063_T40RBN_20200922T051553,2.12,False,31.732109,0.9917469564567929,0.10470400601625443,0.13179796934127808,0.17042401432991028,0.24076244235038757,0.3535962104797365,0.037798456847667694,0.05726959928870201,0.083271823823452,0.12122424691915512,0.17821919918060308,0.22875311970710754,0.2767851948738098,0.33622851967811584,0.4146496653556824,0.4800708293914795,-0.02640405558049677,0.06230049952864647,0.15232548117637634,0.2468080371618271,0.3303831517696381,0.8666265014873668
2020-05-03,S2B_MSIL2A_20200503T064619_R020_T40RBN_20200920T085825,2.12,False,10.124245,0.9570916423930091,-0.1985192209482193,-0.13380518555641174,-0.04050327464938164,0.0731242373585701,0.2065283238887787,-0.3094567358493805,-0.247173011302948,-0.15984250605106354,-0.04498257115483284,0.05016709864139557,0.31934356689453125,0.3629758059978485,0.41341617703437805,0.4792537987232208,0.5471829175949097,0.2036604404449463,0.38663044571876526,0.5320838093757629,0.6261183023452759,0.6875049710273743,0.9841585703695033
2020-05-08,S2A_MSIL2A_20200508T064631_R020_T40RBN_20200920T234634,2.12,False,8.303479,0.9954066771230115,0.1075132057070732,0.13419270515441895,0.1703476905822754,0.2387283444404602,0.3372162818908692,0.03746699839830399,0.05692227929830551,0.08133570849895477,0.1164872758090496,0.1651795357465744,0.23761606216430664,0.28221437335014343,0.33769139647483826,0.4200778007507324,0.4812575876712799,0.0045062785968184495,0.08410227671265602,0.16602987051010132,0.2598671615123749,0.3329697012901308,0.9054586381541925
2020-05-11,S2A_MSIL2A_20200511T065631_R063_T40RBN_20200917T180134,2.12,False,36.283915,0.0,,,,,,,,,,,,,,,,,,,,,
2020-05-13,S2B_MSIL2A_20200513T064629_R020_T40RBN_20200918T015017,2.12,False,10.001838,0.9955187093883038,0.05821105018258098,0.10602655448019505,0.15167079865932465,0.22234955802559853,0.3570078134536743,-0.09778761863708496,-0.002944063162431121,0.04473860189318657,0.09613458253443241,0.15905584394931793,0.3214477002620697,0.37394964694976807,0.4554031789302826,0.5876964777708054,0.6747485399246216,0.08091677352786064,0.19033565372228622,0.32336586713790894,0.5303567051887512,0.6693687498569488,0.9564483457123565
2020-05-18,S2A_MSIL2A_20200518T064631_R020_T40RBN_20200910T015834,2.12,False,9.964771,0.8748226155799537,0.09955855831503868,0.12339008040726185,0.15553171932697296,0.21596699208021164,0.3087991625070572,0.03383176773786545,0.05077456682920456,0.07300977408885956,0.10335071384906769,0.14331796765327454,0.20359790325164795,0.24814088642597198,0.29747092723846436,0.3409530445933342,0.3681136667728424,-0.0030378319788724184,0.06813039444386959,0.13225999474525452,0.19298215210437775,0.23935315757989883,0.8956714761376249
2020-05-23,S2B_MSIL2A_20200523T064629_R020_T40RBN_20200910T171830,2.12,False,8.628317,0.9765105683770259,0.10995040386915207,0.13625845313072205,0.17322809994220734,0.24878568947315216,0.3572633981704712,0.03887084871530533,0.05800117924809456,0.08380597084760666,0.1202307865023613,0.17325721681118011,0.21616986393928528,0.26454049348831177,0.3236077129840851,0.39619946479797363,0.4600844442844391,-0.027922889590263365,0.05498523265123367,0.1408078819513321,0.22858142852783203,0.3031183362007141,0.861218402233355
2020-05-28,S2A_MSIL2A_20200528T064631_R020_T40RBN_20200911T060549,2.12,False,20.820104,0.9980581074015983,0.09578422829508781,0.12090626358985901,0.15481583774089813,0.21976535394787788,0.32380253076553345,0.02497032005339861,0.04435659293085337,0.06787113845348358,0.10258764028549194,0.15388764441013336,0.23742561042308807,0.28211724758148193,0.3417969346046448,0.4524451792240143,0.5233780741691589,0.0022118794731795788,0.08546337112784386,0.17999954521656036,0.30584656447172165,0.40377721190452576,0.9027164558856544
2020-05-31,S2A_MSIL2A_20200531T065631_R063_T40RBN_20200911T143923,2.12,False,27.03193,0.00029875270744641124,,,,,,,,,,,,,,,,,,,,,
2020-06-02,S2B_MSIL2A_20200602T064629_R020_T40RBN_20200825T213921,2.12,False,11.563281,0.7726865337217118,0.06845897436141968,0.0971505232155323,0.12731747329235077,0.1682564914226532,0.24712586402893066,-0.013083606958389282,0.02376115880906582,0.049210648983716965,0.07611460238695145,0.10474832355976105,0.17721672356128693,0.22268688678741455,0.27820679545402527,0.32770997285842896,0.3801966607570648,0.016995685175061226,0.06998326629400253,0.13804374635219574,0.22104335576295853,0.31279653310775757,0.9263447875888067
2020-06-07,S2A_MSIL2A_20200607T064631_R020_T40RBN_20200826T111732,2.12,False,9.35035,0.7227948315781612,0.11133200526237488,0.1406378522515297,0.17259667813777924,0.22787673771381378,0.30948166251182585,0.02678808383643627,0.04743582755327225,0.06829513609409332,0.09651179611682892,0.13670727610588088,0.2663866877555847,0.31578901410102844,0.3984057307243347,0.46966561675071716,0.5334429740905762,0.052380515635013586,0.13286695629358292,0.23221679031848907,0.33453647792339325,0.4094343721866608,0.9531903900800827
2020-06-12,S2B_MSIL2A_20200612T064629_R020_T40RBN_20210515T072049,2.12,False,11.280696,0.811412353424453,0.0927935540676117,0.1280062310397625,0.1686297357082367,0.23963145166635513,0.3634922981262207,-0.07090616896748542,0.0028205483686178923,0.04336538910865784,0.0890895202755928,0.1568909481167792,0.3137229651212693,0.3601285219192505,0.4534320831298828,0.5674809217453003,0.638446033000946,0.053281247988343265,0.17697973921895027,0.3231474459171295,0.4940524473786354,0.6055811107158661,0.9379142120765832
2020-06-17,S2A_MSIL2A_20200617T064631_R020_T40RBN_20200823T013143,2.12,False,18.316824,0.05134812159235193,0.23455304205417632,0.3214564919471741,0.4012463390827179,0.4675193578004837,0.5158625602722168,0.07825028151273727,0.12880416214466095,0.18136535584926605,0.22932705283164978,0.25879523158073425,0.31013116836547855,0.34091003239154816,0.3790215253829956,0.4155036509037018,0.4432433843612671,-0.036579839140176776,0.026028125546872616,0.10281052440404892,0.18632648140192032,0.27366443872451784,0.8203636363636364
2020-06-20,S2A_MSIL2A_20200620T065631_R063_T40RBN_20200823T094958,2.12,False,20.978978,0.925722608111136,0.11632965505123138,0.14159028232097626,0.16855178773403168,0.21266935765743256,0.26712000370025635,0.0416651539504528,0.06089780852198601,0.07885200530290604,0.10039929300546646,0.12925202250480652,0.22517111897468567,0.26349499821662903,0.31654760241508484,0.38341203331947327,0.4320060610771179,0.03725262507796288,0.08905582129955292,0.1531393676996231,0.22677955031394958,0.2827266871929169,0.9565533099358586
2020-06-22,S2B_MSIL2A_20200622T064629_R020_T40RBN_20200823T171835,2.12,False,32.861559,0.04895809993278064,0.09790785610675812,0.13086049258708954,0.375248521566391,0.46214592456817627,0.5101450681686401,0.013117066584527493,0.03735177963972092,0.19548560678958893,0.23886893689632416,0.26686158776283264,0.32488197088241577,0.34545084834098816,0.3930877447128296,0.45564955472946167,0.48651862144470215,-0.07620139420032501,0.016589363105595112,0.14134712517261505,0.29097723960876465,0.3545779287815094,0.7841342486651411
2020-06-27,S2A_MSIL2A_20200627T064631_R020_T40RBN_20200824T065706,2.12,False,19.917606,0.0,,,,,,,,,,,,,,,,,,,,,
2020-07-02,S2B_MSIL2A_20200702T064629_R020_T40RBN_20200824T232359,2.12,False,6.244192,0.9432369855851819,0.0421372164040804,0.0863973069936037,0.1299561932682991,0.1835663877427578,0.2567346185445785,-0.05552319064736366,-0.006554130464792252,0.03629437834024429,0.07207291759550571,0.1015625871717929,0.22490188479423523,0.2741205096244812,0.3308490514755249,0.3916585147380829,0.44276610016822815,0.05523166209459305,0.1417364813387394,0.23034974187612534,0.3034077137708664,0.3754701495170593,0.9524111172697759
2020-07-07,S2A_MSIL2A_20200707T064631_R020_T40RBN_20200912T074102,2.12,False,10.11996,0.989842407946822,0.12880344688892365,0.1588999330997467,0.19180062413215637,0.2550201267004013,0.3514292240142822,0.02208198420703411,0.04734570533037186,0.07266426086425781,0.1052685584872961,0.15308743715286255,0.2564409673213959,0.29985082149505615,0.3748873472213745,0.48283951729536057,0.5568147301673889,0.008787675760686398,0.09217001497745514,0.20057891309261322,0.3474022299051285,0.4414800852537155,0.9104731004300913
2020-07-12,S2B_MSIL2A_20200712T064629_R020_T40RBN_20200912T225600,2.12,False,17.15387,0.00014937635372320562,,,,,,,,,,,,,,,,,,,,,
2020-07-17,S2A_MSIL2A_20200717T064631_R020_T40RBN_20200816T105645,2.12,False,15.03937,0.8247068489058182,0.09855605140328408,0.1213945597410202,0.14779256284236908,0.19283830747008324,0.24131020605564119,0.037541717290878296,0.052541688084602356,0.06952399015426636,0.08801507949829102,0.10884616523981094,0.18661263585090637,0.21880900859832764,0.25845105946063995,0.31020426750183105,0.3467627614736557,0.005132796615362173,0.059767269529402256,0.11511697620153427,0.17131462320685387,0.21119747608900075,0.909074443035682
2020-07-22,S2B_MSIL2A_20200722T064629_R020_T40RBN_20200817T034044,2.12,False,14.305312,0.8653372171185302,0.111188305914402,0.1340869851410389,0.16330641508102417,0.21372047811746597,0.276515704393387,0.03010747581720352,0.04585097078233957,0.06319032609462738,0.08618572540581226,0.11978299915790558,0.20585697889328003,0.242646723985672,0.30651408433914185,0.39349424839019775,0.44909316301345825,-0.006528557185083628,0.06714511103928089,0.15567316114902496,0.2599647641181946,0.325368556380272,0.8903849473502503
2020-07-25,S2B_MSIL2A_20200725T065629_R063_T40RBN_20200817T124312,2.12,False,25.299905,0.003659720666218538,0.2739495009183884,0.3200325220823288,0.33956821262836456,0.3553438261151314,0.36894614100456236,0.14119330048561096,0.15582595765590668,0.17802278697490692,0.18936461210250854,0.20023727416992188,0.2897030711174011,0.2987220585346222,0.3577427566051483,0.3955655097961426,0.3995915949344635,-0.04842362552881241,-0.025681062135845423,0.08061282336711884,0.1208472941070795,0.15536127537488936,0.6428571428571429
2020-07-27,S2A_MSIL2A_20200727T064631_R020_T40RBN_20200817T172211,2.12,False,17.120367,0.9607513630592277,0.0814478263258934,0.10607292503118515,0.13252994418144226,0.17373669147491455,0.23088203966617585,-0.016196489334106445,0.023941283114254475,0.0490005798637867,0.0743512362241745,0.10405409336090088,0.23068778216838837,0.26130133867263794,0.3254198133945465,0.41631609201431274,0.4648679196834564,0.039490932971239096,0.10096190869808197,0.19157516956329346,0.3145502954721451,0.38846625685691843,0.9488863839546002
2020-08-01,S2B_MSIL2A_20200801T064629_R020_T40RBN_20200815T184652,2.12,False,33.58964,0.9768840092613339,0.12039574384689332,0.14582286775112152,0.17680156230926514,0.23471923917531967,0.3009756684303284,0.0406234972178936,0.05676120147109032,0.07777629792690277,0.10198020935058594,0.13167239725589752,0.18656551837921143,0.22408650815486908,0.27369287610054016,0.33545997738838196,0.3784035921096803,-0.025622850656509395,0.03913619555532932,0.10917592793703079,0.18287046998739243,0.2369660556316376,0.8517909706028518
2020-08-04,S2B_MSIL2A_20200804T065629_R063_T40RBN_20201101T151822,2.12,False,22.797206,0.1941892598401673,0.12882535755634308,0.15360990911722183,0.18296527117490768,0.21271484345197678,0.23915943950414661,0.036753426864743234,0.05397159978747368,0.06815056502819061,0.08312118798494339,0.10186077654361725,0.26676180958747864,0.33601251244544983,0.40434689819812775,0.4428177773952484,0.4870587885379791,0.11373212337493896,0.18467609584331512,0.2588483840227127,0.309527724981308,0.360310372710228,0.9973076923076923
2020-08-06,S2A_MSIL2A_20200806T064631_R020_T40RBN_20200815T045006,2.12,False,18.820835,0.001493763537232056,0.31077812910079955,0.3645216077566147,0.3844750076532364,0.397579587996006,0.40735543668270113,0.16504527628421786,0.17146538197994232,0.183607816696167,0.1910150796175003,0.2018248274922371,0.3922676920890808,0.39374595880508423,0.40662333369255066,0.4185218811035156,0.42039546370506287,0.09032465890049934,0.09710099920630455,0.12357844784855843,0.14061781764030457,0.1942715123295784,1.0
2020-08-14,S2B_MSIL2A_20200814T065629_R063_T40RBN_20200816T061515,2.12,False,34.625449,0.01381731271939652,0.23703936785459517,0.2760275900363922,0.31046897172927856,0.3363853693008423,0.35472537875175475,0.09858489781618118,0.13287241384387016,0.161603145301342,0.1774704046547413,0.19259367883205414,0.24704798758029936,0.26924043893814087,0.2843320369720459,0.3314991891384125,0.34566131234169006,0.008840056881308555,0.0352493729442358,0.07335825636982918,0.11059404723346233,0.14856446087360384,0.9351351351351351
2020-08-19,S2A_MSIL2A_20200819T065631_R063_T40RBN_20200908T232013,2.12,False,26.923824,0.020875345432817986,0.23660052716732025,0.28924258053302765,0.32410985231399536,0.3461970388889313,0.36362019181251526,0.11590030044317245,0.14748045802116394,0.1820530742406845,0.19494038820266724,0.2092922478914261,0.30078962445259094,0.3218078017234802,0.3804112374782562,0.41276954114437103,0.43111535906791687,0.02140919305384159,0.05345592275261879,0.13927526772022247,0.1967603787779808,0.24198974072933196,0.9481216457960644
2020-08-21,S2B_MSIL2A_20200821T064629_R020_T40RBN_20200824T032042,2.12,False,30.007645,0.00014937635372320562,,,,,,,,,,,,,,,,,,,,,
2020-08-24,S2B_MSIL2A_20200824T065629_R063_T40RBN_20200827T163136,2.12,False,15.721804,0.00014937635372320562,,,,,,,,,,,,,,,,,,,,,
2020-08-26,S2A_MSIL2A_20200826T064631_R020_T40RBN_20200827T222214,2.12,False,23.864257,0.7616700276346254,0.1354251280426979,0.1584511138498783,0.18825647979974747,0.23504985868930817,0.2802608162164688,0.052909160032868385,0.06630239076912403,0.08419112116098404,0.10449720919132233,0.1265193670988083,0.23124446719884872,0.27448275685310364,0.3196593225002289,0.3752899765968323,0.41695964336395264,0.03822810761630535,0.09482284262776375,0.15036488324403763,0.20638688653707504,0.25968849658966064,0.9528829182192586
2020-08-29,S2A_MSIL2A_20200829T065631_R063_T40RBN_20200907T153627,2.12,False,12.538937,0.005116140115019792,0.2354503482580185,0.26385751366615295,0.29230695962905884,0.31962722539901733,0.34209017753601073,0.10907379388809206,0.13231690227985382,0.15296489000320435,0.18191516399383545,0.19427849352359772,0.24975451827049255,0.26569023728370667,0.28229349851608276,0.33347687125205994,0.34558388590812683,0.014435024932026865,0.032636936753988266,0.0584956593811512,0.09138865023851395,0.1112384468317032,0.9562043795620438
2020-08-31,S2B_MSIL2A_20200831T064629_R020_T40RBN_20200907T203936,2.12,False,8.671155,1.0,0.13178572207689285,0.15488190948963165,0.1872280314564705,0.24476859346032143,0.30543872714042664,0.04680079631507397,0.062048427760601044,0.08256132155656815,0.10753637924790382,0.1399374157190323,0.1811697006225586,0.21756230294704437,0.26850903034210205,0.33134958148002625,0.3707920730113981,-0.040238554403185835,0.02122355066239834,0.09248236194252968,0.16886892914772034,0.22539412081241608,0.8138023750840242
2020-09-03,S2B_MSIL2A_20200903T065629_R063_T40RBN_20201027T145717,2.12,False,6.544031,0.9301292105459705,0.14557697176933287,0.17417021095752716,0.21233877539634705,0.27508044242858887,0.354250591993332,0.04883918538689613,0.06656257808208466,0.08923260122537613,0.11690504103899002,0.15407772958278662,0.20985952019691467,0.2479310780763626,0.3031613230705261,0.38005509972572327,0.4343370199203491,-0.05231651961803435,0.02954762615263462,0.12047696113586426,0.218163400888443,0.2919837236404419,0.815875055205364
2020-09-05,S2A_MSIL2A_20200905T064631_R020_T40RBN_20200908T041650,2.12,False,8.36242,0.9789005900365972,0.14117276072502136,0.1714954525232315,0.20959419012069702,0.2775914967060089,0.3582783281803131,0.04492589458823204,0.06334267556667328,0.08705433458089828,0.11637914180755615,0.15631926357746123,0.2247808396816254,0.2658619284629822,0.31947392225265503,0.40847980976104736,0.4722115099430084,-0.0313678242266178,0.05308692902326584,0.14623185992240906,0.2518874704837799,0.33169698119163515,0.8576278945561363
2020-09-08,S2A_MSIL2A_20200908T065631_R063_T40RBN_20201027T155134,2.12,False,8.077748,0.058480842482635,0.2947177141904831,0.34008489549160004,0.38109512627124786,0.414961077272892,0.4406198412179947,0.13771939277648926,0.16595548391342163,0.19118153303861618,0.2129536010324955,0.23030118644237518,0.29801036417484283,0.32372982054948807,0.3514579236507416,0.37706926465034485,0.4174118936061859,-0.05493379011750221,-0.01152230822481215,0.04850815236568451,0.12718608602881432,0.19829386472702026,0.7017879948914432
2020-09-10,S2B_MSIL2A_20200910T064629_R020_T40RBN_20200912T032929,2.12,False,14.54271,0.9913361714840541,0.1455354318022728,0.17132192850112915,0.20470957458019257,0.2589436396956444,0.31616342067718506,0.06615239381790161,0.08201345056295395,0.10238302126526833,0.12569954991340637,0.15503602474927902,0.15858690440654755,0.1993216723203659,0.24522417783737183,0.28674933314323425,0.31111782789230347,-0.07116971909999847,-0.01793880108743906,0.039009518921375275,0.09239717945456505,0.13208158314228058,0.6779552474949145
2020-09-13,S2B_MSIL2A_20200913T065629_R063_T40RBN_20201027T093108,2.12,False,1.562365,0.9310628127567406,0.15436263680458068,0.1850212961435318,0.22175490111112595,0.2786577641963959,0.3506787419319153,0.06054484099149704,0.07881760597229004,0.10179443657398224,0.12713082134723663,0.16050539910793304,0.16644690930843353,0.20830458402633667,0.2572306990623474,0.30349642038345337,0.33535364270210266,-0.08971215486526489,-0.017213922925293446,0.05951990745961666,0.12585652247071266,0.1745137825608254,0.6996630835873576
2020-09-15,S2A_MSIL2A_20200915T064631_R020_T40RBN_20200918T105439,2.12,False,8.876932,0.629359922324296,0.14388887882232665,0.17394238710403442,0.21416255831718445,0.27712294459342957,0.3533162593841554,0.05203067511320114,0.06842507421970367,0.09246916323900223,0.11769793182611465,0.15131819248199477,0.22569409012794495,0.2692538797855377,0.315834105014801,0.3575022220611572,0.403031200170517,-0.03138379082083702,0.05684194341301918,0.1425398290157318,0.20640727877616882,0.2507951378822327,0.8571767637809292
2020-09-18,S2A_MSIL2A_20200918T065631_R063_T40RBN_20200921T100809,2.12,False,4.398608,0.978751213682874,0.15977525413036348,0.19374975562095642,0.23590552806854248,0.30861735343933105,0.4019504845142365,0.05222201719880104,0.07452421635389328,0.10288584232330322,0.1377653330564499,0.18363112211227417,0.23439207673072815,0.2818527817726135,0.3489654064178467,0.43858981132507324,0.5060919523239136,-0.0468133807182312,0.048312265425920486,0.157293900847435,0.27546897530555725,0.36338745355606084,0.8378038078522645
2020-09-20,S2B_MSIL2A_20200920T064629_R020_T40RBN_20201027T233550,2.12,False,6.198683,0.999439838673538,0.15365790128707885,0.18620430678129196,0.22599194943904877,0.29724830389022827,0.3852944672107696,0.046514227986335754,0.06808354333043098,0.09384079277515411,0.12793073058128357,0.1717866212129593,0.24046601057052613,0.28828778862953186,0.36082029342651367,0.46516092121601105,0.5363799929618835,-0.028568786755204197,0.0607606228441,0.16738471388816833,0.29739655554294586,0.3948202252388,0.8618241602212009
2020-09-23,S2B_MSIL2A_20200923T065629_R063_T40RBN_20201028T043322,2.12,False,0.711404,0.9837926656210322,0.17401399165391923,0.20688894018530846,0.25017234683036804,0.32520055770874023,0.42686662971973427,0.06420889496803284,0.08446168899536133,0.11220042407512665,0.14589540660381317,0.1908598095178604,0.211902916431427,0.25717198103666306,0.3112739622592926,0.35996177792549133,0.3998350918293,-0.1018071174621582,-0.0013867935631424189,0.09395374730229378,0.1768595166504383,0.2348930984735489,0.7461661099301549
2020-09-25,S2A_MSIL2A_20200925T064631_R020_T40RBN_20200926T233115,2.12,False,7.086735,0.8214205691239077,0.15709064900875092,0.18667347729206085,0.22544444352388382,0.2900717705488205,0.3695831298828125,0.05860799178481102,0.07738775759935379,0.10242683440446854,0.13136173784732819,0.16700445115566254,0.20754142105579376,0.24766391515731812,0.2915545403957367,0.3327849805355072,0.36369556188583374,-0.06298806145787239,0.019111066590994596,0.09949471428990364,0.16555138677358627,0.2100924775004387,0.79400800145481
2020-09-28,S2A_MSIL2A_20200928T065651_R063_T40RBN_20201001T020306,2.12,False,3.354424,0.9925311823138397,0.1616829067468643,0.1911548636853695,0.23026537895202637,0.29389482736587524,0.37599690556526183,0.06496469080448151,0.0862768292427063,0.11123806238174438,0.14116965979337692,0.17824433743953705,0.18617004454135896,0.23279789090156555,0.28708401322364807,0.3388201594352722,0.37828177213668823,-0.08463947921991348,-0.006280974019318819,0.07719971984624863,0.14835132658481598,0.20375754982233046,0.7341033937843329
2020-09-30,S2B_MSIL2A_20200930T064659_R020_T40RBN_20201002T083724,2.12,False,7.341679,0.944133243707521,0.15482282340526582,0.18069162592291832,0.214938722550869,0.2704288437962532,0.33617776036262514,0.06164582446217537,0.07960190996527672,0.10296670347452164,0.12785504013299942,0.15931080281734467,0.18136602640151978,0.22091081738471985,0.2676132023334503,0.326120525598526,0.36674001812934875,-0.06374571695923804,0.0027701481012627482,0.0760641098022461,0.14755244180560112,0.2028788909316063,0.7574558974764655
2020-10-05,S2A_MSIL2A_20201005T064741_R020_T40RBN_20201007T144749,2.12,False,5.967592,0.9789005900365972,0.14807823896408082,0.17965202033519745,0.22090816497802734,0.292915016412735,0.37486573457717887,0.06048896908760071,0.08013039082288742,0.1058293804526329,0.1372738629579544,0.177064448595047,0.2206200212240219,0.267517626285553,0.3251698911190033,0.4064099192619324,0.46134915947914124,-0.04672268182039261,0.034666601568460464,0.12339853495359421,0.21781258285045624,0.2949363708496094,0.8251630870178919
2020-10-08,S2A_MSIL2A_20201008T065801_R063_T40RBN_20201010T103420,2.12,False,1.337476,0.7695122862050937,0.15923458337783813,0.18701474368572235,0.22582820802927017,0.2901388853788376,0.37114793062210083,0.06699800491333008,0.08612464182078838,0.11335901916027069,0.14443039894104004,0.18635673820972443,0.1999996304512024,0.24430127441883087,0.2954496741294861,0.344280868768692,0.3821030259132385,-0.05629216320812702,0.012437956873327494,0.08668547868728638,0.15565619617700577,0.20910805463790894,0.7828787731728623
2020-10-10,S2B_MSIL2A_20201010T064809_R020_T40RBN_20201012T042756,2.12,False,3.709473,0.9758757188737023,0.15091339945793153,0.17909472435712814,0.21833785623311996,0.2874799147248268,0.38097393810749053,0.06360844522714615,0.08341563120484352,0.1096232607960701,0.14211083948612213,0.1840498298406601,0.1859293282032013,0.22955019772052765,0.28001153469085693,0.32475386559963226,0.35320186614990234,-0.10048600360751152,-0.014516336843371391,0.06561992317438126,0.1360008716583252,0.1876339703798294,0.7098959130567886
2020-10-13,S2B_MSIL2A_20201013T065839_R063_T40RBN_20201028T190743,2.12,False,1.360343,0.8275449996265591,0.1199955552816391,0.15871021896600723,0.2023041620850563,0.2667943984270096,0.362164127826691,0.002454228000715375,0.04908965528011322,0.08372772485017776,0.11780179291963577,0.1554055392742159,0.20296427607536316,0.25872552394866943,0.31601306796073914,0.3653435707092285,0.41485321521759033,-0.04671085700392722,0.04648774117231369,0.1429707258939743,0.226821418851614,0.31977406144142156,0.8365974729241877
2020-10-15,S2A_MSIL2A_20201015T064851_R020_T40RBN_20201019T090057,2.12,False,7.668328,0.9151168869967884,0.16510611772537231,0.1989710032939911,0.24416935443878174,0.323332816362381,0.4323441207408905,0.06207214668393135,0.0844716802239418,0.11516346037387848,0.15059292316436768,0.1989517122507096,0.235631063580513,0.28452491760253906,0.33905795216560364,0.39491504430770874,0.4409219264984131,-0.0811897411942482,0.03359164297580719,0.13631610572338104,0.22028489410877228,0.2825367093086243,0.8074678637012854
2020-10-18,S2A_MSIL2A_20201018T065911_R063_T40RBN_20201020T003040,2.12,False,3.420255,0.9989917096123684,0.16855446994304657,0.20208695530891418,0.24848437309265137,0.3330546021461487,0.4518571197986603,0.06509913504123688,0.0883859246969223,0.11995846033096313,0.16197270154953003,0.2147919237613678,0.2474948614835739,0.3008660227060318,0.36773765087127686,0.4458310902118683,0.5046610236167908,-0.08756903558969498,0.034413592889904976,0.1506192684173584,0.2584935426712036,0.34126871824264526,0.8049418713319129
2020-10-20,S2B_MSIL2A_20201020T064919_R020_T40RBN_20201021T214254,2.12,False,5.459078,0.9994771827619687,0.16553696095943451,0.19839950650930405,0.24593998491764069,0.3362145721912384,0.45811804831027986,0.06401946395635605,0.08712736517190933,0.11879998818039894,0.1597219556570053,0.2156062111258509,0.2552449107170105,0.30630728602409363,0.3679893910884857,0.4399830400943756,0.49195796251296997,-0.08238008394837379,0.04033708106726408,0.15376076102256775,0.2501034587621689,0.3288101404905319,0.8140038858167687
2020-10-23,S2B_MSIL2A_20201023T065939_R063_T40RBN_20201029T042523,2.12,False,1.043522,0.9741952348943163,0.16881887018680572,0.20217730104923248,0.2491399645805359,0.3327500969171524,0.4545441925525665,0.06590178608894348,0.08914078027009964,0.12006508558988571,0.15931953489780426,0.21715207397937775,0.21394942700862885,0.2606847286224365,0.3149659037590027,0.3603917062282562,0.40567271113395736,-0.1323608726263046,-0.016071547754108906,0.08621727675199509,0.17237801849842072,0.23240265846252442,0.718135469774217
2020-10-25,S2A_MSIL2A_20201025T064951_R020_T40RBN_20201030T104734,2.12,False,7.07292,0.5364478303084622,0.15157118439674377,0.1824815720319748,0.22123855352401733,0.2975555658340454,0.4202528417110444,0.04539201632142068,0.0687481239438057,0.0954878181219101,0.13622649013996124,0.19625051319599152,0.23577734231948852,0.27942585945129395,0.32540690898895264,0.3685363531112671,0.3994811773300171,-0.05278685539960861,0.04437287896871567,0.13975536823272705,0.2151610404253006,0.2705876648426056,0.8327184128089106
2020-10-28,S2A_MSIL2A_20201028T070011_R063_T40RBN_20201101T052055,2.12,False,2.983458,0.9969377847486743,0.15452806651592255,0.18688899278640747,0.22984672337770462,0.3049565628170967,0.42332623898983,0.061229053884744644,0.08575456403195858,0.11638432741165161,0.15266382694244385,0.2018558233976364,0.19626110792160034,0.24412019550800323,0.29876577854156494,0.3407590389251709,0.3689028024673462,-0.1253998950123787,-0.01913587423041463,0.07214460521936417,0.15280522033572197,0.21683664619922638,0.7080086904405154
2020-10-30,S2B_MSIL2A_20201030T065019_R020_T40RBN_20201102T001745,2.12,False,5.84628,0.9995145268503995,0.1534493923187256,0.18546824157238007,0.231058731675148,0.31735652685165405,0.4411370158195497,0.06420368701219559,0.08776615560054779,0.11865348368883133,0.1580563634634018,0.21430519223213196,0.20081482827663422,0.24900086224079132,0.3055698573589325,0.35120680928230286,0.3807461142539978,-0.12628273367881773,-0.015631580725312233,0.07750731706619263,0.15812890231609344,0.2177670001983643,0.7173921165701476
2020-11-02,S2B_MSIL2A_20201102T070039_R063_T40RBN_20201104T021128,2.12,False,0.889454,0.994921203973411,0.16345402747392654,0.1956183761358261,0.2425411492586136,0.32474079728126526,0.4330581784248353,0.07174478024244309,0.0940270647406578,0.12503953278064728,0.16493085026741028,0.21523120999336243,0.1946350783109665,0.24038629233837128,0.2943202257156372,0.34251174330711365,0.38343968987464905,-0.1267819434404373,-0.0337884621694684,0.05436740256845951,0.13011375814676285,0.18587188124656678,0.666166203738458
2020-11-04,S2A_MSIL2A_20201104T065051_R020_T40RBN_20201106T160018,2.12,False,4.296767,0.988161923967436,0.1595529168844223,0.18968768417835236,0.23603560030460358,0.3226358890533447,0.43483278155326843,0.07013263553380966,0.09177804738283157,0.1233534961938858,0.1642666459083557,0.21845601499080658,0.21312539279460907,0.2578558623790741,0.3118273913860321,0.3571297824382782,0.39471834897994995,-0.10763866454362869,-0.010548939928412437,0.07667189836502075,0.1520339995622635,0.20747129619121552,0.724008918786138
2020-11-07,S2A_MSIL2A_20201107T070111_R063_T40RBN_20201109T015852,2.12,False,6.273202,0.06202853088356113,0.2349759340286255,0.2885224521160126,0.33524754643440247,0.37211447954177856,0.39679625630378723,0.1350911408662796,0.16779068112373352,0.1976618766784668,0.2225683331489563,0.24188125133514404,0.31061112880706787,0.34302547574043274,0.37448886036872864,0.4112929701805115,0.429679811000824,0.014846541918814182,0.06491471081972122,0.12436923384666443,0.17687614262104034,0.23042751848697662,0.9235400361228175
2020-11-09,S2B_MSIL2A_20201109T065109_R020_T40RBN_20201110T212226,2.12,False,1.165921,0.9461871685712152,0.14509376883506775,0.17485573887825012,0.2193707376718521,0.3002624809741974,0.4110125958919526,0.06940862536430359,0.09077531844377518,0.11964854598045349,0.15884995460510254,0.21406957507133484,0.19166937470436096,0.23852142691612244,0.2983480989933014,0.3488442897796631,0.3982263505458832,-0.11030806303024292,-0.01984783448278904,0.06882120668888092,0.1460990160703659,0.20277841389179235,0.6992145873623554
2020-11-12,S2B_MSIL2A_20201112T070129_R063_T40RBN_20201114T033744,2.12,False,0.76289,0.9924938382254089,-0.05918349325656891,0.04263551905751228,0.161112979054451,0.24715293943881989,0.3544390916824341,-0.19239428639411926,-0.09860289841890335,0.046170637011528015,0.11734112352132797,0.1613025605678559,0.22090305387973785,0.3203178346157074,0.43045470118522644,0.5497305393218994,0.6490066647529602,-0.013242067396640776,0.08849738538265228,0.29918336868286133,0.5871749520301819,0.7235667109489442,0.883395417089965
2020-11-14,S2A_MSIL2A_20201114T065141_R020_T40RBN_20201116T092922,2.12,False,24.27576,0.9879005153484204,-0.1029640570282936,0.0005305304512148723,0.14943542331457138,0.2434670515358448,0.3392478048801422,-0.2349073439836502,-0.1336120218038559,0.03189711458981037,0.1176467314362526,0.16208118200302124,0.2888526409864426,0.37482958287000656,0.4530390202999115,0.5391919612884521,0.6282323598861694,0.05758031979203224,0.1698518469929695,0.35118238627910614,0.6047225594520569,0.729763835668564,0.9492704316927497
2020-11-17,S2A_MSIL2A_20201117T070151_R063_T40RBN_20201119T054227,2.12,False,5.935406,0.12865038464411083,0.185289666056633,0.25764110684394836,0.33844080567359924,0.40573665499687195,0.45638386011123655,0.07534809410572052,0.13353252410888672,0.18279525637626648,0.2286415845155716,0.26947063207626337,0.34563979506492615,0.3860868513584137,0.4272691309452057,0.4717811942100525,0.5081428289413452,0.04740783199667931,0.11039954423904419,0.1895313709974289,0.275411456823349,0.3549871504306793,0.9532656023222061
2020-11-19,S2B_MSIL2A_20201119T065159_R020_T40RBN_20201121T133232,2.12,False,11.741263,0.9930166554634401,0.1585501879453659,0.1919841766357422,0.24188920855522156,0.335274875164032,0.4603736996650696,0.06892643123865128,0.09331966564059258,0.12835635244846344,0.17535683512687683,0.2353964000940323,0.24371324479579926,0.2938348352909088,0.3535956144332886,0.4156026542186737,0.4667937159538269,-0.09836046397686005,0.01273136306554079,0.11328784376382828,0.199655219912529,0.26610589027404785,0.7721409499454702
2020-11-22,S2B_MSIL2A_20201122T070209_R063_T40RBN_20201123T041522,2.12,False,0.7016,0.9905146015385764,0.1596999302506447,0.19524235650897026,0.24505732953548431,0.3341050073504448,0.4682722926139832,0.06121411174535751,0.08738664537668228,0.12218612432479858,0.16663289070129395,0.2285911336541176,0.24134912192821503,0.3012472689151764,0.3676731288433075,0.43074074387550354,0.4900156259536743,-0.08337185606360435,0.03049801057204604,0.13971764594316483,0.22717252373695374,0.3003354728221893,0.8006710903332831
2020-11-24,S2A_MSIL2A_20201124T065211_R020_T40RBN_20201125T090237,2.12,False,25.668856,0.9963029352453506,-0.21308102309703827,-0.12410182505846024,0.026923000812530518,0.17230800539255142,0.25936501622200014,-0.322513610124588,-0.23637917637825012,-0.10580176115036011,0.04145239666104317,0.11846660077571869,0.2846538722515106,0.418254554271698,0.489736944437027,0.581641435623169,0.6685148477554321,0.10639389753341676,0.39769163727760315,0.5957916378974915,0.716457724571228,0.7818419933319092,0.9631920236890438
2020-12-02,S2B_MSIL2A_20201202T070249_R063_T40RBN_20201203T153707,2.12,False,0.615632,0.989468967062514,0.14126277714967728,0.1791091151535511,0.229385644197464,0.3172912374138832,0.4526068866252899,0.05405709147453308,0.08526261895895004,0.12084038555622101,0.1649852693080902,0.22643503546714783,0.2328336387872696,0.28636634349823,0.3462767004966736,0.40008533000946045,0.4666516035795212,-0.11067657172679901,0.005719708278775215,0.11344333365559578,0.2005329169332981,0.2737639248371124,0.7603411835748792
2020-12-04,S2A_MSIL2A_20201204T065241_R020_T40RBN_20201204T180610,2.12,False,4.612957,0.9819254611994921,0.12556294202804566,0.16243686899542809,0.20385145395994186,0.27481795847415924,0.35941748619079594,0.05597466230392456,0.0809549018740654,0.10966549068689346,0.14937084913253784,0.19466764032840736,0.21054238080978394,0.2642519474029541,0.32550710439682007,0.386469304561615,0.44444337487220764,-0.02297162022441624,0.04101233556866646,0.11591946706175804,0.1854107528924942,0.26061445474624634,0.8563550619913288
2020-12-07,S2A_MSIL2A_20201207T070251_R063_T40RBN_20201207T222707,2.12,False,0.900513,0.996975128837105,0.12039852738380433,0.16259510815143585,0.21052595973014832,0.29067733883857727,0.42154451012611416,-0.009240617044270039,0.05195765569806099,0.09844545274972916,0.14857715368270874,0.21458791196346283,0.3226730525493622,0.38492876291275024,0.4616515040397644,0.587884247303009,0.6733295798301699,0.010010581836104404,0.1386028528213501,0.2747977674007416,0.45195093750953674,0.6042143583297731,0.9080795595010676
2020-12-09,S2B_MSIL2A_20201209T065249_R020_T40RBN_20201210T161030,2.12,False,33.209848,0.2234670251699156,0.08510873168706894,0.11278046853840351,0.1505473107099533,0.20157203823328018,0.2659809529781342,0.007847772911190987,0.03670133650302887,0.06496628373861313,0.09793438576161861,0.13309423625469208,0.1940365433692932,0.255858838558197,0.32930225133895874,0.394559383392334,0.4366088807582855,0.06205281279981137,0.13570338860154152,0.22835079580545425,0.30756058543920517,0.37174464166164395,0.9602272727272727
2020-12-12,S2B_MSIL2A_20201212T070259_R063_T40RBN_20201212T232808,2.12,False,26.428297,0.9971618492792591,-0.41911961138248444,-0.2987203299999237,-0.058365676552057266,0.19207552075386047,0.32105436623096467,-0.5473204255104065,-0.4128095805644989,-0.1883225440979004,0.044382672756910324,0.14756418764591217,0.33208294510841374,0.4468848705291748,0.5226357579231262,0.6018722653388977,0.6748460531234741,0.14830711930990223,0.4568110555410385,0.6998892724514008,0.8202867358922958,0.8789902091026306,0.9689910868099768
2020-12-14,S2A_MSIL2A_20201214T065301_R020_T40RBN_20201215T203027,2.12,False,14.307261,0.025095227425498544,-0.02098134495317935,0.060631063766777515,0.15410799533128738,0.21336960047483444,0.2906572192907333,-0.1297614872455597,-0.02864225162193179,0.0659867599606514,0.1135464608669281,0.1516101911664008,0.38023772835731506,0.40024809539318085,0.41994866728782654,0.5245198607444763,0.5756511688232422,0.24103874564170838,0.2897995039820671,0.35983406007289886,0.5477119535207748,0.659577363729477,1.0
2020-12-17,S2A_MSIL2A_20201217T070311_R063_T40RBN_20210114T051855,2.12,False,10.082541,0.7876241690940324,0.17024767398834229,0.2036435753107071,0.25544270873069763,0.3500317186117172,0.48630183935165405,0.08028357475996017,0.10840006172657013,0.1438409686088562,0.19327384233474731,0.26105043292045593,0.23911337554454803,0.28481869399547577,0.34523746371269226,0.41396909952163696,0.47729113698005676,-0.12143173068761826,-0.009929771069437265,0.08790361136198044,0.18246514350175858,0.2668018639087677,0.7262813522355507
2020-12-19,S2B_MSIL2A_20201219T065259_R020_T40RBN_20201220T152324,2.12,False,13.560272,0.9970498170139667,0.15400486886501313,0.18761105835437775,0.23989850282669067,0.33944615721702576,0.48313476443290715,0.07030869275331497,0.09578415751457214,0.1326737105846405,0.18424846231937408,0.2546498537063599,0.24754831790924073,0.29886767268180847,0.36264076828956604,0.41986188292503357,0.4763275980949402,-0.11377155929803848,0.007805488770827651,0.11606782674789429,0.2067290022969246,0.2743000090122223,0.7633619236675531
2020-12-22,S2B_MSIL2A_20201222T070309_R063_T40RBN_20201224T004022,2.12,False,2.717981,0.996041526626335,0.12548620998859406,0.16508114710450172,0.218181774020195,0.3053779602050781,0.4582884401082993,0.01788165792822838,0.0580429770052433,0.09990590065717697,0.15084442496299744,0.21647357940673828,0.26783668994903564,0.3758133724331856,0.46765539050102234,0.572411835193634,0.6442833542823792,-0.016318297572433946,0.1152646392583847,0.26389776170253754,0.42027922719717026,0.5686781585216523,0.8857603479304139
2020-12-24,S2A_MSIL2A_20201224T065311_R020_T40RBN_20201225T022826,2.12,False,5.308467,0.9992904623198148,-0.21162360906600952,-0.11442546918988228,0.046246081590652466,0.22101450711488724,0.3964503467082979,-0.36308327317237854,-0.26419609785079956,-0.12468462437391281,0.048235416412353516,0.15935476124286652,0.32709816098213196,0.5244513154029846,0.6238155364990234,0.7235473990440369,0.7963820934295656,0.06543748527765274,0.41543595492839813,0.689468502998352,0.8232518136501312,0.8918919920921325,0.9387869501849845
2020-12-27,S2A_MSIL2A_20201227T070311_R063_T40RBN_20201227T162803,2.12,False,11.077747,0.4649339009634775,-0.14517061412334442,-0.06781855411827564,0.045206861570477486,0.26703011989593506,0.45012317895889287,-0.274608850479126,-0.2029656618833542,-0.1101396232843399,0.08391348086297512,0.21245555579662323,0.4356793165206909,0.4998486489057541,0.5644669830799103,0.6528974771499634,0.715803861618042,0.15046657770872118,0.37006261944770813,0.6226970255374908,0.752751886844635,0.8090276479721069,0.9742168674698796
2020-12-29,S2B_MSIL2A_20201229T065259_R020_T40RBN_20201229T155837,2.12,False,2.376067,0.9985435805511987,-0.2841664612293243,-0.15882109105587006,0.08633308112621307,0.24395357072353363,0.390381693840027,-0.4276125133037567,-0.28795695304870605,-0.07191862910985947,0.10796728730201721,0.17573645710945132,0.34574761986732483,0.42561179399490356,0.4958830773830414,0.5793443918228149,0.6796581745147705,0.09210828989744187,0.2465207874774933,0.5516313910484314,0.7543846964836121,0.8410920977592469,0.9539623770522457
2021-01-01,S2B_MSIL2A_20210101T070309_R063_T40RBN_20210110T095255,2.12,False,1.135061,0.9803570094853985,0.14276736676692964,0.17725830152630806,0.2269122451543808,0.31107452511787415,0.4463767945766451,0.05776757001876831,0.08519328385591507,0.11988650262355804,0.16446904838085175,0.22424931824207306,0.24678921699523926,0.2997743487358093,0.3627561032772064,0.42136186361312866,0.4822550475597382,-0.0821832813322544,0.029562913347035646,0.13467463850975037,0.22198238223791122,0.2943699210882187,0.8007389913149474
2021-01-06,S2A_MSIL2A_20210106T070301_R063_T40RBN_20210112T160725,2.12,False,10.448135,1.0,0.15158698707818985,0.18276703730225563,0.23422447592020035,0.3269747346639633,0.4716733783483505,0.06835362315177917,0.09221965819597244,0.12917864322662354,0.18066881597042084,0.252312570810318,0.2858951658010483,0.3538707196712494,0.4357112646102905,0.5173970460891724,0.5739660859107971,0.008005949296057227,0.10930072516202927,0.19999940693378448,0.29800722002983093,0.38844754695892336,0.9081708865486593
2021-01-11,S2B_MSIL2A_20210111T070249_R063_T40RBN_20210111T183842,2.12,False,0.751025,0.998879677347076,-0.6831356644630432,-0.5091859549283981,-0.21054081618785858,0.18451979756355286,0.5083794176578521,-0.8021087050437927,-0.6158069372177124,-0.3325798511505127,-0.025433380156755447,0.2135941982269287,0.225058451294899,0.4459538161754608,0.5684356689453125,0.6282207369804382,0.6710865497589111,0.21781346648931504,0.6116543114185333,0.8053057491779327,0.9008946567773819,0.9459420740604401,0.9553611484970839
2021-01-13,S2A_MSIL2A_20210113T065231_R020_T40RBN_20210122T041427,2.12,False,5.783477,0.9930166554634401,0.06643028557300568,0.1374707967042923,0.20252731442451477,0.30606117844581604,0.48562341928482056,-0.044444337487220764,0.03763251751661301,0.09351371973752975,0.15211939811706543,0.2265343815088272,0.29123884439468384,0.36128637194633484,0.4264892339706421,0.5110751986503601,0.5760424733161926,-0.02764095366001129,0.1096496731042862,0.22831818461418152,0.3670603185892105,0.5227035880088806,0.8783422962656537
2021-01-16,S2A_MSIL2A_20210116T070231_R063_T40RBN_20210116T205023,2.12,False,1.778966,0.9973112256329822,0.1627657413482666,0.19653965160250664,0.2541000097990036,0.35817914456129074,0.5282620191574097,0.0783863365650177,0.10417333990335464,0.14237338304519653,0.19782008603215218,0.27840083837509155,0.2667405903339386,0.3139728307723999,0.3801009953022003,0.44164903461933136,0.5027065873146057,-0.10969056189060211,0.023776785004884005,0.1288672387599945,0.21295681223273277,0.2815578728914261,0.7871639331985322
2021-01-18,S2B_MSIL2A_20210118T065219_R020_T40RBN_20210118T215053,2.12,False,2.956715,0.9879378594368512,0.15092316269874573,0.1822863519191742,0.234347864985466,0.33103375136852264,0.4771118879318238,0.07192891836166382,0.0962904542684555,0.13336019217967987,0.18258439004421234,0.2556628882884979,0.23518401980400086,0.28354817628860474,0.3463836908340454,0.40116944909095764,0.4479179382324219,-0.11031971424818038,0.0011891149915754795,0.09595632553100586,0.17593488842248917,0.2358944326639176,0.7521073521073521
2021-01-21,S2B_MSIL2A_20210121T070209_R063_T40RBN_20210122T121825,2.12,False,10.601699,0.994547763089103,0.1511712834239006,0.1815611720085144,0.23104266822338104,0.3159858286380768,0.45445708036422733,0.07135412245988848,0.09489036351442337,0.12759548425674438,0.17268630862236023,0.23643623888492585,0.2134828269481659,0.2590894550085068,0.32175251841545105,0.3739604949951172,0.42488622665405273,-0.0910524882376194,-0.0007545482949353755,0.08482564240694046,0.15423859655857086,0.21046331226825718,0.7478972664463803
2021-01-23,S2A_MSIL2A_20210123T065201_R020_T40RBN_20210123T200419,2.12,False,7.513637,0.9920830532526701,0.13187683373689651,0.15669573098421097,0.19538383930921555,0.2589864060282707,0.34426969289779663,0.061408787965774536,0.08133962005376816,0.10834092646837234,0.14142264425754547,0.18431341648101807,0.20143383741378784,0.2368822544813156,0.277973473072052,0.3239482641220093,0.3470211923122406,-0.059955205768346786,0.009805671637877822,0.07433394342660904,0.13140452653169632,0.17884448170661926,0.7788150267258902
2021-01-26,S2A_MSIL2A_20210126T070151_R063_T40RBN_20210126T175909,2.12,False,7.766929,0.20281574426768242,-0.0985574945807457,-0.030693113803863525,0.12383636087179184,0.29625703394412994,0.3840888440608978,-0.18686242401599884,-0.1338571384549141,0.029807353392243385,0.13220302760601044,0.18852780759334564,0.4036451578140259,0.44170771539211273,0.48078569769859314,0.534705400466919,0.5966899991035461,0.22095227241516113,0.30891086161136627,0.46048063039779663,0.5984125733375549,0.7199604511260986,0.9974222058552753
2021-01-28,S2B_MSIL2A_20210128T065129_R020_T40RBN_20210130T003406,2.12,False,4.882406,0.9991410859660915,0.129403355717659,0.16935773938894272,0.22160735726356506,0.31277668476104736,0.4672376751899721,0.02996249310672283,0.06969309598207474,0.10906650125980377,0.15917231142520905,0.2262769192457199,0.24969891011714934,0.3101467788219452,0.3795066177845001,0.44497866928577423,0.5161272287368774,-0.05122937709093093,0.06470764055848122,0.1682995855808258,0.2607797086238861,0.36901582479476935,0.847206129695384
2021-01-31,S2B_MSIL2A_20210131T070119_R063_T40RBN_20210201T151811,2.12,False,12.39198,0.06553887519605646,0.2394774705171585,0.31241175532341003,0.36866065859794617,0.4160500764846802,0.4522380530834198,0.1426091343164444,0.1813121736049652,0.21796390414237976,0.24435268342494965,0.26799159646034243,0.3594833731651306,0.39028093218803406,0.4196697175502777,0.4733837842941284,0.4980962932109833,0.029389106109738352,0.09018116816878319,0.15222010016441345,0.207244411110878,0.266950660943985,0.954985754985755
2021-02-02,S2A_MSIL2A_20210202T065111_R020_T40RBN_20210202T230452,2.12,False,19.705859,0.8787810889536186,0.13756366223096847,0.1696203611791134,0.21718460321426392,0.3103899583220482,0.450291407108307,0.06285727024078369,0.08802123367786407,0.12216433882713318,0.17193157970905304,0.23745897412300124,0.24995960295200348,0.2972146272659302,0.36066052317619324,0.4236235022544861,0.47374456226825723,-0.048503864929080015,0.056468281894922256,0.15023067593574524,0.23115132004022598,0.30378562211990356,0.8459544450110488
2021-02-05,S2A_MSIL2A_20210205T070051_R063_T40RBN_20210206T052950,2.12,False,1.116095,0.994734483531257,0.14031697809696198,0.17211298644542694,0.2228969931602478,0.3133326470851898,0.47575016021728517,0.04259831830859184,0.07276560366153717,0.11289086192846298,0.16548986732959747,0.2419748157262802,0.2740975320339203,0.36799922585487366,0.454458087682724,0.5631367564201355,0.6236823797225952,-0.043603795021772335,0.09162513166666031,0.2262020856142044,0.3846137225627899,0.5096297860145569,0.8637609340391185
2021-02-07,S2B_MSIL2A_20210207T065029_R020_T40RBN_20210207T153255,2.12,False,16.207484,0.9951079244155651,-0.23813956081867219,-0.15759854763746262,-0.03439313918352127,0.1245175153017044,0.30468583106994646,-0.36525505781173706,-0.2868880182504654,-0.17539946734905243,-0.03269822895526886,0.10761999934911731,0.37592684626579287,0.43606287240982056,0.48896995186805725,0.5444604158401489,0.6123314499855042,0.21704030036926283,0.4528817981481552,0.6140331029891968,0.7138906717300415,0.7749592661857606,0.9693398881675236
2021-02-12,S2A_MSIL2A_20210212T065011_R020_T40RBN_20210213T010514,2.12,False,32.068161,0.9911121069534693,0.14846209287643433,0.17777298390865326,0.22247043251991272,0.3029167950153351,0.42492125034332284,0.06430147588253021,0.08822561800479889,0.11893510818481445,0.16057924926280975,0.21833122670650512,0.24554190039634705,0.298206090927124,0.36446231603622437,0.4246457517147064,0.4765801429748535,-0.029327267594635484,0.056769116781651974,0.14418727159500122,0.21971246600151062,0.2786175847053528,0.8602863602110022
2021-02-15,S2A_MSIL2A_20210215T065951_R063_T40RBN_20210215T201358,2.12,False,13.741519,0.9882366121442976,0.16140565276145935,0.1917104348540306,0.24037303030490875,0.32705409824848175,0.463599693775177,0.07197744846343995,0.0957636833190918,0.13004010915756226,0.17728645354509354,0.24375170469284058,0.27434743642807013,0.33115291595458984,0.40145426988601685,0.47409000992774963,0.5327680706977844,-0.04294890612363813,0.07022944837808609,0.1699872761964798,0.2576388120651245,0.3341184020042419,0.8556852964516495
2021-02-17,S2B_MSIL2A_20210217T064929_R020_T40RBN_20210219T052453,2.12,False,3.000505,0.9909253865113152,0.14828271567821502,0.17932932823896408,0.22929394245147705,0.3263683021068573,0.48237143158912665,0.06393039971590044,0.0896158218383789,0.1249358132481575,0.17450369894504547,0.24843454360961914,0.25433778762817383,0.31684643030166626,0.3931995928287506,0.46905407309532166,0.5258384346961975,-0.07819119244813919,0.04843283072113991,0.1560956835746765,0.2558293789625168,0.3487048447132111,0.8209534576973808
2021-02-20,S2B_MSIL2A_20210220T065919_R063_T40RBN_20210220T170436,2.12,False,32.111413,0.7176040032862798,0.13034170866012573,0.15835589542984962,0.2028394639492035,0.28239112347364426,0.393273189663887,0.05995054915547371,0.08149800449609756,0.10977210104465485,0.14943119138479233,0.205649733543396,0.24980853497982025,0.3148176670074463,0.38481032848358154,0.4575384855270386,0.5023331046104431,-0.011486892588436604,0.07284566387534142,0.15851609408855438,0.2531469538807869,0.3397881090641022,0.8846273938384679
2021-02-22,S2A_MSIL2A_20210222T064901_R020_T40RBN_20210222T151136,2.12,False,2.71595,0.9957427739188887,-0.1223961889743805,-0.029214147944003344,0.07710408791899681,0.1700958013534546,0.3289672017097473,-0.24661668837070466,-0.16188012063503265,-0.05872149206697941,0.037958063185214996,0.12080036774277696,0.39807169139385223,0.4964107275009155,0.5693425238132477,0.6397607326507568,0.6997848749160767,0.1489370793104172,0.3958543762564659,0.5792394280433655,0.7010702937841415,0.7764657795429231,0.9533078307830783
2021-03-02,S2B_MSIL2A_20210302T065809_R063_T40RBN_20210302T171747,2.12,False,12.630116,0.03827769064157144,0.25997793674468994,0.3116309642791748,0.35941681265830994,0.4019791781902313,0.43265027403831485,0.14258828163146972,0.1801118701696396,0.21169988811016083,0.23807662725448608,0.25816091895103455,0.3395644426345825,0.3696902096271515,0.43180474638938904,0.46867308020591736,0.4865104854106903,0.008261563815176487,0.054732613265514374,0.12799622118473053,0.1973903328180313,0.24587734639644623,0.9131707317073171
2021-03-04,S2A_MSIL2A_20210304T064751_R020_T40RBN_20210304T205424,2.12,False,5.324124,0.9958921502726118,0.1277468353509903,0.15436223149299622,0.19472628831863403,0.27201736718416214,0.39221607148647303,0.046019311994314194,0.06901653856039047,0.0979565978050232,0.13833506405353546,0.20051135122776031,0.27207764983177185,0.336006797850132,0.4091455042362213,0.5112492144107819,0.5712903738021851,-0.010097457561641923,0.09838754124939442,0.211004801094532,0.33968546241521835,0.4331415861845016,0.8899055047247637
2021-03-07,S2A_MSIL2A_20210307T065731_R063_T40RBN_20210307T205822,2.12,False,1.650539,0.9980954514900291,0.11692779809236527,0.14956430345773697,0.1929018348455429,0.2670223116874695,0.4039656877517701,0.004100735764950514,0.05093645863234997,0.09141714125871658,0.137315034866333,0.20045511424541473,0.29015278816223145,0.379804790019989,0.4574147164821625,0.5763350129127502,0.6497952342033386,0.021230984851717965,0.14804524928331375,0.28037029504776,0.43972910940647125,0.5831154584884645,0.9174617428068994
2021-03-09,S2B_MSIL2A_20210309T064719_R020_T40RBN_20210309T153348,2.12,False,9.23379,0.9969377847486743,-0.17962239682674408,-0.12137766927480698,-0.0200412692502141,0.11760109104216099,0.21291737258434296,-0.3035374581813812,-0.24348515272140503,-0.1516142338514328,-0.024950873106718063,0.07870141416788101,0.2868506908416748,0.35809049010276794,0.4214455485343933,0.4875687137246132,0.5506492257118225,0.16392499208450317,0.3888392895460129,0.5395827293395996,0.6341023296117783,0.6967769265174866,0.970257716511837
2021-03-12,S2B_MSIL2A_20210312T065659_R063_T40RBN_20210312T180806,2.12,False,13.89359,0.9772201060572111,0.1274145007133484,0.15135271847248077,0.18439993262290955,0.24043353274464607,0.3282269537448883,0.05261771008372307,0.07374291121959686,0.09774421155452728,0.12788745760917664,0.16940894722938538,0.17375794053077698,0.22429051995277405,0.28235000371932983,0.3310421332716942,0.3632872700691223,-0.0567960899323225,0.01794601511210203,0.09411663189530373,0.16107339411973953,0.21150017976760863,0.7955518190155916
2021-03-14,S2A_MSIL2A_20210314T064641_R020_T40RBN_20210314T202617,2.12,False,26.677634,0.0005975054148928225,,,,,,,,,,,,,,,,,,,,,
2021-03-17,S2A_MSIL2A_20210317T065621_R063_T40RBN_20210317T221653,2.12,False,29.665421,0.0,,,,,,,,,,,,,,,,,,,,,
2021-03-19,S2B_MSIL2A_20210319T064629_R020_T40RBN_20210319T193747,2.12,False,13.689691,0.04421540070206886,0.13549063056707383,0.15399926528334618,0.1855582296848297,0.2309720478951931,0.2865005403757096,0.03907565400004387,0.05451557785272598,0.07321825623512268,0.09660901688039303,0.12764590978622437,0.36088964343070984,0.416321724653244,0.46903254091739655,0.4944256842136383,0.52449631690979,0.19129963368177413,0.24288519471883774,0.3218849152326584,0.3884364664554596,0.427396160364151,0.9991554054054054
2021-03-22,S2B_MSIL2A_20210322T065619_R063_T40RBN_20210323T013813,2.12,False,6.905137,0.6725670326387333,0.12343487292528152,0.14701628684997559,0.18286962062120438,0.24670668691396713,0.34333081245422364,0.0394001267850399,0.05864077806472778,0.08537843823432922,0.11985217779874802,0.1683330088853836,0.2577630400657654,0.32040223479270935,0.3959135413169861,0.4757272005081177,0.5132275760173798,0.02299128323793412,0.11873526312410831,0.21189918369054794,0.3254909887909889,0.4031682938337326,0.9206551915602443
2021-03-24,S2A_MSIL2A_20210324T064621_R020_T40RBN_20210324T171349,2.12,False,7.216441,0.9986182687280604,-0.08961454033851624,-0.0045661889016628265,0.08118688315153122,0.14840954542160034,0.26656779646873474,-0.2217407077550888,-0.13695836067199707,-0.04202509671449661,0.030150679871439934,0.09188099950551987,0.36304473876953125,0.4437127113342285,0.5120962858200073,0.5815547108650208,0.636431872844696,0.16929210722446442,0.35699185729026794,0.5125530362129211,0.6265700459480286,0.7109653949737549,0.9655959014247785
2021-03-27,S2A_MSIL2A_20210327T065621_R063_T40RBN_20210327T210303,2.12,False,6.335181,0.5523564119799835,-0.27097031474113464,-0.20191943645477295,-0.10735664516687393,0.08003663271665573,0.315807044506073,-0.4117918908596039,-0.3345251679420471,-0.23762309551239014,-0.0882006362080574,0.1187874972820282,0.3739818334579468,0.4144083857536316,0.4730663597583771,0.5515027046203613,0.6432833075523376,0.2819570004940033,0.5061928927898407,0.663072407245636,0.7601514160633087,0.8035184741020203,0.9969576093570415
2021-03-29,S2B_MSIL2A_20210329T064619_R020_T40RBN_20210330T035055,2.12,False,10.862594,0.45496302935245353,0.1309152990579605,0.1606571227312088,0.203403502702713,0.2755667567253113,0.3711093604564667,0.048552799969911575,0.06963139027357101,0.0962081104516983,0.1328594833612442,0.18675750494003296,0.31246764659881593,0.370223268866539,0.4331135153770447,0.47823017835617065,0.5177395343780518,0.06511815339326858,0.15429452061653137,0.25153809785842896,0.32477304339408875,0.3700873374938966,0.956989247311828
2021-04-01,S2B_MSIL2A_20210401T065619_R063_T40RBN_20210401T191308,2.12,False,4.384555,0.9856598700425723,0.13576433509588243,0.15974346920847893,0.1953747197985649,0.2574746385216713,0.3558766514062882,0.036572813987731934,0.05843399837613106,0.08455032110214233,0.12088591605424881,0.17009800672531128,0.27962344884872437,0.3292251229286194,0.40174126625061035,0.5079038590192795,0.5656881988048553,0.0383434433490038,0.12329225614666939,0.23019596934318542,0.36682480573654175,0.4500667363405228,0.9379404410093203
2021-04-03,S2A_MSIL2A_20210403T064621_R020_T40RBN_20210613T090436,3.0,False,11.708635,0.02602882963626858,0.28518003821372984,0.3437243402004242,0.40624913573265076,0.45528361201286316,0.48805553913116456,0.1243215873837471,0.18117506802082062,0.23189547657966614,0.25961121916770935,0.282654732465744,0.3766768276691437,0.4002019166946411,0.48104825615882874,0.5155062675476074,0.5309417247772217,-0.018498791009187672,0.05263142287731171,0.16425234079360962,0.2491457164287567,0.30005193948745723,0.8593974175035868
2021-04-06,S2A_MSIL2A_20210406T065621_R063_T40RBN_20210406T170544,2.12,False,7.769331,0.9919710209873777,0.08569257557392121,0.12885088473558426,0.17163005471229553,0.23460354655981064,0.3596517980098724,-0.059968024492263794,0.018268287181854248,0.06527189910411835,0.10536504536867142,0.15467241406440724,0.29409775137901306,0.4022349417209625,0.47962191700935364,0.5889380574226379,0.6675475835800171,0.05855701714754106,0.19682751595973969,0.3396071791648865,0.4934998005628586,0.6465018630027771,0.9399540714527727
2021-04-08,S2B_MSIL2A_20210408T064619_R020_T40RBN_20210408T190205,2.12,False,7.158165,0.8721711853013668,-0.18892442882061006,-0.09741037338972092,0.050583504140377045,0.20161287486553192,0.3626601636409761,-0.3389493525028229,-0.24117835611104965,-0.11111078411340714,0.04291626252233982,0.12862493097782135,0.4033980965614319,0.48103736340999603,0.5615397691726685,0.6731087565422058,0.7608935832977295,0.1931484431028366,0.3714262992143631,0.6274317502975464,0.7860332727432251,0.8653535723686219,0.9856133590237637
2021-04-11,S2B_MSIL2A_20210411T065619_R063_T40RBN_20210411T184442,2.12,False,8.235386,0.8657480020912689,0.1282615303993225,0.15100762248039246,0.1832428276538849,0.2398201748728752,0.3168878614902496,0.05494806915521622,0.07255586236715317,0.09455925971269608,0.1221732497215271,0.15955978631973267,0.20195455849170685,0.25292736291885376,0.30899831652641296,0.3718511760234833,0.4080519378185272,-0.02657993771135805,0.05090043134987354,0.12287237495183945,0.19412024319171906,0.25172823667526245,0.8554112927576242
2021-04-13,S2A_MSIL2A_20210413T064621_R020_T40RBN_20210414T062455,2.12,False,12.053988,0.9061543057733961,0.12237409353256226,0.14542794227600098,0.17947028577327728,0.24199357628822327,0.3269058227539063,0.05444255471229553,0.07223223149776459,0.09476497769355774,0.12579236924648285,0.16540417075157166,0.19808326661586761,0.2515594959259033,0.30898699164390564,0.3764095902442932,0.41616588830947876,-0.03727893307805061,0.03654840588569641,0.11559926718473434,0.19478680193424225,0.25929672122001657,0.8342880692355245
2021-04-16,S2A_MSIL2A_20210416T065621_R063_T40RBN_20210417T010159,2.12,False,14.754983,0.01833594741952349,0.2962609529495239,0.34646520018577576,0.3878934383392334,0.4259187579154968,0.45323070883750916,0.16971147060394287,0.21371199190616608,0.24117401242256165,0.25943177938461304,0.27508971095085144,0.3556368350982666,0.3695705384016037,0.444473534822464,0.4710773080587387,0.4927298426628113,-0.017047228291630745,0.035798683762550354,0.10643771290779114,0.18150684237480164,0.23854365944862366,0.8411405295315683
2021-04-18,S2B_MSIL2A_20210418T064619_R020_T40RBN_20210419T131106,2.12,False,24.442542,0.0,,,,,,,,,,,,,,,,,,,,,
2021-04-21,S2B_MSIL2A_20210421T065619_R063_T40RBN_20210422T195014,2.12,False,20.062948,0.04238554036895959,0.2339195638895035,0.3275112807750702,0.39703062176704407,0.46042872965335846,0.5030100703239441,0.11325965970754624,0.17849747836589813,0.2228497564792633,0.25962334871292114,0.28346213698387146,0.37213951349258423,0.4048573672771454,0.4449746906757355,0.4880150556564331,0.5102936029434204,-0.020619900152087197,0.04369642399251461,0.13156920671463013,0.23652110993862152,0.31342893242836,0.8581497797356828
2021-04-23,S2A_MSIL2A_20210423T064621_R020_T40RBN_20210423T184643,2.12,False,9.769706,0.13208604077974456,-0.013856946304440497,0.03836667165160179,0.10574162751436234,0.25967273116111755,0.39537664055824284,-0.13885230123996734,-0.09871853142976761,-0.037845637649297714,0.08429095149040222,0.1989845335483551,0.39989548921585083,0.47677865624427795,0.5654081106185913,0.6393574476242065,0.6789416074752808,0.15540909469127656,0.3215180039405823,0.5571897625923157,0.6599307656288147,0.7123740315437317,0.9968900197907832
2021-04-26,S2A_MSIL2A_20210426T065621_R063_T40RBN_20210426T142448,2.12,False,34.53099,0.024871162894913736,0.22999536991119385,0.29610492289066315,0.36558765172958374,0.41464145481586456,0.45118847489356995,0.12313403934240341,0.1700790524482727,0.21185652911663055,0.24766039848327637,0.2689056992530823,0.30932116508483887,0.3270280957221985,0.3661930561065674,0.4164213538169861,0.43805696070194244,-0.001506491971667856,0.04206101689487696,0.08642034977674484,0.14867493510246277,0.2057541012763977,0.8963963963963963
2021-05-01,S2B_MSIL2A_20210501T065619_R063_T40RBN_20210501T170415,2.12,False,28.582294,0.6498991709612368,0.10843537002801895,0.13349752873182297,0.16823823750019073,0.22535428404808044,0.3175892889499666,0.01905069686472416,0.041057899594306946,0.06584210693836212,0.10349251329898834,0.1541656166315079,0.29449784755706787,0.35593143105506897,0.44521564245224,0.5071777701377869,0.5639119148254395,0.07094507217407227,0.16470402479171753,0.28210997581481934,0.38852182030677795,0.4595693588256836,0.963684422226053
2021-05-03,S2A_MSIL2A_20210503T064621_R020_T40RBN_20210504T032740,2.12,False,27.981561,0.7919560833520054,-0.02352249436080456,0.06055742874741554,0.1268889158964157,0.19591280817985535,0.320713758468628,-0.1837466239929199,-0.0937037244439125,0.006638749036937952,0.07493451237678528,0.13372379243373878,0.3751227557659149,0.4271185100078583,0.5097042918205261,0.5963829159736633,0.6565092206001282,0.14344711899757384,0.2651534676551819,0.4391927123069763,0.6040607392787933,0.6942239999771119,0.9784976658650446
2021-05-08,S2B_MSIL2A_20210508T064619_R020_T40RBN_20210509T063302,2.12,False,8.598572,0.9548509970871611,0.04948801547288895,0.10775218904018402,0.15387283265590668,0.21729007363319397,0.31845617294311523,-0.0631098523736,0.002025931840762496,0.05475267767906189,0.09696458280086517,0.14095015823841095,0.23120059072971344,0.3136047422885895,0.3837571442127228,0.43658456206321716,0.4836297929286957,0.03477972373366356,0.13615359365940094,0.2411843240261078,0.34964117407798767,0.45557553172111515,0.9350776330712973
2021-05-13,S2A_MSIL2A_20210513T064621_R020_T40RBN_20210514T132816,2.12,False,8.860132,0.962954664276645,0.12163247540593147,0.14837852492928505,0.1856367439031601,0.2541104480624199,0.35842591524124146,0.03627832606434822,0.05721385404467583,0.08232836052775383,0.11680405400693417,0.168015256524086,0.25334087014198303,0.3041350543498993,0.3765818923711777,0.4753890335559845,0.5377244353294373,0.005403846735134721,0.09249426610767841,0.19676314294338226,0.32575250416994095,0.4070465564727783,0.9057628170324983
2021-05-18,S2B_MSIL2A_20210518T064629_R020_T40RBN_20210520T122104,2.12,False,8.659635,0.9646724923444618,0.08398552536964417,0.12126908451318741,0.15939044952392578,0.21847161278128624,0.32615068852901463,-0.06711041182279587,0.001717468723654747,0.04648907855153084,0.09011340513825417,0.14182394742965698,0.299918469786644,0.3498719036579132,0.43781015276908875,0.554261788725853,0.620304524898529,0.07070828378200533,0.1639411859214306,0.3015241026878357,0.48148854076862335,0.5859844028949738,0.9609399194797151
2021-05-23,S2A_MSIL2A_20210523T064621_R020_T40RBN_20210523T183646,2.12,False,8.379721,0.9754275898125326,-0.2905909150838852,-0.22607126086950302,-0.09013081341981888,0.08494232781231403,0.22564044147729886,-0.44530385732650757,-0.3682171106338501,-0.24225451052188873,-0.09417249262332916,0.06298921257257462,0.26454854011535645,0.314506471157074,0.366664320230484,0.42856860160827637,0.5039835572242737,0.18520014584064487,0.4038080945611,0.5697458982467651,0.6770947724580765,0.7465848326683046,0.9798621745788668
2021-05-28,S2B_MSIL2A_20210528T064629_R020_T40RBN_20210528T223644,2.12,False,11.203055,0.08002838150720741,0.15091333985328675,0.17837365716695786,0.22308515012264252,0.30683113634586334,0.43903961777687067,0.03602731227874757,0.05162670463323593,0.07257477194070816,0.1108766421675682,0.23255406320095062,0.3582460582256317,0.4566618800163269,0.49982950091362,0.5474916696548462,0.589625895023346,0.03946909382939339,0.2161223366856575,0.36734092235565186,0.4300665557384491,0.48045259118080136,0.9248716752216519
2021-06-02,S2A_MSIL2A_20210602T064631_R020_T40RBN_20210602T223424,2.12,False,8.522619,0.9952199566808574,0.06791751980781556,0.11867150291800499,0.1610180214047432,0.2206226922571659,0.3370669007301332,-0.10241251438856125,-0.006311106961220503,0.044489799067378044,0.08778294175863266,0.13744191825389862,0.3126415491104126,0.3607260584831238,0.43596014380455017,0.5613987445831299,0.638086199760437,0.06173451617360115,0.17495933175086975,0.3077875226736069,0.49999887496232986,0.6213474452495575,0.945328330206379
2021-06-07,S2B_MSIL2A_20210607T064629_R020_T40RBN_20210610T154238,2.12,False,11.521389,0.5771902307864665,0.11539548262953758,0.13514986261725426,0.15961986780166626,0.19846497848629951,0.2452896535396576,0.03362666629254818,0.048413075506687164,0.06520741060376167,0.08395963162183762,0.10671424865722656,0.20073749125003815,0.23576663434505463,0.28804299235343933,0.3528895080089569,0.39454299211502075,0.026533523574471474,0.08613846637308598,0.15682998299598694,0.22112499177455902,0.2610396295785904,0.9414466873706004
2021-06-12,S2A_MSIL2A_20210612T064621_R020_T40RBN_20210614T150813,2.12,False,11.788334,0.3111882888938681,0.11749317944049835,0.14411316812038422,0.17666096985340118,0.22318091988563538,0.2755807042121887,0.02645662985742092,0.04339790716767311,0.06074105575680733,0.08073130995035172,0.10608228296041489,0.32202187180519104,0.38732942938804626,0.43882372975349426,0.4827711284160614,0.5190871357917786,0.13831600844860079,0.2274363487958908,0.3047286570072174,0.3581060469150543,0.40007522106170657,0.9865594623784951
2021-06-17,S2B_MSIL2A_20210617T064629_R020_T40RBN_20210617T161441,2.12,False,12.533578,0.6088953618642169,0.09747948050498963,0.12374229729175568,0.15036311745643616,0.18693993985652924,0.24547265470027924,-0.04251886457204818,0.0036185032222419977,0.0337134450674057,0.05697368085384369,0.08794211596250534,0.2875295579433441,0.35107675194740295,0.4421429932117462,0.5093715786933899,0.5525243878364563,0.11185939162969592,0.2137138694524765,0.3302468955516815,0.428878515958786,0.4953149020671844,0.9748543391597669
2021-06-20,S2B_MSIL2A_20210620T065629_R063_T40RBN_20210620T164927,2.12,False,18.192539,0.0,,,,,,,,,,,,,,,,,,,,,
2021-06-22,S2A_MSIL2A_20210622T064631_R020_T40RBN_20210625T014954,3.0,False,13.596027,0.1432519232205542,0.13196925818920135,0.15174509212374687,0.17715495824813843,0.22243230789899826,0.26505663990974426,0.03999401070177555,0.05451907590031624,0.07003191858530045,0.08739963173866272,0.10491026937961578,0.21495002508163452,0.2869560718536377,0.3405221849679947,0.37489575147628784,0.41357623040676117,0.058549728244543076,0.12801946327090263,0.20336271077394485,0.24462077766656876,0.2723204791545868,0.9741918665276329
2021-06-25,S2A_MSIL2A_20210625T065621_R063_T40RBN_20210626T014517,3.0,False,34.66045,0.0,,,,,,,,,,,,,,,,,,,,,
2021-06-27,S2B_MSIL2A_20210627T064629_R020_T40RBN_20210627T220613,3.0,False,16.497851,0.3086488908805736,0.11989219039678574,0.1388963907957077,0.16357284784317017,0.19987154006958008,0.2429556250572205,0.01994655281305313,0.03340340405702591,0.05015373229980469,0.06796382367610931,0.09077586978673935,0.261015385389328,0.32903167605400085,0.3917399048805237,0.43507495522499084,0.46817901730537415,0.10810334384441375,0.17343120276927948,0.26106399297714233,0.3281630277633667,0.367701268196106,0.9915305505142166
2021-06-30,S2B_MSIL2A_20210630T065629_R063_T40RBN_20210701T034335,3.0,False,24.658449,0.004406602434834566,0.262973752617836,0.30105599761009216,0.32707899808883667,0.3459797576069832,0.3633524000644684,0.13854742050170898,0.15164991095662117,0.16697826981544495,0.1872064471244812,0.1992040991783142,0.272481295466423,0.35035717487335205,0.3630163073539734,0.3718763589859009,0.383717206120491,-0.02115834597498178,0.07204773835837841,0.10631003230810165,0.14695212990045547,0.172673062980175,0.8389830508474576
2021-07-02,S2A_MSIL2A_20210702T064631_R020_T40RBN_20210702T213301,3.0,False,8.53217,0.6187915452983793,0.13351935446262359,0.15525151416659355,0.18719041347503662,0.23719197139143944,0.2993302315473557,0.035527899861335754,0.05246983468532562,0.07355406880378723,0.09968506544828415,0.1321096122264862,0.2617015540599823,0.30069872736930847,0.3723929822444916,0.4536266028881073,0.5000841021537781,0.03694545142352581,0.11162157356739044,0.2076025828719139,0.31481683999300003,0.38230465948581693,0.9447797223898612
2021-07-07,S2B_MSIL2A_20210707T064629_R020_T40RBN_20210707T190017,3.0,False,24.561359,0.00014937635372320562,,,,,,,,,,,,,,,,,,,,,
2021-07-22,S2A_MSIL2A_20210722T064631_R020_T40RBN_20210722T174601,3.0,False,15.725047,0.9454402868025992,0.10841971337795259,0.13131281733512878,0.1658734828233719,0.22725659608840942,0.2980639040470124,0.05107173994183541,0.06714113056659698,0.08850641548633575,0.11407191306352615,0.14973241090774536,0.17283546924591064,0.21187716722488403,0.2594665288925171,0.3177521526813507,0.3555130064487457,-0.052792309969663616,0.008227948099374771,0.07686228305101395,0.15117128193378448,0.20330382585525514,0.7745388474147806
2021-07-27,S2B_MSIL2A_20210727T064629_R020_T40RBN_20210727T174112,3.0,False,14.046945,0.8419971618492793,0.12565271258354188,0.14966586977243423,0.18586277961730957,0.24796847254037857,0.33789423108100897,0.026905223727226257,0.0458194836974144,0.06909846514463425,0.1005261093378067,0.1469869166612625,0.2446260303258896,0.2921939492225647,0.37860772013664246,0.47251707315444946,0.5373000979423523,0.000830290885642169,0.09387458115816116,0.2105581909418106,0.34400324523448944,0.42144743800163276,0.9007406750343726
2021-08-01,S2A_MSIL2A_20210801T064631_R020_T40RBN_20210801T211033,3.0,False,9.662037,0.3588020016431399,0.13231922388076783,0.15957728028297424,0.19653933495283127,0.2642033323645592,0.3800439953804016,0.0433592788875103,0.05863223969936371,0.07917438447475433,0.11100957728922367,0.17517085373401642,0.22083890438079834,0.2580108046531677,0.3003314733505249,0.3377220332622528,0.36033399403095245,-0.04931887947022915,0.03734623268246651,0.1291666030883789,0.19079513475298882,0.22853672355413437,0.8198376353039134
2021-08-04,S2A_MSIL2A_20210804T065631_R063_T40RBN_20210804T183438,3.0,False,26.437406,0.9595936963178728,0.1473824679851532,0.17062776908278465,0.20332815498113632,0.2572105750441551,0.32274584472179413,0.06472091376781464,0.07989116758108139,0.10049458593130112,0.12481768429279327,0.15617595613002777,0.16086642444133759,0.20313937962055206,0.2562190294265747,0.30998915433883667,0.3437383621931076,-0.07685697823762894,-0.019992487505078316,0.048529619351029396,0.1190889086574316,0.168010413646698,0.6783156911581569
2021-08-06,S2B_MSIL2A_20210806T064629_R020_T40RBN_20210806T181819,3.0,False,5.432695,0.9844275151243558,0.13784301280975342,0.1609085351228714,0.19523774087429047,0.2528887689113617,0.3170536160469055,0.05810229852795601,0.07446057349443436,0.09524483233690262,0.12024804204702377,0.1524309515953064,0.16495151817798615,0.20981073379516602,0.2662588059902191,0.3319232761859894,0.37610775232315063,-0.06461822986602783,-0.008231282234191895,0.06581336259841919,0.14706528186798096,0.20944136381149292,0.7207237965175828
2021-08-09,S2B_MSIL2A_20210809T065629_R063_T40RBN_20210809T174645,3.0,False,22.89007,0.9848383000970946,0.1332981437444687,0.15814858302474022,0.1924607902765274,0.24626535177230835,0.3202661871910095,0.04550522565841675,0.06282573938369751,0.08348388224840164,0.1100301593542099,0.14763402938842773,0.18620888888835907,0.22729012370109558,0.29035234451293945,0.37579653412103653,0.42484750151634215,-0.05921850055456159,0.01088450476527214,0.10328095033764839,0.21106211468577385,0.2811280727386475,0.7781738207189444
2021-08-11,S2A_MSIL2A_20210811T064631_R020_T40RBN_20210811T202635,3.0,False,10.404471,0.9766972888191799,0.13078348338603973,0.15412652119994164,0.18824069201946259,0.24368688464164734,0.31762751638889314,0.03643152117729187,0.054555512964725494,0.07612304762005806,0.10473573207855225,0.1439730763435364,0.21999961137771606,0.26177462935447693,0.33333274722099304,0.4310555160045624,0.49087385833263397,-0.013953460939228534,0.055362279526889324,0.15413665771484375,0.28286971151828766,0.3580554306507111,0.8746272080752466
2021-08-16,S2B_MSIL2A_20210816T064629_R020_T40RBN_20210816T191923,3.0,False,7.358059,0.9923071177832549,0.12791277915239335,0.14798760414123535,0.18068718910217285,0.23061749711632729,0.27965874373912813,0.05916555970907211,0.07291918992996216,0.09159776568412781,0.11343945562839508,0.1404523104429245,0.18256287276744843,0.2265867441892624,0.2757399380207062,0.33219635486602783,0.3687746524810791,-0.009936515521258115,0.03721192665398121,0.09101612493395805,0.14718711003661156,0.19285080283880238,0.8742285112148126
2021-08-19,S2B_MSIL2A_20210819T065619_R063_T40RBN_20210819T173214,3.0,False,14.567541,0.00014937635372320562,,,,,,,,,,,,,,,,,,,,,
2021-08-21,S2A_MSIL2A_20210821T064631_R020_T40RBN_20210821T221543,3.0,False,11.376322,0.8113750093360221,0.122770756483078,0.14514897018671036,0.1804201304912567,0.23763607442378998,0.3007061779499055,0.04783593863248825,0.06328457593917847,0.0844670832157135,0.10859768837690353,0.13991686701774597,0.19286376833915708,0.23431727290153503,0.28971242904663086,0.35674235224723816,0.4056049883365631,-0.03907669931650162,0.03195744380354881,0.11783084273338318,0.19917754083871841,0.256419575214386,0.8265292032954389
2021-08-24,S2A_MSIL2A_20210824T065621_R063_T40RBN_20210824T144322,3.0,False,15.098565,0.015647173052505788,0.27942527532577516,0.31845709681510925,0.34470903873443604,0.36473317444324493,0.3798262655735016,0.15401709079742432,0.16711249947547913,0.1847480684518814,0.20368586480617523,0.21838608384132385,0.3000157237052917,0.3113546669483185,0.39687472581863403,0.41672876477241516,0.4332917332649231,-0.019504091888666152,0.028956571593880653,0.11855430155992508,0.17009688913822174,0.22360604405403137,0.8281622911694511
2021-08-26,S2B_MSIL2A_20210826T064619_R020_T40RBN_20210826T174359,3.0,False,7.775756,0.9991784300545223,0.14029141515493393,0.1644705906510353,0.19846761226654053,0.2478627935051918,0.3075961619615555,0.044599972665309906,0.06226694583892822,0.08491379767656326,0.1118088886141777,0.14904680848121643,0.21483100950717926,0.2635654807090759,0.3362411856651306,0.4439709559082985,0.5108029842376709,-0.0024640694027766585,0.0582975884899497,0.16013872623443604,0.288092277944088,0.37287862598896027,0.8945657048886231
2021-08-29,S2B_MSIL2A_20210829T065619_R063_T40RBN_20210829T204104,3.0,False,13.454029,0.00044812906116961686,,,,,,,,,,,,,,,,,,,,,
2021-08-31,S2A_MSIL2A_20210831T064631_R020_T40RBN_20210831T210126,3.0,False,12.497645,0.22167450892523713,0.1259327307343483,0.15028614550828934,0.17902535945177078,0.22264445945620537,0.30298617482185364,0.03930642083287239,0.05378638207912445,0.07100872695446014,0.09394439309835434,0.13526862859725952,0.18974637240171432,0.22540248185396194,0.2706613540649414,0.31056371331214905,0.32495564222335815,-0.03891051560640335,0.03132844250649214,0.11676331982016563,0.17608032003045082,0.20827681571245193,0.828167115902965
2021-09-03,S2A_MSIL2A_20210903T065621_R063_T40RBN_20210903T153156,3.0,False,10.386985,0.02950182986033311,0.25327839255332946,0.3226175010204315,0.35844001173973083,0.387472003698349,0.4076979368925095,0.12018533051013947,0.16642983257770538,0.1854260414838791,0.20317068696022034,0.2171870917081833,0.2608480840921402,0.28224554657936096,0.3099253475666046,0.33993464708328247,0.354313012957573,-0.05735015980899334,-0.017101848032325506,0.031618133187294006,0.08129635825753212,0.13529949337244038,0.6784810126582278
2021-09-05,S2B_MSIL2A_20210905T064619_R020_T40RBN_20210905T142704,3.0,False,10.734885,0.15744267682425872,0.136222243309021,0.16238676384091377,0.2008611485362053,0.27690819650888443,0.3800896853208542,0.040638722479343414,0.05718730017542839,0.08444646745920181,0.12232115305960178,0.18272066116333008,0.1741034835577011,0.22862224280834198,0.2877621352672577,0.36094578355550766,0.38780826330184937,-0.07457257434725761,-0.012615971965715289,0.09715452790260315,0.2139660157263279,0.26233309507369995,0.7212998102466793
2021-09-08,S2B_MSIL2A_20210908T065619_R063_T40RBN_20210908T202629,3.0,False,15.555549,0.9751661811935171,0.14134532809257508,0.16862723231315613,0.20548976957798004,0.2606768012046814,0.3232796013355255,0.049744632095098495,0.06825032830238342,0.09116298705339432,0.11853788048028946,0.15246455073356624,0.20277664661407474,0.24888840317726135,0.3197047710418701,0.41886481642723083,0.47573477029800415,-0.02424926124513149,0.0401596799492836,0.1353129893541336,0.2504727244377136,0.33186324834823605,0.8494236587140505
2021-09-10,S2A_MSIL2A_20210910T064621_R020_T40RBN_20210910T165330,3.0,False,20.351285,0.002987527074464112,0.35804097950458524,0.37211692333221436,0.3848898410797119,0.39779361337423325,0.4017729938030243,0.18357049375772477,0.19314644485712051,0.20073302090168,0.20942924916744232,0.2164295762777329,0.39280904531478883,0.40111712366342545,0.4064570665359497,0.4101245775818825,0.41742749214172364,0.0704101137816906,0.08320661634206772,0.10775695368647575,0.13111911341547966,0.1505431935191155,1.0
2021-09-15,S2B_MSIL2A_20210915T064619_R020_T40RBN_20210915T184055,3.0,False,8.657721,0.6130778997684666,0.16076867282390594,0.1903626173734665,0.2349865436553955,0.3130010962486267,0.38889736533164976,0.06272853165864944,0.08216933161020279,0.10938883572816849,0.1403479129076004,0.1862296760082245,0.19267204403877258,0.24389363825321198,0.2971251606941223,0.337644100189209,0.37806349992752075,-0.07523121386766433,0.00036805850686505437,0.08493971824645996,0.1567816585302353,0.20512871146202086,0.7503807029298898
2021-09-18,S2B_MSIL2A_20210918T065619_R063_T40RBN_20210918T190936,3.0,False,1.165438,0.9381955336470237,0.15913072228431702,0.18760444223880768,0.2296200543642044,0.2966402769088745,0.38609419465065004,0.059900734573602676,0.08003336936235428,0.10612287372350693,0.13800477236509323,0.18042293488979338,0.16441486775875092,0.2138289362192154,0.27265459299087524,0.3333323001861572,0.37452107667922974,-0.11402359455823897,-0.03134401887655258,0.06040254235267639,0.1484196037054062,0.2088338166475296,0.6724117342674044
2021-09-20,S2A_MSIL2A_20210920T064631_R020_T40RBN_20210920T201414,3.0,False,9.299287,0.9321084472328031,0.1410743534564972,0.16623466089367867,0.20230276137590408,0.25935494154691696,0.3238905429840089,0.052344370633363724,0.07041862607002258,0.09396196529269218,0.119744673371315,0.1520707905292511,0.19150938093662262,0.23302986845374107,0.28792086243629456,0.36156807839870453,0.4098406434059143,-0.04796875566244125,0.019668424502015114,0.10170437768101692,0.18995990231633186,0.2532186180353165,0.7992387820512821
2021-09-23,S2A_MSIL2A_20210923T065631_R063_T40RBN_20210924T003235,3.0,False,2.684557,0.9710956755545597,0.15694543868303298,0.18810778856277466,0.23368067294359207,0.31176064908504486,0.4094673365354538,0.05686439201235771,0.07808904349803925,0.10722661763429642,0.14375336840748787,0.1923784464597702,0.22010831534862518,0.2711632549762726,0.340465784072876,0.43743234127759933,0.4982597827911377,-0.08109698742628096,0.01644248701632023,0.12885981798171997,0.2525317296385765,0.3418513655662537,0.7815720658360252
2021-09-25,S2B_MSIL2A_20210925T064619_R020_T40RBN_20210926T052202,3.0,False,7.682405,0.9783404287101352,0.14429818093776703,0.1697491742670536,0.20866240561008453,0.27050571888685226,0.3421288043260574,0.058823440223932266,0.07747231423854828,0.10219942033290863,0.13022048398852348,0.16833556741476058,0.2031554877758026,0.25320106744766235,0.3170541226863861,0.40927255153656006,0.4659537076950073,-0.047696350142359734,0.025307475589215755,0.1177600584924221,0.22574298083782196,0.3027460426092148,0.8098328116650126
2021-09-28,S2B_MSIL2A_20210928T065649_R063_T40RBN_20210929T001747,3.0,False,8.559441,0.015087011726043768,0.27788805961608887,0.30417585372924805,0.32395926117897034,0.34355761855840683,0.35593239068984983,0.15025676786899567,0.16145691648125648,0.17682427912950516,0.18980130553245544,0.2019421011209488,0.2632955312728882,0.2796202301979065,0.3126661479473114,0.33310816437005997,0.3450133204460144,-0.009130518231540917,0.014106189366430044,0.03968086093664169,0.07563748024404049,0.10575675442814826,0.8391089108910891
2021-09-30,S2A_MSIL2A_20210930T064701_R020_T40RBN_20210930T192143,3.0,False,19.974351,0.024311001568451715,0.30484268069267273,0.35787875950336456,0.39989495277404785,0.42976121604442596,0.45124825835227966,0.15344326198101044,0.1963396817445755,0.21905110776424408,0.23233777284622192,0.24363592267036438,0.2637479901313782,0.2908734679222107,0.32200244069099426,0.3556150794029236,0.3672494888305664,-0.07259047776460648,-0.03819738328456879,0.0007347088539972901,0.049258431419730186,0.10244663059711456,0.5069124423963134
2021-10-03,S2A_MSIL2A_20211003T065721_R063_T40RBN_20211003T190333,3.0,False,38.673412,0.0,,,,,,,,,,,,,,,,,,,,,
2021-10-05,S2B_MSIL2A_20211005T064729_R020_T40RBN_20211005T173749,3.0,False,38.562502,0.9758010306968407,0.1431726947426796,0.17167429253458977,0.21557609736919403,0.28888463973999023,0.37246222496032716,0.05628232657909393,0.07777955383062363,0.10603859275579453,0.14083324372768402,0.18314486742019653,0.20487987101078034,0.2500372529029846,0.3147308826446533,0.3943496346473694,0.4444904625415802,-0.06488841921091079,0.013512108009308577,0.10741379857063293,0.2058330625295639,0.28062579333782206,0.781171067738232
2021-10-08,S2B_MSIL2A_20211008T065759_R063_T40RBN_20211008T184745,3.0,False,1.118072,0.9899544402121144,0.15928185880184173,0.18913164734840393,0.23529364168643951,0.3111425042152405,0.40512502193450933,0.05660729780793191,0.07892121374607086,0.1082627922296524,0.1445823609828949,0.19202776253223422,0.21223079562187197,0.2629288136959076,0.33480197191238403,0.4303450882434845,0.48815952539443974,-0.08376786857843398,0.011084073223173618,0.1222946047782898,0.2440762221813202,0.33205265998840333,0.7729450375344222
2021-10-10,S2A_MSIL2A_20211010T064811_R020_T40RBN_20211010T172334,3.0,False,6.09483,0.9981327955784599,0.15352440476417542,0.1802970990538597,0.22496823221445084,0.2994605600833893,0.3894999176263809,0.058673709630966187,0.07952221669256687,0.10807876288890839,0.14278633147478104,0.19034740328788757,0.22244319766759874,0.2728425860404968,0.3279424160718918,0.40205201506614685,0.4473637044429779,-0.052189115807414053,0.02819904824718833,0.1154334545135498,0.2011120803654194,0.27452261149883267,0.8115085303801257
2021-10-13,S2A_MSIL2A_20211013T065841_R063_T40RBN_20211013T231720,3.0,False,6.152825,0.09967137202180895,0.25464382767677307,0.32110875844955444,0.38609519600868225,0.431011438369751,0.4701711237430573,0.12568488121032714,0.16215667128562927,0.2006417065858841,0.23638321459293365,0.2628956735134125,0.28905877470970154,0.32687264680862427,0.3599643111228943,0.4005982577800751,0.4223909378051758,-0.06746660619974136,-0.003824889427050948,0.0622732937335968,0.141132652759552,0.22070085704326642,0.7336080929186961
2021-11-04,S2B_MSIL2A_20211104T065039_R020_T40RBN_20211110T190337,3.0,False,3.356418,0.9970871611023975,0.16019851714372635,0.1902514584362507,0.23790937662124634,0.31403108686208725,0.40997721552848815,0.06576178222894669,0.089854896068573,0.12178812175989151,0.15704503655433655,0.20351627469062805,0.18978533148765564,0.2476622313261032,0.3144488036632538,0.37745967507362366,0.4209485352039337,-0.09654402434825897,-0.008919474203139544,0.08353199809789658,0.1659865863621235,0.23041183948516847,0.7291385767790263
2021-11-12,S2A_MSIL2A_20211112T070131_R063_T40RBN_20211112T161733,3.0,False,1.518933,0.9865187840764807,0.16716834008693696,0.20036126673221588,0.2506752610206604,0.3347230851650238,0.44961690902709966,0.07104351371526718,0.09539798647165298,0.13000306487083435,0.171014204621315,0.2266107052564621,0.20930196344852448,0.2649700939655304,0.32651686668395996,0.3777437210083008,0.4235431492328645,-0.11158395856618879,-0.009968175552785397,0.09285283833742142,0.1770416796207428,0.23578749001026153,0.7293409546882689
2021-11-14,S2B_MSIL2A_20211114T065129_R020_T40RBN_20211114T162756,3.0,False,3.376958,0.9987676450817835,-0.14232737421989441,-0.020846404135227203,0.1646428108215332,0.29008063673973083,0.4477670669555665,-0.3057903051376343,-0.18122495710849762,0.0009425199823454022,0.11773645132780075,0.17944800853729248,0.2877104163169861,0.4036717116832733,0.5151487588882446,0.6360867023468018,0.7326885461807251,0.011366560123860841,0.15045922994613647,0.45434650778770447,0.7210702896118164,0.835837459564209,0.9080575808562348
2021-11-17,S2B_MSIL2A_20211117T070149_R063_T40RBN_20211117T220607,3.0,False,0.980174,0.9924564941369781,-0.0038940380327403545,0.09426367469131947,0.17500334233045578,0.260420098900795,0.35196179151535034,-0.128135547041893,-0.03993541747331619,0.0645538941025734,0.12202795408666134,0.16321571171283722,0.24465441703796387,0.31851670145988464,0.3857443779706955,0.45931243896484375,0.5261669754981995,0.0055600423365831375,0.09955688007175922,0.22341288626194,0.42777958512306213,0.564517617225647,0.9054409993979531
2021-11-19,S2A_MSIL2A_20211119T065151_R020_T40RBN_20211119T175201,3.0,False,17.753971,0.9624691911270445,0.05345529392361641,0.1355431228876114,0.19489321112632751,0.27738410234451294,0.3675291419029236,-0.057275126874446865,0.021077221259474754,0.08904197067022324,0.13976812362670898,0.18415692448616028,0.24292275309562683,0.3178523778915405,0.383720338344574,0.4600369334220886,0.5218742489814758,-0.005533704627305242,0.08216682821512222,0.18361914157867432,0.35668203234672546,0.49996359944343555,0.89283358553525
2021-11-22,S2A_MSIL2A_20211122T070211_R063_T40RBN_20211122T200710,3.0,False,1.130159,0.9908506983344536,0.16947404742240907,0.20470742881298065,0.25756126642227173,0.3458414673805237,0.47078990340232846,0.07611013948917389,0.10296828299760818,0.14016848802566528,0.1839342713356018,0.24269003272056575,0.21840965747833252,0.27088645100593567,0.32830560207366943,0.37545958161354065,0.42336001992225647,-0.13505401015281676,-0.025339333340525627,0.08235275745391846,0.16684220731258392,0.22567031085491177,0.6994308973730826
2021-11-24,S2B_MSIL2A_20211124T065159_R020_T40RBN_20211124T184654,3.0,False,3.75884,0.8824408096198372,0.15862835049629212,0.19148896634578705,0.24240468442440033,0.33401503413915634,0.4522191166877747,0.07132589817047119,0.0960807353258133,0.1307496428489685,0.17366279661655426,0.23584153801202892,0.21626345813274384,0.26662909984588623,0.32689353823661804,0.3744538053870201,0.42714834213256836,-0.10617101863026618,-0.012875916436314583,0.08394001051783562,0.1643381081521511,0.2204912304878235,0.7220482437579349
2021-11-27,S2B_MSIL2A_20211127T070229_R063_T40RBN_20211128T093216,3.0,False,0.718871,0.9911494510419001,0.17230451107025146,0.21121591329574585,0.27152755856513977,0.3725481927394867,0.5132652521133423,0.07600133121013641,0.10283345729112625,0.14227324724197388,0.1906115710735321,0.25780603289604187,0.2207731008529663,0.276180237531662,0.34096917510032654,0.3952992260456085,0.45323416590690613,-0.1578136682510376,-0.03710317611694336,0.07908971607685089,0.17138943076133728,0.23760131001472473,0.68234052974643
2021-11-29,S2A_MSIL2A_20211129T065231_R020_T40RBN_20211130T014426,3.0,False,9.64488,0.9911867951303309,0.14922268986701964,0.1849706992506981,0.23996050655841827,0.33265694230794907,0.4670975685119629,0.05511577054858208,0.08504772931337357,0.12369317561388016,0.16878114640712738,0.22952397614717485,0.2168789505958557,0.2781359851360321,0.34842562675476074,0.4029746353626251,0.45377805829048157,-0.09692298024892805,0.008112505311146379,0.10552139952778816,0.19499699771404266,0.2808134347200394,0.7661819003842966
2021-12-02,S2A_MSIL2A_20211202T070241_R063_T40RBN_20211202T202351,3.0,False,33.82309,0.5997087161102398,-0.3450538456439972,-0.2481698840856552,-0.08380566537380219,0.19261343032121658,0.3924191474914551,-0.5005859732627869,-0.3727797567844391,-0.2180699110031128,0.009199289605021477,0.16446074843406677,0.36569875478744507,0.4165833294391632,0.4717193841934204,0.5243428945541382,0.5773048996925354,0.26135029196739196,0.46824079751968384,0.6489506363868713,0.7583711743354797,0.8175540447235108,0.9922162027523507
2021-12-04,S2B_MSIL2A_20211204T065239_R020_T40RBN_20211204T212715,3.0,False,21.724658,0.9803943535738293,-0.20386759042739866,-0.06342759728431702,0.16899742186069489,0.3033945560455322,0.471597945690155,-0.3557037115097046,-0.21684250235557556,0.011787734925746918,0.13604041934013367,0.20319755375385284,0.32052263617515564,0.4065999686717987,0.502316415309906,0.6046998500823975,0.7009686470031737,0.02222892679274083,0.1699511557817459,0.44121965765953064,0.7219483256340027,0.8393522977828979,0.913990782005866
2021-12-07,S2B_MSIL2A_20211207T070249_R063_T40RBN_20211207T223657,3.0,False,5.503349,0.9930539995518709,0.16729041934013367,0.2034495696425438,0.25925876200199127,0.35305460542440414,0.483896204829216,0.07017146050930023,0.09707502275705338,0.13548590242862701,0.18140549957752228,0.24327441602945366,0.24541817605495453,0.3043472170829773,0.3691970705986023,0.42734789848327637,0.4854842722415924,-0.09270145446062088,0.01420685718767345,0.12255930155515671,0.2091396003961563,0.276874303817749,0.774857099879663
2021-12-09,S2A_MSIL2A_20211209T065251_R020_T40RBN_20211209T203554,3.0,True,14.107639,0.9117185749495855,0.1703406259417534,0.20786669477820396,0.26995377242565155,0.3792208358645439,0.5299649119377137,0.07425439357757568,0.10251487791538239,0.14485383033752441,0.19764089584350586,0.27313634753227234,0.2599129378795624,0.3133093938231468,0.3740762174129486,0.42173925042152405,0.47699958086013794,-0.14675785303115843,-0.009984547505155206,0.11030875891447067,0.2042659893631935,0.26917984485626223,0.7324895551732612
2021-12-09,S2A_MSIL2A_20211209T065251_R020_T40RBN_20230129T140226,4.0,False,11.514932,1.0,0.17183180153369904,0.20939886569976807,0.2696090340614319,0.3746429979801178,0.5222302079200744,0.07449814677238464,0.1028006374835968,0.14460569620132446,0.19519919902086258,0.2655383050441742,0.24301559776067735,0.2981957644224167,0.36367520689964294,0.4134874641895294,0.46744760274887076,-0.15692208856344222,-0.026810940355062485,0.09686318039894104,0.19338131323456764,0.2605899780988693,0.7047202927776532
2021-12-17,S2B_MSIL2A_20211217T070309_R063_T40RBN_20211217T192812,3.0,False,2.475198,1.0,-0.37012646794319154,-0.21846630424261093,0.07332252711057663,0.28463973850011826,0.46158888936042786,-0.5284358263015747,-0.3574603497982025,-0.0953330546617508,0.12334036082029343,0.1967255026102066,0.33257511258125305,0.4231579005718231,0.5109624564647675,0.6034082770347595,0.7000609040260315,0.04214143827557564,0.2237842082977295,0.6036196053028107,0.7988632917404175,0.8793053150177002,0.9250504145193816
2021-12-22,S2A_MSIL2A_20211222T070311_R063_T40RBN_20211223T082442,3.0,True,1.155837,0.9900664724774069,0.13911986947059632,0.1778976283967495,0.23433484882116318,0.32643019407987595,0.46338972747325896,0.0522584926337004,0.08598432689905167,0.1266326606273651,0.17464390397071838,0.23522646725177765,0.2449907809495926,0.3124868869781494,0.3820493817329407,0.44400840997695923,0.5007307529449463,-0.08505613207817077,0.03186335973441601,0.14608920365571976,0.23968114703893661,0.32023878991603855,0.8012975256487628
2021-12-22,S2A_MSIL2A_20211222T070311_R063_T40RBN_20230127T212244,4.0,False,0.57647,1.0,0.14383439123630523,0.1938222497701645,0.2721686363220215,0.4046885445713997,0.640460604429245,0.05038704350590706,0.0904819443821907,0.1434391587972641,0.21091869473457336,0.3075183093547821,0.2544737160205841,0.3278968632221222,0.3979106843471527,0.46303313970565796,0.520656943321228,-0.3190387308597564,-0.067264623939991,0.1146996021270752,0.2361738197505474,0.3248192071914673,0.675069086563597
2021-12-24,S2B_MSIL2A_20211224T065309_R020_T40RBN_20211224T212118,3.0,False,1.411638,0.9892449025319292,0.15170607715845108,0.18808726593852043,0.24780596792697906,0.35204092413187027,0.4995816200971604,0.0712883472442627,0.10033750534057617,0.14123906195163727,0.1930207572877407,0.2642751634120941,0.23191240429878235,0.28778019547462463,0.35323500633239746,0.40541326999664307,0.4572231113910675,-0.1494847685098648,-0.02587323822081089,0.0910836011171341,0.18482205271720886,0.25043893754482277,0.7029445073612685
2021-12-27,S2B_MSIL2A_20211227T070309_R063_T40RBN_20211227T175502,3.0,True,5.859108,0.9940996340279333,0.1497736394405365,0.1875910684466362,0.24925041943788528,0.3507112190127373,0.4987943708896638,0.06476256996393204,0.09309693425893784,0.13351087272167206,0.1837763823568821,0.2547500431537628,0.26311472058296204,0.3281916379928589,0.3998930752277374,0.4749768078327179,0.5331588387489319,-0.10430330634117124,0.028610884211957455,0.14822514355182648,0.2474662996828556,0.3357226312160492,0.7903456048084148
2021-12-27,S2B_MSIL2A_20211227T070309_R063_T40RBN_20230125T223627,4.0,False,6.456878,1.0,0.15054408460855484,0.18928463757038116,0.25242674350738525,0.3566030263900757,0.5108710289001465,0.06262691691517833,0.09192534908652306,0.13506463170051575,0.18923968076705933,0.2646084129810333,0.2613857090473175,0.3282665014266968,0.40173329412937164,0.47833607345819473,0.5358636379241943,-0.1179189532995224,0.019831439945846796,0.14500676840543747,0.24660253524780273,0.3368231117725372,0.7774665770408544
2022-01-06,S2B_MSIL2A_20220106T070259_R063_T40RBN_20220107T002738,3.0,False,34.684144,0.04384195981776085,0.13084733933210374,0.16155482828617096,0.19925113767385483,0.23455147072672844,0.27531741857528685,0.027639515697956085,0.055033355951309204,0.08237047493457794,0.10658595710992813,0.13373318314552307,0.45958030223846436,0.5140087008476257,0.5498132109642029,0.5761128664016724,0.5953581929206848,0.3655060797929764,0.43897657841444016,0.49240900576114655,0.5370953530073166,0.5736287653446197,0.9940374787052811
2022-01-08,S2A_MSIL2A_20220108T065251_R020_T40RBN_20220111T052626,3.0,False,10.453329,0.9998879677347076,0.1401883155107498,0.1802257001399994,0.24230730533599854,0.3468201905488968,0.4874180853366856,0.05534949153661728,0.08549244701862335,0.13156229257583618,0.1885322779417038,0.26233065128326416,0.28798598051071167,0.3424360156059265,0.4049549102783203,0.4721944034099579,0.5180425643920898,-0.05545725449919701,0.056909261271357536,0.16395516693592072,0.24795912206172943,0.3228097021579743,0.8359290382819795
2022-01-11,S2A_MSIL2A_20220111T070251_R063_T40RBN_20220112T094801,3.0,False,0.686338,0.9961535588916275,0.06096495538949967,0.12358390167355537,0.20243167877197266,0.3261072188615799,0.5432518362998966,-0.07553865760564804,-0.0004262319707777351,0.06860879063606262,0.14904257655143738,0.2472090870141983,0.3138339459896088,0.4901639521121979,0.59146648645401,0.6876735091209412,0.7708820104598999,-0.006601315736770629,0.18933231383562088,0.43654707074165344,0.6145406663417816,0.759355115890503,0.8965323336457357
2022-01-13,S2B_MSIL2A_20220113T065229_R020_T40RBN_20220113T172612,3.0,False,2.23766,0.9968257524833819,-0.33005494475364683,-0.21202614903450012,0.005405391100794077,0.2357967495918274,0.4476406335830688,-0.4749852418899536,-0.3392382860183716,-0.14755505323410034,0.059228915721178055,0.1842937022447586,0.41425992846488957,0.5609718561172485,0.6280888319015503,0.6986062526702881,0.7607102394104004,0.13258841037750244,0.4860857427120209,0.715203046798706,0.8395235538482666,0.9020691633224487,0.955493949724647
2022-01-18,S2A_MSIL2A_20220118T065221_R020_T40RBN_20220119T020648,3.0,False,29.377205,0.9988423332586451,0.08647829294204712,0.13489913940429688,0.19569216668605804,0.29072849452495575,0.42028926014900214,0.003116339212283492,0.056051865220069885,0.10466533899307251,0.15848950296640396,0.22260673344135284,0.23254995048046112,0.29770320653915405,0.3593357503414154,0.42367660999298096,0.4786117374897003,-0.06723153591156006,0.036455605179071426,0.13161249458789825,0.23630677163600922,0.3620885848999024,0.8160167495420048
2022-01-21,S2A_MSIL2A_20220121T070211_R063_T40RBN_20220122T052000,3.0,False,37.817398,0.32317574128015536,-0.16032883524894714,-0.08614640682935715,0.07118486240506172,0.2885574400424957,0.40519309639930723,-0.30630001425743103,-0.19840070977807045,-0.08005407452583313,0.11143380403518677,0.19709493219852448,0.3646058142185211,0.3998893201351166,0.4460579454898834,0.5172713845968246,0.5766923785209656,0.17390300482511523,0.30697282403707504,0.4759312570095062,0.6043237298727036,0.7523878276348114,0.9924890224173792
2022-01-23,S2B_MSIL2A_20220123T065149_R020_T40RBN_20220124T000532,3.0,False,17.226954,0.947718276196878,0.14428137689828874,0.18689321726560593,0.25294482707977295,0.3641786649823189,0.5364583194255829,0.06033172085881233,0.09467032924294472,0.14181220531463623,0.200460784137249,0.28803545236587524,0.2328569993376732,0.2829931676387787,0.3379700183868408,0.38393494486808777,0.42156079411506653,-0.17958288937807076,-0.035304032266139984,0.08440793305635452,0.1700461208820343,0.22770259976387022,0.6900859011742454
2022-01-26,S2B_MSIL2A_20220126T070139_R063_T40RBN_20220211T164403,4.0,False,0.173505,1.0,0.135834875702858,0.17433814331889153,0.23140227049589157,0.32178863883018494,0.45660513639450073,0.05903676152229309,0.08789821341633797,0.12759177386760712,0.17516344413161278,0.24464185535907745,0.2215481996536255,0.27654875814914703,0.33916832506656647,0.39498522877693176,0.4453294575214386,-0.09047716632485389,0.010033973958343267,0.10298162326216698,0.18007712438702583,0.2435397833585739,0.7693255657629398
2022-01-31,S2A_MSIL2A_20220131T070121_R063_T40RBN_20220216T144204,4.0,False,0.717691,1.0,-0.2682084649801254,-0.14477278292179108,0.11442695930600166,0.2787897139787674,0.4767935931682586,-0.41385374963283533,-0.27825693786144257,-0.039225660264492035,0.1291605494916439,0.21450380980968475,0.1525610089302063,0.24019022285938263,0.3546648323535919,0.43945080041885376,0.5080429911613464,-0.1286996945738792,0.09603944420814514,0.33068515360355377,0.5471386015415192,0.6668694078922272,0.8299723653745612
2022-02-02,S2B_MSIL2A_20220202T065109_R020_T40RBN_20220217T152732,4.0,False,18.68493,1.0,0.11905242353677752,0.1564575731754303,0.2133604884147644,0.3070690408349037,0.4337912440299987,0.044310811907052994,0.07261947728693485,0.1116369441151619,0.15845248103141785,0.21761246025562286,0.23749743402004242,0.2907645106315613,0.3495507836341858,0.4011603891849518,0.4460669875144958,-0.08197732120752334,0.027827910613268614,0.1308092623949051,0.21197005733847618,0.2681613951921463,0.7983419224736724
2022-02-05,S2B_MSIL2A_20220205T070049_R063_T40RBN_20220218T235638,4.0,False,0.103711,1.0,0.14098378270864487,0.1824321150779724,0.24726585298776627,0.35802391171455383,0.526831656694412,0.06114234142005445,0.09164216369390488,0.13684190809726715,0.19493766129016876,0.2793328613042831,0.24883829802274704,0.3071894943714142,0.3742951601743698,0.43937817215919495,0.49585989117622375,-0.16833075135946274,-0.018140594009310007,0.11122657358646393,0.2072151117026806,0.28144688606262197,0.7218238852789604
2022-02-07,S2A_MSIL2A_20220207T065031_R020_T40RBN_20220219T231600,4.0,False,28.8881,0.775487340354022,0.13174653053283691,0.16366083920001984,0.21651135385036469,0.2987571582198143,0.4205821752548218,0.04880574345588684,0.07235723175108433,0.10920749604701996,0.15396270155906677,0.2097218632698059,0.2692214846611023,0.33253395557403564,0.4221057593822479,0.526853084564209,0.5682644844055176,0.009826459921896458,0.1095066536217928,0.20754681527614594,0.32810378074645996,0.4240505248308182,0.9086969084079746
2022-02-10,S2A_MSIL2A_20220210T070031_R063_T40RBN_20220221T060937,4.0,False,0.18803,1.0,0.12251461669802667,0.15997103229165077,0.2205190360546112,0.3179658129811287,0.4813879936933517,0.030430177226662636,0.06097126007080078,0.10645051300525665,0.1633782610297203,0.23627983033657074,0.2637830674648285,0.36730441451072693,0.46172718703746796,0.5681420415639877,0.6317146420478821,-0.053296463191509234,0.09277632087469101,0.2378566488623619,0.39341483265161514,0.5239950895309448,0.8593995070580327
2022-02-12,S2B_MSIL2A_20220212T065009_R020_T40RBN_20220222T050833,4.0,False,0.23235,0.9995892150272612,-0.28695336580276487,-0.1924523189663887,-0.013062382116913795,0.1918289065361023,0.41163903474807745,-0.4289408326148987,-0.32865750789642334,-0.1709780991077423,0.013430971652269363,0.1563338041305542,0.3557620108127595,0.46884986758232117,0.5404980778694153,0.6120269894599915,0.6802976131439209,0.07556821256875992,0.42683587968349457,0.6542865633964539,0.7787521183490753,0.846255624294281,0.932379422423133
2022-02-15,S2B_MSIL2A_20220215T065949_R063_T40RBN_20220223T141500,4.0,False,0.110138,1.0,-0.09192143529653547,0.024395238608121872,0.15412721782922745,0.26095449179410934,0.40934490859508504,-0.2211230844259262,-0.11289377510547638,0.041732072830200195,0.12229814380407333,0.18204701840877532,0.27213364839553833,0.36970415711402893,0.473418727517128,0.5767692923545837,0.6528506636619567,0.007484274357557305,0.13170430809259415,0.3293175548315048,0.6168053299188614,0.7421267211437225,0.9052580476510569
2022-02-17,S2A_MSIL2A_20220217T064941_R020_T40RBN_20220224T125401,4.0,False,0.181512,1.0,0.13678237348794936,0.1738562136888504,0.23414603620767593,0.3396179750561714,0.4948243737220764,0.05961456708610059,0.08825104311108589,0.1287645474076271,0.18010905385017395,0.2542675733566284,0.2298395186662674,0.28304293751716614,0.3452860414981842,0.395395964384079,0.4409109354019165,-0.14993193745613098,-0.019773514941334724,0.0981181263923645,0.18301809579133987,0.24017287045717237,0.7181641646127418
2022-02-20,S2A_MSIL2A_20220220T065921_R063_T40RBN_20220225T225910,4.0,False,0.104627,1.0,0.1391480267047882,0.1761978641152382,0.23412195593118668,0.3317871391773224,0.4819261699914932,0.06317177638411524,0.09262744337320328,0.13325227051973343,0.18519405275583267,0.2597131133079529,0.230569988489151,0.29099419713020325,0.36032602190971375,0.4206218644976616,0.47057536244392395,-0.13269104361534118,-0.0032670492655597627,0.1129925400018692,0.20081594958901405,0.2690886229276657,0.7447904996639032
2022-02-25,S2B_MSIL2A_20220225T065839_R063_T40RBN_20220301T195522,4.0,True,9.259496,1.0,0.07099587395787241,0.12416562251746655,0.1848338097333908,0.27430786937475204,0.4297308295965195,-0.09853960499167443,0.008365139365196228,0.06834106892347336,0.13540634512901306,0.2096707671880722,0.3586612045764923,0.4176093637943268,0.4991810917854309,0.6221053004264832,0.6883007884025574,0.03677012249827386,0.18524077534675598,0.3375885635614395,0.541443333029747,0.6797816336154938,0.9210919411457167
2022-02-25,S2B_MSIL2A_20220225T065839_R063_T40RBN_20240530T024034,5.1,False,9.256852,1.0,0.07128496915102006,0.1234835647046566,0.18242405354976654,0.2693091705441475,0.4171560794115066,-0.09478864073753357,0.008227185346186161,0.06666643917560577,0.13055388629436493,0.1999055758118629,0.3548647344112396,0.4132496416568756,0.4936476945877075,0.6186030507087708,0.68401038646698,0.04833034612238408,0.18770252540707588,0.3360327333211899,0.5373647063970566,0.6745142936706542,0.9290462319814773
2022-02-27,S2A_MSIL2A_20220227T064831_R020_T40RBN_20220302T180221,4.0,False,17.280883,0.6944880125476137,-0.4901448845863342,-0.3888244330883026,-0.20852695405483246,0.03489126265048981,0.3275249242782593,-0.5963756203651428,-0.47681331634521484,-0.30232441425323486,-0.10440410673618317,0.08257271349430084,0.14479127526283264,0.2555123567581177,0.33001387119293213,0.3936502933502197,0.4447419047355652,0.24324238598346712,0.457834929227829,0.611812174320221,0.7115049958229065,0.7740005135536194,0.9718771844921223
2022-03-02,S2A_MSIL2A_20220302T065811_R063_T40RBN_20220304T031846,4.0,True,0.123709,1.0,0.1460648760199547,0.17803116142749786,0.22766714543104172,0.31487368047237396,0.4504731714725494,0.0575888529419899,0.08333320170640945,0.1195840910077095,0.1643691211938858,0.22739794850349426,0.22570188343524933,0.28640612959861755,0.3558233231306076,0.41436928510665894,0.46983602643013,-0.07797343805432318,0.033973476849496365,0.13663315027952194,0.2155107669532299,0.281654492020607,0.8059601165135559
2022-03-02,S2A_MSIL2A_20220302T065811_R063_T40RBN_20240528T164922,5.1,False,0.12123,1.0,0.14562796354293822,0.17794864997267723,0.22887501120567322,0.3172806352376938,0.45710888206958766,0.05643187463283539,0.08335526287555695,0.12027906253933907,0.1667897254228592,0.23062966763973236,0.22891717106103898,0.2888081669807434,0.3589199185371399,0.41563910245895386,0.47106313705444336,-0.08268415331840515,0.03388213645666838,0.13790906965732574,0.21698051318526268,0.2825212627649307,0.8061094928672791
2022-03-07,S2B_MSIL2A_20220307T065729_R063_T40RBN_20220307T194513,4.0,True,5.919234,1.0,0.13349312245845796,0.1741821952164173,0.23812123388051987,0.34453436732292175,0.502874594926834,0.052705008536577225,0.08214717358350754,0.12460044771432877,0.17920613288879395,0.2536773383617401,0.22619225084781647,0.2890323996543884,0.35551273822784424,0.4436217099428177,0.49171575903892517,-0.22106901258230208,-0.04554957803338766,0.10468169674277306,0.23101992532610893,0.3293357133865356,0.686907162596161
2022-03-07,S2B_MSIL2A_20220307T065729_R063_T40RBN_20240524T222725,5.1,False,5.909463,1.0,0.1333640605211258,0.17569348961114883,0.2430696114897728,0.3544866070151329,0.5223863959312439,0.05172451883554459,0.08310463279485703,0.12973609566688538,0.19149647653102875,0.27484652400016785,0.2280307412147522,0.29458969086408615,0.36145859956741333,0.45115114748477936,0.4995071589946747,-0.25264662504196167,-0.05720953084528446,0.10005982965230942,0.23046785220503807,0.33210212290287017,0.6735379789379341
2022-03-09,S2A_MSIL2A_20220309T064721_R020_T40RBN_20220309T183605,4.0,True,27.897033,0.0,,,,,,,,,,,,,,,,,,,,,
2022-03-09,S2A_MSIL2A_20220309T064721_R020_T40RBN_20240529T121619,5.1,False,27.91853,0.0,,,,,,,,,,,,,,,,,,,,,
2022-03-14,S2B_MSIL2A_20220314T064639_R020_T40RBN_20220314T155906,4.0,True,0.244404,1.0,-0.29391076564788815,-0.19985540211200714,-0.0212649367749691,0.18247879296541214,0.39279206097126,-0.4446265995502472,-0.34318119287490845,-0.18734817951917648,0.0027214924339205027,0.13635684549808502,0.30228836238384255,0.3918164074420929,0.473064124584198,0.5592828392982483,0.6252843141555786,0.05643013566732408,0.37231744080781937,0.6037341952323914,0.7363229840993881,0.8108385980129241,0.9253865113152588
2022-03-14,S2B_MSIL2A_20220314T064639_R020_T40RBN_20240526T072428,5.1,False,0.239733,1.0,-0.26724914610385897,-0.181770421564579,-0.021969120018184185,0.16463977098464966,0.3352799445390701,-0.4085789918899536,-0.31920337677001953,-0.17893477529287338,-0.00837671384215355,0.11807966232299805,0.30536219477653503,0.3901173695921898,0.46563494205474854,0.5490843653678894,0.6112473607063293,0.09727965593338014,0.38792072981595993,0.5940684676170349,0.7180277109146118,0.7921612858772278,0.9448427813877063
2022-03-17,S2B_MSIL2A_20220317T065619_R063_T40RBN_20220317T161828,4.0,True,1.630482,1.0,-0.4519776463508606,-0.3632459416985512,-0.15296176075935364,0.11108032613992691,0.3923387289047241,-0.5407464265823364,-0.44286054372787476,-0.2719767689704895,-0.061372630298137665,0.14469088613986966,-0.039800725877285004,0.11644222214818001,0.24506956338882446,0.35645872354507446,0.4178137183189392,0.0812236443161965,0.3389482945203781,0.5128394961357117,0.6154828667640686,0.6870160162448883,0.9284860706550153
2022-03-17,S2B_MSIL2A_20220317T065619_R063_T40RBN_20240523T103231,5.1,False,1.619042,1.0,-0.5394261717796326,-0.4327184036374092,-0.16816110163927078,0.1611236296594143,0.5509392380714416,-0.6201187968254089,-0.5088669061660767,-0.299602210521698,-0.04974141716957092,0.20424671471118927,-0.16922926902770996,0.04827531427145004,0.22058641910552979,0.35577714443206787,0.4250081568956374,-0.0923234298825264,0.28392356634140015,0.5129894316196442,0.6341915726661682,0.7079597115516663,0.8739263574576145
2022-03-19,S2A_MSIL2A_20220319T064631_R020_T40RBN_20220319T200711,4.0,True,4.199165,1.0,0.1394180804491043,0.16843901202082634,0.21270788460969925,0.2876356318593025,0.38775435984134676,0.05939530208706856,0.08049605041742325,0.11004228889942169,0.1468435302376747,0.19589115083217618,0.19423363506793975,0.24532607197761536,0.2972085773944855,0.34602075815200806,0.3769078850746155,-0.09695212021470069,-0.00818009115755558,0.08279811963438988,0.15993783622980118,0.21265343725681304,0.733363208604078
2022-03-19,S2A_MSIL2A_20220319T064631_R020_T40RBN_20240530T044956,5.1,False,4.196361,1.0,0.13781649470329285,0.17043213546276093,0.22170574963092804,0.30661441385746,0.42794824242591856,0.0570828877389431,0.08087553642690182,0.11452136188745499,0.15673331916332245,0.21437914669513702,0.200873002409935,0.2535853981971741,0.3055508881807327,0.35425350069999695,0.3851064145565033,-0.142121385037899,-0.027631145901978016,0.0807085707783699,0.1689777486026287,0.226743420958519,0.6978116364179551
2022-03-22,S2A_MSIL2A_20220322T065631_R063_T40RBN_20220322T222447,4.0,True,1.840411,1.0,0.13651225268840791,0.17326028645038605,0.23087143898010254,0.32443351298570633,0.46786144077777864,0.04894934594631195,0.07605480402708054,0.11774010583758354,0.171239972114563,0.24720273911952972,0.25782158970832825,0.31832754611968994,0.3881903290748596,0.4904479384422302,0.5467422604560852,-0.13683775961399078,0.01504253689199686,0.16563799232244492,0.3046426922082901,0.3967590659856796,0.770595264769587
2022-03-22,S2A_MSIL2A_20220322T065631_R063_T40RBN_20240522T141858,5.1,False,1.825649,1.0,0.1368776261806488,0.17231066152453423,0.22675032168626785,0.3153926357626915,0.4497809708118438,0.05149495229125023,0.07646470330655575,0.1139526516199112,0.1606791615486145,0.22712260931730263,0.2559300661087036,0.3149261176586151,0.38293224573135376,0.4848836064338684,0.5401777923107146,-0.11171955540776252,0.02763884561136365,0.16956863552331924,0.30370082706213,0.39284673035144796,0.7870266636791395
2022-03-24,S2B_MSIL2A_20220324T064619_R020_T40RBN_20220324T203832,4.0,False,0.447256,1.0,0.11872020289301873,0.15422268584370613,0.20961546152830124,0.30445899069309235,0.455834424495697,0.01844630669802428,0.04836422763764858,0.09047605842351913,0.1467941254377365,0.22147321701049805,0.2761120319366455,0.32957589626312256,0.40281039476394653,0.5185936689376831,0.5785248875617981,-0.09695092514157294,0.05445549264550209,0.2083686962723732,0.3757469654083252,0.4783684134483337,0.8167899021584883
2022-03-27,S2B_MSIL2A_20220327T065619_R063_T40RBN_20220327T213021,4.0,False,2.15174,0.9996639032041228,-0.287306946516037,-0.2157297283411026,-0.10652146488428116,0.0793217346072197,0.34129458069801333,-0.391506552696228,-0.3305528461933136,-0.24265438318252563,-0.09637095034122467,0.08505852222442632,0.20153824985027313,0.24988754093647003,0.30297937989234924,0.36218512058258057,0.4107060432434082,0.14013974070549018,0.3633742034435272,0.5037679076194763,0.5903351306915283,0.641610300540924,0.9458328663752849
2022-03-29,S2A_MSIL2A_20220329T064631_R020_T40RBN_20220329T164843,4.0,True,0.990823,1.0,0.06297352388501168,0.11622905731201172,0.160551019012928,0.22335856035351753,0.30284338295459745,-0.03673125021159646,0.021356726065278053,0.06689475476741791,0.10471189767122269,0.13968640565872192,0.20269986987113955,0.27075082063674927,0.3306507170200348,0.37212005257606506,0.4210248291492462,0.007118658442050222,0.08900761976838112,0.1755063310265541,0.27420524507761,0.375220113992691,0.9077974456643514
2022-03-29,S2A_MSIL2A_20220329T064631_R020_T40RBN_20240530T191803,5.1,False,0.995916,1.0,0.06180801987648012,0.11689483933150768,0.16558314859867096,0.23812449350953102,0.3350998401641846,-0.041532251983881,0.02160004200413823,0.0682758092880249,0.10980816185474396,0.15058240294456482,0.21011680811643602,0.27684028446674347,0.3380398750305176,0.3799397945404053,0.42765843868255615,-0.021415422670543166,0.07986248284578323,0.1774679198861122,0.28010978549718857,0.38511312901973727,0.877772798565987
2022-04-01,S2A_MSIL2A_20220401T065621_R063_T40RBN_20220401T195436,4.0,True,0.276807,1.0,0.14063048958778382,0.17328009009361267,0.22513506561517715,0.31326519697904587,0.44774889945983887,0.0632157176733017,0.08732115477323532,0.12303586304187775,0.16785205900669098,0.2318291023373603,0.20405222475528717,0.26937219500541687,0.33708304166793823,0.40278492122888565,0.4505475014448166,-0.13752994537353513,-0.015542086213827133,0.10011065751314163,0.20022514089941978,0.2776269882917404,0.7232429606393308
2022-04-01,S2A_MSIL2A_20220401T065621_R063_T40RBN_20240606T145043,5.1,False,0.267578,1.0,0.14061257243156433,0.17250072956085205,0.22137964516878128,0.30493202805519104,0.4307104587554931,0.06485035941004753,0.08837036788463593,0.12220664322376251,0.16495278477668762,0.22577451169490814,0.20419084429740908,0.2676805257797241,0.33514827489852905,0.4009633958339691,0.4486112892627716,-0.11730311810970306,-0.005642300937324762,0.10187714919447899,0.1974066123366356,0.27370705008506774,0.7389274777802673
2022-04-03,S2B_MSIL2A_20220403T064619_R020_T40RBN_20220403T182040,4.0,False,0.180453,1.0,0.13542043268680573,0.1710599549114704,0.22758230566978455,0.32983775436878204,0.4829240947961807,0.05535125359892845,0.0812138095498085,0.11681260541081429,0.16469545662403107,0.23076879978179932,0.22237767279148102,0.29335546493530273,0.3673529028892517,0.4543280005455017,0.509815514087677,-0.1488780826330185,-0.0029500421951524913,0.13542820513248444,0.25936634838581085,0.3511980295181274,0.7458361341399656
2022-04-06,S2B_MSIL2A_20220406T065619_R063_T40RBN_20220407T000830,4.0,False,0.231221,1.0,0.13553123027086258,0.16807974502444267,0.21718761324882507,0.29852384328842163,0.4261808782815933,0.04676711931824684,0.06996900588274002,0.102339006960392,0.14481346309185028,0.2036456286907195,0.24142460525035858,0.2996627986431122,0.3763200640678406,0.4863278865814209,0.5508585572242737,-0.07802755609154696,0.039682403206825256,0.17050501704216003,0.316995233297348,0.4133850663900375,0.8112256329822989
2022-04-08,S2A_MSIL2A_20220408T064631_R020_T40RBN_20220408T201739,4.0,True,0.202385,1.0,0.12596443742513658,0.1569206304848194,0.20411129295825958,0.284651443362236,0.4082247495651245,0.03658399730920792,0.06114061642438173,0.09634628891944885,0.1412278562784195,0.20303694903850555,0.258120334148407,0.3159808814525604,0.38612499833106995,0.5001577734947205,0.5645180344581604,-0.054085537791252136,0.06118792202323675,0.1898188516497612,0.3398738130927086,0.43735095858573914,0.8402793337814624
2022-04-08,S2A_MSIL2A_20220408T064631_R020_T40RBN_20240604T073343,5.1,False,0.199747,1.0,0.12639112174510955,0.15603062510490417,0.20026317983865738,0.27529989182949066,0.38844822645187377,0.03795577213168144,0.06111012026667595,0.09314671158790588,0.13485150039196014,0.19038847088813782,0.2525573670864105,0.30970028042793274,0.37924420833587646,0.4939873218536377,0.5574421882629395,-0.039653755724430084,0.06739957630634308,0.18865198642015457,0.3345850259065628,0.43057979345321656,0.8536858615281201
2022-04-11,S2A_MSIL2A_20220411T065621_R063_T40RBN_20220412T055249,4.0,True,2.036404,1.0,0.11622905731201172,0.14833040535449982,0.19211028516292572,0.2648693546652794,0.38050760328769684,-0.0023324184585362673,0.04488769546151161,0.08403889834880829,0.12580681592226028,0.17471296489238738,0.2526121735572815,0.33732038736343384,0.4076136648654938,0.5153732299804688,0.5805412530899048,-0.023725986294448366,0.10066028498113155,0.23117981851100922,0.3818509578704834,0.5051737248897552,0.8791545298379266
2022-04-11,S2A_MSIL2A_20220411T065621_R063_T40RBN_20240604T211515,5.1,False,2.031155,1.0,0.11344535127282143,0.15115869045257568,0.20674575120210648,0.29923250526189804,0.45705392360687247,-0.006299491506069899,0.04534926638007164,0.0915214940905571,0.14312273263931274,0.20596857368946075,0.2625267803668976,0.35113799571990967,0.42309239506721497,0.5295774936676025,0.5953929722309111,-0.10905595570802688,0.06692737340927124,0.22875533252954483,0.39319194108247757,0.5226905286312103,0.8211591605048921
2022-04-13,S2B_MSIL2A_20220413T064619_R020_T40RBN_20220414T020322,4.0,True,14.095876,0.9997012472925536,-0.20251849591732024,-0.10389117151498795,0.07363654300570488,0.20966299250721931,0.3695563346147539,-0.34490177035331726,-0.2428959459066391,-0.08005575090646744,0.08179502934217453,0.14788272976875305,0.20282438397407532,0.2741409242153168,0.35212641954421997,0.45401448011398315,0.5346947312355042,-0.045662575960159296,0.1297510452568531,0.40139247477054596,0.573076918721199,0.673816227912903,0.8655958162121778
2022-04-13,S2B_MSIL2A_20220413T064619_R020_T40RBN_20240606T195312,5.1,False,14.059375,1.0,-0.2357299670577049,-0.11955113708972931,0.08388686180114746,0.23637695610523224,0.4568588942289352,-0.3923749327659607,-0.2697118818759918,-0.08211860060691833,0.09492918103933334,0.17308422923088074,0.18226027488708496,0.2655423581600189,0.3523452579975128,0.4618234634399414,0.5468291103839873,-0.1378598421812057,0.09307078085839748,0.3967359662055969,0.59238301217556,0.700515753030777,0.823810590783479
2022-04-16,S2B_MSIL2A_20220416T065619_R063_T40RBN_20220416T170130,4.0,False,26.09542,0.893942788856524,0.12113073617219926,0.16197871416807175,0.2226368710398674,0.3221359923481941,0.47848012745380397,0.04683507643640041,0.07563412934541702,0.11317740380764008,0.1593087911605835,0.222447295486927,0.20016378164291382,0.2681333124637604,0.3339233100414276,0.40252160280942917,0.4454723596572876,-0.22893073260784147,-0.047366758808493614,0.09700890257954597,0.2097117155790329,0.287906065583229,0.6867323920126994
2022-04-21,S2A_MSIL2A_20220421T065631_R063_T40RBN_20220422T004721,4.0,True,2.670447,1.0,0.12279323041439057,0.15080420672893524,0.19342203438282013,0.25886061042547226,0.36247742772102354,0.020488541573286057,0.04770402982831001,0.08066032081842422,0.12640516459941864,0.17839418351650238,0.2573241889476776,0.3117534667253494,0.3888670802116394,0.49741923809051514,0.553601086139679,-0.023818743228912344,0.07928408868610859,0.21012677252292633,0.36338382959365845,0.4506996840238571,0.8726193143625364
2022-04-21,S2A_MSIL2A_20220421T065631_R063_T40RBN_20240524T005316,5.1,False,2.62901,1.0,0.12163754403591157,0.15085303783416748,0.19650325179100037,0.26697973161935806,0.3794780731201171,0.02009701542556286,0.04760633409023285,0.08178041130304337,0.12937410175800323,0.18266117572784424,0.2588634550571442,0.3142678141593933,0.3912754952907562,0.4995832070708275,0.5559087216854095,-0.03700632601976394,0.07403177209198475,0.21093576401472092,0.36778154224157333,0.4549606114625931,0.858577937112555
2022-04-23,S2B_MSIL2A_20220423T064619_R020_T40RBN_20220424T004155,4.0,True,34.103474,1.0,0.06670410037040712,0.1131526380777359,0.18528589606285095,0.2954361215233803,0.46192264258861543,-0.05811257287859917,0.008050083182752132,0.060646794736385345,0.12564364075660706,0.19496279954910278,0.2702740728855133,0.30926357209682465,0.3684435933828354,0.4496195912361145,0.5014383792877197,-0.19446460306644434,0.024747663643211126,0.1974935159087181,0.3655453771352768,0.47719015181064606,0.7759728135036223
2022-04-23,S2B_MSIL2A_20220423T064619_R020_T40RBN_20240608T175630,5.1,False,34.156114,0.9999253118231384,0.07052107155323029,0.10972527787089348,0.1659344732761383,0.2486899197101593,0.36805999279022217,-0.05303262174129486,0.008157040923833847,0.056120648980140686,0.11364239454269409,0.17241349816322327,0.2638922929763794,0.30134059488773346,0.36203819513320923,0.442732036113739,0.4919438362121582,-0.06313411891460419,0.0667733084410429,0.20744679123163223,0.354789599776268,0.455184668302536,0.8413131162234837
2022-04-28,S2A_MSIL2A_20220428T064631_R020_T40RBN_20220429T014848,4.0,False,12.21623,1.0,0.09131531342864037,0.1279769130051136,0.17946182936429977,0.2689121887087822,0.395928081870079,0.004899125080555677,0.04254089295864105,0.08147194609045982,0.12491316348314285,0.1798372253775594,0.19924873113632202,0.2659294903278351,0.32799917459487915,0.3872181549668312,0.42852309346199036,-0.10453001782298088,0.026338760275393724,0.14896076917648315,0.24658186361193657,0.3138048827648163,0.787138695944432
2022-05-01,S2A_MSIL2A_20220501T065631_R063_T40RBN_20220502T000019,4.0,False,6.426299,1.0,0.13007857948541643,0.1659962311387062,0.22155655920505524,0.3072284013032913,0.43999919295310974,0.05253799259662628,0.07653898000717163,0.1115657351911068,0.15851479768753052,0.22240224480628967,0.21039036065340047,0.26668792963027954,0.3277359902858734,0.41328105330467224,0.4599660038948059,-0.1884831666946411,-0.04018374998122454,0.10191257297992706,0.2259182594716549,0.30856700539588927,0.6894092165210247
2022-05-03,S2B_MSIL2A_20220503T064619_R020_T40RBN_20220503T220301,4.0,False,1.899064,0.9989170214355068,0.13654303550720215,0.16340228915214539,0.20180298388004303,0.25925883650779724,0.3361973583698273,0.047445692121982574,0.0648147314786911,0.09011957794427872,0.12065420299768448,0.16318218410015106,0.2191682904958725,0.26476335525512695,0.3274162709712982,0.4332704544067383,0.48673751950263977,-0.024276179447770115,0.05424119904637337,0.15482647716999054,0.2730103135108948,0.34799981117248535,0.8613779954390819
2022-05-06,S2B_MSIL2A_20220506T065619_R063_T40RBN_20220507T114056,4.0,True,17.588148,1.0,0.10754780247807502,0.1318155825138092,0.1686261221766472,0.21819549798965454,0.28982099890708923,0.02579524461179972,0.04515662416815758,0.07328663766384125,0.11113629676401615,0.152593731880188,0.1852891892194748,0.2215709686279297,0.2781441807746887,0.3558957874774933,0.3909154534339905,-0.09335498511791229,-0.004759836592711508,0.10041825845837593,0.21009990572929382,0.27894388139247894,0.7397117036373142
2022-05-06,S2B_MSIL2A_20220506T065619_R063_T40RBN_20240617T005636,5.1,False,17.627157,1.0,0.10624428987503053,0.13375934958457947,0.17639872431755066,0.23393039032816887,0.317498505115509,0.024844717234373093,0.04516918584704399,0.07527558505535126,0.11590036004781723,0.16034431159496296,0.18606104999780657,0.22332508862018585,0.27941058576107025,0.3593006432056427,0.39453938603401184,-0.129098516702652,-0.022567790001630783,0.09569539874792099,0.21482091024518013,0.28996793925762177,0.7056538949884233
2022-05-08,S2A_MSIL2A_20220508T064631_R020_T40RBN_20220509T044509,4.0,True,1.496495,1.0,0.07577024102210998,0.1097335834056139,0.15896420180797577,0.23508234694600105,0.3457138508558273,-0.03946859389543533,0.01440533809363842,0.05498405918478966,0.10699691623449326,0.15942359417676918,0.25292693674564365,0.29126986861228943,0.3574647456407547,0.44961732625961304,0.4990045428276062,-0.05090862549841404,0.06751705892384052,0.20162184536457062,0.35154981166124344,0.4494073450565338,0.8481962805287923
2022-05-08,S2A_MSIL2A_20220508T064631_R020_T40RBN_20240618T100951,5.1,False,1.473638,1.0,0.07084737345576286,0.11341822519898415,0.17862685769796371,0.2818576619029045,0.43840359449386596,-0.049680083990097046,0.01313745602965355,0.06539309024810791,0.13248947262763977,0.2030124172568321,0.2676655650138855,0.30852025747299194,0.37435755133628845,0.4689478874206543,0.5197001695632935,-0.16728323698043823,0.0283323316834867,0.19500863552093506,0.3662291020154953,0.47835023105144503,0.7814250504145194
2022-05-11,S2A_MSIL2A_20220511T065631_R063_T40RBN_20220512T044042,4.0,False,16.117974,0.9997759354694152,0.1404415562748909,0.16697049885988235,0.207499697804451,0.27141881734132767,0.36584599912166604,0.05477301403880119,0.07629098743200302,0.1038510650396347,0.13798128068447113,0.1775263756513597,0.18334807455539703,0.24474048614501953,0.31231364607810974,0.3732730448246002,0.41575494408607483,-0.08013988509774206,0.01340010529384017,0.0995367094874382,0.18214897438883781,0.25112612545490265,0.7780890482593754
2022-05-13,S2B_MSIL2A_20220513T064619_R020_T40RBN_20220515T210443,4.0,True,0.795868,1.0,-0.10082490593194962,-0.013750351965427399,0.11615091189742088,0.20427080988883972,0.31436258256435395,-0.2419888973236084,-0.15882287174463272,-0.025185147300362587,0.07340575754642487,0.11837510764598846,0.2862485945224762,0.3790343701839447,0.4521087557077408,0.5307177305221558,0.6042729854583736,0.09887421205639843,0.22680221498012543,0.41433726251125336,0.6024400144815445,0.7061924636363983,0.9563821047128239
2022-05-13,S2B_MSIL2A_20220513T064619_R020_T40RBN_20240613T170011,5.1,False,0.794253,1.0,-0.11733084246516227,-0.019701194018125534,0.12138594686985016,0.22110842540860176,0.36140358746051787,-0.2669984698295593,-0.1736287660896778,-0.02397520374506712,0.08136541396379471,0.1336487978696823,0.29375707507133486,0.3861719071865082,0.4602554142475128,0.5432262420654297,0.6211696267127991,0.06774818375706676,0.2150345928966999,0.41641947627067566,0.6226210296154022,0.7337958514690399,0.9343490925386512
2022-05-18,S2A_MSIL2A_20220518T064631_R020_T40RBN_20220520T034427,4.0,False,2.769969,1.0,0.10607865303754807,0.12907949090003967,0.1542983204126358,0.1867954172194004,0.2232620388269424,0.038690418004989624,0.05204729735851288,0.06872599571943283,0.08617480844259262,0.10695286095142365,0.17591866850852966,0.20923197269439697,0.26181185245513916,0.3417600393295288,0.37489813566207886,-0.020665139518678186,0.03602664452046156,0.11134885996580124,0.18296308815479279,0.23237547427415847,0.8526775711404885
2022-05-23,S2B_MSIL2A_20220523T064629_R020_T40RBN_20220524T023808,4.0,False,0.248802,1.0,0.10757066383957863,0.139451052993536,0.18667959421873093,0.2630714923143387,0.37853959798812864,-0.022882811725139618,0.028327282518148422,0.0672985166311264,0.11113760434091091,0.16830812394618988,0.28986623883247375,0.34411415457725525,0.41577327251434326,0.5310482382774353,0.5976147651672363,0.0038391659269109485,0.12014774791896343,0.25237491726875305,0.418324813246727,0.524852830171585,0.903726940025394
2022-05-28,S2A_MSIL2A_20220528T064631_R020_T40RBN_20220529T054409,4.0,True,1.807486,1.0,0.10788516402244568,0.13600199297070503,0.17749391496181488,0.2406396083533764,0.3195529729127884,0.03620382398366928,0.056041549891233444,0.08201269805431366,0.11277157999575138,0.151204451918602,0.166640967130661,0.20443163812160492,0.25479041039943695,0.3238307535648346,0.3575031220912933,-0.10218646377325055,-0.016083860769867897,0.0741002969443798,0.1646185778081417,0.22576631903648375,0.7114048846067668
2022-05-28,S2A_MSIL2A_20220528T064631_R020_T40RBN_20240629T015931,5.1,False,1.786001,1.0,0.1077837735414505,0.1369219459593296,0.17983291298151016,0.2456764541566372,0.32811070382595064,0.036464300006628036,0.05622730031609535,0.08258072286844254,0.11359438300132751,0.1518198549747467,0.16723525524139404,0.20548342168331146,0.2558610141277313,0.32512664794921875,0.35859693288803096,-0.10902670472860336,-0.01878670835867524,0.07462073117494583,0.1675593964755535,0.23021816313266755,0.7066248412876242
2022-05-31,S2A_MSIL2A_20220531T065631_R063_T40RBN_20220601T063418,4.0,True,28.219724,1.0,0.13934033513069155,0.17001036927103996,0.21596942842006683,0.2857138365507126,0.393801325559616,0.054582491517066956,0.074757419526577,0.10496888309717178,0.1451331377029419,0.19620320200920105,0.19759277999401093,0.25109949707984924,0.313604474067688,0.39696941524744034,0.44318454563617704,-0.13760783672332763,-0.019750382285565138,0.1007530577480793,0.21569262072443962,0.2929613769054413,0.7123758309059676
2022-05-31,S2A_MSIL2A_20220531T065631_R063_T40RBN_20240615T113056,5.1,False,28.536552,1.0,0.13896094262599945,0.17335186153650284,0.22671037912368774,0.30888959020376205,0.43808607459068294,0.05295446515083313,0.0750166829675436,0.10941997170448303,0.15575100481510162,0.21608848869800568,0.19954323023557663,0.2550455778837204,0.317910760641098,0.4024489298462868,0.4496948719024658,-0.19424545913934704,-0.04761887434870005,0.0939101055264473,0.22232526168227196,0.30400315821170804,0.6737246993800882
2022-06-02,S2B_MSIL2A_20220602T064629_R020_T40RBN_20220603T032236,4.0,True,0.639228,1.0,0.11177453473210335,0.1398133598268032,0.18227385729551315,0.2477814331650734,0.33732370436191556,0.0321483723819256,0.05126439221203327,0.07874327898025513,0.11202863603830338,0.15813997387886047,0.20214588940143585,0.24474743008613586,0.312847375869751,0.4056686758995056,0.45624446868896484,-0.07206920459866521,0.02286237059161067,0.1331968680024147,0.2510535344481468,0.32800123393535613,0.7947568899843155
2022-06-02,S2B_MSIL2A_20220602T064629_R020_T40RBN_20240619T144519,5.1,False,0.66335,1.0,0.11081577092409134,0.14208225905895233,0.19047588855028152,0.2658031955361366,0.3710421711206436,0.030247051268815994,0.05132777616381645,0.08193564414978027,0.11922793835401535,0.1707616150379181,0.20515204966068268,0.24933438003063202,0.3170830011367798,0.4120193123817444,0.4642179012298584,-0.10416547060012817,0.00847892090678215,0.13212403655052185,0.25617580860853195,0.33838014006614686,0.7651803719471207
2022-06-05,S2B_MSIL2A_20220605T065619_R063_T40RBN_20220605T164227,4.0,False,17.324466,0.9994024945851072,0.12974822521209717,0.15951848402619362,0.20457544177770615,0.27415401488542557,0.3864264309406282,0.030620853789150727,0.052707694470882416,0.08327244222164154,0.12829899787902832,0.183039590716362,0.22703002393245697,0.27965596318244934,0.3508879542350769,0.4479619562625885,0.5070633888244629,-0.09335579946637153,0.026624241843819618,0.16042149811983109,0.30424315482378006,0.3900608777999878,0.7932516254390554
2022-06-07,S2A_MSIL2A_20220607T064631_R020_T40RBN_20220607T170102,4.0,False,0.414468,1.0,0.11325822323560715,0.1407516971230507,0.1827557533979416,0.24869460985064507,0.3491526424884796,0.009461668320000172,0.04024366848170757,0.07202818244695663,0.10946639254689217,0.1577437624335289,0.23985655605793,0.2845236212015152,0.35441264510154724,0.46541815996170044,0.5249907910823822,-0.03802069388329982,0.06487100012600422,0.1858258694410324,0.33514953404664993,0.4283643543720245,0.8540593024124281
2022-06-10,S2A_MSIL2A_20220610T065631_R063_T40RBN_20220611T045534,4.0,False,7.586788,0.9973112256329822,0.11875444278120995,0.14656535908579826,0.18660912662744522,0.24686141684651375,0.33754853904247284,0.009330056607723236,0.044036101549863815,0.07768881320953369,0.1133723184466362,0.1511065661907196,0.19012396037578583,0.26333630084991455,0.33162322640419006,0.399184986948967,0.45918044447898865,-0.07733883336186409,0.037929631769657135,0.14740998297929764,0.2535141557455063,0.35077084600925446,0.8113906987193888
2022-06-12,S2B_MSIL2A_20220612T064629_R020_T40RBN_20220613T034013,4.0,False,0.456396,1.0,0.11929958015680313,0.1474880650639534,0.18826846778392792,0.2575503811240196,0.3468863308429718,0.03093782067298889,0.05130428820848465,0.07859604805707932,0.11101239919662476,0.14931565523147583,0.2018589273095131,0.251738578081131,0.3105853497982025,0.3823050558567047,0.42717390656471244,-0.050542085990309696,0.04209345206618309,0.14097150415182114,0.22542679682374,0.28565821051597595,0.8265740533273582
2022-06-15,S2B_MSIL2A_20220615T065629_R063_T40RBN_20220616T063334,4.0,False,22.147216,1.0,0.1063828319311142,0.13858076930046082,0.1810874417424202,0.23480844497680664,0.3140032082796096,0.039426660165190704,0.05950641632080078,0.08473445475101471,0.11648759245872498,0.15299242734909058,0.17862337827682495,0.2148032933473587,0.28139862418174744,0.3533240258693695,0.39066919684410095,-0.13445740044116972,-0.029092851094901562,0.08822004124522209,0.20170768350362778,0.2738576829433441,0.6929942490103816
2022-06-17,S2A_MSIL2A_20220617T064641_R020_T40RBN_20220619T101607,4.0,True,3.095599,1.0,0.11703060641884803,0.14883007109165192,0.19664304703474045,0.27458152174949646,0.3916668176651001,0.014981264248490334,0.040625326335430145,0.07343641296029091,0.11994227021932602,0.17326930165290833,0.2304921239614487,0.27380818873643875,0.3553684949874878,0.4592239558696747,0.5172812581062317,-0.09686937630176544,0.030211834702640772,0.1728360280394554,0.32943738251924515,0.4150189638137817,0.7951303308686235
2022-06-17,S2A_MSIL2A_20220617T064641_R020_T40RBN_20240628T150705,5.1,False,3.091739,1.0,0.11765867173671724,0.14873108640313148,0.19489126652479172,0.26963935792446136,0.38304947614669793,0.015014986507594585,0.0404838714748621,0.07265691459178925,0.1183418519794941,0.17124242484569546,0.2302701324224472,0.2735793963074684,0.35452261567115784,0.4582362473011017,0.5164735913276672,-0.08896767497062683,0.033817991614341736,0.17295866459608078,0.32740551233291626,0.41212528645992275,0.8005452236910897
2022-06-20,S2A_MSIL2A_20220620T065631_R063_T40RBN_20220621T162458,4.0,False,36.036184,0.9908880424228844,0.04372779093682767,0.10304342582821846,0.16745391488075256,0.2486906200647354,0.366476708650589,-0.11179657280445099,-0.02859925478696823,0.046562422066926956,0.1151861883699894,0.17039479315280914,0.2539505958557129,0.29167383909225464,0.34920069575309753,0.42423129081726074,0.4796987473964691,-0.11338831707835197,0.04188589099794626,0.20816658437252045,0.37187599390745163,0.4763028919696808,0.8005954624255672
2022-06-22,S2B_MSIL2A_20220622T064629_R020_T40RBN_20220622T155621,4.0,False,0.539621,1.0,0.09391546249389648,0.1407424807548523,0.19711777567863464,0.27670449763536453,0.3980520546436309,-0.0808078870177269,0.012280578026548028,0.06357265263795853,0.11237536370754242,0.16553547978401184,0.26816996932029724,0.31983980536460876,0.3882254958152771,0.4824022650718689,0.5427408814430237,-0.07172107771039009,0.07752514630556107,0.22646132111549377,0.3837369978427887,0.5001185417175293,0.8420718500261408
2022-06-25,S2B_MSIL2A_20220625T065629_R063_T40RBN_20220625T190443,4.0,False,26.096243,1.0,0.12372430264949799,0.15258093178272247,0.19350004196166992,0.25092143565416336,0.3250816613435744,0.039805538952350616,0.05955711379647255,0.08493286371231079,0.11309944838285446,0.1485901176929474,0.16823945492506026,0.20999953150749207,0.2656519412994385,0.3311765119433403,0.3681086301803589,-0.13135186582803726,-0.027970270719379187,0.07539635896682739,0.16601449996232986,0.2300110250711441,0.6901187542012099
2022-06-27,S2A_MSIL2A_20220627T064641_R020_T40RBN_20220627T230410,4.0,False,17.223208,0.7304503697064755,0.10852973833680153,0.13588829711079597,0.17268306761980057,0.2246599942445755,0.27890738248825087,0.03448192290961743,0.053566571325063705,0.07621366530656815,0.09913390874862671,0.126735657453537,0.17565859854221344,0.20438969135284424,0.24631018936634064,0.3325449228286743,0.37803077697753906,-0.05010240711271762,0.023271095007658005,0.10271338373422623,0.18706109374761581,0.2530131131410599,0.8102760736196319
2022-07-05,S2B_MSIL2A_20220705T065629_R063_T40RBN_20220707T011308,4.0,False,24.315444,0.9989170214355068,0.0686204805970192,0.09839802235364914,0.1396423876285553,0.18528048694133759,0.24607151448726655,0.014891323447227479,0.04526839405298233,0.0726684108376503,0.1060529351234436,0.13649976253509521,0.16809211671352386,0.21381355822086334,0.2684500217437744,0.3369236886501312,0.380109041929245,-0.07255440205335614,0.01652730628848076,0.11153921484947205,0.22193165123462677,0.2982030153274537,0.786795768066096
2022-07-12,S2B_MSIL2A_20220712T064629_R020_T40RBN_20240717T224519,5.1,False,31.047305,0.9913735155724849,0.10331117063760759,0.14999982714653015,0.22131380438804626,0.329100102186203,0.4794688522815705,0.07154328376054764,0.09593223035335541,0.13458441197872162,0.18062955141067505,0.24151656031608582,0.20265935361385345,0.24618283659219742,0.3084963858127594,0.378980815410614,0.42922186851501465,-0.28973862528800953,-0.0842750035226345,0.08306150138378143,0.222544826567173,0.3162234008312225,0.640260669755528
2022-07-15,S2B_MSIL2A_20220715T065629_R063_T40RBN_20240713T063920,5.1,False,38.205609,1.0,0.11444133967161178,0.1566065140068531,0.2173636183142662,0.2939171865582466,0.4049963116645813,0.044830698519945145,0.06744777411222458,0.09714711084961891,0.1371813416481018,0.18327192962169647,0.17289458215236664,0.21066714823246002,0.27942752838134766,0.35844847559928894,0.400497704744339,-0.2596115112304687,-0.09495975263416767,0.06326353549957275,0.2066941298544407,0.2998236745595932,0.6054223616401524
2022-07-22,S2B_MSIL2A_20220722T064629_R020_T40RBN_20240717T155750,5.1,False,19.982898,1.0,0.11044464260339737,0.14806805923581123,0.2021101638674736,0.2816188707947731,0.3822962403297424,0.058367468416690826,0.0800064206123352,0.11009538173675537,0.14480139315128326,0.18902498483657837,0.16197484731674194,0.2076001763343811,0.2522260844707489,0.30100518465042114,0.32905295491218567,-0.18932808488607406,-0.07103973627090454,0.04227416403591633,0.14086132124066353,0.2115582525730133,0.6052729852864291
2022-07-25,S2B_MSIL2A_20220725T065629_R063_T40RBN_20240714T112745,5.1,False,26.821691,1.0,0.12851259261369705,0.16624711453914642,0.222998209297657,0.2958926633000374,0.39624130725860596,0.058662645518779755,0.0789344310760498,0.10813640803098679,0.14211825281381607,0.1825059950351715,0.15234798192977905,0.19691720604896545,0.25784628093242645,0.3236643373966217,0.36177060008049006,-0.23558028042316437,-0.10160964354872704,0.030638632364571095,0.14880678057670593,0.22457733601331709,0.5650907461348869
2022-08-01,S2B_MSIL2A_20220801T064629_R020_T40RBN_20240717T140449,5.1,False,16.988374,0.9807304503697065,0.09608583822846416,0.13254407793283463,0.1857258304953575,0.26157044619321823,0.3597143173217774,0.05657891109585762,0.07702158577740192,0.10591552406549454,0.14010068774223328,0.1850128322839737,0.2055026739835739,0.23982523381710052,0.3090561032295227,0.3996168076992035,0.4511512190103531,-0.13104829490184783,-0.00860945275053382,0.1211281381547451,0.2531796619296074,0.34688010811805725,0.7357017744269286
2022-08-04,S2B_MSIL2A_20220804T065629_R063_T40RBN_20240717T165107,5.1,False,17.794177,1.0,0.11076051443815231,0.154289148747921,0.21789391338825226,0.3056611344218254,0.4389175236225128,0.05796489641070367,0.08172211050987244,0.11421458423137665,0.15720663219690323,0.21200524270534515,0.19282321631908417,0.24367323517799377,0.3074856400489807,0.3996170461177826,0.4566652774810791,-0.25208987593650817,-0.08771161548793316,0.07628587633371353,0.22752665355801582,0.32753272652626036,0.6231981477332138
2022-08-06,S2A_MSIL2A_20220806T064641_R020_T40RBN_20220807T052357,4.0,False,1.01854,1.0,0.12908349931240082,0.16039634495973587,0.2067681849002838,0.27682825922966003,0.3562917202711105,0.05462571606040001,0.0747939869761467,0.10173150897026062,0.13090841472148895,0.1677529215812683,0.16212119460105898,0.20875181257724762,0.25346213579177856,0.30386143922805786,0.33095666766166687,-0.1298532485961914,-0.04580052848905325,0.040524449199438095,0.11937342584133148,0.17935772538185119,0.6290985137052805
2022-08-09,S2A_MSIL2A_20220809T065631_R063_T40RBN_20240703T024243,5.1,False,21.512602,1.0,0.15599024742841722,0.19005607813596725,0.24148228019475937,0.3149835020303726,0.41681955158710476,0.06177254766225815,0.08298417925834656,0.11377749592065811,0.15155835077166557,0.1990007758140564,0.16255804896354675,0.2158375009894371,0.2770627737045288,0.34026601910591125,0.3785920053720474,-0.19328593164682384,-0.0773964487016201,0.04600711725652218,0.15099138021469116,0.21653682142496108,0.6039659421913511
2022-08-11,S2B_MSIL2A_20220811T064629_R020_T40RBN_20220812T053327,4.0,False,8.159211,1.0,0.13711625039577485,0.17268651351332664,0.22628530859947205,0.3077188655734062,0.40532365739345544,0.053468331694602966,0.07645423710346222,0.1089995875954628,0.14623982459306717,0.19423049688339233,0.18098588287830353,0.22712519764900208,0.2902407646179199,0.36694803833961487,0.41935408115386963,-0.15866144299507137,-0.053466116078197956,0.06509971991181374,0.18114902079105377,0.2635803461074829,0.6418328478601837
2022-08-16,S2A_MSIL2A_20220816T064641_R020_T40RBN_20240720T165635,5.1,False,37.694353,0.5777503921129286,0.12032435834407806,0.15361633896827698,0.20270800590515137,0.2654978036880493,0.3344188928604126,0.025036027655005455,0.04480993002653122,0.06976735591888428,0.09764508530497551,0.13613560795783997,0.21530023217201233,0.28637436032295227,0.3579804599285126,0.41550204157829285,0.4523332715034485,-0.030166683718562126,0.08097067475318909,0.20080555975437164,0.2888510823249817,0.3538179397583008,0.8631633378579278
2022-08-19,S2A_MSIL2A_20220819T065641_R063_T40RBN_20240720T015827,5.1,False,19.814549,1.0,0.1656787246465683,0.20175117626786232,0.25542081892490387,0.32746394723653793,0.42258070707321166,0.06571020185947418,0.08749107271432877,0.11666379123926163,0.15241821855306625,0.1958126574754715,0.17652782797813416,0.22649763897061348,0.2765578329563141,0.3322368264198303,0.36115139722824097,-0.18474710136651992,-0.07348238863050938,0.04102504625916481,0.1412809081375599,0.20549134910106656,0.5976921353349764
2022-08-21,S2B_MSIL2A_20220821T064629_R020_T40RBN_20240704T040858,5.1,False,0.232594,1.0,0.1544129729270935,0.18996698781847954,0.2423657923936844,0.3230738416314125,0.41958901584148406,0.05665397383272648,0.07923117838799953,0.11202743649482727,0.15078215301036835,0.1943930983543396,0.17350587248802185,0.22447574138641357,0.2771207094192505,0.32797183096408844,0.3619518578052521,-0.16519320905208584,-0.06041497737169266,0.04989048279821873,0.14505622908473015,0.20373440235853194,0.625252072596908
2022-08-24,S2B_MSIL2A_20220824T065619_R063_T40RBN_20220825T040704,4.0,False,33.565292,0.0,,,,,,,,,,,,,,,,,,,,,
2022-08-26,S2A_MSIL2A_20220826T064641_R020_T40RBN_20240720T195028,5.1,False,0.5238,1.0,0.14156536012887955,0.17263444513082504,0.2162935733795166,0.27911151945590973,0.34896817803382874,0.0498163104057312,0.0693349614739418,0.09559884667396545,0.12388556078076363,0.15778666734695435,0.17144296169281006,0.21081699430942535,0.2696835398674011,0.3435829058289528,0.3882126808166504,-0.11609097346663474,-0.030570538714528084,0.07007798552513123,0.1738375835120678,0.24365375787019727,0.6763014414818135
2022-08-29,S2A_MSIL2A_20220829T065641_R063_T40RBN_20240718T033121,5.1,False,1.237411,1.0,0.15224985927343368,0.18261940777301788,0.22576291114091873,0.28788384795188904,0.36448516249656676,0.0522877287119627,0.07216758280992508,0.09943293780088425,0.13310900330543518,0.17319022119045258,0.1980850249528885,0.24592071771621704,0.31430670619010925,0.4111701548099518,0.468551903963089,-0.09883485585451125,-0.006260241148993373,0.1094934456050396,0.23574888333678246,0.3197053253650665,0.738628725072821
2022-08-31,S2B_MSIL2A_20220831T064629_R020_T40RBN_20240709T010523,5.1,False,2.84246,1.0,0.15206684917211533,0.18697673827409744,0.23742800951004028,0.3162016347050667,0.41061286032199856,0.04518958181142807,0.0679243952035904,0.09989593923091888,0.13649380952119827,0.18329358845949173,0.21210071444511414,0.26395323872566223,0.33127686381340027,0.43802663683891296,0.5080163478851318,-0.10546350330114364,0.004188042366877198,0.13128815591335297,0.2686336860060692,0.3650610238313674,0.7567779520501905
2022-09-03,S2B_MSIL2A_20220903T065629_R063_T40RBN_20240727T005120,5.1,False,2.113169,1.0,0.16400991827249528,0.19859804585576057,0.25054220855236053,0.3240349143743515,0.4193163931369781,0.06501976773142817,0.08674684166908264,0.1180000975728035,0.15516506135463715,0.20118382275104518,0.16760535538196564,0.22162334620952606,0.2768247425556183,0.328763484954834,0.35564589500427246,-0.17252253741025925,-0.06823457591235638,0.03999201022088528,0.12921932712197304,0.18825390040874482,0.6028082754499963
2022-09-05,S2A_MSIL2A_20220905T064641_R020_T40RBN_20220905T165754,4.0,False,0.243292,1.0,0.15159725099802018,0.19016998261213303,0.24723902344703674,0.3327968642115593,0.44246305227279664,0.05936140455305577,0.0834936574101448,0.11874814331531525,0.1584862321615219,0.20791000127792358,0.1696489453315735,0.2205246388912201,0.2740727812051773,0.3249472677707672,0.3549128472805023,-0.2119014546275139,-0.08841307833790779,0.03461523540318012,0.13640812784433365,0.1995494708418846,0.5787213384121294
2022-09-08,S2A_MSIL2A_20220908T065631_R063_T40RBN_20220911T071159,4.0,False,16.231394,0.97856449324072,0.13189645260572433,0.16094953194260597,0.20716016739606857,0.26618652045726776,0.33230877816677096,0.0714412659406662,0.09131275862455368,0.11689026653766632,0.1483987718820572,0.18423479497432715,0.167218878865242,0.21454618871212006,0.2663671523332596,0.3207347095012665,0.36028239130973816,-0.09570769146084784,-0.020873709116131067,0.06425165012478828,0.1387319192290306,0.19225852787494666,0.6950847198900931
2022-09-10,S2B_MSIL2A_20220910T064629_R020_T40RBN_20220911T210314,4.0,False,2.519548,1.0,0.14747326225042343,0.18280741199851036,0.23495344817638397,0.31540631502866745,0.4099127501249313,0.05111026391386986,0.0748738944530487,0.10809037834405899,0.146348774433136,0.1915912225842475,0.1948300451040268,0.24053214490413666,0.3034314513206482,0.3867660164833069,0.44312766194343567,-0.12966848015785215,-0.026935114059597254,0.0910220742225647,0.2082672156393528,0.28959240317344664,0.696878034207185
2022-09-13,S2B_MSIL2A_20220913T065629_R063_T40RBN_20240726T171436,5.1,False,0.12696,1.0,0.1627904638648033,0.20341503620147705,0.2654014080762863,0.35319846123456955,0.45868093371391294,0.05548141524195671,0.08178356103599072,0.11900725960731506,0.1628510057926178,0.21662238240242004,0.21220070123672485,0.2656244933605194,0.3370256721973419,0.43659037351608276,0.4990803003311157,-0.154159015417099,-0.03677248116582632,0.09955517202615738,0.23895851895213127,0.333064991235733,0.6858615281200986
2022-09-15,S2A_MSIL2A_20220915T064631_R020_T40RBN_20220915T215355,4.0,False,0.852721,1.0,0.15233252942562103,0.1900327205657959,0.2493942677974701,0.3395509421825409,0.44426380693912504,0.060071859136223794,0.08551385626196861,0.12225215137004852,0.16440577805042267,0.21637667864561078,0.20523102581501007,0.2571324110031128,0.3149327039718628,0.3981918394565582,0.4543333351612091,-0.17358250170946118,-0.052670025266706944,0.07016909494996071,0.1901848167181015,0.2811725884675979,0.6521024721786541
2022-09-18,S2A_MSIL2A_20220918T065631_R063_T40RBN_20240729T142658,5.1,False,0.112377,1.0,0.17103504836559297,0.20924032852053642,0.2681943029165268,0.3557291030883789,0.47112632989883424,0.06859458982944489,0.09358616173267365,0.12924940884113312,0.1725992113351822,0.2266303151845932,0.174034883081913,0.22815201804041862,0.2828802466392517,0.3309212327003479,0.3592122197151184,-0.21517335027456283,-0.09133990854024887,0.03235637955367565,0.1303071416914463,0.19318441450595855,0.5752483381880649
2022-09-20,S2B_MSIL2A_20220920T064629_R020_T40RBN_20240728T021039,5.1,False,0.8492,0.9999626559115692,0.14654077887535097,0.18822143971920013,0.2526385188102722,0.3461976647377014,0.4632343113422394,0.056430160999298096,0.08310762792825699,0.12138880044221878,0.16441795229911804,0.21567203104496002,0.1655582755804062,0.21177326142787933,0.2627888321876526,0.3179744482040405,0.3450684726238251,-0.2580072104930877,-0.11416459083557129,0.019607776775956154,0.13016988337039948,0.2040775001049042,0.5412107405609291
2022-09-23,S2B_MSIL2A_20220923T065629_R063_T40RBN_20240725T151945,5.1,False,0.091588,1.0,0.16114188730716705,0.19737432897090912,0.25354860723018646,0.332808755338192,0.4378462851047516,0.06385721266269684,0.08797009289264679,0.12200014293193817,0.16037549078464508,0.20852856189012522,0.16025401651859283,0.21438364684581757,0.2747294306755066,0.3392002582550049,0.37866950035095215,-0.18466697484254838,-0.07692278362810612,0.0387487318366766,0.13750536739826202,0.20589606165885924,0.5904847262678318
2022-09-25,S2A_MSIL2A_20220925T064631_R020_T40RBN_20220925T211515,4.0,False,8.898283,1.0,0.14931790828704836,0.1899130903184414,0.25191329419612885,0.34515171498060226,0.457698917388916,0.06008785963058472,0.08520005643367767,0.12476571276783943,0.1696491539478302,0.22318033874034882,0.1947202831506729,0.24692239612340927,0.3092820346355438,0.3935234546661377,0.4471002519130707,-0.18542777597904206,-0.06612025015056133,0.062491608783602715,0.18225767090916634,0.266688746213913,0.6286503846441108
2022-09-28,S2A_MSIL2A_20220928T065651_R063_T40RBN_20240730T192859,5.1,False,0.145392,1.0,0.1651312917470932,0.20183799043297768,0.2574654370546341,0.3433193862438202,0.4460993409156799,0.06290723383426666,0.0888592079281807,0.12394651025533676,0.16532860696315765,0.21896991580724706,0.21537117660045624,0.27486561238765717,0.3440508246421814,0.4435904026031494,0.5077242255210876,-0.12486519739031791,-0.013261504704132676,0.11212848126888275,0.24192577973008156,0.33401693403720856,0.7290686384345358
2022-09-30,S2B_MSIL2A_20220930T064649_R020_T40RBN_20240726T033305,5.1,False,2.725607,1.0,0.1483372539281845,0.18181785941123962,0.2351403757929802,0.31741679459810257,0.40733649134635924,0.0622352059930563,0.08576255477964878,0.12044024467468262,0.15827186405658722,0.20431269705295563,0.2015217885375023,0.256906121969223,0.3126888871192932,0.3937178775668144,0.4427373707294464,-0.11614442840218543,-0.018380960915237665,0.08584284782409668,0.18713772296905518,0.27038566768169403,0.712674583613414
2022-10-03,S2B_MSIL2A_20221003T065719_R063_T40RBN_20240723T034711,5.1,False,0.509199,1.0,0.1721585810184479,0.20883874967694283,0.26648613810539246,0.3532371446490288,0.4629327356815338,0.07051009833812714,0.09489748626947403,0.12977859377861023,0.17020808532834053,0.22489458322525024,0.17791834473609924,0.23045359551906586,0.28710034489631653,0.33535146713256836,0.37483906745910645,-0.18677939623594284,-0.07556976564228535,0.037271978333592415,0.12951729446649551,0.18940052390098572,0.590447382179401
2022-10-05,S2A_MSIL2A_20221005T064741_R020_T40RBN_20240724T190853,5.1,False,0.239096,1.0,0.16110017895698547,0.19048966467380524,0.23515105992555618,0.3052552044391632,0.3837959676980972,0.06562240421772003,0.08715276420116425,0.11793408542871475,0.151346355676651,0.1927419677376746,0.16896411776542664,0.22007480263710022,0.27487534284591675,0.32598695158958435,0.36041295528411865,-0.12472534030675887,-0.041327374055981636,0.04894780181348324,0.12612148746848106,0.17833049893379208,0.6424676973635074
2022-10-08,S2A_MSIL2A_20221008T065801_R063_T40RBN_20240722T103259,5.1,False,0.168763,1.0,0.1703921437263489,0.20278377830982208,0.2501846253871918,0.3209569975733757,0.40029218494892116,0.06786417216062546,0.09204264916479588,0.12389355897903442,0.15871134400367737,0.2012665569782257,0.18561207056045534,0.23464526236057281,0.2938227653503418,0.3703048527240753,0.4144754707813263,-0.11513132154941558,-0.026661225128918886,0.07264338806271553,0.1678762584924698,0.2336824148893356,0.6878034207185003
2022-10-10,S2B_MSIL2A_20221010T064759_R020_T40RBN_20240723T023426,5.1,False,0.191596,1.0,0.1743288055062294,0.2077353596687317,0.2605971395969391,0.34575972706079483,0.44001941680908196,0.0683034360408783,0.09342998266220093,0.1279364377260208,0.16913825273513794,0.21753195077180862,0.2052917063236237,0.2641833424568176,0.329948291182518,0.4124269485473633,0.4635515809059143,-0.11381507217884061,-0.01614302210509777,0.09618546068668365,0.20425212383270264,0.28438318967819215,0.7165957128986481
2022-10-13,S2B_MSIL2A_20221013T065829_R063_T40RBN_20240802T023110,5.1,False,0.044252,1.0,0.1889169529080391,0.22504335641860962,0.28089046478271484,0.3656497001647949,0.4730046689510345,0.07651567533612251,0.10091982036828995,0.13691819459199905,0.17794571816921234,0.23199154883623116,0.19067980349063873,0.24972204864025116,0.3092867136001587,0.36387374997138977,0.4028733968734741,-0.1708732098340988,-0.05788331665098667,0.055625759065151215,0.1479615606367588,0.21161197423934935,0.6337291806706998
2022-10-15,S2A_MSIL2A_20221015T064841_R020_T40RBN_20240723T140636,5.1,False,0.196001,1.0,0.1762150838971138,0.21061520278453827,0.26632338762283325,0.3541452884674072,0.45775465965270995,0.07181629538536072,0.09661822021007538,0.1332126259803772,0.17422741651535034,0.2257266506552696,0.1823774918913842,0.23665857315063477,0.2930918037891388,0.34102940559387207,0.3751426637172699,-0.18226421326398848,-0.07232377119362354,0.039487412199378014,0.13258768618106842,0.19106852412223815,0.5988498020763313
2022-10-18,S2A_MSIL2A_20221018T065901_R063_T40RBN_20221018T195603,4.0,False,0.250996,1.0,0.18532783538103104,0.21799786761403084,0.27193960547447205,0.3511093407869339,0.4482148587703705,0.08290016651153564,0.10712096095085144,0.14239785075187683,0.18094661459326744,0.23172394931316376,0.16908584535121918,0.22507669031620026,0.28459665179252625,0.3372047170996666,0.37467166781425476,-0.1772802948951721,-0.07991404086351395,0.026312438771128654,0.11267498694360256,0.17083782702684402,0.5674060796175965
2022-10-20,S2B_MSIL2A_20221020T064909_R020_T40RBN_20240721T214617,5.1,False,0.167331,1.0,0.16923050284385682,0.20054585859179497,0.251856192946434,0.33111411333084106,0.4215735673904419,0.07253148853778839,0.09645016491413116,0.1298074573278427,0.16703306138515472,0.21375979483127594,0.15901146829128265,0.2165592759847641,0.27676378190517426,0.3276618719100952,0.3607559770345688,-0.1436958447098732,-0.05978295300155878,0.03072474990040064,0.10360834933817387,0.16081306338310236,0.5934722533422959
2022-10-23,S2B_MSIL2A_20221023T065929_R063_T40RBN_20240724T023036,5.1,False,0.082088,1.0,0.16548585891723633,0.2007938176393509,0.25549617409706116,0.33505143225193024,0.43635221421718595,0.07439453303813935,0.09914342686533928,0.13279196619987488,0.16981098055839539,0.21938996016979218,0.14771562814712524,0.20454992353916168,0.26511043310165405,0.323807068169117,0.36027228832244873,-0.17269237339496613,-0.08221729844808578,0.011764330323785543,0.09848158620297909,0.1653204679489135,0.5369333034580626
2022-10-25,S2A_MSIL2A_20221025T064941_R020_T40RBN_20221025T165132,4.0,False,0.161767,1.0,0.16697221994400024,0.20350482687354088,0.2626364827156067,0.35671185702085495,0.46339666843414307,0.07350319772958756,0.09955166280269623,0.13670530915260315,0.17977182567119598,0.2323053926229477,0.17265968620777133,0.2403421550989151,0.30958646535873413,0.3874085545539856,0.4343058168888092,-0.1719828099012375,-0.06910272315144539,0.04418394900858402,0.14886771142482758,0.22609288841485975,0.6044140712525208
2022-10-28,S2A_MSIL2A_20221028T070011_R063_T40RBN_20221028T202604,4.0,False,5.6484,1.0,0.18035872131586075,0.2179775983095169,0.2811591178178787,0.37569471448659897,0.4905659019947052,0.08251535892486572,0.11007188260555267,0.1496312916278839,0.19447889924049377,0.25340808033943174,0.1836421728134156,0.24545060470700264,0.31058213114738464,0.3658444359898567,0.4116968810558319,-0.1851755678653717,-0.0773719847202301,0.03633566573262215,0.1303827352821827,0.19319969266653061,0.5885428336694302
2022-10-30,S2B_MSIL2A_20221030T065009_R020_T40RBN_20221030T145743,4.0,False,33.87382,0.001195010829785645,0.2325519099831581,0.2419186234474182,0.25563299655914307,0.27459297329187393,0.3004566580057144,0.10780918970704079,0.11132560484111309,0.11614874005317688,0.12422634474933147,0.13519010320305827,0.1888559177517891,0.19350357353687286,0.2020094096660614,0.21331217885017395,0.2239248260855675,-0.1007705345749855,-0.081708624958992,-0.059914356097579,-0.033248234540224075,0.011109708994627005,0.15625
2022-11-02,S2B_MSIL2A_20221102T070029_R063_T40RBN_20221103T004806,4.0,False,13.936618,1.0,0.19097706526517869,0.23324760049581528,0.30101248621940613,0.40566906332969666,0.5422744214534759,0.08200336694717407,0.11338070593774319,0.15917952358722687,0.21375686675310135,0.28556448221206665,0.19103895127773285,0.25530871748924255,0.32413989305496216,0.37825803458690643,0.43191707134246826,-0.23417900055646895,-0.09465389512479305,0.037254275754094124,0.14176176115870476,0.21004108488559722,0.5802897901262231
2022-11-04,S2A_MSIL2A_20221104T065041_R020_T40RBN_20221104T204124,4.0,False,7.728313,1.0,0.15458952337503434,0.1952313631772995,0.25784924626350403,0.35630178451538086,0.48510339856147766,0.049858637154102325,0.08480770885944366,0.1295449435710907,0.17923232913017273,0.235984393954277,0.1836671233177185,0.2549123764038086,0.3220100700855255,0.3726802468299866,0.41316649317741394,-0.19018943160772322,-0.057025437243282795,0.06271728873252869,0.1666903868317604,0.2502395331859589,0.6463141384718799
2022-11-07,S2A_MSIL2A_20221107T070101_R063_T40RBN_20221108T011543,4.0,False,4.137715,1.0,0.15151462107896804,0.1986163668334484,0.27480272948741913,0.3871741369366646,0.5423403859138488,0.06995343416929245,0.10393599420785904,0.15570873767137527,0.21107976138591766,0.2793327569961548,0.16406874358654022,0.22889678180217743,0.2899132966995239,0.3452245593070984,0.3851158022880554,-0.3139018267393112,-0.15787994861602783,-0.008078600279986858,0.10604641027748585,0.18759995698928833,0.4823362461722309
2022-11-09,S2B_MSIL2A_20221109T065109_R020_T40RBN_20221109T230522,4.0,False,0.345072,1.0,0.16825509518384935,0.21024006977677345,0.28204256296157837,0.3941929489374161,0.5399047791957855,0.0742071270942688,0.10563457757234573,0.15397745370864868,0.20961377024650574,0.27773189544677734,0.17856499552726746,0.24243615567684174,0.30744990706443787,0.35595936328172684,0.39493921399116516,-0.28189477026462556,-0.1245287898927927,0.013441536109894514,0.12134522013366222,0.1949386104941368,0.531032937485996
2022-11-12,S2B_MSIL2A_20221112T070129_R063_T40RBN_20221112T185629,4.0,False,0.248288,1.0,0.1783376380801201,0.21635319292545319,0.2775847166776657,0.37256747484207153,0.48662776350975034,0.07863492518663406,0.10756833106279373,0.15037164092063904,0.19676728546619415,0.25801029801368713,0.17976701259613037,0.2405204325914383,0.3074896037578583,0.36212287098169327,0.41155579686164856,-0.1900114431977272,-0.07938174717128277,0.03388572670519352,0.12771981209516525,0.19170675575733184,0.5848831130032116
2022-11-14,S2A_MSIL2A_20221114T065131_R020_T40RBN_20221114T192733,4.0,False,9.551943,0.9948838598849802,0.15402545034885406,0.19145707786083221,0.25138184428215027,0.3470782935619354,0.45538923144340515,0.07339891791343689,0.10167525708675385,0.14100563526153564,0.18625648319721222,0.24079473316669464,0.1845858246088028,0.242581307888031,0.3024441599845886,0.35616663098335266,0.400436133146286,-0.18025007843971252,-0.07112322747707367,0.03783271089196205,0.12973077595233917,0.19154660403728485,0.5972373409406554
2022-11-17,S2A_MSIL2A_20221117T070151_R063_T40RBN_20221117T230015,4.0,False,0.149896,1.0,0.17787739783525466,0.21122648939490318,0.26770707964897156,0.3564545214176178,0.4599684923887252,0.08587242662906647,0.11265925318002701,0.15348918735980988,0.19739648699760437,0.25145894289016724,0.1754094809293747,0.2386297583580017,0.30573633313179016,0.36029869318008423,0.4064857095479964,-0.1393387421965599,-0.05269307177513838,0.04016263969242573,0.11986429616808891,0.17793876975774764,0.619202330271118
2022-11-19,S2B_MSIL2A_20221119T065149_R020_T40RBN_20221119T182627,4.0,False,21.599802,0.9348719097766823,0.13921549320220947,0.19504284486174583,0.2935602217912674,0.45585916191339493,0.7320118248462678,0.023266626894474063,0.0773111954331398,0.14285671710968018,0.2249193824827671,0.31752568483352667,0.206190824508667,0.28737133741378784,0.36095164716243744,0.41881871223449707,0.49167773127555847,-0.48952171504497527,-0.162253987044096,0.05320007726550102,0.21021519228816032,0.33838399946689607,0.576895422225773
2022-11-22,S2B_MSIL2A_20221122T070209_R063_T40RBN_20221122T182606,4.0,False,8.06733,1.0,-0.032834291458129876,0.07775784470140934,0.1901078298687935,0.296295702457428,0.40268878936767577,-0.1560162901878357,-0.04989214986562729,0.08338726311922073,0.1589130163192749,0.20894359052181244,0.1964007452130318,0.30269086360931396,0.39632174372673035,0.5161489844322205,0.6006109714508057,-0.06157214455306529,0.037626191042363644,0.22852006554603577,0.5100557655096054,0.6610281884670257,0.815146762267533
2022-11-24,S2A_MSIL2A_20221124T065201_R020_T40RBN_20221125T151104,4.0,False,0.887374,0.9089551124057061,0.13310514986515046,0.1865433268249035,0.2695079445838928,0.39968424290418625,0.5697752177715302,0.028657589107751846,0.0799999013543129,0.14105293154716492,0.2107526957988739,0.28702670335769653,0.2205856293439865,0.29292282462120056,0.3611198216676712,0.4223519563674927,0.49234291911125183,-0.2552861750125885,-0.07626218535006046,0.07745325565338135,0.19628623127937317,0.3114411175251008,0.6432621199671323
2022-11-29,S2B_MSIL2A_20221129T065229_R020_T40RBN_20221130T215404,4.0,False,0.177208,1.0,0.1753210872411728,0.21959904581308365,0.2928536683320999,0.4140034466981888,0.5607139348983765,0.08052831888198853,0.11257806420326233,0.16295389831066132,0.2200416475534439,0.29421815276145935,0.2091669887304306,0.2746095359325409,0.3459825813770294,0.4037672281265259,0.4624709486961365,-0.21771112382411956,-0.07856574654579163,0.0539008192718029,0.15962598845362663,0.22905807793140412,0.6146836955709911
2022-12-02,S2B_MSIL2A_20221202T070239_R063_T40RBN_20221203T170012,4.0,False,0.99034,0.9997385913809844,0.0019646144937723875,0.10141446068882942,0.20538382232189178,0.3410487025976181,0.5162588357925415,-0.1453941911458969,-0.06332829594612122,0.0460054986178875,0.1408919394016266,0.2155260145664215,0.2656180262565613,0.42714834213256836,0.5545080900192261,0.6498770713806152,0.7190564870834351,-0.03650767356157303,0.1289673075079918,0.41607317328453064,0.6261996328830719,0.7407740354537964,0.8737813305442457
2022-12-07,S2A_MSIL2A_20221207T070301_R063_T40RBN_20221208T072916,4.0,False,0.182953,1.0,-0.147053886950016,-0.011422816896811128,0.2117197960615158,0.3594672456383705,0.5199493765830994,-0.3071824014186859,-0.16506554186344147,0.057890694588422775,0.18254975974559784,0.2517477571964264,0.2696353495121002,0.3778271973133087,0.4651791751384735,0.5611548870801926,0.652233898639679,-0.09862528294324875,0.06696360744535923,0.3140416145324707,0.6327530592679977,0.7735384345054627,0.8226529240421241
2022-12-09,S2B_MSIL2A_20221209T065249_R020_T40RBN_20221210T034529,4.0,False,9.934735,0.7832175666591978,0.12608957290649417,0.18281829357147217,0.27493858337402344,0.42425277829170227,0.6312783718109131,0.02166568674147129,0.07945474237203598,0.14712655544281006,0.2285710573196411,0.3192428946495056,0.2416906863451004,0.324756383895874,0.39649051427841187,0.47018957138061523,0.5395410656929016,-0.28709293603897096,-0.06088240444660187,0.11259473860263824,0.2431529462337494,0.37556999921798695,0.6793496400133505
2022-12-12,S2B_MSIL2A_20221212T070259_R063_T40RBN_20221212T210403,4.0,False,17.159609,1.0,0.17888058423995973,0.2253558337688446,0.30329982936382294,0.42355021089315414,0.583268117904663,0.08477218970656396,0.11859136819839478,0.17098037898540497,0.23046906292438507,0.3084513783454894,0.20755310356616974,0.272353857755661,0.34606003761291504,0.41191574931144714,0.4745987355709076,-0.20073947310447693,-0.07167229056358337,0.053712060675024986,0.15023645758628845,0.21953342556953429,0.6197624915975801
2022-12-14,S2A_MSIL2A_20221214T065301_R020_T40RBN_20221214T182235,4.0,False,1.02801,0.9741952348943163,0.16643599271774293,0.21371592581272125,0.2933614253997803,0.4204103946685791,0.58361154794693,0.08071428984403611,0.11420505493879318,0.16900984942913055,0.22995197772979736,0.3087659478187562,0.21627169847488403,0.2810148298740387,0.3511793613433838,0.4115296006202698,0.4698875844478607,-0.22799313366413115,-0.08313930407166481,0.05055869370698929,0.15000580251216888,0.21578708589077011,0.6106873155211408
2022-12-17,S2A_MSIL2A_20221217T070311_R063_T40RBN_20221218T012920,4.0,False,8.366453,0.9961535588916275,0.16086767017841339,0.19841144233942032,0.26527139544487,0.3735242038965225,0.5084435820579529,0.07164201140403748,0.10107631981372833,0.14738711714744568,0.20600755512714386,0.2736646831035614,0.21963346004486084,0.3047235310077667,0.40703287720680237,0.495538592338562,0.5593476295471191,-0.0649242728948593,0.03636535443365574,0.13871987164020538,0.2491799294948578,0.3592226266860963,0.8173570759137769
2022-12-19,S2B_MSIL2A_20221219T065309_R020_T40RBN_20221220T000736,4.0,False,11.02454,0.12767943834491,0.05999643355607987,0.16884645819664001,0.20450232923030853,0.2607480585575104,0.30396167635917665,-0.05604722872376442,0.08858327567577362,0.13269269466400146,0.16615009307861328,0.18646582961082458,0.08897197991609573,0.13519948720932007,0.23185476660728455,0.3248080760240555,0.6143456697464008,-0.16344204545021057,-0.09361393377184868,-0.026572147384285927,0.06352193653583527,0.614057326316834,0.4009944428195379
2022-12-22,S2B_MSIL2A_20221222T070309_R063_T40RBN_20221224T131240,4.0,False,3.304573,1.0,-0.5844150125980377,-0.36515598744153976,0.050070084631443024,0.37471920251846313,0.6732434332370758,-0.7422810792922974,-0.4933459162712097,-0.12664148211479187,0.15599650517106056,0.2996865183115005,0.12514469698071487,0.3560096323490143,0.5049875974655151,0.5954208374023438,0.6600950658321381,-0.09018960818648333,0.24118440970778465,0.6307947933673859,0.8223833441734314,0.9027842879295349,0.8602584210919412
2022-12-29,S2B_MSIL2A_20221229T065309_R020_T40RBN_20221230T104338,4.0,False,35.831508,0.00033609679587721263,,,,,,,,,,,,,,,,,,,,,
2023-01-01,S2B_MSIL2A_20230101T070309_R063_T40RBN_20230101T202458,4.0,False,11.804571,0.8857644334901785,-0.2807523787021637,-0.16481386870145798,0.0288807712495327,0.2313305139541626,0.5015783786773685,-0.43710631132125854,-0.3033771514892578,-0.12925128638744354,0.034382157027721405,0.21026599407196045,0.3620692849159242,0.5390861630439758,0.6208184361457825,0.6979262232780457,0.784721851348877,0.15057468712329866,0.4462147355079651,0.6882573366165161,0.8262684345245361,0.8982260465621948,0.9449386567730511
2023-01-08,S2B_MSIL2A_20230108T065249_R020_T40RBN_20240812T074950,5.1,False,24.224162,0.6752931510941818,0.14229773581027985,0.17845769971609116,0.23316024243831635,0.3222677707672119,0.44440039396286013,0.06866104900836945,0.09556936472654343,0.13533763587474823,0.1861267387866974,0.24339562356472036,0.16865283846855164,0.2534172385931015,0.33634868264198303,0.3996036648750305,0.46478211879730225,-0.10912055671215057,-0.019111563451588154,0.08446753025054932,0.165260449051857,0.23497576415538787,0.7071835425537798
2023-01-11,S2B_MSIL2A_20230111T070239_R063_T40RBN_20230111T212221,4.0,False,33.540764,0.0958249309134364,0.17706066370010376,0.19799848645925522,0.2352144420146942,0.31445664912462234,0.45665407180786133,0.08855113387107849,0.1090124249458313,0.13432426750659943,0.17921830713748932,0.2499995231628418,0.3303462266921997,0.4018743634223938,0.48509401082992554,0.5254456996917725,0.5668526291847229,0.041343845427036285,0.13239097967743874,0.23982220143079758,0.32828565686941147,0.38242127001285553,0.9392049883086516
2023-01-13,S2A_MSIL2A_20230113T065231_R020_T40RBN_20240811T035645,5.1,False,17.321464,0.893009186645754,0.14749002754688265,0.19064369797706604,0.2665172815322876,0.377920925617218,0.5537980198860167,0.07572942227125168,0.10667697340250015,0.15973883867263794,0.22004565596580505,0.30226105451583846,0.18325762450695038,0.2569201588630676,0.32593005895614624,0.38317251205444336,0.42267951369285583,-0.2556788980960845,-0.10513314604759216,0.02696072869002819,0.12434472143650055,0.19283506870269773,0.5629573871952495
2023-01-16,S2A_MSIL2A_20230116T070231_R063_T40RBN_20230116T155022,4.0,False,14.84559,1.0,0.12381566911935807,0.17483342438936234,0.2650572210550308,0.4039921313524246,0.6384682893753052,0.02120322920382023,0.07030988484621048,0.13302729278802872,0.2121564857661724,0.3150927722454071,0.2626746624708176,0.3913662061095238,0.49862566590309143,0.613481268286705,0.6867553770542145,-0.21814326196908948,0.010754437418654561,0.22473716735839844,0.4240068718791008,0.5816311120986938,0.7602882963626858
2023-01-21,S2B_MSIL2A_20230121T070209_R063_T40RBN_20240807T192603,5.1,False,0.176154,1.0,-0.6395434916019439,-0.40197325497865677,0.02565385028719902,0.36526090651750565,0.7069798529148099,-0.7961691617965698,-0.5396781116724014,-0.1564616858959198,0.14829500019550323,0.3010590076446533,0.2210673838853836,0.47817325592041016,0.6101188659667969,0.6893808841705322,0.7756768465042114,-0.048406530171632746,0.33729755133390427,0.7330215275287628,0.8973424434661865,0.9619499027729035,0.8839345731570692
2023-01-31,S2B_MSIL2A_20230131T070119_R063_T40RBN_20230201T002252,4.0,False,0.722088,0.9999253118231384,0.05420580506324768,0.1292703002691269,0.20294144749641418,0.30895566940307617,0.4754086583852768,-0.08472134172916412,-0.010136055061593652,0.0658075287938118,0.14142650365829468,0.21684008836746216,0.2978738397359848,0.4755161702632904,0.5772714614868164,0.6632676273584366,0.7223852872848511,0.03171129897236824,0.23980552330613136,0.4427954703569412,0.5966905206441879,0.7137066423892975,0.919741559605617
2023-02-02,S2A_MSIL2A_20230202T065111_R020_T40RBN_20240816T031037,5.1,False,0.290542,1.0,-0.23479664176702497,-0.10740382969379425,0.11691204458475113,0.28621523082256317,0.478185373544693,-0.3586868345737457,-0.23161235451698303,-0.03601587563753128,0.12894712388515472,0.21240243315696716,0.264177143573761,0.36974628269672394,0.45240214467048645,0.5391873270273209,0.6046890020370483,-0.04590884670615189,0.14508728310465813,0.45185671746730804,0.6412761807441711,0.7472475230693817,0.8691463141384719
2023-02-05,S2A_MSIL2A_20230205T070101_R063_T40RBN_20240817T062535,5.1,False,0.333503,1.0,0.1429919645190239,0.18849262967705727,0.2656719982624054,0.38248608261346817,0.554798012971878,0.06496652215719223,0.09966021031141281,0.15258675813674927,0.2158387303352356,0.2940077453851697,0.20030665397644043,0.26908352971076965,0.33982768654823303,0.3980349525809288,0.4403020739555359,-0.2491226732730865,-0.07754785381257534,0.06392661109566689,0.16467757523059845,0.2340620845556259,0.6296213309433116
2023-02-07,S2B_MSIL2A_20230207T065039_R020_T40RBN_20240812T165659,5.1,False,0.41301,1.0,0.14851850420236587,0.19311733916401863,0.2720477432012558,0.3954485356807709,0.569812798500061,0.07052206993103027,0.10407108813524246,0.1577134132385254,0.21920476853847504,0.30398622155189514,0.20734339952468872,0.2743535041809082,0.3451322019100189,0.39846716821193695,0.4443489611148834,-0.25260067284107207,-0.08098869770765305,0.06010076776146889,0.16024380549788475,0.22607372403144835,0.6248786317125999
2023-02-10,S2B_MSIL2A_20230210T070029_R063_T40RBN_20240813T093046,5.1,False,23.787746,0.12047202927776533,0.03959231823682785,0.14505431428551674,0.22639310359954834,0.3227156326174736,0.46601901948451996,-0.0006017487030476332,0.060038257390260696,0.12045203894376755,0.18940192461013794,0.2564694583415985,0.1944887489080429,0.25266268849372864,0.31381967663764954,0.3952490985393524,0.46073850989341736,-0.07622470334172249,0.009536159224808216,0.11108670383691788,0.2185015305876732,0.34561342000961304,0.7703037817730937
2023-02-12,S2A_MSIL2A_20230212T065011_R020_T40RBN_20240814T114255,5.1,False,0.222777,1.0,0.15131057649850846,0.18985651060938835,0.25518374145030975,0.3588930442929268,0.501891255378723,0.07549020648002625,0.10544078052043915,0.14940038323402405,0.19972766935825348,0.27069908380508423,0.19260260462760925,0.25914594531059265,0.32982170581817627,0.38307221978902817,0.42094162106513977,-0.16571071594953535,-0.0499945767223835,0.05653222091495991,0.13970812037587166,0.2005710422992706,0.650795429083576
2023-02-15,S2A_MSIL2A_20230215T065951_R063_T40RBN_20240821T015008,5.1,False,19.151178,0.9959294943610426,0.16140327751636505,0.20087440311908722,0.2693365216255188,0.3741690218448639,0.5443364024162293,0.07720896601676941,0.10892311483621597,0.15503209829330444,0.21280933916568756,0.28868803381919883,0.20985546708106995,0.29075077176094055,0.3782178461551666,0.4579365849494934,0.5214013457298279,-0.1787872850894928,-0.026405397802591324,0.10421876609325409,0.22076088190078735,0.3226074516773224,0.710300348719487
2023-02-17,S2B_MSIL2A_20230217T064939_R020_T40RBN_20230218T001313,4.0,False,18.009235,0.0,,,,,,,,,,,,,,,,,,,,,
2023-02-22,S2A_MSIL2A_20230222T064901_R020_T40RBN_20240814T212153,5.1,False,15.202028,1.0,0.1482068955898285,0.1858404278755188,0.25110122561454773,0.35756616294384,0.49643022119998925,0.06977137625217437,0.10005608946084976,0.14542323350906372,0.19523709639906883,0.265745609998703,0.21133127659559253,0.28105705976486206,0.3540557622909546,0.4126763343811035,0.46242088079452515,-0.1521650105714798,-0.021349755581468344,0.09427158161997795,0.18155360966920853,0.24405484199523925,0.7132720890283069
2023-03-02,S2B_MSIL2A_20230302T065819_R063_T40RBN_20240818T061044,5.1,False,31.295681,0.9614235566509821,-0.13899562656879424,0.01096601877361536,0.18023911118507385,0.4213746190071106,0.9124149560928349,-0.2922697961330414,-0.15560182929039001,-0.009377246722579002,0.134495347738266,0.3232779204845435,0.43028518557548523,0.5767962336540222,0.6607475876808167,0.7401538491249084,0.8210810422897339,-0.5872801065444946,0.17926183342933655,0.5918213129043579,0.7761420607566833,0.881604027748108,0.8021363371528452
2023-03-04,S2A_MSIL2A_20230304T064751_R020_T40RBN_20240819T072511,5.1,False,2.4564,1.0,-0.23229101300239563,-0.09681100770831108,0.12682224810123444,0.27604642510414124,0.44182256460189817,-0.3637845516204834,-0.22954045236110687,-0.03559312969446182,0.12268035858869553,0.19275730848312378,0.278889986872673,0.4235505759716034,0.5172690153121948,0.6023896336555481,0.6984825134277344,0.014744425565004356,0.18385836109519005,0.5121510922908783,0.7285232394933701,0.8309026956558228,0.9101874673239226
2023-03-07,S2A_MSIL2A_20230307T065731_R063_T40RBN_20240821T003413,5.1,False,0.882402,1.0,0.16085174679756165,0.19620216637849808,0.2556096315383911,0.35268182307481766,0.49184260368347166,0.07572896778583527,0.10553549230098724,0.14693857729434967,0.19758030772209167,0.2614898383617401,0.18345226347446442,0.25601813942193985,0.3337896764278412,0.39431869238615036,0.4408466756343841,-0.16516638398170472,-0.03890844900161028,0.07223579660058022,0.15533526241779327,0.21898588836193078,0.6777205168421839
2023-03-09,S2B_MSIL2A_20230309T064719_R020_T40RBN_20240823T054455,5.1,False,24.959768,0.9806557621928449,0.1547489047050476,0.19083768501877785,0.2551044821739197,0.3627433255314827,0.5068027079105377,0.07583553344011307,0.10340043902397156,0.14777423441410065,0.19930262491106987,0.27060228586196905,0.20193512737751007,0.2706016004085541,0.3468073755502701,0.40437501668930054,0.45287078619003296,-0.16960570961236954,-0.03755406942218542,0.07866797223687172,0.16945619881153107,0.23348035216331484,0.6848438690022849
2023-03-12,S2B_MSIL2A_20230312T065709_R063_T40RBN_20240818T170744,5.1,False,16.485995,0.7919560833520054,0.14113707542419432,0.175787515938282,0.23636320233345032,0.33832354843616486,0.4959597945213319,0.059128012508153915,0.08675789088010788,0.12648537755012512,0.1818033903837204,0.25488728284835815,0.20023061335086823,0.293292373418808,0.3953213095664978,0.5110225677490234,0.5679470896720886,-0.13565814197063447,0.007024951279163361,0.15571168065071106,0.30628883838653564,0.4021751701831818,0.7595605224689961
2023-03-14,S2A_MSIL2A_20230314T064641_R020_T40RBN_20240823T041506,5.1,False,0.245552,1.0,0.1209542989730835,0.16564683243632317,0.2432428076863289,0.37467680871486664,0.583056354522705,0.020175859332084656,0.06218440178781748,0.11644263565540314,0.19056850671768188,0.2888528108596802,0.2788082957267761,0.3659396767616272,0.46627360582351685,0.5997070074081421,0.6819760799407959,-0.17914549112319944,0.0206233449280262,0.21441683918237686,0.4273921921849251,0.5595148205757141,0.7708566733886025
2023-03-17,S2A_MSIL2A_20230317T065621_R063_T40RBN_20230317T125339,5.09,False,0.612106,1.0,-0.27285791039466856,-0.17401420325040817,-0.042734887450933456,0.14995845034718513,0.4017746239900589,-0.4121798872947693,-0.31612780690193176,-0.1985604465007782,-0.04471695423126221,0.13679499924182892,0.3784271687269211,0.43665119260549545,0.4858614206314087,0.531400740146637,0.5727075338363647,0.22484684139490133,0.45477186888456345,0.6123140454292297,0.711857795715332,0.7742491066455841,0.9697512883710508
2023-03-22,S2B_MSIL2A_20230322T065629_R063_T40RBN_20240827T110952,5.1,False,0.896543,1.0,0.1569879710674286,0.19224915280938148,0.252620592713356,0.3497556447982788,0.49856212735176086,0.05624372884631157,0.08268419653177261,0.12188750505447388,0.17082105576992035,0.23898521065711964,0.24142010509967804,0.3246418535709381,0.42279329895973206,0.5375484228134155,0.609440803527832,-0.09492691233754158,0.048130628652870655,0.19394369423389435,0.3481512665748596,0.4525987505912781,0.8098812457987901
2023-03-24,S2A_MSIL2A_20230324T064621_R020_T40RBN_20240824T014318,5.1,False,12.123363,0.5576592725371574,0.13994235396385193,0.17178396880626678,0.2262396216392517,0.3091999888420105,0.42675841450691226,0.059448675066232685,0.0857478529214859,0.12172737717628479,0.1651000678539276,0.21897779405117035,0.19014520645141603,0.2780338227748871,0.3768966495990753,0.4704636335372925,0.5271875858306885,-0.09247971326112747,0.02852901816368103,0.15849749743938446,0.2651928961277008,0.3391987502574921,0.7899283466148798
2023-03-29,S2B_MSIL2A_20230329T064629_R020_T40RBN_20240823T165234,5.1,False,0.604221,1.0,0.06232184432446958,0.12976395338773727,0.1879398226737976,0.285492978990078,0.438490656018257,-0.09027716591954231,0.0029170040506869555,0.06696420162916183,0.13329364359378815,0.2036760002374649,0.32618510723114014,0.4028274118900299,0.5070467591285706,0.6325733065605164,0.7024092674255371,0.039756510779261595,0.1701037846505642,0.3426121771335602,0.5613132119178772,0.6920988202095032,0.9293823287773545
2023-04-01,S2B_MSIL2A_20230401T065629_R063_T40RBN_20240828T022548,5.1,False,4.730508,0.9918963328105161,-0.2887362241744995,-0.19356322288513184,-0.021868737414479256,0.19158032536506653,0.47891637682914734,-0.4297161102294922,-0.33568644523620605,-0.19666345417499542,-0.017344992607831955,0.17737211287021637,0.24557605385780334,0.3497926592826843,0.43448907136917114,0.5051801800727844,0.5782150030136108,0.005997928325086832,0.36103108525276184,0.5742727518081665,0.6861029863357544,0.7596995830535889,0.9014720831294003
2023-04-03,S2A_MSIL2A_20230403T064621_R020_T40RBN_20240824T175307,5.1,False,0.682296,1.0,0.14143966734409333,0.17363306134939194,0.22421882301568985,0.3128755912184715,0.43925890624523156,0.058051154017448425,0.08429739624261856,0.11836303770542145,0.15994669497013092,0.2138959914445877,0.17573460638523103,0.24733783304691315,0.32047973573207855,0.37416723370552063,0.409647673368454,-0.11382357701659201,-0.004868147196248174,0.09351925551891327,0.1713511347770691,0.23020102530717848,0.7401598326984838
2023-04-06,S2A_MSIL2A_20230406T065621_R063_T40RBN_20240827T062705,5.1,False,0.308718,1.0,0.15299083292484283,0.18768630921840668,0.2473767027258873,0.3453708812594414,0.49854698777198775,0.07555002719163895,0.10369818657636642,0.14279481768608093,0.18811534345149994,0.25563275814056396,0.17482709884643555,0.2508351355791092,0.3314656615257263,0.4018772095441818,0.4512749552726745,-0.17182371169328686,-0.047971644438803196,0.06461399421095848,0.16882860660552979,0.2514663636684418,0.6593098812457988
2023-04-11,S2B_MSIL2A_20230411T065629_R063_T40RBN_20240827T011304,5.1,False,39.847305,1.0,0.12747412621974946,0.16409164294600487,0.2239639088511467,0.31883998215198517,0.46249753832817075,0.04800095409154892,0.07478011772036552,0.11364775151014328,0.15869535505771637,0.22795359790325165,0.20922525227069855,0.28923970460891724,0.3790413439273834,0.4942116290330887,0.5602930784225464,-0.12053768932819366,0.013535288162529469,0.15510404855012894,0.30682504177093506,0.4099425345659256,0.7676824258719844
2023-04-16,S2A_MSIL2A_20230416T065621_R063_T40RBN_20240901T165132,5.1,False,15.233745,0.5854806184181044,-0.021600566059350967,0.07176107726991177,0.1610742211341858,0.2626727223396301,0.41780117154121404,-0.1354481428861618,-0.06179355829954147,0.04989965632557869,0.12355275452136993,0.17613980174064636,0.24849975109100342,0.36333751678466797,0.5059294104576111,0.5947606563568115,0.6575413465499879,-0.03277876935899258,0.12566188350319862,0.35428406298160553,0.5666095018386841,0.6640522956848145,0.8805332312794999
2023-04-21,S2B_MSIL2A_20230421T065629_R063_T40RBN_20240902T093328,5.1,False,10.564408,1.0,0.13694628328084946,0.1713123619556427,0.2276851385831833,0.3155851811170578,0.44019436836242676,0.06413985788822174,0.08885028399527073,0.12473689764738083,0.16554145514965057,0.22224462032318115,0.1829192191362381,0.2625632584095001,0.3487127721309662,0.4389062225818634,0.5021780908107756,-0.10987493917346,-0.0024082480231299996,0.1130484864115715,0.22497036680579185,0.3121146738529205,0.7455373814325192
2023-04-28,S2B_MSIL2A_20230428T064629_R020_T40RBN_20230428T122311,5.09,False,0.121703,1.0,0.1339257538318634,0.1680946685373783,0.22317121922969818,0.3170846775174141,0.4504858046770096,0.037074264138937,0.06493499875068665,0.10449007898569107,0.1496085375547409,0.21127529442310333,0.2461347818374634,0.333856999874115,0.42175889015197754,0.5412032008171082,0.6115603446960449,-0.04681878238916397,0.08062263950705528,0.21761339157819748,0.37704091519117355,0.4875308394432067,0.8548808723579058
2023-05-01,S2B_MSIL2A_20230501T065629_R063_T40RBN_20240831T132114,5.1,False,20.776166,1.0,0.011546638328582052,0.08161314949393272,0.1558147370815277,0.24127981811761856,0.36489346027374264,-0.09690071642398834,-0.03993015456944704,0.03415863774716854,0.1042704600840807,0.15318748354911804,0.19267822802066803,0.29850277304649353,0.3963504731655121,0.47506797313690186,0.5288296937942505,-0.06881900057196616,0.06633321568369865,0.27151648700237274,0.4267234206199646,0.5205379545688629,0.834901785047427
2023-05-08,S2B_MSIL2A_20230508T064629_R020_T40RBN_20230508T115132,5.09,False,15.577586,1.0,0.15124955773353577,0.18275654688477516,0.23812582343816757,0.3280338644981384,0.4459485709667206,0.055216796696186066,0.07930762320756912,0.11359293013811111,0.1544329971075058,0.21168704330921173,0.2234703004360199,0.30337393283843994,0.39479559659957886,0.5095575451850891,0.5831036567687988,-0.0533765412867069,0.05552985332906246,0.18937169015407562,0.3371059224009514,0.4357487916946411,0.8351258495780118
2023-05-11,S2B_MSIL2A_20230511T065629_R063_T40RBN_20230511T121856,5.09,False,19.845942,1.0,0.10393638014793397,0.13698206469416618,0.1927916780114174,0.2778933122754097,0.4042906939983368,0.002290500444360096,0.0374752776697278,0.07825639098882675,0.13697855174541473,0.1999996453523636,0.2215024083852768,0.298401802778244,0.38098254799842834,0.48802489042282104,0.540705144405365,-0.09469435736536977,0.03534120041877031,0.19078202545642853,0.3561098203063011,0.44963277280330655,0.8018896108745985
2023-05-13,S2A_MSIL2A_20230513T064621_R020_T40RBN_20230513T151353,5.09,False,0.180035,1.0,0.08638155460357666,0.13044219836592674,0.1859384998679161,0.27514997124671936,0.40871530771255493,-0.057112906128168085,0.016454921569675207,0.06668510288000107,0.11876162886619568,0.17550994455814362,0.2830345839262009,0.352300301194191,0.4392699897289276,0.553924024105072,0.6155488550662994,-0.002450678544118998,0.12095426581799984,0.2737061381340027,0.458611898124218,0.5749487578868866,0.897714541788035
2023-05-23,S2A_MSIL2A_20230523T064631_R020_T40RBN_20230523T124220,5.09,False,38.763821,0.9986182687280604,0.11290305852890015,0.14441993832588196,0.19841688871383667,0.28228285908699036,0.38695579767227173,0.04305572062730789,0.06626057624816895,0.09881298989057541,0.13691346347332,0.18886646628379822,0.1973555088043213,0.26230987906455994,0.3370667099952698,0.4424349367618561,0.49682483077049255,-0.08642438799142838,0.017068855464458466,0.1370740830898285,0.26720499992370605,0.34794697165489197,0.7800755394338282
2023-05-26,S2A_MSIL2A_20230526T065621_R063_T40RBN_20240907T073145,5.1,False,13.412002,1.0,0.11725158467888833,0.1544068157672882,0.21232973039150238,0.2986775189638138,0.4333730727434158,0.03818831592798234,0.06605290994048119,0.10187815502285957,0.15471075475215912,0.2210637629032135,0.19455154240131378,0.27220389246940613,0.3459462523460388,0.44387903809547424,0.49099087715148926,-0.1765138953924179,-0.02667477633804083,0.1276211515069008,0.2757718339562416,0.3688740849494934,0.71342146538203
2023-05-28,S2B_MSIL2A_20230528T064629_R020_T40RBN_20240908T011647,5.1,False,19.464895,1.0,0.14032039493322374,0.1769535169005394,0.24131928384304047,0.3474663496017456,0.4936731845140457,0.05575629323720932,0.08250162750482559,0.12275401502847672,0.17001965641975403,0.23304788768291473,0.17872312664985657,0.25245094299316406,0.3231780230998993,0.39591744542121887,0.45234522223472595,-0.17694151997566224,-0.042126789689064026,0.0806254893541336,0.1892591379582882,0.2876650512218475,0.6757786242437822
2023-05-31,S2B_MSIL2A_20230531T065629_R063_T40RBN_20240908T012259,5.1,False,33.701563,0.9913735155724849,0.12385114282369614,0.15625934302806854,0.20751948654651642,0.28543171286582947,0.3952896893024445,0.05899125337600708,0.08367590978741646,0.11750306189060211,0.1547594889998436,0.20103056728839874,0.122295081615448,0.1939448118209839,0.2635236084461212,0.32690566778182983,0.36127920746803294,-0.1843100845813751,-0.08358157053589821,0.01689542643725872,0.10878926888108253,0.1772230386734009,0.5502316645948695
2023-06-02,S2A_MSIL2A_20230602T064631_R020_T40RBN_20240910T165440,5.1,False,0.879583,0.9998506236462767,0.12565932869911195,0.15966884046792984,0.21492590010166168,0.30896003544330597,0.4314283430576325,0.05031904950737953,0.07578139007091522,0.11174269020557404,0.15450779348611832,0.20745883882045746,0.1657535582780838,0.23406420648097992,0.3048239201307297,0.3809219002723694,0.43537241220474243,-0.1288144677877426,-0.02223590575158596,0.08801555633544922,0.189389206469059,0.26424709260463713,0.7084111451408083
2023-06-05,S2A_MSIL2A_20230605T065621_R063_T40RBN_20240911T135334,5.1,False,22.285274,1.0,0.1271506279706955,0.15765394270420074,0.20754680782556534,0.27667538076639175,0.38137559294700624,0.04535689949989319,0.06832291930913925,0.10077740252017975,0.13920432329177856,0.18966089189052582,0.17153581976890564,0.23882006108760834,0.3093479126691818,0.4002419710159302,0.44345206022262573,-0.128091524541378,-0.02018960425630212,0.10053296387195587,0.2224011793732643,0.2986776769161224,0.7130106804092912
2023-06-07,S2B_MSIL2A_20230607T064629_R020_T40RBN_20240912T035440,5.1,False,0.107726,1.0,0.1295104429125786,0.16034727916121483,0.21346905082464218,0.30123408883810043,0.42687346637248985,0.02876180410385132,0.053121328353881836,0.08743739873170853,0.1308331936597824,0.19284695386886597,0.209458127617836,0.28229930996894836,0.3800252079963684,0.497836172580719,0.5691254436969755,-0.08285043537616728,0.03286730870604515,0.1821620836853981,0.34854255616664886,0.44104337990283965,0.7999477182761969
2023-06-10,S2B_MSIL2A_20230610T065629_R063_T40RBN_20240912T092757,5.1,False,33.722746,1.0,0.09952997416257858,0.1328291893005371,0.1783735603094101,0.24705622717738152,0.35172652900218965,-0.04305768385529518,0.012755378149449825,0.055178141221404076,0.10789619944989681,0.15856471359729757,0.22899087965488435,0.2918543219566345,0.37328480184078217,0.4716654345393181,0.5206191480159759,-0.042836346104741095,0.0646397452801466,0.21267464011907578,0.373231865465641,0.4690986931324005,0.8490551945627007
2023-06-12,S2A_MSIL2A_20230612T064631_R020_T40RBN_20240910T164920,5.1,False,2.400901,1.0,0.057018944248557094,0.1184204313904047,0.1740867868065834,0.25322742760181427,0.373507222533226,-0.10540641099214554,-0.01592765748500824,0.048228684812784195,0.09862407296895981,0.14968568086624146,0.2802085340023041,0.34060460329055786,0.4133940488100052,0.49970969557762146,0.5634125471115112,0.0020673078252002666,0.12555792927742004,0.27387523651123047,0.4295935407280922,0.5473187863826752,0.9011501979236687
2023-06-15,S2A_MSIL2A_20230615T065621_R063_T40RBN_20240911T173204,5.1,False,39.36854,1.0,0.12904915064573289,0.16108829155564308,0.21142811328172684,0.2894952595233917,0.3951943546533584,0.025816867128014565,0.0567401759326458,0.09048376604914665,0.13092778623104095,0.17920814752578731,0.1902087777853012,0.2615833878517151,0.3272565007209778,0.39960408210754395,0.44399389624595637,-0.11350060179829596,0.02070331759750843,0.13970059901475906,0.23286185786128044,0.29590310752391813,0.7825453730674434
2023-06-17,S2B_MSIL2A_20230617T064629_R020_T40RBN_20230617T122558,5.09,False,0.438172,1.0,0.1461724042892456,0.1815609633922577,0.24076426774263382,0.34337617456912994,0.4752870768308639,0.04357210546731949,0.06806542724370956,0.10532910376787186,0.14754075556993484,0.209035724401474,0.215085406601429,0.2864561975002289,0.3680736720561981,0.46939031034708023,0.5424203872680664,-0.120430102199316,0.012127859285101295,0.15600628405809402,0.2962953969836235,0.3900489717721939,0.7668608559265069
2023-06-22,S2A_MSIL2A_20230622T064631_R020_T40RBN_20230622T152827,5.09,False,1.35544,1.0,0.12428892999887467,0.15560993552207947,0.20859891176223755,0.29373830556869507,0.4103400826454162,0.02297697588801384,0.050062235444784164,0.08433429896831512,0.1281987763941288,0.18645024299621582,0.21501339972019196,0.2790851891040802,0.3664615750312805,0.4703771770000458,0.526131272315979,-0.10307361707091331,0.01830887282267213,0.16515681892633438,0.322422593832016,0.40974747836589814,0.7773172006871313
2023-06-25,S2A_MSIL2A_20230625T065621_R063_T40RBN_20240910T001949,5.1,False,27.252007,1.0,0.11158970966935158,0.14819175750017166,0.2025524452328682,0.2840660437941551,0.4094909429550171,-0.025515884160995483,0.029221173375844955,0.07314293086528778,0.13104578852653503,0.1897137314081192,0.22644275426864624,0.29136374592781067,0.36188292503356934,0.45375749468803406,0.5064411759376526,-0.11594593748450277,0.020325818099081516,0.17811737954616547,0.33818265050649643,0.441418233513832,0.7775039211292852
2023-06-27,S2B_MSIL2A_20230627T064629_R020_T40RBN_20241003T191527,5.1,False,11.480712,1.0,0.10350766554474831,0.1503707654774189,0.2199578806757927,0.3280715197324753,0.4846683025360107,-0.03895225748419762,0.02544837398454547,0.07806974649429321,0.1350536346435547,0.2056056708097458,0.26191338896751404,0.32126471400260925,0.390238881111145,0.48098134994506836,0.5364874005317688,-0.16093269139528268,0.028956846799701452,0.19936683028936386,0.36401528865098953,0.4808476477861404,0.7822092762715662
2023-06-30,S2B_MSIL2A_20230630T065629_R063_T40RBN_20240912T002520,5.1,False,12.935401,0.9766972888191799,0.13342538475990295,0.1648135595023632,0.21585867553949356,0.2887522354722023,0.3800186514854431,0.05835528299212456,0.07919057458639145,0.10879483073949814,0.14053595066070557,0.18138167262077332,0.13994474709033966,0.20673780143260956,0.26657822728157043,0.3262527883052826,0.3621649146080018,-0.1601833239197731,-0.05934333615005016,0.0453270748257637,0.13232265040278435,0.19111484736204154,0.6224286915959318
2023-07-02,S2A_MSIL2A_20230702T064631_R020_T40RBN_20241013T160844,5.1,False,0.1114,1.0,0.15594187676906587,0.18957548961043358,0.24245798587799072,0.33733779191970825,0.45301261842250823,0.05431818626821042,0.077163465321064,0.11050967127084732,0.14947521686553955,0.20088699460029602,0.17711898088455205,0.24809306859970093,0.32048499584198,0.40070366859436035,0.46522966027259827,-0.1334630727767944,-0.021979497745633125,0.09884312003850937,0.21280880272388458,0.2942389756441116,0.7132720890283069
2023-07-05,S2A_MSIL2A_20230705T065631_R063_T40RBN_20230705T151638,5.09,False,23.912343,1.0,0.13968095779418946,0.1738896779716015,0.22796989977359772,0.3073398545384407,0.4232710748910904,0.04397911578416824,0.06841877289116383,0.10269254818558693,0.14753557741641998,0.20276165008544922,0.17797959446907055,0.24576228857040405,0.3218231499195099,0.41025540232658386,0.45576709508895874,-0.1751797705888748,-0.04575006477534771,0.10029100254178047,0.23922636359930038,0.32307237982749937,0.6782433340802151
2023-07-07,S2B_MSIL2A_20230707T064629_R020_T40RBN_20241021T135849,5.1,False,37.514451,0.9520128463664203,0.10792428851127625,0.1488638073205948,0.21819956600666046,0.31776416301727295,0.4597423434257507,0.03547348454594612,0.06216808035969734,0.10224297642707825,0.15333710610866547,0.21555331349372864,0.1974390298128128,0.2556033432483673,0.32962530851364136,0.4177076518535614,0.4655072093009949,-0.24127571880817408,-0.06428154557943344,0.10572395473718643,0.2684955596923828,0.3760071039199829,0.6618287373004355
2023-07-10,S2B_MSIL2A_20230710T065629_R063_T40RBN_20241021T062519,5.1,False,31.388277,1.0,0.12747570872306824,0.16820284351706505,0.23481876403093338,0.3270873352885246,0.4660863518714904,0.012504324316978455,0.04660353437066078,0.08775786310434341,0.1410752236843109,0.20063653588294983,0.20333021879196167,0.2682616412639618,0.33710697293281555,0.42581772804260254,0.4726097375154495,-0.22211843281984328,-0.05225407425314188,0.11862752586603165,0.2761463150382042,0.37740964293479917,0.6817910224811412
2023-07-12,S2A_MSIL2A_20230712T064631_R020_T40RBN_20241013T192851,5.1,False,0.751727,0.9998879677347076,0.13508561849594117,0.16981641203165054,0.22655674815177917,0.31438010931015015,0.4123782277107241,0.05492927506566048,0.07760939747095108,0.1112668365240097,0.14903973042964935,0.19512158632278442,0.16184723377227783,0.22047211229801178,0.273479163646698,0.32616034150123596,0.3563629686832428,-0.16656771600246428,-0.0628858134150505,0.044856686145067215,0.13385704159736633,0.19276936948299409,0.6167320261437909
2023-07-15,S2A_MSIL2A_20230715T065631_R063_T40RBN_20230715T130037,5.09,False,27.092615,1.0,0.12564594447612762,0.1555267609655857,0.20137999206781387,0.25996994972229004,0.33075104057788846,0.056702904403209686,0.07639751397073269,0.10295519232749939,0.13103417307138443,0.1667259931564331,0.11469576507806778,0.16494233906269073,0.21564923226833344,0.27207085490226746,0.30023981630802155,-0.1911747485399246,-0.09536385536193848,0.0033163292100653052,0.09541568346321583,0.16127346009016036,0.5088505489580999
2023-07-17,S2B_MSIL2A_20230717T064629_R020_T40RBN_20230717T122208,5.09,False,0.446616,1.0,0.14009012281894684,0.17533087357878685,0.2308654710650444,0.3141992315649986,0.4100590080022812,0.05182722955942154,0.07477790117263794,0.10836246609687805,0.14348692446947098,0.18960933238267882,0.15629349648952484,0.21816939115524292,0.28651347756385803,0.3691461905837059,0.4213564097881317,-0.1579116567969322,-0.055591678246855736,0.061375707387924194,0.17315230891108513,0.2534052491188049,0.6375382776906415
2023-07-20,S2B_MSIL2A_20230720T065629_R063_T40RBN_20230720T123034,5.09,False,29.737222,0.0,,,,,,,,,,,,,,,,,,,,,
2023-07-22,S2A_MSIL2A_20230722T064631_R020_T40RBN_20241013T213122,5.1,False,28.648221,0.9989543655239376,0.11103350296616554,0.15511003881692886,0.22664128988981247,0.3278719410300255,0.4583082854747773,0.027172181755304337,0.051957400515675545,0.09511814266443253,0.14254461973905563,0.1997697502374649,0.17308575063943862,0.22708390653133392,0.30147403478622437,0.38424570113420486,0.4291627109050751,-0.29286758303642274,-0.10308673791587353,0.06501897796988487,0.22534284368157387,0.3349549591541291,0.6034766355140186
2023-07-27,S2B_MSIL2A_20230727T064629_R020_T40RBN_20241012T150139,5.1,False,0.956967,1.0,0.12372289299964906,0.1626363769173622,0.22489933669567108,0.31697818636894226,0.42459743618965146,0.06521051377058029,0.08864478766918182,0.12337583675980568,0.16032129526138306,0.20810314565896987,0.1482551246881485,0.20738108456134796,0.2555566430091858,0.3031569719314575,0.32534244656562805,-0.22322588860988613,-0.09971533715724945,0.021064755506813526,0.11779753305017948,0.18908190578222273,0.5491821644633654
2023-07-30,S2B_MSIL2A_20230730T065629_R063_T40RBN_20241020T001907,5.1,False,21.550329,1.0,0.15887503623962404,0.19842633605003357,0.2627553641796112,0.3524913266301155,0.4753167003393172,0.06256281435489655,0.08613508939743042,0.11971937119960785,0.16068512201309204,0.21102233231067657,0.1410880833864212,0.20973029732704163,0.2741355448961258,0.3358108103275299,0.379279652237892,-0.23781576603651045,-0.10814308561384678,0.027797849848866463,0.13688501343131065,0.20535515099763868,0.5589289715438046
2023-08-01,S2A_MSIL2A_20230801T064631_R020_T40RBN_20241015T022010,5.1,False,0.135153,1.0,0.160753333568573,0.20160647481679916,0.2679438292980194,0.3705790638923645,0.49561677575111385,0.05863916873931885,0.08473309129476547,0.12254398316144943,0.1652706116437912,0.2225545346736908,0.16549216210842133,0.23355437070131302,0.3040362000465393,0.38674744963645935,0.4486459791660309,-0.2256834730505943,-0.08655126765370369,0.060098644345998764,0.1881452575325966,0.2734434694051742,0.6165135559041004
2023-08-06,S2B_MSIL2A_20230806T064629_R020_T40RBN_20241019T015046,5.1,False,23.725872,1.0,0.1204064704477787,0.16641011461615562,0.24047423899173737,0.34069182723760605,0.47043187916278834,0.03816801980137825,0.0665014386177063,0.10721853375434875,0.15790969133377075,0.21368588507175446,0.193348003923893,0.24942822754383087,0.32585978507995605,0.4154636263847351,0.46560636162757874,-0.277368488907814,-0.08715634047985077,0.0915200337767601,0.2582537531852722,0.37353349924087526,0.6372395249831951
2023-08-09,S2B_MSIL2A_20230809T065629_R063_T40RBN_20241016T213921,5.1,False,8.885491,1.0,0.15233840197324752,0.1817122995853424,0.22860445082187653,0.29275064170360565,0.366740357875824,0.0708446130156517,0.09029142558574677,0.11749100685119629,0.14984361827373505,0.18781344592571259,0.12688376009464264,0.19104953110218048,0.2472386211156845,0.29635971039533615,0.32417890429496765,-0.14394500106573105,-0.06813299842178822,0.015682844445109367,0.08806191198527813,0.13494680374860762,0.5526178205989992
2023-08-11,S2A_MSIL2A_20230811T064631_R020_T40RBN_20241112T143010,5.1,False,10.161319,1.0,0.12889516353607178,0.16885953769087791,0.22893580794334412,0.3101685270667076,0.4055255800485611,0.06253144145011902,0.08401601761579514,0.11628545075654984,0.15049760416150093,0.1900523602962494,0.13411743938922882,0.1880379319190979,0.2412842959165573,0.2958749681711197,0.3236492872238159,-0.23680731654167173,-0.11373894847929478,0.01043264614418149,0.11538569070398808,0.18781002312898631,0.5253566360445141
2023-08-14,S2A_MSIL2A_20230814T065631_R063_T40RBN_20241121T035640,5.1,False,6.895642,1.0,0.16571225672960282,0.20283269509673119,0.258862242102623,0.3367280811071396,0.43815928697586054,0.06962409019470216,0.09282896667718887,0.12498948723077774,0.1650983989238739,0.21272407472133636,0.13985861837863922,0.2107253484427929,0.2764851152896881,0.3450656533241272,0.3897089660167694,-0.2117444485425949,-0.0980457067489624,0.026570020243525505,0.13502873852849007,0.2029286354780197,0.5610575845843603
2023-08-16,S2B_MSIL2A_20230816T064629_R020_T40RBN_20241020T072241,5.1,False,26.629147,0.8406154305773396,0.14105907082557678,0.17496010661125183,0.23046116530895233,0.30246883630752563,0.3842284083366394,0.057954341173172,0.07836038619279861,0.10708509385585785,0.14046096801757812,0.18209660053253174,0.149741530418396,0.2111654281616211,0.2676386833190918,0.38346320390701294,0.4309958815574646,-0.1659868210554123,-0.04055556561797857,0.08747673407196999,0.20814036950469017,0.29848400652408613,0.682985339848956
2023-08-19,S2B_MSIL2A_20230819T065629_R063_T40RBN_20241017T233343,5.1,False,2.229576,1.0,0.14154539704322816,0.1759045273065567,0.22685474157333374,0.2961845174431801,0.3818736255168914,0.046484246477484704,0.06911947578191757,0.09839250892400742,0.13495275378227234,0.17914947867393494,0.15838705003261566,0.22264766693115234,0.2964484691619873,0.3933360278606415,0.4479900300502777,-0.1464185670018196,-0.04146721214056015,0.08070680871605873,0.2041063793003559,0.2891750752925873,0.6715213981626709
2023-08-21,S2A_MSIL2A_20230821T064631_R020_T40RBN_20241024T082644,5.1,False,0.267929,1.0,0.1507619261741638,0.18872594088315964,0.2464868128299713,0.33333268761634827,0.4333510488271713,0.0520547479391098,0.07528689131140709,0.10659695416688919,0.1428118199110031,0.1889607310295105,0.1786907821893692,0.24262414872646332,0.31223011016845703,0.4096023142337799,0.47194746136665344,-0.1545033827424049,-0.03597670514136553,0.09436323866248131,0.22259561717510223,0.3127238571643829,0.6869445066845918
2023-08-24,S2A_MSIL2A_20230824T065631_R063_T40RBN_20241025T152112,5.1,False,11.286356,1.0,0.15775124430656434,0.19102684035897255,0.24293691664934158,0.31046364456415176,0.39022738039493554,0.08078619092702866,0.10083424299955368,0.12890439480543137,0.16191509366035461,0.20086983591318128,0.1289998382329941,0.19294480606913567,0.25033795833587646,0.3012406826019287,0.3273582458496094,-0.15331749767065048,-0.08017721399664879,0.005552296061068773,0.08004462905228138,0.13290411084890363,0.5180745388005079
2023-08-26,S2B_MSIL2A_20230826T064629_R020_T40RBN_20241020T054319,5.1,False,0.940316,1.0,0.1541115254163742,0.18707479164004326,0.24093836545944214,0.31238457560539246,0.3906939387321472,0.0706920474767685,0.09229117631912231,0.12112657725811005,0.15395116806030273,0.19268520176410675,0.12406814321875573,0.18257416784763336,0.23519298434257507,0.28435876965522766,0.31466174125671387,-0.1713847368955612,-0.09460888244211674,-0.004585420712828636,0.071003133431077,0.12057701721787453,0.4858839345731571
2023-08-29,S2B_MSIL2A_20230829T065629_R063_T40RBN_20241017T113451,5.1,False,0.803153,1.0,0.1768340349197388,0.21012265235185623,0.26218050718307495,0.3323384150862694,0.4137813150882721,0.06667256727814677,0.08904919028282166,0.11806188151240349,0.15216931700706482,0.19112024903297423,0.13980001211166382,0.21114878728985786,0.28220728039741516,0.3497992157936096,0.4024506211280823,-0.1434439241886139,-0.05250007752329111,0.05249561183154583,0.14788204431533813,0.21432598382234574,0.6320860407797446
2023-08-31,S2A_MSIL2A_20230831T064631_R020_T40RBN_20241017T114704,5.1,False,0.352854,1.0,0.15320630222558976,0.18781773000955582,0.2423204481601715,0.31932705640792847,0.4033535003662109,0.058341316878795624,0.08234703540802002,0.11449190229177475,0.1510399729013443,0.19491778314113617,0.16373269259929657,0.228095144033432,0.29939231276512146,0.3901514708995819,0.45064058899879456,-0.14781449437141417,-0.04814417194575071,0.07159142941236496,0.19134288281202316,0.27286550104618074,0.6545298379266562
2023-09-03,S2A_MSIL2A_20230903T065631_R063_T40RBN_20241030T165920,5.1,False,0.604641,1.0,0.15416300296783447,0.20160217955708504,0.2766793817281723,0.3821130692958832,0.5253131985664368,0.06106298007071019,0.08925089240074158,0.12803100049495697,0.1780853532254696,0.2364648133516311,0.19514164328575134,0.26287326216697693,0.34783750772476196,0.45314300060272217,0.5102244019508362,-0.2912837654352188,-0.10321141593158245,0.08689521998167038,0.25806333869695663,0.3645375967025757,0.6263723952498319
2023-09-05,S2B_MSIL2A_20230905T064629_R020_T40RBN_20241025T080236,5.1,False,1.087379,1.0,0.14764488339424134,0.18328459560871124,0.2371823489665985,0.3143598660826683,0.39354745149612425,0.061626333743333817,0.08612427115440369,0.11702446639537811,0.1530890315771103,0.19459420442581177,0.1792493596673012,0.2393157258629799,0.2978643476963043,0.3719760477542877,0.41720062494277954,-0.13889718055725095,-0.03999991528689861,0.06902952119708061,0.17094581946730614,0.25219484567642214,0.6687205915303608
2023-09-08,S2B_MSIL2A_20230908T065629_R063_T40RBN_20241023T151834,5.1,False,2.636971,1.0,0.16731479465961457,0.2089446447789669,0.26773229241371155,0.34551163017749786,0.44269170463085167,0.06502762660384179,0.09222133457660675,0.12492543086409569,0.1642351597547531,0.21123003959655762,0.12314727902412415,0.1895507462322712,0.25027067959308624,0.3041592240333557,0.3370158076286316,-0.23880034387111662,-0.12014174088835716,0.0030524689937010407,0.10157200135290623,0.16894022822380067,0.5073194413324371
2023-09-10,S2A_MSIL2A_20230910T064631_R020_T40RBN_20241104T093124,5.1,False,3.399163,1.0,0.1525622934103012,0.1884697750210762,0.24399684369564056,0.31792640686035156,0.3984488695859909,0.07200580835342407,0.09761574491858482,0.12921903282403946,0.16542282700538635,0.2063995897769928,0.1396752893924713,0.20346595346927643,0.26379290223121643,0.3151577115058899,0.35702380537986755,-0.16343167573213577,-0.07842820696532726,0.01771558541804552,0.10083398595452309,0.15951546132564545,0.5536634550750617
2023-09-13,S2A_MSIL2A_20230913T065631_R063_T40RBN_20241027T165012,5.1,False,0.632674,1.0,0.16559672951698304,0.2134215198457241,0.28390948474407196,0.38336098194122314,0.5092708349227906,0.06818172335624695,0.09880664944648743,0.14088468253612518,0.1940826177597046,0.25770172178745265,0.15334364771842957,0.22707892209291458,0.29522982239723206,0.36979037523269653,0.42518171668052673,-0.29770788848400115,-0.13803285360336304,0.0228187358006835,0.15305732563138008,0.2424910381436348,0.5442527447904997
2023-09-15,S2B_MSIL2A_20230915T064629_R020_T40RBN_20241024T100528,5.1,False,3.311883,1.0,0.16085396111011505,0.20724863186478615,0.2833949774503708,0.37800969928503036,0.48777799606323236,0.07709001749753952,0.10752125084400177,0.14735016226768494,0.1955234855413437,0.2535112798213959,0.17541667819023132,0.2478952817618847,0.31702443957328796,0.40596963465213776,0.4693608283996582,-0.22444355338811872,-0.09073700569570065,0.05179466865956783,0.17541207000613213,0.27069227695465087,0.6021360818582419
2023-09-18,S2B_MSIL2A_20230918T065629_R063_T40RBN_20241025T081232,5.1,False,17.872611,0.9722159982074837,0.150860957801342,0.19041110575199127,0.2511509209871292,0.32128750532865524,0.3978783279657364,0.06978999078273773,0.09719637781381607,0.12693802267313004,0.1610139161348343,0.20045261085033417,0.17795933037996292,0.24350404739379883,0.31989777088165283,0.4197215214371681,0.4749727249145508,-0.1410649165511131,-0.03142901510000229,0.09949491545557976,0.2208901010453701,0.30804961919784546,0.6991626334792963
2023-09-20,S2A_MSIL2A_20230920T064631_R020_T40RBN_20241027T175501,5.1,False,34.618551,0.3191425797296288,0.24589037150144577,0.2962339296936989,0.3604578226804733,0.45307257771492004,0.547818124294281,0.11079711839556694,0.14043481647968292,0.17367541790008545,0.21007831394672394,0.2571423351764679,0.13258770108222961,0.19229964911937714,0.24278223514556885,0.31314918398857117,0.4004915654659271,-0.3110533505678177,-0.18283364549279213,-0.05312555469572544,0.05235351622104645,0.1380896344780922,0.3746782120290194
2023-09-23,S2A_MSIL2A_20230923T065621_R063_T40RBN_20241028T071613,5.1,False,12.418781,1.0,0.1614401236176491,0.20111875236034393,0.25755609571933746,0.33223583549261093,0.41870284378528594,0.07419387251138687,0.10049764066934586,0.13423705101013184,0.17304664850234985,0.21414300650358198,0.13074041903018951,0.1927257627248764,0.24438004195690155,0.2953168749809265,0.3227911591529846,-0.22431060820817947,-0.11965098045766354,-0.0031868958612903953,0.08981950208544731,0.15709785521030425,0.4918216446336545
2023-09-25,S2B_MSIL2A_20230925T064629_R020_T40RBN_20241106T041733,5.1,False,0.562265,1.0,0.15982428789138795,0.20752201229333878,0.2778244912624359,0.37677809596061707,0.4943940639495849,0.0640830546617508,0.09437932819128036,0.13484974205493927,0.18046605587005615,0.23447661101818085,0.14219003915786743,0.2137584537267685,0.27557268738746643,0.32662567496299744,0.3665069341659546,-0.28839716613292693,-0.13977159932255745,0.010132696479558945,0.12154044769704342,0.20054593980312346,0.5212114422286952
2023-09-28,S2B_MSIL2A_20230928T065649_R063_T40RBN_20230928T131655,5.09,False,0.521748,1.0,0.16794320940971375,0.20400751009583473,0.25586025416851044,0.32337337732315063,0.3993558377027511,0.06374438107013702,0.09085971117019653,0.12110704556107521,0.15654923021793365,0.19499129354953765,0.13910076022148132,0.2114717662334442,0.27942629158496857,0.35117307305336,0.411042183637619,-0.1469993397593498,-0.05410617310553789,0.053441694006323814,0.15321438759565353,0.22732365280389782,0.6335798043169766
2023-09-30,S2A_MSIL2A_20230930T064651_R020_T40RBN_20230930T124526,5.09,False,0.214958,1.0,0.16496829241514205,0.19582447037100792,0.2467176541686058,0.3138407841324806,0.3802335977554321,0.06457311660051349,0.09102696739137173,0.12124364823102951,0.15345287322998047,0.19238100051879878,0.16991813480854034,0.23961393535137177,0.315294086933136,0.40771816670894623,0.4719597399234772,-0.09788723513484,-0.014287542551755905,0.0873154066503048,0.19522738829255104,0.2759789645671844,0.717379938755695
2023-10-03,S2A_MSIL2A_20231003T065721_R063_T40RBN_20241028T175546,5.1,False,0.119144,1.0,0.1704577162861824,0.2067234367132187,0.26169930398464203,0.3361479341983795,0.41722362935543056,0.07128586620092392,0.0982070080935955,0.13320131599903107,0.17147162556648254,0.21845974028110504,0.17951488494873047,0.25034064054489136,0.3102927803993225,0.37555575370788574,0.41720794141292566,-0.12885483354330063,-0.03714607749134302,0.06839168816804886,0.15714570134878159,0.22177531570196152,0.6732392262304877
2023-10-05,S2B_MSIL2A_20231005T064729_R020_T40RBN_20241107T195305,5.1,False,0.266301,1.0,0.17293560951948167,0.2094520702958107,0.2699553519487381,0.3527308851480484,0.4391986161470413,0.07154149562120438,0.09908704459667206,0.13519693911075592,0.1758899986743927,0.22278658598661416,0.17180883884429932,0.24175453186035156,0.30428725481033325,0.3508680462837219,0.39934876561164856,-0.13828303962945937,-0.04816907458007336,0.051433855667710304,0.1348203346133232,0.19736024141311645,0.6427664500709538
2023-10-08,S2B_MSIL2A_20231008T065759_R063_T40RBN_20241101T190230,5.1,False,0.112292,1.0,0.16850798279047013,0.20553715154528618,0.2620465010404587,0.3361297771334648,0.4205959528684616,0.06568906456232071,0.09321744181215763,0.1270153671503067,0.1653957962989807,0.20887007564306254,0.14537436962127687,0.21755656599998474,0.2790030539035797,0.3217649459838867,0.3579774498939514,-0.15508674532175062,-0.06033915188163519,0.0378942284733057,0.116058599203825,0.1753274843096733,0.6130405556800359
2023-10-10,S2A_MSIL2A_20231010T064801_R020_T40RBN_20241109T034959,5.1,False,1.165194,1.0,0.16093607395887374,0.2029503993690014,0.2672497630119324,0.3534204810857773,0.4493756711483002,0.06655528396368027,0.0957227423787117,0.13274898380041122,0.17197422683238983,0.21757523715496063,0.1524972915649414,0.2285768687725067,0.29568029940128326,0.34804190695285797,0.3925972282886505,-0.17249614000320435,-0.0698863361030817,0.03815017640590668,0.1263555884361267,0.19079032987356184,0.5995966838449474
2023-10-13,S2A_MSIL2A_20231013T065821_R063_T40RBN_20231013T130844,5.09,False,0.136269,1.0,0.18376364558935165,0.23001152276992798,0.30107632279396057,0.4019554853439331,0.5243261575698852,0.0790276974439621,0.11104296892881393,0.15223856270313263,0.1971123069524765,0.253517746925354,0.16429612040519714,0.24854178726673126,0.32197853922843933,0.39166367053985596,0.44347095489501953,-0.24087881147861478,-0.09984874539077282,0.047618888318538666,0.1667047254741192,0.25032801926136017,0.5952647695869744
2023-10-15,S2B_MSIL2A_20231015T064839_R020_T40RBN_20231015T121955,5.09,False,3.346767,0.5636343266860856,0.19212448000907897,0.23148415982723236,0.28237074613571167,0.35149306058883667,0.42304214239120486,0.08502650707960129,0.11417299509048462,0.1479727029800415,0.183167964220047,0.22102795541286469,0.15693585574626923,0.24280625581741333,0.3106559216976166,0.38456112146377563,0.4497877359390259,-0.12214054018259049,-0.039860501885414124,0.05843058601021767,0.15613099932670593,0.24262974560260794,0.6601073345259392
2023-10-18,S2B_MSIL2A_20231018T065859_R063_T40RBN_20241106T214144,5.1,False,0.934142,1.0,0.1794813171029091,0.2221599966287613,0.29008743166923523,0.3803164139389992,0.484257435798645,0.07318044677376749,0.10437120497226715,0.14536771178245544,0.1905284970998764,0.24421654641628265,0.17705793976783754,0.25350895524024963,0.31818974018096924,0.3807550296187401,0.42315399646759033,-0.18876630067825317,-0.07611779496073723,0.04612237028777599,0.14607174694538116,0.22142150998115537,0.610389125401449
2023-10-20,S2A_MSIL2A_20231020T064911_R020_T40RBN_20241028T072727,5.1,False,0.863008,1.0,0.1679970681667328,0.20798639580607414,0.2728477418422699,0.3540944382548332,0.4394718766212463,0.07642607912421227,0.10699427872896194,0.14749540388584137,0.18992072716355324,0.2364645004272461,0.17122067511081696,0.2378346510231495,0.2981373816728592,0.3426226079463959,0.3887939155101776,-0.1581606566905975,-0.07043957896530628,0.027320174500346184,0.11164816096425056,0.1746753379702568,0.5776010157592053
2023-10-23,S2A_MSIL2A_20231023T065931_R063_T40RBN_20241028T034325,5.1,False,0.306867,1.0,0.17445088922977448,0.2192777656018734,0.2898128628730774,0.38725288212299347,0.5048836231231688,0.07246231362223626,0.1044011041522026,0.1468719094991684,0.19581805169582367,0.25389839708805084,0.1826534554362297,0.2553264796733856,0.32248489558696747,0.37133175134658813,0.42651668190956116,-0.22352412343025205,-0.08858546428382397,0.045831577852368355,0.14816176146268845,0.22141531109809875,0.6016879527970722
2023-10-25,S2B_MSIL2A_20231025T064939_R020_T40RBN_20241108T084721,5.1,False,21.555887,0.3139890955261782,0.027753565087914475,0.07889712043106556,0.1320226863026619,0.20868277922272682,0.28383627235889436,-0.043968447670340534,-0.009371288120746613,0.034492362290620804,0.0865316092967987,0.15259326994419098,0.1321186125278473,0.19604714214801788,0.24911431968212128,0.29224666953086853,0.32326045632362366,-0.04150058403611183,0.08094856329262257,0.18972287327051163,0.26960768550634384,0.3240001767873764,0.8578734538534729
2023-10-28,S2B_MSIL2A_20231028T070009_R063_T40RBN_20231028T111327,5.09,False,2.551213,0.87138695944432,0.1608549326658249,0.2032708264887333,0.2671484500169754,0.3633630871772766,0.48705173432827004,0.06250195242464543,0.09488143026828766,0.13768991827964783,0.18814894556999207,0.24847283959388733,0.18511860072612762,0.2681995630264282,0.34743934869766235,0.4178447648882866,0.4755520820617676,-0.12029401957988739,-0.012760773301124573,0.0972939170897007,0.18959997221827507,0.25974572300910953,0.7250792834490443
2023-11-02,S2A_MSIL2A_20231102T070031_R063_T40RBN_20241111T055147,5.1,False,0.190997,1.0,0.17639973014593124,0.2183493785560131,0.28527554869651794,0.378386452794075,0.495864337682724,0.08311060741543772,0.11450868099927902,0.15626828372478485,0.20285777747631073,0.26249396800994873,0.18274694681167603,0.2519949674606323,0.31198370456695557,0.3591591417789459,0.39830973744392395,-0.17446976602077482,-0.07165140099823475,0.04002203419804573,0.12660673260688782,0.18641897290945053,0.6058704907013219
2023-11-04,S2B_MSIL2A_20231104T065039_R020_T40RBN_20241029T072716,5.1,False,24.524787,0.904660542236164,0.15910743474960326,0.19762812554836273,0.26325109601020813,0.36200082302093506,0.4786252558231354,0.0754631981253624,0.10500295460224152,0.14592862129211426,0.1927560567855835,0.2509806454181671,0.19089128375053407,0.25875169038772583,0.3211236298084259,0.3732256293296814,0.4190731346607208,-0.14715422987937926,-0.04540857672691345,0.05792799964547157,0.14204318821430206,0.19854246973991393,0.6589473684210526
2023-11-07,S2B_MSIL2A_20231107T070109_R063_T40RBN_20241110T184051,5.1,False,10.893606,0.6108372544626186,0.11836557239294053,0.18983857333660126,0.2764068841934204,0.3857665956020355,0.5152296900749206,-0.020023498684167862,0.06844089925289154,0.13012652099132538,0.1859753280878067,0.24382615089416504,0.27153629064559937,0.34756046533584595,0.42250946164131165,0.5244676470756531,0.6028703451156616,-0.06113323718309401,0.04446227476000786,0.15929590165615082,0.33941787481307983,0.537585413455963,0.8305312710154674
2023-11-09,S2A_MSIL2A_20231109T065111_R020_T40RBN_20241101T131538,5.1,False,0.196305,1.0,0.02876999508589507,0.13839222118258476,0.2393295094370842,0.37766315788030624,0.5446107745170593,-0.10900831073522567,0.0022311590146273375,0.10443596541881561,0.18233756721019745,0.25593997836112964,0.23805168271064758,0.33115777373313904,0.4173921048641205,0.5424930453300476,0.6211606800556182,-0.1282919883728027,0.010314705083146691,0.17796073853969574,0.45574676245450974,0.6430616974830626,0.7640600492941967
2023-11-14,S2B_MSIL2A_20231114T065129_R020_T40RBN_20241103T174943,5.1,False,25.426337,0.28911793263126445,0.14246012270450592,0.17462438344955444,0.21317556500434875,0.28670019656419754,0.3566541463136674,0.047758959233760834,0.07940802723169327,0.11371959000825882,0.15646867454051971,0.19591057300567627,0.2073129564523697,0.27195513248443604,0.32543186843395233,0.3662530183792114,0.40743139386177063,-0.056244026869535446,0.04528320021927357,0.11811898648738861,0.1728026308119297,0.21945354044437415,0.8360888659261173
2023-11-19,S2A_MSIL2A_20231119T065151_R020_T40RBN_20241109T072348,5.1,False,2.613376,0.5808126073642542,0.16914565563201905,0.21102160215377808,0.2866945266723633,0.39848271012306213,0.4997837901115418,0.08098403960466385,0.11445286124944687,0.15886633098125458,0.21276910603046417,0.2691446542739868,0.2518295347690582,0.30685660243034363,0.35043299198150635,0.39574941992759705,0.4463672339916229,-0.10237291604280471,-0.012119147926568985,0.07680697739124298,0.14605611562728882,0.20308548808097857,0.7213399344177972
2023-11-24,S2B_MSIL2A_20231124T065159_R020_T40RBN_20231124T104118,5.09,False,10.949481,0.8154828590634102,-0.11278456747531891,0.003488377667963505,0.18746986985206604,0.3289194703102112,0.46135004162788396,-0.24170348048210144,-0.1236492395401001,0.07104722410440445,0.17230655252933502,0.23975935578346252,0.26182523369789124,0.35400378704071045,0.44722121953964233,0.5487112998962402,0.6336809396743774,-0.03649383634328843,0.06800750643014908,0.316383421421051,0.6006888151168823,0.7290015101432802,0.8546045702248477
2023-11-27,S2B_MSIL2A_20231127T070229_R063_T40RBN_20241029T071827,5.1,False,16.376667,0.47195458958846814,0.016516953334212305,0.12304774671792984,0.2056955024600029,0.31123094260692596,0.3958507418632508,-0.10334943979978561,-0.00029231669032014906,0.09938450157642365,0.16377918422222137,0.20494526624679565,0.25203198194503784,0.3351975530385971,0.41326336562633514,0.5199489593505859,0.608122706413269,-0.006481034308671951,0.08161774277687073,0.18960636854171753,0.4317679703235626,0.6394731283187867,0.8928627947460042
2023-11-29,S2A_MSIL2A_20231129T065221_R020_T40RBN_20241029T143809,5.1,False,5.245104,1.0,0.1344756290316582,0.1865214966237545,0.26665540039539337,0.3827750235795975,0.519544768333435,0.03039563074707985,0.0812002420425415,0.1370963156223297,0.19966718554496765,0.26401400566101074,0.24347956478595734,0.31996792554855347,0.38142886757850647,0.4456397593021393,0.5031321048736571,-0.12062266170978546,0.006766846054233611,0.12065551802515984,0.22194601967930794,0.33365904092788695,0.7592426618866234
2023-12-02,S2A_MSIL2A_20231202T070231_R063_T40RBN_20231202T113837,5.09,False,9.987126,0.9448427813877063,0.17101053893566132,0.21096903085708618,0.2785918712615967,0.3719262480735779,0.4777058959007263,0.08368124067783356,0.11676888912916183,0.16446225345134735,0.21771572530269623,0.27942752838134766,0.21804742515087128,0.2842061519622803,0.3483886420726776,0.4162478744983673,0.48479729890823364,-0.07632264494895935,0.004769464023411274,0.08663347363471985,0.16297732293605804,0.2537616491317749,0.7611161614165448
2023-12-04,S2B_MSIL2A_20231204T065239_R020_T40RBN_20241113T094853,5.1,False,0.245004,1.0,0.17208679467439653,0.22177643328905106,0.31146952509880066,0.4512128680944443,0.6241730213165283,0.08242222666740417,0.12060284614562988,0.1792527735233307,0.24647212028503418,0.33028677105903625,0.20955972373485565,0.28545982390642166,0.3580302596092224,0.4169282615184784,0.47697338461875916,-0.25766839981079104,-0.1013841014355421,0.048297831788659096,0.15521861985325813,0.23033911287784575,0.5980282321308537
2023-12-07,S2B_MSIL2A_20231207T070259_R063_T40RBN_20241031T060436,5.1,False,0.27308,1.0,0.10599558055400848,0.18141234293580055,0.2652677595615387,0.3993201181292534,0.5767095267772674,-0.01685020700097084,0.055777646601200104,0.121162548661232,0.19419726729393005,0.2718288004398346,0.24450594186782837,0.3378069996833801,0.45426684617996216,0.5780056118965149,0.6486877202987671,-0.0983121484518051,0.027333086356520653,0.20401377975940704,0.410028412938118,0.577053838968277,0.7907984166106505
2023-12-09,S2A_MSIL2A_20231209T065251_R020_T40RBN_20241101T162515,5.1,False,1.089026,1.0,-0.192394483089447,-0.017206380143761635,0.21455249190330505,0.4098177030682564,0.644874906539917,-0.3555750250816345,-0.18986569344997406,0.035491252318024635,0.1907743513584137,0.28174319863319397,0.2864331007003784,0.4053649306297302,0.5720051527023315,0.6605565845966339,0.7546920061111451,-0.14287426620721816,0.038680233992636204,0.4327745735645294,0.7428745329380035,0.8670998871326446,0.7859063410262156
2023-12-12,S2A_MSIL2A_20231212T070301_R063_T40RBN_20241102T224434,5.1,False,4.227749,1.0,-0.13931799978017806,0.023376808036118746,0.22848757356405258,0.4016231372952461,0.5893049478530883,-0.3023248314857483,-0.1440771222114563,0.07967808842658997,0.2017960622906685,0.2944819718599319,0.31350043416023254,0.40946146845817566,0.5600957870483398,0.6571872234344482,0.7525646567344664,-0.0689145468175411,0.07872462831437588,0.3728189021348953,0.722742959856987,0.8527789294719695,0.8423332586451565
2023-12-14,S2B_MSIL2A_20231214T065259_R020_T40RBN_20231214T113004,5.1,False,4.512089,1.0,-0.0010747374268248629,0.12433860078454018,0.23717083781957626,0.37244580686092377,0.5113977670669556,-0.14359749853610992,-0.016267769504338503,0.10722052305936813,0.19389130175113678,0.2653522789478302,0.2770729839801788,0.36702531576156616,0.4478321373462677,0.5285248756408691,0.5844811797142029,-0.06020418144762515,0.06350861862301826,0.21437601000070572,0.47615042328834534,0.6387794494628906,0.839980581074016
2023-12-17,S2B_MSIL2A_20231217T070309_R063_T40RBN_20231220T061816,5.1,False,0.236574,1.0,0.17940797358751298,0.22290896624326706,0.2977087050676346,0.4047611206769943,0.5360920310020446,0.08649293333292007,0.12178368121385574,0.17062363028526306,0.22573964297771454,0.2928644120693207,0.18109195679426196,0.2577589154243469,0.3280700743198395,0.3833167180418968,0.4357911944389343,-0.17198324501514434,-0.06916449964046478,0.044097183272242546,0.13066158816218376,0.1962903320789337,0.6105011576667414
2023-12-19,S2A_MSIL2A_20231219T065301_R020_T40RBN_20231220T122656,5.1,False,18.309055,0.9938008813204869,0.165220707654953,0.2098948024213314,0.2904295325279236,0.4112488329410553,0.5572000205516816,0.0822509154677391,0.11834545247256756,0.17070868611335754,0.2313452661037445,0.30199140310287476,0.20779182016849518,0.2837808132171631,0.35298632085323334,0.40758949518203735,0.4627862870693207,-0.18971932977437972,-0.06641455739736557,0.06003271043300629,0.15519802272319794,0.2215970292687416,0.636141590260033
2023-12-22,S2A_MSIL2A_20231222T070311_R063_T40RBN_20231222T123320,5.1,False,19.035517,1.0,-0.044260938838124264,0.055648679845035076,0.17558825016021729,0.30992959439754486,0.46209567785263056,-0.17489123344421387,-0.09582725912332535,0.01609193906188011,0.12592560052871704,0.20682188868522644,0.2932237893342972,0.5182904601097107,0.6338680982589722,0.7153436988592148,0.7751378417015076,0.034579361602664,0.29276708513498306,0.5699066817760468,0.7292205393314362,0.8150373280048371,0.9248636940772276
2023-12-27,S2B_MSIL2A_20231227T070309_R063_T40RBN_20231227T102102,5.1,False,2.251304,1.0,0.11079379320144656,0.1825513057410717,0.26725395023822784,0.39402908086776733,0.5434169113636017,-0.0011873836629092693,0.07709034532308578,0.1366768777370453,0.20391924679279327,0.26994621753692627,0.2339991137385369,0.31477901339530945,0.3835785835981369,0.4622654393315315,0.5312843322753906,-0.14468180835247038,-0.002730467705987394,0.1239277571439743,0.25227078795433044,0.4272868394851683,0.7458734782283964
2024-01-01,S2A_MSIL2A_20240101T070301_R063_T40RBN_20240101T114031,5.1,False,11.147446,0.9870416013145119,0.17408427596092224,0.22011173516511917,0.3056020438671112,0.43017280101776123,0.5881111025810242,0.08847338706254959,0.1266852766275406,0.1812077760696411,0.24396924674510956,0.3205357789993286,0.2028287798166275,0.278300017118454,0.3535218834877014,0.41556352376937866,0.4767775237560272,-0.22745193541049957,-0.09059577062726021,0.04515106976032257,0.14622274041175842,0.22033847868442535,0.5995232870492981
2024-01-03,S2B_MSIL2A_20240103T065259_R020_T40RBN_20240103T120953,5.1,False,32.730544,0.49081335424602285,0.17357710897922515,0.20658715069293976,0.27310582995414734,0.3557642996311188,0.441949832439423,0.09426739066839218,0.12248164415359497,0.1634378582239151,0.20612108707427979,0.2508622705936432,0.19351671636104584,0.2775246500968933,0.33221256732940674,0.38023999333381653,0.42404890060424805,-0.06727833598852158,-0.0063478690572083,0.06079012528061867,0.12116333097219467,0.16900478005409245,0.7302746709274899
2024-01-06,S2B_MSIL2A_20240106T070259_R063_T40RBN_20240106T101516,5.1,False,2.010096,0.7041227873627605,0.08360168635845185,0.15322691202163696,0.22890615463256836,0.3421099931001663,0.4751167416572574,-0.04894271865487099,0.017363617196679115,0.08906654268503189,0.1629113256931305,0.22444961965084076,0.22548385858535766,0.3656987249851227,0.5657773613929749,0.6699792742729187,0.7288118362426763,-0.06861545294523239,0.10148182511329651,0.37762099504470825,0.575096845626831,0.7016133546829224,0.8418987006099178
2024-01-08,S2A_MSIL2A_20240108T065251_R020_T40RBN_20240108T113938,5.1,False,0.246025,0.9999626559115692,-0.12943139672279358,-0.018430007621645927,0.1631413698196411,0.32788652181625366,0.49350786805152896,-0.2625765085220337,-0.15713442862033844,0.001821517595089972,0.14400222897529602,0.22784812152385725,0.3133745789527893,0.4741291105747223,0.5844854712486267,0.6683368682861328,0.753678560256958,0.0240231242030859,0.20705287158489227,0.5312273502349854,0.7360774278640747,0.836376440525055,0.9176532098442693
2024-01-11,S2A_MSIL2A_20240111T070241_R063_T40RBN_20240111T111557,5.1,False,12.413074,0.9974232578982747,-0.016067002713680268,0.1224486231803894,0.233160138130188,0.35866641998291016,0.48889959454536436,-0.160949245095253,-0.0073484028689563274,0.10944701731204987,0.1977861523628235,0.2645343542098999,0.2905215620994568,0.37894198298454285,0.4744924306869507,0.5855056643486023,0.6544806957244873,-0.011527096107602107,0.09221003204584122,0.2499992996454239,0.5326563119888306,0.7208095073699952,0.8863304504099742
2024-01-13,S2B_MSIL2A_20240113T065239_R020_T40RBN_20240113T101817,5.1,False,8.757473,1.0,0.16373175382614136,0.20445121079683304,0.2797189950942993,0.3900684118270874,0.518585282564163,0.08305710554122925,0.11723653227090836,0.16507688909769058,0.22257117927074432,0.2879813313484192,0.20705592334270478,0.2822769284248352,0.3574652373790741,0.4170796871185303,0.46979907155036926,-0.14009335637092588,-0.03296693041920662,0.0785423070192337,0.16334190592169762,0.22816667705774307,0.6909403241466876
2024-01-16,S2B_MSIL2A_20240116T070229_R063_T40RBN_20240116T100836,5.1,False,19.529203,1.0,0.1543698713183403,0.21189316734671593,0.30810561776161194,0.4482687637209892,0.6330489099025726,0.07366418838500977,0.11571333557367325,0.17284515500068665,0.2414507120847702,0.32391810417175293,0.22187818586826324,0.3027610629796982,0.3868480324745178,0.47061672806739807,0.5319854021072388,-0.2672366499900818,-0.08194436132907867,0.08257129788398743,0.19545851275324821,0.2808438777923584,0.6431772350436926
2024-01-18,S2A_MSIL2A_20240118T065211_R020_T40RBN_20240118T111327,5.1,False,27.492946,0.35447008738516694,0.16157749444246292,0.1921529583632946,0.24563035368919373,0.3211123123764992,0.40028580725193025,0.08852534592151642,0.11242765933275223,0.14921943843364716,0.1887109875679016,0.22762542963027954,0.1861003041267395,0.26753295212984085,0.33258944749832153,0.38259322196245193,0.42123734951019287,-0.09228194206953048,-0.0015125816862564534,0.07904471084475517,0.149761613458395,0.19974612593650812,0.7461019806152549
2024-01-21,S2A_MSIL2A_20240121T070211_R063_T40RBN_20240121T130922,5.1,False,14.960606,0.06057211143475988,-0.21070405095815659,-0.14972198009490967,-0.01630927249789238,0.07933107390999794,0.202058419585228,-0.3712244927883148,-0.30414295196533203,-0.15937615931034088,-0.010298061184585094,0.12001513689756393,0.14114481210708618,0.36699792742729187,0.6816415190696716,0.7542736530303955,0.8163674950599672,-0.09082834050059319,0.25986120849847794,0.7826776206493378,0.8640704303979874,0.8836242914199829,0.8495684340320592
2024-01-23,S2B_MSIL2A_20240123T065159_R020_T40RBN_20240123T100823,5.1,False,1.69565,1.0,-0.2017996326088905,-0.06964755430817604,0.16122841835021973,0.32204825431108475,0.46621878147125245,-0.33455970883369446,-0.20525489747524261,0.001380586705636233,0.15007874369621277,0.22160884737968445,0.3209323763847351,0.43930041790008545,0.5435300767421722,0.6303976774215698,0.7199282169342038,0.03897436037659646,0.17345527186989784,0.5067883729934692,0.736281618475914,0.838705962896347,0.9330047053551422
2024-01-31,S2A_MSIL2A_20240131T070121_R063_T40RBN_20240131T111556,5.1,False,28.288034,0.0,,,,,,,,,,,,,,,,,,,,,
2024-02-10,S2A_MSIL2A_20240210T070031_R063_T40RBN_20240210T111911,5.1,False,9.497942,0.9858092463962954,0.1515979290008545,0.19601790234446526,0.258930042386055,0.3413095399737358,0.4469552725553513,0.0709977000951767,0.11218726634979248,0.15133404731750488,0.19765402376651764,0.25304660201072693,0.18995858132839205,0.25967419147491455,0.3319844603538513,0.3938731253147125,0.45059735178947447,-0.10456864759325975,-0.004799831309355795,0.08412294834852219,0.1613926663994789,0.24256619960069656,0.7389196151223577
2024-02-15,S2B_MSIL2A_20240215T065959_R063_T40RBN_20240215T111943,5.1,False,12.918073,0.8745612069609381,0.13100712299346923,0.17166853696107864,0.23773542046546936,0.337941437959671,0.45262567400932313,0.05631149485707286,0.08912007510662079,0.13226965069770813,0.18417076766490936,0.24911053478717804,0.261431622505188,0.32555052638053894,0.4103940427303314,0.5099735260009766,0.5622360110282898,-0.015185228362679474,0.07425984367728233,0.17477825284004211,0.27826543152332306,0.36303822994232177,0.8783039412442888
2024-02-17,S2A_MSIL2A_20240217T064941_R020_T40RBN_20240217T111432,5.1,False,35.086268,0.3111509448054373,0.11893557235598565,0.16283021494746208,0.26600709557533264,0.4007916674017906,0.6337448656558992,0.03874141722917557,0.07844323664903641,0.15035365521907806,0.22738521173596382,0.31993361413478894,0.2743928611278534,0.362864226102829,0.4314047396183014,0.4943932294845581,0.5452592968940735,-0.2323734998703003,-0.033063518814742565,0.15388715267181396,0.31273408979177475,0.4368078112602235,0.7127940470475276
2024-02-20,S2A_MSIL2A_20240220T065921_R063_T40RBN_20240220T114353,5.1,False,0.715091,0.9966390320412278,0.06636071652173997,0.14915842935442924,0.26585331559181213,0.4553147777915001,0.7647586226463318,-0.03077206015586853,0.04511944577097893,0.12960713356733322,0.22789138555526733,0.35956084728240967,0.22444520890712738,0.31645506620407104,0.3981727659702301,0.4603162109851837,0.5261582136154175,-0.6096670091152191,-0.15529627725481987,0.11330299079418182,0.2941865399479866,0.44084307849407195,0.6290842326139089
2024-02-22,S2B_MSIL2A_20240222T064909_R020_T40RBN_20240222T114638,5.1,False,0.352228,1.0,0.058273267745971684,0.14573797956109047,0.22080253064632416,0.3385700508952141,0.4825515151023864,-0.043303646147251115,0.03949999436736107,0.10957838594913483,0.1771778166294098,0.24303801357746124,0.24715201407670978,0.3343927934765816,0.41907426714897156,0.5131336450576782,0.5813791751861572,-0.03188674077391622,0.08235275000333786,0.19335955381393433,0.3805653750896454,0.5609857201576233,0.8695197550227799
2024-02-27,S2A_MSIL2A_20240227T064831_R020_T40RBN_20240227T113258,5.1,False,10.595665,1.0,0.15249589383602144,0.19176145642995834,0.2613651156425476,0.36859118938446045,0.4944709926843643,0.06970441341400146,0.10168438404798508,0.14770090579986572,0.20048733800649643,0.26361095905303955,0.2254047229886055,0.3048180639743805,0.38651078939437866,0.47127917408943176,0.5286058187484741,-0.07525566220283507,0.028802799060940742,0.13893495500087738,0.23411191627383232,0.3131773203611374,0.79636268578684
2024-03-01,S2A_MSIL2A_20240301T065821_R063_T40RBN_20240301T112309,5.1,False,8.862483,0.9658675031742475,0.14846678376197817,0.1865067109465599,0.24877990782260895,0.3444524258375168,0.47605988979339603,0.055535897612571716,0.08625319600105286,0.12658020853996277,0.1803092062473297,0.2493933141231537,0.2631203532218933,0.34816691279411316,0.4419892728328705,0.571902871131897,0.6575490295886997,-0.02639900539070367,0.09690134227275848,0.23960180580615997,0.3921147286891937,0.5094197690486908,0.8712882771419734
2024-03-03,S2B_MSIL2A_20240303T064759_R020_T40RBN_20240303T111513,5.1,False,5.534591,1.0,0.13221896886825563,0.17321651056408882,0.23984242230653763,0.3478476256132126,0.49423682093620297,0.03581939227879051,0.07064011693000793,0.11746690422296524,0.17626971006393433,0.2492644041776657,0.2757806181907654,0.3616056442260742,0.4590739607810974,0.5861907601356506,0.6704182624816895,-0.0413430158048868,0.1011162307113409,0.2556724399328232,0.4254417046904564,0.5511865615844727,0.8630592277242513
2024-03-06,S2B_MSIL2A_20240306T065739_R063_T40RBN_20240306T111003,5.1,False,27.632457,0.0,,,,,,,,,,,,,,,,,,,,,
2024-03-08,S2A_MSIL2A_20240308T064721_R020_T40RBN_20240308T120519,5.1,False,20.173131,1.0,-0.47144506573677064,-0.2544438913464546,0.11176837980747223,0.3963453993201256,0.8231096684932708,-0.620787501335144,-0.3979281336069107,-0.07413743436336517,0.16186032071709633,0.2981180310249324,0.15404143929481506,0.31918102502822876,0.44548994302749634,0.536368727684021,0.6103807091712952,-0.5216590642929078,0.02985867066308856,0.4448699504137039,0.7354905009269714,0.8436534285545348,0.7659272537157368
2024-03-11,S2A_MSIL2A_20240311T065701_R063_T40RBN_20240311T150951,5.1,False,5.024194,1.0,0.14491041153669357,0.17613448202610016,0.22945009171962738,0.30307331681251526,0.38737156987190247,0.06679226458072662,0.09370288252830505,0.12961599230766296,0.17005318403244019,0.21503010392189026,0.18917483091354373,0.24596460163593292,0.30738651752471924,0.36014217138290405,0.4000856578350067,-0.06788971647620201,0.00270450790412724,0.08111738786101341,0.1470974124968052,0.1983099117875099,0.7559937261931436
2024-03-13,S2B_MSIL2A_20240313T064639_R020_T40RBN_20240313T115922,5.1,False,0.278062,1.0,0.15139348059892654,0.19045817852020264,0.2618090659379959,0.37253186106681824,0.5056322395801542,0.0659375935792923,0.09787758439779282,0.14490747451782227,0.1998046524822712,0.2645498514175415,0.2242880627512932,0.30593158304691315,0.3900415599346161,0.4836868792772293,0.5413668751716614,-0.09997922927141188,0.016953090205788612,0.14529729634523392,0.2534620612859726,0.33828916549682614,0.7744417058779596
2024-03-16,S2B_MSIL2A_20240316T065629_R063_T40RBN_20240316T121805,5.1,False,3.192957,1.0,0.11213417574763299,0.16705060377717018,0.2698838859796524,0.43857813626527786,0.6912075340747832,0.045175615698099136,0.08641168102622032,0.14909957349300385,0.23176835477352142,0.3459206223487854,0.2169269487261773,0.3198806941509247,0.4107075184583664,0.5168893337249756,0.5855511367321012,-0.4826180666685104,-0.13841018080711365,0.12312451377511024,0.2997046411037445,0.41856916248798365,0.6382104712823959
2024-03-18,S2A_MSIL2A_20240318T064621_R020_T40RBN_20240318T120919,5.1,False,0.273915,1.0,0.12387989908456802,0.1633390337228775,0.22922669351100922,0.33655619621276855,0.4804224431514738,0.044861145690083516,0.07652154378592968,0.11996030062437057,0.17337259650230408,0.2398593455553052,0.2329377681016922,0.33693966269493103,0.4287126958370209,0.5469486117362976,0.6217911958694458,-0.06947077065706253,0.05721195042133331,0.2049257755279541,0.35171671211719513,0.4723562687635421,0.8290014190753604
2024-03-21,S2A_MSIL2A_20240321T065621_R063_T40RBN_20240321T122335,5.1,False,1.501821,1.0,-0.25633499324321746,-0.17162785679101944,-0.007884372025728226,0.18001046031713486,0.3622119963169097,-0.3587840169668197,-0.2646279036998749,-0.12807045131921768,0.02483062818646431,0.1515352725982666,0.16810959726572036,0.2407613843679428,0.34877675771713257,0.4267176315188408,0.4676058888435364,0.02778146117925645,0.25824861973524094,0.44325900077819824,0.5638960003852844,0.6430322766304016,0.9168347150646052
2024-03-26,S2B_MSIL2A_20240326T065619_R063_T40RBN_20240326T133351,5.1,False,36.141154,0.0,,,,,,,,,,,,,,,,,,,,,
2024-03-28,S2A_MSIL2A_20240328T064621_R020_T40RBN_20240330T043021,5.1,False,8.27462,1.0,0.1420243889093399,0.17515307664871216,0.2325252667069435,0.3153638541698456,0.41488750874996183,0.06971866637468338,0.09683839231729507,0.132371723651886,0.1731955222785473,0.22160145044326746,0.16094784438610077,0.23114532232284546,0.2928280383348465,0.3475753962993622,0.3869323432445526,-0.11335792317986487,-0.032904199324548244,0.05534026771783829,0.13288050144910812,0.19399230629205702,0.6717828067816864
2024-04-05,S2B_MSIL2A_20240405T065619_R063_T40RBN_20240405T122857,5.1,False,0.449658,1.0,-0.21435665786266328,-0.12237724289298058,0.037380339577794075,0.2006116472184658,0.4352474391460418,-0.3622657507658005,-0.2681804373860359,-0.13659147918224335,0.0028794491663575172,0.14109960645437233,0.39294164776802065,0.5207012891769409,0.584385097026825,0.6514136791229248,0.7278352379798889,0.20385770797729494,0.4801911786198616,0.6666640043258667,0.7758541852235794,0.8441399931907654,0.9640002987527074
2024-04-07,S2A_MSIL2A_20240407T064621_R020_T40RBN_20240407T123431,5.1,False,39.45539,0.8650758084995145,0.002189954416826375,0.11882983893156052,0.19728733599185944,0.30082282423973083,0.4151837706565857,-0.11049950122833252,-0.0066904532723128796,0.08943729847669601,0.1527601182460785,0.2044493705034256,0.2395647168159485,0.3357543647289276,0.41402801871299744,0.5111858248710632,0.5794411301612854,-0.007159802969545122,0.09580502659082413,0.2162330001592636,0.452603816986084,0.6125511884689331,0.8934167925750054
2024-04-12,S2B_MSIL2A_20240412T064629_R020_T40RBN_20240412T112725,5.1,False,26.731876,1.0,0.11237320974469185,0.16251801326870918,0.2570658177137375,0.40828216820955276,0.6221993148326874,0.05340854078531265,0.09290266968309879,0.14800851792097092,0.21614538878202438,0.3094010651111603,0.22963340431451798,0.3214833736419678,0.41562721133232117,0.5308316349983215,0.6185222864151001,-0.313139072060585,-0.06286156922578812,0.15471336990594864,0.3303265944123268,0.4526987493038177,0.6923967435954889
2024-04-17,S2A_MSIL2A_20240417T064631_R020_T40RBN_20240417T122336,5.1,False,33.302638,0.14702367615206513,0.0007604726473800863,0.06369968503713608,0.12661771476268768,0.18874533474445343,0.3084115505218506,-0.0996658131480217,-0.03680220618844032,0.012095176614820957,0.05959600210189819,0.1217979043722154,0.44596877694129944,0.5093103051185608,0.5779927968978882,0.6617469787597656,0.7159894108772278,0.232686322927475,0.3795216977596283,0.5122518539428711,0.6278180480003357,0.7123052716255188,0.9959359918719838
2024-04-20,S2A_MSIL2A_20240420T065621_R063_T40RBN_20240420T122438,5.1,False,1.851703,1.0,-0.04846111126244066,0.05393160041421652,0.1564164236187935,0.26664621382951736,0.4066942363977432,-0.16072656214237213,-0.07552435249090195,0.04448907449841499,0.1215028166770935,0.1881915539503097,0.24463118165731432,0.34136250615119934,0.4715290665626526,0.5792860984802246,0.6595276594161987,0.0038561331573873894,0.11137089133262634,0.326677069067955,0.5771122574806213,0.7047520816326142,0.9036895959369632
2024-04-22,S2B_MSIL2A_20240422T064629_R020_T40RBN_20240422T102818,5.1,False,8.976509,1.0,0.0943395622074604,0.15015331655740738,0.23997699469327927,0.39484763890504837,0.6257253766059875,0.038871035724878315,0.07801205664873123,0.13668599724769592,0.21634647250175476,0.3222309648990631,0.17072132974863063,0.2588264271616936,0.3220595121383667,0.3787304162979126,0.41573970019817347,-0.4264874279499054,-0.15056154876947403,0.04412394016981125,0.17239724099636078,0.2604451298713684,0.5698707894540295
2024-04-25,S2B_MSIL2A_20240425T065619_R063_T40RBN_20240425T103447,5.1,False,9.115373,1.0,0.11187283024191857,0.17723752930760384,0.27545365691185,0.43556245416402817,0.6724801659584045,0.04765104874968529,0.09010392427444458,0.14864005148410797,0.2232804000377655,0.32183846831321716,0.15697285532951355,0.24426960945129395,0.3125743865966797,0.3811964765191078,0.4299827814102173,-0.5611532926559447,-0.2277364283800125,0.01718924380838871,0.1649674028158188,0.2575702905654907,0.5220330121741729
2024-04-27,S2A_MSIL2A_20240427T064631_R020_T40RBN_20240427T122205,5.1,False,6.643882,1.0,0.11206793263554575,0.15708674117922783,0.22391120344400406,0.3324132040143013,0.4667156845331192,0.039687415584921844,0.07466559112071991,0.11800361424684525,0.16727378964424133,0.2305420741438865,0.2041427344083786,0.27304449677467346,0.34557032585144043,0.44658615440130234,0.5312461018562316,-0.13931337296962737,-0.013517340878024697,0.12550850212574005,0.2529730349779129,0.3501473695039749,0.729404735230413
2024-04-30,S2A_MSIL2A_20240430T065621_R063_T40RBN_20240430T122337,5.1,False,22.173022,1.0,0.0863996796309948,0.12816891446709633,0.1851848065853119,0.2675055041909218,0.3764731675386428,0.03789537511765958,0.06967673450708389,0.10700738430023193,0.15435971319675446,0.21483929455280304,0.19468848407268524,0.2615058198571205,0.32956650853157043,0.4250327944755554,0.4801052242517471,-0.12863517999649046,-0.01289173262193799,0.12068700045347214,0.2481822669506073,0.33380463719367975,0.7294420793188439
2024-05-07,S2A_MSIL2A_20240507T064631_R020_T40RBN_20240507T121606,5.1,False,9.053157,1.0,0.09958409368991852,0.13938675075769424,0.1994706392288208,0.291930690407753,0.399861016869545,0.04500516131520271,0.0734388530254364,0.11136404424905777,0.1566261351108551,0.2094692885875702,0.1549610182642937,0.21791908890008926,0.27588382363319397,0.3361152708530426,0.3778044670820236,-0.13633409589529036,-0.0417164471000433,0.06028376705944538,0.13710449263453484,0.1916721373796463,0.6625588169392785
2024-05-10,S2A_MSIL2A_20240510T065621_R063_T40RBN_20240510T121220,5.1,False,27.863738,1.0,0.13362914323806763,0.17892496287822723,0.23646751046180725,0.32369932532310486,0.4423619776964187,0.04579480029642585,0.08236205577850342,0.12068457156419754,0.167275533080101,0.22659383714199066,0.18117615580558777,0.2615549862384796,0.3387492001056671,0.43403160572052,0.5072115063667297,-0.12099892869591712,-0.011129170190542936,0.11569107323884964,0.23277119547128677,0.32933776676654813,0.7329524236313392
2024-05-12,S2B_MSIL2A_20240512T064629_R020_T40RBN_20240512T103855,5.1,False,25.717992,0.3536858615281201,0.10010097920894623,0.13863404840230942,0.1820925921201706,0.26457734405994415,0.38247591257095337,0.01033100951462984,0.04613913968205452,0.08595192432403564,0.135315403342247,0.19028063118457794,0.18080994486808777,0.2500826120376587,0.31178486347198486,0.3730867803096771,0.4741726219654083,-0.08656084537506104,0.012613092549145222,0.12544414401054382,0.23374948650598526,0.36743488907814026,0.771724210748601
2024-05-17,S2A_MSIL2A_20240517T064631_R020_T40RBN_20240517T193922,5.1,False,0.346036,1.0,0.09913635328412056,0.1399128921329975,0.20322130620479584,0.3050205111503601,0.435475069284439,0.047112900763750076,0.07464981824159622,0.11398948729038239,0.16115574538707733,0.2203879952430725,0.1587883174419403,0.22981156408786774,0.2905597984790802,0.3494921922683716,0.3993489146232605,-0.16795095801353455,-0.04830917716026306,0.058430301025509834,0.1498177982866764,0.2194072410464286,0.6544178056613638
2024-05-20,S2A_MSIL2A_20240520T065621_R063_T40RBN_20240520T133411,5.1,False,16.457012,1.0,0.11794132515788079,0.15821582078933716,0.21097348630428314,0.2905470058321953,0.39205650985240936,0.04839922487735748,0.07963579520583153,0.11637064814567566,0.1573471799492836,0.20318828523159027,0.12709175050258636,0.20215687155723572,0.2726238965988159,0.34076425433158875,0.37973663210868835,-0.13724542409181595,-0.04510893300175667,0.05219811946153641,0.12924382090568542,0.18801801800727844,0.6509821495257301
2024-05-22,S2B_MSIL2A_20240522T064629_R020_T40RBN_20240522T111644,5.1,False,0.637092,1.0,0.10541539862751961,0.1520746722817421,0.23037423938512802,0.3537561818957329,0.503718090057373,0.037907056510448456,0.07192233204841614,0.1213660016655922,0.17994898557662964,0.2520942986011505,0.16095765978097917,0.23063190281391144,0.2897617816925049,0.35077159106731415,0.39098110795021057,-0.290507161617279,-0.11197655089199543,0.04841071180999279,0.15508000552654266,0.23000501096248627,0.5892897154380462
2024-05-25,S2B_MSIL2A_20240525T065619_R063_T40RBN_20240525T111654,5.1,False,23.748067,1.0,0.1280226230621338,0.17088519781827927,0.22784733772277832,0.30934857577085495,0.4198501318693161,0.04243447259068489,0.07622317224740982,0.11230939626693726,0.1517925262451172,0.2087419629096985,0.1502995789051056,0.2271033674478531,0.3023850917816162,0.38503777980804443,0.4465755224227905,-0.13942271769046782,-0.03349709417670965,0.08548037335276604,0.18822254985570908,0.26486524939537043,0.68918515199044
2024-05-27,S2A_MSIL2A_20240527T064621_R020_T40RBN_20240527T120902,5.1,False,0.181566,1.0,0.11328823789954186,0.1524701938033104,0.21569229662418365,0.3154524341225624,0.437646135687828,0.033222232758998875,0.06462063640356064,0.10286984592676163,0.14777185767889023,0.2076779454946518,0.19186104834079742,0.2579215168952942,0.33218374848365784,0.44099268317222595,0.530161440372467,-0.1347572848200798,-0.011794222285971045,0.1261657550930977,0.26513805240392685,0.3634919941425323,0.7298902083800134
2024-06-04,S2B_MSIL2A_20240604T065619_R063_T40RBN_20240604T110730,5.1,False,9.865195,1.0,0.12905838191509247,0.17485284432768822,0.23920653760433197,0.33598756045103073,0.4609737902879715,0.044767532497644424,0.07735075056552887,0.11646812409162521,0.16084329783916473,0.21740621328353882,0.1267717182636261,0.2069159746170044,0.2723356783390045,0.3347904533147812,0.3782725811004638,-0.23215102106332777,-0.09472899325191975,0.038635795935988426,0.12915045022964478,0.19084314703941344,0.5897005004107849
2024-06-06,S2A_MSIL2A_20240606T064631_R020_T40RBN_20240606T122024,5.1,False,0.131954,1.0,0.14601568430662154,0.18276497721672058,0.23977616429328918,0.33161404728889465,0.43461327850818626,0.05115824192762375,0.08008444309234619,0.11741846427321434,0.15958011150360107,0.21143704652786255,0.15623867511749268,0.22283980250358582,0.2831657826900482,0.3553384840488434,0.42326074838638306,-0.14472528249025346,-0.04557825904339552,0.06765488162636757,0.15902350842952728,0.23090214878320692,0.659272537157368
2024-06-09,S2A_MSIL2A_20240609T065631_R063_T40RBN_20240609T130617,5.1,False,33.788294,1.0,0.11432434841990471,0.15550323575735092,0.2134532853960991,0.28924427181482315,0.3921534717082977,0.03913535550236702,0.07474811561405659,0.11097074300050735,0.15154053270816803,0.20803690850734707,0.15031568706035614,0.21611108258366585,0.27898848056793213,0.3594144880771637,0.41439223289489746,-0.17811491787433623,-0.06003956589847803,0.06534134596586227,0.17215727642178535,0.2467436015605926,0.6401150197923668
2024-06-11,S2B_MSIL2A_20240611T064629_R020_T40RBN_20240611T102337,5.1,False,0.327056,1.0,0.11642218604683877,0.15233595669269562,0.20977560430765152,0.2940213978290558,0.3972220450639724,0.03655435889959335,0.06537730991840363,0.09941685944795609,0.13986462354660034,0.1945834457874298,0.17523077130317688,0.2352668009698391,0.3012092560529709,0.4071139097213745,0.4928688108921051,-0.1196869783103466,-0.014547578059136868,0.10870372876524925,0.2331298254430294,0.3319533348083496,0.7233549929046232
2024-06-16,S2A_MSIL2A_20240616T064631_R020_T40RBN_20240616T125710,5.1,False,0.52427,1.0,0.12406258732080461,0.16200348734855652,0.22366759181022644,0.31567638367414474,0.424496978521347,0.04570532590150833,0.071236751973629,0.10716318339109421,0.1486700475215912,0.1984431892633438,0.16266480088233948,0.22749760746955872,0.2798846513032913,0.3355806767940521,0.3768698841333389,-0.15948395133018492,-0.04253783728927374,0.06731763854622841,0.1565733142197132,0.22506141811609262,0.6684218388229143
2024-06-19,S2A_MSIL2A_20240619T065631_R063_T40RBN_20240619T131456,5.1,False,30.263549,1.0,0.13545796275138855,0.18268153443932533,0.2556413859128952,0.36776524037122726,0.5159919023513794,0.05978308618068695,0.09308177791535854,0.1386045217514038,0.19289745390415192,0.2676994204521179,0.132472537457943,0.21136727929115295,0.2729416787624359,0.3277592062950134,0.37032371759414673,-0.3339345335960388,-0.15312236174941063,0.010260771494358778,0.11541152372956276,0.18395164906978606,0.5200911195757711
2024-06-21,S2B_MSIL2A_20240621T064629_R020_T40RBN_20240621T112750,5.1,False,39.592803,1.0,0.1392705738544464,0.1801186315715313,0.24806831777095795,0.35340309143066406,0.4773870289325714,0.047680094838142395,0.0797092393040657,0.12325921654701233,0.17283377051353455,0.23402345180511475,0.14932109415531158,0.2183864563703537,0.27790749073028564,0.34184348583221436,0.40557098388671875,-0.23618952482938765,-0.09909888915717602,0.04265780933201313,0.14408773183822632,0.2178838089108467,0.5870490701321981
2024-06-24,S2B_MSIL2A_20240624T065629_R063_T40RBN_20240624T103012,5.1,False,26.748714,1.0,0.12947418987751008,0.17404352873563766,0.23832052201032639,0.32677727192640305,0.4471195012331009,0.04065036028623581,0.07401236519217491,0.10990939289331436,0.15394262969493866,0.212650328874588,0.1550133228302002,0.21745947003364563,0.27997373044490814,0.36315304785966873,0.4307390511035919,-0.2207945957779884,-0.08606668189167976,0.05902845971286297,0.1807170920073986,0.26624533236026765,0.6126297707072971
2024-06-26,S2A_MSIL2A_20240626T064631_R020_T40RBN_20240626T134755,5.1,False,7.5021,0.20352528194786765,0.15088183283805848,0.1930108666419983,0.2673349827528,0.3668936491012573,0.4703260362148285,0.03364534117281437,0.06038527563214302,0.0884397029876709,0.12925985455513,0.1788809597492218,0.32529696822166443,0.39992448687553406,0.5021123290061951,0.5699500143527985,0.6192319989204407,0.0568996388465166,0.18757356703281403,0.32296572625637054,0.4215085208415985,0.49046213626861573,0.9365137614678899
2024-07-01,S2B_MSIL2A_20240701T064629_R020_T40RBN_20240701T231633,5.1,False,35.759589,0.9975352901635671,0.12132551074028015,0.1611618436872959,0.21844780445098877,0.3081948161125183,0.41355939507484435,0.043980300426483154,0.0700138583779335,0.10375657677650452,0.14504289627075195,0.1905609667301178,0.19169244170188904,0.2622704803943634,0.3174908757209778,0.3798886835575104,0.42765912413597107,-0.08469681441783902,0.021502924617379904,0.12148749828338623,0.20543109625577927,0.27479340434074406,0.787361485474693
2024-07-04,S2B_MSIL2A_20240704T065629_R063_T40RBN_20240705T224244,5.1,False,8.39949,0.9997385913809844,0.13039149343967438,0.18374977260828018,0.25276198983192444,0.35434797406196594,0.48858094215393066,0.03020387701690197,0.07582344114780426,0.11980552971363068,0.16779829561710358,0.23025883734226227,0.13109640777111053,0.20939377695322037,0.279865026473999,0.3490367531776428,0.4099154770374298,-0.24976827204227448,-0.10058334842324257,0.049429524689912796,0.15894462913274765,0.23914647102355957,0.5991184490680214
2024-07-06,S2A_MSIL2A_20240706T064631_R020_T40RBN_20240706T123825,5.1,False,18.254836,1.0,0.13342534452676774,0.17268480360507965,0.23336777836084366,0.32394304126501083,0.41920915544033044,0.04510365054011345,0.07580548524856567,0.11270291358232498,0.15182101726531982,0.2009057104587555,0.16360965371131897,0.2219313457608223,0.2804740369319916,0.35137659311294556,0.41827842593193054,-0.1509146377444267,-0.04394065402448177,0.07426847144961357,0.17080441117286682,0.24064191430807114,0.6659944730749122
2024-07-14,S2B_MSIL2A_20240714T065619_R063_T40RBN_20240714T104330,5.1,False,10.231767,1.0,0.14883493185043334,0.19536254182457924,0.2677732855081558,0.37563685327768326,0.5232584297657012,0.04128009304404259,0.07387980073690414,0.11414980888366699,0.16756540536880493,0.2381426990032196,0.19122862815856934,0.2707114815711975,0.3417786806821823,0.4361019730567932,0.5101330280303955,-0.24281831234693527,-0.06955036520957947,0.09871093556284904,0.23761752992868423,0.34412782490253446,0.6587497199193367
2024-07-16,S2A_MSIL2A_20240716T064631_R020_T40RBN_20240716T113735,5.1,False,21.26682,0.7455000373440884,0.11477758288383484,0.15860732644796371,0.22851885855197906,0.33376674354076385,0.4354939639568328,0.06639604270458221,0.09581730514764786,0.12907996773719788,0.1676197648048401,0.2147289216518402,0.21548892557621002,0.26700013875961304,0.30434736609458923,0.3360137939453125,0.3688945770263672,-0.15218762755393983,-0.014529906678944826,0.09399568289518356,0.16555026918649673,0.2146406143903732,0.7241396583679808
2024-07-24,S2B_MSIL2A_20240724T065629_R063_T40RBN_20240724T103526,5.11,False,23.418845,1.0,0.15409713089466096,0.20176973938941956,0.27044427394866943,0.36701755970716476,0.49905073642730713,0.03959619998931885,0.07801411300897598,0.11431992053985596,0.1615387685596943,0.22571015357971191,0.15481123179197312,0.23277869820594788,0.3085364103317261,0.41568824648857117,0.4975956976413727,-0.22881735563278197,-0.08034753240644932,0.07453238219022751,0.21763239800930023,0.3218656718730927,0.6351856001195011
2024-07-26,S2A_MSIL2A_20240726T064631_R020_T40RBN_20240726T115558,5.11,False,5.442367,1.0,0.1479160502552986,0.2003193013370037,0.2868081331253052,0.42414648085832596,0.6080240547657012,0.039410876482725156,0.07522449642419815,0.1210436224937439,0.18009960278868675,0.2613733112812042,0.19566812217235566,0.26964590698480606,0.3415353298187256,0.4606182277202606,0.5590451478958127,-0.3348597288131714,-0.09649999998509884,0.10358982160687447,0.2663239985704422,0.3922068089246749,0.6453805362611099
2024-07-31,S2B_MSIL2A_20240731T064629_R020_T40RBN_20240731T091109,5.11,False,13.507466,0.9993278064082456,0.11951445415616035,0.1613275557756424,0.22919287532567978,0.3080972284078598,0.39347054660320285,0.056628260761499405,0.08459433913230896,0.1197715476155281,0.15836618840694427,0.19768105447292328,0.11952263116836548,0.17494890093803406,0.22814777493476868,0.2740265727043152,0.299813836812973,-0.2722373396158218,-0.14006172120571136,-0.0015373415080830455,0.11065423488616943,0.18885178565979008,0.4971973094170404
2024-08-05,S2A_MSIL2A_20240805T064631_R020_T40RBN_20240805T131606,5.11,False,18.154462,1.0,0.14556246995925903,0.1984698809683323,0.287143349647522,0.41535237431526184,0.5792067289352416,0.055243927985429764,0.09174062311649323,0.1355927735567093,0.19053229689598083,0.2610865980386733,0.1641315519809723,0.23502115905284882,0.29877570271492004,0.3804237022995949,0.459599107503891,-0.3772828817367554,-0.14913349226117134,0.042063597589731216,0.17858904600143433,0.2763609558343887,0.5660243483456568
2024-08-08,S2A_MSIL2A_20240808T065621_R063_T40RBN_20240808T130850,5.11,False,1.950273,1.0,0.1580129072070122,0.20265359431505203,0.27088528871536255,0.35877908766269684,0.47283661663532256,0.07812916636466981,0.11071625351905823,0.1456320807337761,0.1890081912279129,0.24005707204341886,0.15377965569496155,0.22317011654376984,0.29011860489845276,0.3786221444606781,0.44585126638412476,-0.22967436909675595,-0.10964395478367805,0.02242666855454445,0.14351559802889824,0.23205713033676142,0.5484726267831802
2024-08-13,S2B_MSIL2A_20240813T065629_R063_T40RBN_20240813T121221,5.11,False,7.741451,1.0,0.15334065407514572,0.2113979421555996,0.3071312755346298,0.44049687683582306,0.6265416204929352,0.07653063237667085,0.11001981794834137,0.15409806370735168,0.21377721428871155,0.28589528799057007,0.12385068088769914,0.19710391759872437,0.25367724895477295,0.30623020976781845,0.3345246911048889,-0.5024430871009826,-0.2551717385649681,-0.04855230078101158,0.07939314283430576,0.16644290089607236,0.4126521771603555
2024-08-15,S2A_MSIL2A_20240815T064621_R020_T40RBN_20240815T114753,5.11,False,24.868184,1.0,0.13396520167589188,0.17296864092350006,0.2370215430855751,0.3209332451224327,0.4168026596307754,0.058571357280015945,0.08480259031057358,0.11862325295805931,0.1553283892571926,0.19810243248939513,0.13746016025543215,0.2005791962146759,0.25411492586135864,0.3038520812988281,0.33190549910068506,-0.18270670920610427,-0.07826574891805649,0.03162497654557228,0.11197171919047832,0.1704339250922203,0.5825677795205019
2024-08-20,S2B_MSIL2A_20240820T064629_R020_T40RBN_20240820T110253,5.11,False,13.166292,1.0,0.12150180339813232,0.16173096001148224,0.22788051515817642,0.3115956336259842,0.4055302619934082,0.07409029304981232,0.10191632062196732,0.13593176007270813,0.17388816177845,0.21798792481422424,0.15035848319530487,0.2070527784526348,0.2630893737077713,0.32780561596155167,0.37208476662635803,-0.2235920563340187,-0.10441104136407375,0.030198048800230026,0.133108489215374,0.21802832931280136,0.5652401224886101
2024-08-23,S2B_MSIL2A_20240823T065619_R063_T40RBN_20240823T113539,5.11,False,7.215545,1.0,0.1446424514055252,0.19047989696264267,0.2646394819021225,0.36186446994543076,0.4856549113988876,0.059463389217853546,0.09196928888559341,0.12819752097129822,0.1738830953836441,0.23060791194438934,0.15980111062526703,0.22876037657260895,0.29736582934856415,0.38952821493148804,0.46010489463806153,-0.2502256721258163,-0.10496088489890099,0.04960248991847038,0.18095990270376205,0.2775877594947814,0.5918664575397714
2024-08-25,S2A_MSIL2A_20240825T064621_R020_T40RBN_20240825T133350,5.11,False,0.344849,1.0,0.14224149584770204,0.18189019709825516,0.24937371909618378,0.341601699590683,0.4432024180889129,0.06058024615049362,0.08732632547616959,0.1224159300327301,0.1652034968137741,0.21397953927516936,0.1803109049797058,0.24852876365184784,0.3126208484172821,0.4062763452529907,0.4774602770805359,-0.16444000750780105,-0.04761895909905434,0.08113564178347588,0.19869809970259666,0.2915005922317504,0.6666293225782358
2024-08-28,S2A_MSIL2A_20240828T065621_R063_T40RBN_20240828T121854,5.11,False,0.962542,1.0,0.17659262120723726,0.22097908332943916,0.2923489063978195,0.3857632353901863,0.5062054336071015,0.07172148674726486,0.10152888298034668,0.14051468670368195,0.18710951507091522,0.2416388019919394,0.13972149789333344,0.20946787297725677,0.2685965895652771,0.3230694755911827,0.3568140566349029,-0.258597669005394,-0.1263725534081459,0.005867211148142815,0.09952874109148979,0.16613031923770905,0.5142654417805661
2024-08-30,S2B_MSIL2A_20240830T064629_R020_T40RBN_20240830T111832,5.11,False,26.536766,0.13070430950780493,0.17325385957956313,0.2198728509247303,0.2745799124240875,0.3401652052998543,0.43862388134002683,0.07584234699606897,0.10693860799074173,0.14349324256181717,0.18815717101097107,0.22552117705345154,0.13529306650161743,0.19297796487808228,0.24268484115600586,0.3031139373779297,0.36207921802997584,-0.14258458316326142,-0.07801689021289349,0.016039809212088585,0.10530471988022327,0.18305763006210327,0.542
2024-09-02,S2B_MSIL2A_20240902T065629_R063_T40RBN_20240902T111143,5.11,False,13.910468,1.0,0.14538462460041046,0.18583029136061668,0.2465122863650322,0.31766025722026825,0.40441848933696745,0.05547419190406799,0.08460342139005661,0.1176658496260643,0.15716110914945602,0.19937928020954132,0.12059622257947922,0.18254326656460762,0.24081140756607056,0.3107675313949585,0.3542293220758438,-0.2051298126578331,-0.10129121132194996,0.011535059660673141,0.10594495758414268,0.1771943569183349,0.5313690342818732
2024-09-04,S2A_MSIL2A_20240904T064621_R020_T40RBN_20240904T121950,5.11,False,2.358061,0.9998506236462767,0.15423524528741836,0.19373662397265434,0.2561590075492859,0.3370227888226509,0.42828842103481296,0.05528576299548149,0.0842532142996788,0.11928784102201462,0.1607375591993332,0.20624680817127228,0.1502289563417435,0.2154604196548462,0.2757723927497864,0.3541238605976105,0.4172053337097168,-0.17327413558959961,-0.0690227784216404,0.046213533729314804,0.15000943467020988,0.22531722486019143,0.6085381340106073
2024-09-07,S2A_MSIL2A_20240907T065621_R063_T40RBN_20240907T115459,5.11,False,0.530658,1.0,0.17607677429914476,0.2188548445701599,0.28603382408618927,0.3739258497953415,0.48368769586086274,0.06984841451048851,0.10166806727647781,0.14108718931674957,0.1903819926083088,0.24631905406713467,0.1672891527414322,0.2413364052772522,0.31113317608833313,0.39712265133857727,0.46217477321624756,-0.19161134362220764,-0.07452653720974922,0.056229960173368454,0.1706029251217842,0.25555908083915707,0.6191276420942565
2024-09-12,S2B_MSIL2A_20240912T065619_R063_T40RBN_20240912T130211,5.11,False,1.261279,1.0,0.17631458193063737,0.21728261932730675,0.2775569260120392,0.3522851765155792,0.4443584144115448,0.06842291057109834,0.09867791086435318,0.13136568665504456,0.16906318068504333,0.21325968205928802,0.1157263115048409,0.1824530065059662,0.24037441611289978,0.29353347420692444,0.32293346524238586,-0.20393692553043366,-0.10405687615275383,0.0006768464809283614,0.08027416653931141,0.13710821866989134,0.5016431398909552
2024-09-22,S2B_MSIL2A_20240922T065619_R063_T40RBN_20240922T102739,5.11,False,0.118561,1.0,0.16536072194576262,0.20842763036489487,0.2760604918003082,0.3617014214396477,0.4699321448802948,0.06323792785406113,0.0935758426785469,0.12958569824695587,0.17065662145614624,0.21784943342208862,0.15447430312633514,0.22615420818328857,0.2880517840385437,0.3560662567615509,0.40349772572517395,-0.18992256373167038,-0.07680189795792103,0.04741549491882324,0.14071979001164436,0.21636260747909547,0.6112853835237881
2024-09-24,S2A_MSIL2A_20240924T064631_R020_T40RBN_20240924T103950,5.11,False,0.274837,1.0,0.1597989171743393,0.19807179644703865,0.26085449755191803,0.3421854302287102,0.43939407765865324,0.06621384620666504,0.09571585431694984,0.1320667564868927,0.1725638210773468,0.21874423325061798,0.1458907425403596,0.21046456694602966,0.2667941749095917,0.31542297452688217,0.3488437235355377,-0.1788073554635048,-0.0814794022589922,0.025468720123171806,0.10602573305368423,0.16744322031736372,0.5690492195085518
2024-09-27,S2A_MSIL2A_20240927T065641_R063_T40RBN_20240927T112652,5.11,False,1.872247,1.0,0.1561227411031723,0.19946947693824768,0.26136523485183716,0.3412506729364395,0.4399355411529541,0.0550936721265316,0.08937051147222519,0.127838596701622,0.17037010192871094,0.2188509702682495,0.14037732630968103,0.21536821126937866,0.2753995209932327,0.3242696225643158,0.35804447531700134,-0.18348744511604306,-0.07290816307067871,0.03742525726556778,0.1189471185207367,0.18343503028154368,0.602658899096273
2024-09-29,S2B_MSIL2A_20240929T064629_R020_T40RBN_20240929T100121,5.11,False,0.343544,1.0,0.14871474206447602,0.19282494857907295,0.25805647671222687,0.34283988177776337,0.442626890540123,0.05805396363139153,0.08983782678842545,0.12797679007053375,0.17060201987624168,0.21621088683605194,0.13533815741539001,0.20887787267565727,0.2714502215385437,0.32526519894599915,0.3597409725189209,-0.19118366092443465,-0.0791772622615099,0.03575763292610645,0.1230471059679985,0.18916749209165573,0.591194263948017
2024-10-02,S2B_MSIL2A_20241002T065629_R063_T40RBN_20241002T111342,5.11,False,0.075319,1.0,0.14519552737474442,0.19002307206392288,0.25668489933013916,0.3390379026532173,0.4383228719234466,0.06167242564260961,0.09635187685489655,0.1348380297422409,0.17758148908615112,0.2289455533027649,0.12667992860078814,0.19701306521892548,0.26119673252105713,0.32775089144706726,0.3768106997013092,-0.20456295013427733,-0.09939354658126831,0.014534517657011747,0.10917231440544128,0.1835471898317337,0.537978937934125
2024-10-04,S2A_MSIL2A_20241004T064731_R020_T40RBN_20241004T103151,5.11,False,0.604083,1.0,0.1503116488456726,0.1926216408610344,0.25721417367458344,0.34062709659338,0.4346838444471359,0.061550457030534744,0.09308095648884773,0.13066039979457855,0.17147165536880493,0.21578258275985718,0.14933138042688374,0.2197057455778122,0.28374096751213074,0.3557256758213043,0.40521496534347534,-0.16150906533002854,-0.06448279321193695,0.04491152986884117,0.13599393144249916,0.20570319592952727,0.6112853835237881
2024-10-07,S2A_MSIL2A_20241007T065751_R063_T40RBN_20241007T104450,5.11,False,0.179872,1.0,0.16318509429693223,0.21021582186222076,0.28232602775096893,0.3778475821018219,0.5023855507373809,0.06929883360862732,0.10561362653970718,0.14768598973751068,0.19821520149707794,0.25948482751846313,0.14357298612594604,0.21545752882957458,0.27738967537879944,0.32936346530914307,0.3597618043422699,-0.2586319923400879,-0.12202509306371212,0.00897256750613451,0.1051081083714962,0.17942825704812998,0.5215848831130032
2024-10-09,S2B_MSIL2A_20241009T064709_R020_T40RBN_20241009T093003,5.11,False,0.280462,1.0,0.14962742477655414,0.1928081065416336,0.2573138475418091,0.3428395539522171,0.44662585854530334,0.06313755363225937,0.09627839177846909,0.1373026818037033,0.18094336986541748,0.23084346055984495,0.13615102022886277,0.20307160913944244,0.25912371277809143,0.30305102467536926,0.33099339902400965,-0.21322760879993438,-0.10446423478424549,0.010461752768605947,0.09663550183176994,0.16171714961528777,0.5275972813503622
2024-10-12,S2B_MSIL2A_20241012T065729_R063_T40RBN_20241012T110526,5.11,False,0.075533,1.0,0.15390863716602327,0.19933456182479858,0.26023341715335846,0.33818114548921585,0.43213094174861905,0.05944527797400955,0.0971319954842329,0.13473360240459442,0.17570104077458382,0.22273825109004974,0.13511671125888824,0.2041623294353485,0.2669660449028015,0.3138042688369751,0.3503100872039795,-0.16782361865043638,-0.06921333633363247,0.030765604227781296,0.10891062766313553,0.18208745568990706,0.5875345432817984
2024-10-14,S2A_MSIL2A_20241014T064831_R020_T40RBN_20241014T102251,5.11,False,0.307042,1.0,0.13937763571739198,0.18739324063062668,0.24869057536125183,0.33131954073905945,0.42857002317905424,0.044341590255498886,0.08616390079259872,0.12633810937404633,0.17152760922908783,0.21759088337421417,0.14067570865154266,0.21871952340006828,0.28208035230636597,0.3299521803855896,0.37223583161830903,-0.1564346671104431,-0.052556682378053665,0.04889083467423916,0.12996232509613037,0.20579682141542435,0.6348868474120547
2024-10-17,S2A_MSIL2A_20241017T065901_R063_T40RBN_20241017T103849,5.11,False,6.096476,0.5985137052804541,0.11588392108678817,0.17012423276901245,0.23410803079605103,0.3228575140237808,0.43403440713882446,0.04665500298142433,0.08637895807623863,0.12870670855045319,0.17853058874607086,0.2355632781982422,0.14935262501239777,0.2420949637889862,0.319407194852829,0.37758350372314453,0.42251384258270264,-0.14647339582443236,-0.03083920944482088,0.0970984548330307,0.18366215378046036,0.2601714670658112,0.7000686341798216
2024-10-19,S2B_MSIL2A_20241019T064819_R020_T40RBN_20241019T091053,5.11,False,6.945046,0.002950182986033311,0.13212911486625672,0.1434658020734787,0.16645124554634094,0.22791483998298645,0.25852969884872434,0.08280739933252335,0.09684626758098602,0.10916314274072647,0.12919971346855164,0.15998467504978184,0.15353545546531677,0.16729526221752167,0.18408538401126862,0.20105814933776855,0.22358046174049379,-0.045047105103731146,-0.01158256595954299,0.030346380546689034,0.05378265492618084,0.07007715851068497,0.6835443037974683
2024-10-22,S2B_MSIL2A_20241022T065839_R063_T40RBN_20241022T093913,5.11,False,1.493989,1.0,0.15300404578447344,0.19679758325219154,0.2581031173467636,0.3333326280117035,0.42352270781993867,0.06075491383671761,0.09796153753995895,0.1362418830394745,0.17817620933055878,0.22724439203739166,0.15499480068683624,0.21844707429409027,0.2749897539615631,0.32331857085227966,0.36120359599590296,-0.1532119125127792,-0.06072983052581549,0.0317266546189785,0.11021935753524303,0.18358831554651256,0.5997834042871013
2024-10-24,S2A_MSIL2A_20241024T064941_R020_T40RBN_20241024T095047,5.11,False,0.292497,1.0,0.13737809956073763,0.18500610440969467,0.2518637329339981,0.34058596193790436,0.4478386372327804,0.06065434217453003,0.09871918708086014,0.14155782759189606,0.19014617800712585,0.24268056452274323,0.1459541767835617,0.2192385345697403,0.2781250476837158,0.32149598002433777,0.3583806216716766,-0.1979827865958214,-0.08778160251677036,0.022925828583538532,0.11136829107999802,0.18479023426771157,0.5613936813802375
2024-10-27,S2A_MSIL2A_20241027T070001_R063_T40RBN_20241027T112349,5.11,False,1.800684,0.9816267084920457,0.06430648639798164,0.15130231529474258,0.2153281569480896,0.30175331979990005,0.39756113290786743,-0.005375749664381146,0.04704950749874115,0.10211015865206718,0.15315918624401093,0.2050856202840805,0.15171047300100327,0.24067460000514984,0.31308525800704956,0.37061238288879395,0.4375448077917099,-0.07983409240841866,0.01153009687550366,0.11369768157601357,0.23187867924571037,0.36102259159088135,0.7742524537776764
2024-10-29,S2B_MSIL2A_20241029T064919_R020_T40RBN_20241029T090554,5.11,False,0.476903,1.0,0.12566450238227844,0.17592031136155128,0.23618008196353912,0.31899210810661316,0.4143208622932434,0.04179754517972472,0.08105631172657013,0.12383032590150833,0.16920801997184753,0.2181192934513092,0.14471249282360077,0.2204430103302002,0.2844776511192322,0.33812345564365387,0.37708067893981934,-0.1222040094435215,-0.03131071664392948,0.06052465736865997,0.14514240622520447,0.23380878567695615,0.6756665919784898
2024-11-01,S2B_MSIL2A_20241101T065939_R063_T40RBN_20241101T093001,5.11,False,0.320688,1.0,0.1340130850672722,0.19254066422581673,0.2654373049736023,0.3602624908089638,0.47437963783741,0.04932490363717079,0.09285134077072144,0.14083872735500336,0.1906098648905754,0.24478749930858612,0.15308448672294617,0.2302166074514389,0.29575031995773315,0.3539847731590271,0.39783889055252075,-0.1658338114619255,-0.058859121054410934,0.04857594519853592,0.13956991955637932,0.23543197363615034,0.6290985137052805
2024-11-03,S2A_MSIL2A_20241103T065031_R020_T40RBN_20241103T100958,5.11,False,1.220088,1.0,0.15187834501266478,0.19975325465202332,0.26610520482063293,0.35044804960489273,0.4524191379547119,0.0650886595249176,0.10294100642204285,0.14621465653181076,0.1920444667339325,0.24467418193817134,0.1609838902950287,0.22853872179985046,0.2901274859905243,0.3407318592071533,0.38102421164512634,-0.15081455558538437,-0.057564644142985344,0.039687518030405045,0.11727732047438622,0.18482482880353926,0.6185674807677944
2024-11-06,S2A_MSIL2A_20241106T070051_R063_T40RBN_20241106T095700,5.11,False,0.236249,1.0,0.16121021360158921,0.20969609916210175,0.2772265076637268,0.36442930996418,0.47610838115215304,0.0718439593911171,0.11159054189920425,0.15701526403427124,0.20780538022518158,0.2605949342250824,0.1547616571187973,0.22827378660440445,0.291475847363472,0.34225937724113464,0.38805284202098844,-0.18361066132783888,-0.07942095398902893,0.029582343064248562,0.11337244883179665,0.19250469654798505,0.5786093061468369
2024-11-08,S2B_MSIL2A_20241108T065009_R020_T40RBN_20241108T091437,5.11,False,0.570238,1.0,0.16519681066274644,0.21019865572452545,0.2783960849046707,0.3674287125468254,0.4744077980518341,0.06952276825904846,0.10870151966810226,0.15411290526390076,0.20526383817195892,0.2596396505832672,0.16645057499408722,0.23170511052012444,0.2928355932235718,0.3422720432281494,0.3907816618680954,-0.16352894604206086,-0.06898010894656181,0.03406813554465771,0.11597304232418537,0.18453235924243924,0.5919784898050638
2024-11-11,S2B_MSIL2A_20241111T070029_R063_T40RBN_20241111T092242,5.11,False,0.21433,1.0,0.12393581569194795,0.18664342537522316,0.25922691822052,0.36068132519721985,0.4892583757638931,0.01822371780872345,0.07668852061033249,0.12995459139347076,0.1890626698732376,0.24896840751171112,0.15804392099380493,0.24146048724651337,0.3179659843444824,0.39203569293022156,0.46601828932762146,-0.1427943408489227,-0.033272276632487774,0.0782829187810421,0.19644133001565933,0.3423423767089844,0.6829860333109269
2024-11-13,S2A_MSIL2A_20241113T065131_R020_T40RBN_20241113T112554,5.11,False,1.210166,0.9999626559115692,-0.184600368142128,-0.0815749242901802,0.08545546978712082,0.23719125986099243,0.3665109515190125,-0.3121243417263031,-0.21714429557323456,-0.07082948833703995,0.07654298096895218,0.16304852068424225,0.23715442419052124,0.40352168679237366,0.49887096881866455,0.5792204141616821,0.6551842927932741,0.04067806005477907,0.27157163619995117,0.5356707572937012,0.696864128112793,0.7893509984016419,0.9394256264704784
2024-11-16,S2A_MSIL2A_20241116T070151_R063_T40RBN_20241116T100349,5.11,False,0.31636,1.0,-0.21249427944421767,-0.09111147187650204,0.10141204297542572,0.2874232083559036,0.4382088005542754,-0.3430127501487732,-0.23178720474243164,-0.07243525236845016,0.0980633869767189,0.19330964982509613,0.30696219205856323,0.4336395859718323,0.5246469080448151,0.6143673658370972,0.6942612051963806,0.07471956536173821,0.2554028555750847,0.5656467974185944,0.7399060726165771,0.8275819897651673,0.9517514377474046
2024-11-18,S2B_MSIL2A_20241118T065059_R020_T40RBN_20241118T082640,5.11,False,0.370749,1.0,0.14864918440580369,0.19658337906002998,0.2664221376180649,0.3608701005578041,0.4743990331888198,0.06283975392580032,0.10406412184238434,0.1518186628818512,0.20582671463489532,0.26528486609458923,0.18280835449695587,0.2564042806625366,0.32269835472106934,0.3774644732475281,0.43024189174175265,-0.1374407336115837,-0.034921118058264256,0.06820661947131157,0.15097355470061302,0.2399178922176361,0.6789528717604003
2024-11-21,S2B_MSIL2A_20241121T070119_R063_T40RBN_20241121T092101,5.11,False,0.245063,1.0,0.1692156195640564,0.2259335219860077,0.3144354671239853,0.4318217411637306,0.5850282549858093,0.07328294143080714,0.11926013976335526,0.17867356538772583,0.2486189715564251,0.3248465806245801,0.17357629835605623,0.25152623653411865,0.3192063868045807,0.37328553944826126,0.43064630031585693,-0.2783992677927017,-0.12710605189204216,0.01892547868192196,0.1238709669560194,0.21512274146080015,0.5408544327432967
2024-11-23,S2A_MSIL2A_20241123T065211_R020_T40RBN_20241123T100453,5.11,False,7.134906,0.99906639778923,0.1459212511777878,0.19535186886787415,0.2664429247379303,0.36455821990966797,0.483707457780838,0.05795090347528458,0.09743846952915192,0.1457149237394333,0.19932711124420166,0.25808393955230713,0.19784024357795715,0.2695440351963043,0.3417893946170807,0.410613089799881,0.463543564081192,-0.11354649066925049,-0.010189197026193142,0.09104062616825104,0.17896144092082977,0.27757484316825864,0.729488281688035
2024-11-26,S2A_MSIL2A_20241126T070231_R063_T40RBN_20241126T101054,5.11,False,0.279786,1.0,-0.3229718953371048,-0.20448549091815948,0.016083167865872383,0.22755781933665276,0.4363576680421829,-0.45258426666259766,-0.32707899808883667,-0.13109703361988068,0.05226457491517067,0.18508837521076182,0.2445727288722992,0.395281583070755,0.48143646121025085,0.5441936552524567,0.5996817350387573,0.06312823742628099,0.35966984182596207,0.5804599821567535,0.7245066612958908,0.8110657274723053,0.9334528344163119
2024-11-28,S2B_MSIL2A_20241128T065139_R020_T40RBN_20241128T081447,5.11,False,2.227486,0.9999626559115692,-0.5098067283630371,-0.36651375889778137,-0.10128866881132126,0.18181727826595306,0.43258851766586304,-0.6084870100021362,-0.4184889793395996,-0.17828738689422607,0.033263906836509705,0.20872195065021515,0.23448851704597473,0.3583844304084778,0.45131945610046387,0.5061368942260742,0.5394697189331055,0.21915969252586365,0.4535054862499237,0.6378431916236877,0.7732160091400146,0.8480743885040283,0.9745303805504725
2024-12-01,S2B_MSIL2A_20241201T070149_R063_T40RBN_20241201T091627,5.11,False,25.375631,0.017103592501307042,-0.20040662139654158,-0.1487567499279976,-0.04099411331117153,0.06066421791911125,0.12694938182830812,-0.34137506783008575,-0.29591262340545654,-0.1633584201335907,-0.02865385077893734,0.009358005598187447,0.13885237574577333,0.28358951210975647,0.475056529045105,0.5517206192016602,0.5831548571586609,0.17984262257814407,0.2818513810634613,0.6017217636108398,0.7404533177614212,0.7730882942676545,0.9934497816593887
2024-12-03,S2A_MSIL2A_20241203T065241_R020_T40RBN_20241203T101351,5.11,False,4.226334,1.0,0.14238661676645278,0.19343099370598793,0.2627302408218384,0.358784019947052,0.4748074561357498,0.058357611298561096,0.09913516044616699,0.14777035266160965,0.20235788822174072,0.2620744377374648,0.18670324981212616,0.2589215338230133,0.32376688718795776,0.38029924035072327,0.42831939458847046,-0.13285074532032012,-0.03366740606725216,0.0665878877043724,0.15055334568023682,0.23425260484218596,0.6799238180596011
2024-12-06,S2A_MSIL2A_20241206T070301_R063_T40RBN_20241206T101851,5.11,False,0.293731,1.0,0.16741342097520828,0.23247408494353294,0.3410536050796509,0.4936240538954735,0.7069680333137512,0.08259165436029435,0.13484376668930054,0.21030963957309723,0.3006642162799835,0.40808582305908203,0.18646886944770813,0.2704748809337616,0.3389359414577484,0.3956432119011879,0.4523667097091675,-0.46547180116176606,-0.2193276509642601,-0.012626802083104849,0.12320422008633614,0.2156399369239807,0.4775935469415192
2024-12-08,S2B_MSIL2A_20241208T065159_R020_T40RBN_20241208T090838,5.11,False,0.269524,1.0,0.1670137330889702,0.21629291772842407,0.2909415513277054,0.39492636173963547,0.521182882785797,0.07411093935370446,0.1170082613825798,0.16978897154331207,0.2281961552798748,0.29149502515792847,0.1958945095539093,0.2631787955760956,0.32996170222759247,0.3884674906730652,0.44750348329544065,-0.16705579459667205,-0.057906861416995525,0.0551884900778532,0.14327935501933098,0.22416916489601132,0.6360071700649788
2024-12-11,S2B_MSIL2A_20241211T070209_R063_T40RBN_20241211T105542,5.11,False,0.980189,1.0,-0.23509627133607863,-0.11111079901456833,0.08749175071716309,0.2678263559937477,0.503298544883728,-0.3679668843746185,-0.2525389790534973,-0.08895017579197884,0.06380269676446915,0.20755723118782043,0.25707834362983706,0.4344800114631653,0.5203462839126587,0.5847864151000977,0.6626439690589905,0.030157441273331656,0.32928527146577835,0.5661943256855011,0.7164807021617889,0.8070700526237488,0.9147807902009112
2024-12-13,S2A_MSIL2A_20241213T065301_R020_T40RBN_20241213T095751,5.11,False,2.433725,0.9551497497946075,-0.5412720084190369,-0.38494178652763367,-0.11318007856607437,0.194186732172966,0.4495261251926423,-0.6068853139877319,-0.418412983417511,-0.1709434539079666,0.04102204740047455,0.20802296698093414,0.11975010782480244,0.29828783869743347,0.4102526307106018,0.4806341826915741,0.5199960470199585,0.20222833454608918,0.4290117621421814,0.6159968972206116,0.7434541583061218,0.8234830498695374,0.9702076083981702
2024-12-16,S2A_MSIL2A_20241216T070311_R063_T40RBN_20241216T093755,5.11,False,5.970813,1.0,0.11897521018981934,0.15431001037359238,0.1963232159614563,0.24608327820897102,0.29580136835575105,0.044881764426827474,0.07309797406196594,0.10471697896718979,0.13924024999141693,0.16949117183685303,0.1516428977251054,0.20065343379974365,0.24415142089128494,0.2919089198112488,0.31647783517837524,-0.044702238962054254,0.008849854115396738,0.06427697464823723,0.11608739383518696,0.1586466521024704,0.781126297707073
2024-12-21,S2B_MSIL2A_20241221T070219_R063_T40RBN_20241221T094949,5.11,False,7.919851,0.25998954365523935,0.08090327531099321,0.16319408640265465,0.22424732148647308,0.29928645491600037,0.4122006028890611,0.018225906416773796,0.07359049469232559,0.12361505627632141,0.17543832957744598,0.22941632568836212,0.19134479910135269,0.24608716368675232,0.3046904504299164,0.35936761647462845,0.4190988540649414,-0.08113906234502792,-0.0037834664108231664,0.0832596942782402,0.16748714074492455,0.276865029335022,0.7414536052858374
2024-12-23,S2A_MSIL2A_20241223T065311_R020_T40RBN_20241223T094150,5.11,False,10.621765,0.21364552991261485,0.13198408484458923,0.17094524204730988,0.2081245332956314,0.26714882254600525,0.32874026894569397,0.054183416068553925,0.0899820402264595,0.1227167546749115,0.15897111594676971,0.19287626445293427,0.19475756585597992,0.2480577528476715,0.31788551807403564,0.3635304272174835,0.4117640554904938,-0.038551341742277145,0.029834141954779625,0.08837892860174179,0.1446763426065445,0.19670991599559784,0.8349938821884286
2024-12-26,S2A_MSIL2A_20241226T070311_R063_T40RBN_20241226T100152,5.11,False,14.817737,0.5937336619613115,-0.10944992154836654,-0.04421352036297321,0.05159405991435051,0.1479058563709259,0.2440340220928192,-0.21183961629867554,-0.15696404874324799,-0.08202412724494934,-0.0032217816915363073,0.05898211523890495,0.3766551911830902,0.45454350113868713,0.5216556191444397,0.5713002681732178,0.6126700043678284,0.3581421792507172,0.4649636745452881,0.5600141286849976,0.6431436538696289,0.7229970216751099,0.9988678533241084
2024-12-28,S2B_MSIL2A_20241228T065209_R020_T40RBN_20241228T085137,5.11,False,0.522191,1.0,-0.49750015437602996,-0.3290305510163307,-0.034781306982040405,0.24264181405305862,0.5131182551383973,-0.5954203605651855,-0.4065490961074829,-0.16074872016906738,0.04574866499751806,0.21570010483264923,0.28147104382514954,0.4142490178346634,0.49710625410079956,0.548038974404335,0.5808238983154297,0.1117289707064629,0.4175112843513489,0.6388553977012634,0.7887711673974991,0.8689530670642852,0.9428635447008739
2025-01-02,S2A_MSIL2A_20250102T065301_R020_T40RBN_20250102T095747,5.11,False,21.366341,0.38527896034057807,0.1394900918006897,0.1756688803434372,0.21719923615455627,0.28455230593681335,0.3457176089286804,0.055672939866781235,0.08952319622039795,0.1256672441959381,0.16705554723739624,0.2038266956806183,0.23710906505584717,0.29605934023857117,0.3504554033279419,0.4112202823162079,0.46745240688323975,-0.011570531688630578,0.07303659617900848,0.14644968509674072,0.20846861600875854,0.27539931535720824,0.8832994087428516
2025-01-05,S2A_MSIL2A_20250105T070301_R063_T40RBN_20250105T101308,5.11,False,21.542318,0.9774815146762268,0.14753202795982362,0.2009999379515648,0.2830183506011963,0.3892051428556442,0.5256866574287417,0.06674173176288604,0.11053404957056046,0.16422004997730255,0.22637511044740677,0.2923356592655182,0.24146481156349184,0.326016902923584,0.4065091907978058,0.5003964304924011,0.5683768033981323,-0.11159226596355437,0.013634724542498589,0.14982184767723083,0.2720182090997696,0.37368258833885215,0.7699713467048711
2025-01-07,S2B_MSIL2A_20250107T065159_R020_T40RBN_20250107T090902,5.11,False,28.448555,0.15736798864739712,0.10859455466270447,0.1453649252653122,0.17746451497077942,0.22483960166573524,0.32246706783771517,0.012486450374126434,0.04552016407251358,0.0735156498849392,0.11276436410844326,0.1630692332983017,0.25388350784778596,0.3903445601463318,0.47236186265945435,0.5427707433700562,0.6303128004074097,0.01718005780130625,0.17009753733873367,0.3218773454427719,0.44188033789396286,0.5585009574890136,0.9140958709065021
2025-01-10,S2B_MSIL2A_20250110T070149_R063_T40RBN_20250110T091744,5.11,False,3.323764,1.0,-0.5267047047615051,-0.39575669169425964,-0.14135832339525223,0.17099237442016602,0.4548881858587265,-0.6222729682922363,-0.4531937837600708,-0.21983664482831955,0.005615062080323696,0.19387221336364746,0.3507222890853882,0.4508225917816162,0.5223061442375183,0.5672038197517395,0.5959924459457397,0.3270520567893982,0.5512095987796783,0.717208743095398,0.8294381201267242,0.8917914450168609,0.98928224662036
2025-01-12,S2A_MSIL2A_20250112T065241_R020_T40RBN_20250112T101851,5.11,False,0.213731,1.0,-0.6736704409122467,-0.4912594109773636,-0.15237540751695633,0.23979536071419716,0.5408385813236236,-0.7246573567390442,-0.4899667203426361,-0.1910819262266159,0.06611021421849728,0.2524813115596771,0.15750335156917572,0.3540255129337311,0.4679279625415802,0.5318441241979599,0.5675593435764312,0.22287049442529686,0.4882046729326248,0.6880538463592529,0.8221550285816193,0.8931169033050537,0.9631413847187991
2025-01-15,S2A_MSIL2A_20250115T070231_R063_T40RBN_20250115T101359,5.11,False,0.275757,1.0,0.14345680177211761,0.19868222624063492,0.2780505567789078,0.37824202328920364,0.5065099477767945,0.060580525547266006,0.10944700241088867,0.1634802520275116,0.2223629504442215,0.28905633091926575,0.2057967334985733,0.2776778042316437,0.3467384874820709,0.4115070700645447,0.46891629695892334,-0.143570539355278,-0.030577118042856455,0.08299108222126961,0.1712316833436489,0.27713885605335226,0.6941892598401673
2025-01-20,S2B_MSIL2A_20250120T070119_R063_T40RBN_20250120T093743,5.11,False,1.145335,1.0,0.13615083247423174,0.19295774027705193,0.27402088046073914,0.37920238822698593,0.5162296116352081,0.05829586833715439,0.10105249285697937,0.15297246724367142,0.2105383425951004,0.2741745710372925,0.22634035348892212,0.32263514399528503,0.4057672917842865,0.49798811972141266,0.5667100548744202,-0.10111694186925888,0.0210838015191257,0.15639293938875198,0.2842050641775131,0.3862212389707565,0.7799312868772873
2025-01-25,S2C_MSIL2A_20250125T070221_R063_T40RBN_20250125T110112,5.11,False,0.280827,1.0,-0.2805139094591141,-0.1642453558743,0.01970905065536499,0.22103501483798027,0.4735400199890136,-0.39018142223358154,-0.2841276079416275,-0.13880571722984314,-7.08320367266424e-05,0.14840780198574066,0.37326663732528687,0.47274428606033325,0.540537416934967,0.6016117334365845,0.6880416870117188,0.155792111158371,0.43655604124069214,0.6335600912570953,0.7619644850492477,0.8414296627044677,0.9467473298976772
2025-01-27,S2B_MSIL2A_20250127T065039_R020_T40RBN_20250127T090420,5.11,False,0.373644,1.0,-0.4856127887964249,-0.35820480436086655,-0.12903174757957458,0.15054763108491898,0.40559138357639307,-0.5745209455490112,-0.41444718837738037,-0.20247696340084076,0.008264442905783653,0.18197110295295715,0.29240544438362126,0.3875535726547241,0.4646589308977127,0.5127242207527161,0.5417855978012085,0.2910967737436295,0.5014138519763947,0.6639112830162048,0.7797142863273621,0.85011528134346,0.9871909776682352
2025-01-30,S2B_MSIL2A_20250130T070039_R063_T40RBN_20250130T093523,5.11,False,17.648469,1.0,0.10191817507147792,0.1644553616642952,0.238492950797081,0.33245062828063965,0.4536178529262542,0.027373196557164192,0.0815722644329071,0.13507455587387085,0.19601750373840332,0.25472038984298706,0.18133434653282166,0.2588422894477844,0.3296716809272766,0.39508703351020813,0.4489016532897949,-0.10202296674251554,-0.00032950691820587963,0.09861824661493301,0.19114786386489868,0.3212409108877181,0.7490477257450145
2025-02-01,S2C_MSIL2A_20250201T065141_R020_T40RBN_20250201T104612,5.11,False,0.466649,0.9557099111210695,0.14190492182970046,0.19714219123125076,0.27985137701034546,0.38654908537864685,0.5272969663143159,0.059787385165691376,0.1021280512213707,0.15187062323093414,0.206583634018898,0.26587754487991333,0.1943544745445252,0.27275633811950684,0.3416461646556854,0.39712512493133545,0.45129642188549046,-0.1872902661561966,-0.056506589986383915,0.08039472252130508,0.1774059310555458,0.25366018414497377,0.6609878086902157
2025-02-04,S2C_MSIL2A_20250204T070131_R063_T40RBN_20250204T101810,5.11,False,0.231268,1.0,0.14204727709293366,0.19506969302892685,0.2718959301710129,0.37110186368227005,0.5005740880966186,0.05996127054095268,0.0993969738483429,0.1461334377527237,0.19890577718615532,0.2585334777832031,0.21125493943691254,0.29520732164382935,0.3733140230178833,0.4640938341617584,0.5363297820091247,-0.1191512294113636,0.00033670217817416415,0.12668155133724213,0.2442992366850376,0.3422487527132034,0.750093360221077
2025-02-06,S2B_MSIL2A_20250206T064949_R020_T40RBN_20250206T085119,5.11,False,8.263032,1.0,0.12673923075199128,0.17892370000481606,0.2516677677631378,0.3467897102236748,0.46927219927310937,0.052878785878419876,0.0917733684182167,0.14108559489250183,0.1940801590681076,0.25343838334083557,0.22930112481117249,0.33043572306632996,0.41423383355140686,0.5056517124176025,0.5770986080169678,-0.058573801815509786,0.05411544814705849,0.18494275212287903,0.3175068497657776,0.41918104290962216,0.835088505489581
2025-02-09,S2B_MSIL2A_20250209T065939_R063_T40RBN_20250209T091826,5.11,False,36.200258,0.0,,,,,,,,,,,,,,,,,,,,,
2025-02-11,S2C_MSIL2A_20250211T065041_R020_T40RBN_20250211T101111,5.11,False,6.713464,1.0,0.0780778840184212,0.14892232045531273,0.22181272506713867,0.3192257136106491,0.4415992975234985,0.0003703120455611497,0.0569287221878767,0.10820464789867401,0.16276563704013824,0.21508340537548065,0.1850990355014801,0.2630440667271614,0.3317759037017822,0.3905790150165558,0.4349569261074066,-0.108164993673563,0.01085870643146336,0.12070885300636292,0.22252534702420235,0.3486097753047942,0.7678691463141385
2025-02-21,S2C_MSIL2A_20250221T064931_R020_T40RBN_20250221T133915,5.11,False,10.005295,0.489468967062514,0.11123582422733307,0.15661175549030304,0.21611690521240234,0.29536212980747223,0.4001653969287872,0.04297652468085289,0.07195443660020828,0.11008896678686142,0.15276538580656052,0.20063916742801666,0.18022044301033033,0.2972662150859833,0.3961317241191864,0.47574079036712646,0.5273776054382324,-0.08219353109598158,0.03030297253280878,0.1779463142156601,0.30414241552352905,0.38376814723014824,0.791103990234226
2025-03-01,S2B_MSIL2A_20250301T065729_R063_T40RBN_20250301T091446,5.11,False,2.133414,1.0,0.12258963212370873,0.17325396463274956,0.25083740055561066,0.35007474571466446,0.4760032415390015,0.05635848641395569,0.09514118731021881,0.13979549705982208,0.18958602845668793,0.242082393169403,0.1450120061635971,0.21570050716400146,0.2734033167362213,0.3268609866499901,0.3674880862236023,-0.2784057825803757,-0.1303146295249462,0.010679245460778475,0.11682779714465141,0.18571482449769972,0.5234147434461125
2025-03-03,S2C_MSIL2A_20250303T064821_R020_T40RBN_20250303T121710,5.11,False,0.510401,1.0,0.14338023215532303,0.19080021977424622,0.25729401409626007,0.3420352339744568,0.45219183862209317,0.04974138364195824,0.0890105590224266,0.13005918264389038,0.17590822279453278,0.22557879984378815,0.22413048148155212,0.3015417158603668,0.37627294659614563,0.47480446100234985,0.5637876808643341,-0.07994448766112326,0.030547209549695253,0.15514659136533737,0.28121113032102585,0.3889747142791748,0.798416610650534
2025-03-06,S2C_MSIL2A_20250306T065811_R063_T40RBN_20250306T124721,5.11,False,4.687841,1.0,0.10222466439008714,0.1574210822582245,0.22528879344463348,0.31814417243003845,0.44283714592456813,0.028802383691072464,0.07121048122644424,0.11941173672676086,0.1843537613749504,0.2503383755683899,0.2402801975607873,0.3247331380844116,0.40796732902526855,0.5066313147544861,0.5865216255187988,-0.10320196524262427,0.031249886378645897,0.18019715696573257,0.33165112882852554,0.4469675749540329,0.7926656210321906
2025-03-08,S2B_MSIL2A_20250308T064629_R020_T40RBN_20250308T085847,5.11,False,25.108248,0.7740309209052207,0.11016768664121628,0.14920546859502792,0.19809040427207947,0.2682134062051773,0.356434166431427,0.019043654203414917,0.05280567705631256,0.08627810329198837,0.12663733959197998,0.1728624701499939,0.29299506545066833,0.37168073654174805,0.45275112986564636,0.5381190180778503,0.6012645363807678,0.09282004088163374,0.19096165895462036,0.29834040999412537,0.4068264216184616,0.4943949639797211,0.9616442321609495
2025-03-16,S2C_MSIL2A_20250316T065651_R063_T40RBN_20250316T122619,5.11,False,31.475541,0.9927179027559937,0.14233166873455047,0.18954893946647644,0.2595389187335968,0.3516187518835068,0.47149270772933954,0.05459962040185928,0.09185480326414108,0.13333310186862946,0.18262024223804474,0.23718367516994476,0.19244515895843506,0.26971879601478577,0.3423125743865967,0.41911211609840393,0.48478469252586365,-0.14723539352416992,-0.02115141786634922,0.10696356743574142,0.21028701961040497,0.29359520673751827,0.7161719896174247
2025-03-18,S2A_MSIL2A_20250318T070321_R063_T40RBN_20250318T122959,5.11,False,0.058304,1.0,0.14490863382816316,0.191448163241148,0.26085059344768524,0.3540445491671562,0.47788999080657957,0.059752482920885086,0.10033808648586273,0.1442713588476181,0.1989889144897461,0.2589917093515395,0.1887841820716858,0.2798149883747101,0.3547990322113037,0.4406842589378357,0.5171670317649841,-0.14682975113391875,-0.02075518947094679,0.11237164586782455,0.22516533359885216,0.318947634100914,0.717193218313541
2025-03-21,S2B_MSIL2A_20250321T065629_R063_T40RBN_20250321T105859,5.11,False,2.119252,1.0,0.13774592727422713,0.18187635764479637,0.24114379286766052,0.3160304129123688,0.4145536690950394,0.055255994200706496,0.09276394546031952,0.13105618953704834,0.17376773059368134,0.2229725420475006,0.1745903044939041,0.2576075792312622,0.3293914794921875,0.4197520911693573,0.4952581822872162,-0.10087016746401786,0.0005891112377867103,0.11257173493504524,0.22029437869787216,0.3137000948190689,0.7505041451938158
2025-03-25,S2A_MSIL2A_20250325T065311_R020_T40RBN_20250326T112915,5.11,False,5.742409,0.9960788707147659,-0.08424227237701415,0.01074519008398056,0.1207556277513504,0.22801369428634644,0.3759799242019652,-0.1928210914134979,-0.1277080774307251,-0.028992321342229843,0.06796612590551376,0.13932137191295624,0.26291689872741714,0.4276198446750641,0.5301133990287781,0.6107809543609619,0.6761218309402466,0.08404801785945896,0.291639119386673,0.509337842464447,0.6453357934951782,0.7380914330482483,0.9507741911296067
2025-03-26,S2C_MSIL2A_20250326T065641_R063_T40RBN_20250326T123329,5.11,False,2.671514,1.0,0.08436750322580339,0.1579650118947029,0.2251994013786316,0.32223697006702423,0.4481619536876678,-0.00403281906619668,0.05293416604399681,0.10321931540966034,0.15419930219650269,0.2105172574520111,0.14807002246379852,0.24334470927715302,0.3313172906637192,0.4036099314689636,0.47042450308799744,-0.12275436669588088,0.001940251444466412,0.1187305599451065,0.24014857038855553,0.3729887276887894,0.7529688550302487
2025-03-31,S2B_MSIL2A_20250331T065619_R063_T40RBN_20250331T105206,5.11,False,0.058959,1.0,0.1324012354016304,0.17903897538781166,0.242633156478405,0.3244897872209549,0.4331194549798965,0.05524385794997216,0.09153701364994049,0.1302701234817505,0.17515290901064873,0.2261321097612381,0.16286180913448334,0.24312198162078857,0.31568244099617004,0.3931601345539093,0.46560301184654235,-0.13256999403238295,-0.023276477586477995,0.09051590412855148,0.19294049590826035,0.27384741008281704,0.7052057659272537
2025-04-02,S2C_MSIL2A_20250402T064651_R020_T40RBN_20250402T120013,5.11,False,0.998428,1.0,0.13480146676301957,0.17989667505025864,0.24616067111492157,0.3338014855980873,0.4457883834838867,0.049589093774557114,0.08653952181339264,0.12486447766423225,0.16883090138435364,0.21740543842315674,0.1883114129304886,0.26703138649463654,0.34101831912994385,0.4351685643196106,0.5244078040122986,-0.12116328775882716,-0.00959541299380362,0.11157195642590523,0.23368974775075912,0.33983975052833554,0.7328777354544775
2025-04-05,S2C_MSIL2A_20250405T065641_R063_T40RBN_20250405T125710,5.11,False,8.20579,1.0,0.13056597262620925,0.1769523210823536,0.23627415299415588,0.3152901828289032,0.42163566946983333,0.04003218188881874,0.07477734424173832,0.11030271649360657,0.15487916767597198,0.20595243573188782,0.20863531529903412,0.2892761826515198,0.37276846170425415,0.47071006894111633,0.5599983334541321,-0.07095649614930151,0.041640354320406914,0.16526806354522705,0.29986708611249924,0.4072206050157547,0.8161550526551646
2025-04-10,S2B_MSIL2A_20250410T065619_R063_T40RBN_20250410T093744,5.11,False,0.355468,1.0,0.09998318552970888,0.16476206108927727,0.2258608639240265,0.31047020852565765,0.4191596955060959,0.0024960318114608526,0.06235317140817642,0.11010979115962982,0.1578645259141922,0.20767775177955627,0.14089559018611908,0.238265722990036,0.32210853695869446,0.39102935791015625,0.44931366741657247,-0.0989810176193714,0.006851624697446823,0.11359332874417305,0.21986455097794533,0.35017738044261926,0.7630144148181343
2025-04-12,S2C_MSIL2A_20250412T064651_R020_T40RBN_20250412T121419,5.11,False,0.523026,0.999813279557846,0.12796205282211304,0.17549645900726318,0.24497348070144653,0.3350280523300171,0.44740484952926635,0.05046970397233963,0.08445815742015839,0.12250928580760956,0.166219562292099,0.21147267520427704,0.14359850287437442,0.22771598398685455,0.2992696166038513,0.3617950975894928,0.41167503595352173,-0.17322029173374176,-0.05031423643231392,0.07026192545890808,0.1644248217344284,0.23277470767498015,0.6589474470548687
2025-04-14,S2A_MSIL2A_20250414T065321_R020_T40RBN_20250414T122902,5.11,False,1.022772,1.0,0.13129122853279115,0.17909646779298782,0.2494499683380127,0.3426835238933563,0.4618341326713562,0.05686355382204056,0.09276741743087769,0.13604456186294556,0.1857638657093048,0.24180811792612072,0.14519289135932922,0.23322448134422302,0.3005516082048416,0.36768582463264465,0.42725256085395813,-0.2044736862182617,-0.0757642425596714,0.05314003676176071,0.15603632107377052,0.23007814735174179,0.6171110613189932
2025-04-17,S2B_MSIL2A_20250417T064629_R020_T40RBN_20250417T092304,5.11,False,1.203861,1.0,0.1285599634051323,0.17120102047920227,0.2306801676750183,0.30220481753349304,0.3910892069339752,0.047168657183647156,0.08008615672588348,0.11772951483726501,0.15803248807787895,0.20439279079437256,0.17059770226478577,0.24230217933654785,0.30468621850013733,0.38407012820243835,0.44583413004875183,-0.10385403111577034,-0.007288123946636915,0.0973205454647541,0.19625912606716156,0.2730024844408035,0.7345582194338636
2025-04-20,S2B_MSIL2A_20250420T065619_R063_T40RBN_20250420T091416,5.11,False,16.466171,1.0,0.12606534063816072,0.17379625514149666,0.2374376282095909,0.3186107501387596,0.42945969104766846,0.04894194006919861,0.08610980212688446,0.1261088103055954,0.1723104566335678,0.22553347945213292,0.1699429452419281,0.2544519901275635,0.3272979259490967,0.4138030707836151,0.4830738604068756,-0.13689985871315002,-0.018726162612438202,0.10346472263336182,0.21662481874227524,0.30715922415256497,0.716446336544925
2025-04-22,S2C_MSIL2A_20250422T064651_R020_T40RBN_20250422T113558,5.11,False,0.617787,0.9717678691463142,0.1157893031835556,0.16612760722637177,0.2487112656235695,0.37637925893068314,0.5360701262950899,0.05138247832655907,0.08591143041849136,0.13216137886047363,0.19187214970588684,0.2582854926586151,0.1443883627653122,0.24684176966547966,0.3208411782979965,0.38906019926071167,0.4461531639099121,-0.31480794250965116,-0.1167469397187233,0.05236443877220154,0.18385715410113335,0.2837905049324036,0.5964952732303436
2025-04-25,S2C_MSIL2A_20250425T065641_R063_T40RBN_20250425T123014,5.11,False,16.674197,1.0,-0.013714730925858015,0.07559865154325962,0.16445595771074295,0.2652081847190857,0.3793092280626297,-0.11625905334949493,-0.04948493838310242,0.039327576756477356,0.11598541587591171,0.17045919597148895,0.13670483231544495,0.26375846564769745,0.38653993606567383,0.47491714358329773,0.5449190855026245,-0.07580848485231399,0.04792750906199217,0.2443273589015007,0.4330306202173233,0.5568562805652617,0.8118604824856225
2025-04-30,S2B_MSIL2A_20250430T065619_R063_T40RBN_20250430T091556,5.11,False,13.321488,1.0,0.12713133692741393,0.18159623071551323,0.2459765523672104,0.3252982199192047,0.4348881900310516,0.04484743997454643,0.08781788498163223,0.1269397735595703,0.17188145220279694,0.22272060811519623,0.15390758067369467,0.2344638556241989,0.3060154914855957,0.3911563903093338,0.47198185324668884,-0.16631276160478592,-0.049406264908611774,0.07349711656570435,0.18959389999508858,0.28582103252410884,0.6591605048920756
2025-05-02,S2C_MSIL2A_20250502T064651_R020_T40RBN_20250502T113729,5.11,False,0.383511,0.9935768167899022,0.12505638599395752,0.1719510778784752,0.2392132580280304,0.32587821781635284,0.43802203238010406,0.03954147547483444,0.07603705674409866,0.11260809004306793,0.15558338165283203,0.20500050485134125,0.18380993604660034,0.25960013270378113,0.3300339877605438,0.4232170879840851,0.5174147486686707,-0.14128711819648743,-0.01969561818987131,0.11324169114232063,0.24101470410823822,0.34896571934223175,0.7178080132300985
2025-05-04,S2A_MSIL2A_20250504T065321_R020_T40RBN_20250504T120407,5.11,False,12.631094,0.9982074837553215,0.11899570152163506,0.16469135880470276,0.23274506628513336,0.3210223466157913,0.43933021128177646,0.03790297806262971,0.07354719191789627,0.11260127648711205,0.16144996881484985,0.21614576429128654,0.21206419169902804,0.2948484718799591,0.3700639307498932,0.4655442237854004,0.5568192601203918,-0.11135107949376105,0.01622359687462449,0.15409013628959656,0.2959095984697342,0.4050755172967911,0.7754208754208755
2025-05-07,S2B_MSIL2A_20250507T064629_R020_T40RBN_20250507T093724,5.11,False,1.630791,1.0,-0.27347261309623716,-0.18772804737091064,-0.04099932499229908,0.12784021347761154,0.33000015914440156,-0.4016655683517456,-0.3070165514945984,-0.1872539073228836,-0.04866635426878929,0.08249067962169641,0.22151295840740204,0.29876427352428436,0.3676910102367401,0.4250776767730713,0.47812840640544885,0.16758631765842438,0.355974406003952,0.5082331001758575,0.6275149285793304,0.7091386437416076,0.9711330196429905
2025-05-12,S2C_MSIL2A_20250512T064641_R020_T40RBN_20250512T122920,5.11,False,0.392844,1.0,0.13136368244886398,0.17720850929617882,0.24904628098011017,0.3412560299038887,0.4587106347084045,0.0493931882083416,0.08086957037448883,0.11932302266359329,0.16296780109405518,0.21049028635025024,0.1426607072353363,0.22468213737010956,0.2896358072757721,0.3533552587032318,0.415454238653183,-0.20674567371606825,-0.07183766551315784,0.0586874857544899,0.16057559847831726,0.2339698851108551,0.628239599671372
2025-05-15,S2C_MSIL2A_20250515T065641_R063_T40RBN_20250515T105417,5.11,False,28.708109,0.9499962655911569,0.13338544070720673,0.17974823713302612,0.23712539672851562,0.3051878362894058,0.39915240406990055,0.04483982175588608,0.08102156966924667,0.11459566652774811,0.15186156332492828,0.19849832355976105,0.1360224187374115,0.21468792855739594,0.28503939509391785,0.35582756996154785,0.4146061837673187,-0.15508390963077545,-0.04912925697863102,0.05812379717826843,0.1550559103488922,0.22765348553657533,0.6446794292228468
2025-05-17,S2A_MSIL2A_20250517T070321_R063_T40RBN_20250517T101216,5.11,False,9.591748,1.0,0.12312694564461708,0.170345276594162,0.22575651854276657,0.29407499730587006,0.38988202214241025,0.042614273726940155,0.08064874820411205,0.11555803567171097,0.15817053616046906,0.20690321922302246,0.1474391371011734,0.22429867088794708,0.2924647927284241,0.37163618206977844,0.4265785813331604,-0.15047311037778854,-0.03875955194234848,0.07733048126101494,0.18271025270223618,0.25882350504398344,0.6785420867876615
2025-05-20,S2B_MSIL2A_20250520T065619_R063_T40RBN_20250520T093936,5.11,False,23.376404,1.0,0.11184196174144745,0.16214772686362267,0.22080671042203903,0.29478006809949875,0.39403210282325746,0.031809087842702866,0.06906717270612717,0.10435619950294495,0.148850928992033,0.1983499526977539,0.15093952268362046,0.23733042180538177,0.3083013892173767,0.38584959506988525,0.44199538230895996,-0.15283486694097517,-0.03476598393172026,0.08880400285124779,0.2027607224881649,0.2861306846141815,0.6888863992829936
2025-05-22,S2C_MSIL2A_20250522T064641_R020_T40RBN_20250522T104312,5.11,False,0.409426,0.9634027933378146,0.11455945894122126,0.15951357409358025,0.2204170525074005,0.2986580654978752,0.40603034794330595,0.003403213899582638,0.038464317098259926,0.07569961994886398,0.1202501654624939,0.1655323579907417,0.23836246132850647,0.3355999290943146,0.41786356270313263,0.5021734237670898,0.5668231785297393,-0.02479965630918741,0.09806167893111706,0.23746352642774582,0.3648866340517998,0.463263601064682,0.8753391735793472
2025-05-24,S2A_MSIL2A_20250524T065321_R020_T40RBN_20250524T092312,5.11,False,0.417891,0.9980207633131676,-0.039032389968633646,0.036390017718076706,0.1277054399251938,0.23051375150680542,0.33857415318489087,-0.1647154539823532,-0.10552956163883209,-0.01701805368065834,0.06910107284784317,0.13157582581043262,0.20470510721206667,0.3011307120323181,0.37774544954299927,0.4552217125892639,0.514872193336487,0.038851577788591385,0.1549292802810669,0.313744455575943,0.464698851108551,0.5689013123512269,0.9326847521047709
2025-05-25,S2C_MSIL2A_20250525T065641_R063_T40RBN_20250525T104813,5.11,False,15.375587,1.0,0.10723508670926095,0.1738470122218132,0.23460570722818375,0.3190876916050911,0.41613300144672394,-0.0036091571673750877,0.053414564579725266,0.09711647778749466,0.14045563712716103,0.18996383249759674,0.10740496218204498,0.20270462334156036,0.27953943610191345,0.34430357813835144,0.3945607841014862,-0.21063817441463467,-0.05371597968041897,0.07267532125115395,0.16451537981629372,0.2391979023814201,0.6604302038987229
2025-05-27,S2B_MSIL2A_20250527T064629_R020_T40RBN_20250527T104922,5.11,False,6.722329,0.9989917096123684,0.15756188333034515,0.20063412934541702,0.266099214553833,0.35061125457286835,0.4566275477409363,0.05489303916692734,0.08802061527967453,0.1275847852230072,0.17115551233291626,0.22206152975559235,0.14769339561462402,0.22969524562358856,0.2950212061405182,0.36361411213874817,0.4343987703323364,-0.16992144286632538,-0.05136759206652641,0.06791381537914276,0.17083561420440674,0.24675273895263672,0.6572464580763336
2025-05-30,S2B_MSIL2A_20250530T065619_R063_T40RBN_20250530T093409,5.11,False,10.047117,0.9994771827619687,0.13465626686811447,0.181623637676239,0.2412029355764389,0.31003956496715546,0.4057782471179962,0.041365645825862885,0.0799998864531517,0.11554273217916489,0.15572717040777206,0.20570586621761322,0.13156521320343018,0.2081352323293686,0.2770519256591797,0.35630013048648834,0.4143869876861572,-0.18985389620065687,-0.07178224623203278,0.0529406052082777,0.16111216694116592,0.24096519649028778,0.6165371394410402
2025-06-01,S2C_MSIL2A_20250601T064641_R020_T40RBN_20250601T110112,5.11,False,0.472507,1.0,0.14317123740911483,0.18380041792988777,0.247331865131855,0.32733675092458725,0.43116282820701596,0.042706535384058976,0.07354062795639038,0.10709011182188988,0.1462002843618393,0.1915161490440368,0.18149909377098083,0.2567250728607178,0.3261471688747406,0.41576674580574036,0.5081255435943604,-0.11986696198582648,-0.007409922895021737,0.11700394749641418,0.24171082675457,0.34307918846607205,0.7366121442975577
2025-06-04,S2C_MSIL2A_20250604T065641_R063_T40RBN_20250604T124713,5.11,False,18.221702,0.9954066771230115,0.13749848008155824,0.18106799572706223,0.24108374118804932,0.3159165233373642,0.4139914631843568,0.035211190581321716,0.06726482138037682,0.1027546375989914,0.1434107944369316,0.18944363296031952,0.1532299667596817,0.24967075884342194,0.32935503125190735,0.4004030227661133,0.45177994370460534,-0.1332303911447525,-0.011654645204544067,0.11086791008710861,0.21803373098373413,0.30108651518821716,0.7305196023260176
2025-06-06,S2A_MSIL2A_20250606T070321_R063_T40RBN_20250606T101213,5.11,False,21.146867,1.0,0.13655628859996796,0.19216648489236832,0.26533961296081543,0.3671756386756897,0.5067423999309539,0.042967900633811965,0.08974016457796097,0.13636340200901031,0.1935165785253048,0.26473562419414504,0.1068105399608612,0.20354186743497849,0.2824980914592743,0.3461267650127411,0.38630715012550354,-0.3181296199560165,-0.13217465206980705,0.023870539851486683,0.13289005309343338,0.20533581376075744,0.5526178205989992
2025-06-09,S2B_MSIL2A_20250609T065619_R063_T40RBN_20250609T091518,5.11,False,22.599857,1.0,0.12724675834178925,0.17457187548279762,0.23383687436580658,0.308235228061676,0.4071179568767547,0.04898260906338692,0.08284329622983932,0.11812825128436089,0.15784266591072083,0.20796507596969604,0.10618665814399719,0.18693503737449646,0.24965684115886688,0.30719566345214844,0.3548211455345154,-0.21928928792476654,-0.09761396609246731,0.01655288878828287,0.10644105076789856,0.16802943050861355,0.5460079169467473
2025-06-11,S2C_MSIL2A_20250611T064641_R020_T40RBN_20250611T123230,5.11,False,0.472286,1.0,0.14061059951782226,0.17857464775443077,0.23597971349954605,0.30811481177806854,0.39783239662647246,0.051394522190093994,0.07902982085943222,0.10980910807847977,0.14353059232234955,0.18199418485164642,0.12104867398738861,0.18986520171165466,0.24658647179603577,0.30504536628723145,0.36093464493751526,-0.17485233694314956,-0.07657214812934399,0.028595049865543842,0.11665861308574677,0.18122471123933792,0.5792814997385913
2025-06-13,S2A_MSIL2A_20250613T065321_R020_T40RBN_20250613T094016,5.11,False,4.591355,1.0,0.13458502292633057,0.17520656064152718,0.241286002099514,0.32452894002199173,0.43350857496261597,0.04827580228447914,0.0789936687797308,0.1178671345114708,0.1605716310441494,0.20850715041160583,0.1365465581417084,0.20703932642936707,0.2635059952735901,0.3303235173225403,0.39790138602256775,-0.21428505033254625,-0.08462985046207905,0.04751721955835819,0.1495138816535473,0.22763662338256835,0.6043020389872283
2025-06-14,S2C_MSIL2A_20250614T065641_R063_T40RBN_20250614T104417,5.11,False,23.340715,1.0,0.1466652661561966,0.19190384075045586,0.25497107207775116,0.33333277702331543,0.44468411207199093,0.04873901605606079,0.08293809369206429,0.1171545460820198,0.15812724828720093,0.20780567824840546,0.13188455998897552,0.20439182221889496,0.2701362669467926,0.34124715626239777,0.40892186760902405,-0.23767601251602172,-0.09916254878044128,0.038242023438215256,0.14964773133397102,0.2335632964968681,0.5802524460377922
2025-06-16,S2B_MSIL2A_20250616T064619_R020_T40RBN_20250616T090449,5.11,False,0.169606,1.0,0.13850979506969452,0.17861628159880638,0.23958805948495865,0.3126223236322403,0.40864408016204834,0.048064038157463074,0.08150973170995712,0.1172763742506504,0.15638291835784912,0.20101377367973328,0.15973914414644247,0.22841456532478333,0.2912357449531555,0.3752916529774666,0.46675342321395874,-0.1397723689675331,-0.04106848128139973,0.07357578724622726,0.18861211463809013,0.28605756163597107,0.6676376129658675
2025-06-19,S2B_MSIL2A_20250619T065619_R063_T40RBN_20250619T092316,5.11,False,20.048949,1.0,0.1273741364479065,0.17938578501343727,0.24499545246362686,0.3254876062273979,0.43526196479797363,0.03542003408074379,0.07096091657876968,0.10610911250114441,0.15078644454479218,0.20527872443199158,0.16316603124141693,0.2551770508289337,0.3290090411901474,0.406517893075943,0.4762326180934906,-0.17444077879190442,-0.03706894721835852,0.10073436051607132,0.2228790931403637,0.3134977757930756,0.6928822167450892
2025-06-21,S2C_MSIL2A_20250621T064641_R020_T40RBN_20250621T104221,5.11,False,13.424541,0.9956307416535962,0.1380469799041748,0.1794341802597046,0.24511244893074036,0.32564783096313477,0.4304223358631134,0.047320276498794556,0.07626360654830933,0.11070708185434341,0.14967282116413116,0.19275596737861633,0.11954163014888763,0.19732078909873962,0.25506168603897095,0.30254894495010376,0.3381969630718231,-0.19700507819652557,-0.07977902889251709,0.03448263183236122,0.11882352083921432,0.1779714971780777,0.5889126439368366
2025-06-24,S2C_MSIL2A_20250624T065641_R063_T40RBN_20250624T103517,5.11,False,13.75446,0.9684815893644036,0.15008286833763124,0.1986449919641018,0.2647054195404053,0.34871015697717667,0.46000998020172124,0.04840236604213714,0.08300166577100754,0.1177753135561943,0.15857577323913574,0.2035430669784546,0.08825979381799698,0.16170120239257812,0.22107236087322235,0.27851320058107376,0.3195188343524933,-0.3317170709371567,-0.16944057121872902,-0.01926413457840681,0.08691118657588959,0.16300155371427535,0.4552325133029999
2025-06-26,S2B_MSIL2A_20250626T064629_R020_T40RBN_20250626T090740,5.11,False,8.449735,0.0,,,,,,,,,,,,,,,,,,,,,
2025-07-01,S2C_MSIL2A_20250701T064651_R020_T40RBN_20250701T120318,5.11,False,4.938127,1.0,0.14859187453985215,0.19627271220088005,0.27137140929698944,0.36555609107017517,0.48828649818897246,0.04271822534501555,0.0764886811375618,0.11476419121026993,0.1621667593717575,0.21665214002132416,0.17651236057281494,0.2537822425365448,0.3206370174884796,0.40643468499183655,0.4786314070224762,-0.23921756595373153,-0.07576586306095123,0.08918534591794014,0.2206881009042263,0.3232860237359999,0.6479572783628351
2025-07-03,S2A_MSIL2A_20250703T065321_R020_T40RBN_20250703T093818,5.11,False,16.648348,1.0,0.13971726596355438,0.18384108692407608,0.253181129693985,0.33867184072732925,0.44648995697498317,0.0420409567654133,0.07382088154554367,0.1122925877571106,0.15560463070869446,0.20583494007587433,0.19980214536190033,0.2861730754375458,0.3541463315486908,0.43931863456964493,0.5127068161964417,-0.12521977722644806,0.00386465439805761,0.13940618932247162,0.25912044942379,0.35013316571712494,0.7550227798939428
2025-07-09,S2B_MSIL2A_20250709T065629_R063_T40RBN_20250709T105847,5.11,False,26.525041,1.0,0.13927805423736572,0.18642470613121986,0.2554024010896683,0.3363552391529083,0.44279210865497587,0.05813051015138626,0.09133992344141006,0.1274152547121048,0.17116251587867737,0.22137042880058289,0.0978807583451271,0.1695648729801178,0.22335422039031982,0.27530989050865173,0.3162844508886337,-0.311355048418045,-0.16960136964917183,-0.026214051991701126,0.07473383098840714,0.14335018694400783,0.4367391141982224
2025-07-11,S2C_MSIL2A_20250711T064651_R020_T40RBN_20250711T122306,5.11,False,37.233981,1.0,0.14030777662992477,0.18230663612484932,0.24868061393499374,0.3292154222726822,0.42549580335617065,0.05626336485147476,0.08527117781341076,0.11888492107391357,0.1570402979850769,0.19959145784378052,0.12577685713768005,0.19428378343582153,0.2470121830701828,0.30210545659065247,0.3581728935241699,-0.2235700473189354,-0.1076445858925581,0.015963371843099594,0.10881423205137253,0.178939151763916,0.5382030024647099
2025-07-16,S2A_MSIL2A_20250716T070321_R063_T40RBN_20250716T095717,5.11,False,14.140143,1.0,0.11622677519917488,0.15317723155021667,0.1950095295906067,0.23857468366622925,0.2841539949178695,0.05468900501728058,0.08288239687681198,0.10901514813303947,0.13410742953419685,0.16101999580860138,0.149626687169075,0.2046741247177124,0.2588670253753662,0.3211638629436493,0.368346244096756,-0.07212675735354424,-0.012545101810246706,0.06356946006417274,0.13911237940192223,0.19477189779281612,0.7101725296885503
2025-07-19,S2B_MSIL2A_20250719T065629_R063_T40RBN_20250719T094248,5.11,False,9.336203,1.0,0.11736607477068901,0.1529603749513626,0.20107613503932953,0.2517723962664604,0.3062398552894592,0.06367389857769012,0.08954329043626785,0.11650628596544266,0.14466293156147003,0.1729295402765274,0.11361178755760193,0.1732097864151001,0.21900345385074615,0.266134649515152,0.29662249982357025,-0.12356580644845962,-0.054768952541053295,0.017110202461481094,0.07655570842325687,0.11982434019446372,0.5692359399507058
2025-07-21,S2C_MSIL2A_20250721T064651_R020_T40RBN_20250721T120716,5.11,False,2.552815,0.9995892150272612,0.13906652629375457,0.178863063454628,0.24051427841186523,0.3106907606124878,0.3912280857563019,0.05375761166214943,0.08128102123737335,0.11408570408821106,0.14884737133979797,0.18333934247493744,0.09567076712846756,0.1647115796804428,0.21910850703716278,0.264617383480072,0.29571056365966797,-0.20828027427196502,-0.11100476235151291,-0.007674597669392824,0.06763570755720139,0.12499537765979772,0.47379235625957333
2025-07-24,S2C_MSIL2A_20250724T065641_R063_T40RBN_20250724T121616,5.11,False,36.659575,1.0,0.16913866400718688,0.21807707846164703,0.28967978060245514,0.3760266602039337,0.49311421513557424,0.06092150881886482,0.0959271490573883,0.13307596743106842,0.17827720940113068,0.23434582352638245,0.10249695181846619,0.18617863580584526,0.25223395228385925,0.3144419491291046,0.36988434195518494,-0.30541296601295465,-0.16062238812446594,-0.013103440403938293,0.0933588519692421,0.16801739186048503,0.46915378295615806
2025-07-26,S2B_MSIL2A_20250726T064629_R020_T40RBN_20250726T090550,5.11,False,5.921351,1.0,0.14612279683351517,0.1900882087647915,0.2603806406259537,0.3417266383767128,0.435166534781456,0.05298088118433952,0.08450213819742203,0.12071352452039719,0.1609961912035942,0.20335781574249268,0.140508234500885,0.20780842006206512,0.2650343179702759,0.32886481285095215,0.3999935477972029,-0.21200876235961913,-0.09074815176427364,0.03837045840919018,0.13933929800987244,0.21683480441570277,0.5849578011800732
2025-07-29,S2B_MSIL2A_20250729T065619_R063_T40RBN_20250729T093517,5.11,False,27.947697,1.0,0.13771357536315917,0.1802823692560196,0.23831702023744583,0.29796235263347626,0.3719064712524414,0.04853563383221626,0.0801626667380333,0.11062344908714294,0.1435011476278305,0.18024905174970626,0.1322653591632843,0.1935950070619583,0.24776525795459747,0.3150310814380646,0.3727300465106964,-0.16582146883010865,-0.07004540972411633,0.03602214530110359,0.12975263223052025,0.20010479539632792,0.5933228769885727
2025-07-31,S2C_MSIL2A_20250731T064801_R020_T40RBN_20250731T115012,5.11,False,29.629859,0.9283366943012921,0.15629712045192717,0.19309436529874802,0.25382450222969055,0.32241347432136536,0.40339468121528627,0.057487670332193375,0.0838618129491806,0.11342637240886688,0.1496434360742569,0.19150992929935456,0.14322896301746368,0.21182502806186676,0.26583826541900635,0.3268578201532364,0.37663877010345465,-0.1445301055908203,-0.05085272714495659,0.04683934524655342,0.13207515329122543,0.19606674611568456,0.633854941872159
2025-08-03,S2C_MSIL2A_20250803T065641_R063_T40RBN_20250803T123104,5.11,False,5.770466,1.0,0.16051394939422609,0.21142597123980522,0.28235475718975067,0.3634885475039482,0.46308226287364956,0.06711149215698242,0.10091188549995422,0.13681773841381073,0.1773962378501892,0.2291662096977234,0.08495932668447498,0.1606113538146019,0.22030749917030334,0.2684633210301399,0.30006468296051025,-0.3042788952589035,-0.17579060420393944,-0.04815405607223511,0.04160992614924908,0.10415958017110824,0.3639554858465905
2025-08-05,S2A_MSIL2A_20250805T070321_R063_T40RBN_20250805T095358,5.11,False,7.286979,1.0,0.14389931559562683,0.19142332673072815,0.25349706411361694,0.3216107413172722,0.406238779425621,0.06510892510414124,0.0995852891355753,0.13474814593791962,0.1739920675754547,0.21739086508750916,0.0804956428706646,0.15049995481967926,0.20525413751602173,0.2553984522819519,0.28638999462127684,-0.26506100296974183,-0.1518883928656578,-0.03984386846423149,0.044463821686804295,0.10575455129146573,0.3829262827694376
2025-08-08,S2B_MSIL2A_20250808T065619_R063_T40RBN_20250808T091722,5.11,False,9.315836,0.750280080663231,0.13864490389823914,0.17851108312606812,0.23392458260059357,0.29748858511447906,0.38121458888053894,0.06148194894194603,0.09213604032993317,0.12123334407806396,0.16035455465316772,0.19893677532672882,0.08426216244697571,0.15487030148506165,0.20609010756015778,0.2549797594547272,0.30070585012435913,-0.22702042758464813,-0.12865708023309708,-0.01757178269326687,0.06587747111916542,0.12361594289541245,0.4480613209894978
2025-08-12,S2A_MSIL2A_20250812T065321_R020_T40RBN_20250812T093816,5.11,False,0.367527,1.0,0.1433735117316246,0.1878705993294716,0.25591492652893066,0.3305513709783554,0.4195194602012634,0.0536176860332489,0.0859395656734705,0.11997625976800919,0.15822100639343262,0.20042195916175842,0.13367465138435364,0.20379677414894104,0.2600153088569641,0.32806405425071716,0.4012211859226227,-0.19548999965190886,-0.08568571135401726,0.03679194860160351,0.1369607076048851,0.2153125390410423,0.584248263499888
2025-08-13,S2C_MSIL2A_20250813T065641_R063_T40RBN_20250813T123818,5.11,False,9.448838,1.0,0.15150984674692156,0.20568567886948586,0.2778785973787308,0.3568851351737976,0.45852867662906643,0.051893334835767746,0.08874078094959259,0.12312207370996475,0.16467345133423805,0.21209774911403656,0.12095684558153152,0.19524319469928741,0.26076778769493103,0.3345204293727875,0.4046839773654938,-0.25392046868801116,-0.12213143706321716,0.014014274813234806,0.12377898022532463,0.20558371394872665,0.5309209052207036
2025-08-23,S2C_MSIL2A_20250823T065641_R063_T40RBN_20250823T123814,5.11,False,3.210261,1.0,0.15810393840074538,0.20693502947688103,0.27052250504493713,0.3377559408545494,0.4158437848091125,0.06277049332857132,0.09452048689126968,0.12394329905509949,0.15832075476646423,0.1955050960183142,0.10493192225694657,0.16686202585697174,0.22309061884880066,0.2806239128112793,0.32853224873542786,-0.2594121277332306,-0.1445787362754345,-0.022996225394308567,0.07016490213572979,0.138465279340744,0.4380088132048697
2025-08-28,S2B_MSIL2A_20250828T065619_R063_T40RBN_20250828T091523,5.11,False,1.156016,1.0,0.16506404429674149,0.21913357079029083,0.29397721588611603,0.3777560517191887,0.4731646955013275,0.06656090542674066,0.10327061265707016,0.14194466173648834,0.18797922879457474,0.2408653527498245,0.11531729251146317,0.1944190263748169,0.25226593017578125,0.3194338083267212,0.383552223443985,-0.3047846257686615,-0.1650061011314392,-0.01847736071795225,0.09323235228657722,0.17871656417846676,0.4577638359847636
2025-08-30,S2C_MSIL2A_20250830T064751_R020_T40RBN_20250830T111713,5.11,False,33.719116,0.0,,,,,,,,,,,,,,,,,,,,,
2025-09-01,S2A_MSIL2A_20250901T065321_R020_T40RBN_20250901T092758,5.11,False,0.497595,1.0,0.16365624964237213,0.2069193832576275,0.27080389857292175,0.3419250547885895,0.42603800296783445,0.06604921072721481,0.09909999370574951,0.1349228173494339,0.1739538460969925,0.21416793763637543,0.10217736661434174,0.17560777440667152,0.22973110526800156,0.27505090087652206,0.30584147572517395,-0.2332980841398239,-0.1287747658789158,-0.020361050963401794,0.060067216865718365,0.12087130844593048,0.43756068414370003
2025-09-02,S2C_MSIL2A_20250902T065641_R063_T40RBN_20250902T120117,5.11,False,2.346865,1.0,0.16981932371854783,0.211317241191864,0.26513533294200897,0.32187962532043457,0.3864018887281418,0.06134241446852684,0.09237859398126602,0.12238681316375732,0.15420760214328766,0.18862319439649575,0.09342663735151291,0.1588544249534607,0.2139512598514557,0.26455068588256836,0.29772563576698297,-0.18413304686546325,-0.09968182072043419,-0.01100725308060646,0.05753720924258232,0.10936496034264565,0.46123683620882816
2025-09-04,S2B_MSIL2A_20250904T064619_R020_T40RBN_20250904T093127,5.11,False,0.630256,1.0,0.15942996442317964,0.20473939180374146,0.27209679782390594,0.34881574660539627,0.43741463124752045,0.06278705596923828,0.0973324328660965,0.13517965376377106,0.17611713707447052,0.2210933119058609,0.09148674458265305,0.1728392094373703,0.23171548545360565,0.27997443079948425,0.31376734375953674,-0.2555251985788345,-0.13788265362381935,-0.019763335585594177,0.06651215814054012,0.13234362751245496,0.4442079318843827
2025-09-12,S2C_MSIL2A_20250912T065631_R063_T40RBN_20250912T123217,5.11,False,1.068619,1.0,0.1602950319647789,0.2051076926290989,0.2731548547744751,0.34726402908563614,0.43114131689071655,0.06814850121736526,0.10479780286550522,0.1403346061706543,0.18252060934901237,0.22910743951797485,0.12615083158016213,0.2040553241968155,0.2660575807094574,0.33667466044425964,0.401425302028656,-0.22303180396556854,-0.10946012288331985,0.011602648999541998,0.11293810792267323,0.194392791390419,0.5298379266562103
2025-09-14,S2A_MSIL2A_20250914T070321_R063_T40RBN_20250914T095614,5.11,False,1.416195,1.0,0.16050200760364533,0.20694883540272713,0.27415502071380615,0.3526373505592346,0.4494658410549163,0.0820469781756401,0.11735689081251621,0.1552855223417282,0.1991918385028839,0.24823150038719177,0.1009998470544815,0.1799146682024002,0.23812855780124664,0.2876121997833252,0.32022759318351746,-0.2793823808431625,-0.15498271584510803,-0.03120778687298298,0.05907792877405882,0.12641820460557934,0.4141459406975876
2025-09-17,S2B_MSIL2A_20250917T065619_R063_T40RBN_20250917T110304,5.11,False,2.653935,1.0,0.15182186514139176,0.1991242915391922,0.2629072368144989,0.3316682279109955,0.4120835870504379,0.0665760263800621,0.10485327616333961,0.14188982546329498,0.18020546436309814,0.22308217436075198,0.08479755520820619,0.16422151029109955,0.22599083185195923,0.2752537727355957,0.3097819685935974,-0.21183844357728956,-0.11350786127150059,-0.015345641877502203,0.05994701385498047,0.12278019040822982,0.4492120397341101
2025-09-19,S2C_MSIL2A_20250919T064641_R020_T40RBN_20250919T120314,5.11,False,12.415701,0.9977593546941519,0.16636034846305847,0.20298577845096588,0.255627304315567,0.3132428228855133,0.37501494288444515,0.06815924271941186,0.10162203013896942,0.13191990554332733,0.16267184913158417,0.19494612514972687,0.10376234352588654,0.16948841512203217,0.22703662514686584,0.27597974985837936,0.32176398932933803,-0.153128519654274,-0.08471619337797165,-0.009441934060305357,0.05759253911674023,0.12077495977282522,0.46388202709783666
2025-09-21,S2A_MSIL2A_20250921T065321_R020_T40RBN_20250921T091818,5.11,False,11.35748,1.0,0.16986094117164613,0.21365027129650116,0.27900201082229614,0.35381555557250977,0.437707170844078,0.06698410212993622,0.10548625141382217,0.14452771097421646,0.18676844984292984,0.22938843071460724,0.11961036920547485,0.20034299790859222,0.261500746011734,0.3262527510523796,0.38660364151000937,-0.19874268025159836,-0.09868468716740608,0.0086017781868577,0.10254986770451069,0.17510005980730053,0.5237134961535589
2025-09-22,S2C_MSIL2A_20250922T065631_R063_T40RBN_20250922T123214,5.11,False,25.65434,0.0,,,,,,,,,,,,,,,,,,,,,
2025-09-24,S2B_MSIL2A_20250924T064629_R020_T40RBN_20250924T092803,5.11,False,0.578174,0.9959668384494734,0.1699646830558777,0.21061917394399643,0.26977765560150146,0.3409062996506691,0.4188262015581131,0.06335458159446716,0.09821412712335587,0.13390926271677017,0.1707230806350708,0.21032178401947021,0.14294019341468814,0.21850387752056122,0.2825123071670532,0.35752609372138977,0.42612307071685795,-0.13302318453788756,-0.04312662314623594,0.05967944860458374,0.1537420079112053,0.2300650849938394,0.6565054368203974
2025-09-27,S2B_MSIL2A_20250927T065619_R063_T40RBN_20250927T105714,5.11,False,0.431902,1.0,0.17618690580129626,0.22258102521300316,0.29077744483947754,0.36669638007879257,0.45792330801486963,0.06955401599407197,0.10757974162697792,0.14831721037626266,0.1922924816608429,0.2417905479669571,0.12657949328422546,0.208063542842865,0.2718764841556549,0.3356609344482422,0.3829355835914612,-0.1997032105922699,-0.09493232890963554,0.015062869526445866,0.1007407158613205,0.1721293449401855,0.5416013145119127
2025-09-29,S2C_MSIL2A_20250929T064711_R020_T40RBN_20250929T124219,5.11,False,12.475578,1.0,0.181626994907856,0.22108064219355583,0.27989397943019867,0.350157767534256,0.4294892132282257,0.07029457837343216,0.10425299219787121,0.13733826577663422,0.1728655993938446,0.2102075219154358,0.1111150294542313,0.18469080328941345,0.24266211688518524,0.29070553183555603,0.32602722644805904,-0.18699202090501785,-0.10229410603642464,-0.008557910565286875,0.06413349136710167,0.12360365316271782,0.47199193367689896
2025-10-02,S2C_MSIL2A_20251002T065731_R063_T40RBN_20251002T123514,5.11,False,0.237997,1.0,0.1666663482785225,0.21767666563391685,0.27875520288944244,0.35405324399471283,0.44425466358661647,0.0497591905295849,0.09193629026412964,0.13209527730941772,0.1724020540714264,0.21999450027942657,0.10846444219350815,0.1952396184206009,0.2663806974887848,0.32407301664352417,0.3687632381916046,-0.18566020429134367,-0.07474664226174355,0.028951384127140045,0.1119711697101593,0.19738910943269722,0.5816715213981627
2025-10-04,S2A_MSIL2A_20251004T070321_R063_T40RBN_20251004T100219,5.11,False,0.122764,1.0,0.17326909750699998,0.22431443259119987,0.2894348204135895,0.3676099255681038,0.46607266962528227,0.06666654348373413,0.1098107397556305,0.15170249342918396,0.19593575596809387,0.24759505689144135,0.10389333963394165,0.1958959884941578,0.2653522789478302,0.3240509629249573,0.3706340193748474,-0.21297471225261688,-0.09611235000193119,0.016395472921431065,0.10167226381599903,0.17562272548675528,0.5441407125252072
2025-10-07,S2B_MSIL2A_20251007T065659_R063_T40RBN_20251007T093140,5.11,False,0.108405,1.0,0.18806617259979247,0.2386086918413639,0.31337323784828186,0.401484452188015,0.510294359922409,0.07466578483581543,0.11703645437955856,0.15968579798936844,0.20829574763774872,0.2631843954324722,0.1144681550562382,0.20721451938152313,0.28001466393470764,0.3486851528286934,0.4104419946670532,-0.2542934328317642,-0.12686780095100403,0.004126086365431547,0.10935696959495544,0.19028383046388625,0.509970871611024
2025-10-09,S2C_MSIL2A_20251009T065141_R020_T40RBN_20251009T141017,5.11,False,0.670926,1.0,0.18119305074214936,0.22167600318789482,0.2849075049161911,0.3604646921157837,0.4437762707471847,0.06954427063465118,0.1054067313671112,0.1419181078672409,0.1804424524307251,0.2211382240056991,0.13220039010047913,0.2117573469877243,0.2753949463367462,0.34563755989074707,0.40511512756347656,-0.18276187926530837,-0.08691795542836189,0.02156758401542902,0.11364731565117836,0.1863779067993164,0.559041003809097
2025-10-11,S2A_MSIL2A_20251011T065321_R020_T40RBN_20251011T095303,5.11,False,3.836748,1.0,0.1823321223258972,0.22422542795538902,0.29116979241371155,0.36680445820093155,0.4511731147766113,0.07993878424167633,0.11792735010385513,0.16091083735227585,0.20460407435894012,0.2524477243423462,0.13375957310199743,0.2144806645810604,0.2756311893463135,0.3292027711868286,0.37616586685180664,-0.18149593919515608,-0.0947975181043148,-0.0027165719075128436,0.07361385971307755,0.1366064667701721,0.4912241392187617
2025-10-12,S2C_MSIL2A_20251012T065841_R063_T40RBN_20251012T122818,5.11,False,1.27905,0.9876764508178355,0.18104149848222734,0.22705604135990143,0.29583968222141266,0.373115710914135,0.46726096272468565,0.08071266263723376,0.11995752155780792,0.15807293355464935,0.20070543512701988,0.24979763776063918,0.11195556819438934,0.19053037092089653,0.25673140585422516,0.30739641189575195,0.34809041917324063,-0.23382969945669174,-0.1349627673625946,-0.02838844433426857,0.05245772656053305,0.12061469182372092,0.41250756200846944
2025-10-14,S2B_MSIL2A_20251014T064739_R020_T40RBN_20251014T090606,5.11,False,0.329852,1.0,0.1668630689382553,0.20996521413326263,0.2705693691968918,0.3412703350186348,0.42325618267059323,0.07550837844610214,0.11428469978272915,0.1532255858182907,0.1928228735923767,0.23407234251499176,0.123326625674963,0.1960032433271408,0.2580515444278717,0.3074910342693329,0.3509308993816376,-0.16992646902799605,-0.08591055497527122,0.002015105332247913,0.07333891093730927,0.14047347158193588,0.5073194413324371
2025-10-17,S2B_MSIL2A_20251017T065809_R063_T40RBN_20251017T093000,5.11,False,0.515869,1.0,0.09573345929384235,0.18644560500979424,0.2542057931423187,0.34364406764507294,0.44279099404811856,-0.01493674423545599,0.06045818701386452,0.12067750841379166,0.18005108833312988,0.23705120384693146,0.11226482689380646,0.21177704632282257,0.28808215260505676,0.35082751512527466,0.41198691725730896,-0.16726021915674208,-0.048248887062072754,0.06104305759072304,0.1836080364882946,0.31951513588428493,0.6449324071999403
2025-10-19,S2C_MSIL2A_20251019T064921_R020_T40RBN_20251019T134820,5.11,False,3.735694,1.0,0.1701202630996704,0.21906320378184319,0.2821531295776367,0.3569720908999443,0.44313997924327847,0.06461957842111588,0.10440821945667267,0.14444808661937714,0.18793687224388123,0.2321879267692566,0.1109137088060379,0.19692176952958107,0.2695423364639282,0.32927002012729645,0.3800363838672638,-0.17926758527755737,-0.08347431011497974,0.012454684358090162,0.09234278276562691,0.16939623057842254,0.5369706475464934
2025-10-22,S2C_MSIL2A_20251022T065941_R063_T40RBN_20251022T121815,5.11,False,0.131771,1.0,0.17851342856884003,0.23408078774809837,0.30728980898857117,0.39437250792980194,0.4997922599315643,0.06982486695051193,0.11187288910150528,0.1521415263414383,0.19810350239276886,0.24841973185539246,0.11983842924237252,0.20797786116600037,0.2816714346408844,0.34889158606529236,0.4033164978027344,-0.23070208877325057,-0.11062535643577576,0.010134507901966572,0.10459817387163639,0.18626730442047118,0.525580700575099
2025-10-24,S2A_MSIL2A_20251024T070321_R063_T40RBN_20251024T101117,5.11,False,0.265461,1.0,0.18445947617292405,0.23605243861675262,0.30423958599567413,0.3837188854813576,0.4850444883108138,0.07891152575612069,0.12361439317464828,0.16817455738782883,0.21409782767295837,0.26487216353416443,0.13290002942085266,0.21987582743167877,0.2886974364519119,0.3495669364929199,0.40103513598442075,-0.19271704405546186,-0.09016073867678642,0.015626948792487383,0.10152591951191425,0.17651955634355546,0.5458585405930241
2025-10-27,S2B_MSIL2A_20251027T065909_R063_T40RBN_20251027T094229,5.11,False,3.934383,1.0,0.18160791099071505,0.22677282989025116,0.2857136130332947,0.35330259054899216,0.43438087701797484,0.07730566263198853,0.11943085119128227,0.1589144468307495,0.1979145109653473,0.23891030251979828,0.12797542810440068,0.20107685029506683,0.26517513394355774,0.3188795745372772,0.3702700436115265,-0.1465911403298378,-0.07122011482715607,0.006470670225098729,0.07581852748990059,0.15258643627166737,0.5231533348270969
2025-10-29,S2C_MSIL2A_20251029T065021_R020_T40RBN_20251029T095012,5.11,False,0.507498,1.0,0.18756509572267535,0.2304072305560112,0.2904588580131531,0.36010217666625977,0.44346171617507935,0.08295693248510361,0.12074790149927139,0.15724977850914001,0.19496580958366394,0.23472202271223067,0.11276870965957642,0.18600402772426605,0.24760890007019043,0.29715368151664734,0.3427299112081527,-0.18618010878562927,-0.11037423647940159,-0.02792033739387989,0.04249959718436003,0.10741027221083639,0.39775188587646576
2025-10-31,S2A_MSIL2A_20251031T065321_R020_T40RBN_20251031T093101,5.11,False,0.212717,1.0,0.08179880008101464,0.18151544779539108,0.2521310895681381,0.3486304208636284,0.45611104369163513,-0.03196106106042862,0.049141861498355865,0.11496987193822861,0.17693260312080383,0.23239511251449585,0.16835537552833557,0.2687619924545288,0.35979287326335907,0.44427308440208435,0.5160709619522095,-0.10126433521509168,0.008365477435290813,0.13374260812997818,0.2998768463730812,0.44251531064510347,0.7656658450967212
2025-11-01,S2C_MSIL2A_20251101T070041_R063_T40RBN_20251101T100517,5.11,False,0.104862,1.0,-0.08825340494513512,0.027512192726135254,0.1717701405286789,0.30516214668750763,0.4324763536453247,-0.21873082220554352,-0.14030343294143677,-0.024326559156179428,0.1058444082736969,0.18225431442260742,0.23567028343677524,0.3768177926540375,0.4925505816936493,0.5842200517654419,0.6676233768463135,-0.0049253912176936785,0.17382138222455978,0.4589059203863144,0.6426882594823837,0.7445480406284332,0.8952124878631713
2025-11-03,S2B_MSIL2A_20251103T064939_R020_T40RBN_20251103T091735,5.11,False,14.238209,0.6476958697438195,-0.27238998413085935,-0.15886488184332848,0.06642734631896019,0.28282199800014496,0.4357366472482681,-0.42775797843933105,-0.31687402725219727,-0.11564360186457634,0.08004842698574066,0.17906834185123444,0.253920266032219,0.39088812470436096,0.48160064220428467,0.5533037185668945,0.6360848367214204,0.03236592151224613,0.255110502243042,0.5341708064079285,0.726664736866951,0.8247831165790558,0.922739852398524
2025-11-06,S2B_MSIL2A_20251106T065959_R063_T40RBN_20251106T091718,5.11,False,1.026507,1.0,0.01552728665992618,0.08354872651398182,0.1653454825282097,0.2550053671002388,0.3268318116664886,-0.0982058197259903,-0.04499886371195316,0.029026459902524948,0.10336150228977203,0.15517264902591701,0.1656438261270523,0.23265912756323814,0.2961758077144623,0.35328106582164764,0.39282462000846863,-0.0064221024513244586,0.0745000597089529,0.1795807033777237,0.28981608897447586,0.38275415897369386,0.8916274553738143
2025-11-08,S2C_MSIL2A_20251108T065121_R020_T40RBN_20251108T102412,5.11,False,0.625784,1.0,0.1730015382170677,0.2124866358935833,0.26669448614120483,0.33060652017593384,0.4044174939393997,0.07270637899637222,0.10540609620511532,0.13917455077171326,0.17307351529598236,0.20887991786003113,0.12710296213626862,0.19667188823223114,0.25315994024276733,0.3017961084842682,0.3372109830379486,-0.15601425915956496,-0.07754205726087093,0.008961481042206287,0.07845110632479191,0.1351177170872688,0.5296138621256256
2025-11-11,S2C_MSIL2A_20251111T070131_R063_T40RBN_20251111T095810,5.11,False,1.306348,1.0,0.19666903614997863,0.24528560787439346,0.3169070929288864,0.4007672443985939,0.5050498306751251,0.08501301482319833,0.12636271119117737,0.17011801898479462,0.21751293540000916,0.26769926249980913,0.1352097988128662,0.21467794477939606,0.27692803740501404,0.32659998536109924,0.37871537208557127,-0.23816634565591813,-0.13152427226305008,-0.018776817247271538,0.0657546017318964,0.14225789606571196,0.44581372768690714
2025-11-13,S2A_MSIL2A_20251113T070321_R063_T40RBN_20251113T102115,5.11,False,0.249885,1.0,0.1753014773130417,0.2271900437772274,0.2929154485464096,0.37276798486709595,0.4737594962120056,0.07715243846178055,0.12261781096458435,0.1685430407524109,0.21530360728502274,0.26666611433029175,0.13802504539489746,0.2260252982378006,0.2987290620803833,0.35949305444955826,0.4131617546081543,-0.1812646225094795,-0.07800661027431488,0.025551081635057926,0.11255320347845554,0.19772113263607022,0.5734931660318172
2025-11-16,S2B_MSIL2A_20251116T070049_R063_T40RBN_20251116T093756,5.11,False,2.535404,1.0,-0.09129544422030449,0.014892233302816749,0.15794143080711365,0.2881535589694977,0.4050878882408141,-0.23024001717567444,-0.14307772740721703,-0.02252364717423916,0.11945128440856934,0.19340084493160248,0.22788868844509125,0.37474140524864197,0.5126338601112366,0.6021850109100342,0.6842055320739746,-0.017068709805607797,0.19064722210168839,0.5040062665939331,0.6803618669509888,0.7750031590461731,0.8824034655314064
2025-11-18,S2C_MSIL2A_20251118T065201_R020_T40RBN_20251118T093919,5.11,False,8.424352,0.9780416760026888,0.012742994632571938,0.13151373714208603,0.22946234047412872,0.34816867113113403,0.46001500189304356,-0.12599342167377472,-0.027568815276026726,0.07692292705178261,0.16475269198417664,0.22826986014842987,0.19918076694011688,0.31274399161338806,0.41505375504493713,0.5058546662330627,0.5790894627571106,-0.08127276599407196,0.028603526297956705,0.24217431247234344,0.4745793044567108,0.6196585655212403,0.7921344024436808
2025-11-20,S2A_MSIL2A_20251120T065321_R020_T40RBN_20251120T091111,5.11,False,0.253024,1.0,0.0706245131790638,0.17174151167273521,0.2369578257203102,0.32623259723186493,0.4090955078601837,-0.0443662665784359,0.03865063935518265,0.10886884480714798,0.17215564846992493,0.22458581626415253,0.20173721909523012,0.29019860178232193,0.3768635392189026,0.4572474956512451,0.5406810641288757,-0.04067392349243164,0.04474728275090456,0.16968626528978348,0.36417608708143234,0.5285695075988769,0.8443871835088506
2025-11-21,S2C_MSIL2A_20251121T070221_R063_T40RBN_20251121T095012,5.11,False,0.251337,1.0,0.011007122416049243,0.14389267563819885,0.24314985424280167,0.3612806349992752,0.4856753170490265,-0.12205500900745392,-0.020248621702194214,0.08091858774423599,0.16305435821413994,0.22701628506183624,0.21222226321697235,0.3233577013015747,0.433219313621521,0.5231116414070129,0.6082631349563599,-0.08117027953267095,0.047668760642409325,0.23587315529584885,0.48328497260808945,0.642771029472351,0.8207857196205841
2025-11-23,S2B_MSIL2A_20251123T065109_R020_T40RBN_20251123T084351,5.11,False,0.507043,1.0,0.164437572658062,0.2115565538406372,0.2741701900959015,0.3530699387192726,0.44650095403194423,0.07213004380464556,0.11520864069461823,0.15779705345630646,0.20358582213521004,0.2516866624355316,0.14170770347118378,0.21935709938406944,0.28743624687194824,0.3430491089820862,0.39158159494400024,-0.15176265239715575,-0.06126951985061169,0.02965498622506857,0.10637510940432549,0.18812083601951599,0.5937710060497423
2025-11-26,S2B_MSIL2A_20251126T070129_R063_T40RBN_20251126T091205,5.11,False,2.418437,1.0,0.1954910323023796,0.24664269387722015,0.32175853848457336,0.4134637787938118,0.5278836905956268,0.09196165204048157,0.1379977986216545,0.18755553662776947,0.2410380244255066,0.2973129749298094,0.14769147336483002,0.2338826209306717,0.30481693148612976,0.36317405104637146,0.42054545879364014,-0.22265996485948564,-0.11077126488089561,0.005063451360911131,0.09328812547028065,0.1750351965427398,0.5133691836582269
2025-11-28,S2C_MSIL2A_20251128T065241_R020_T40RBN_20251128T102011,5.11,False,0.532007,1.0,0.19019962549209596,0.2386995069682598,0.3062025457620621,0.390051431953907,0.4875582903623581,0.08625934273004532,0.12904170528054237,0.1729530543088913,0.21920712292194366,0.26653497517108915,0.1470423936843872,0.22959954664111137,0.3047511577606201,0.368379607796669,0.4251861274242401,-0.16827881187200547,-0.07961778156459332,0.013885787688195705,0.09430767968297005,0.17767662107944487,0.5436552393756069
2025-12-01,S2C_MSIL2A_20251201T070251_R063_T40RBN_20251201T102116,5.11,False,20.95197,1.0,-0.2801312476396561,-0.1897190511226654,-0.03883124142885208,0.127134520560503,0.28422513604164124,-0.392892062664032,-0.28283949196338654,-0.15311455726623535,-0.013043435290455818,0.10364468395709991,0.37687811255455017,0.43718990683555603,0.4786549210548401,0.5083369612693787,0.5405616760253906,0.3333315759897232,0.4920693561434746,0.623598039150238,0.7250054329633713,0.790926992893219,0.9867801926954963
2025-12-03,S2A_MSIL2A_20251203T070321_R063_T40RBN_20251203T095812,5.11,False,0.536664,1.0,-0.634454333782196,-0.425972081720829,-0.10297414287924767,0.2514422535896301,0.5369333624839783,-0.7012672841548918,-0.47396615147590637,-0.18730056285858154,0.06417813897132874,0.2511521697044372,0.1281730979681015,0.3214244842529297,0.44350042939186096,0.5111353993415833,0.5475416779518127,0.1783029466867447,0.44210275262594223,0.6469155550003052,0.7911005020141602,0.8676688313484192,0.9552244379714692
2025-12-06,S2B_MSIL2A_20251206T070159_R063_T40RBN_20251206T090532,5.11,False,9.785909,1.0,-0.06687009781599043,0.0,0.09268799424171448,0.18520982190966606,0.2640883892774582,-0.16869354248046875,-0.1114777997136116,-0.02843250334262848,0.07290803641080856,0.13560037314891815,0.285619854927063,0.4232635498046875,0.5033121407032013,0.5613573640584946,0.610873818397522,0.11794719025492668,0.3248394578695297,0.512964278459549,0.6222846359014511,0.6890349924564362,0.9880498917021435
2025-12-08,S2C_MSIL2A_20251208T065301_R020_T40RBN_20251208T100315,5.11,False,4.678153,0.9105235641197998,0.19814497232437134,0.2434602566063404,0.3180321902036667,0.41655517369508743,0.5381654441356661,0.0911429226398468,0.13093945384025574,0.17743845283985138,0.22799166291952133,0.28001561760902405,0.16968728601932526,0.24991276860237122,0.31761202216148376,0.37477801740169525,0.43024853169918076,-0.2315019428730011,-0.10948252491652966,0.010331002064049244,0.0998782180249691,0.17834914922714235,0.5267410384710032
2025-12-10,S2A_MSIL2A_20251210T065321_R020_T40RBN_20251210T094916,5.11,False,1.419761,1.0,0.18669274151325227,0.23257403820753098,0.30338577926158905,0.3927547037601471,0.4974965214729308,0.08994214981794357,0.1308717429637909,0.17728616297245026,0.22672714293003082,0.2779155671596527,0.15520904958248138,0.23384207487106323,0.2985406219959259,0.35189706087112427,0.40308427810668945,-0.20241233557462693,-0.10204046033322811,0.004798176698386669,0.08678202144801617,0.15785570293664933,0.5134065277466577
2025-12-13,S2B_MSIL2A_20251213T065159_R020_T40RBN_20251213T073956,5.11,False,13.142148,0.893569347972216,0.004918356938287618,0.11024727672338486,0.2124439999461174,0.33932865411043167,0.4967697441577911,-0.11863718926906586,-0.03471406176686287,0.06207753159105778,0.1529788114130497,0.23676835000514984,0.23593801259994507,0.44711143523454666,0.5551795363426208,0.635903000831604,0.6982728838920593,-0.0331923086196184,0.17835701629519463,0.418857216835022,0.5936499089002609,0.705613660812378,0.8738716148445336
2025-12-23,S2A_MSIL2A_20251223T070331_R063_T40RBN_20251223T101914,5.11,False,3.184203,1.0,0.17754407227039337,0.254860982298851,0.3799149841070175,0.5523369908332825,0.8053073287010193,0.08121027052402496,0.14138415455818176,0.2231910079717636,0.31983381509780884,0.43459609150886536,0.1971571728587151,0.29837608337402344,0.3905252516269684,0.48045530915260315,0.549760103225708,-0.4773655176162719,-0.20190542191267014,0.015437843278050423,0.15771415829658508,0.27829731702804567,0.5257300769288221
2025-12-26,S2B_MSIL2A_20251226T070219_R063_T40RBN_20251226T092431,5.11,False,28.84168,0.0452610351781313,0.2168024942278862,0.23643002286553383,0.2596602588891983,0.3000984638929367,0.3660394221544266,0.13365411758422852,0.14788363128900528,0.161769300699234,0.18413396179676056,0.22360114753246307,0.28297579288482666,0.3024561107158661,0.32555243372917175,0.3829737454652786,0.42939037382602724,-0.013387846760451787,0.03969525918364525,0.08014320209622383,0.14359154552221298,0.2120204582810402,0.8696369636963697
2025-12-28,S2C_MSIL2A_20251228T065321_R020_T40RBN_20251228T102409,5.11,False,26.939848,1.0,0.18028241842985154,0.24193015694618225,0.3427121043205261,0.4705626517534256,0.6337892889976501,0.08641961216926575,0.1340894028544426,0.19735033810138702,0.26572567224502563,0.33802759647369385,0.19654837250709534,0.30384474992752075,0.4006829559803009,0.4899264872074127,0.5488576292991638,-0.21015918403863906,-0.0746579822152853,0.05773313529789448,0.18061739951372147,0.28238445818424224,0.6181940398834864
2025-12-30,S2A_MSIL2A_20251230T065331_R020_T40RBN_20251230T094613,5.11,False,14.322121,0.8866980357009485,-0.43554460704326625,-0.28280768543481827,-0.009038814809173346,0.3122483715415001,0.57919220328331,-0.5438829064369202,-0.36053457856178284,-0.11789672076702118,0.10917622596025467,0.28554055094718933,0.2174665629863739,0.3640519678592682,0.4627746343612671,0.5234864503145218,0.5606614172458649,0.1348311260342598,0.38301999866962433,0.5837022066116333,0.7231832146644592,0.8083771646022797,0.9461337601078167
2025-12-31,S2C_MSIL2A_20251231T070311_R063_T40RBN_20251231T102911,5.11,False,39.968014,0.0,,,,,,,,,,,,,,,,,,,,,
2026-01-02,S2B_MSIL2A_20260102T065159_R020_T40RBN_20260102T091615,5.11,False,6.358507,0.6197624915975801,-0.5265439748764038,-0.3696729689836502,-0.0879538506269455,0.24327373504638672,0.5343301892280579,-0.5750954151153564,-0.36256298422813416,-0.11415478587150574,0.10601463168859482,0.2910638004541397,0.17639051377773285,0.3129338026046753,0.4388008266687393,0.5167657732963562,0.5636157691478729,0.20723702013492584,0.43381892889738083,0.6311393976211548,0.7565290629863739,0.8323299586772919,0.9737888647866956
2026-01-05,S2B_MSIL2A_20260105T070159_R063_T40RBN_20260105T092001,5.11,False,0.234853,1.0,0.1857055053114891,0.2578261122107506,0.37752120196819305,0.5386237055063248,0.7591249823570251,0.08993025124073029,0.1475757583975792,0.2227899432182312,0.30709636211395264,0.4070083498954773,0.1796694189310074,0.27067602425813675,0.35270923376083374,0.4259287118911743,0.49595773220062256,-0.4677421241998672,-0.22346706315875053,-0.018945757299661636,0.11039487645030022,0.21303085982799524,0.46676376129658675
2026-01-07,S2C_MSIL2A_20260107T065301_R020_T40RBN_20260107T100613,5.11,False,4.232713,1.0,0.1741493359208107,0.2301071137189865,0.3236689865589142,0.44865676760673523,0.603153532743454,0.08205357044935231,0.1260906606912613,0.18455617129802704,0.24542377889156342,0.3115655779838562,0.2018388956785202,0.2911509871482849,0.3735451400279999,0.4569164291024208,0.5184274315834045,-0.20210198462009427,-0.06847807765007019,0.06947076320648193,0.17708130180835724,0.26816706061363216,0.6396668907311972
2026-01-10,S2C_MSIL2A_20260110T070251_R063_T40RBN_20260110T102009,5.11,False,34.325752,0.9980581074015983,0.1813868135213852,0.24167753383517265,0.3338499665260315,0.4512740969657898,0.6043950617313385,0.08913439512252808,0.13516129553318024,0.19333159923553467,0.25707077980041504,0.32603003084659576,0.20826072990894318,0.30299654603004456,0.39768925309181213,0.4940519332885742,0.5672321319580078,-0.17537599056959152,-0.05616031400859356,0.07138386368751526,0.19714920967817307,0.3049941062927246,0.6504527426476091
2026-01-12,S2A_MSIL2A_20260112T070331_R063_T40RBN_20260112T101110,5.11,False,0.335986,1.0,0.14182072579860688,0.19564052671194077,0.2753356993198395,0.3759887218475342,0.5066641330718994,0.04989001899957657,0.09279926680028439,0.14946390688419342,0.21144399046897888,0.27719900012016296,0.265052741765976,0.39817431569099426,0.4934166520833969,0.5869621634483337,0.6501220464706421,0.00864209402352572,0.12721875682473183,0.2694156765937805,0.39629221707582474,0.4933085948228836,0.9091418328478602
2026-01-20,S2C_MSIL2A_20260120T070211_R063_T40RBN_20260120T104009,5.11,False,0.203887,1.0,0.15602978467941286,0.21788687631487846,0.3094516396522522,0.42803725600242615,0.5828276872634888,0.06666655763983727,0.11692087352275848,0.1735559105873108,0.23805762827396393,0.3072780668735504,0.16722555458545685,0.255327470600605,0.34184685349464417,0.4173000454902649,0.4750191569328308,-0.26384892165660856,-0.11132831871509552,0.022754251956939697,0.12980035319924355,0.23557025939226148,0.5514601538576444
2026-01-22,S2B_MSIL2A_20260122T065059_R020_T40RBN_20260122T090256,5.11,False,0.924781,1.0,0.1801618665456772,0.23199115321040154,0.3114566057920456,0.4153779000043869,0.5469658374786376,0.08932624682784085,0.13506241142749786,0.18783243000507355,0.24387571215629578,0.30711719393730164,0.19884353131055832,0.2746971547603607,0.35290461778640747,0.42940643429756165,0.4952483087778091,-0.14659783393144607,-0.041263033635914326,0.06878258660435677,0.1600942388176918,0.2407578960061073,0.6687579356187916
2026-01-27,S2C_MSIL2A_20260127T065141_R020_T40RBN_20260127T102221,5.11,False,29.474324,1.0,0.1497459888458252,0.20753249153494835,0.2922700494527817,0.40475618094205856,0.5549740672111511,0.05243147164583206,0.09493536688387394,0.14699052274227142,0.205934539437294,0.2668961852788925,0.30448833107948303,0.40869858860969543,0.4965623617172241,0.5938425064086914,0.6664085984230042,-0.0352232526987791,0.10617280937731266,0.25956156849861145,0.40230361372232437,0.5121006727218628,0.8709761744715812
2026-01-30,S2C_MSIL2A_20260130T070131_R063_T40RBN_20260130T103808,5.11,False,2.441962,0.9998506236462767,-0.6071575284004211,-0.4335233345627785,-0.11343036964535713,0.2689684107899666,0.5620568573474884,-0.6306131780147552,-0.4112832248210907,-0.14639736711978912,0.08249274641275406,0.24341106414794922,0.052390605211257935,0.24223671481013298,0.3969685733318329,0.48979419469833374,0.5399140119552612,0.18668489009141923,0.4257395789027214,0.6198407709598541,0.7410842776298523,0.8181781589984893,0.955927392246209
2026-02-01,S2B_MSIL2A_20260201T065009_R020_T40RBN_20260201T103843,5.11,False,0.358087,1.0,-0.07668374180793758,0.03445975575596094,0.17327378690242767,0.33420905470848083,0.4939939111471176,-0.187714597582817,-0.09632139652967453,0.02916201576590538,0.1460813246667385,0.22808565199375153,0.2545573115348816,0.37115660309791565,0.45936352014541626,0.5265134572982788,0.575262188911438,-0.011465461645275348,0.12478167563676834,0.3498578667640686,0.5364258289337158,0.64380983710289,0.8912540144895064
2026-02-04,S2B_MSIL2A_20260204T065959_R063_T40RBN_20260204T110543,5.12,False,0.570639,0.9999253118231384,0.16220837831497192,0.21607010811567307,0.29963418841362,0.40508396178483963,0.5423488020896912,0.08434823900461197,0.1296015828847885,0.1860068142414093,0.24695539474487305,0.31419357657432556,0.15102313458919525,0.23747418448328972,0.30827778577804565,0.3654181957244873,0.4192032665014267,-0.26190198957920074,-0.13061005994677544,-0.00069391806027852,0.09205848909914494,0.16775483638048172,0.4978712279653421
2026-02-09,S2C_MSIL2A_20260209T070031_R063_T40RBN_20260209T101912,5.12,False,0.165588,1.0,0.16771962046623232,0.22970208153128624,0.3242924362421036,0.44651641696691513,0.6131809651851654,0.07501297444105148,0.11840108036994934,0.17262353003025055,0.2298656404018402,0.296271139383316,0.19181745052337645,0.30156025290489197,0.39686334133148193,0.4977819621562958,0.5690251588821411,-0.27486562132835385,-0.09237164258956909,0.08205554634332657,0.22774690762162209,0.34056517779827117,0.6291358577937113
2026-02-14,S2B_MSIL2A_20260214T065859_R063_T40RBN_20260214T110746,5.12,False,0.343835,1.0,-0.2644351482391357,-0.1533827818930149,0.038541918620467186,0.22549694404006004,0.43470810949802396,-0.3904310464859009,-0.2766375467181206,-0.11365465074777603,0.046165067702531815,0.17330026328563683,0.3024744421243668,0.44012588262557983,0.5104281306266785,0.5585855841636658,0.6029558539390564,0.16088307797908785,0.41436583548784256,0.5960913002490997,0.7148145735263824,0.7964199781417847,0.9573530510120248
2026-02-16,S2C_MSIL2A_20260216T064951_R020_T40RBN_20260216T111612,5.12,False,4.585176,0.9998879677347076,-0.3578920543193817,-0.2329663336277008,-0.04940216988325119,0.18246164172887802,0.3835902571678162,-0.4084978401660919,-0.2650332897901535,-0.11031661182641983,0.0450015552341938,0.16454492211341873,0.09362319707870484,0.17585867643356323,0.2786123752593994,0.3656994104385376,0.4230114817619324,0.17785479426383974,0.3237186521291733,0.4637417197227478,0.5738391876220703,0.6579544186592102,0.9784873949579832
2026-02-19,S2C_MSIL2A_20260219T065931_R063_T40RBN_20260219T115911,5.12,False,0.144774,1.0,0.1750900462269783,0.226701058447361,0.3016130179166794,0.39652473479509354,0.5221480071544646,0.07833236455917358,0.12187577039003372,0.1665160208940506,0.21905691921710968,0.2752833187580108,0.16556262969970703,0.2503035366535187,0.33065207302570343,0.40886275470256805,0.4768561452627182,-0.1827016606926918,-0.06537976488471031,0.05319151654839516,0.14945700019598007,0.23598408848047256,0.6282022555829412
2026-02-21,S2B_MSIL2A_20260221T064809_R020_T40RBN_20260221T122403,5.12,False,0.18283,1.0,0.17189579904079438,0.2187609113752842,0.29183486104011536,0.3871891647577286,0.507573115825653,0.08015906810760498,0.12119680643081665,0.169914111495018,0.22031177580356598,0.27706778049468994,0.1932617425918579,0.2785067558288574,0.3601936399936676,0.4505089521408081,0.5238475799560547,-0.12693828940391538,-0.024071004707366228,0.09305115789175034,0.19952645525336266,0.2917358577251434,0.7059899917843006
2026-02-24,S2B_MSIL2A_20260224T065759_R063_T40RBN_20260224T110618,5.12,False,4.272353,1.0,0.16615782976150514,0.2175830639898777,0.29137399792671204,0.38306283205747604,0.5062670290470123,0.06677332520484924,0.11175932362675667,0.15835359692573547,0.21427001059055328,0.27388450503349304,0.2299509048461914,0.3259733319282532,0.41391752660274506,0.5260009765625,0.6177599430084229,-0.08971270918846129,0.029315175488591194,0.16636884212493896,0.3119521364569664,0.4304631412029266,0.7938232877735455
2026-02-26,S2C_MSIL2A_20260226T064841_R020_T40RBN_20260226T115809,5.12,False,0.281288,1.0,0.007883843034505848,0.10640953853726387,0.21132896840572357,0.3428916931152344,0.533082240819931,-0.11842638999223709,-0.0440997751429677,0.034691352397203445,0.11658899299800396,0.19429329335689538,0.3817996680736542,0.493385910987854,0.5738406777381897,0.6445904970169067,0.7039380967617035,0.0557084605097771,0.2692807763814926,0.4601055383682251,0.6104915291070938,0.717773300409317,0.9235566509821496
2026-03-01,S2C_MSIL2A_20260301T065821_R063_T40RBN_20260301T124412,5.12,False,21.014227,0.9867428486070655,-0.37377539873123167,-0.24769098311662674,-0.05597154051065445,0.17576083540916443,0.40713579654693594,-0.4522287666797636,-0.30898135900497437,-0.1537563055753708,0.01225666981190443,0.15728889405727386,0.1291014701128006,0.221350759267807,0.32010728120803833,0.4038110673427582,0.4524616599082947,0.14427200555801392,0.3459172695875168,0.5051612854003906,0.6215652823448181,0.7017305135726929,0.9559853158233357
2026-03-16,S2B_MSIL2A_20260316T065619_R063_T40RBN_20260316T110550,5.12,False,0.131687,1.0,-0.2716548711061478,-0.1510755755007267,0.06529396027326584,0.28817930072546005,0.5268804609775543,-0.41503098607063293,-0.2868145704269409,-0.10029833763837814,0.10572892427444458,0.23146606981754303,0.1654435247182846,0.341128408908844,0.45166534185409546,0.5174171924591064,0.5634685158729553,-0.09161991253495215,0.2259412370622158,0.5024926662445068,0.6616290807723999,0.7588665187358856,0.8451340652774666
2026-03-28,S2C_MSIL2A_20260328T064631_R020_T40RBN_20260328T115917,5.12,False,3.238604,1.0,-0.344173726439476,-0.22783616185188293,-0.03176417015492916,0.2412756308913231,0.4944629073143004,-0.4635788172483444,-0.33554044365882874,-0.16677343845367432,0.027315450832247734,0.18884316086769104,0.33259543776512146,0.41893044114112854,0.48592638969421387,0.5282614231109619,0.5564544200897217,0.1974589347839356,0.41301120072603226,0.5916478335857391,0.7162186801433563,0.7990372121334076,0.9709089551124057
2026-04-02,S2B_MSIL2A_20260402T064619_R020_T40RBN_20260402T121432,5.12,False,6.293277,1.0,0.14454066306352617,0.19853475689888,0.27325208485126495,0.3778149113059044,0.511525821685791,0.06596725434064865,0.10747595876455307,0.15988819301128387,0.21540316939353943,0.28205937147140503,0.17842291295528412,0.2544187605381012,0.3266375958919525,0.3944200798869133,0.45961740612983704,-0.14976938515901567,-0.045385947450995445,0.06092765927314758,0.14412330463528633,0.21164390295743937,0.6626708492045709
2026-04-07,S2C_MSIL2A_20260407T064621_R020_T40RBN_20260407T115008,5.12,False,1.687164,1.0,0.12797853350639343,0.17012711614370346,0.22464203834533691,0.29390749335289,0.3749357163906097,0.05630069673061373,0.08593140542507172,0.11908938735723495,0.1526089906692505,0.19004561007022858,0.1804269403219223,0.23786677420139313,0.2960814833641052,0.3703620731830597,0.42978641390800476,-0.06710824221372604,0.0033667630632407963,0.08722282946109772,0.17179642617702484,0.23912315666675565,0.759317350063485
2026-04-17,S2C_MSIL2A_20260417T064731_R020_T40RBN_20260417T115316,5.12,False,30.748108,0.999253118231384,0.13448576480150223,0.18649037182331085,0.2584322690963745,0.35464609414339066,0.4800859630107879,0.06656457483768463,0.102914959192276,0.14567288756370544,0.19219708442687988,0.24324287474155426,0.1309295892715454,0.2089754194021225,0.2803959846496582,0.34368371963500977,0.39448902010917664,-0.1887337177991867,-0.08375001884996891,0.019196800887584686,0.10065676271915436,0.1657110512256622,0.5574781373794753
2026-04-19,S2A_MSIL2A_20260419T065321_R020_T40RBN_20260419T121112,5.12,False,2.725393,1.0,0.1398176833987236,0.19159692898392677,0.26465362310409546,0.36366694420576096,0.49022325575351716,0.06725701689720154,0.10728292912244797,0.15483058989048004,0.20480751991271973,0.26271265745162964,0.15589500963687897,0.23198124766349792,0.30331307649612427,0.3690941706299782,0.44406482577323914,-0.17668426930904388,-0.06740147806704044,0.04430490918457508,0.1382165402173996,0.2134060263633728,0.6141608783329598
2026-04-20,S2C_MSIL2A_20260420T065731_R063_T40RBN_20260420T121019,5.12,False,20.450349,0.6682724624691911,0.10909205675125122,0.17872893810272217,0.26259011030197144,0.38499459624290466,0.5551600337028504,0.05192836150527001,0.09950035065412521,0.14708681404590607,0.19821177423000336,0.2682513892650604,0.18487174808979037,0.2599700689315796,0.3472345471382141,0.4145122766494751,0.49086475372314453,-0.23822574913501737,-0.05896986462175846,0.08479925245046616,0.1855606511235237,0.2632507145404816,0.6676725342274379
2026-04-27,S2C_MSIL2A_20260427T064621_R020_T40RBN_20260427T121416,5.12,False,0.18741,1.0,-0.08567775040864943,0.017127379309386015,0.14132603257894516,0.2812281772494316,0.4686870366334915,-0.187113419175148,-0.11008766293525696,0.0030661210184916854,0.09564144909381866,0.1775026023387909,0.21280573308467865,0.3812473565340042,0.4931638240814209,0.5671643018722534,0.6332786679267883,-0.00680481265299022,0.1572992540895939,0.41447122395038605,0.5850961208343506,0.6945592403411865,0.8932332511763388
2026-04-30,S2C_MSIL2A_20260430T065731_R063_T40RBN_20260430T121716,5.12,False,28.804624,1.0,0.1319694295525551,0.19528840482234955,0.27489687502384186,0.38213416188955307,0.5261629402637481,0.06990230828523636,0.11248537339270115,0.16209039092063904,0.21598359942436218,0.27880235910415635,0.09931998699903488,0.19279487431049347,0.2758663445711136,0.34853842854499817,0.4123558908700941,-0.2778133153915405,-0.14018074795603752,-0.011057686060667038,0.08113378472626209,0.14980072826147078,0.472552095003361
2026-05-02,S2B_MSIL2A_20260502T064619_R020_T40RBN_20260502T104108,5.12,False,0.327685,1.0,0.1294697701931,0.17790843918919563,0.2508585900068283,0.34612248092889786,0.461036267876625,0.0629111982882023,0.09936326742172241,0.14495384693145752,0.1925199031829834,0.24549955129623413,0.13603876531124115,0.20877378061413765,0.27400682866573334,0.3334066793322563,0.39350101351737976,-0.18268368393182755,-0.08316090889275074,0.021740875206887722,0.1039591021835804,0.16640879064798356,0.5611322727612219
2026-05-07,S2C_MSIL2A_20260507T064731_R020_T40RBN_20260508T105718,5.12,False,0.17971,1.0,0.14381711632013322,0.18777647987008095,0.25773151218891144,0.3486775904893875,0.45702931880950926,0.06278833001852036,0.0969819650053978,0.13667011260986328,0.17862513661384583,0.22316782176494598,0.1571154147386551,0.23214532434940338,0.2972085773944855,0.37015143036842346,0.44468703866004944,-0.1624226853251457,-0.06477699428796768,0.042384568601846695,0.14100056141614914,0.2224059805274009,0.60624393158563
2026-05-09,S2A_MSIL2A_20260509T065321_R020_T40RBN_20260509T121558,5.12,False,0.691339,1.0,0.13505881428718566,0.18227540329098701,0.2591834217309952,0.36080941557884216,0.48601555526256557,0.05851557478308679,0.09392427280545235,0.1381213366985321,0.18657009303569794,0.24035052955150604,0.18724282085895538,0.2733360826969147,0.34284915030002594,0.42913201451301575,0.5098116993904114,-0.1406509682536125,-0.024675026070326567,0.09994882345199585,0.21503178775310516,0.30994864702224734,0.7073343789678094
2026-05-10,S2C_MSIL2A_20260510T065621_R063_T40RBN_20260510T115411,5.12,False,33.148623,1.0,0.13901373147964477,0.19322171062231064,0.2591584175825119,0.3452853336930275,0.45930247008800507,0.04722854122519493,0.0869625061750412,0.12692506611347198,0.17503498122096062,0.22575660049915314,0.17528535425662994,0.28077927231788635,0.36220261454582214,0.44803741574287415,0.5230225980281829,-0.10909336134791371,0.005280694807879627,0.12455085664987564,0.23900320008397102,0.33437488377094265,0.758570468294869
2026-05-12,S2B_MSIL2A_20260512T064619_R020_T40RBN_20260512T104019,5.12,False,14.646058,1.0,0.14356445968151094,0.18486551940441132,0.2541021704673767,0.3490736484527588,0.47242093980312344,0.05887990444898605,0.09057650715112686,0.13308686017990112,0.18106840550899506,0.232526496052742,0.17420482635498047,0.2710567116737366,0.3786744773387909,0.469059020280838,0.5293139100074767,-0.07442042529582978,0.017285623122006655,0.13237828761339188,0.25517934560775757,0.3531442672014236,0.7861304055568004
2026-05-15,S2B_MSIL2A_20260515T065619_R063_T40RBN_20260515T105247,5.12,False,19.286937,1.0,0.14112275689840317,0.1966559812426567,0.26695166528224945,0.3518018126487732,0.46643440723419183,0.05124392472207548,0.0974603220820427,0.14225229620933533,0.18870964646339417,0.23784448206424713,0.10721664130687714,0.19791801273822784,0.2754592001438141,0.3473970592021942,0.40732723474502563,-0.18516592383384706,-0.07000492140650749,0.03785226121544838,0.11938724480569363,0.18326832354068756,0.603032339980581
2026-05-17,S2C_MSIL2A_20260517T064621_R020_T40RBN_20260517T115109,5.12,False,0.415143,1.0,0.1415481984615326,0.1867596097290516,0.2632652074098587,0.36138341575860977,0.47775454521179195,0.06142277754843235,0.09320591390132904,0.136762335896492,0.18240110576152802,0.2289152890443802,0.13133905529975892,0.2087053507566452,0.27297478914260864,0.33115727454423904,0.39308470487594604,-0.22016484439373013,-0.10260404646396637,0.01818592194467783,0.10753187909722328,0.17351159900426863,0.5451490029128389
2026-05-20,S2C_MSIL2A_20260520T065621_R063_T40RBN_20260520T121216,5.12,False,10.58353,1.0,0.12251650542020798,0.16726884990930557,0.2187444195151329,0.2718663513660431,0.33945220708847046,0.05028349533677101,0.0803978443145752,0.11114723980426788,0.14212097227573395,0.17307351529598236,0.12951345741748813,0.17855358123779297,0.22666633129119873,0.28566470742225647,0.3235098123550415,-0.16285363137722014,-0.08089080825448036,0.006462328368797898,0.08218059130012989,0.13868057578802107,0.5192695496302935
2026-05-22,S2A_MSIL2A_20260522T070321_R063_T40RBN_20260522T120411,5.12,False,23.81503,1.0,0.13151966631412507,0.1801452524960041,0.24204779416322708,0.3136235177516937,0.4101746380329132,0.05131447687745094,0.08921268582344055,0.12706990540027618,0.17358066141605377,0.22105994820594788,0.1555636182427407,0.22486546635627747,0.2827930450439453,0.35148027539253235,0.399716317653656,-0.18975364118814467,-0.07341425307095051,0.045384783297777176,0.1460532359778881,0.2218358308076858,0.6071028456195384
2026-05-27,S2C_MSIL2A_20260527T064621_R020_T40RBN_20260527T115611,5.12,False,27.581641,0.9981327955784599,0.14263471215963364,0.18488138914108276,0.25830328464508057,0.35131552070379257,0.46349763870239247,0.06003451421856883,0.0888887569308281,0.1277872771024704,0.17041321098804474,0.21203018724918365,0.1136840432882309,0.1937922239303589,0.25694116950035095,0.30948421359062195,0.35118138194084164,-0.19657426178455348,-0.08725075423717499,0.018705840222537518,0.09530908800661564,0.15271537005901337,0.5563828195151153
2026-06-01,S2B_MSIL2A_20260601T064619_R020_T40RBN_20260601T103750,5.12,False,0.516454,1.0,0.14980341345071793,0.19064966589212418,0.2589772641658783,0.34903790801763535,0.4550592720508575,0.06269787177443505,0.09495246410369873,0.13584715127944946,0.17905555292963982,0.22565977275371552,0.13128118216991425,0.19955098628997803,0.2614971697330475,0.318040132522583,0.38249558210372925,-0.17933956682682034,-0.0826943963766098,0.019980842247605324,0.10139808058738708,0.1658977851271629,0.5552319067891552
2026-06-06,S2C_MSIL2A_20260606T064621_R020_T40RBN_20260606T115910,5.12,False,0.403443,1.0,0.15968577861785888,0.2014075219631195,0.2731970548629761,0.3694639652967453,0.484386020898819,0.056974880397319794,0.08970716595649719,0.12745077908039093,0.16984126344323158,0.21694277226924896,0.184343159198761,0.26075100898742676,0.3287486433982849,0.41272053867578506,0.5083833932876587,-0.13927410542964935,-0.026366256643086672,0.0967320129275322,0.21205444633960724,0.3144902616739273,0.7045709164239301
2026-06-09,S2C_MSIL2A_20260609T065621_R063_T40RBN_20260609T145128,5.12,False,20.743835,1.0,0.15060800462961196,0.19200322404503822,0.2577264606952667,0.3363509103655815,0.43926435112953177,0.05392274633049965,0.0892636626958847,0.1254168376326561,0.16477364674210548,0.20855216681957245,0.14550793617963792,0.23851002752780914,0.3108747899532318,0.38381749391555786,0.4426681101322174,-0.14989151060581207,-0.04360167123377323,0.06990954279899597,0.16799800843000412,0.24664843827486038,0.6672641720815595
2026-06-11,S2B_MSIL2A_20260611T064619_R020_T40RBN_20260611T104324,5.12,False,0.270087,1.0,0.14153519868850709,0.18306922540068626,0.24945715814828873,0.3368902802467346,0.4430849403142929,0.05720442160964012,0.08864478766918182,0.12783832848072052,0.171515554189682,0.2179286375641823,0.13801129162311554,0.21150994300842285,0.2770506739616394,0.3340391218662262,0.37850844860076904,-0.13442249298095701,-0.03906925767660141,0.047547103837132454,0.11865696683526039,0.18210674971342083,0.6536709238927477
2026-06-14,S2B_MSIL2A_20260614T065619_R063_T40RBN_20260614T105546,5.12,False,16.79735,1.0,0.15737032890319824,0.20126858353614807,0.2661534994840622,0.34501170367002487,0.44768140912055965,0.06409687548875809,0.10018828511238098,0.13893476128578186,0.17888839542865753,0.22408443540334688,0.10762008279561996,0.18583214282989502,0.24900385737419128,0.305747389793396,0.36870676279067993,-0.20562779456377028,-0.10549036972224712,-0.0016025635413825512,0.08111056685447693,0.14824615567922592,0.49368884905519456
2026-06-16,S2C_MSIL2A_20260616T064621_R020_T40RBN_20260616T114357,5.12,False,0.331452,1.0,0.16347306072711945,0.20334429666399956,0.27397944033145905,0.3708730414509773,0.4869494229555129,0.061500269919633865,0.09242895990610123,0.12922389805316925,0.1699858456850052,0.21530018746852875,0.1387515813112259,0.2110121250152588,0.2744526267051697,0.334864042699337,0.41346773505210876,-0.1974625214934349,-0.08568143472075462,0.03284989297389984,0.12852901220321655,0.20678902864456175,0.5798790051534842
2026-06-18,S2A_MSIL2A_20260618T065321_R020_T40RBN_20260618T121104,5.12,False,0.186542,1.0,0.14748336374759674,0.18601950258016586,0.25344759225845337,0.3415408656001091,0.4449289172887802,0.05790844000875953,0.08951014280319214,0.12761832773685455,0.16941188275814056,0.21534401178359985,0.15473569929599762,0.22295577824115753,0.28157302737236023,0.3533879518508911,0.4388537108898163,-0.16600391864776612,-0.06582607701420784,0.04849156551063061,0.14964484423398972,0.23341172039508817,0.6186048248562253
2026-06-19,S2C_MSIL2A_20260619T065621_R063_T40RBN_20260619T121510,5.12,False,35.308242,1.0,0.1451541230082512,0.1918606236577034,0.2558973431587219,0.33113956451416016,0.4316239923238754,0.05010498687624931,0.08283621072769165,0.11539167165756226,0.15484081208705902,0.19888467639684665,0.15901032090187073,0.22512836754322052,0.28576435148715973,0.3550648018717766,0.4197657138109206,-0.18038916438817976,-0.06838822178542614,0.055520690977573395,0.16289836913347244,0.24475672543048857,0.6216296960191202
2026-06-21,S2B_MSIL2A_20260621T064619_R020_T40RBN_20260621T104118,5.12,False,0.200265,1.0,0.15277206897735596,0.19548342376947403,0.2677452564239502,0.3618331626057625,0.47378833591938013,0.05700835175812246,0.08929816633462906,0.1293414682149887,0.17457085847854614,0.22444482147693634,0.18566083908081055,0.26023199409246445,0.3256712108850479,0.41054707765579224,0.4995311200618744,-0.1411740183830261,-0.028989977203309536,0.09551854059100151,0.21593737229704857,0.3160876661539077,0.6995668085742027
2026-06-24,S2B_MSIL2A_20260624T065619_R063_T40RBN_20260624T105220,5.12,False,28.704029,1.0,0.14458756744861603,0.19111105427145958,0.25911377370357513,0.3402864709496498,0.43734773397445675,0.05805173143744469,0.09305357187986374,0.13296323269605637,0.17679622769355774,0.22156184911727905,0.128435181081295,0.20626774430274963,0.2649046778678894,0.3134894073009491,0.3561233431100844,-0.18553998321294785,-0.0798786822706461,0.01693826913833618,0.08740855380892754,0.14617169797420498,0.554148928224662
2026-06-26,S2C_MSIL2A_20260626T064621_R020_T40RBN_20260626T113915,5.12,False,0.314053,1.0,0.17263877093791963,0.22698372974991798,0.3267873525619507,0.4706103354692459,0.6580830752849579,0.061030179262161255,0.09750553965568542,0.14884622395038605,0.2105260193347931,0.2851011365652084,0.12217172682285315,0.22058425843715668,0.28826114535331726,0.3399389684200287,0.3921073585748672,-0.45475559830665585,-0.20371636748313904,-0.0018355830106884241,0.11440247856080532,0.1959337443113327,0.4964523115990739
2026-06-29,S2C_MSIL2A_20260629T065621_R063_T40RBN_20260629T120609,5.12,False,8.739616,1.0,0.14560771733522415,0.19114429876208305,0.2611878365278244,0.3440132439136505,0.451266273856163,0.0623304545879364,0.09401438385248184,0.1286642700433731,0.16907640174031258,0.2127048373222351,0.11077560484409332,0.18303737416863441,0.24062931537628174,0.2945779636502266,0.34552422165870667,-0.2628410905599594,-0.1427900716662407,-0.01742105931043625,0.07020902261137962,0.1373931422829628,0.451863470012697
2026-07-01,S2A_MSIL2A_20260701T070321_R063_T40RBN_20260701T120025,5.12,False,18.896514,1.0,0.16041926592588426,0.21281396970152855,0.29105277359485626,0.3882681503891945,0.520588630437851,0.06686075627803804,0.10719437897205353,0.15191633999347687,0.20604217052459717,0.2670072913169861,0.11614516377449036,0.19178825616836548,0.2533469498157501,0.31382736563682556,0.36903578042984003,-0.34367706179618834,-0.1841026470065117,-0.02449587546288967,0.08209636993706226,0.15944365710020064,0.4466726417208156
2026-07-04,S2B_MSIL2A_20260704T065619_R063_T40RBN_20260704T105318,5.12,False,27.162799,1.0,0.1529509961605072,0.20575152710080147,0.2789376825094223,0.36402677744627,0.47783564031124104,0.056598905473947525,0.09428485855460167,0.13260583579540253,0.17865829169750214,0.2310546636581421,0.14630729854106908,0.22362685203552246,0.28341080248355865,0.35405680537223816,0.41889718174934387,-0.2505796909332275,-0.11339564062654972,0.024562446400523186,0.13163819536566734,0.21254667788743972,0.5527298528642915
2026-07-06,S2C_MSIL2A_20260706T064621_R020_T40RBN_20260706T115722,5.12,False,0.205709,1.0,0.17899764329195023,0.22157898917794228,0.29748451709747314,0.3992469236254692,0.5160880506038665,0.06366455554962158,0.09580372273921967,0.1334940642118454,0.17834005504846573,0.22558139264583588,0.16781069338321686,0.2489931881427765,0.31342747807502747,0.3926783502101898,0.48878300189971924,-0.19416023343801497,-0.07200336456298828,0.061722688376903534,0.1769295670092106,0.27566337287425996,0.6289117932631264
2026-07-08,S2A_MSIL2A_20260708T065321_R020_T40RBN_20260708T115121,5.12,False,7.45658,1.0,0.15406903922557832,0.19532180204987526,0.2712267339229584,0.3707377091050148,0.48123479187488555,0.06583438068628311,0.09641323983669281,0.13747240602970123,0.18306242674589157,0.23034399151802062,0.14971978962421417,0.23101921752095222,0.2865695357322693,0.3446519374847412,0.3957100212574005,-0.19184956699609756,-0.08131683617830276,0.032894549891352654,0.12252387590706348,0.19019031077623366,0.5883934573157069
2026-07-09,S2C_MSIL2A_20260709T065621_R063_T40RBN_20260709T121514,5.12,False,37.178135,0.0,,,,,,,,,,,,,,,,,,,,,
2026-07-11,S2B_MSIL2A_20260711T064619_R020_T40RBN_20260711T104126,5.12,False,1.063553,1.0,0.15901728570461274,0.20164639875292778,0.2792534828186035,0.3828776255249977,0.5030659973621369,0.06905685365200043,0.10195387154817581,0.14540129899978638,0.19298826158046722,0.2451485991477966,0.09967832267284393,0.1803736463189125,0.2380395084619522,0.28415971994400024,0.3295096457004547,-0.2651794135570526,-0.14802531152963638,-0.027079717256128788,0.0563901849091053,0.12080793157219885,0.4235566509821495
2026-07-14,S2B_MSIL2A_20260714T065619_R063_T40RBN_20260714T105222,5.12,False,10.523427,1.0,0.17427623569965361,0.21971513330936432,0.2954923063516617,0.38783324509859085,0.5085528373718262,0.07520489394664764,0.11386846005916595,0.15516921877861023,0.20492036640644073,0.25943446159362793,0.07712352275848389,0.1572275608778,0.22101914882659912,0.2772667407989502,0.3304115831851959,-0.32757947146892546,-0.20019768178462982,-0.06916594132781029,0.02352918079122901,0.09402381181716918,0.31574426768242586
2026-07-16,S2C_MSIL2A_20260716T064621_R020_T40RBN_20260716T115112,5.12,False,0.464359,1.0,0.16058638095855712,0.20337485149502754,0.2836107462644577,0.3889461159706116,0.509247362613678,0.06155500784516338,0.09365550056099892,0.13088546693325043,0.17287373542785645,0.21718503534793854,0.13619985580444346,0.20399056747555733,0.25879572331905365,0.3175973892211914,0.3874930143356323,-0.2819826483726501,-0.14391320198774338,0.002116865594871342,0.10461099445819855,0.18506659567356107,0.5045186347001269
2026-07-18,S2A_MSIL2A_20260718T065321_R020_T40RBN_20260718T114615,5.12,False,1.083743,1.0,0.1414090484380722,0.18507007881999016,0.2619636654853821,0.35588232427835464,0.46216669082641604,0.06568209081888199,0.09743168205022812,0.1352398693561554,0.1792088896036148,0.2242775097489357,0.1543324589729309,0.22497962415218353,0.27809080481529236,0.34460246562957764,0.41385236382484436,-0.23598977029323576,-0.10512933321297169,0.03209852986037731,0.13720179721713066,0.2215863496065139,0.5691612517738442
2026-07-19,S2C_MSIL2A_20260719T065621_R063_T40RBN_20260719T121212,5.12,False,12.308852,1.0,0.16093554943799973,0.21595096960663795,0.30180536210536957,0.4052955284714699,0.5433949530124664,0.06730250269174576,0.10402753949165344,0.14187553524971008,0.1912100724875927,0.24771709740161896,0.14959442615509033,0.22761104255914688,0.2884702980518341,0.35724952816963196,0.4268704235553741,-0.35322458744049073,-0.17222338169813156,0.003799715079367161,0.12937889248132706,0.22544186413288111,0.5066472477406827
2026-07-24,S2B_MSIL2A_20260724T065619_R063_T40RBN_20260724T105234,5.12,False,35.514313,1.0,0.1991741180419922,0.2504878267645836,0.33398446440696716,0.4412166327238083,0.5794959843158721,0.08305831104516984,0.12260515242815018,0.16672977805137634,0.22108127176761627,0.2852406650781631,0.07538267225027084,0.17365042120218277,0.23720581829547882,0.2892151176929474,0.3338472694158554,-0.3801281064748764,-0.21999413892626762,-0.06670112907886505,0.030197262298315763,0.10309927240014075,0.3277690641571439
2026-07-26,S2C_MSIL2A_20260726T064631_R020_T40RBN_20260726T115609,5.12,False,6.885537,0.9998506236462767,0.15916940271854402,0.20125145092606544,0.27644309401512146,0.36605559289455414,0.46652230322360994,0.06992811486124993,0.1009245216846466,0.1352677345275879,0.17538844048976898,0.21505536139011383,0.1032743662595749,0.1763460338115692,0.2291666939854622,0.2736624777317047,0.3154928982257843,-0.24332576245069504,-0.14067506790161133,-0.032890111207962036,0.04404447879642248,0.10626357942819598,0.3943377903936655
2026-07-29,S2C_MSIL2A_20260729T065621_R063_T40RBN_20260729T123254,5.12,False,30.932021,1.0,0.1715761974453926,0.22016975283622742,0.30092185735702515,0.39600732177495956,0.5150671839714048,0.0750350296497345,0.10877175629138947,0.14506742358207703,0.18969112634658813,0.23866643905639645,0.08966962397098543,0.15942001342773438,0.2138196974992752,0.2647385001182556,0.3071783483028412,-0.3881795942783356,-0.23761571198701859,-0.08480819687247276,0.01522080972790718,0.09045761823654175,0.28866980357009486
2026-07-31,S2A_MSIL2A_20260731T070321_R063_T40RBN_20260731T121810,5.12,False,25.214013,1.0,0.16409454941749574,0.2131113037467003,0.2942121922969818,0.3873148709535599,0.5054700553417205,0.07077738642692566,0.10803070664405823,0.14647415280342102,0.19436874985694885,0.24458777904510498,0.11092071235179901,0.17901844158768654,0.22859255969524384,0.28439125418663025,0.3338149219751354,-0.371304053068161,-0.21432432904839516,-0.05344657972455025,0.05370806995779276,0.1335408419370651,0.38005078796026587
2026-08-05,S2C_MSIL2A_20260805T064621_R020_T40RBN_20260805T115315,5.12,False,0.889802,1.0,0.16264043003320694,0.20455670729279518,0.2832026779651642,0.3805823549628258,0.4861453890800476,0.0726308599114418,0.10197225958108902,0.13840657472610474,0.18100179731845856,0.2221105396747589,0.134492889046669,0.20882265269756317,0.26038190722465515,0.3184511065483093,0.37946194410324097,-0.2757670134305954,-0.1456734575331211,-0.006256866501644254,0.09411649405956268,0.17400550693273542,0.483643289267309
2026-08-07,S2A_MSIL2A_20260807T065321_R020_T40RBN_20260807T120617,5.12,False,0.661972,1.0,0.1643816277384758,0.20429642871022224,0.2767025828361511,0.36389339715242386,0.4594538122415542,0.07420850917696956,0.10421891510486603,0.14111194014549255,0.1831165850162506,0.2255900353193283,0.09548935294151306,0.16621224582195282,0.212410107254982,0.24985097721219063,0.2797633111476898,-0.27255757749080656,-0.16615566611289978,-0.055524932220578194,0.023080825805664062,0.08060631304979322,0.3237359026066174
2026-08-08,S2C_MSIL2A_20260808T065621_R063_T40RBN_20260808T121319,5.12,False,36.594242,0.32145791321233846,0.16906649470329285,0.20122192800045013,0.2456429824233055,0.3090072050690651,0.38143509030342104,0.07499990612268448,0.10239288210868835,0.12296907603740692,0.1527109444141388,0.18837805092334747,0.17017187178134918,0.21362528577446938,0.24898819625377655,0.2833540737628937,0.3137103021144867,-0.09331558123230933,-0.017613529227674007,0.0542781800031662,0.12403687089681625,0.1916650652885437,0.7021375464684015
2026-08-10,S2B_MSIL2A_20260810T064619_R020_T40RBN_20260810T103657,5.12,False,4.847162,0.9662409440585555,0.15716021209955217,0.19252560660243034,0.25519008934497833,0.3317582756280899,0.4110622525215149,0.07107552140951157,0.09943945705890656,0.13436000049114227,0.17271661758422852,0.2120889127254486,0.08729130029678345,0.15783849358558655,0.2077597826719284,0.2502505034208298,0.2890706986188889,-0.22563999146223068,-0.135013185441494,-0.03788267634809017,0.033806368708610535,0.09078666716814043,0.36986936693205535
2026-08-13,S2B_MSIL2A_20260813T065619_R063_T40RBN_20260813T105532,5.12,False,7.749167,1.0,0.17721852064132693,0.21953975409269333,0.28507092595100403,0.36137203872203827,0.44995059072971344,0.06807805597782135,0.10592752695083618,0.14166592061519623,0.18417012691497803,0.2308872640132904,0.09987007528543473,0.17579318583011627,0.2360815405845642,0.2888423800468445,0.35021722316741943,-0.23609671145677566,-0.13294313848018646,-0.022351235151290894,0.06214567180722952,0.1300912886857986,0.4362909851370528
2026-08-15,S2C_MSIL2A_20260815T064621_R020_T40RBN_20260815T114356,5.12,False,10.761078,1.0,0.1893963485956192,0.23134513944387436,0.3086838722229004,0.4077274724841118,0.5160983860492706,0.06889545172452927,0.10386289283633232,0.14327216148376465,0.1903749704360962,0.23660479635000226,0.13500763475894928,0.21526630595326424,0.2733997404575348,0.3394988477230072,0.4303247630596161,-0.2566784739494324,-0.1319386400282383,0.002008143812417984,0.10768031142652035,0.1961874812841415,0.5048920755844349
2026-08-18,S2C_MSIL2A_20260818T065621_R063_T40RBN_20260818T120810,5.12,False,13.05887,1.0,0.1817364424467087,0.2219574898481369,0.28886842727661133,0.36274897307157516,0.4466469198465347,0.0654633566737175,0.09820753335952759,0.13170158863067627,0.17037324979901314,0.21058067679405212,0.11972569674253464,0.19330090284347534,0.2466452568769455,0.3074428141117096,0.3659631609916687,-0.2335886850953102,-0.12600888311862946,-0.014335439074784517,0.07180414535105228,0.140132437646389,0.45873478228396447
2026-08-20,S2A_MSIL2A_20260820T070321_R063_T40RBN_20260820T122211,5.12,False,4.113726,1.0,0.19162908792495728,0.23499587178230286,0.3088705539703369,0.3953802138566971,0.5008910834789276,0.08102336525917053,0.11632470786571503,0.15693654119968414,0.2039797157049179,0.2530355155467987,0.10344067662954337,0.18307822942733765,0.23580224812030792,0.2830243408679962,0.3225800096988678,-0.2914900749921798,-0.16997186094522476,-0.04968146048486233,0.03396997042000294,0.09810065031051635,0.34920457091642393
2026-08-25,S2C_MSIL2A_20260825T064621_R020_T40RBN_20260825T115811,5.12,False,0.205069,1.0,0.19155342280864715,0.23188217729330063,0.30158673226833344,0.38912708312273026,0.48506565093994136,0.07308915257453918,0.10604673624038696,0.14029832184314728,0.18127402663230896,0.22272765636444092,0.09455332010984427,0.17330646514892578,0.22860361635684967,0.27314016222953796,0.3191160559654236,-0.26722627282142636,-0.15856091678142548,-0.04417077451944351,0.03811317030340433,0.10542691573500633,0.3678392710433938
2026-08-27,S2A_MSIL2A_20260827T065321_R020_T40RBN_20260827T120805,5.12,False,2.048245,1.0,0.1764279067516327,0.213530782610178,0.2755884528160095,0.35021454095840454,0.42938628792762756,0.07495999336242676,0.10476170480251312,0.1385658085346222,0.17677511647343636,0.2142719030380249,0.10021409019827851,0.1718692183494568,0.2219112366437912,0.27249860763549805,0.3234579265117645,-0.22358088493347167,-0.13358011469244957,-0.0333245974034071,0.04314167145639658,0.10571489110589027,0.3942415415639704
2026-08-28,S2C_MSIL2A_20260828T065621_R063_T40RBN_20260828T121314,5.12,False,0.575018,1.0,0.19988026171922685,0.25261451303958893,0.337252676486969,0.4407895356416702,0.5692126870155334,0.07329758256673813,0.11275744624435902,0.15329189598560333,0.202555313706398,0.26034000515937805,0.09743962436914444,0.18310324847698212,0.24732238054275513,0.30431699752807617,0.3697771996259689,-0.38910981416702267,-0.22117364034056664,-0.059113651514053345,0.050269474275410175,0.134364877641201,0.36828740010456346
2026-08-30,S2B_MSIL2A_20260830T064619_R020_T40RBN_20260830T103855,5.12,False,0.497597,1.0,0.18588179647922515,0.22578543797135353,0.2935774624347687,0.3757443130016327,0.46500106155872345,0.07420605421066284,0.10799983143806458,0.1445380225777626,0.18772467970848083,0.23241233825683594,0.12473250180482864,0.1995050460100174,0.25581350922584534,0.315073162317276,0.3887590676546096,-0.21103713661432266,-0.10929742082953453,0.0030917057301849127,0.09323320537805557,0.1713715523481369,0.5074314735977294
2026-09-02,S2B_MSIL2A_20260902T065619_R063_T40RBN_20260902T110715,5.12,False,1.037849,1.0,0.17523196786642076,0.2117958962917328,0.26931384205818176,0.3315955847501755,0.39433479607105254,0.07334434986114502,0.10632861033082008,0.13701073825359344,0.16920983791351318,0.19821254909038544,0.12030147537589074,0.18641473352909088,0.23682591319084167,0.29076674580574036,0.34255102276802063,-0.13656660765409467,-0.0691562369465828,0.00021737840870628133,0.06273788586258888,0.11612637117505072,0.5001120322652924
2026-09-04,S2C_MSIL2A_20260904T064621_R020_T40RBN_20260904T115810,5.12,False,6.975847,0.9987676450817835,0.19526918232440948,0.23960420489311218,0.32105499505996704,0.42252111434936523,0.5433880329132081,0.07609684020280838,0.10887962579727173,0.14886291325092316,0.1967400163412094,0.24651099741458893,0.10320914536714554,0.18491116166114807,0.2368369996547699,0.27962568402290344,0.31643357276916523,-0.3429222762584686,-0.19682049751281738,-0.05101434141397476,0.04748014360666275,0.11923370808362965,0.3746120770237428
2026-09-07,S2C_MSIL2A_20260907T065621_R063_T40RBN_20260907T121721,5.12,False,1.994166,1.0,0.17409615367650985,0.2185947634279728,0.2834162563085556,0.35856788605451584,0.4448015093803406,0.07218579202890396,0.10718808323144913,0.141104057431221,0.18093477189540863,0.22024556100368498,0.06629817187786102,0.14363570511341095,0.20098558068275452,0.24579812958836555,0.2849180996417999,-0.2691675156354904,-0.16505713388323784,-0.05956079438328743,0.016019299160689116,0.07985413074493405,0.30129210545970575
2026-09-09,S2A_MSIL2A_20260909T070321_R063_T40RBN_20260909T115811,5.12,False,0.714395,1.0,0.18362194001674653,0.22943638265132904,0.2978062331676483,0.3790344297885895,0.477157923579216,0.07898365259170534,0.11729630269110203,0.15602539479732513,0.2010258436203003,0.24573466181755066,0.0716623067855835,0.15705668926239014,0.21628689765930176,0.26559507846832275,0.3149864703416821,-0.28481097519397736,-0.17132122814655304,-0.05447882413864136,0.029555391520261765,0.09931310787796974,0.33355739786391814
2026-09-12,S2B_MSIL2A_20260912T065619_R063_T40RBN_20260912T110419,5.12,False,0.416125,1.0,0.1849461793899536,0.2322910875082016,0.3116011768579483,0.4012752026319504,0.5100165128707885,0.0780322477221489,0.11745170503854752,0.15980923175811768,0.2077529914677143,0.25733673572540283,0.11458609998226169,0.19331803917884827,0.2523425817489624,0.3140108287334442,0.3849188983440399,-0.2849384844303131,-0.16282669454813004,-0.033651676028966904,0.06508772633969784,0.14922519028186795,0.41437000522817236
2026-09-14,S2C_MSIL2A_20260914T064621_R020_T40RBN_20260914T114711,5.12,False,0.322534,1.0,0.18048554062843322,0.21959227696061134,0.2865774482488632,0.367773674428463,0.455159592628479,0.07381218522787095,0.10597485303878784,0.13959981501102448,0.1797395758330822,0.2182241529226303,0.12832103669643402,0.20263420417904854,0.25633011758327484,0.3195219337940216,0.3940475285053253,-0.2190378189086914,-0.11830459721386433,-0.0019633665797300637,0.08868063800036907,0.16910286396741864,0.49540667712301145
2026-09-16,S2A_MSIL2A_20260916T065321_R020_T40RBN_20260916T114652,5.12,False,11.638536,0.9983942041974755,0.18895386457443236,0.2275281846523285,0.2949925661087036,0.3753836899995804,0.46187284588813793,0.08308962732553482,0.1155681163072586,0.15506796538829803,0.19794303178787231,0.2393839329481127,0.11710718274116516,0.192643903195858,0.24500475823879242,0.29315026104450226,0.33735308051109314,-0.22077591419219972,-0.1303386464715004,-0.032863788306713104,0.042664628475904465,0.10496922433376317,0.38926500841593414
2026-09-17,S2C_MSIL2A_20260917T065621_R063_T40RBN_20260917T121802,5.12,False,0.199548,1.0,0.1880554631352425,0.2304116189479828,0.3004671186208725,0.377822183072567,0.46639252901077266,0.07675266638398173,0.1128922775387764,0.14851459860801697,0.18833805620670319,0.2280157059431076,0.10735476985573769,0.17556174099445343,0.23006144165992737,0.27801060676574707,0.32387356758117664,-0.23135162740945817,-0.13884157314896584,-0.04202735796570778,0.032980212941765785,0.09964350983500479,0.35566509821495257
