{"type": "FeatureCollection", "features": [{"type": "Feature", "geometry": {"type": "Polygon", "coordinates": [[[54.47366666666667, 24.560000000000006], [54.47366666666667, 24.559916666666673], [54.47358333333334, 24.559916666666673], [54.47358333333334, 24.55941666666667], [54.4735, 24.55941666666667], [54.4735, 24.55908333333334], [54.47341666666667, 24.55908333333334], [54.47341666666667, 24.558916666666672], [54.473333333333336, 24.558916666666672], [54.473333333333336, 24.55866666666667], [54.47325, 24.55866666666667], [54.47325, 24.558500000000006], [54.47316666666667, 24.558500000000006], [54.47316666666667, 24.55833333333334], [54.473083333333335, 24.55833333333334], [54.473083333333335, 24.55808333333334], [54.47325, 24.55808333333334], [54.47325, 24.558000000000007], [54.47341666666667, 24.558000000000007], [54.47341666666667, 24.557750000000006], [54.47383333333334, 24.557750000000006], [54.47383333333334, 24.557666666666673], [54.47408333333333, 24.557666666666673], [54.47408333333333, 24.55758333333334], [54.47541666666667, 24.55758333333334], [54.47541666666667, 24.557500000000005], [54.47666666666667, 24.557500000000005], [54.47666666666667, 24.557416666666672], [54.47691666666667, 24.557416666666672], [54.477000000000004, 24.557250000000007], [54.477250000000005, 24.557250000000007], [54.477250000000005, 24.55716666666667], [54.477583333333335, 24.55716666666667], [54.477583333333335, 24.55708333333334], [54.47916666666667, 24.55708333333334], [54.47925, 24.557250000000007], [54.4795, 24.557250000000007], [54.4795, 24.55733333333334], [54.47975, 24.55733333333334], [54.47983333333334, 24.557500000000005], [54.48008333333333, 24.557500000000005], [54.48016666666667, 24.557666666666673], [54.480333333333334, 24.557666666666673], [54.48041666666667, 24.55783333333334], [54.480583333333335, 24.55783333333334], [54.480583333333335, 24.55791666666667], [54.48075, 24.558000000000007], [54.48075, 24.558166666666672], [54.48083333333334, 24.558166666666672], [54.48083333333334, 24.55833333333334], [54.48091666666667, 24.55833333333334], [54.48091666666667, 24.558416666666673], [54.481, 24.558416666666673], [54.481, 24.55858333333334], [54.48116666666667, 24.55866666666667], [54.48116666666667, 24.55883333333334], [54.48133333333334, 24.558916666666672], [54.48133333333334, 24.55908333333334], [54.48141666666667, 24.55908333333334], [54.48141666666667, 24.559250000000006], [54.481500000000004, 24.559250000000006], [54.48158333333333, 24.55941666666667], [54.48166666666667, 24.55941666666667], [54.48166666666667, 24.55933333333334], [54.481750000000005, 24.55933333333334], [54.481750000000005, 24.559166666666673], [54.48191666666667, 24.559166666666673], [54.48191666666667, 24.559000000000005], [54.482083333333335, 24.558916666666672], [54.482083333333335, 24.55883333333334], [54.48216666666667, 24.55883333333334], [54.48216666666667, 24.55866666666667], [54.48225, 24.55866666666667], [54.48225, 24.55858333333334], [54.48241666666667, 24.55858333333334], [54.48241666666667, 24.558500000000006], [54.48258333333334, 24.558500000000006], [54.48266666666667, 24.55833333333334], [54.48291666666667, 24.55833333333334], [54.483000000000004, 24.558166666666672], [54.483250000000005, 24.558166666666672], [54.483250000000005, 24.55808333333334], [54.483583333333335, 24.55808333333334], [54.483583333333335, 24.55791666666667], [54.4835, 24.55791666666667], [54.4835, 24.557750000000006], [54.483333333333334, 24.557666666666673], [54.483333333333334, 24.557416666666672], [54.483250000000005, 24.557416666666672], [54.483250000000005, 24.55733333333334], [54.48308333333333, 24.55733333333334], [54.48308333333333, 24.55708333333334], [54.483000000000004, 24.55708333333334], [54.483000000000004, 24.55683333333334], [54.48291666666667, 24.55683333333334], [54.48291666666667, 24.55658333333334], [54.48283333333334, 24.55658333333334], [54.48283333333334, 24.55641666666667], [54.48291666666667, 24.55641666666667], [54.48291666666667, 24.555750000000007], [54.48283333333334, 24.555750000000007], [54.48283333333334, 24.55533333333334], [54.483000000000004, 24.555250000000004], [54.483000000000004, 24.55508333333334], [54.48308333333333, 24.55508333333334], [54.48308333333333, 24.555000000000007], [54.483250000000005, 24.55491666666667], [54.483250000000005, 24.554666666666673], [54.483333333333334, 24.554666666666673], [54.483333333333334, 24.554500000000004], [54.48341666666667, 24.554500000000004], [54.48341666666667, 24.554416666666672], [54.48366666666667, 24.554416666666672], [54.48366666666667, 24.554500000000004], [54.48416666666667, 24.554500000000004], [54.48416666666667, 24.554416666666672], [54.485083333333336, 24.554416666666672], [54.485, 24.55458333333334], [54.48516666666667, 24.554666666666673], [54.48516666666667, 24.55491666666667], [54.485083333333336, 24.55491666666667], [54.485083333333336, 24.555000000000007], [54.48491666666667, 24.55508333333334], [54.48491666666667, 24.555250000000004], [54.485, 24.555250000000004], [54.485, 24.55566666666667], [54.48516666666667, 24.55566666666667], [54.48516666666667, 24.55583333333334], [54.48558333333334, 24.55583333333334], [54.48566666666667, 24.556000000000004], [54.48591666666667, 24.556000000000004], [54.48591666666667, 24.555916666666672], [54.48583333333334, 24.555916666666672], [54.48583333333334, 24.555750000000007], [54.486000000000004, 24.55566666666667], [54.486000000000004, 24.555583333333338], [54.4865, 24.555583333333338], [54.4865, 24.555916666666672], [54.48733333333334, 24.555916666666672], [54.48733333333334, 24.55608333333334], [54.487500000000004, 24.556166666666673], [54.487500000000004, 24.556666666666672], [54.48741666666667, 24.556666666666672], [54.487500000000004, 24.55683333333334], [54.48741666666667, 24.55683333333334], [54.48741666666667, 24.55733333333334], [54.48733333333334, 24.55733333333334], [54.48733333333334, 24.557500000000005], [54.48725, 24.557500000000005], [54.48725, 24.55866666666667], [54.48708333333334, 24.55866666666667], [54.487, 24.55883333333334], [54.48691666666667, 24.55883333333334], [54.48691666666667, 24.558750000000007], [54.48683333333334, 24.558750000000007], [54.48683333333334, 24.55883333333334], [54.48666666666667, 24.558750000000007], [54.48666666666667, 24.558916666666672], [54.48675, 24.558916666666672], [54.48675, 24.55908333333334], [54.48683333333334, 24.55908333333334], [54.48683333333334, 24.559250000000006], [54.48691666666667, 24.559250000000006], [54.48691666666667, 24.55933333333334], [54.487, 24.55933333333334], [54.487, 24.559500000000007], [54.48716666666667, 24.55958333333334], [54.48716666666667, 24.559916666666673], [54.48708333333334, 24.559916666666673], [54.48708333333334, 24.560000000000006], [54.48008333333333, 24.560000000000006], [54.48008333333333, 24.559916666666673], [54.47991666666667, 24.559916666666673], [54.47991666666667, 24.560000000000006], [54.479000000000006, 24.560000000000006], [54.479000000000006, 24.559916666666673], [54.47891666666667, 24.559916666666673], [54.47891666666667, 24.559750000000005], [54.479000000000006, 24.559750000000005], [54.479000000000006, 24.559666666666672], [54.47891666666667, 24.559666666666672], [54.47891666666667, 24.55933333333334], [54.478833333333334, 24.55933333333334], [54.47891666666667, 24.559166666666673], [54.478833333333334, 24.559166666666673], [54.478833333333334, 24.55908333333334], [54.478750000000005, 24.55908333333334], [54.478750000000005, 24.559166666666673], [54.47858333333333, 24.559166666666673], [54.478500000000004, 24.55933333333334], [54.47833333333334, 24.55941666666667], [54.47833333333334, 24.559750000000005], [54.47841666666667, 24.559750000000005], [54.47841666666667, 24.559916666666673], [54.47833333333334, 24.559916666666673], [54.47833333333334, 24.560000000000006], [54.476333333333336, 24.560000000000006], [54.476333333333336, 24.559916666666673], [54.47616666666667, 24.55983333333334], [54.47616666666667, 24.559750000000005], [54.476000000000006, 24.559666666666672], [54.476000000000006, 24.55958333333334], [54.47591666666667, 24.55958333333334], [54.47591666666667, 24.55983333333334], [54.476000000000006, 24.55983333333334], [54.476083333333335, 24.560000000000006], [54.47366666666667, 24.560000000000006]], [[54.47991666666667, 24.55958333333334], [54.480000000000004, 24.55958333333334], [54.480000000000004, 24.559500000000007], [54.47991666666667, 24.559500000000007], [54.47991666666667, 24.55958333333334]], [[54.479000000000006, 24.558166666666672], [54.479083333333335, 24.558166666666672], [54.479083333333335, 24.55808333333334], [54.479000000000006, 24.55808333333334], [54.479000000000006, 24.558166666666672]], [[54.48591666666667, 24.55658333333334], [54.48616666666667, 24.55658333333334], [54.48616666666667, 24.556500000000007], [54.48591666666667, 24.556500000000007], [54.48591666666667, 24.55658333333334]], [[54.48375, 24.556500000000007], [54.48391666666667, 24.556500000000007], [54.48391666666667, 24.556250000000006], [54.48375, 24.55633333333334], [54.48375, 24.556500000000007]], [[54.486250000000005, 24.556500000000007], [54.486333333333334, 24.556500000000007], [54.486333333333334, 24.55641666666667], [54.486250000000005, 24.55641666666667], [54.486250000000005, 24.556500000000007]], [[54.48425, 24.55491666666667], [54.484500000000004, 24.55491666666667], [54.484500000000004, 24.554833333333338], [54.48441666666667, 24.554833333333338], [54.48441666666667, 24.554750000000006], [54.48416666666667, 24.554750000000006], [54.48408333333334, 24.55458333333334], [54.48391666666667, 24.55458333333334], [54.48391666666667, 24.554750000000006], [54.48408333333334, 24.554750000000006], [54.48408333333334, 24.554833333333338], [54.48425, 24.554833333333338], [54.48425, 24.55491666666667]], [[54.48466666666667, 24.554833333333338], [54.484833333333334, 24.554833333333338], [54.484833333333334, 24.554750000000006], [54.48466666666667, 24.554750000000006], [54.48466666666667, 24.554833333333338]]]}, "properties": {"stand": 14, "area_ha": 59.4, "alert": false, "z": 0.96}}, {"type": "Feature", "geometry": {"type": "Polygon", "coordinates": [[[54.46808333333334, 24.560000000000006], [54.46808333333334, 24.559750000000005], [54.46791666666667, 24.559666666666672], [54.46791666666667, 24.55958333333334], [54.468, 24.55958333333334], [54.468, 24.55941666666667], [54.4675, 24.559166666666673], [54.4675, 24.55883333333334], [54.46758333333334, 24.55883333333334], [54.46758333333334, 24.558166666666672], [54.46741666666667, 24.55808333333334], [54.46741666666667, 24.55791666666667], [54.467333333333336, 24.55791666666667], [54.467333333333336, 24.55783333333334], [54.46716666666667, 24.55783333333334], [54.46716666666667, 24.557666666666673], [54.467333333333336, 24.557666666666673], [54.467333333333336, 24.557750000000006], [54.46741666666667, 24.557750000000006], [54.4675, 24.55791666666667], [54.467666666666666, 24.558000000000007], [54.467666666666666, 24.55808333333334], [54.46783333333334, 24.55808333333334], [54.46791666666667, 24.55791666666667], [54.46808333333334, 24.55791666666667], [54.46808333333334, 24.55783333333334], [54.468250000000005, 24.55783333333334], [54.468250000000005, 24.557750000000006], [54.468333333333334, 24.557750000000006], [54.468333333333334, 24.55783333333334], [54.468500000000006, 24.55783333333334], [54.468500000000006, 24.557750000000006], [54.46866666666667, 24.557666666666673], [54.46866666666667, 24.55758333333334], [54.46891666666667, 24.55758333333334], [54.46891666666667, 24.557500000000005], [54.468833333333336, 24.557500000000005], [54.46875, 24.55733333333334], [54.468583333333335, 24.55733333333334], [54.468583333333335, 24.557250000000007], [54.46841666666667, 24.557250000000007], [54.46841666666667, 24.55716666666667], [54.468333333333334, 24.55716666666667], [54.468250000000005, 24.557000000000006], [54.46808333333334, 24.557000000000006], [54.46808333333334, 24.55708333333334], [54.46791666666667, 24.55716666666667], [54.46791666666667, 24.55733333333334], [54.46783333333334, 24.55733333333334], [54.46783333333334, 24.557250000000007], [54.467666666666666, 24.557250000000007], [54.467666666666666, 24.55716666666667], [54.467333333333336, 24.55716666666667], [54.467333333333336, 24.55708333333334], [54.46725, 24.55708333333334], [54.46725, 24.55716666666667], [54.467083333333335, 24.55716666666667], [54.467083333333335, 24.557250000000007], [54.46691666666667, 24.557250000000007], [54.46691666666667, 24.55733333333334], [54.46658333333334, 24.55733333333334], [54.46658333333334, 24.557416666666672], [54.46641666666667, 24.557416666666672], [54.46641666666667, 24.557500000000005], [54.46625, 24.557500000000005], [54.46625, 24.557416666666672], [54.466166666666666, 24.557416666666672], [54.46608333333334, 24.557250000000007], [54.46591666666667, 24.557250000000007], [54.46591666666667, 24.55716666666667], [54.46575, 24.55708333333334], [54.46566666666667, 24.556916666666673], [54.465333333333334, 24.556916666666673], [54.465333333333334, 24.556750000000005], [54.46541666666667, 24.556750000000005], [54.46541666666667, 24.55658333333334], [54.46566666666667, 24.55658333333334], [54.46566666666667, 24.55641666666667], [54.465833333333336, 24.55641666666667], [54.465833333333336, 24.55633333333334], [54.46608333333334, 24.55633333333334], [54.46608333333334, 24.556250000000006], [54.46625, 24.556166666666673], [54.46625, 24.55608333333334], [54.467083333333335, 24.55608333333334], [54.467083333333335, 24.556166666666673], [54.46741666666667, 24.556166666666673], [54.4675, 24.55633333333334], [54.467666666666666, 24.55633333333334], [54.467666666666666, 24.55641666666667], [54.46775, 24.55641666666667], [54.46775, 24.55658333333334], [54.46791666666667, 24.55658333333334], [54.46791666666667, 24.55633333333334], [54.46775, 24.55633333333334], [54.46775, 24.556250000000006], [54.467666666666666, 24.556250000000006], [54.46758333333334, 24.55608333333334], [54.46741666666667, 24.55608333333334], [54.46741666666667, 24.555750000000007], [54.46758333333334, 24.555750000000007], [54.46758333333334, 24.555500000000006], [54.467666666666666, 24.555500000000006], [54.467666666666666, 24.555416666666673], [54.46741666666667, 24.555416666666673], [54.46741666666667, 24.555583333333338], [54.46725, 24.555583333333338], [54.46725, 24.555750000000007], [54.466750000000005, 24.555750000000007], [54.466750000000005, 24.55566666666667], [54.46641666666667, 24.55566666666667], [54.46641666666667, 24.555583333333338], [54.46608333333334, 24.555583333333338], [54.466, 24.555750000000007], [54.465833333333336, 24.555750000000007], [54.465833333333336, 24.55583333333334], [54.46575, 24.55583333333334], [54.46566666666667, 24.556000000000004], [54.465500000000006, 24.556000000000004], [54.465500000000006, 24.55608333333334], [54.465, 24.55608333333334], [54.465, 24.556166666666673], [54.4645, 24.556166666666673], [54.4645, 24.55608333333334], [54.464333333333336, 24.55608333333334], [54.464333333333336, 24.556000000000004], [54.46416666666667, 24.556000000000004], [54.46416666666667, 24.55608333333334], [54.464000000000006, 24.55608333333334], [54.464000000000006, 24.556166666666673], [54.463750000000005, 24.556166666666673], [54.463750000000005, 24.556250000000006], [54.463166666666666, 24.556250000000006], [54.463166666666666, 24.55608333333334], [54.46308333333334, 24.55608333333334], [54.46308333333334, 24.555916666666672], [54.46291666666667, 24.55583333333334], [54.46291666666667, 24.55566666666667], [54.463, 24.55566666666667], [54.463, 24.555750000000007], [54.46333333333334, 24.555750000000007], [54.46333333333334, 24.55583333333334], [54.46358333333334, 24.55583333333334], [54.46358333333334, 24.555750000000007], [54.46383333333333, 24.555750000000007], [54.46383333333333, 24.55566666666667], [54.463750000000005, 24.55566666666667], [54.463750000000005, 24.555500000000006], [54.4635, 24.555500000000006], [54.4635, 24.555583333333338], [54.46341666666667, 24.555583333333338], [54.46341666666667, 24.555500000000006], [54.463166666666666, 24.555500000000006], [54.463166666666666, 24.555583333333338], [54.46308333333334, 24.555583333333338], [54.46308333333334, 24.555500000000006], [54.46291666666667, 24.555500000000006], [54.46291666666667, 24.555583333333338], [54.462833333333336, 24.555583333333338], [54.462833333333336, 24.55533333333334], [54.46275, 24.55533333333334], [54.46275, 24.554416666666672], [54.46266666666667, 24.554416666666672], [54.46266666666667, 24.554166666666674], [54.46275, 24.554166666666674], [54.46275, 24.554000000000006], [54.46266666666667, 24.554000000000006], [54.46266666666667, 24.553750000000004], [54.46275, 24.553750000000004], [54.46275, 24.55358333333334], [54.462833333333336, 24.55358333333334], [54.462833333333336, 24.553333333333338], [54.46291666666667, 24.553333333333338], [54.46291666666667, 24.553166666666673], [54.46308333333334, 24.553166666666673], [54.46308333333334, 24.553000000000004], [54.46325, 24.552916666666672], [54.46325, 24.55283333333334], [54.46333333333334, 24.55283333333334], [54.46325, 24.552666666666674], [54.46333333333334, 24.552666666666674], [54.46333333333334, 24.552583333333338], [54.46358333333334, 24.552583333333338], [54.46358333333334, 24.55283333333334], [54.463750000000005, 24.55283333333334], [54.463750000000005, 24.552916666666672], [54.464000000000006, 24.552916666666672], [54.464083333333335, 24.55308333333334], [54.46425, 24.55308333333334], [54.46425, 24.553166666666673], [54.46541666666667, 24.553166666666673], [54.46541666666667, 24.55308333333334], [54.465583333333335, 24.55308333333334], [54.465583333333335, 24.553000000000004], [54.465833333333336, 24.553000000000004], [54.465833333333336, 24.552916666666672], [54.466, 24.552916666666672], [54.466, 24.55283333333334], [54.46625, 24.55283333333334], [54.46625, 24.552750000000007], [54.46641666666667, 24.552750000000007], [54.46641666666667, 24.552666666666674], [54.46658333333334, 24.552666666666674], [54.46658333333334, 24.552583333333338], [54.466750000000005, 24.552583333333338], [54.466750000000005, 24.552416666666673], [54.466833333333334, 24.552416666666673], [54.466833333333334, 24.552250000000004], [54.46691666666667, 24.552250000000004], [54.46691666666667, 24.55208333333334], [54.467000000000006, 24.55208333333334], [54.467000000000006, 24.551833333333338], [54.46716666666667, 24.551833333333338], [54.46716666666667, 24.551666666666673], [54.46725, 24.551666666666673], [54.46725, 24.551000000000005], [54.467333333333336, 24.551000000000005], [54.467333333333336, 24.550500000000007], [54.46741666666667, 24.550500000000007], [54.46741666666667, 24.55008333333334], [54.467333333333336, 24.55008333333334], [54.46741666666667, 24.54991666666667], [54.467333333333336, 24.54991666666667], [54.467333333333336, 24.549750000000007], [54.46725, 24.549750000000007], [54.46725, 24.549583333333338], [54.467083333333335, 24.549500000000005], [54.467083333333335, 24.54933333333334], [54.46716666666667, 24.54933333333334], [54.46716666666667, 24.549250000000004], [54.46741666666667, 24.549250000000004], [54.46741666666667, 24.54916666666667], [54.46758333333334, 24.54908333333334], [54.46758333333334, 24.549000000000007], [54.46775, 24.549000000000007], [54.46775, 24.548916666666674], [54.46791666666667, 24.548916666666674], [54.46791666666667, 24.548750000000005], [54.468, 24.548750000000005], [54.468, 24.548666666666673], [54.46816666666667, 24.548666666666673], [54.46816666666667, 24.54858333333334], [54.468250000000005, 24.54858333333334], [54.468250000000005, 24.54841666666667], [54.468500000000006, 24.54841666666667], [54.468500000000006, 24.54833333333334], [54.46891666666667, 24.54833333333334], [54.469, 24.548500000000004], [54.46908333333334, 24.548500000000004], [54.46908333333334, 24.548833333333338], [54.46925, 24.548833333333338], [54.46925, 24.548916666666674], [54.469833333333334, 24.548916666666674], [54.469833333333334, 24.549000000000007], [54.470083333333335, 24.549000000000007], [54.470083333333335, 24.548833333333338], [54.470333333333336, 24.548833333333338], [54.470333333333336, 24.548666666666673], [54.47041666666667, 24.548666666666673], [54.47041666666667, 24.54858333333334], [54.47091666666667, 24.54858333333334], [54.47091666666667, 24.548500000000004], [54.47108333333333, 24.548500000000004], [54.47108333333333, 24.54833333333334], [54.47116666666667, 24.54833333333334], [54.47116666666667, 24.548083333333338], [54.47091666666667, 24.548083333333338], [54.47091666666667, 24.548000000000005], [54.47083333333334, 24.548000000000005], [54.47083333333334, 24.54783333333334], [54.47116666666667, 24.54783333333334], [54.47116666666667, 24.547750000000004], [54.471333333333334, 24.547750000000004], [54.471333333333334, 24.54766666666667], [54.471833333333336, 24.54766666666667], [54.471833333333336, 24.54758333333334], [54.47225, 24.54758333333334], [54.47225, 24.547500000000007], [54.47266666666667, 24.547500000000007], [54.47266666666667, 24.547416666666674], [54.47316666666667, 24.547416666666674], [54.47316666666667, 24.547333333333338], [54.47366666666667, 24.547333333333338], [54.47366666666667, 24.547250000000005], [54.474000000000004, 24.547250000000005], [54.474000000000004, 24.547166666666673], [54.47441666666667, 24.547166666666673], [54.47441666666667, 24.54708333333334], [54.47475, 24.54708333333334], [54.47475, 24.547000000000004], [54.47525, 24.547000000000004], [54.47525, 24.54691666666667], [54.47558333333333, 24.54691666666667], [54.47558333333333, 24.54683333333334], [54.475833333333334, 24.54683333333334], [54.475833333333334, 24.546750000000007], [54.47625, 24.546750000000007], [54.47625, 24.546666666666674], [54.47641666666667, 24.546666666666674], [54.47641666666667, 24.546583333333338], [54.47658333333334, 24.546583333333338], [54.47658333333334, 24.546666666666674], [54.47675, 24.546666666666674], [54.47675, 24.546750000000007], [54.47683333333334, 24.546750000000007], [54.47683333333334, 24.54691666666667], [54.47666666666667, 24.54691666666667], [54.47666666666667, 24.54708333333334], [54.47675, 24.54708333333334], [54.47675, 24.547166666666673], [54.47691666666667, 24.547166666666673], [54.47691666666667, 24.547250000000005], [54.47708333333333, 24.547333333333338], [54.47708333333333, 24.547416666666674], [54.47716666666667, 24.547416666666674], [54.47716666666667, 24.547500000000007], [54.477500000000006, 24.547500000000007], [54.477500000000006, 24.54758333333334], [54.47791666666667, 24.54758333333334], [54.47791666666667, 24.54766666666667], [54.47808333333334, 24.547750000000004], [54.47816666666667, 24.547916666666673], [54.47825, 24.547916666666673], [54.47825, 24.548000000000005], [54.47808333333334, 24.548000000000005], [54.47808333333334, 24.548166666666674], [54.47833333333334, 24.548166666666674], [54.47833333333334, 24.548000000000005], [54.47841666666667, 24.548000000000005], [54.47841666666667, 24.547916666666673], [54.478500000000004, 24.547916666666673], [54.478500000000004, 24.548000000000005], [54.47866666666667, 24.548000000000005], [54.47866666666667, 24.548083333333338], [54.479000000000006, 24.548083333333338], [54.479083333333335, 24.548250000000007], [54.47916666666667, 24.548250000000007], [54.47916666666667, 24.548500000000004], [54.47925, 24.548500000000004], [54.47925, 24.548916666666674], [54.47916666666667, 24.548916666666674], [54.47916666666667, 24.549000000000007], [54.479000000000006, 24.549000000000007], [54.479000000000006, 24.54908333333334], [54.478833333333334, 24.54908333333334], [54.478833333333334, 24.549250000000004], [54.479083333333335, 24.549250000000004], [54.479083333333335, 24.54916666666667], [54.47925, 24.54916666666667], [54.47925, 24.549000000000007], [54.47933333333334, 24.549000000000007], [54.47933333333334, 24.54908333333334], [54.4795, 24.54916666666667], [54.4795, 24.549250000000004], [54.47933333333334, 24.549250000000004], [54.47933333333334, 24.549500000000005], [54.47941666666667, 24.549500000000005], [54.47941666666667, 24.55008333333334], [54.4795, 24.55008333333334], [54.4795, 24.550333333333338], [54.47966666666667, 24.550333333333338], [54.47966666666667, 24.550250000000005], [54.47991666666667, 24.550250000000005], [54.47991666666667, 24.550166666666673], [54.480000000000004, 24.550166666666673], [54.480000000000004, 24.55066666666667], [54.47991666666667, 24.55066666666667], [54.47991666666667, 24.550750000000004], [54.47975, 24.550750000000004], [54.47975, 24.55083333333334], [54.47958333333334, 24.55083333333334], [54.47958333333334, 24.550916666666673], [54.4795, 24.550916666666673], [54.47941666666667, 24.551083333333338], [54.4795, 24.551083333333338], [54.4795, 24.551166666666674], [54.47966666666667, 24.551250000000007], [54.47966666666667, 24.55141666666667], [54.47983333333334, 24.551500000000004], [54.47983333333334, 24.55158333333334], [54.47991666666667, 24.55158333333334], [54.47991666666667, 24.551750000000006], [54.48008333333333, 24.551833333333338], [54.48008333333333, 24.55208333333334], [54.48016666666667, 24.55208333333334], [54.48016666666667, 24.55233333333334], [54.480250000000005, 24.55233333333334], [54.480250000000005, 24.553666666666672], [54.48008333333333, 24.553666666666672], [54.48008333333333, 24.554000000000006], [54.480000000000004, 24.554000000000006], [54.480000000000004, 24.554250000000007], [54.47983333333334, 24.55433333333334], [54.47983333333334, 24.554500000000004], [54.47966666666667, 24.554500000000004], [54.47966666666667, 24.55458333333334], [54.47958333333334, 24.55458333333334], [54.47958333333334, 24.554750000000006], [54.4795, 24.554750000000006], [54.47941666666667, 24.55491666666667], [54.47933333333334, 24.55491666666667], [54.47933333333334, 24.55508333333334], [54.47916666666667, 24.55508333333334], [54.479083333333335, 24.555250000000004], [54.47891666666667, 24.555250000000004], [54.47891666666667, 24.55533333333334], [54.47866666666667, 24.55533333333334], [54.47866666666667, 24.555416666666673], [54.47858333333333, 24.555416666666673], [54.478500000000004, 24.555583333333338], [54.47816666666667, 24.555583333333338], [54.47816666666667, 24.55566666666667], [54.478, 24.555583333333338], [54.47791666666667, 24.555750000000007], [54.477833333333336, 24.555750000000007], [54.477833333333336, 24.55566666666667], [54.477500000000006, 24.55566666666667], [54.477500000000006, 24.555750000000007], [54.477333333333334, 24.555750000000007], [54.477333333333334, 24.55566666666667], [54.4765, 24.55566666666667], [54.47641666666667, 24.55583333333334], [54.47625, 24.555916666666672], [54.47625, 24.55608333333334], [54.476083333333335, 24.55608333333334], [54.476083333333335, 24.556166666666673], [54.476000000000006, 24.556166666666673], [54.476000000000006, 24.55633333333334], [54.475833333333334, 24.55641666666667], [54.475833333333334, 24.55658333333334], [54.475750000000005, 24.55658333333334], [54.475750000000005, 24.556666666666672], [54.47558333333333, 24.556666666666672], [54.47541666666667, 24.557000000000006], [54.47525, 24.557000000000006], [54.47525, 24.55708333333334], [54.47508333333334, 24.55708333333334], [54.47508333333334, 24.55716666666667], [54.47491666666667, 24.55716666666667], [54.47491666666667, 24.557250000000007], [54.474833333333336, 24.557250000000007], [54.47475, 24.557416666666672], [54.474583333333335, 24.55733333333334], [54.474583333333335, 24.557416666666672], [54.474250000000005, 24.557416666666672], [54.474250000000005, 24.557500000000005], [54.474000000000004, 24.557500000000005], [54.474000000000004, 24.55758333333334], [54.47391666666667, 24.55758333333334], [54.47391666666667, 24.557500000000005], [54.4735, 24.557500000000005], [54.4735, 24.55758333333334], [54.47325, 24.55758333333334], [54.47325, 24.557666666666673], [54.473000000000006, 24.557666666666673], [54.473000000000006, 24.55733333333334], [54.47291666666667, 24.55733333333334], [54.47291666666667, 24.55716666666667], [54.472833333333334, 24.55716666666667], [54.472833333333334, 24.55683333333334], [54.472750000000005, 24.55683333333334], [54.472750000000005, 24.556666666666672], [54.47266666666667, 24.556666666666672], [54.47258333333333, 24.556500000000007], [54.47241666666667, 24.556500000000007], [54.47241666666667, 24.55633333333334], [54.47225, 24.55633333333334], [54.47225, 24.556250000000006], [54.472166666666666, 24.556250000000006], [54.472166666666666, 24.55608333333334], [54.472500000000004, 24.55608333333334], [54.47258333333333, 24.555916666666672], [54.472750000000005, 24.555916666666672], [54.472833333333334, 24.555750000000007], [54.473000000000006, 24.555750000000007], [54.473000000000006, 24.55566666666667], [54.473083333333335, 24.55566666666667], [54.473083333333335, 24.555583333333338], [54.473000000000006, 24.555583333333338], [54.473000000000006, 24.555500000000006], [54.473083333333335, 24.555500000000006], [54.473083333333335, 24.55533333333334], [54.47325, 24.55533333333334], [54.47325, 24.555416666666673], [54.47341666666667, 24.555416666666673], [54.47341666666667, 24.555500000000006], [54.4735, 24.555500000000006], [54.4735, 24.555583333333338], [54.473333333333336, 24.555583333333338], [54.473333333333336, 24.55566666666667], [54.47325, 24.55566666666667], [54.47325, 24.55608333333334], [54.473333333333336, 24.55608333333334], [54.473333333333336, 24.55658333333334], [54.47383333333334, 24.55658333333334], [54.47383333333334, 24.556500000000007], [54.47391666666667, 24.556500000000007], [54.47391666666667, 24.556250000000006], [54.47408333333333, 24.556250000000006], [54.47408333333333, 24.556166666666673], [54.47416666666667, 24.556166666666673], [54.47416666666667, 24.555916666666672], [54.474000000000004, 24.55583333333334], [54.474000000000004, 24.55566666666667], [54.47358333333334, 24.55566666666667], [54.47358333333334, 24.555416666666673], [54.47366666666667, 24.555416666666673], [54.47366666666667, 24.555250000000004], [54.47383333333334, 24.555250000000004], [54.47383333333334, 24.555166666666672], [54.474000000000004, 24.555166666666672], [54.474000000000004, 24.554750000000006], [54.47408333333333, 24.554750000000006], [54.47408333333333, 24.55458333333334], [54.47416666666667, 24.55458333333334], [54.47416666666667, 24.554500000000004], [54.474333333333334, 24.554500000000004], [54.474333333333334, 24.55458333333334], [54.474833333333336, 24.55458333333334], [54.474833333333336, 24.554250000000007], [54.47475, 24.554250000000007], [54.47475, 24.554166666666674], [54.47491666666667, 24.554166666666674], [54.47491666666667, 24.553916666666673], [54.474833333333336, 24.553916666666673], [54.474833333333336, 24.55383333333334], [54.47466666666667, 24.55383333333334], [54.474583333333335, 24.553666666666672], [54.474333333333334, 24.553666666666672], [54.474333333333334, 24.553333333333338], [54.47441666666667, 24.553333333333338], [54.474333333333334, 24.553166666666673], [54.474000000000004, 24.553166666666673], [54.474000000000004, 24.553250000000006], [54.47391666666667, 24.553250000000006], [54.47391666666667, 24.553416666666674], [54.47383333333334, 24.553416666666674], [54.47383333333334, 24.553666666666672], [54.47366666666667, 24.553666666666672], [54.47366666666667, 24.553750000000004], [54.4735, 24.553750000000004], [54.4735, 24.55383333333334], [54.47341666666667, 24.55383333333334], [54.47341666666667, 24.554083333333338], [54.473333333333336, 24.554083333333338], [54.473333333333336, 24.554166666666674], [54.47316666666667, 24.554166666666674], [54.47316666666667, 24.554416666666672], [54.473083333333335, 24.554416666666672], [54.473083333333335, 24.55458333333334], [54.473000000000006, 24.55458333333334], [54.473000000000006, 24.554666666666673], [54.47258333333333, 24.554666666666673], [54.47258333333333, 24.554750000000006], [54.47241666666667, 24.554833333333338], [54.47241666666667, 24.55491666666667], [54.471583333333335, 24.55491666666667], [54.471583333333335, 24.55508333333334], [54.471833333333336, 24.55508333333334], [54.471833333333336, 24.555166666666672], [54.472, 24.555250000000004], [54.472, 24.55533333333334], [54.47208333333334, 24.55533333333334], [54.47208333333334, 24.555416666666673], [54.472, 24.555416666666673], [54.472, 24.555583333333338], [54.47175, 24.555583333333338], [54.47175, 24.55566666666667], [54.471500000000006, 24.55566666666667], [54.471500000000006, 24.556000000000004], [54.471583333333335, 24.556000000000004], [54.471583333333335, 24.55608333333334], [54.47141666666667, 24.55608333333334], [54.47141666666667, 24.55633333333334], [54.471250000000005, 24.55633333333334], [54.471250000000005, 24.55641666666667], [54.47141666666667, 24.55641666666667], [54.47141666666667, 24.556500000000007], [54.471500000000006, 24.556500000000007], [54.471500000000006, 24.556666666666672], [54.471583333333335, 24.556666666666672], [54.471583333333335, 24.556750000000005], [54.47175, 24.556750000000005], [54.47175, 24.55683333333334], [54.471833333333336, 24.55683333333334], [54.47191666666667, 24.557000000000006], [54.472166666666666, 24.557000000000006], [54.472166666666666, 24.55708333333334], [54.47233333333334, 24.55716666666667], [54.47233333333334, 24.557250000000007], [54.472500000000004, 24.557250000000007], [54.472500000000004, 24.55733333333334], [54.47258333333333, 24.55733333333334], [54.47258333333333, 24.557416666666672], [54.472500000000004, 24.557416666666672], [54.472500000000004, 24.557666666666673], [54.47241666666667, 24.557666666666673], [54.47241666666667, 24.55783333333334], [54.47225, 24.55791666666667], [54.47225, 24.558000000000007], [54.47233333333334, 24.558000000000007], [54.47233333333334, 24.558250000000005], [54.47241666666667, 24.558250000000005], [54.47241666666667, 24.558416666666673], [54.472500000000004, 24.558416666666673], [54.472500000000004, 24.55866666666667], [54.47258333333333, 24.55866666666667], [54.47258333333333, 24.558916666666672], [54.47266666666667, 24.558916666666672], [54.47266666666667, 24.559000000000005], [54.472750000000005, 24.559000000000005], [54.472833333333334, 24.559166666666673], [54.47291666666667, 24.559166666666673], [54.47291666666667, 24.55983333333334], [54.472750000000005, 24.55983333333334], [54.472750000000005, 24.560000000000006], [54.4705, 24.560000000000006], [54.4705, 24.559666666666672], [54.47058333333334, 24.559666666666672], [54.47058333333334, 24.559500000000007], [54.47041666666667, 24.559500000000007], [54.47041666666667, 24.55958333333334], [54.47025, 24.55958333333334], [54.47025, 24.559666666666672], [54.47016666666667, 24.559666666666672], [54.47016666666667, 24.55958333333334], [54.470000000000006, 24.55958333333334], [54.470000000000006, 24.559666666666672], [54.469833333333334, 24.559750000000005], [54.469833333333334, 24.55983333333334], [54.46933333333334, 24.55983333333334], [54.46933333333334, 24.559916666666673], [54.469166666666666, 24.559916666666673], [54.469166666666666, 24.560000000000006], [54.46908333333334, 24.560000000000006], [54.46908333333334, 24.559916666666673], [54.46875, 24.559916666666673], [54.46875, 24.560000000000006], [54.46866666666667, 24.560000000000006], [54.46866666666667, 24.559916666666673], [54.46841666666667, 24.559916666666673], [54.46841666666667, 24.560000000000006], [54.46808333333334, 24.560000000000006]], [[54.46625, 24.555500000000006], [54.46633333333334, 24.555500000000006], [54.46633333333334, 24.55533333333334], [54.46625, 24.55533333333334], [54.46625, 24.555500000000006]], [[54.4645, 24.55491666666667], [54.46458333333334, 24.55491666666667], [54.46458333333334, 24.554833333333338], [54.4645, 24.554833333333338], [54.4645, 24.55491666666667]], [[54.46775, 24.553500000000007], [54.46791666666667, 24.553500000000007], [54.468, 24.553333333333338], [54.46808333333334, 24.553333333333338], [54.46808333333334, 24.553000000000004], [54.46816666666667, 24.553000000000004], [54.46816666666667, 24.552750000000007], [54.46808333333334, 24.552750000000007], [54.46808333333334, 24.552666666666674], [54.468, 24.552666666666674], [54.468, 24.55283333333334], [54.46791666666667, 24.55283333333334], [54.46791666666667, 24.553000000000004], [54.46783333333334, 24.553000000000004], [54.46783333333334, 24.553166666666673], [54.46775, 24.553166666666673], [54.46775, 24.553500000000007]], [[54.46875, 24.551750000000006], [54.46891666666667, 24.551750000000006], [54.46891666666667, 24.55158333333334], [54.469, 24.55158333333334], [54.469, 24.551500000000004], [54.46891666666667, 24.551500000000004], [54.46891666666667, 24.55133333333334], [54.468833333333336, 24.55133333333334], [54.468833333333336, 24.551166666666674], [54.46875, 24.551166666666674], [54.46866666666667, 24.551000000000005], [54.468333333333334, 24.551000000000005], [54.46841666666667, 24.551166666666674], [54.468250000000005, 24.551250000000007], [54.468250000000005, 24.551500000000004], [54.468333333333334, 24.551500000000004], [54.468333333333334, 24.55158333333334], [54.46866666666667, 24.55158333333334], [54.46875, 24.551750000000006]], [[54.47825, 24.55141666666667], [54.47841666666667, 24.55141666666667], [54.47841666666667, 24.55133333333334], [54.47825, 24.55133333333334], [54.47825, 24.55141666666667]], [[54.46966666666667, 24.551166666666674], [54.470000000000006, 24.551166666666674], [54.470000000000006, 24.550916666666673], [54.46991666666667, 24.550916666666673], [54.470000000000006, 24.550750000000004], [54.46991666666667, 24.550750000000004], [54.469833333333334, 24.55058333333334], [54.469750000000005, 24.55058333333334], [54.469750000000005, 24.55083333333334], [54.46925, 24.55083333333334], [54.46925, 24.550916666666673], [54.469500000000004, 24.550916666666673], [54.469500000000004, 24.551000000000005], [54.46966666666667, 24.551000000000005], [54.46966666666667, 24.551166666666674]], [[54.479000000000006, 24.551166666666674], [54.47916666666667, 24.551166666666674], [54.47925, 24.551000000000005], [54.47941666666667, 24.551000000000005], [54.47941666666667, 24.550916666666673], [54.47925, 24.550916666666673], [54.47925, 24.55066666666667], [54.47916666666667, 24.55066666666667], [54.47916666666667, 24.55058333333334], [54.479000000000006, 24.55066666666667], [54.479000000000006, 24.551166666666674]], [[54.469, 24.55083333333334], [54.46925, 24.55083333333334], [54.46925, 24.550750000000004], [54.469, 24.550750000000004], [54.469, 24.55083333333334]], [[54.46875, 24.550750000000004], [54.468833333333336, 24.550750000000004], [54.468833333333336, 24.55066666666667], [54.46875, 24.55066666666667], [54.46875, 24.550750000000004]], [[54.46758333333334, 24.550166666666673], [54.46791666666667, 24.550166666666673], [54.46791666666667, 24.550000000000004], [54.468, 24.550000000000004], [54.468, 24.54991666666667], [54.46791666666667, 24.54991666666667], [54.46791666666667, 24.549750000000007], [54.46775, 24.549750000000007], [54.46775, 24.549666666666674], [54.467666666666666, 24.549666666666674], [54.467666666666666, 24.54983333333334], [54.46758333333334, 24.54983333333334], [54.46758333333334, 24.550166666666673]], [[54.478500000000004, 24.550166666666673], [54.47858333333333, 24.550166666666673], [54.47858333333333, 24.55008333333334], [54.478500000000004, 24.55008333333334], [54.478500000000004, 24.550166666666673]], [[54.47833333333334, 24.549000000000007], [54.478500000000004, 24.549000000000007], [54.478500000000004, 24.548916666666674], [54.47866666666667, 24.548916666666674], [54.47866666666667, 24.54858333333334], [54.478500000000004, 24.548500000000004], [54.478500000000004, 24.54841666666667], [54.47858333333333, 24.54841666666667], [54.478500000000004, 24.548250000000007], [54.47833333333334, 24.548250000000007], [54.47833333333334, 24.54841666666667], [54.47841666666667, 24.54841666666667], [54.47841666666667, 24.548500000000004], [54.47833333333334, 24.548500000000004], [54.47833333333334, 24.549000000000007]], [[54.477583333333335, 24.548916666666674], [54.47766666666667, 24.548916666666674], [54.47766666666667, 24.548750000000005], [54.477583333333335, 24.548750000000005], [54.477583333333335, 24.548916666666674]]]}, "properties": {"stand": 3, "area_ha": 190.3, "alert": false, "z": 0.5}}, {"type": "Feature", "geometry": {"type": "Polygon", "coordinates": [[[54.51966666666667, 24.552250000000004], [54.51966666666667, 24.552166666666672], [54.51958333333334, 24.552166666666672], [54.51958333333334, 24.551916666666674], [54.5195, 24.551916666666674], [54.5195, 24.551750000000006], [54.51941666666667, 24.551750000000006], [54.51941666666667, 24.550250000000005], [54.51958333333334, 24.550166666666673], [54.51958333333334, 24.54991666666667], [54.51966666666667, 24.54991666666667], [54.51966666666667, 24.549666666666674], [54.51983333333334, 24.549583333333338], [54.51983333333334, 24.549416666666673], [54.52, 24.549416666666673], [54.52, 24.54933333333334], [54.52008333333334, 24.54933333333334], [54.52008333333334, 24.54916666666667], [54.52016666666667, 24.54916666666667], [54.52016666666667, 24.549000000000007], [54.520250000000004, 24.549000000000007], [54.520250000000004, 24.548916666666674], [54.52041666666667, 24.548916666666674], [54.520500000000006, 24.548750000000005], [54.52066666666667, 24.548750000000005], [54.52075, 24.54858333333334], [54.521, 24.54858333333334], [54.52108333333334, 24.54841666666667], [54.52133333333334, 24.54841666666667], [54.52133333333334, 24.54833333333334], [54.52166666666667, 24.54833333333334], [54.52166666666667, 24.548250000000007], [54.52216666666667, 24.548250000000007], [54.52225, 24.548083333333338], [54.5225, 24.548083333333338], [54.52258333333334, 24.547916666666673], [54.52283333333334, 24.547916666666673], [54.52283333333334, 24.54783333333334], [54.523, 24.54783333333334], [54.523, 24.54766666666667], [54.52291666666667, 24.54766666666667], [54.52291666666667, 24.54758333333334], [54.52275, 24.54758333333334], [54.52266666666667, 24.547416666666674], [54.52258333333334, 24.547416666666674], [54.52258333333334, 24.547333333333338], [54.5225, 24.547333333333338], [54.52241666666667, 24.547166666666673], [54.522333333333336, 24.547166666666673], [54.522333333333336, 24.547000000000004], [54.52216666666667, 24.547000000000004], [54.52216666666667, 24.54691666666667], [54.522083333333335, 24.54691666666667], [54.522083333333335, 24.546750000000007], [54.52191666666667, 24.546666666666674], [54.52191666666667, 24.546583333333338], [54.522000000000006, 24.546583333333338], [54.522000000000006, 24.546500000000005], [54.52191666666667, 24.546500000000005], [54.52191666666667, 24.54616666666667], [54.52183333333333, 24.54616666666667], [54.52183333333333, 24.546000000000006], [54.521750000000004, 24.546000000000006], [54.521750000000004, 24.545916666666674], [54.52183333333333, 24.545916666666674], [54.52183333333333, 24.54541666666667], [54.521750000000004, 24.54541666666667], [54.521750000000004, 24.54533333333334], [54.52183333333333, 24.54533333333334], [54.52183333333333, 24.545250000000006], [54.521750000000004, 24.545250000000006], [54.521750000000004, 24.545166666666674], [54.52183333333333, 24.545166666666674], [54.52183333333333, 24.545083333333338], [54.521750000000004, 24.545083333333338], [54.521750000000004, 24.545000000000005], [54.52183333333333, 24.545000000000005], [54.52183333333333, 24.54466666666667], [54.52191666666667, 24.54466666666667], [54.52191666666667, 24.544416666666674], [54.522083333333335, 24.544416666666674], [54.522000000000006, 24.544250000000005], [54.522083333333335, 24.544250000000005], [54.522083333333335, 24.54408333333334], [54.52225, 24.544000000000008], [54.52225, 24.54383333333334], [54.52241666666667, 24.543750000000006], [54.52241666666667, 24.543583333333338], [54.52258333333334, 24.543583333333338], [54.52258333333334, 24.543500000000005], [54.52266666666667, 24.543500000000005], [54.52275, 24.54333333333334], [54.52283333333334, 24.54333333333334], [54.52291666666667, 24.543500000000005], [54.52308333333334, 24.543583333333338], [54.52308333333334, 24.543750000000006], [54.52291666666667, 24.54383333333334], [54.52291666666667, 24.544000000000008], [54.52283333333334, 24.544000000000008], [54.52283333333334, 24.544250000000005], [54.52275, 24.544250000000005], [54.52275, 24.544500000000006], [54.52266666666667, 24.544500000000006], [54.52266666666667, 24.54466666666667], [54.5225, 24.54466666666667], [54.5225, 24.544750000000004], [54.52241666666667, 24.544750000000004], [54.52241666666667, 24.544916666666673], [54.522333333333336, 24.544916666666673], [54.522333333333336, 24.545166666666674], [54.52283333333334, 24.545166666666674], [54.52291666666667, 24.54533333333334], [54.52341666666667, 24.54533333333334], [54.523500000000006, 24.545500000000004], [54.52391666666667, 24.545500000000004], [54.52391666666667, 24.54558333333334], [54.52408333333334, 24.54558333333334], [54.52408333333334, 24.545666666666673], [54.52441666666667, 24.545666666666673], [54.52441666666667, 24.54558333333334], [54.52458333333334, 24.54558333333334], [54.52458333333334, 24.545500000000004], [54.52466666666667, 24.545500000000004], [54.52466666666667, 24.54533333333334], [54.524750000000004, 24.54533333333334], [54.52483333333333, 24.545166666666674], [54.524750000000004, 24.545166666666674], [54.524750000000004, 24.545000000000005], [54.52466666666667, 24.545000000000005], [54.52466666666667, 24.545166666666674], [54.5245, 24.545166666666674], [54.5245, 24.545250000000006], [54.52433333333334, 24.545250000000006], [54.52433333333334, 24.54533333333334], [54.52425, 24.54533333333334], [54.52425, 24.545250000000006], [54.524, 24.545250000000006], [54.524, 24.544750000000004], [54.52408333333334, 24.544750000000004], [54.52408333333334, 24.54458333333334], [54.52433333333334, 24.54458333333334], [54.52441666666667, 24.544416666666674], [54.5245, 24.544416666666674], [54.5245, 24.544333333333338], [54.525000000000006, 24.544333333333338], [54.525000000000006, 24.544250000000005], [54.52516666666667, 24.544166666666673], [54.52516666666667, 24.54408333333334], [54.525333333333336, 24.54408333333334], [54.525333333333336, 24.544000000000008], [54.525666666666666, 24.544000000000008], [54.525666666666666, 24.54391666666667], [54.52575, 24.54391666666667], [54.52575, 24.544000000000008], [54.52583333333334, 24.544000000000008], [54.52583333333334, 24.544166666666673], [54.525666666666666, 24.544166666666673], [54.525666666666666, 24.544250000000005], [54.52558333333334, 24.544250000000005], [54.52558333333334, 24.544500000000006], [54.525666666666666, 24.544500000000006], [54.525666666666666, 24.54483333333334], [54.52616666666667, 24.54483333333334], [54.52616666666667, 24.544750000000004], [54.526250000000005, 24.544750000000004], [54.526250000000005, 24.544500000000006], [54.52641666666667, 24.544500000000006], [54.52641666666667, 24.544416666666674], [54.526500000000006, 24.544416666666674], [54.526500000000006, 24.544333333333338], [54.52641666666667, 24.544333333333338], [54.52641666666667, 24.544166666666673], [54.526500000000006, 24.544166666666673], [54.526583333333335, 24.544333333333338], [54.52666666666667, 24.544333333333338], [54.52666666666667, 24.544416666666674], [54.52691666666667, 24.544416666666674], [54.52691666666667, 24.544250000000005], [54.52708333333334, 24.544166666666673], [54.52708333333334, 24.544000000000008], [54.52733333333334, 24.544000000000008], [54.52725, 24.54383333333334], [54.52758333333334, 24.54383333333334], [54.52758333333334, 24.54391666666667], [54.5275, 24.54391666666667], [54.52758333333334, 24.54408333333334], [54.52766666666667, 24.54408333333334], [54.52766666666667, 24.544000000000008], [54.527750000000005, 24.544000000000008], [54.527750000000005, 24.54408333333334], [54.528000000000006, 24.54408333333334], [54.528000000000006, 24.54391666666667], [54.52816666666667, 24.54391666666667], [54.52816666666667, 24.543666666666674], [54.528333333333336, 24.543666666666674], [54.528333333333336, 24.543500000000005], [54.5285, 24.543500000000005], [54.5285, 24.54333333333334], [54.52858333333334, 24.54333333333334], [54.52858333333334, 24.543250000000008], [54.52875, 24.543250000000008], [54.52875, 24.54316666666667], [54.529, 24.54316666666667], [54.529, 24.54308333333334], [54.529583333333335, 24.54308333333334], [54.529583333333335, 24.54316666666667], [54.52966666666667, 24.54316666666667], [54.52975, 24.54333333333334], [54.52991666666667, 24.543416666666673], [54.52991666666667, 24.543583333333338], [54.53008333333334, 24.543666666666674], [54.53008333333334, 24.54408333333334], [54.53, 24.54408333333334], [54.53, 24.545083333333338], [54.52991666666667, 24.545083333333338], [54.52991666666667, 24.54533333333334], [54.529833333333336, 24.54533333333334], [54.529833333333336, 24.54558333333334], [54.52975, 24.54558333333334], [54.52975, 24.545666666666673], [54.529583333333335, 24.545666666666673], [54.529583333333335, 24.545833333333338], [54.52941666666667, 24.545916666666674], [54.52941666666667, 24.54608333333334], [54.529333333333334, 24.54608333333334], [54.529333333333334, 24.546250000000004], [54.52916666666667, 24.546250000000004], [54.52916666666667, 24.54633333333334], [54.529, 24.546416666666673], [54.529, 24.546500000000005], [54.52883333333334, 24.546500000000005], [54.52883333333334, 24.546583333333338], [54.528666666666666, 24.546583333333338], [54.528666666666666, 24.546666666666674], [54.5285, 24.546666666666674], [54.52841666666667, 24.54683333333334], [54.52825, 24.54683333333334], [54.52825, 24.54691666666667], [54.528083333333335, 24.54691666666667], [54.528083333333335, 24.547000000000004], [54.52791666666667, 24.547000000000004], [54.52791666666667, 24.54708333333334], [54.527750000000005, 24.54708333333334], [54.527750000000005, 24.547166666666673], [54.52758333333334, 24.54708333333334], [54.52758333333334, 24.547166666666673], [54.52741666666667, 24.547166666666673], [54.52741666666667, 24.547250000000005], [54.527, 24.547250000000005], [54.527, 24.547333333333338], [54.52691666666667, 24.547333333333338], [54.52691666666667, 24.547500000000007], [54.527166666666666, 24.547500000000007], [54.527166666666666, 24.54758333333334], [54.52741666666667, 24.54758333333334], [54.52741666666667, 24.54766666666667], [54.52758333333334, 24.54766666666667], [54.52758333333334, 24.547500000000007], [54.52766666666667, 24.547500000000007], [54.52766666666667, 24.547416666666674], [54.528000000000006, 24.547416666666674], [54.528083333333335, 24.547250000000005], [54.52841666666667, 24.547250000000005], [54.52841666666667, 24.547166666666673], [54.528666666666666, 24.547166666666673], [54.528666666666666, 24.54708333333334], [54.53, 24.54708333333334], [54.53, 24.547166666666673], [54.5305, 24.547166666666673], [54.5305, 24.547250000000005], [54.530750000000005, 24.547250000000005], [54.530750000000005, 24.547333333333338], [54.531083333333335, 24.547333333333338], [54.531083333333335, 24.547416666666674], [54.53116666666667, 24.547416666666674], [54.53116666666667, 24.54758333333334], [54.531083333333335, 24.54758333333334], [54.531083333333335, 24.547750000000004], [54.53091666666667, 24.547750000000004], [54.530833333333334, 24.547916666666673], [54.53058333333334, 24.547916666666673], [54.53058333333334, 24.548000000000005], [54.53033333333334, 24.548000000000005], [54.53033333333334, 24.548083333333338], [54.53025, 24.548083333333338], [54.53025, 24.548250000000007], [54.530166666666666, 24.548250000000007], [54.53008333333334, 24.54841666666667], [54.52991666666667, 24.54841666666667], [54.52991666666667, 24.548666666666673], [54.529833333333336, 24.548666666666673], [54.529833333333336, 24.548833333333338], [54.52975, 24.548833333333338], [54.52975, 24.548916666666674], [54.529583333333335, 24.549000000000007], [54.529583333333335, 24.54908333333334], [54.52941666666667, 24.54908333333334], [54.52941666666667, 24.549250000000004], [54.529250000000005, 24.549250000000004], [54.529250000000005, 24.549500000000005], [54.52916666666667, 24.549500000000005], [54.52916666666667, 24.549416666666673], [54.52891666666667, 24.549416666666673], [54.52891666666667, 24.549666666666674], [54.52875, 24.549750000000007], [54.52875, 24.54983333333334], [54.528666666666666, 24.54983333333334], [54.528666666666666, 24.54991666666667], [54.52841666666667, 24.54991666666667], [54.528333333333336, 24.55008333333334], [54.527833333333334, 24.55008333333334], [54.527833333333334, 24.550333333333338], [54.52758333333334, 24.550333333333338], [54.52758333333334, 24.550416666666674], [54.527166666666666, 24.550416666666674], [54.527166666666666, 24.550333333333338], [54.526833333333336, 24.550333333333338], [54.526833333333336, 24.550416666666674], [54.52666666666667, 24.550416666666674], [54.52666666666667, 24.550500000000007], [54.526, 24.550500000000007], [54.526, 24.550333333333338], [54.52591666666667, 24.550333333333338], [54.52591666666667, 24.550250000000005], [54.525666666666666, 24.550250000000005], [54.52558333333334, 24.55008333333334], [54.52541666666667, 24.55008333333334], [54.52541666666667, 24.550000000000004], [54.52516666666667, 24.550000000000004], [54.52516666666667, 24.54991666666667], [54.52483333333333, 24.54991666666667], [54.52483333333333, 24.54983333333334], [54.52441666666667, 24.54983333333334], [54.52441666666667, 24.54991666666667], [54.52433333333334, 24.54991666666667], [54.52433333333334, 24.550166666666673], [54.524166666666666, 24.550166666666673], [54.524166666666666, 24.550333333333338], [54.524, 24.550333333333338], [54.524, 24.550250000000005], [54.52366666666667, 24.550250000000005], [54.52366666666667, 24.550333333333338], [54.523500000000006, 24.550333333333338], [54.523500000000006, 24.550416666666674], [54.52333333333333, 24.550416666666674], [54.52333333333333, 24.550500000000007], [54.52308333333334, 24.550500000000007], [54.52308333333334, 24.550416666666674], [54.523, 24.550416666666674], [54.523, 24.550250000000005], [54.52291666666667, 24.550250000000005], [54.52291666666667, 24.55008333333334], [54.52283333333334, 24.55008333333334], [54.52283333333334, 24.55083333333334], [54.52266666666667, 24.55083333333334], [54.52266666666667, 24.550916666666673], [54.522333333333336, 24.550916666666673], [54.522333333333336, 24.550750000000004], [54.522000000000006, 24.550750000000004], [54.522000000000006, 24.55083333333334], [54.52183333333333, 24.55083333333334], [54.52183333333333, 24.550750000000004], [54.521750000000004, 24.550750000000004], [54.521750000000004, 24.551000000000005], [54.52158333333334, 24.551000000000005], [54.52158333333334, 24.550916666666673], [54.5215, 24.550916666666673], [54.5215, 24.551083333333338], [54.52141666666667, 24.551083333333338], [54.52141666666667, 24.551250000000007], [54.52133333333334, 24.551250000000007], [54.52133333333334, 24.55141666666667], [54.52125, 24.55141666666667], [54.52125, 24.551500000000004], [54.52108333333334, 24.551500000000004], [54.521, 24.551666666666673], [54.520833333333336, 24.551666666666673], [54.52075, 24.551833333333338], [54.520583333333335, 24.551833333333338], [54.520583333333335, 24.551916666666674], [54.52041666666667, 24.552000000000007], [54.52041666666667, 24.55208333333334], [54.52033333333333, 24.55208333333334], [54.52033333333333, 24.552166666666672], [54.52008333333334, 24.552166666666672], [54.52008333333334, 24.552250000000004], [54.51966666666667, 24.552250000000004]], [[54.52483333333333, 24.549416666666673], [54.525000000000006, 24.549416666666673], [54.525000000000006, 24.54933333333334], [54.52491666666667, 24.54933333333334], [54.52491666666667, 24.54916666666667], [54.52483333333333, 24.54916666666667], [54.52483333333333, 24.549416666666673]], [[54.52333333333333, 24.54916666666667], [54.523500000000006, 24.54916666666667], [54.523500000000006, 24.54908333333334], [54.52366666666667, 24.54908333333334], [54.52366666666667, 24.549000000000007], [54.523583333333335, 24.549000000000007], [54.523583333333335, 24.548916666666674], [54.523, 24.548916666666674], [54.523, 24.54908333333334], [54.52333333333333, 24.54908333333334], [54.52333333333333, 24.54916666666667]], [[54.5275, 24.544250000000005], [54.52758333333334, 24.544250000000005], [54.52758333333334, 24.544166666666673], [54.5275, 24.544166666666673], [54.5275, 24.544250000000005]], [[54.52741666666667, 24.544166666666673], [54.5275, 24.544166666666673], [54.5275, 24.54408333333334], [54.52741666666667, 24.54408333333334], [54.52741666666667, 24.544166666666673]]]}, "properties": {"stand": 12, "area_ha": 75.9, "alert": false, "z": 1.01}}, {"type": "Feature", "geometry": {"type": "Polygon", "coordinates": [[[54.51291666666667, 24.551083333333338], [54.51291666666667, 24.551000000000005], [54.51233333333334, 24.551000000000005], [54.51233333333334, 24.550916666666673], [54.51208333333334, 24.550916666666673], [54.51208333333334, 24.55083333333334], [54.511833333333335, 24.55083333333334], [54.511750000000006, 24.55066666666667], [54.51166666666667, 24.55066666666667], [54.51166666666667, 24.55058333333334], [54.511500000000005, 24.55058333333334], [54.51141666666667, 24.550416666666674], [54.511250000000004, 24.550500000000007], [54.511250000000004, 24.550416666666674], [54.51116666666667, 24.550416666666674], [54.51108333333334, 24.550250000000005], [54.51091666666667, 24.550166666666673], [54.51091666666667, 24.550000000000004], [54.51083333333334, 24.550000000000004], [54.51083333333334, 24.54991666666667], [54.51066666666667, 24.54983333333334], [54.51066666666667, 24.549666666666674], [54.5105, 24.549583333333338], [54.5105, 24.54933333333334], [54.51041666666667, 24.54933333333334], [54.51041666666667, 24.54908333333334], [54.510333333333335, 24.54908333333334], [54.510333333333335, 24.548083333333338], [54.510250000000006, 24.548083333333338], [54.510250000000006, 24.548000000000005], [54.510333333333335, 24.548000000000005], [54.510333333333335, 24.547333333333338], [54.5105, 24.547250000000005], [54.5105, 24.54708333333334], [54.51058333333334, 24.54708333333334], [54.51058333333334, 24.547000000000004], [54.51066666666667, 24.547000000000004], [54.51066666666667, 24.54708333333334], [54.511250000000004, 24.54708333333334], [54.511250000000004, 24.547000000000004], [54.51116666666667, 24.547000000000004], [54.51108333333334, 24.54683333333334], [54.511, 24.54683333333334], [54.511, 24.546666666666674], [54.51091666666667, 24.546666666666674], [54.51091666666667, 24.546500000000005], [54.51108333333334, 24.546583333333338], [54.51108333333334, 24.546416666666673], [54.511250000000004, 24.546416666666673], [54.511250000000004, 24.54633333333334], [54.511750000000006, 24.54633333333334], [54.511750000000006, 24.546500000000005], [54.51191666666667, 24.546500000000005], [54.51191666666667, 24.546583333333338], [54.51208333333334, 24.546583333333338], [54.51208333333334, 24.546666666666674], [54.51216666666667, 24.546666666666674], [54.51216666666667, 24.547000000000004], [54.51225, 24.547000000000004], [54.51225, 24.54708333333334], [54.51291666666667, 24.54708333333334], [54.51291666666667, 24.547000000000004], [54.513083333333334, 24.547000000000004], [54.513083333333334, 24.54691666666667], [54.513333333333335, 24.54691666666667], [54.513333333333335, 24.54683333333334], [54.51366666666667, 24.54683333333334], [54.51366666666667, 24.546750000000007], [54.51391666666667, 24.546750000000007], [54.514, 24.546583333333338], [54.51408333333334, 24.546583333333338], [54.51408333333334, 24.546416666666673], [54.514, 24.546416666666673], [54.514, 24.54633333333334], [54.51408333333334, 24.54633333333334], [54.51408333333334, 24.546250000000004], [54.514250000000004, 24.546250000000004], [54.514250000000004, 24.545750000000005], [54.51441666666667, 24.545666666666673], [54.51441666666667, 24.54533333333334], [54.514500000000005, 24.54533333333334], [54.514500000000005, 24.545083333333338], [54.51466666666667, 24.545083333333338], [54.51466666666667, 24.54466666666667], [54.514500000000005, 24.54458333333334], [54.514500000000005, 24.544416666666674], [54.514583333333334, 24.544416666666674], [54.514583333333334, 24.544000000000008], [54.51466666666667, 24.544000000000008], [54.51466666666667, 24.54383333333334], [54.514833333333335, 24.543750000000006], [54.514833333333335, 24.543666666666674], [54.51491666666667, 24.543666666666674], [54.51491666666667, 24.543500000000005], [54.51516666666667, 24.543500000000005], [54.51516666666667, 24.543583333333338], [54.51525, 24.543583333333338], [54.51525, 24.543416666666673], [54.51533333333334, 24.543416666666673], [54.51541666666667, 24.543250000000008], [54.51558333333334, 24.543250000000008], [54.51558333333334, 24.54316666666667], [54.51566666666667, 24.54316666666667], [54.51566666666667, 24.543000000000006], [54.515750000000004, 24.543000000000006], [54.515750000000004, 24.542833333333338], [54.51591666666667, 24.542750000000005], [54.51591666666667, 24.542666666666673], [54.516000000000005, 24.542666666666673], [54.516000000000005, 24.542500000000008], [54.516083333333334, 24.542500000000008], [54.516083333333334, 24.54233333333334], [54.51616666666667, 24.54233333333334], [54.51616666666667, 24.542000000000005], [54.51625, 24.542000000000005], [54.51625, 24.54183333333334], [54.516333333333336, 24.54183333333334], [54.516333333333336, 24.54166666666667], [54.51658333333334, 24.54166666666667], [54.51658333333334, 24.541916666666673], [54.51666666666667, 24.541916666666673], [54.51666666666667, 24.543416666666673], [54.51675, 24.543416666666673], [54.51675, 24.543500000000005], [54.51691666666667, 24.543500000000005], [54.517, 24.543666666666674], [54.51716666666667, 24.543666666666674], [54.51716666666667, 24.543750000000006], [54.517250000000004, 24.543750000000006], [54.51733333333333, 24.54391666666667], [54.51741666666667, 24.54391666666667], [54.51741666666667, 24.54408333333334], [54.517583333333334, 24.544166666666673], [54.517583333333334, 24.544416666666674], [54.51775, 24.544416666666674], [54.51775, 24.544500000000006], [54.517833333333336, 24.544500000000006], [54.517833333333336, 24.544750000000004], [54.51791666666667, 24.544750000000004], [54.51791666666667, 24.545000000000005], [54.518, 24.545000000000005], [54.518, 24.54633333333334], [54.517833333333336, 24.546416666666673], [54.517833333333336, 24.546666666666674], [54.51775, 24.546666666666674], [54.51775, 24.54691666666667], [54.517583333333334, 24.547000000000004], [54.517583333333334, 24.547166666666673], [54.51741666666667, 24.547166666666673], [54.51741666666667, 24.547333333333338], [54.51733333333333, 24.547333333333338], [54.51733333333333, 24.54766666666667], [54.51716666666667, 24.547750000000004], [54.51716666666667, 24.547916666666673], [54.517, 24.547916666666673], [54.517, 24.548000000000005], [54.51691666666667, 24.548000000000005], [54.51691666666667, 24.548166666666674], [54.51675, 24.548250000000007], [54.51666666666667, 24.54841666666667], [54.5165, 24.54841666666667], [54.5165, 24.548500000000004], [54.516333333333336, 24.548500000000004], [54.516333333333336, 24.54858333333334], [54.51625, 24.54858333333334], [54.51625, 24.54908333333334], [54.51616666666667, 24.54908333333334], [54.51616666666667, 24.549250000000004], [54.516000000000005, 24.54933333333334], [54.516000000000005, 24.549583333333338], [54.51583333333333, 24.549666666666674], [54.51583333333333, 24.54983333333334], [54.515750000000004, 24.54983333333334], [54.515750000000004, 24.550000000000004], [54.51558333333334, 24.54991666666667], [54.51558333333334, 24.550166666666673], [54.51541666666667, 24.550250000000005], [54.51541666666667, 24.550333333333338], [54.51525, 24.550416666666674], [54.51525, 24.550500000000007], [54.51508333333334, 24.550500000000007], [54.51508333333334, 24.55058333333334], [54.51491666666667, 24.55058333333334], [54.514833333333335, 24.550750000000004], [54.514583333333334, 24.550750000000004], [54.514500000000005, 24.550916666666673], [54.51433333333333, 24.55083333333334], [54.514250000000004, 24.551000000000005], [54.51416666666667, 24.551000000000005], [54.51416666666667, 24.550916666666673], [54.514, 24.550916666666673], [54.514, 24.551000000000005], [54.51383333333334, 24.551000000000005], [54.51383333333334, 24.551083333333338], [54.51375, 24.551083333333338], [54.51375, 24.551000000000005], [54.51358333333334, 24.551000000000005], [54.51358333333334, 24.551083333333338], [54.5135, 24.551083333333338], [54.5135, 24.551000000000005], [54.51341666666667, 24.551000000000005], [54.51341666666667, 24.551083333333338], [54.51316666666667, 24.551083333333338], [54.51316666666667, 24.551000000000005], [54.513000000000005, 24.551000000000005], [54.513000000000005, 24.551083333333338], [54.51291666666667, 24.551083333333338]], [[54.51283333333333, 24.550416666666674], [54.513083333333334, 24.550416666666674], [54.513083333333334, 24.550166666666673], [54.513000000000005, 24.550166666666673], [54.513000000000005, 24.55008333333334], [54.51283333333333, 24.55008333333334], [54.51283333333333, 24.54991666666667], [54.512750000000004, 24.54991666666667], [54.512750000000004, 24.54983333333334], [54.51258333333334, 24.549750000000007], [54.51258333333334, 24.549416666666673], [54.5125, 24.549416666666673], [54.5125, 24.549000000000007], [54.51241666666667, 24.549000000000007], [54.51241666666667, 24.548916666666674], [54.51216666666667, 24.548916666666674], [54.51216666666667, 24.549000000000007], [54.512, 24.549000000000007], [54.512, 24.54908333333334], [54.51191666666667, 24.54908333333334], [54.51191666666667, 24.549500000000005], [54.512, 24.549500000000005], [54.512, 24.549750000000007], [54.51208333333334, 24.549750000000007], [54.51208333333334, 24.54983333333334], [54.51225, 24.54983333333334], [54.51225, 24.550000000000004], [54.51241666666667, 24.550000000000004], [54.51241666666667, 24.55008333333334], [54.51258333333334, 24.550166666666673], [54.51266666666667, 24.550333333333338], [54.51283333333333, 24.550333333333338], [54.51283333333333, 24.550416666666674]], [[54.51208333333334, 24.547166666666673], [54.51216666666667, 24.547166666666673], [54.51216666666667, 24.54708333333334], [54.51208333333334, 24.54708333333334], [54.51208333333334, 24.547166666666673]]]}, "properties": {"stand": 18, "area_ha": 50.6, "alert": false, "z": 0.56}}, {"type": "Feature", "geometry": {"type": "Polygon", "coordinates": [[[54.46941666666667, 24.546500000000005], [54.46941666666667, 24.546416666666673], [54.46891666666667, 24.546416666666673], [54.46891666666667, 24.54633333333334], [54.46875, 24.54633333333334], [54.46875, 24.546416666666673], [54.46866666666667, 24.546416666666673], [54.46866666666667, 24.54633333333334], [54.468583333333335, 24.54633333333334], [54.468500000000006, 24.54616666666667], [54.46808333333334, 24.54616666666667], [54.46808333333334, 24.54608333333334], [54.46725, 24.54608333333334], [54.46725, 24.546000000000006], [54.466750000000005, 24.546000000000006], [54.466750000000005, 24.545916666666674], [54.46641666666667, 24.545916666666674], [54.46641666666667, 24.545833333333338], [54.466166666666666, 24.545833333333338], [54.466166666666666, 24.545750000000005], [54.466, 24.545833333333338], [54.466, 24.545666666666673], [54.46575, 24.545666666666673], [54.46575, 24.545750000000005], [54.46566666666667, 24.545750000000005], [54.46566666666667, 24.545666666666673], [54.465583333333335, 24.545666666666673], [54.465583333333335, 24.545750000000005], [54.465500000000006, 24.545750000000005], [54.465500000000006, 24.545666666666673], [54.465, 24.545666666666673], [54.465, 24.545750000000005], [54.46491666666667, 24.545750000000005], [54.46491666666667, 24.545666666666673], [54.464666666666666, 24.545666666666673], [54.46458333333334, 24.545500000000004], [54.4645, 24.545500000000004], [54.4645, 24.545666666666673], [54.46425, 24.545666666666673], [54.46425, 24.54558333333334], [54.464083333333335, 24.54558333333334], [54.464000000000006, 24.54541666666667], [54.46391666666667, 24.54541666666667], [54.46391666666667, 24.54533333333334], [54.463750000000005, 24.545250000000006], [54.463750000000005, 24.545000000000005], [54.46358333333334, 24.544916666666673], [54.46358333333334, 24.54483333333334], [54.463750000000005, 24.54483333333334], [54.463750000000005, 24.54458333333334], [54.46366666666667, 24.54458333333334], [54.46358333333334, 24.544416666666674], [54.46341666666667, 24.544416666666674], [54.46341666666667, 24.544333333333338], [54.463166666666666, 24.544333333333338], [54.463166666666666, 24.544166666666673], [54.46366666666667, 24.544166666666673], [54.46366666666667, 24.54408333333334], [54.463750000000005, 24.54408333333334], [54.463750000000005, 24.54383333333334], [54.46383333333333, 24.54383333333334], [54.46383333333333, 24.543750000000006], [54.46366666666667, 24.543666666666674], [54.46358333333334, 24.543500000000005], [54.46308333333334, 24.543500000000005], [54.46308333333334, 24.543416666666673], [54.46266666666667, 24.543416666666673], [54.46266666666667, 24.54333333333334], [54.462500000000006, 24.543250000000008], [54.462500000000006, 24.54316666666667], [54.46241666666667, 24.54316666666667], [54.46241666666667, 24.54308333333334], [54.462250000000004, 24.54316666666667], [54.462250000000004, 24.543000000000006], [54.46233333333333, 24.543000000000006], [54.46233333333333, 24.542833333333338], [54.462500000000006, 24.542833333333338], [54.462500000000006, 24.542666666666673], [54.46241666666667, 24.542666666666673], [54.46241666666667, 24.54258333333334], [54.462250000000004, 24.542500000000008], [54.462250000000004, 24.54233333333334], [54.46241666666667, 24.54233333333334], [54.46241666666667, 24.542000000000005], [54.46233333333333, 24.542000000000005], [54.46233333333333, 24.541750000000008], [54.46241666666667, 24.541750000000008], [54.46241666666667, 24.541500000000006], [54.462500000000006, 24.541500000000006], [54.462500000000006, 24.541333333333338], [54.463, 24.541333333333338], [54.463, 24.541250000000005], [54.46308333333334, 24.541250000000005], [54.463166666666666, 24.54108333333334], [54.46341666666667, 24.54108333333334], [54.46341666666667, 24.541000000000007], [54.46358333333334, 24.541000000000007], [54.46358333333334, 24.54108333333334], [54.46391666666667, 24.54108333333334], [54.46391666666667, 24.541000000000007], [54.464000000000006, 24.541000000000007], [54.464000000000006, 24.540500000000005], [54.464083333333335, 24.540500000000005], [54.464083333333335, 24.540583333333338], [54.464333333333336, 24.540583333333338], [54.464333333333336, 24.540666666666674], [54.4645, 24.540666666666674], [54.4645, 24.540750000000006], [54.46483333333334, 24.540750000000006], [54.46483333333334, 24.54083333333334], [54.465, 24.54083333333334], [54.465, 24.54091666666667], [54.46508333333334, 24.54091666666667], [54.46508333333334, 24.541166666666673], [54.465250000000005, 24.541250000000005], [54.465250000000005, 24.541416666666674], [54.465500000000006, 24.541416666666674], [54.465500000000006, 24.54158333333334], [54.465583333333335, 24.54158333333334], [54.465583333333335, 24.54166666666667], [54.46575, 24.54166666666667], [54.46575, 24.541916666666673], [54.465833333333336, 24.541916666666673], [54.465833333333336, 24.542000000000005], [54.466, 24.542000000000005], [54.466, 24.542083333333338], [54.46608333333334, 24.542083333333338], [54.466166666666666, 24.542250000000006], [54.46633333333334, 24.54233333333334], [54.46633333333334, 24.542500000000008], [54.46641666666667, 24.542500000000008], [54.46641666666667, 24.543000000000006], [54.46633333333334, 24.543000000000006], [54.46633333333334, 24.54316666666667], [54.46641666666667, 24.54316666666667], [54.46641666666667, 24.54333333333334], [54.4665, 24.54333333333334], [54.4665, 24.543500000000005], [54.466833333333334, 24.543666666666674], [54.466833333333334, 24.54383333333334], [54.467000000000006, 24.54383333333334], [54.467000000000006, 24.54391666666667], [54.467083333333335, 24.54391666666667], [54.467083333333335, 24.543750000000006], [54.46691666666667, 24.543666666666674], [54.466833333333334, 24.543500000000005], [54.466750000000005, 24.543500000000005], [54.466750000000005, 24.54333333333334], [54.46666666666667, 24.54333333333334], [54.46666666666667, 24.543250000000008], [54.4665, 24.543250000000008], [54.4665, 24.54316666666667], [54.46658333333334, 24.54316666666667], [54.46658333333334, 24.54308333333334], [54.4665, 24.54308333333334], [54.4665, 24.542916666666674], [54.46658333333334, 24.542916666666674], [54.46658333333334, 24.54258333333334], [54.4665, 24.54258333333334], [54.4665, 24.54233333333334], [54.46641666666667, 24.54233333333334], [54.46641666666667, 24.542000000000005], [54.46633333333334, 24.542000000000005], [54.46633333333334, 24.54183333333334], [54.466166666666666, 24.541750000000008], [54.46608333333334, 24.54158333333334], [54.46591666666667, 24.54158333333334], [54.46591666666667, 24.541416666666674], [54.465833333333336, 24.541416666666674], [54.46575, 24.541250000000005], [54.465583333333335, 24.541250000000005], [54.465583333333335, 24.54108333333334], [54.465500000000006, 24.54108333333334], [54.465500000000006, 24.540666666666674], [54.46566666666667, 24.540583333333338], [54.46566666666667, 24.54008333333334], [54.46591666666667, 24.54008333333334], [54.46591666666667, 24.540000000000006], [54.466166666666666, 24.540000000000006], [54.466166666666666, 24.54008333333334], [54.46658333333334, 24.54008333333334], [54.466750000000005, 24.540416666666673], [54.46716666666667, 24.540416666666673], [54.46716666666667, 24.540500000000005], [54.4675, 24.540500000000005], [54.4675, 24.540583333333338], [54.467666666666666, 24.540583333333338], [54.467666666666666, 24.540666666666674], [54.46783333333334, 24.540666666666674], [54.46783333333334, 24.540750000000006], [54.46808333333334, 24.540750000000006], [54.46816666666667, 24.54091666666667], [54.468250000000005, 24.54091666666667], [54.468250000000005, 24.541166666666673], [54.46841666666667, 24.541250000000005], [54.46841666666667, 24.541416666666674], [54.46875, 24.54158333333334], [54.46875, 24.542000000000005], [54.468833333333336, 24.542000000000005], [54.468833333333336, 24.542166666666674], [54.46891666666667, 24.542166666666674], [54.469, 24.54233333333334], [54.46933333333334, 24.54233333333334], [54.46933333333334, 24.542250000000006], [54.469, 24.542083333333338], [54.469, 24.541750000000008], [54.46891666666667, 24.541750000000008], [54.46891666666667, 24.54091666666667], [54.46925, 24.54091666666667], [54.46925, 24.54083333333334], [54.46991666666667, 24.54083333333334], [54.46991666666667, 24.54091666666667], [54.47016666666667, 24.54091666666667], [54.47025, 24.54108333333334], [54.470333333333336, 24.54108333333334], [54.47041666666667, 24.541250000000005], [54.47058333333334, 24.541250000000005], [54.47058333333334, 24.541333333333338], [54.47091666666667, 24.541333333333338], [54.47091666666667, 24.541416666666674], [54.471000000000004, 24.541416666666674], [54.471000000000004, 24.54158333333334], [54.47116666666667, 24.54158333333334], [54.47116666666667, 24.54166666666667], [54.47141666666667, 24.54166666666667], [54.47141666666667, 24.541750000000008], [54.47191666666667, 24.541750000000008], [54.47191666666667, 24.54183333333334], [54.47208333333334, 24.541916666666673], [54.472166666666666, 24.542083333333338], [54.47233333333334, 24.542083333333338], [54.47233333333334, 24.542166666666674], [54.47266666666667, 24.542166666666674], [54.47266666666667, 24.542250000000006], [54.472833333333334, 24.542250000000006], [54.472833333333334, 24.54233333333334], [54.473000000000006, 24.54233333333334], [54.473083333333335, 24.542500000000008], [54.47325, 24.542500000000008], [54.47325, 24.54258333333334], [54.47341666666667, 24.54258333333334], [54.47341666666667, 24.542666666666673], [54.47358333333334, 24.542666666666673], [54.47366666666667, 24.542833333333338], [54.47375, 24.542833333333338], [54.47375, 24.542916666666674], [54.47391666666667, 24.543000000000006], [54.47391666666667, 24.54316666666667], [54.474000000000004, 24.54316666666667], [54.474000000000004, 24.543250000000008], [54.474250000000005, 24.543250000000008], [54.474250000000005, 24.54333333333334], [54.474333333333334, 24.54333333333334], [54.474333333333334, 24.543500000000005], [54.474500000000006, 24.543500000000005], [54.474500000000006, 24.543583333333338], [54.47475, 24.543583333333338], [54.474833333333336, 24.543750000000006], [54.47516666666667, 24.543750000000006], [54.47525, 24.54391666666667], [54.47541666666667, 24.54391666666667], [54.47541666666667, 24.544000000000008], [54.47566666666667, 24.544000000000008], [54.47566666666667, 24.54408333333334], [54.476000000000006, 24.54408333333334], [54.476000000000006, 24.544166666666673], [54.47625, 24.544166666666673], [54.476333333333336, 24.544333333333338], [54.4765, 24.544333333333338], [54.4765, 24.544416666666674], [54.47675, 24.544416666666674], [54.47675, 24.544500000000006], [54.47691666666667, 24.54458333333334], [54.47691666666667, 24.54483333333334], [54.47683333333334, 24.54483333333334], [54.47683333333334, 24.544916666666673], [54.47675, 24.544916666666673], [54.47675, 24.54483333333334], [54.47658333333334, 24.54483333333334], [54.47658333333334, 24.544916666666673], [54.47641666666667, 24.544916666666673], [54.47641666666667, 24.545000000000005], [54.47625, 24.545000000000005], [54.47625, 24.545083333333338], [54.476083333333335, 24.545083333333338], [54.476083333333335, 24.545166666666674], [54.475833333333334, 24.545166666666674], [54.475833333333334, 24.545250000000006], [54.47566666666667, 24.545250000000006], [54.47566666666667, 24.54533333333334], [54.47541666666667, 24.54533333333334], [54.47533333333334, 24.545500000000004], [54.47491666666667, 24.545500000000004], [54.47491666666667, 24.54558333333334], [54.47475, 24.54558333333334], [54.47475, 24.545666666666673], [54.47441666666667, 24.545666666666673], [54.47441666666667, 24.545750000000005], [54.474250000000005, 24.545750000000005], [54.474250000000005, 24.545666666666673], [54.47416666666667, 24.545666666666673], [54.47416666666667, 24.545750000000005], [54.474000000000004, 24.545750000000005], [54.474000000000004, 24.545833333333338], [54.47391666666667, 24.545833333333338], [54.47391666666667, 24.545750000000005], [54.47383333333334, 24.545750000000005], [54.47383333333334, 24.545833333333338], [54.47375, 24.545833333333338], [54.47375, 24.545750000000005], [54.47366666666667, 24.545750000000005], [54.47366666666667, 24.545833333333338], [54.4735, 24.545750000000005], [54.4735, 24.545833333333338], [54.47325, 24.545833333333338], [54.47325, 24.545916666666674], [54.473083333333335, 24.545916666666674], [54.473083333333335, 24.546000000000006], [54.47291666666667, 24.546000000000006], [54.47291666666667, 24.545916666666674], [54.472750000000005, 24.545916666666674], [54.47266666666667, 24.54608333333334], [54.47241666666667, 24.54608333333334], [54.47241666666667, 24.546000000000006], [54.472166666666666, 24.546000000000006], [54.47208333333334, 24.54616666666667], [54.471500000000006, 24.54616666666667], [54.471500000000006, 24.546250000000004], [54.471333333333334, 24.546250000000004], [54.471333333333334, 24.54616666666667], [54.471250000000005, 24.54616666666667], [54.47116666666667, 24.54633333333334], [54.47108333333333, 24.54633333333334], [54.47108333333333, 24.546250000000004], [54.471000000000004, 24.546250000000004], [54.471000000000004, 24.54633333333334], [54.47058333333334, 24.54633333333334], [54.47058333333334, 24.546416666666673], [54.47041666666667, 24.546416666666673], [54.47041666666667, 24.546500000000005], [54.47025, 24.546500000000005], [54.47025, 24.546416666666673], [54.470083333333335, 24.546416666666673], [54.470083333333335, 24.54633333333334], [54.46958333333334, 24.54633333333334], [54.46958333333334, 24.546416666666673], [54.46941666666667, 24.546500000000005]], [[54.46758333333334, 24.545083333333338], [54.467666666666666, 24.545083333333338], [54.467666666666666, 24.545000000000005], [54.46758333333334, 24.545000000000005], [54.46758333333334, 24.545083333333338]], [[54.47191666666667, 24.544916666666673], [54.472, 24.544916666666673], [54.472, 24.54466666666667], [54.471833333333336, 24.54466666666667], [54.471833333333336, 24.54483333333334], [54.47191666666667, 24.54483333333334], [54.47191666666667, 24.544916666666673]], [[54.46741666666667, 24.54483333333334], [54.46758333333334, 24.54483333333334], [54.46758333333334, 24.544500000000006], [54.4675, 24.544500000000006], [54.4675, 24.544333333333338], [54.46741666666667, 24.544333333333338], [54.46741666666667, 24.544166666666673], [54.467333333333336, 24.544166666666673], [54.467333333333336, 24.54408333333334], [54.46716666666667, 24.54408333333334], [54.46716666666667, 24.544166666666673], [54.467083333333335, 24.544166666666673], [54.467083333333335, 24.544333333333338], [54.467000000000006, 24.544333333333338], [54.467000000000006, 24.544500000000006], [54.46691666666667, 24.544500000000006], [54.46691666666667, 24.54458333333334], [54.466750000000005, 24.54458333333334], [54.466750000000005, 24.544750000000004], [54.46741666666667, 24.544750000000004], [54.46741666666667, 24.54483333333334]], [[54.46966666666667, 24.544750000000004], [54.46991666666667, 24.544750000000004], [54.46991666666667, 24.544416666666674], [54.470000000000006, 24.544416666666674], [54.470000000000006, 24.544333333333338], [54.47016666666667, 24.544333333333338], [54.470083333333335, 24.544166666666673], [54.46991666666667, 24.544166666666673], [54.46991666666667, 24.544333333333338], [54.469833333333334, 24.544333333333338], [54.469833333333334, 24.544500000000006], [54.46966666666667, 24.54458333333334], [54.46966666666667, 24.544750000000004]], [[54.46491666666667, 24.544333333333338], [54.465333333333334, 24.544333333333338], [54.465333333333334, 24.544250000000005], [54.465, 24.544250000000005], [54.465, 24.544166666666673], [54.46491666666667, 24.544166666666673], [54.46491666666667, 24.544333333333338]], [[54.47116666666667, 24.544250000000005], [54.471250000000005, 24.544250000000005], [54.471250000000005, 24.544166666666673], [54.471500000000006, 24.544166666666673], [54.471583333333335, 24.544000000000008], [54.47141666666667, 24.544000000000008], [54.47141666666667, 24.54391666666667], [54.471333333333334, 24.54391666666667], [54.471333333333334, 24.544000000000008], [54.47116666666667, 24.544000000000008], [54.47116666666667, 24.544250000000005]], [[54.464083333333335, 24.544166666666673], [54.46416666666667, 24.544166666666673], [54.46416666666667, 24.54408333333334], [54.464083333333335, 24.54408333333334], [54.464083333333335, 24.544166666666673]], [[54.47058333333334, 24.54383333333334], [54.47075, 24.54383333333334], [54.47075, 24.543750000000006], [54.47083333333334, 24.543750000000006], [54.47083333333334, 24.543583333333338], [54.47075, 24.543583333333338], [54.470666666666666, 24.543416666666673], [54.47058333333334, 24.543416666666673], [54.47058333333334, 24.54383333333334]], [[54.47041666666667, 24.54333333333334], [54.4705, 24.54333333333334], [54.4705, 24.543250000000008], [54.47041666666667, 24.543250000000008], [54.47041666666667, 24.54333333333334]], [[54.46641666666667, 24.541500000000006], [54.46666666666667, 24.541500000000006], [54.46666666666667, 24.541250000000005], [54.46658333333334, 24.541250000000005], [54.46658333333334, 24.541166666666673], [54.46641666666667, 24.541166666666673], [54.46641666666667, 24.541500000000006]]]}, "properties": {"stand": 11, "area_ha": 79.2, "alert": false, "z": 0.36}}, {"type": "Feature", "geometry": {"type": "Polygon", "coordinates": [[[54.48891666666667, 24.551750000000006], [54.48883333333334, 24.55158333333334], [54.48875, 24.55158333333334], [54.48875, 24.55141666666667], [54.48883333333334, 24.55141666666667], [54.48883333333334, 24.55133333333334], [54.48866666666667, 24.55133333333334], [54.48866666666667, 24.55141666666667], [54.48841666666667, 24.55141666666667], [54.48841666666667, 24.551500000000004], [54.4885, 24.551500000000004], [54.48841666666667, 24.551666666666673], [54.48816666666667, 24.551666666666673], [54.488083333333336, 24.551500000000004], [54.48791666666667, 24.551500000000004], [54.48791666666667, 24.55133333333334], [54.488, 24.55133333333334], [54.488, 24.551250000000007], [54.48758333333333, 24.551250000000007], [54.487500000000004, 24.551083333333338], [54.48741666666667, 24.551083333333338], [54.48741666666667, 24.551000000000005], [54.487500000000004, 24.551000000000005], [54.487500000000004, 24.55083333333334], [54.48741666666667, 24.55083333333334], [54.48741666666667, 24.55066666666667], [54.48733333333334, 24.55066666666667], [54.48733333333334, 24.55058333333334], [54.48716666666667, 24.55066666666667], [54.48716666666667, 24.54991666666667], [54.48733333333334, 24.54991666666667], [54.48733333333334, 24.54908333333334], [54.48725, 24.54908333333334], [54.48725, 24.548916666666674], [54.48716666666667, 24.548916666666674], [54.48708333333334, 24.548750000000005], [54.487, 24.548750000000005], [54.487, 24.548166666666674], [54.48716666666667, 24.548166666666674], [54.48716666666667, 24.547916666666673], [54.48725, 24.547916666666673], [54.48725, 24.547500000000007], [54.48716666666667, 24.547500000000007], [54.48716666666667, 24.547333333333338], [54.487, 24.547250000000005], [54.487, 24.547166666666673], [54.48666666666667, 24.547166666666673], [54.48666666666667, 24.547333333333338], [54.48675, 24.547333333333338], [54.48675, 24.547500000000007], [54.48691666666667, 24.54758333333334], [54.48691666666667, 24.548166666666674], [54.48683333333334, 24.548166666666674], [54.48683333333334, 24.54841666666667], [54.48641666666667, 24.54841666666667], [54.48641666666667, 24.54833333333334], [54.486333333333334, 24.54833333333334], [54.486333333333334, 24.548000000000005], [54.48616666666667, 24.547916666666673], [54.48616666666667, 24.54758333333334], [54.486000000000004, 24.547500000000007], [54.486000000000004, 24.547333333333338], [54.48591666666667, 24.547333333333338], [54.48583333333334, 24.547166666666673], [54.48575, 24.547166666666673], [54.48575, 24.547000000000004], [54.48566666666667, 24.547000000000004], [54.48566666666667, 24.546500000000005], [54.48558333333334, 24.546500000000005], [54.48558333333334, 24.54616666666667], [54.4855, 24.54616666666667], [54.4855, 24.545666666666673], [54.48558333333334, 24.545666666666673], [54.48566666666667, 24.545500000000004], [54.48591666666667, 24.545500000000004], [54.48591666666667, 24.545250000000006], [54.486000000000004, 24.545250000000006], [54.486000000000004, 24.545083333333338], [54.48608333333333, 24.545083333333338], [54.48608333333333, 24.544750000000004], [54.486250000000005, 24.544750000000004], [54.486250000000005, 24.54466666666667], [54.486333333333334, 24.54466666666667], [54.486333333333334, 24.54458333333334], [54.486250000000005, 24.54458333333334], [54.486250000000005, 24.544250000000005], [54.48616666666667, 24.544250000000005], [54.48616666666667, 24.544000000000008], [54.486250000000005, 24.544000000000008], [54.486250000000005, 24.543500000000005], [54.486333333333334, 24.543500000000005], [54.486333333333334, 24.54333333333334], [54.48641666666667, 24.54333333333334], [54.486333333333334, 24.54316666666667], [54.48641666666667, 24.54316666666667], [54.4865, 24.543000000000006], [54.486583333333336, 24.543000000000006], [54.486583333333336, 24.542833333333338], [54.48675, 24.542750000000005], [54.48675, 24.54241666666667], [54.48691666666667, 24.54233333333334], [54.48691666666667, 24.542250000000006], [54.48708333333334, 24.542166666666674], [54.48716666666667, 24.542000000000005], [54.48725, 24.542000000000005], [54.48725, 24.54183333333334], [54.48733333333334, 24.54183333333334], [54.48725, 24.54166666666667], [54.48733333333334, 24.54166666666667], [54.48733333333334, 24.54158333333334], [54.487500000000004, 24.54158333333334], [54.487500000000004, 24.541333333333338], [54.48758333333333, 24.541333333333338], [54.48758333333333, 24.541166666666673], [54.487750000000005, 24.54108333333334], [54.487833333333334, 24.54091666666667], [54.488, 24.54091666666667], [54.488, 24.54083333333334], [54.48816666666667, 24.54083333333334], [54.48816666666667, 24.540750000000006], [54.48833333333334, 24.540750000000006], [54.48833333333334, 24.540666666666674], [54.48858333333334, 24.540666666666674], [54.48858333333334, 24.540583333333338], [54.489000000000004, 24.540583333333338], [54.489000000000004, 24.540500000000005], [54.489333333333335, 24.540500000000005], [54.489333333333335, 24.540416666666673], [54.49025, 24.540416666666673], [54.49033333333334, 24.540250000000007], [54.49066666666667, 24.540250000000007], [54.49066666666667, 24.54016666666667], [54.49091666666667, 24.54016666666667], [54.49091666666667, 24.54008333333334], [54.491083333333336, 24.54008333333334], [54.491083333333336, 24.540000000000006], [54.49125, 24.539916666666674], [54.49125, 24.539833333333338], [54.49141666666667, 24.539750000000005], [54.49141666666667, 24.539500000000007], [54.49158333333334, 24.539500000000007], [54.49158333333334, 24.53941666666667], [54.49175, 24.53941666666667], [54.49175, 24.53933333333334], [54.49191666666667, 24.53933333333334], [54.49191666666667, 24.539250000000006], [54.492333333333335, 24.539250000000006], [54.492333333333335, 24.53933333333334], [54.49241666666667, 24.53933333333334], [54.49241666666667, 24.539500000000007], [54.4925, 24.539500000000007], [54.4925, 24.539750000000005], [54.492583333333336, 24.539750000000005], [54.492583333333336, 24.539833333333338], [54.493, 24.539833333333338], [54.49308333333334, 24.539666666666673], [54.492916666666666, 24.539666666666673], [54.492916666666666, 24.539500000000007], [54.49275, 24.539500000000007], [54.49275, 24.539166666666674], [54.49283333333334, 24.539166666666674], [54.49283333333334, 24.539000000000005], [54.492916666666666, 24.539000000000005], [54.492916666666666, 24.538916666666672], [54.49308333333334, 24.538916666666672], [54.49316666666667, 24.538750000000007], [54.49333333333334, 24.53866666666667], [54.49333333333334, 24.538500000000006], [54.49391666666667, 24.538500000000006], [54.494, 24.538333333333338], [54.49416666666667, 24.538333333333338], [54.49416666666667, 24.538166666666672], [54.49425, 24.538166666666672], [54.49425, 24.538000000000007], [54.49433333333334, 24.538000000000007], [54.49433333333334, 24.537750000000006], [54.494416666666666, 24.537750000000006], [54.494416666666666, 24.537666666666674], [54.49458333333334, 24.537666666666674], [54.49458333333334, 24.537583333333338], [54.49491666666667, 24.537583333333338], [54.49491666666667, 24.537500000000005], [54.49516666666667, 24.537500000000005], [54.49516666666667, 24.537416666666672], [54.495333333333335, 24.537416666666672], [54.495333333333335, 24.53733333333334], [54.4955, 24.53733333333334], [54.4955, 24.537250000000007], [54.49575, 24.537250000000007], [54.49575, 24.53716666666667], [54.496, 24.53716666666667], [54.496, 24.53708333333334], [54.49625, 24.53708333333334], [54.49625, 24.537000000000006], [54.49641666666667, 24.537000000000006], [54.496500000000005, 24.536833333333337], [54.49666666666667, 24.536833333333337], [54.49666666666667, 24.536750000000005], [54.496833333333335, 24.536750000000005], [54.496833333333335, 24.536666666666672], [54.49691666666667, 24.536666666666672], [54.497, 24.536500000000007], [54.49716666666667, 24.536500000000007], [54.49716666666667, 24.53641666666667], [54.49733333333334, 24.53641666666667], [54.497416666666666, 24.536250000000006], [54.49766666666667, 24.536250000000006], [54.49766666666667, 24.536083333333337], [54.49775, 24.536083333333337], [54.49775, 24.536000000000005], [54.49791666666667, 24.536000000000005], [54.498000000000005, 24.53583333333334], [54.498250000000006, 24.53583333333334], [54.498250000000006, 24.535750000000007], [54.49841666666667, 24.535750000000007], [54.49841666666667, 24.53566666666667], [54.4985, 24.53566666666667], [54.4985, 24.535500000000006], [54.49908333333334, 24.535500000000006], [54.49908333333334, 24.53558333333334], [54.49933333333334, 24.53558333333334], [54.49933333333334, 24.53566666666667], [54.49966666666667, 24.53566666666667], [54.499750000000006, 24.53583333333334], [54.499500000000005, 24.53583333333334], [54.499500000000005, 24.535750000000007], [54.49933333333334, 24.535750000000007], [54.49933333333334, 24.536000000000005], [54.49908333333334, 24.536000000000005], [54.49908333333334, 24.536083333333337], [54.499, 24.536083333333337], [54.499, 24.536250000000006], [54.498916666666666, 24.536250000000006], [54.498916666666666, 24.53641666666667], [54.49883333333334, 24.53641666666667], [54.49883333333334, 24.536666666666672], [54.499, 24.536750000000005], [54.499, 24.536916666666674], [54.498916666666666, 24.536916666666674], [54.498916666666666, 24.53716666666667], [54.49883333333334, 24.53716666666667], [54.49883333333334, 24.537250000000007], [54.49866666666667, 24.537250000000007], [54.49866666666667, 24.53733333333334], [54.4985, 24.53733333333334], [54.4985, 24.537250000000007], [54.49841666666667, 24.537250000000007], [54.49841666666667, 24.537000000000006], [54.498333333333335, 24.537000000000006], [54.498250000000006, 24.536833333333337], [54.498000000000005, 24.536833333333337], [54.498000000000005, 24.536750000000005], [54.49783333333334, 24.536750000000005], [54.49775, 24.536916666666674], [54.49758333333334, 24.536916666666674], [54.49758333333334, 24.537000000000006], [54.4975, 24.537000000000006], [54.4975, 24.53708333333334], [54.49733333333334, 24.53716666666667], [54.49733333333334, 24.537250000000007], [54.49725, 24.537250000000007], [54.49725, 24.537416666666672], [54.497, 24.537416666666672], [54.49691666666667, 24.537583333333338], [54.496833333333335, 24.537583333333338], [54.496833333333335, 24.537750000000006], [54.497, 24.537750000000006], [54.497, 24.53791666666667], [54.496750000000006, 24.53791666666667], [54.496750000000006, 24.538000000000007], [54.496583333333334, 24.538000000000007], [54.496583333333334, 24.53808333333334], [54.49641666666667, 24.538166666666672], [54.49633333333334, 24.538333333333338], [54.49608333333334, 24.538333333333338], [54.49608333333334, 24.538416666666674], [54.496, 24.538416666666674], [54.496, 24.538333333333338], [54.495916666666666, 24.538333333333338], [54.495916666666666, 24.538166666666672], [54.49608333333334, 24.538166666666672], [54.49608333333334, 24.53808333333334], [54.49625, 24.53808333333334], [54.49625, 24.538000000000007], [54.49633333333334, 24.538000000000007], [54.49633333333334, 24.53783333333334], [54.49641666666667, 24.53783333333334], [54.49641666666667, 24.537750000000006], [54.496583333333334, 24.537666666666674], [54.496583333333334, 24.537583333333338], [54.496500000000005, 24.537583333333338], [54.496500000000005, 24.537416666666672], [54.49641666666667, 24.537416666666672], [54.49641666666667, 24.537583333333338], [54.49633333333334, 24.537583333333338], [54.49633333333334, 24.537666666666674], [54.49608333333334, 24.537666666666674], [54.49608333333334, 24.537750000000006], [54.495916666666666, 24.537750000000006], [54.495916666666666, 24.53783333333334], [54.49583333333334, 24.53783333333334], [54.49583333333334, 24.538166666666672], [54.495583333333336, 24.538166666666672], [54.495583333333336, 24.538250000000005], [54.49541666666667, 24.538250000000005], [54.49541666666667, 24.53858333333334], [54.49575, 24.53858333333334], [54.49575, 24.53866666666667], [54.49583333333334, 24.53866666666667], [54.49583333333334, 24.538916666666672], [54.495916666666666, 24.538916666666672], [54.495916666666666, 24.539166666666674], [54.496, 24.539166666666674], [54.496, 24.539250000000006], [54.49608333333334, 24.539250000000006], [54.49616666666667, 24.53941666666667], [54.49625, 24.53941666666667], [54.49625, 24.539750000000005], [54.49608333333334, 24.539833333333338], [54.49608333333334, 24.54008333333334], [54.49633333333334, 24.54008333333334], [54.49633333333334, 24.540000000000006], [54.496500000000005, 24.540000000000006], [54.496500000000005, 24.539916666666674], [54.49666666666667, 24.539916666666674], [54.49666666666667, 24.539833333333338], [54.496833333333335, 24.539833333333338], [54.496833333333335, 24.539666666666673], [54.49691666666667, 24.539666666666673], [54.49691666666667, 24.539500000000007], [54.496833333333335, 24.539500000000007], [54.496750000000006, 24.53933333333334], [54.49666666666667, 24.53933333333334], [54.49666666666667, 24.539083333333338], [54.496750000000006, 24.539083333333338], [54.496750000000006, 24.538916666666672], [54.496833333333335, 24.538916666666672], [54.496833333333335, 24.53866666666667], [54.49666666666667, 24.53858333333334], [54.49666666666667, 24.538333333333338], [54.496833333333335, 24.538333333333338], [54.496833333333335, 24.538250000000005], [54.49725, 24.538250000000005], [54.49725, 24.538333333333338], [54.497416666666666, 24.538333333333338], [54.497416666666666, 24.538416666666674], [54.4975, 24.538416666666674], [54.4975, 24.538250000000005], [54.49758333333334, 24.538250000000005], [54.49758333333334, 24.538166666666672], [54.49783333333334, 24.538166666666672], [54.49783333333334, 24.538000000000007], [54.498000000000005, 24.53791666666667], [54.498083333333334, 24.537750000000006], [54.498333333333335, 24.537750000000006], [54.498333333333335, 24.537666666666674], [54.498583333333336, 24.537666666666674], [54.498583333333336, 24.537750000000006], [54.49866666666667, 24.537750000000006], [54.49866666666667, 24.53791666666667], [54.498583333333336, 24.53791666666667], [54.498583333333336, 24.53808333333334], [54.4985, 24.53808333333334], [54.4985, 24.538250000000005], [54.49841666666667, 24.538250000000005], [54.49841666666667, 24.538333333333338], [54.498250000000006, 24.538333333333338], [54.498250000000006, 24.538416666666674], [54.498083333333334, 24.538500000000006], [54.498083333333334, 24.53866666666667], [54.498000000000005, 24.53866666666667], [54.498000000000005, 24.538916666666672], [54.49816666666667, 24.53883333333334], [54.49816666666667, 24.538750000000007], [54.498250000000006, 24.538750000000007], [54.498250000000006, 24.53866666666667], [54.49841666666667, 24.53866666666667], [54.49841666666667, 24.53858333333334], [54.498583333333336, 24.53858333333334], [54.498583333333336, 24.538500000000006], [54.49866666666667, 24.538500000000006], [54.49866666666667, 24.538416666666674], [54.49883333333334, 24.538416666666674], [54.49883333333334, 24.538333333333338], [54.499, 24.538416666666674], [54.499, 24.538500000000006], [54.49883333333334, 24.538500000000006], [54.49883333333334, 24.53858333333334], [54.49866666666667, 24.53866666666667], [54.49866666666667, 24.538750000000007], [54.4985, 24.53883333333334], [54.4985, 24.539166666666674], [54.498250000000006, 24.539166666666674], [54.498250000000006, 24.53941666666667], [54.49816666666667, 24.53941666666667], [54.49816666666667, 24.539500000000007], [54.498000000000005, 24.539500000000007], [54.498000000000005, 24.53933333333334], [54.49791666666667, 24.53933333333334], [54.49791666666667, 24.539250000000006], [54.49775, 24.539250000000006], [54.49775, 24.539083333333338], [54.49766666666667, 24.539083333333338], [54.49758333333334, 24.539250000000006], [54.4975, 24.539250000000006], [54.4975, 24.539500000000007], [54.49733333333334, 24.53941666666667], [54.49733333333334, 24.539833333333338], [54.49725, 24.539833333333338], [54.49716666666667, 24.540000000000006], [54.497083333333336, 24.540000000000006], [54.497083333333336, 24.54016666666667], [54.497, 24.54016666666667], [54.497, 24.54033333333334], [54.49716666666667, 24.540250000000007], [54.49716666666667, 24.54016666666667], [54.497416666666666, 24.54016666666667], [54.49733333333334, 24.540000000000006], [54.4975, 24.540000000000006], [54.4975, 24.539750000000005], [54.49783333333334, 24.539750000000005], [54.49783333333334, 24.539666666666673], [54.498000000000005, 24.539666666666673], [54.498083333333334, 24.539833333333338], [54.49791666666667, 24.539833333333338], [54.49783333333334, 24.540000000000006], [54.49766666666667, 24.540000000000006], [54.49766666666667, 24.540250000000007], [54.49758333333334, 24.540250000000007], [54.49758333333334, 24.540583333333338], [54.497416666666666, 24.540500000000005], [54.497416666666666, 24.540750000000006], [54.49725, 24.54083333333334], [54.49725, 24.54108333333334], [54.49716666666667, 24.54108333333334], [54.49716666666667, 24.541250000000005], [54.49725, 24.541250000000005], [54.49725, 24.541416666666674], [54.49716666666667, 24.541416666666674], [54.49716666666667, 24.541500000000006], [54.497, 24.541500000000006], [54.497, 24.54158333333334], [54.496833333333335, 24.54158333333334], [54.496833333333335, 24.54166666666667], [54.496750000000006, 24.54166666666667], [54.496750000000006, 24.54183333333334], [54.49666666666667, 24.54183333333334], [54.49666666666667, 24.541916666666673], [54.49691666666667, 24.541916666666673], [54.49691666666667, 24.54183333333334], [54.497, 24.54183333333334], [54.497, 24.54166666666667], [54.497083333333336, 24.54166666666667], [54.497083333333336, 24.541750000000008], [54.49725, 24.541750000000008], [54.49725, 24.54183333333334], [54.497416666666666, 24.541916666666673], [54.49733333333334, 24.542083333333338], [54.49725, 24.542083333333338], [54.49725, 24.542166666666674], [54.497083333333336, 24.542166666666674], [54.497083333333336, 24.542250000000006], [54.497, 24.542250000000006], [54.49691666666667, 24.54241666666667], [54.496833333333335, 24.54241666666667], [54.496750000000006, 24.54258333333334], [54.49641666666667, 24.54258333333334], [54.49641666666667, 24.542666666666673], [54.496, 24.542666666666673], [54.496, 24.542833333333338], [54.495916666666666, 24.542833333333338], [54.495916666666666, 24.54308333333334], [54.49575, 24.543000000000006], [54.49575, 24.543250000000008], [54.4955, 24.543250000000008], [54.4955, 24.543500000000005], [54.495333333333335, 24.543583333333338], [54.495250000000006, 24.543750000000006], [54.49483333333334, 24.543750000000006], [54.49483333333334, 24.543666666666674], [54.49475, 24.543666666666674], [54.49475, 24.543583333333338], [54.49458333333334, 24.543583333333338], [54.49458333333334, 24.543500000000005], [54.4945, 24.543500000000005], [54.4945, 24.543583333333338], [54.49433333333334, 24.543583333333338], [54.49433333333334, 24.54333333333334], [54.49425, 24.54333333333334], [54.49425, 24.543250000000008], [54.49416666666667, 24.543250000000008], [54.49416666666667, 24.54333333333334], [54.49391666666667, 24.54333333333334], [54.49391666666667, 24.543250000000008], [54.493750000000006, 24.54316666666667], [54.493750000000006, 24.542666666666673], [54.49358333333333, 24.54258333333334], [54.49358333333333, 24.54241666666667], [54.493500000000004, 24.54241666666667], [54.493500000000004, 24.542250000000006], [54.49341666666667, 24.542250000000006], [54.49341666666667, 24.542166666666674], [54.49325, 24.542166666666674], [54.49325, 24.542083333333338], [54.49308333333334, 24.542000000000005], [54.49308333333334, 24.541750000000008], [54.493, 24.541750000000008], [54.493, 24.54166666666667], [54.49283333333334, 24.54158333333334], [54.49283333333334, 24.541416666666674], [54.492583333333336, 24.541416666666674], [54.492583333333336, 24.54183333333334], [54.49191666666667, 24.54183333333334], [54.49191666666667, 24.541916666666673], [54.49183333333334, 24.541916666666673], [54.49183333333334, 24.54233333333334], [54.49191666666667, 24.54233333333334], [54.49191666666667, 24.542666666666673], [54.49175, 24.542666666666673], [54.49175, 24.542833333333338], [54.49141666666667, 24.543000000000006], [54.49141666666667, 24.54333333333334], [54.4915, 24.54333333333334], [54.4915, 24.543500000000005], [54.49166666666667, 24.543500000000005], [54.49166666666667, 24.543416666666673], [54.49175, 24.543416666666673], [54.49183333333334, 24.543250000000008], [54.492000000000004, 24.543250000000008], [54.49216666666667, 24.542916666666674], [54.4925, 24.542916666666674], [54.4925, 24.542833333333338], [54.492583333333336, 24.542833333333338], [54.492583333333336, 24.542916666666674], [54.49275, 24.542916666666674], [54.49275, 24.543000000000006], [54.493, 24.543000000000006], [54.49308333333334, 24.54316666666667], [54.49325, 24.54316666666667], [54.49325, 24.543250000000008], [54.493500000000004, 24.543250000000008], [54.49358333333333, 24.543416666666673], [54.49366666666667, 24.543416666666673], [54.49366666666667, 24.543666666666674], [54.493750000000006, 24.543666666666674], [54.493833333333335, 24.54383333333334], [54.49391666666667, 24.54383333333334], [54.494, 24.544000000000008], [54.494083333333336, 24.544000000000008], [54.494083333333336, 24.544250000000005], [54.49433333333334, 24.544250000000005], [54.494416666666666, 24.544416666666674], [54.4945, 24.544416666666674], [54.4945, 24.54458333333334], [54.494416666666666, 24.54458333333334], [54.494416666666666, 24.54483333333334], [54.49425, 24.54483333333334], [54.49425, 24.544750000000004], [54.494083333333336, 24.544750000000004], [54.494083333333336, 24.544916666666673], [54.494, 24.544916666666673], [54.49391666666667, 24.545083333333338], [54.493833333333335, 24.545083333333338], [54.493833333333335, 24.545250000000006], [54.49366666666667, 24.545250000000006], [54.49366666666667, 24.545500000000004], [54.493500000000004, 24.545500000000004], [54.493500000000004, 24.545666666666673], [54.49358333333333, 24.545666666666673], [54.49358333333333, 24.546500000000005], [54.493500000000004, 24.546500000000005], [54.493500000000004, 24.546666666666674], [54.49341666666667, 24.546666666666674], [54.49341666666667, 24.547000000000004], [54.49325, 24.54691666666667], [54.49325, 24.547333333333338], [54.49308333333334, 24.547333333333338], [54.49308333333334, 24.547416666666674], [54.49316666666667, 24.547416666666674], [54.49316666666667, 24.547500000000007], [54.49308333333334, 24.547500000000007], [54.49308333333334, 24.54766666666667], [54.493, 24.54766666666667], [54.493, 24.547750000000004], [54.49283333333334, 24.547750000000004], [54.49283333333334, 24.548083333333338], [54.49266666666667, 24.548166666666674], [54.49266666666667, 24.548500000000004], [54.49275, 24.548500000000004], [54.49275, 24.54858333333334], [54.49266666666667, 24.54858333333334], [54.49266666666667, 24.548833333333338], [54.49241666666667, 24.548833333333338], [54.49241666666667, 24.549250000000004], [54.492250000000006, 24.54933333333334], [54.492250000000006, 24.549500000000005], [54.49216666666667, 24.549500000000005], [54.49216666666667, 24.549583333333338], [54.492000000000004, 24.549500000000005], [54.492000000000004, 24.549583333333338], [54.49183333333334, 24.549583333333338], [54.49183333333334, 24.549666666666674], [54.49166666666667, 24.549666666666674], [54.49158333333334, 24.549500000000005], [54.49133333333334, 24.549500000000005], [54.49133333333334, 24.549583333333338], [54.4915, 24.549583333333338], [54.4915, 24.549666666666674], [54.49141666666667, 24.549666666666674], [54.49141666666667, 24.549750000000007], [54.49125, 24.549750000000007], [54.49125, 24.550000000000004], [54.491083333333336, 24.55008333333334], [54.491083333333336, 24.550166666666673], [54.49091666666667, 24.550166666666673], [54.49091666666667, 24.550250000000005], [54.490833333333335, 24.550250000000005], [54.490833333333335, 24.550416666666674], [54.49066666666667, 24.550416666666674], [54.49066666666667, 24.550500000000007], [54.490500000000004, 24.550500000000007], [54.490500000000004, 24.550750000000004], [54.49041666666667, 24.550750000000004], [54.49033333333334, 24.550916666666673], [54.49016666666667, 24.550916666666673], [54.49016666666667, 24.551000000000005], [54.49, 24.551000000000005], [54.48991666666667, 24.551166666666674], [54.48983333333334, 24.551166666666674], [54.48983333333334, 24.55133333333334], [54.48975, 24.55133333333334], [54.48966666666667, 24.551500000000004], [54.48941666666667, 24.551500000000004], [54.48941666666667, 24.55158333333334], [54.489250000000006, 24.55158333333334], [54.489250000000006, 24.551666666666673], [54.48908333333333, 24.551666666666673], [54.48908333333333, 24.551750000000006], [54.48891666666667, 24.551750000000006]], [[54.489000000000004, 24.551666666666673], [54.48908333333333, 24.551666666666673], [54.48908333333333, 24.55158333333334], [54.489000000000004, 24.55158333333334], [54.489000000000004, 24.551666666666673]], [[54.488, 24.55141666666667], [54.48816666666667, 24.55141666666667], [54.48816666666667, 24.55133333333334], [54.488, 24.55133333333334], [54.488, 24.55141666666667]], [[54.49141666666667, 24.549416666666673], [54.49158333333334, 24.549416666666673], [54.4915, 24.549250000000004], [54.49141666666667, 24.549250000000004], [54.49141666666667, 24.549416666666673]], [[54.492250000000006, 24.548500000000004], [54.49241666666667, 24.548500000000004], [54.49241666666667, 24.54833333333334], [54.49216666666667, 24.54833333333334], [54.492250000000006, 24.548500000000004]], [[54.48716666666667, 24.545916666666674], [54.48725, 24.545916666666674], [54.48725, 24.545750000000005], [54.48733333333334, 24.545750000000005], [54.48733333333334, 24.545666666666673], [54.48725, 24.545666666666673], [54.48725, 24.54558333333334], [54.48733333333334, 24.54558333333334], [54.48733333333334, 24.545500000000004], [54.48725, 24.545500000000004], [54.48733333333334, 24.54533333333334], [54.48708333333334, 24.54533333333334], [54.48708333333334, 24.54558333333334], [54.48675, 24.54558333333334], [54.48675, 24.545750000000005], [54.48691666666667, 24.545750000000005], [54.48691666666667, 24.545666666666673], [54.487, 24.545666666666673], [54.487, 24.545750000000005], [54.48716666666667, 24.545833333333338], [54.48716666666667, 24.545916666666674]], [[54.489583333333336, 24.54541666666667], [54.48966666666667, 24.54541666666667], [54.48966666666667, 24.54533333333334], [54.489583333333336, 24.54533333333334], [54.489583333333336, 24.54541666666667]], [[54.4895, 24.54533333333334], [54.489583333333336, 24.54533333333334], [54.489583333333336, 24.545166666666674], [54.48966666666667, 24.545166666666674], [54.48966666666667, 24.544916666666673], [54.489583333333336, 24.544916666666673], [54.489583333333336, 24.54483333333334], [54.48966666666667, 24.54483333333334], [54.48966666666667, 24.54458333333334], [54.48975, 24.54458333333334], [54.48975, 24.544333333333338], [54.48991666666667, 24.544333333333338], [54.48991666666667, 24.543583333333338], [54.48975, 24.543583333333338], [54.48975, 24.54391666666667], [54.48966666666667, 24.54391666666667], [54.48966666666667, 24.544166666666673], [54.489583333333336, 24.544166666666673], [54.489583333333336, 24.544500000000006], [54.4895, 24.544500000000006], [54.48941666666667, 24.54466666666667], [54.489333333333335, 24.54466666666667], [54.489333333333335, 24.545250000000006], [54.4895, 24.545250000000006], [54.4895, 24.54533333333334]], [[54.48816666666667, 24.545083333333338], [54.48833333333334, 24.545083333333338], [54.48833333333334, 24.545000000000005], [54.48816666666667, 24.545000000000005], [54.48816666666667, 24.545083333333338]], [[54.48791666666667, 24.54383333333334], [54.48833333333334, 24.54383333333334], [54.48833333333334, 24.543750000000006], [54.48858333333334, 24.543750000000006], [54.48858333333334, 24.543583333333338], [54.4885, 24.543583333333338], [54.4885, 24.543416666666673], [54.48841666666667, 24.543416666666673], [54.48841666666667, 24.54333333333334], [54.48825, 24.54333333333334], [54.48816666666667, 24.54316666666667], [54.488083333333336, 24.54316666666667], [54.488083333333336, 24.54333333333334], [54.48791666666667, 24.54333333333334], [54.48791666666667, 24.543500000000005], [54.488, 24.543500000000005], [54.488, 24.543750000000006], [54.48791666666667, 24.543750000000006], [54.48791666666667, 24.54383333333334]], [[54.49125, 24.543666666666674], [54.49133333333334, 24.543666666666674], [54.49133333333334, 24.543583333333338], [54.49125, 24.543583333333338], [54.49125, 24.543666666666674]], [[54.49566666666667, 24.54233333333334], [54.496, 24.54233333333334], [54.496, 24.542250000000006], [54.49633333333334, 24.542250000000006], [54.49633333333334, 24.542166666666674], [54.49666666666667, 24.542166666666674], [54.49666666666667, 24.542000000000005], [54.496583333333334, 24.542000000000005], [54.496583333333334, 24.541916666666673], [54.496500000000005, 24.541916666666673], [54.496500000000005, 24.542000000000005], [54.49633333333334, 24.542000000000005], [54.49625, 24.54183333333334], [54.49608333333334, 24.54183333333334], [54.49608333333334, 24.54166666666667], [54.496, 24.54166666666667], [54.496, 24.54158333333334], [54.49608333333334, 24.54158333333334], [54.496, 24.541416666666674], [54.49608333333334, 24.541416666666674], [54.49616666666667, 24.541250000000005], [54.49625, 24.541250000000005], [54.49625, 24.541166666666673], [54.49641666666667, 24.54108333333334], [54.49641666666667, 24.54091666666667], [54.496583333333334, 24.54091666666667], [54.496500000000005, 24.540750000000006], [54.49641666666667, 24.540750000000006], [54.49641666666667, 24.54083333333334], [54.49625, 24.54083333333334], [54.49616666666667, 24.541000000000007], [54.49583333333334, 24.541000000000007], [54.49583333333334, 24.54108333333334], [54.49566666666667, 24.54108333333334], [54.49566666666667, 24.54091666666667], [54.495583333333336, 24.54091666666667], [54.495583333333336, 24.541000000000007], [54.495333333333335, 24.541000000000007], [54.495333333333335, 24.54091666666667], [54.495000000000005, 24.54091666666667], [54.495000000000005, 24.54083333333334], [54.49491666666667, 24.54083333333334], [54.49491666666667, 24.54091666666667], [54.49475, 24.54091666666667], [54.49475, 24.541250000000005], [54.49466666666667, 24.541250000000005], [54.49466666666667, 24.541416666666674], [54.49458333333334, 24.541416666666674], [54.49458333333334, 24.54166666666667], [54.49475, 24.54166666666667], [54.49475, 24.541750000000008], [54.495000000000005, 24.541750000000008], [54.495000000000005, 24.54183333333334], [54.49516666666667, 24.541916666666673], [54.49516666666667, 24.542000000000005], [54.495333333333335, 24.542000000000005], [54.495333333333335, 24.542166666666674], [54.495583333333336, 24.542166666666674], [54.49566666666667, 24.54233333333334]], [[54.493500000000004, 24.541500000000006], [54.49366666666667, 24.541500000000006], [54.49366666666667, 24.541416666666674], [54.49358333333333, 24.541416666666674], [54.49358333333333, 24.54091666666667], [54.49391666666667, 24.54091666666667], [54.49391666666667, 24.54083333333334], [54.49425, 24.54083333333334], [54.49425, 24.540750000000006], [54.494416666666666, 24.540750000000006], [54.49433333333334, 24.540583333333338], [54.49391666666667, 24.540583333333338], [54.49391666666667, 24.540500000000005], [54.493833333333335, 24.540500000000005], [54.493833333333335, 24.54033333333334], [54.49366666666667, 24.540250000000007], [54.49366666666667, 24.54008333333334], [54.493833333333335, 24.54008333333334], [54.493833333333335, 24.540000000000006], [54.49391666666667, 24.540000000000006], [54.49391666666667, 24.539833333333338], [54.494083333333336, 24.539750000000005], [54.494083333333336, 24.53958333333334], [54.49433333333334, 24.53958333333334], [54.49433333333334, 24.539500000000007], [54.49475, 24.539500000000007], [54.49483333333334, 24.539666666666673], [54.495000000000005, 24.539666666666673], [54.495000000000005, 24.53941666666667], [54.49491666666667, 24.53941666666667], [54.49491666666667, 24.539250000000006], [54.495000000000005, 24.539250000000006], [54.495000000000005, 24.539166666666674], [54.49491666666667, 24.539166666666674], [54.49491666666667, 24.539083333333338], [54.4945, 24.539083333333338], [54.4945, 24.539166666666674], [54.494416666666666, 24.539166666666674], [54.494416666666666, 24.539000000000005], [54.49433333333334, 24.539000000000005], [54.49433333333334, 24.538916666666672], [54.494, 24.538916666666672], [54.494, 24.539000000000005], [54.49391666666667, 24.539000000000005], [54.49391666666667, 24.539166666666674], [54.493833333333335, 24.539166666666674], [54.493833333333335, 24.53933333333334], [54.493750000000006, 24.53933333333334], [54.493750000000006, 24.53941666666667], [54.49358333333333, 24.53941666666667], [54.49358333333333, 24.53958333333334], [54.49341666666667, 24.539666666666673], [54.49341666666667, 24.539833333333338], [54.49325, 24.539833333333338], [54.49325, 24.539916666666674], [54.49308333333334, 24.539916666666674], [54.49308333333334, 24.540750000000006], [54.49325, 24.540750000000006], [54.49325, 24.54083333333334], [54.49341666666667, 24.54091666666667], [54.49341666666667, 24.541333333333338], [54.493500000000004, 24.541333333333338], [54.493500000000004, 24.541500000000006]], [[54.491083333333336, 24.541166666666673], [54.49125, 24.541166666666673], [54.49133333333334, 24.541000000000007], [54.491083333333336, 24.541000000000007], [54.491083333333336, 24.541166666666673]], [[54.49475, 24.540666666666674], [54.49491666666667, 24.540666666666674], [54.49483333333334, 24.540500000000005], [54.49475, 24.540500000000005], [54.49475, 24.540666666666674]], [[54.494416666666666, 24.538916666666672], [54.4945, 24.538916666666672], [54.4945, 24.53883333333334], [54.494416666666666, 24.53883333333334], [54.494416666666666, 24.538916666666672]]]}, "properties": {"stand": 7, "area_ha": 126.0, "alert": false, "z": 0.73}}, {"type": "Feature", "geometry": {"type": "Polygon", "coordinates": [[[54.46816666666667, 24.54033333333334], [54.46816666666667, 24.540250000000007], [54.468, 24.540250000000007], [54.468, 24.54016666666667], [54.46775, 24.54016666666667], [54.46758333333334, 24.539833333333338], [54.46741666666667, 24.539833333333338], [54.46741666666667, 24.539750000000005], [54.46725, 24.539750000000005], [54.46725, 24.539666666666673], [54.46716666666667, 24.539666666666673], [54.46716666666667, 24.539500000000007], [54.46725, 24.539500000000007], [54.46725, 24.539000000000005], [54.46741666666667, 24.539000000000005], [54.46741666666667, 24.538750000000007], [54.4675, 24.538750000000007], [54.4675, 24.538500000000006], [54.46741666666667, 24.538500000000006], [54.46741666666667, 24.53808333333334], [54.4675, 24.53808333333334], [54.4675, 24.53791666666667], [54.467666666666666, 24.53783333333334], [54.467666666666666, 24.537666666666674], [54.46783333333334, 24.537666666666674], [54.46791666666667, 24.537500000000005], [54.468, 24.537500000000005], [54.468, 24.53733333333334], [54.46808333333334, 24.53733333333334], [54.46808333333334, 24.537250000000007], [54.46783333333334, 24.537250000000007], [54.46783333333334, 24.53733333333334], [54.46758333333334, 24.53733333333334], [54.46758333333334, 24.537416666666672], [54.4675, 24.537416666666672], [54.4675, 24.537583333333338], [54.467333333333336, 24.537666666666674], [54.467333333333336, 24.53791666666667], [54.46725, 24.53791666666667], [54.46716666666667, 24.53808333333334], [54.467083333333335, 24.53808333333334], [54.467083333333335, 24.538250000000005], [54.467000000000006, 24.538250000000005], [54.467000000000006, 24.538416666666674], [54.46691666666667, 24.538416666666674], [54.46691666666667, 24.53858333333334], [54.466833333333334, 24.53858333333334], [54.466833333333334, 24.53866666666667], [54.46658333333334, 24.53866666666667], [54.4665, 24.53883333333334], [54.466166666666666, 24.53883333333334], [54.466166666666666, 24.539000000000005], [54.466, 24.539000000000005], [54.46591666666667, 24.539166666666674], [54.465333333333334, 24.539166666666674], [54.465250000000005, 24.53933333333334], [54.46491666666667, 24.53933333333334], [54.46491666666667, 24.539500000000007], [54.46483333333334, 24.539500000000007], [54.46483333333334, 24.53941666666667], [54.46441666666667, 24.53941666666667], [54.46441666666667, 24.53958333333334], [54.464333333333336, 24.53958333333334], [54.464333333333336, 24.539500000000007], [54.46383333333333, 24.539500000000007], [54.46383333333333, 24.53941666666667], [54.46341666666667, 24.53941666666667], [54.46341666666667, 24.53933333333334], [54.462833333333336, 24.53933333333334], [54.462833333333336, 24.539166666666674], [54.46291666666667, 24.539166666666674], [54.46291666666667, 24.539000000000005], [54.46308333333334, 24.539000000000005], [54.46308333333334, 24.538916666666672], [54.463166666666666, 24.538916666666672], [54.463166666666666, 24.538750000000007], [54.46325, 24.538750000000007], [54.46325, 24.53858333333334], [54.46333333333334, 24.53858333333334], [54.46333333333334, 24.538500000000006], [54.463750000000005, 24.538500000000006], [54.463750000000005, 24.538416666666674], [54.46366666666667, 24.538416666666674], [54.46358333333334, 24.538250000000005], [54.463750000000005, 24.538250000000005], [54.463750000000005, 24.53808333333334], [54.46391666666667, 24.53808333333334], [54.46391666666667, 24.538000000000007], [54.46383333333333, 24.538000000000007], [54.463750000000005, 24.53783333333334], [54.46358333333334, 24.53783333333334], [54.46358333333334, 24.537750000000006], [54.4635, 24.537750000000006], [54.4635, 24.53733333333334], [54.46366666666667, 24.537250000000007], [54.46366666666667, 24.53716666666667], [54.46358333333334, 24.53716666666667], [54.46358333333334, 24.536916666666674], [54.46366666666667, 24.536916666666674], [54.46366666666667, 24.536833333333337], [54.46358333333334, 24.536833333333337], [54.46358333333334, 24.536666666666672], [54.46425, 24.536666666666672], [54.46425, 24.53658333333334], [54.4645, 24.53658333333334], [54.4645, 24.536500000000007], [54.46458333333334, 24.536500000000007], [54.46458333333334, 24.53633333333334], [54.46441666666667, 24.53633333333334], [54.46441666666667, 24.536083333333337], [54.46458333333334, 24.536000000000005], [54.46458333333334, 24.535916666666672], [54.46483333333334, 24.535916666666672], [54.46491666666667, 24.536083333333337], [54.465, 24.536083333333337], [54.465, 24.535916666666672], [54.46508333333334, 24.535916666666672], [54.46508333333334, 24.53583333333334], [54.465250000000005, 24.53583333333334], [54.465250000000005, 24.535750000000007], [54.465583333333335, 24.535750000000007], [54.465583333333335, 24.53583333333334], [54.465833333333336, 24.53583333333334], [54.465833333333336, 24.535750000000007], [54.46608333333334, 24.535750000000007], [54.46608333333334, 24.53566666666667], [54.46625, 24.53558333333334], [54.46625, 24.535500000000006], [54.46633333333334, 24.535500000000006], [54.46633333333334, 24.535416666666674], [54.4665, 24.535416666666674], [54.4665, 24.535333333333337], [54.46666666666667, 24.535333333333337], [54.46666666666667, 24.535250000000005], [54.466833333333334, 24.535250000000005], [54.466833333333334, 24.535166666666672], [54.467000000000006, 24.535166666666672], [54.467000000000006, 24.53508333333334], [54.467083333333335, 24.53508333333334], [54.467083333333335, 24.53491666666667], [54.46716666666667, 24.53491666666667], [54.46716666666667, 24.53483333333334], [54.467333333333336, 24.534750000000006], [54.467333333333336, 24.534666666666674], [54.4675, 24.534666666666674], [54.4675, 24.534583333333337], [54.46758333333334, 24.534583333333337], [54.46758333333334, 24.53433333333334], [54.4675, 24.53433333333334], [54.4675, 24.53416666666667], [54.46758333333334, 24.53416666666667], [54.46758333333334, 24.533750000000005], [54.46775, 24.533666666666672], [54.46775, 24.533500000000007], [54.46791666666667, 24.533500000000007], [54.46791666666667, 24.533250000000006], [54.46816666666667, 24.533250000000006], [54.46816666666667, 24.533166666666673], [54.46875, 24.533166666666673], [54.46875, 24.533250000000006], [54.46941666666667, 24.533250000000006], [54.46941666666667, 24.533166666666673], [54.46966666666667, 24.533166666666673], [54.46966666666667, 24.53308333333334], [54.469833333333334, 24.53308333333334], [54.469833333333334, 24.532916666666672], [54.470000000000006, 24.532916666666672], [54.470000000000006, 24.533000000000005], [54.470083333333335, 24.533000000000005], [54.470083333333335, 24.53283333333334], [54.470333333333336, 24.53283333333334], [54.470333333333336, 24.532750000000007], [54.47075, 24.532750000000007], [54.47083333333334, 24.53258333333334], [54.47108333333333, 24.53258333333334], [54.47108333333333, 24.53266666666667], [54.471250000000005, 24.53266666666667], [54.471333333333334, 24.53283333333334], [54.47166666666667, 24.53283333333334], [54.47175, 24.533000000000005], [54.471833333333336, 24.533000000000005], [54.471833333333336, 24.53308333333334], [54.47225, 24.53308333333334], [54.47225, 24.533166666666673], [54.47241666666667, 24.533166666666673], [54.47241666666667, 24.533250000000006], [54.47258333333333, 24.53333333333334], [54.47258333333333, 24.53341666666667], [54.472500000000004, 24.53341666666667], [54.472500000000004, 24.533666666666672], [54.47241666666667, 24.533666666666672], [54.47241666666667, 24.53383333333334], [54.47233333333334, 24.53383333333334], [54.47233333333334, 24.533916666666673], [54.47208333333334, 24.533916666666673], [54.472, 24.53408333333334], [54.471833333333336, 24.53408333333334], [54.471833333333336, 24.53416666666667], [54.47175, 24.53416666666667], [54.47175, 24.534750000000006], [54.471833333333336, 24.534750000000006], [54.471833333333336, 24.535000000000007], [54.47191666666667, 24.535000000000007], [54.47191666666667, 24.535166666666672], [54.472, 24.535166666666672], [54.472, 24.535416666666674], [54.47208333333334, 24.535416666666674], [54.472166666666666, 24.53558333333334], [54.472, 24.53566666666667], [54.472, 24.535750000000007], [54.47166666666667, 24.535750000000007], [54.47166666666667, 24.53583333333334], [54.47141666666667, 24.53583333333334], [54.47141666666667, 24.536000000000005], [54.471250000000005, 24.536000000000005], [54.471250000000005, 24.535916666666672], [54.47108333333333, 24.535916666666672], [54.47108333333333, 24.536166666666674], [54.47116666666667, 24.536166666666674], [54.47116666666667, 24.53633333333334], [54.471333333333334, 24.53633333333334], [54.471333333333334, 24.53641666666667], [54.47141666666667, 24.53641666666667], [54.47141666666667, 24.53658333333334], [54.471583333333335, 24.536666666666672], [54.471583333333335, 24.536916666666674], [54.47166666666667, 24.536916666666674], [54.47166666666667, 24.537250000000007], [54.471583333333335, 24.537250000000007], [54.471583333333335, 24.537583333333338], [54.47141666666667, 24.537583333333338], [54.47141666666667, 24.537666666666674], [54.471333333333334, 24.537666666666674], [54.471333333333334, 24.53783333333334], [54.47116666666667, 24.53783333333334], [54.47116666666667, 24.53791666666667], [54.47091666666667, 24.53791666666667], [54.47091666666667, 24.538000000000007], [54.470666666666666, 24.538000000000007], [54.470666666666666, 24.53791666666667], [54.47016666666667, 24.53791666666667], [54.47016666666667, 24.538000000000007], [54.469833333333334, 24.538000000000007], [54.469833333333334, 24.53808333333334], [54.46966666666667, 24.53808333333334], [54.46966666666667, 24.538166666666672], [54.46958333333334, 24.538166666666672], [54.46958333333334, 24.538333333333338], [54.469500000000004, 24.538333333333338], [54.469500000000004, 24.538500000000006], [54.46958333333334, 24.538500000000006], [54.46958333333334, 24.53866666666667], [54.469500000000004, 24.53866666666667], [54.469500000000004, 24.538916666666672], [54.46941666666667, 24.538916666666672], [54.46941666666667, 24.539500000000007], [54.469500000000004, 24.539500000000007], [54.46958333333334, 24.539666666666673], [54.46941666666667, 24.539666666666673], [54.46941666666667, 24.539750000000005], [54.46958333333334, 24.539750000000005], [54.469750000000005, 24.54008333333334], [54.469500000000004, 24.54008333333334], [54.469500000000004, 24.54016666666667], [54.46933333333334, 24.54016666666667], [54.46933333333334, 24.540250000000007], [54.469166666666666, 24.540250000000007], [54.469166666666666, 24.54033333333334], [54.46816666666667, 24.54033333333334]], [[54.46416666666667, 24.538750000000007], [54.464333333333336, 24.538750000000007], [54.464333333333336, 24.53866666666667], [54.46416666666667, 24.53866666666667], [54.46416666666667, 24.538750000000007]], [[54.464000000000006, 24.53733333333334], [54.46416666666667, 24.53733333333334], [54.46416666666667, 24.537250000000007], [54.464000000000006, 24.537250000000007], [54.464000000000006, 24.53733333333334]], [[54.46933333333334, 24.53641666666667], [54.46941666666667, 24.53641666666667], [54.46941666666667, 24.53633333333334], [54.46933333333334, 24.53633333333334], [54.46933333333334, 24.53641666666667]], [[54.46475, 24.536250000000006], [54.46491666666667, 24.536250000000006], [54.46483333333334, 24.536083333333337], [54.46475, 24.536083333333337], [54.46475, 24.536250000000006]]]}, "properties": {"stand": 16, "area_ha": 55.6, "alert": false, "z": 0.63}}, {"type": "Feature", "geometry": {"type": "Polygon", "coordinates": [[[54.50091666666667, 24.549416666666673], [54.50091666666667, 24.54933333333334], [54.500750000000004, 24.54933333333334], [54.50066666666667, 24.54916666666667], [54.500416666666666, 24.54916666666667], [54.500416666666666, 24.54841666666667], [54.50025, 24.54833333333334], [54.50025, 24.548166666666674], [54.50033333333334, 24.548166666666674], [54.50033333333334, 24.54766666666667], [54.5005, 24.54766666666667], [54.5005, 24.54758333333334], [54.50058333333334, 24.54758333333334], [54.50058333333334, 24.547333333333338], [54.5005, 24.547333333333338], [54.5005, 24.547166666666673], [54.50058333333334, 24.547166666666673], [54.50058333333334, 24.54708333333334], [54.5005, 24.54708333333334], [54.5005, 24.54691666666667], [54.50058333333334, 24.54691666666667], [54.50058333333334, 24.546750000000007], [54.500750000000004, 24.546750000000007], [54.500750000000004, 24.546666666666674], [54.50116666666667, 24.546666666666674], [54.50116666666667, 24.546583333333338], [54.5015, 24.546583333333338], [54.5015, 24.546500000000005], [54.50166666666667, 24.546416666666673], [54.50166666666667, 24.54616666666667], [54.50175, 24.54616666666667], [54.50175, 24.54608333333334], [54.501916666666666, 24.54608333333334], [54.501916666666666, 24.545916666666674], [54.502, 24.545916666666674], [54.502, 24.545666666666673], [54.50208333333334, 24.545666666666673], [54.50208333333334, 24.54541666666667], [54.502250000000004, 24.54533333333334], [54.502250000000004, 24.545166666666674], [54.50241666666667, 24.545166666666674], [54.50241666666667, 24.544916666666673], [54.502500000000005, 24.544916666666673], [54.502500000000005, 24.544750000000004], [54.502583333333334, 24.544750000000004], [54.502583333333334, 24.54458333333334], [54.50266666666667, 24.54458333333334], [54.50266666666667, 24.544500000000006], [54.502833333333335, 24.544500000000006], [54.502833333333335, 24.544333333333338], [54.50291666666667, 24.544333333333338], [54.50291666666667, 24.544166666666673], [54.503, 24.544166666666673], [54.503, 24.544000000000008], [54.503083333333336, 24.544000000000008], [54.503083333333336, 24.54383333333334], [54.50316666666667, 24.54383333333334], [54.50325, 24.543666666666674], [54.50333333333334, 24.543666666666674], [54.50333333333334, 24.543500000000005], [54.503416666666666, 24.543500000000005], [54.503416666666666, 24.543416666666673], [54.50358333333334, 24.543500000000005], [54.50358333333334, 24.543583333333338], [54.50366666666667, 24.543583333333338], [54.50366666666667, 24.543750000000006], [54.50383333333333, 24.54383333333334], [54.50383333333333, 24.544166666666673], [54.503750000000004, 24.544166666666673], [54.503750000000004, 24.544250000000005], [54.50391666666667, 24.544333333333338], [54.50391666666667, 24.54483333333334], [54.504000000000005, 24.54483333333334], [54.504000000000005, 24.545083333333338], [54.504083333333334, 24.545083333333338], [54.504083333333334, 24.54541666666667], [54.50416666666667, 24.54541666666667], [54.50416666666667, 24.54558333333334], [54.504250000000006, 24.54558333333334], [54.504333333333335, 24.545750000000005], [54.50508333333334, 24.545750000000005], [54.50508333333334, 24.545666666666673], [54.505, 24.545666666666673], [54.505, 24.545500000000004], [54.5045, 24.545500000000004], [54.50441666666667, 24.54533333333334], [54.504250000000006, 24.54533333333334], [54.504250000000006, 24.545250000000006], [54.50416666666667, 24.545250000000006], [54.50416666666667, 24.544916666666673], [54.504250000000006, 24.544916666666673], [54.504250000000006, 24.54466666666667], [54.50441666666667, 24.54458333333334], [54.50441666666667, 24.544000000000008], [54.5045, 24.544000000000008], [54.5045, 24.54391666666667], [54.50441666666667, 24.54391666666667], [54.50441666666667, 24.54316666666667], [54.504333333333335, 24.54316666666667], [54.504333333333335, 24.542083333333338], [54.50441666666667, 24.542083333333338], [54.50441666666667, 24.541750000000008], [54.5045, 24.541750000000008], [54.5045, 24.541500000000006], [54.50466666666667, 24.541500000000006], [54.50466666666667, 24.54108333333334], [54.50475, 24.54108333333334], [54.50475, 24.54091666666667], [54.50483333333334, 24.54091666666667], [54.50483333333334, 24.540666666666674], [54.50491666666667, 24.540666666666674], [54.50491666666667, 24.540500000000005], [54.50508333333334, 24.540500000000005], [54.50508333333334, 24.54033333333334], [54.505250000000004, 24.540250000000007], [54.505250000000004, 24.540000000000006], [54.50541666666667, 24.539916666666674], [54.50541666666667, 24.539750000000005], [54.505583333333334, 24.539750000000005], [54.505583333333334, 24.539666666666673], [54.505750000000006, 24.53958333333334], [54.505750000000006, 24.53941666666667], [54.505833333333335, 24.53941666666667], [54.505833333333335, 24.53933333333334], [54.506, 24.53933333333334], [54.506, 24.539166666666674], [54.506083333333336, 24.539166666666674], [54.506083333333336, 24.538916666666672], [54.50616666666667, 24.538916666666672], [54.50616666666667, 24.53858333333334], [54.50625, 24.53858333333334], [54.50625, 24.538416666666674], [54.50658333333334, 24.538250000000005], [54.50658333333334, 24.53808333333334], [54.506750000000004, 24.538000000000007], [54.506750000000004, 24.53791666666667], [54.507000000000005, 24.53791666666667], [54.507083333333334, 24.537750000000006], [54.507250000000006, 24.537666666666674], [54.507250000000006, 24.537583333333338], [54.507583333333336, 24.537583333333338], [54.507583333333336, 24.537500000000005], [54.50766666666667, 24.537500000000005], [54.50766666666667, 24.537250000000007], [54.508, 24.537250000000007], [54.508, 24.53716666666667], [54.50816666666667, 24.53716666666667], [54.50816666666667, 24.53708333333334], [54.50833333333333, 24.53708333333334], [54.50833333333333, 24.537000000000006], [54.508500000000005, 24.537000000000006], [54.508500000000005, 24.536916666666674], [54.50866666666667, 24.536916666666674], [54.50866666666667, 24.536833333333337], [54.508833333333335, 24.536750000000005], [54.508833333333335, 24.53658333333334], [54.509, 24.53658333333334], [54.509083333333336, 24.53641666666667], [54.50916666666667, 24.53641666666667], [54.50916666666667, 24.536250000000006], [54.50941666666667, 24.536250000000006], [54.50941666666667, 24.536083333333337], [54.50958333333334, 24.536083333333337], [54.50958333333334, 24.53583333333334], [54.509750000000004, 24.535750000000007], [54.509750000000004, 24.53558333333334], [54.50991666666667, 24.53558333333334], [54.50991666666667, 24.535500000000006], [54.510083333333334, 24.535416666666674], [54.510083333333334, 24.535333333333337], [54.51041666666667, 24.535333333333337], [54.51041666666667, 24.53483333333334], [54.51058333333334, 24.534750000000006], [54.51058333333334, 24.534583333333337], [54.51066666666667, 24.534583333333337], [54.51066666666667, 24.534416666666672], [54.51083333333334, 24.534416666666672], [54.51091666666667, 24.534250000000007], [54.51116666666667, 24.534250000000007], [54.51116666666667, 24.53416666666667], [54.511250000000004, 24.53416666666667], [54.511250000000004, 24.53408333333334], [54.51141666666667, 24.53408333333334], [54.51141666666667, 24.534000000000006], [54.511500000000005, 24.534000000000006], [54.511583333333334, 24.53383333333334], [54.51166666666667, 24.53383333333334], [54.51166666666667, 24.533750000000005], [54.511833333333335, 24.533750000000005], [54.511833333333335, 24.533500000000007], [54.51191666666667, 24.533500000000007], [54.51191666666667, 24.53341666666667], [54.512, 24.53341666666667], [54.512, 24.533250000000006], [54.51208333333334, 24.533250000000006], [54.51208333333334, 24.533000000000005], [54.51216666666667, 24.533000000000005], [54.51216666666667, 24.532916666666672], [54.51233333333334, 24.532916666666672], [54.51233333333334, 24.532750000000007], [54.51241666666667, 24.532750000000007], [54.51241666666667, 24.532500000000006], [54.5125, 24.532500000000006], [54.5125, 24.53233333333334], [54.51258333333334, 24.53233333333334], [54.51258333333334, 24.532250000000005], [54.512750000000004, 24.532250000000005], [54.512750000000004, 24.532000000000007], [54.51291666666667, 24.532000000000007], [54.51291666666667, 24.53183333333334], [54.513000000000005, 24.53183333333334], [54.513083333333334, 24.531666666666673], [54.51325, 24.531666666666673], [54.51325, 24.53158333333334], [54.5135, 24.53158333333334], [54.51358333333334, 24.531416666666672], [54.51375, 24.531416666666672], [54.51375, 24.53133333333334], [54.51391666666667, 24.531250000000007], [54.51391666666667, 24.53108333333334], [54.514, 24.53108333333334], [54.514, 24.53083333333334], [54.51433333333333, 24.53083333333334], [54.51433333333333, 24.53058333333334], [54.514500000000005, 24.530500000000007], [54.514500000000005, 24.53033333333334], [54.514583333333334, 24.53033333333334], [54.514583333333334, 24.530166666666673], [54.51475, 24.530166666666673], [54.51475, 24.530000000000005], [54.514833333333335, 24.530000000000005], [54.514833333333335, 24.52983333333334], [54.51491666666667, 24.52983333333334], [54.515, 24.52966666666667], [54.51516666666667, 24.52966666666667], [54.51516666666667, 24.529500000000006], [54.51525, 24.529500000000006], [54.51525, 24.52933333333334], [54.51533333333334, 24.52933333333334], [54.51533333333334, 24.529166666666672], [54.5155, 24.52908333333334], [54.5155, 24.529000000000007], [54.51566666666667, 24.529000000000007], [54.51566666666667, 24.52891666666667], [54.515750000000004, 24.52891666666667], [54.515750000000004, 24.529000000000007], [54.51583333333333, 24.529000000000007], [54.51583333333333, 24.529416666666673], [54.515750000000004, 24.529416666666673], [54.515750000000004, 24.52958333333334], [54.51558333333334, 24.52958333333334], [54.51558333333334, 24.529750000000007], [54.5155, 24.529750000000007], [54.5155, 24.530000000000005], [54.51558333333334, 24.530000000000005], [54.51558333333334, 24.530250000000006], [54.51566666666667, 24.530250000000006], [54.51566666666667, 24.530666666666672], [54.51583333333333, 24.530750000000005], [54.51583333333333, 24.53108333333334], [54.51566666666667, 24.53108333333334], [54.51566666666667, 24.531250000000007], [54.51558333333334, 24.531250000000007], [54.51558333333334, 24.53191666666667], [54.5155, 24.53191666666667], [54.5155, 24.532000000000007], [54.51516666666667, 24.532000000000007], [54.51516666666667, 24.53191666666667], [54.515, 24.53191666666667], [54.515, 24.531666666666673], [54.51491666666667, 24.531666666666673], [54.51491666666667, 24.53158333333334], [54.514833333333335, 24.53158333333334], [54.514833333333335, 24.531750000000006], [54.51475, 24.531750000000006], [54.51475, 24.53183333333334], [54.51491666666667, 24.53191666666667], [54.51491666666667, 24.53208333333334], [54.51508333333334, 24.532166666666672], [54.51508333333334, 24.532416666666673], [54.51516666666667, 24.532416666666673], [54.51516666666667, 24.53266666666667], [54.51525, 24.53266666666667], [54.51525, 24.532916666666672], [54.51533333333334, 24.532916666666672], [54.51533333333334, 24.534250000000007], [54.51541666666667, 24.534250000000007], [54.51541666666667, 24.534416666666672], [54.5155, 24.534416666666672], [54.5155, 24.535333333333337], [54.51558333333334, 24.535333333333337], [54.51558333333334, 24.535500000000006], [54.515750000000004, 24.535500000000006], [54.51583333333333, 24.53566666666667], [54.51591666666667, 24.53566666666667], [54.51591666666667, 24.536000000000005], [54.516000000000005, 24.536000000000005], [54.516000000000005, 24.536500000000007], [54.516083333333334, 24.536500000000007], [54.516083333333334, 24.536666666666672], [54.51616666666667, 24.536666666666672], [54.51616666666667, 24.537000000000006], [54.51625, 24.537000000000006], [54.51625, 24.538500000000006], [54.51616666666667, 24.538500000000006], [54.51616666666667, 24.53858333333334], [54.516083333333334, 24.53858333333334], [54.516083333333334, 24.538500000000006], [54.51591666666667, 24.53858333333334], [54.51583333333333, 24.538416666666674], [54.51558333333334, 24.538416666666674], [54.5155, 24.538250000000005], [54.51541666666667, 24.538250000000005], [54.51541666666667, 24.538333333333338], [54.51525, 24.538250000000005], [54.51525, 24.538000000000007], [54.51533333333334, 24.538000000000007], [54.51525, 24.53783333333334], [54.51533333333334, 24.53783333333334], [54.51533333333334, 24.537750000000006], [54.51525, 24.537750000000006], [54.51525, 24.537583333333338], [54.51516666666667, 24.537583333333338], [54.51516666666667, 24.537416666666672], [54.51508333333334, 24.537416666666672], [54.51508333333334, 24.53733333333334], [54.515, 24.53733333333334], [54.515, 24.53783333333334], [54.51508333333334, 24.53783333333334], [54.51508333333334, 24.53791666666667], [54.51491666666667, 24.53791666666667], [54.51491666666667, 24.53783333333334], [54.51475, 24.53783333333334], [54.51475, 24.537750000000006], [54.514583333333334, 24.537666666666674], [54.514500000000005, 24.537500000000005], [54.51433333333333, 24.537416666666672], [54.51433333333333, 24.537250000000007], [54.514250000000004, 24.537250000000007], [54.514250000000004, 24.53708333333334], [54.51416666666667, 24.53708333333334], [54.51408333333334, 24.536916666666674], [54.514, 24.536916666666674], [54.514, 24.536750000000005], [54.51391666666667, 24.536750000000005], [54.51391666666667, 24.53658333333334], [54.51383333333334, 24.53658333333334], [54.51383333333334, 24.536083333333337], [54.51375, 24.536083333333337], [54.51375, 24.536000000000005], [54.51358333333334, 24.536000000000005], [54.51358333333334, 24.536083333333337], [54.5135, 24.536083333333337], [54.51341666666667, 24.536250000000006], [54.513333333333335, 24.536250000000006], [54.513333333333335, 24.53641666666667], [54.51325, 24.53641666666667], [54.51325, 24.536500000000007], [54.513000000000005, 24.536500000000007], [54.51291666666667, 24.536666666666672], [54.512750000000004, 24.536666666666672], [54.512750000000004, 24.536750000000005], [54.51258333333334, 24.536750000000005], [54.5125, 24.536916666666674], [54.51233333333334, 24.536916666666674], [54.51225, 24.53708333333334], [54.512, 24.53708333333334], [54.512, 24.537500000000005], [54.51191666666667, 24.537500000000005], [54.51191666666667, 24.53783333333334], [54.511833333333335, 24.53783333333334], [54.511833333333335, 24.53808333333334], [54.51166666666667, 24.53808333333334], [54.51166666666667, 24.538166666666672], [54.511583333333334, 24.538166666666672], [54.511583333333334, 24.538333333333338], [54.51141666666667, 24.538416666666674], [54.51141666666667, 24.53858333333334], [54.51133333333333, 24.53858333333334], [54.51133333333333, 24.53866666666667], [54.51116666666667, 24.53866666666667], [54.51108333333334, 24.53883333333334], [54.511, 24.53883333333334], [54.511, 24.539000000000005], [54.51083333333334, 24.538916666666672], [54.51083333333334, 24.539083333333338], [54.51066666666667, 24.539083333333338], [54.51066666666667, 24.539166666666674], [54.5105, 24.539166666666674], [54.51041666666667, 24.53933333333334], [54.510083333333334, 24.53933333333334], [54.510083333333334, 24.53941666666667], [54.50991666666667, 24.53941666666667], [54.50991666666667, 24.539500000000007], [54.50966666666667, 24.539500000000007], [54.50958333333334, 24.539666666666673], [54.50941666666667, 24.539666666666673], [54.50933333333334, 24.539833333333338], [54.50916666666667, 24.539833333333338], [54.50916666666667, 24.540000000000006], [54.509083333333336, 24.540000000000006], [54.509083333333336, 24.540250000000007], [54.50891666666667, 24.54033333333334], [54.50891666666667, 24.540583333333338], [54.508833333333335, 24.540583333333338], [54.508833333333335, 24.540666666666674], [54.50866666666667, 24.540666666666674], [54.50866666666667, 24.54083333333334], [54.508583333333334, 24.54083333333334], [54.508500000000005, 24.541000000000007], [54.50833333333333, 24.54108333333334], [54.50833333333333, 24.541166666666673], [54.50808333333334, 24.541166666666673], [54.508, 24.541333333333338], [54.50783333333334, 24.541333333333338], [54.50783333333334, 24.541416666666674], [54.50766666666667, 24.541416666666674], [54.50766666666667, 24.541500000000006], [54.50741666666667, 24.541500000000006], [54.50741666666667, 24.54158333333334], [54.50716666666667, 24.54158333333334], [54.50716666666667, 24.54166666666667], [54.50691666666667, 24.54166666666667], [54.50691666666667, 24.541750000000008], [54.50683333333333, 24.541750000000008], [54.50683333333333, 24.54166666666667], [54.5065, 24.54166666666667], [54.5065, 24.541750000000008], [54.50633333333334, 24.541750000000008], [54.50633333333334, 24.54166666666667], [54.50591666666667, 24.54166666666667], [54.50591666666667, 24.54183333333334], [54.506083333333336, 24.541916666666673], [54.506083333333336, 24.542083333333338], [54.50616666666667, 24.542083333333338], [54.50625, 24.542250000000006], [54.50633333333334, 24.542250000000006], [54.50633333333334, 24.542500000000008], [54.50641666666667, 24.542500000000008], [54.50641666666667, 24.542750000000005], [54.5065, 24.542750000000005], [54.5065, 24.544000000000008], [54.50641666666667, 24.544000000000008], [54.50641666666667, 24.544250000000005], [54.50633333333334, 24.544250000000005], [54.50633333333334, 24.544500000000006], [54.50625, 24.544500000000006], [54.50625, 24.544750000000004], [54.50591666666667, 24.544750000000004], [54.50591666666667, 24.54483333333334], [54.505833333333335, 24.54483333333334], [54.505750000000006, 24.545000000000005], [54.505500000000005, 24.545000000000005], [54.505500000000005, 24.544916666666673], [54.50533333333333, 24.544916666666673], [54.50533333333333, 24.545000000000005], [54.50508333333334, 24.545000000000005], [54.50508333333334, 24.545083333333338], [54.50491666666667, 24.545083333333338], [54.50491666666667, 24.545166666666674], [54.50483333333334, 24.545166666666674], [54.50483333333334, 24.54541666666667], [54.50533333333333, 24.54541666666667], [54.50533333333333, 24.54533333333334], [54.505583333333334, 24.54533333333334], [54.50566666666667, 24.545500000000004], [54.505500000000005, 24.545500000000004], [54.505500000000005, 24.54558333333334], [54.50533333333333, 24.545666666666673], [54.50533333333333, 24.545833333333338], [54.50516666666667, 24.545916666666674], [54.50516666666667, 24.54608333333334], [54.505, 24.54608333333334], [54.505, 24.54616666666667], [54.50491666666667, 24.54616666666667], [54.50491666666667, 24.54633333333334], [54.50475, 24.546416666666673], [54.50466666666667, 24.546583333333338], [54.5045, 24.546583333333338], [54.5045, 24.546666666666674], [54.504333333333335, 24.546666666666674], [54.504333333333335, 24.54683333333334], [54.504250000000006, 24.54683333333334], [54.504250000000006, 24.54691666666667], [54.504000000000005, 24.54691666666667], [54.50391666666667, 24.54708333333334], [54.50383333333333, 24.54708333333334], [54.50383333333333, 24.547500000000007], [54.503750000000004, 24.547500000000007], [54.503750000000004, 24.547750000000004], [54.50358333333334, 24.547750000000004], [54.50358333333334, 24.548083333333338], [54.503416666666666, 24.548166666666674], [54.503416666666666, 24.54833333333334], [54.50325, 24.54841666666667], [54.50325, 24.54858333333334], [54.503083333333336, 24.54858333333334], [54.503083333333336, 24.548666666666673], [54.503, 24.548666666666673], [54.50291666666667, 24.548833333333338], [54.502833333333335, 24.548833333333338], [54.502833333333335, 24.548916666666674], [54.502583333333334, 24.548916666666674], [54.502500000000005, 24.54908333333334], [54.50233333333333, 24.54908333333334], [54.502250000000004, 24.549250000000004], [54.502, 24.549250000000004], [54.502, 24.54933333333334], [54.501583333333336, 24.54933333333334], [54.501583333333336, 24.549416666666673], [54.50091666666667, 24.549416666666673]], [[54.51366666666667, 24.535250000000005], [54.51375, 24.535250000000005], [54.51375, 24.53508333333334], [54.51358333333334, 24.535000000000007], [54.51358333333334, 24.535166666666672], [54.51366666666667, 24.535166666666672], [54.51366666666667, 24.535250000000005]]]}, "properties": {"stand": 9, "area_ha": 99.2, "alert": false, "z": 0.11}}, {"type": "Feature", "geometry": {"type": "Polygon", "coordinates": [[[54.55716666666667, 24.534500000000005], [54.55716666666667, 24.534416666666672], [54.557, 24.53433333333334], [54.557, 24.534250000000007], [54.55683333333334, 24.534250000000007], [54.55683333333334, 24.53408333333334], [54.556583333333336, 24.53408333333334], [54.556583333333336, 24.53416666666667], [54.5565, 24.53416666666667], [54.55641666666667, 24.53433333333334], [54.556333333333335, 24.53433333333334], [54.556333333333335, 24.534250000000007], [54.55616666666667, 24.53433333333334], [54.55616666666667, 24.534250000000007], [54.55608333333333, 24.534250000000007], [54.55608333333333, 24.534000000000006], [54.556000000000004, 24.534000000000006], [54.556000000000004, 24.53383333333334], [54.55608333333333, 24.53383333333334], [54.55608333333333, 24.533666666666672], [54.55616666666667, 24.533666666666672], [54.55616666666667, 24.533500000000007], [54.556250000000006, 24.533500000000007], [54.556250000000006, 24.53341666666667], [54.55616666666667, 24.53341666666667], [54.55616666666667, 24.53308333333334], [54.556000000000004, 24.533000000000005], [54.556000000000004, 24.53258333333334], [54.55591666666667, 24.53258333333334], [54.55591666666667, 24.532500000000006], [54.55575, 24.532500000000006], [54.55575, 24.531750000000006], [54.55583333333334, 24.531750000000006], [54.55583333333334, 24.53158333333334], [54.55575, 24.53158333333334], [54.55575, 24.53108333333334], [54.55566666666667, 24.53108333333334], [54.55566666666667, 24.530916666666673], [54.55558333333334, 24.530916666666673], [54.55558333333334, 24.53033333333334], [54.5555, 24.53033333333334], [54.5555, 24.530166666666673], [54.55558333333334, 24.530166666666673], [54.55558333333334, 24.52933333333334], [54.55566666666667, 24.52933333333334], [54.55566666666667, 24.529250000000005], [54.55616666666667, 24.529250000000005], [54.55616666666667, 24.529166666666672], [54.55641666666667, 24.529166666666672], [54.55641666666667, 24.52908333333334], [54.556583333333336, 24.52908333333334], [54.556583333333336, 24.529000000000007], [54.55666666666667, 24.529000000000007], [54.55666666666667, 24.528750000000006], [54.556583333333336, 24.528750000000006], [54.556583333333336, 24.528500000000005], [54.55666666666667, 24.528500000000005], [54.55666666666667, 24.528250000000007], [54.556916666666666, 24.528250000000007], [54.556916666666666, 24.527916666666673], [54.55708333333334, 24.52783333333334], [54.55708333333334, 24.52758333333334], [54.55716666666667, 24.52758333333334], [54.55716666666667, 24.527500000000007], [54.55733333333334, 24.527500000000007], [54.55733333333334, 24.52741666666667], [54.557500000000005, 24.52741666666667], [54.557500000000005, 24.527500000000007], [54.55758333333333, 24.527500000000007], [54.55758333333333, 24.527666666666672], [54.558083333333336, 24.527666666666672], [54.558083333333336, 24.527750000000005], [54.558416666666666, 24.527750000000005], [54.558416666666666, 24.527666666666672], [54.55858333333334, 24.527666666666672], [54.55866666666667, 24.52783333333334], [54.55891666666667, 24.52783333333334], [54.55891666666667, 24.527916666666673], [54.559083333333334, 24.528000000000006], [54.559083333333334, 24.52808333333334], [54.559000000000005, 24.52808333333334], [54.559000000000005, 24.528500000000005], [54.559083333333334, 24.528500000000005], [54.559083333333334, 24.528416666666672], [54.55975, 24.528416666666672], [54.55983333333334, 24.528250000000007], [54.56008333333334, 24.528250000000007], [54.56008333333334, 24.528000000000006], [54.56025, 24.528000000000006], [54.56025, 24.52783333333334], [54.56033333333334, 24.52783333333334], [54.56041666666667, 24.527666666666672], [54.56066666666667, 24.527666666666672], [54.56066666666667, 24.52758333333334], [54.560833333333335, 24.52758333333334], [54.560833333333335, 24.527500000000007], [54.561083333333336, 24.527500000000007], [54.561083333333336, 24.52733333333334], [54.56125, 24.527250000000006], [54.56125, 24.52733333333334], [54.56133333333334, 24.52733333333334], [54.56133333333334, 24.527666666666672], [54.56116666666667, 24.527666666666672], [54.56116666666667, 24.527750000000005], [54.56091666666667, 24.527750000000005], [54.56091666666667, 24.52783333333334], [54.561, 24.52783333333334], [54.561, 24.52808333333334], [54.56116666666667, 24.52808333333334], [54.56125, 24.528250000000007], [54.56116666666667, 24.528250000000007], [54.56116666666667, 24.528500000000005], [54.561, 24.528500000000005], [54.561, 24.52858333333334], [54.56091666666667, 24.52858333333334], [54.56091666666667, 24.528750000000006], [54.560750000000006, 24.52883333333334], [54.560750000000006, 24.529000000000007], [54.560583333333334, 24.52908333333334], [54.560583333333334, 24.529166666666672], [54.56041666666667, 24.529250000000005], [54.56033333333334, 24.529416666666673], [54.56008333333334, 24.529416666666673], [54.56, 24.52958333333334], [54.55983333333334, 24.52958333333334], [54.55983333333334, 24.52966666666667], [54.55975, 24.52966666666667], [54.55975, 24.529750000000007], [54.55941666666667, 24.529750000000007], [54.55941666666667, 24.52983333333334], [54.55916666666667, 24.52983333333334], [54.55916666666667, 24.529916666666672], [54.55891666666667, 24.529916666666672], [54.55891666666667, 24.530500000000007], [54.559000000000005, 24.530500000000007], [54.559000000000005, 24.53083333333334], [54.559083333333334, 24.53083333333334], [54.559083333333334, 24.53258333333334], [54.559000000000005, 24.53258333333334], [54.559000000000005, 24.532916666666672], [54.55883333333334, 24.532916666666672], [54.55883333333334, 24.533166666666673], [54.55866666666667, 24.533250000000006], [54.55866666666667, 24.53341666666667], [54.55858333333334, 24.53341666666667], [54.55858333333334, 24.533500000000007], [54.55825, 24.533500000000007], [54.55825, 24.53341666666667], [54.55816666666667, 24.53341666666667], [54.55816666666667, 24.533250000000006], [54.558, 24.533166666666673], [54.558, 24.533250000000006], [54.55791666666667, 24.533250000000006], [54.55791666666667, 24.53358333333334], [54.557833333333335, 24.53358333333334], [54.557750000000006, 24.533750000000005], [54.55766666666667, 24.533750000000005], [54.55766666666667, 24.534000000000006], [54.557750000000006, 24.534000000000006], [54.557750000000006, 24.53408333333334], [54.55758333333333, 24.53408333333334], [54.55758333333333, 24.534000000000006], [54.557500000000005, 24.534000000000006], [54.557500000000005, 24.534416666666672], [54.55725, 24.534416666666672], [54.55725, 24.534500000000005], [54.55716666666667, 24.534500000000005]], [[54.556333333333335, 24.533750000000005], [54.55641666666667, 24.533750000000005], [54.55641666666667, 24.533666666666672], [54.556333333333335, 24.533666666666672], [54.556333333333335, 24.533750000000005]], [[54.55591666666667, 24.53058333333334], [54.556000000000004, 24.53058333333334], [54.556000000000004, 24.530500000000007], [54.55591666666667, 24.530500000000007], [54.55591666666667, 24.53058333333334]], [[54.55583333333334, 24.530500000000007], [54.55591666666667, 24.530500000000007], [54.55591666666667, 24.53041666666667], [54.55583333333334, 24.53041666666667], [54.55583333333334, 24.530500000000007]]]}, "properties": {"stand": 22, "area_ha": 30.9, "alert": false, "z": 0.67}}, {"type": "Feature", "geometry": {"type": "Polygon", "coordinates": [[[54.53508333333333, 24.544416666666674], [54.53508333333333, 24.544333333333338], [54.53458333333334, 24.544333333333338], [54.53458333333334, 24.54391666666667], [54.534666666666666, 24.54391666666667], [54.534666666666666, 24.54383333333334], [54.5345, 24.54383333333334], [54.5345, 24.54391666666667], [54.534083333333335, 24.54391666666667], [54.534083333333335, 24.543666666666674], [54.534000000000006, 24.543666666666674], [54.534000000000006, 24.543500000000005], [54.534083333333335, 24.543500000000005], [54.534083333333335, 24.543416666666673], [54.53416666666667, 24.543416666666673], [54.53416666666667, 24.54333333333334], [54.534333333333336, 24.54333333333334], [54.534333333333336, 24.543250000000008], [54.53441666666667, 24.543250000000008], [54.5345, 24.54308333333334], [54.534666666666666, 24.543000000000006], [54.534666666666666, 24.54258333333334], [54.5345, 24.54258333333334], [54.5345, 24.542500000000008], [54.534333333333336, 24.542500000000008], [54.534333333333336, 24.542166666666674], [54.5345, 24.542083333333338], [54.5345, 24.541416666666674], [54.534666666666666, 24.541416666666674], [54.534666666666666, 24.541333333333338], [54.53483333333334, 24.541250000000005], [54.53483333333334, 24.541000000000007], [54.53491666666667, 24.541000000000007], [54.53491666666667, 24.54091666666667], [54.535250000000005, 24.54091666666667], [54.535250000000005, 24.54083333333334], [54.53541666666667, 24.54083333333334], [54.53541666666667, 24.540666666666674], [54.535500000000006, 24.540666666666674], [54.535500000000006, 24.540416666666673], [54.53566666666667, 24.540416666666673], [54.53566666666667, 24.54033333333334], [54.535833333333336, 24.54033333333334], [54.535833333333336, 24.54008333333334], [54.536, 24.54008333333334], [54.536, 24.540000000000006], [54.53616666666667, 24.540000000000006], [54.53616666666667, 24.539833333333338], [54.53625, 24.539833333333338], [54.53625, 24.539750000000005], [54.53641666666667, 24.539666666666673], [54.53641666666667, 24.539500000000007], [54.53658333333333, 24.539500000000007], [54.53658333333333, 24.53941666666667], [54.536750000000005, 24.53933333333334], [54.53666666666667, 24.539166666666674], [54.536750000000005, 24.539166666666674], [54.536750000000005, 24.539000000000005], [54.536833333333334, 24.539000000000005], [54.536833333333334, 24.53883333333334], [54.53691666666667, 24.53883333333334], [54.53691666666667, 24.539000000000005], [54.537000000000006, 24.539000000000005], [54.537000000000006, 24.539083333333338], [54.53725, 24.539083333333338], [54.53725, 24.539166666666674], [54.537333333333336, 24.539166666666674], [54.537333333333336, 24.539666666666673], [54.53758333333334, 24.539666666666673], [54.53758333333334, 24.53958333333334], [54.5375, 24.53958333333334], [54.5375, 24.53941666666667], [54.53775, 24.53941666666667], [54.53775, 24.539250000000006], [54.53766666666667, 24.539250000000006], [54.53766666666667, 24.539000000000005], [54.53758333333334, 24.539000000000005], [54.53758333333334, 24.538750000000007], [54.5375, 24.538750000000007], [54.5375, 24.53866666666667], [54.53741666666667, 24.53866666666667], [54.53741666666667, 24.538500000000006], [54.537333333333336, 24.538500000000006], [54.537333333333336, 24.53808333333334], [54.53725, 24.53808333333334], [54.53725, 24.53791666666667], [54.53741666666667, 24.53783333333334], [54.53741666666667, 24.537750000000006], [54.537333333333336, 24.537750000000006], [54.537333333333336, 24.537583333333338], [54.53758333333334, 24.537583333333338], [54.53758333333334, 24.537500000000005], [54.53741666666667, 24.537416666666672], [54.53741666666667, 24.537250000000007], [54.5375, 24.537250000000007], [54.53741666666667, 24.53708333333334], [54.53758333333334, 24.53708333333334], [54.53758333333334, 24.536833333333337], [54.53766666666667, 24.536833333333337], [54.53766666666667, 24.536500000000007], [54.53758333333334, 24.536500000000007], [54.53758333333334, 24.53641666666667], [54.53741666666667, 24.53641666666667], [54.53741666666667, 24.536500000000007], [54.537333333333336, 24.536500000000007], [54.537333333333336, 24.53641666666667], [54.537083333333335, 24.53641666666667], [54.537083333333335, 24.536500000000007], [54.536833333333334, 24.536500000000007], [54.536750000000005, 24.53633333333334], [54.53658333333333, 24.53633333333334], [54.53658333333333, 24.536250000000006], [54.536500000000004, 24.536250000000006], [54.536500000000004, 24.535916666666672], [54.53641666666667, 24.535916666666672], [54.53633333333334, 24.535750000000007], [54.53625, 24.535750000000007], [54.53625, 24.53566666666667], [54.53608333333334, 24.53566666666667], [54.53608333333334, 24.53558333333334], [54.53591666666667, 24.53566666666667], [54.53591666666667, 24.53558333333334], [54.535833333333336, 24.53558333333334], [54.535833333333336, 24.535500000000006], [54.53566666666667, 24.535416666666674], [54.53566666666667, 24.535333333333337], [54.535583333333335, 24.535333333333337], [54.535583333333335, 24.535166666666672], [54.535500000000006, 24.535166666666672], [54.535500000000006, 24.53508333333334], [54.535250000000005, 24.53508333333334], [54.53516666666667, 24.53491666666667], [54.53508333333333, 24.53491666666667], [54.53508333333333, 24.53483333333334], [54.53491666666667, 24.53483333333334], [54.53491666666667, 24.534750000000006], [54.534666666666666, 24.534750000000006], [54.534666666666666, 24.534666666666674], [54.53441666666667, 24.534666666666674], [54.53441666666667, 24.534583333333337], [54.534000000000006, 24.534583333333337], [54.534000000000006, 24.534500000000005], [54.533750000000005, 24.534500000000005], [54.53366666666667, 24.53433333333334], [54.53341666666667, 24.53433333333334], [54.53341666666667, 24.534250000000007], [54.53325, 24.53416666666667], [54.53325, 24.53408333333334], [54.53308333333334, 24.53408333333334], [54.533, 24.533916666666673], [54.532833333333336, 24.533916666666673], [54.532833333333336, 24.533750000000005], [54.53266666666667, 24.533666666666672], [54.53266666666667, 24.533500000000007], [54.532500000000006, 24.533500000000007], [54.532500000000006, 24.53341666666667], [54.53241666666667, 24.53341666666667], [54.532333333333334, 24.533250000000006], [54.53208333333334, 24.533250000000006], [54.53208333333334, 24.53308333333334], [54.531666666666666, 24.53308333333334], [54.531666666666666, 24.533000000000005], [54.5315, 24.532916666666672], [54.53141666666667, 24.532750000000007], [54.531333333333336, 24.532750000000007], [54.531333333333336, 24.53266666666667], [54.531083333333335, 24.53266666666667], [54.531083333333335, 24.532750000000007], [54.531000000000006, 24.532750000000007], [54.531000000000006, 24.53266666666667], [54.53066666666667, 24.53266666666667], [54.53066666666667, 24.53258333333334], [54.5305, 24.53266666666667], [54.53041666666667, 24.532500000000006], [54.53025, 24.53258333333334], [54.53025, 24.53266666666667], [54.53008333333334, 24.53266666666667], [54.53008333333334, 24.53258333333334], [54.53, 24.53258333333334], [54.53, 24.53266666666667], [54.529583333333335, 24.53266666666667], [54.529583333333335, 24.53258333333334], [54.529, 24.53258333333334], [54.529, 24.532500000000006], [54.52891666666667, 24.532500000000006], [54.52891666666667, 24.532250000000005], [54.52858333333334, 24.532250000000005], [54.52858333333334, 24.53208333333334], [54.52841666666667, 24.53208333333334], [54.528333333333336, 24.53191666666667], [54.528000000000006, 24.53191666666667], [54.528000000000006, 24.532000000000007], [54.52758333333334, 24.532000000000007], [54.52758333333334, 24.53283333333334], [54.5275, 24.53283333333334], [54.5275, 24.532750000000007], [54.52741666666667, 24.532750000000007], [54.52733333333334, 24.53258333333334], [54.52725, 24.53258333333334], [54.52725, 24.532250000000005], [54.527166666666666, 24.532250000000005], [54.527166666666666, 24.532166666666672], [54.527, 24.53208333333334], [54.527, 24.532000000000007], [54.526833333333336, 24.532000000000007], [54.526833333333336, 24.53183333333334], [54.52675, 24.53183333333334], [54.52666666666667, 24.531666666666673], [54.526500000000006, 24.53158333333334], [54.526500000000006, 24.531500000000005], [54.52641666666667, 24.531500000000005], [54.52641666666667, 24.531416666666672], [54.526250000000005, 24.531416666666672], [54.526250000000005, 24.53133333333334], [54.52608333333334, 24.531250000000007], [54.52608333333334, 24.531000000000006], [54.526, 24.531000000000006], [54.52591666666667, 24.53083333333334], [54.525666666666666, 24.53083333333334], [54.525666666666666, 24.53058333333334], [54.5255, 24.530500000000007], [54.5255, 24.53041666666667], [54.52516666666667, 24.53041666666667], [54.52516666666667, 24.53033333333334], [54.525000000000006, 24.53033333333334], [54.525000000000006, 24.530250000000006], [54.52483333333333, 24.530166666666673], [54.52483333333333, 24.53008333333334], [54.52466666666667, 24.530166666666673], [54.52466666666667, 24.530000000000005], [54.5245, 24.529916666666672], [54.5245, 24.529750000000007], [54.52441666666667, 24.529750000000007], [54.52433333333334, 24.52958333333334], [54.52425, 24.52958333333334], [54.52425, 24.529500000000006], [54.524166666666666, 24.529500000000006], [54.52408333333334, 24.52933333333334], [54.524, 24.52933333333334], [54.524, 24.529250000000005], [54.52366666666667, 24.529250000000005], [54.52366666666667, 24.529166666666672], [54.523583333333335, 24.529166666666672], [54.523583333333335, 24.52908333333334], [54.52366666666667, 24.52908333333334], [54.52366666666667, 24.52883333333334], [54.523583333333335, 24.52883333333334], [54.523583333333335, 24.528750000000006], [54.52341666666667, 24.528750000000006], [54.52341666666667, 24.528666666666673], [54.523250000000004, 24.52858333333334], [54.523250000000004, 24.528500000000005], [54.523, 24.528500000000005], [54.523, 24.528416666666672], [54.52283333333334, 24.528416666666672], [54.52283333333334, 24.52833333333334], [54.52266666666667, 24.528250000000007], [54.52266666666667, 24.52808333333334], [54.52258333333334, 24.52808333333334], [54.52258333333334, 24.527916666666673], [54.52241666666667, 24.527916666666673], [54.52241666666667, 24.52783333333334], [54.52216666666667, 24.52783333333334], [54.522000000000006, 24.527500000000007], [54.521750000000004, 24.527500000000007], [54.521750000000004, 24.52741666666667], [54.52166666666667, 24.52741666666667], [54.52158333333334, 24.527250000000006], [54.52141666666667, 24.527250000000006], [54.52141666666667, 24.52708333333334], [54.52133333333334, 24.52708333333334], [54.52133333333334, 24.526916666666672], [54.52125, 24.526916666666672], [54.52125, 24.52683333333334], [54.52108333333334, 24.52683333333334], [54.52108333333334, 24.526750000000007], [54.521, 24.526750000000007], [54.521, 24.52658333333334], [54.52091666666667, 24.52658333333334], [54.52091666666667, 24.526500000000006], [54.521, 24.526500000000006], [54.521, 24.526250000000005], [54.52108333333334, 24.526250000000005], [54.52108333333334, 24.526166666666672], [54.52125, 24.526166666666672], [54.52125, 24.526000000000007], [54.52116666666667, 24.526000000000007], [54.52125, 24.52583333333334], [54.5215, 24.52583333333334], [54.5215, 24.52591666666667], [54.52166666666667, 24.52591666666667], [54.52166666666667, 24.52608333333334], [54.52191666666667, 24.52608333333334], [54.52191666666667, 24.526166666666672], [54.52225, 24.526166666666672], [54.52225, 24.526250000000005], [54.52241666666667, 24.526250000000005], [54.52241666666667, 24.52608333333334], [54.52341666666667, 24.52608333333334], [54.52341666666667, 24.526000000000007], [54.52391666666667, 24.526000000000007], [54.52391666666667, 24.52608333333334], [54.524750000000004, 24.52608333333334], [54.524750000000004, 24.526000000000007], [54.52516666666667, 24.526000000000007], [54.52516666666667, 24.52591666666667], [54.5255, 24.52591666666667], [54.5255, 24.525666666666673], [54.52558333333334, 24.525666666666673], [54.52558333333334, 24.52558333333334], [54.52591666666667, 24.52558333333334], [54.52591666666667, 24.525666666666673], [54.52616666666667, 24.525666666666673], [54.52616666666667, 24.52558333333334], [54.52633333333333, 24.52558333333334], [54.52633333333333, 24.52583333333334], [54.52666666666667, 24.52583333333334], [54.52675, 24.526000000000007], [54.526833333333336, 24.526000000000007], [54.526833333333336, 24.526166666666672], [54.52691666666667, 24.526166666666672], [54.52691666666667, 24.526416666666673], [54.527, 24.526416666666673], [54.527, 24.52658333333334], [54.527166666666666, 24.52658333333334], [54.527166666666666, 24.52666666666667], [54.52733333333334, 24.52666666666667], [54.52741666666667, 24.52683333333334], [54.52766666666667, 24.52683333333334], [54.52766666666667, 24.526916666666672], [54.527750000000005, 24.526916666666672], [54.527750000000005, 24.527166666666673], [54.528083333333335, 24.527166666666673], [54.528083333333335, 24.527250000000006], [54.52825, 24.527250000000006], [54.52825, 24.52733333333334], [54.52841666666667, 24.52741666666667], [54.52841666666667, 24.527500000000007], [54.528333333333336, 24.527500000000007], [54.528333333333336, 24.527666666666672], [54.52825, 24.527666666666672], [54.528333333333336, 24.52783333333334], [54.52825, 24.52783333333334], [54.52825, 24.528000000000006], [54.52816666666667, 24.528000000000006], [54.52816666666667, 24.528500000000005], [54.528083333333335, 24.528500000000005], [54.528083333333335, 24.52858333333334], [54.52791666666667, 24.52858333333334], [54.52791666666667, 24.528666666666673], [54.52766666666667, 24.528666666666673], [54.52758333333334, 24.52883333333334], [54.52725, 24.52883333333334], [54.52725, 24.52891666666667], [54.527166666666666, 24.52891666666667], [54.527166666666666, 24.529000000000007], [54.52708333333334, 24.529000000000007], [54.52708333333334, 24.52933333333334], [54.527, 24.52933333333334], [54.527, 24.52966666666667], [54.527166666666666, 24.52966666666667], [54.527166666666666, 24.52958333333334], [54.52725, 24.52958333333334], [54.52733333333334, 24.529416666666673], [54.52758333333334, 24.529416666666673], [54.52758333333334, 24.52933333333334], [54.52766666666667, 24.52933333333334], [54.52766666666667, 24.529416666666673], [54.528000000000006, 24.529416666666673], [54.528000000000006, 24.529500000000006], [54.528083333333335, 24.529500000000006], [54.528083333333335, 24.52966666666667], [54.52825, 24.52958333333334], [54.52825, 24.529750000000007], [54.52875, 24.529750000000007], [54.52883333333334, 24.529916666666672], [54.529, 24.52983333333334], [54.529, 24.52966666666667], [54.52916666666667, 24.52966666666667], [54.52916666666667, 24.52958333333334], [54.52941666666667, 24.52958333333334], [54.52941666666667, 24.52966666666667], [54.529833333333336, 24.52966666666667], [54.529833333333336, 24.52958333333334], [54.52975, 24.52958333333334], [54.52975, 24.52933333333334], [54.529833333333336, 24.52933333333334], [54.529833333333336, 24.52908333333334], [54.52975, 24.52908333333334], [54.52975, 24.52883333333334], [54.52966666666667, 24.52883333333334], [54.52966666666667, 24.528666666666673], [54.529500000000006, 24.528666666666673], [54.52941666666667, 24.528500000000005], [54.52916666666667, 24.528500000000005], [54.52916666666667, 24.528416666666672], [54.529, 24.528416666666672], [54.52908333333334, 24.528250000000007], [54.52941666666667, 24.528250000000007], [54.529500000000006, 24.528416666666672], [54.52966666666667, 24.52833333333334], [54.52966666666667, 24.528416666666672], [54.52975, 24.528416666666672], [54.52975, 24.52858333333334], [54.53, 24.52858333333334], [54.53, 24.528666666666673], [54.53008333333334, 24.528666666666673], [54.53008333333334, 24.52883333333334], [54.53033333333334, 24.52883333333334], [54.53041666666667, 24.529000000000007], [54.53066666666667, 24.529000000000007], [54.53066666666667, 24.52908333333334], [54.531000000000006, 24.52908333333334], [54.531000000000006, 24.529166666666672], [54.531333333333336, 24.529166666666672], [54.531333333333336, 24.529250000000005], [54.5315, 24.529250000000005], [54.5315, 24.52891666666667], [54.53158333333334, 24.52891666666667], [54.53158333333334, 24.529000000000007], [54.53175, 24.529000000000007], [54.53175, 24.52908333333334], [54.53183333333334, 24.52908333333334], [54.53183333333334, 24.529250000000005], [54.532000000000004, 24.52933333333334], [54.532000000000004, 24.529500000000006], [54.53208333333334, 24.529500000000006], [54.53208333333334, 24.52958333333334], [54.532333333333334, 24.52958333333334], [54.532333333333334, 24.52966666666667], [54.53241666666667, 24.52966666666667], [54.53241666666667, 24.529750000000007], [54.532583333333335, 24.52983333333334], [54.532583333333335, 24.529916666666672], [54.53266666666667, 24.529916666666672], [54.53266666666667, 24.530000000000005], [54.533166666666666, 24.530000000000005], [54.533166666666666, 24.53008333333334], [54.53341666666667, 24.53008333333334], [54.53341666666667, 24.530166666666673], [54.533500000000004, 24.530166666666673], [54.533500000000004, 24.53033333333334], [54.533750000000005, 24.53033333333334], [54.533750000000005, 24.53041666666667], [54.53391666666667, 24.53041666666667], [54.53391666666667, 24.530500000000007], [54.534083333333335, 24.530500000000007], [54.534083333333335, 24.53058333333334], [54.5345, 24.53058333333334], [54.5345, 24.530666666666672], [54.534666666666666, 24.530666666666672], [54.534666666666666, 24.530750000000005], [54.53508333333333, 24.530750000000005], [54.53508333333333, 24.53083333333334], [54.53516666666667, 24.53083333333334], [54.53516666666667, 24.531000000000006], [54.535333333333334, 24.531000000000006], [54.535333333333334, 24.53116666666667], [54.535250000000005, 24.53116666666667], [54.535250000000005, 24.53133333333334], [54.53508333333333, 24.53133333333334], [54.53508333333333, 24.531416666666672], [54.535250000000005, 24.531500000000005], [54.535250000000005, 24.532166666666672], [54.53541666666667, 24.532250000000005], [54.53541666666667, 24.53233333333334], [54.535333333333334, 24.53233333333334], [54.535333333333334, 24.532500000000006], [54.53516666666667, 24.532500000000006], [54.53516666666667, 24.53258333333334], [54.535333333333334, 24.53266666666667], [54.535333333333334, 24.532916666666672], [54.53541666666667, 24.532916666666672], [54.53541666666667, 24.533000000000005], [54.535583333333335, 24.53308333333334], [54.535583333333335, 24.532916666666672], [54.535500000000006, 24.532916666666672], [54.535500000000006, 24.532750000000007], [54.535583333333335, 24.532750000000007], [54.535583333333335, 24.53258333333334], [54.53575, 24.53258333333334], [54.53575, 24.532500000000006], [54.535583333333335, 24.532500000000006], [54.535583333333335, 24.53233333333334], [54.535833333333336, 24.53233333333334], [54.535833333333336, 24.532500000000006], [54.536, 24.532500000000006], [54.53608333333334, 24.53266666666667], [54.53633333333334, 24.53266666666667], [54.53633333333334, 24.532750000000007], [54.53641666666667, 24.532750000000007], [54.53641666666667, 24.532916666666672], [54.53616666666667, 24.532916666666672], [54.53616666666667, 24.53308333333334], [54.53625, 24.53308333333334], [54.53625, 24.533166666666673], [54.53616666666667, 24.533166666666673], [54.53616666666667, 24.53341666666667], [54.53625, 24.53341666666667], [54.53625, 24.533500000000007], [54.53608333333334, 24.533500000000007], [54.53608333333334, 24.53358333333334], [54.53641666666667, 24.53358333333334], [54.53641666666667, 24.533666666666672], [54.53658333333333, 24.533750000000005], [54.53658333333333, 24.53383333333334], [54.53666666666667, 24.53383333333334], [54.53666666666667, 24.534000000000006], [54.536750000000005, 24.534000000000006], [54.536750000000005, 24.53408333333334], [54.53716666666667, 24.53408333333334], [54.53716666666667, 24.534000000000006], [54.53725, 24.534000000000006], [54.53725, 24.534250000000007], [54.537333333333336, 24.534250000000007], [54.537333333333336, 24.53433333333334], [54.53791666666667, 24.53433333333334], [54.53791666666667, 24.534250000000007], [54.53816666666667, 24.534250000000007], [54.53816666666667, 24.53408333333334], [54.53791666666667, 24.53408333333334], [54.53791666666667, 24.534000000000006], [54.53816666666667, 24.534000000000006], [54.53816666666667, 24.533916666666673], [54.53791666666667, 24.533916666666673], [54.53791666666667, 24.53383333333334], [54.538250000000005, 24.53383333333334], [54.538250000000005, 24.533916666666673], [54.538333333333334, 24.533916666666673], [54.538333333333334, 24.53416666666667], [54.538500000000006, 24.53416666666667], [54.538500000000006, 24.53408333333334], [54.53866666666667, 24.53408333333334], [54.53866666666667, 24.53416666666667], [54.539, 24.53416666666667], [54.539, 24.534000000000006], [54.53933333333334, 24.534000000000006], [54.53941666666667, 24.53383333333334], [54.53958333333333, 24.533750000000005], [54.53958333333333, 24.53358333333334], [54.539750000000005, 24.53358333333334], [54.539750000000005, 24.533500000000007], [54.539833333333334, 24.533500000000007], [54.539833333333334, 24.533166666666673], [54.540000000000006, 24.53308333333334], [54.540000000000006, 24.533000000000005], [54.54016666666667, 24.533000000000005], [54.54016666666667, 24.532916666666672], [54.5405, 24.532916666666672], [54.5405, 24.53283333333334], [54.54058333333334, 24.53283333333334], [54.54058333333334, 24.53266666666667], [54.54075, 24.53258333333334], [54.54075, 24.532416666666673], [54.54083333333334, 24.532416666666673], [54.54083333333334, 24.53183333333334], [54.54075, 24.53183333333334], [54.54075, 24.53158333333334], [54.54083333333334, 24.53158333333334], [54.54091666666667, 24.531416666666672], [54.541000000000004, 24.531416666666672], [54.541000000000004, 24.531500000000005], [54.54116666666667, 24.531500000000005], [54.54116666666667, 24.531250000000007], [54.541250000000005, 24.531250000000007], [54.541250000000005, 24.530750000000005], [54.54116666666667, 24.530750000000005], [54.54116666666667, 24.530666666666672], [54.541000000000004, 24.530666666666672], [54.541000000000004, 24.530500000000007], [54.54083333333334, 24.53041666666667], [54.54083333333334, 24.530250000000006], [54.541000000000004, 24.53033333333334], [54.541000000000004, 24.53041666666667], [54.541500000000006, 24.53041666666667], [54.541500000000006, 24.53033333333334], [54.54166666666667, 24.53033333333334], [54.54166666666667, 24.530250000000006], [54.541583333333335, 24.530250000000006], [54.541583333333335, 24.530000000000005], [54.54166666666667, 24.530000000000005], [54.54166666666667, 24.52983333333334], [54.54183333333334, 24.52983333333334], [54.54183333333334, 24.529750000000007], [54.54216666666667, 24.529750000000007], [54.54216666666667, 24.52983333333334], [54.542750000000005, 24.52983333333334], [54.542833333333334, 24.530000000000005], [54.54291666666667, 24.530000000000005], [54.54291666666667, 24.53008333333334], [54.543000000000006, 24.53008333333334], [54.543083333333335, 24.530250000000006], [54.54325, 24.53033333333334], [54.54325, 24.530666666666672], [54.54341666666667, 24.530750000000005], [54.54341666666667, 24.530916666666673], [54.54358333333334, 24.531000000000006], [54.54366666666667, 24.53116666666667], [54.54383333333334, 24.53116666666667], [54.54391666666667, 24.53133333333334], [54.544000000000004, 24.53133333333334], [54.544000000000004, 24.531666666666673], [54.5445, 24.531666666666673], [54.5445, 24.531750000000006], [54.54508333333334, 24.531750000000006], [54.54508333333334, 24.53183333333334], [54.545750000000005, 24.53183333333334], [54.545750000000005, 24.531750000000006], [54.546, 24.531750000000006], [54.546, 24.53191666666667], [54.545833333333334, 24.53191666666667], [54.545833333333334, 24.532000000000007], [54.54566666666667, 24.532000000000007], [54.54566666666667, 24.532166666666672], [54.54558333333333, 24.532166666666672], [54.54558333333333, 24.532250000000005], [54.54533333333334, 24.532250000000005], [54.54533333333334, 24.53233333333334], [54.54525, 24.53233333333334], [54.54516666666667, 24.532500000000006], [54.54475, 24.532500000000006], [54.54475, 24.53258333333334], [54.54366666666667, 24.53258333333334], [54.54366666666667, 24.53266666666667], [54.54358333333334, 24.53266666666667], [54.54358333333334, 24.53283333333334], [54.5435, 24.53283333333334], [54.5435, 24.53308333333334], [54.54341666666667, 24.53308333333334], [54.54341666666667, 24.53333333333334], [54.54325, 24.53333333333334], [54.54325, 24.53341666666667], [54.54316666666667, 24.53341666666667], [54.54316666666667, 24.53358333333334], [54.543083333333335, 24.53358333333334], [54.543083333333335, 24.533750000000005], [54.543000000000006, 24.533750000000005], [54.543000000000006, 24.533916666666673], [54.542833333333334, 24.533916666666673], [54.542750000000005, 24.53408333333334], [54.54266666666667, 24.53408333333334], [54.54266666666667, 24.53416666666667], [54.542500000000004, 24.534250000000007], [54.54258333333333, 24.534416666666672], [54.54266666666667, 24.534416666666672], [54.54266666666667, 24.534500000000005], [54.542833333333334, 24.534583333333337], [54.542833333333334, 24.534666666666674], [54.543000000000006, 24.534666666666674], [54.543000000000006, 24.534750000000006], [54.543083333333335, 24.534750000000006], [54.543083333333335, 24.535000000000007], [54.54325, 24.53508333333334], [54.54325, 24.535250000000005], [54.54341666666667, 24.535333333333337], [54.54341666666667, 24.53558333333334], [54.5435, 24.53558333333334], [54.5435, 24.535916666666672], [54.54358333333334, 24.535916666666672], [54.54358333333334, 24.53783333333334], [54.54366666666667, 24.53783333333334], [54.54366666666667, 24.538166666666672], [54.54375, 24.538166666666672], [54.54375, 24.539500000000007], [54.54366666666667, 24.539500000000007], [54.54366666666667, 24.539750000000005], [54.54358333333334, 24.539750000000005], [54.54358333333334, 24.539916666666674], [54.54341666666667, 24.540000000000006], [54.54341666666667, 24.54016666666667], [54.54333333333334, 24.54016666666667], [54.54333333333334, 24.54033333333334], [54.54316666666667, 24.540416666666673], [54.54316666666667, 24.540583333333338], [54.543000000000006, 24.540583333333338], [54.543000000000006, 24.540666666666674], [54.54291666666667, 24.540666666666674], [54.54291666666667, 24.54083333333334], [54.542833333333334, 24.54083333333334], [54.542833333333334, 24.54091666666667], [54.54266666666667, 24.541000000000007], [54.54266666666667, 24.54108333333334], [54.542500000000004, 24.54108333333334], [54.542500000000004, 24.541166666666673], [54.54233333333334, 24.541166666666673], [54.54225, 24.541333333333338], [54.542, 24.541333333333338], [54.54183333333334, 24.54166666666667], [54.541500000000006, 24.54166666666667], [54.541500000000006, 24.541750000000008], [54.541250000000005, 24.541750000000008], [54.541250000000005, 24.54183333333334], [54.54116666666667, 24.54183333333334], [54.54116666666667, 24.541750000000008], [54.54083333333334, 24.541750000000008], [54.54083333333334, 24.54166666666667], [54.54041666666667, 24.54166666666667], [54.54041666666667, 24.541750000000008], [54.54016666666667, 24.541750000000008], [54.54016666666667, 24.54158333333334], [54.540333333333336, 24.541500000000006], [54.540333333333336, 24.541333333333338], [54.54025, 24.541333333333338], [54.54025, 24.541166666666673], [54.54016666666667, 24.541166666666673], [54.54016666666667, 24.54108333333334], [54.540000000000006, 24.54108333333334], [54.540000000000006, 24.541000000000007], [54.53966666666667, 24.541000000000007], [54.53966666666667, 24.54108333333334], [54.53958333333333, 24.54108333333334], [54.53958333333333, 24.541000000000007], [54.539500000000004, 24.541000000000007], [54.539500000000004, 24.54083333333334], [54.53941666666667, 24.54083333333334], [54.53941666666667, 24.54108333333334], [54.539500000000004, 24.54108333333334], [54.539500000000004, 24.541166666666673], [54.53925, 24.541166666666673], [54.53925, 24.541333333333338], [54.53916666666667, 24.541333333333338], [54.53916666666667, 24.541500000000006], [54.53925, 24.541500000000006], [54.53925, 24.54158333333334], [54.53908333333334, 24.54158333333334], [54.53908333333334, 24.54183333333334], [54.539, 24.54183333333334], [54.539, 24.541916666666673], [54.538833333333336, 24.541916666666673], [54.53875, 24.542083333333338], [54.538500000000006, 24.542083333333338], [54.53841666666667, 24.541916666666673], [54.538333333333334, 24.541916666666673], [54.538333333333334, 24.542000000000005], [54.53808333333333, 24.542000000000005], [54.538000000000004, 24.54183333333334], [54.53783333333334, 24.541750000000008], [54.53783333333334, 24.54166666666667], [54.53766666666667, 24.54166666666667], [54.53766666666667, 24.54158333333334], [54.5375, 24.54158333333334], [54.5375, 24.542250000000006], [54.53741666666667, 24.542250000000006], [54.53741666666667, 24.54233333333334], [54.537333333333336, 24.54233333333334], [54.537333333333336, 24.542250000000006], [54.53716666666667, 24.542250000000006], [54.537083333333335, 24.54241666666667], [54.536833333333334, 24.54241666666667], [54.536833333333334, 24.54233333333334], [54.536750000000005, 24.54233333333334], [54.536750000000005, 24.54241666666667], [54.53666666666667, 24.54241666666667], [54.53666666666667, 24.54233333333334], [54.53641666666667, 24.54233333333334], [54.53641666666667, 24.54241666666667], [54.53608333333334, 24.54241666666667], [54.536, 24.54258333333334], [54.535833333333336, 24.542500000000008], [54.535833333333336, 24.542833333333338], [54.53591666666667, 24.542833333333338], [54.53591666666667, 24.54308333333334], [54.537000000000006, 24.54308333333334], [54.537000000000006, 24.543000000000006], [54.537333333333336, 24.543000000000006], [54.537333333333336, 24.542916666666674], [54.53741666666667, 24.542916666666674], [54.53741666666667, 24.543000000000006], [54.53766666666667, 24.543000000000006], [54.53775, 24.54316666666667], [54.53758333333334, 24.54316666666667], [54.53758333333334, 24.543250000000008], [54.53741666666667, 24.543250000000008], [54.53741666666667, 24.54333333333334], [54.537333333333336, 24.54333333333334], [54.53725, 24.543500000000005], [54.537083333333335, 24.543416666666673], [54.537083333333335, 24.543583333333338], [54.53716666666667, 24.543583333333338], [54.53725, 24.543750000000006], [54.53758333333334, 24.543750000000006], [54.53758333333334, 24.54383333333334], [54.537333333333336, 24.54383333333334], [54.537333333333336, 24.54391666666667], [54.53725, 24.54391666666667], [54.53725, 24.544000000000008], [54.537083333333335, 24.544000000000008], [54.537083333333335, 24.54408333333334], [54.537000000000006, 24.54408333333334], [54.537000000000006, 24.544000000000008], [54.53691666666667, 24.544000000000008], [54.53691666666667, 24.54408333333334], [54.53666666666667, 24.54408333333334], [54.53658333333333, 24.544250000000005], [54.536500000000004, 24.544250000000005], [54.536500000000004, 24.544166666666673], [54.53641666666667, 24.544166666666673], [54.53641666666667, 24.544250000000005], [54.53616666666667, 24.544250000000005], [54.53616666666667, 24.544166666666673], [54.53608333333334, 24.544166666666673], [54.53608333333334, 24.544250000000005], [54.53575, 24.544250000000005], [54.53575, 24.544333333333338], [54.535500000000006, 24.544333333333338], [54.535500000000006, 24.544416666666674], [54.53541666666667, 24.544416666666674], [54.53541666666667, 24.544333333333338], [54.535333333333334, 24.544333333333338], [54.535333333333334, 24.544416666666674], [54.53508333333333, 24.544416666666674]], [[54.53616666666667, 24.54408333333334], [54.53641666666667, 24.54408333333334], [54.536500000000004, 24.54391666666667], [54.53616666666667, 24.54391666666667], [54.53616666666667, 24.54408333333334]], [[54.53691666666667, 24.543666666666674], [54.537000000000006, 24.543666666666674], [54.537000000000006, 24.543583333333338], [54.53691666666667, 24.543583333333338], [54.53691666666667, 24.543666666666674]], [[54.53541666666667, 24.542833333333338], [54.535583333333335, 24.542833333333338], [54.535583333333335, 24.54258333333334], [54.535500000000006, 24.54258333333334], [54.535500000000006, 24.542500000000008], [54.535333333333334, 24.54258333333334], [54.535333333333334, 24.542750000000005], [54.53541666666667, 24.542750000000005], [54.53541666666667, 24.542833333333338]], [[54.53658333333333, 24.542000000000005], [54.536750000000005, 24.542000000000005], [54.536750000000005, 24.541916666666673], [54.53658333333333, 24.541916666666673], [54.53658333333333, 24.542000000000005]], [[54.536500000000004, 24.541916666666673], [54.53666666666667, 24.54183333333334], [54.53666666666667, 24.541750000000008], [54.536750000000005, 24.541750000000008], [54.536750000000005, 24.54166666666667], [54.53658333333333, 24.54166666666667], [54.53658333333333, 24.541333333333338], [54.537000000000006, 24.541333333333338], [54.537000000000006, 24.541250000000005], [54.53716666666667, 24.541250000000005], [54.53716666666667, 24.541166666666673], [54.537333333333336, 24.541166666666673], [54.53741666666667, 24.541000000000007], [54.5375, 24.541000000000007], [54.5375, 24.54108333333334], [54.538000000000004, 24.54108333333334], [54.53808333333333, 24.54091666666667], [54.53775, 24.54091666666667], [54.53775, 24.54083333333334], [54.53758333333334, 24.54083333333334], [54.53766666666667, 24.540666666666674], [54.5375, 24.540583333333338], [54.53741666666667, 24.540416666666673], [54.537083333333335, 24.540416666666673], [54.537000000000006, 24.540583333333338], [54.536833333333334, 24.540666666666674], [54.536833333333334, 24.540750000000006], [54.53658333333333, 24.540750000000006], [54.53658333333333, 24.54091666666667], [54.53641666666667, 24.541000000000007], [54.53633333333334, 24.541166666666673], [54.53608333333334, 24.541166666666673], [54.53608333333334, 24.541250000000005], [54.53591666666667, 24.541250000000005], [54.53591666666667, 24.541333333333338], [54.53575, 24.541333333333338], [54.53575, 24.541416666666674], [54.535583333333335, 24.541416666666674], [54.535583333333335, 24.541750000000008], [54.53575, 24.541750000000008], [54.53575, 24.541500000000006], [54.535833333333336, 24.541500000000006], [54.53591666666667, 24.54166666666667], [54.53608333333334, 24.54166666666667], [54.53608333333334, 24.541500000000006], [54.536, 24.541500000000006], [54.536, 24.541416666666674], [54.53633333333334, 24.541250000000005], [54.53633333333334, 24.541333333333338], [54.53641666666667, 24.541333333333338], [54.53641666666667, 24.541500000000006], [54.536500000000004, 24.541500000000006], [54.536500000000004, 24.54158333333334], [54.53641666666667, 24.54158333333334], [54.53641666666667, 24.54183333333334], [54.536500000000004, 24.54183333333334], [54.536500000000004, 24.541916666666673]], [[54.538500000000006, 24.54183333333334], [54.53866666666667, 24.54183333333334], [54.53866666666667, 24.541750000000008], [54.53875, 24.541750000000008], [54.53866666666667, 24.54158333333334], [54.538500000000006, 24.54158333333334], [54.538500000000006, 24.54166666666667], [54.53841666666667, 24.54166666666667], [54.538500000000006, 24.54183333333334]], [[54.53616666666667, 24.541750000000008], [54.53625, 24.541750000000008], [54.53625, 24.54166666666667], [54.53616666666667, 24.54166666666667], [54.53616666666667, 24.541750000000008]], [[54.538500000000006, 24.541500000000006], [54.538583333333335, 24.541500000000006], [54.538583333333335, 24.541416666666674], [54.538500000000006, 24.541416666666674], [54.538500000000006, 24.541500000000006]], [[54.53808333333333, 24.541250000000005], [54.538250000000005, 24.541250000000005], [54.538250000000005, 24.541166666666673], [54.53808333333333, 24.54108333333334], [54.53808333333333, 24.541250000000005]], [[54.53866666666667, 24.54091666666667], [54.53875, 24.54091666666667], [54.53875, 24.540666666666674], [54.53866666666667, 24.540666666666674], [54.53866666666667, 24.54091666666667]], [[54.53933333333334, 24.540750000000006], [54.53941666666667, 24.540750000000006], [54.53941666666667, 24.540583333333338], [54.53933333333334, 24.540583333333338], [54.53933333333334, 24.540500000000005], [54.53916666666667, 24.540500000000005], [54.53916666666667, 24.540666666666674], [54.53933333333334, 24.540666666666674], [54.53933333333334, 24.540750000000006]], [[54.53658333333333, 24.540666666666674], [54.53666666666667, 24.540666666666674], [54.53666666666667, 24.540583333333338], [54.53658333333333, 24.540583333333338], [54.53658333333333, 24.540666666666674]], [[54.53725, 24.539833333333338], [54.537333333333336, 24.539833333333338], [54.537333333333336, 24.539750000000005], [54.53725, 24.539750000000005], [54.53725, 24.539833333333338]], [[54.53991666666667, 24.539500000000007], [54.540083333333335, 24.539500000000007], [54.540083333333335, 24.53941666666667], [54.54025, 24.53933333333334], [54.54025, 24.539250000000006], [54.540083333333335, 24.539250000000006], [54.540000000000006, 24.539083333333338], [54.53991666666667, 24.539083333333338], [54.53991666666667, 24.53933333333334], [54.539833333333334, 24.53933333333334], [54.53991666666667, 24.539500000000007]], [[54.53808333333333, 24.53866666666667], [54.538250000000005, 24.53866666666667], [54.538250000000005, 24.53858333333334], [54.538333333333334, 24.53858333333334], [54.538333333333334, 24.538416666666674], [54.538250000000005, 24.538416666666674], [54.538250000000005, 24.538333333333338], [54.53816666666667, 24.538333333333338], [54.53816666666667, 24.538500000000006], [54.53808333333333, 24.538500000000006], [54.53808333333333, 24.53866666666667]], [[54.54191666666667, 24.536500000000007], [54.54208333333334, 24.536500000000007], [54.54208333333334, 24.53641666666667], [54.54191666666667, 24.53641666666667], [54.54191666666667, 24.536500000000007]], [[54.53566666666667, 24.534500000000005], [54.53575, 24.534500000000005], [54.53575, 24.534416666666672], [54.53566666666667, 24.534416666666672], [54.53566666666667, 24.534500000000005]], [[54.53608333333334, 24.53433333333334], [54.53666666666667, 24.53433333333334], [54.53666666666667, 24.534250000000007], [54.53658333333333, 24.534250000000007], [54.536500000000004, 24.53408333333334], [54.53625, 24.53408333333334], [54.53625, 24.534000000000006], [54.53616666666667, 24.534000000000006], [54.53616666666667, 24.53383333333334], [54.536, 24.533750000000005], [54.53608333333334, 24.53358333333334], [54.53575, 24.53358333333334], [54.53566666666667, 24.53341666666667], [54.535333333333334, 24.53341666666667], [54.535250000000005, 24.533250000000006], [54.53516666666667, 24.533250000000006], [54.53516666666667, 24.533000000000005], [54.53508333333333, 24.533000000000005], [54.53508333333333, 24.533500000000007], [54.535250000000005, 24.53358333333334], [54.535250000000005, 24.533916666666673], [54.535583333333335, 24.533916666666673], [54.53575, 24.534250000000007], [54.53608333333334, 24.534250000000007], [54.53608333333334, 24.53433333333334]], [[54.53275, 24.53283333333334], [54.533, 24.53283333333334], [54.533, 24.532750000000007], [54.532833333333336, 24.532750000000007], [54.532833333333336, 24.53266666666667], [54.53275, 24.53266666666667], [54.53275, 24.53283333333334]], [[54.54108333333333, 24.532750000000007], [54.54116666666667, 24.532750000000007], [54.54116666666667, 24.53266666666667], [54.54108333333333, 24.53266666666667], [54.54108333333333, 24.532750000000007]], [[54.531083333333335, 24.532500000000006], [54.53116666666667, 24.532500000000006], [54.53116666666667, 24.532416666666673], [54.531083333333335, 24.532416666666673], [54.531083333333335, 24.532500000000006]], [[54.531666666666666, 24.532416666666673], [54.53216666666667, 24.532416666666673], [54.53216666666667, 24.53233333333334], [54.532250000000005, 24.53233333333334], [54.532250000000005, 24.532416666666673], [54.53241666666667, 24.532416666666673], [54.53241666666667, 24.53233333333334], [54.532333333333334, 24.53233333333334], [54.532250000000005, 24.532166666666672], [54.53183333333334, 24.532166666666672], [54.53183333333334, 24.53208333333334], [54.531666666666666, 24.53208333333334], [54.531666666666666, 24.532416666666673]], [[54.53291666666667, 24.53208333333334], [54.53308333333334, 24.53208333333334], [54.533, 24.53191666666667], [54.53291666666667, 24.53191666666667], [54.53291666666667, 24.53208333333334]], [[54.54166666666667, 24.530166666666673], [54.54175, 24.530166666666673], [54.54175, 24.53008333333334], [54.54166666666667, 24.53008333333334], [54.54166666666667, 24.530166666666673]], [[54.54183333333334, 24.53008333333334], [54.542, 24.53008333333334], [54.542, 24.530000000000005], [54.54183333333334, 24.530000000000005], [54.54183333333334, 24.53008333333334]], [[54.530166666666666, 24.52933333333334], [54.53033333333334, 24.52933333333334], [54.53033333333334, 24.529250000000005], [54.530166666666666, 24.529250000000005], [54.530166666666666, 24.52933333333334]], [[54.52791666666667, 24.528250000000007], [54.528000000000006, 24.528250000000007], [54.528000000000006, 24.52808333333334], [54.528083333333335, 24.52808333333334], [54.528083333333335, 24.527750000000005], [54.52791666666667, 24.527750000000005], [54.52791666666667, 24.528250000000007]], [[54.52316666666667, 24.526916666666672], [54.52333333333333, 24.526916666666672], [54.52333333333333, 24.52683333333334], [54.523500000000006, 24.52683333333334], [54.523500000000006, 24.52658333333334], [54.52341666666667, 24.52658333333334], [54.52341666666667, 24.526500000000006], [54.523250000000004, 24.526500000000006], [54.523250000000004, 24.52658333333334], [54.52316666666667, 24.52658333333334], [54.52316666666667, 24.526916666666672]], [[54.524, 24.52666666666667], [54.52408333333334, 24.52666666666667], [54.52408333333334, 24.52658333333334], [54.524, 24.52658333333334], [54.524, 24.52666666666667]]]}, "properties": {"stand": 5, "area_ha": 176.5, "alert": false, "z": 0.84}}, {"type": "Feature", "geometry": {"type": "Polygon", "coordinates": [[[54.499500000000005, 24.534750000000006], [54.499500000000005, 24.534583333333337], [54.49933333333334, 24.534583333333337], [54.49933333333334, 24.534416666666672], [54.49925, 24.534416666666672], [54.49925, 24.53416666666667], [54.49916666666667, 24.53416666666667], [54.49916666666667, 24.533916666666673], [54.49925, 24.533916666666673], [54.49925, 24.533500000000007], [54.49933333333334, 24.533500000000007], [54.49933333333334, 24.53341666666667], [54.499500000000005, 24.53341666666667], [54.499583333333334, 24.533250000000006], [54.5, 24.533250000000006], [54.500083333333336, 24.53341666666667], [54.50033333333334, 24.53341666666667], [54.50033333333334, 24.533500000000007], [54.50058333333334, 24.533500000000007], [54.50058333333334, 24.53341666666667], [54.5005, 24.53341666666667], [54.5005, 24.533250000000006], [54.50033333333334, 24.533250000000006], [54.500416666666666, 24.53308333333334], [54.5005, 24.53308333333334], [54.5005, 24.532916666666672], [54.50058333333334, 24.532916666666672], [54.50058333333334, 24.53266666666667], [54.5005, 24.53266666666667], [54.5005, 24.532750000000007], [54.50016666666667, 24.532750000000007], [54.50016666666667, 24.53266666666667], [54.500083333333336, 24.53266666666667], [54.500083333333336, 24.53233333333334], [54.5, 24.53233333333334], [54.5, 24.532250000000005], [54.500083333333336, 24.532250000000005], [54.500083333333336, 24.53208333333334], [54.50016666666667, 24.53208333333334], [54.50016666666667, 24.532000000000007], [54.500083333333336, 24.532000000000007], [54.5, 24.53183333333334], [54.500083333333336, 24.53183333333334], [54.500083333333336, 24.531666666666673], [54.50016666666667, 24.531666666666673], [54.50016666666667, 24.53158333333334], [54.50033333333334, 24.53158333333334], [54.50033333333334, 24.53133333333334], [54.500416666666666, 24.53133333333334], [54.500416666666666, 24.53108333333334], [54.50058333333334, 24.531000000000006], [54.50066666666667, 24.53083333333334], [54.50083333333334, 24.53083333333334], [54.50083333333334, 24.53033333333334], [54.500750000000004, 24.53033333333334], [54.500750000000004, 24.530250000000006], [54.50091666666667, 24.530166666666673], [54.50091666666667, 24.529916666666672], [54.501000000000005, 24.529916666666672], [54.501000000000005, 24.529750000000007], [54.501083333333334, 24.529750000000007], [54.501083333333334, 24.52966666666667], [54.501250000000006, 24.52966666666667], [54.501250000000006, 24.529500000000006], [54.50141666666667, 24.529416666666673], [54.50141666666667, 24.529250000000005], [54.5015, 24.529250000000005], [54.5015, 24.52883333333334], [54.50141666666667, 24.52883333333334], [54.50141666666667, 24.528500000000005], [54.5015, 24.528500000000005], [54.5015, 24.528250000000007], [54.50166666666667, 24.528250000000007], [54.50166666666667, 24.52816666666667], [54.50241666666667, 24.52816666666667], [54.50241666666667, 24.528250000000007], [54.50291666666667, 24.528250000000007], [54.50291666666667, 24.52816666666667], [54.502833333333335, 24.52816666666667], [54.502750000000006, 24.528000000000006], [54.50241666666667, 24.528000000000006], [54.50241666666667, 24.527916666666673], [54.502250000000004, 24.527916666666673], [54.502250000000004, 24.52783333333334], [54.501916666666666, 24.52783333333334], [54.501916666666666, 24.52741666666667], [54.50216666666667, 24.52741666666667], [54.50216666666667, 24.52733333333334], [54.50233333333333, 24.52733333333334], [54.50233333333333, 24.527250000000006], [54.50241666666667, 24.527250000000006], [54.50241666666667, 24.527166666666673], [54.502750000000006, 24.527166666666673], [54.502750000000006, 24.52708333333334], [54.503083333333336, 24.52708333333334], [54.503083333333336, 24.527000000000005], [54.50333333333334, 24.527000000000005], [54.50333333333334, 24.526916666666672], [54.50383333333333, 24.526916666666672], [54.50391666666667, 24.526750000000007], [54.504333333333335, 24.526750000000007], [54.504333333333335, 24.52666666666667], [54.50441666666667, 24.52666666666667], [54.50441666666667, 24.526750000000007], [54.50466666666667, 24.526750000000007], [54.50466666666667, 24.52683333333334], [54.50483333333334, 24.526916666666672], [54.50483333333334, 24.527000000000005], [54.505, 24.527000000000005], [54.505, 24.526916666666672], [54.50508333333334, 24.526916666666672], [54.505, 24.526750000000007], [54.50516666666667, 24.52666666666667], [54.50508333333334, 24.526500000000006], [54.50516666666667, 24.526500000000006], [54.50516666666667, 24.526416666666673], [54.50533333333333, 24.526416666666673], [54.50533333333333, 24.52633333333334], [54.505500000000005, 24.52633333333334], [54.505500000000005, 24.526250000000005], [54.50591666666667, 24.526250000000005], [54.50591666666667, 24.526166666666672], [54.506083333333336, 24.526166666666672], [54.506083333333336, 24.52608333333334], [54.50633333333334, 24.52608333333334], [54.50633333333334, 24.526000000000007], [54.506750000000004, 24.526000000000007], [54.506750000000004, 24.52591666666667], [54.50691666666667, 24.52591666666667], [54.50691666666667, 24.52583333333334], [54.507083333333334, 24.52583333333334], [54.507083333333334, 24.525750000000006], [54.5075, 24.525750000000006], [54.5075, 24.525666666666673], [54.50783333333334, 24.525666666666673], [54.50783333333334, 24.52558333333334], [54.50808333333334, 24.52558333333334], [54.50808333333334, 24.525500000000005], [54.50841666666667, 24.525500000000005], [54.50841666666667, 24.525416666666672], [54.50866666666667, 24.525416666666672], [54.50866666666667, 24.52533333333334], [54.50891666666667, 24.52533333333334], [54.50891666666667, 24.525416666666672], [54.509083333333336, 24.525416666666672], [54.509083333333336, 24.52533333333334], [54.50925, 24.52533333333334], [54.50925, 24.525416666666672], [54.50941666666667, 24.525416666666672], [54.50941666666667, 24.525250000000007], [54.50958333333334, 24.52516666666667], [54.50958333333334, 24.525000000000006], [54.50991666666667, 24.525000000000006], [54.50991666666667, 24.524916666666673], [54.510083333333334, 24.524916666666673], [54.510083333333334, 24.52483333333334], [54.510333333333335, 24.52483333333334], [54.510333333333335, 24.524750000000004], [54.51066666666667, 24.524750000000004], [54.51066666666667, 24.524666666666672], [54.511, 24.524666666666672], [54.511, 24.52458333333334], [54.51116666666667, 24.52458333333334], [54.51116666666667, 24.524500000000007], [54.51141666666667, 24.524500000000007], [54.51141666666667, 24.52441666666667], [54.51166666666667, 24.52441666666667], [54.51166666666667, 24.524333333333338], [54.51191666666667, 24.524333333333338], [54.51191666666667, 24.524250000000006], [54.51216666666667, 24.524250000000006], [54.51216666666667, 24.524166666666673], [54.51225, 24.524166666666673], [54.51225, 24.524250000000006], [54.51266666666667, 24.524250000000006], [54.51266666666667, 24.524333333333338], [54.51291666666667, 24.524333333333338], [54.513000000000005, 24.524500000000007], [54.51325, 24.524500000000007], [54.51325, 24.52441666666667], [54.513333333333335, 24.52441666666667], [54.513333333333335, 24.524250000000006], [54.5135, 24.524250000000006], [54.5135, 24.524166666666673], [54.51358333333334, 24.524166666666673], [54.51358333333334, 24.524000000000004], [54.51366666666667, 24.524000000000004], [54.51366666666667, 24.523916666666672], [54.51383333333334, 24.523916666666672], [54.51383333333334, 24.52408333333334], [54.51375, 24.52408333333334], [54.51375, 24.52441666666667], [54.51366666666667, 24.52441666666667], [54.51366666666667, 24.524750000000004], [54.513333333333335, 24.524916666666673], [54.513333333333335, 24.52508333333334], [54.51325, 24.52508333333334], [54.51316666666667, 24.525250000000007], [54.513000000000005, 24.525250000000007], [54.513000000000005, 24.52533333333334], [54.51283333333333, 24.52533333333334], [54.51283333333333, 24.525416666666672], [54.51266666666667, 24.525416666666672], [54.51266666666667, 24.525500000000005], [54.51258333333334, 24.525500000000005], [54.51258333333334, 24.525750000000006], [54.51241666666667, 24.525750000000006], [54.51241666666667, 24.52591666666667], [54.51225, 24.52591666666667], [54.51225, 24.526166666666672], [54.51216666666667, 24.526166666666672], [54.51216666666667, 24.52633333333334], [54.512, 24.52633333333334], [54.512, 24.526500000000006], [54.51191666666667, 24.526500000000006], [54.51191666666667, 24.52658333333334], [54.511750000000006, 24.52658333333334], [54.511750000000006, 24.526916666666672], [54.51166666666667, 24.526916666666672], [54.51166666666667, 24.52708333333334], [54.51141666666667, 24.52708333333334], [54.51141666666667, 24.527250000000006], [54.511250000000004, 24.527250000000006], [54.51116666666667, 24.52741666666667], [54.51108333333334, 24.52741666666667], [54.51108333333334, 24.52733333333334], [54.51083333333334, 24.52733333333334], [54.51083333333334, 24.52741666666667], [54.51066666666667, 24.527500000000007], [54.51066666666667, 24.527666666666672], [54.5105, 24.527666666666672], [54.51041666666667, 24.52783333333334], [54.510333333333335, 24.52783333333334], [54.510333333333335, 24.528000000000006], [54.510250000000006, 24.528000000000006], [54.510250000000006, 24.528416666666672], [54.510083333333334, 24.528416666666672], [54.510083333333334, 24.52883333333334], [54.50991666666667, 24.52891666666667], [54.50991666666667, 24.529000000000007], [54.509750000000004, 24.529000000000007], [54.509750000000004, 24.52908333333334], [54.50941666666667, 24.52908333333334], [54.50941666666667, 24.529166666666672], [54.50866666666667, 24.529166666666672], [54.50866666666667, 24.52908333333334], [54.508500000000005, 24.52908333333334], [54.508500000000005, 24.529166666666672], [54.50841666666667, 24.529166666666672], [54.50841666666667, 24.529250000000005], [54.508250000000004, 24.52933333333334], [54.508250000000004, 24.529416666666673], [54.508, 24.529416666666673], [54.508, 24.529500000000006], [54.50791666666667, 24.529500000000006], [54.50791666666667, 24.52966666666667], [54.50783333333334, 24.52966666666667], [54.50783333333334, 24.529750000000007], [54.50766666666667, 24.529750000000007], [54.50766666666667, 24.529916666666672], [54.5075, 24.529916666666672], [54.5075, 24.53008333333334], [54.507333333333335, 24.530166666666673], [54.507250000000006, 24.53033333333334], [54.507083333333334, 24.53033333333334], [54.507083333333334, 24.53058333333334], [54.50691666666667, 24.53058333333334], [54.50691666666667, 24.531000000000006], [54.50683333333333, 24.531000000000006], [54.50683333333333, 24.53116666666667], [54.506750000000004, 24.53116666666667], [54.506750000000004, 24.531250000000007], [54.50658333333334, 24.531250000000007], [54.5065, 24.531416666666672], [54.50633333333334, 24.531416666666672], [54.50633333333334, 24.53158333333334], [54.50625, 24.53158333333334], [54.50625, 24.531666666666673], [54.506083333333336, 24.531666666666673], [54.506083333333336, 24.531750000000006], [54.50591666666667, 24.531750000000006], [54.50591666666667, 24.53183333333334], [54.505750000000006, 24.53191666666667], [54.505750000000006, 24.53208333333334], [54.50566666666667, 24.53208333333334], [54.50566666666667, 24.532166666666672], [54.505500000000005, 24.532166666666672], [54.505500000000005, 24.53208333333334], [54.50508333333334, 24.53208333333334], [54.50508333333334, 24.532166666666672], [54.505, 24.532166666666672], [54.505, 24.531666666666673], [54.50516666666667, 24.53158333333334], [54.50516666666667, 24.53133333333334], [54.505250000000004, 24.53133333333334], [54.505250000000004, 24.53116666666667], [54.50533333333333, 24.53116666666667], [54.50533333333333, 24.52958333333334], [54.505500000000005, 24.52958333333334], [54.505500000000005, 24.52908333333334], [54.505583333333334, 24.52908333333334], [54.505583333333334, 24.52891666666667], [54.50533333333333, 24.52891666666667], [54.50533333333333, 24.529000000000007], [54.50491666666667, 24.529000000000007], [54.50491666666667, 24.52891666666667], [54.50475, 24.52891666666667], [54.50475, 24.529000000000007], [54.50466666666667, 24.529000000000007], [54.50466666666667, 24.529500000000006], [54.504583333333336, 24.529500000000006], [54.504583333333336, 24.529750000000007], [54.50466666666667, 24.529750000000007], [54.50466666666667, 24.530500000000007], [54.504583333333336, 24.530500000000007], [54.504583333333336, 24.53083333333334], [54.50441666666667, 24.53083333333334], [54.50441666666667, 24.53108333333334], [54.5045, 24.53108333333334], [54.5045, 24.53116666666667], [54.50441666666667, 24.53116666666667], [54.50441666666667, 24.53183333333334], [54.504333333333335, 24.53183333333334], [54.504333333333335, 24.532416666666673], [54.504250000000006, 24.532416666666673], [54.504250000000006, 24.53283333333334], [54.504083333333334, 24.53283333333334], [54.504083333333334, 24.532916666666672], [54.50391666666667, 24.532916666666672], [54.50391666666667, 24.533000000000005], [54.50383333333333, 24.533000000000005], [54.503750000000004, 24.533166666666673], [54.5035, 24.533166666666673], [54.503416666666666, 24.533000000000005], [54.50325, 24.533000000000005], [54.50325, 24.53308333333334], [54.503083333333336, 24.53308333333334], [54.503083333333336, 24.533250000000006], [54.503, 24.533250000000006], [54.503, 24.53333333333334], [54.502833333333335, 24.53333333333334], [54.502833333333335, 24.533666666666672], [54.50291666666667, 24.533666666666672], [54.50291666666667, 24.533750000000005], [54.502833333333335, 24.533750000000005], [54.502833333333335, 24.533916666666673], [54.502750000000006, 24.533916666666673], [54.502750000000006, 24.53408333333334], [54.50266666666667, 24.53408333333334], [54.50266666666667, 24.534250000000007], [54.50233333333333, 24.534250000000007], [54.50233333333333, 24.53433333333334], [54.50241666666667, 24.53433333333334], [54.50241666666667, 24.534500000000005], [54.50208333333334, 24.534500000000005], [54.50208333333334, 24.534416666666672], [54.502, 24.534416666666672], [54.502, 24.53416666666667], [54.50183333333334, 24.53408333333334], [54.50183333333334, 24.533916666666673], [54.50175, 24.533916666666673], [54.50175, 24.53383333333334], [54.50141666666667, 24.53383333333334], [54.50141666666667, 24.533750000000005], [54.50083333333334, 24.533750000000005], [54.50083333333334, 24.534000000000006], [54.50091666666667, 24.534000000000006], [54.50091666666667, 24.534500000000005], [54.500750000000004, 24.534416666666672], [54.500750000000004, 24.53433333333334], [54.50058333333334, 24.53433333333334], [54.50058333333334, 24.534250000000007], [54.5005, 24.534250000000007], [54.5005, 24.53433333333334], [54.500416666666666, 24.53433333333334], [54.500416666666666, 24.534250000000007], [54.50025, 24.534250000000007], [54.50016666666667, 24.534416666666672], [54.500083333333336, 24.534416666666672], [54.500083333333336, 24.53433333333334], [54.5, 24.53433333333334], [54.5, 24.534416666666672], [54.499833333333335, 24.534416666666672], [54.499833333333335, 24.534583333333337], [54.499750000000006, 24.534583333333337], [54.499750000000006, 24.534750000000006], [54.499500000000005, 24.534750000000006]], [[54.50141666666667, 24.53333333333334], [54.50175, 24.53333333333334], [54.50175, 24.533250000000006], [54.50183333333334, 24.533250000000006], [54.50183333333334, 24.53308333333334], [54.50175, 24.53308333333334], [54.50175, 24.533000000000005], [54.501583333333336, 24.533000000000005], [54.501583333333336, 24.53308333333334], [54.50141666666667, 24.53308333333334], [54.50141666666667, 24.53333333333334]], [[54.503416666666666, 24.532916666666672], [54.5035, 24.532916666666672], [54.5035, 24.53283333333334], [54.503416666666666, 24.53283333333334], [54.503416666666666, 24.532916666666672]], [[54.50741666666667, 24.52958333333334], [54.50766666666667, 24.52958333333334], [54.50766666666667, 24.529416666666673], [54.50741666666667, 24.529416666666673], [54.50741666666667, 24.52958333333334]], [[54.506, 24.528500000000005], [54.50616666666667, 24.528500000000005], [54.50616666666667, 24.528250000000007], [54.506083333333336, 24.528250000000007], [54.506083333333336, 24.52816666666667], [54.50591666666667, 24.528250000000007], [54.50591666666667, 24.528416666666672], [54.506, 24.528416666666672], [54.506, 24.528500000000005]], [[54.51291666666667, 24.525250000000007], [54.513000000000005, 24.525250000000007], [54.513000000000005, 24.52516666666667], [54.51291666666667, 24.52516666666667], [54.51291666666667, 24.525250000000007]]]}, "properties": {"stand": 10, "area_ha": 79.6, "alert": false, "z": 0.74}}, {"type": "Feature", "geometry": {"type": "Polygon", "coordinates": [[[54.47941666666667, 24.52733333333334], [54.47941666666667, 24.527250000000006], [54.479083333333335, 24.527250000000006], [54.479083333333335, 24.527166666666673], [54.47866666666667, 24.527166666666673], [54.47866666666667, 24.52708333333334], [54.47841666666667, 24.52708333333334], [54.47841666666667, 24.526916666666672], [54.47833333333334, 24.526916666666672], [54.47833333333334, 24.52683333333334], [54.47808333333334, 24.52683333333334], [54.47808333333334, 24.526750000000007], [54.47791666666667, 24.526750000000007], [54.47791666666667, 24.52666666666667], [54.47775, 24.52658333333334], [54.47775, 24.526500000000006], [54.477583333333335, 24.526500000000006], [54.477583333333335, 24.526416666666673], [54.477500000000006, 24.526416666666673], [54.477500000000006, 24.526250000000005], [54.47741666666667, 24.526250000000005], [54.47741666666667, 24.52608333333334], [54.477333333333334, 24.52608333333334], [54.477333333333334, 24.52591666666667], [54.47716666666667, 24.52583333333334], [54.47716666666667, 24.525750000000006], [54.47708333333333, 24.525750000000006], [54.47708333333333, 24.525500000000005], [54.47566666666667, 24.525500000000005], [54.47566666666667, 24.525250000000007], [54.47558333333333, 24.525250000000007], [54.47558333333333, 24.525500000000005], [54.47541666666667, 24.525500000000005], [54.47541666666667, 24.52558333333334], [54.47516666666667, 24.52558333333334], [54.47516666666667, 24.525416666666672], [54.47508333333334, 24.525416666666672], [54.47508333333334, 24.525250000000007], [54.47516666666667, 24.525250000000007], [54.47516666666667, 24.52516666666667], [54.47508333333334, 24.52516666666667], [54.47508333333334, 24.525000000000006], [54.475, 24.525000000000006], [54.47491666666667, 24.52483333333334], [54.47475, 24.524916666666673], [54.47466666666667, 24.524750000000004], [54.474583333333335, 24.524750000000004], [54.474583333333335, 24.52483333333334], [54.474500000000006, 24.52483333333334], [54.474500000000006, 24.52508333333334], [54.474583333333335, 24.52508333333334], [54.474583333333335, 24.525250000000007], [54.47416666666667, 24.525250000000007], [54.47416666666667, 24.525000000000006], [54.47408333333333, 24.525000000000006], [54.47408333333333, 24.52508333333334], [54.47391666666667, 24.52508333333334], [54.47383333333334, 24.524916666666673], [54.47358333333334, 24.524916666666673], [54.47358333333334, 24.52483333333334], [54.4735, 24.52483333333334], [54.4735, 24.52458333333334], [54.47358333333334, 24.52458333333334], [54.47358333333334, 24.524500000000007], [54.4735, 24.524500000000007], [54.4735, 24.52441666666667], [54.473333333333336, 24.52441666666667], [54.473333333333336, 24.524333333333338], [54.4735, 24.524333333333338], [54.4735, 24.524166666666673], [54.47391666666667, 24.524166666666673], [54.47391666666667, 24.524250000000006], [54.474000000000004, 24.524250000000006], [54.474000000000004, 24.524166666666673], [54.47416666666667, 24.524166666666673], [54.47416666666667, 24.52408333333334], [54.474333333333334, 24.52408333333334], [54.474333333333334, 24.524166666666673], [54.474500000000006, 24.524250000000006], [54.474500000000006, 24.52441666666667], [54.474583333333335, 24.52441666666667], [54.474583333333335, 24.52458333333334], [54.47466666666667, 24.52458333333334], [54.47466666666667, 24.524250000000006], [54.47491666666667, 24.524250000000006], [54.47491666666667, 24.524333333333338], [54.475, 24.524333333333338], [54.475, 24.524500000000007], [54.47525, 24.524500000000007], [54.47525, 24.52441666666667], [54.47541666666667, 24.524333333333338], [54.47541666666667, 24.52441666666667], [54.47558333333333, 24.52441666666667], [54.47558333333333, 24.524500000000007], [54.475750000000005, 24.52458333333334], [54.475750000000005, 24.524666666666672], [54.47591666666667, 24.524666666666672], [54.47591666666667, 24.524750000000004], [54.476083333333335, 24.524750000000004], [54.476083333333335, 24.52483333333334], [54.47616666666667, 24.52483333333334], [54.47616666666667, 24.524916666666673], [54.476333333333336, 24.525000000000006], [54.476333333333336, 24.52508333333334], [54.47666666666667, 24.52508333333334], [54.47666666666667, 24.525000000000006], [54.47658333333334, 24.525000000000006], [54.47658333333334, 24.52483333333334], [54.47641666666667, 24.524750000000004], [54.47641666666667, 24.52458333333334], [54.4765, 24.52458333333334], [54.4765, 24.524500000000007], [54.47641666666667, 24.524500000000007], [54.47641666666667, 24.52441666666667], [54.4765, 24.52441666666667], [54.4765, 24.52408333333334], [54.476333333333336, 24.524000000000004], [54.476333333333336, 24.523916666666672], [54.47625, 24.523916666666672], [54.47625, 24.52383333333334], [54.47616666666667, 24.52383333333334], [54.47616666666667, 24.523916666666672], [54.476000000000006, 24.523916666666672], [54.476000000000006, 24.524000000000004], [54.475500000000004, 24.524000000000004], [54.47541666666667, 24.524166666666673], [54.47516666666667, 24.524166666666673], [54.47516666666667, 24.52408333333334], [54.47508333333334, 24.52408333333334], [54.47508333333334, 24.523916666666672], [54.47516666666667, 24.523916666666672], [54.47516666666667, 24.523750000000007], [54.47525, 24.523750000000007], [54.47525, 24.52366666666667], [54.47566666666667, 24.52366666666667], [54.47566666666667, 24.523500000000006], [54.47558333333333, 24.523500000000006], [54.47558333333333, 24.523416666666673], [54.47533333333334, 24.523416666666673], [54.47533333333334, 24.52333333333334], [54.47525, 24.52333333333334], [54.47525, 24.523166666666672], [54.47508333333334, 24.523166666666672], [54.47508333333334, 24.52308333333334], [54.475, 24.52308333333334], [54.475, 24.522833333333338], [54.47491666666667, 24.522833333333338], [54.47491666666667, 24.52258333333334], [54.475, 24.52258333333334], [54.475, 24.522416666666672], [54.47508333333334, 24.522416666666672], [54.47508333333334, 24.522250000000007], [54.47525, 24.522250000000007], [54.47525, 24.522083333333338], [54.47533333333334, 24.522083333333338], [54.47525, 24.521916666666673], [54.47541666666667, 24.521916666666673], [54.47541666666667, 24.52183333333334], [54.475750000000005, 24.52183333333334], [54.475750000000005, 24.521916666666673], [54.47558333333333, 24.521916666666673], [54.47558333333333, 24.522000000000006], [54.475500000000004, 24.522000000000006], [54.475500000000004, 24.52233333333334], [54.47566666666667, 24.52233333333334], [54.47566666666667, 24.522416666666672], [54.475833333333334, 24.522416666666672], [54.475833333333334, 24.522500000000004], [54.476083333333335, 24.522500000000004], [54.476083333333335, 24.52258333333334], [54.47625, 24.52258333333334], [54.47625, 24.522666666666673], [54.476333333333336, 24.522666666666673], [54.476333333333336, 24.522916666666674], [54.47625, 24.522916666666674], [54.47625, 24.523500000000006], [54.4765, 24.523500000000006], [54.4765, 24.523416666666673], [54.47658333333334, 24.523416666666673], [54.47658333333334, 24.523250000000004], [54.4765, 24.523250000000004], [54.4765, 24.52308333333334], [54.47666666666667, 24.52308333333334], [54.47666666666667, 24.523000000000007], [54.47675, 24.523000000000007], [54.47675, 24.522750000000006], [54.47666666666667, 24.522750000000006], [54.47658333333334, 24.52258333333334], [54.4765, 24.52258333333334], [54.4765, 24.52233333333334], [54.47641666666667, 24.52233333333334], [54.47641666666667, 24.522166666666674], [54.476333333333336, 24.522166666666674], [54.476333333333336, 24.52183333333334], [54.4765, 24.52183333333334], [54.4765, 24.521750000000004], [54.47691666666667, 24.521750000000004], [54.47691666666667, 24.521666666666672], [54.47708333333333, 24.521666666666672], [54.47708333333333, 24.52158333333334], [54.47716666666667, 24.52158333333334], [54.47716666666667, 24.521500000000007], [54.477583333333335, 24.521500000000007], [54.477583333333335, 24.521416666666674], [54.477833333333336, 24.521416666666674], [54.477833333333336, 24.521333333333338], [54.478, 24.521333333333338], [54.478, 24.521250000000006], [54.47808333333334, 24.521250000000006], [54.47816666666667, 24.52108333333334], [54.47841666666667, 24.52108333333334], [54.47841666666667, 24.521000000000004], [54.478750000000005, 24.521000000000004], [54.478750000000005, 24.52108333333334], [54.4795, 24.52108333333334], [54.4795, 24.521000000000004], [54.47958333333334, 24.521000000000004], [54.47966666666667, 24.521166666666673], [54.47991666666667, 24.521166666666673], [54.47991666666667, 24.521333333333338], [54.480333333333334, 24.521333333333338], [54.480333333333334, 24.521250000000006], [54.480500000000006, 24.521250000000006], [54.480500000000006, 24.521333333333338], [54.480583333333335, 24.521333333333338], [54.480583333333335, 24.521250000000006], [54.48075, 24.521166666666673], [54.48075, 24.520916666666672], [54.481, 24.520916666666672], [54.481, 24.52083333333334], [54.48108333333334, 24.52083333333334], [54.48108333333334, 24.520666666666674], [54.48116666666667, 24.520666666666674], [54.48116666666667, 24.520750000000007], [54.48141666666667, 24.520750000000007], [54.48141666666667, 24.52083333333334], [54.481500000000004, 24.52083333333334], [54.481500000000004, 24.52108333333334], [54.48141666666667, 24.52108333333334], [54.48141666666667, 24.521250000000006], [54.481500000000004, 24.521250000000006], [54.481500000000004, 24.521333333333338], [54.48141666666667, 24.521333333333338], [54.48141666666667, 24.521666666666672], [54.48158333333333, 24.521666666666672], [54.48158333333333, 24.52158333333334], [54.481750000000005, 24.52158333333334], [54.481833333333334, 24.521416666666674], [54.482, 24.521416666666674], [54.482083333333335, 24.52158333333334], [54.48233333333334, 24.52158333333334], [54.48233333333334, 24.521666666666672], [54.48241666666667, 24.521666666666672], [54.48241666666667, 24.522416666666672], [54.48216666666667, 24.522416666666672], [54.48216666666667, 24.52233333333334], [54.482083333333335, 24.52233333333334], [54.482083333333335, 24.522166666666674], [54.482, 24.522166666666674], [54.482, 24.52233333333334], [54.481833333333334, 24.52233333333334], [54.481833333333334, 24.522250000000007], [54.48166666666667, 24.522250000000007], [54.48166666666667, 24.52233333333334], [54.481500000000004, 24.52233333333334], [54.481500000000004, 24.522416666666672], [54.48141666666667, 24.522416666666672], [54.48141666666667, 24.522500000000004], [54.48116666666667, 24.522500000000004], [54.48116666666667, 24.522750000000006], [54.48125, 24.522750000000006], [54.48125, 24.522916666666674], [54.48133333333334, 24.522916666666674], [54.48141666666667, 24.52308333333334], [54.481500000000004, 24.52308333333334], [54.481500000000004, 24.523250000000004], [54.48166666666667, 24.523250000000004], [54.48166666666667, 24.52333333333334], [54.482, 24.52333333333334], [54.482, 24.523583333333338], [54.482083333333335, 24.523583333333338], [54.482083333333335, 24.52366666666667], [54.48225, 24.52366666666667], [54.48225, 24.523750000000007], [54.48241666666667, 24.52383333333334], [54.48241666666667, 24.52408333333334], [54.48225, 24.52408333333334], [54.48225, 24.524250000000006], [54.482083333333335, 24.524333333333338], [54.482083333333335, 24.524500000000007], [54.482, 24.524500000000007], [54.48191666666667, 24.524666666666672], [54.481750000000005, 24.524666666666672], [54.481750000000005, 24.52483333333334], [54.48233333333334, 24.52483333333334], [54.48233333333334, 24.524750000000004], [54.4825, 24.524750000000004], [54.48258333333334, 24.524916666666673], [54.48291666666667, 24.524916666666673], [54.48291666666667, 24.525000000000006], [54.48308333333333, 24.525000000000006], [54.48308333333333, 24.524916666666673], [54.48316666666667, 24.524916666666673], [54.48316666666667, 24.52508333333334], [54.483250000000005, 24.52508333333334], [54.483333333333334, 24.525250000000007], [54.48316666666667, 24.52533333333334], [54.48316666666667, 24.525416666666672], [54.48308333333333, 24.525416666666672], [54.48308333333333, 24.52533333333334], [54.48283333333334, 24.52533333333334], [54.48283333333334, 24.525500000000005], [54.48275, 24.525500000000005], [54.48275, 24.525666666666673], [54.48258333333334, 24.525750000000006], [54.48258333333334, 24.52591666666667], [54.48241666666667, 24.52591666666667], [54.48241666666667, 24.526000000000007], [54.48233333333334, 24.526000000000007], [54.48233333333334, 24.526250000000005], [54.48225, 24.526250000000005], [54.48225, 24.526416666666673], [54.48216666666667, 24.526416666666673], [54.48216666666667, 24.526500000000006], [54.482, 24.526500000000006], [54.48191666666667, 24.52666666666667], [54.481833333333334, 24.52666666666667], [54.481833333333334, 24.526750000000007], [54.48166666666667, 24.526750000000007], [54.48166666666667, 24.52683333333334], [54.481500000000004, 24.52683333333334], [54.481500000000004, 24.526916666666672], [54.48133333333334, 24.526916666666672], [54.48133333333334, 24.52683333333334], [54.48116666666667, 24.526750000000007], [54.48116666666667, 24.526916666666672], [54.48125, 24.526916666666672], [54.48125, 24.52708333333334], [54.48091666666667, 24.52708333333334], [54.48091666666667, 24.527166666666673], [54.48066666666667, 24.527166666666673], [54.48066666666667, 24.527250000000006], [54.47966666666667, 24.527250000000006], [54.47966666666667, 24.52733333333334], [54.47941666666667, 24.52733333333334]], [[54.47775, 24.525416666666672], [54.47791666666667, 24.525416666666672], [54.47791666666667, 24.52533333333334], [54.47808333333334, 24.52533333333334], [54.47808333333334, 24.525250000000007], [54.47833333333334, 24.525250000000007], [54.47841666666667, 24.52508333333334], [54.47825, 24.52508333333334], [54.47825, 24.525000000000006], [54.47808333333334, 24.525000000000006], [54.47808333333334, 24.52508333333334], [54.47791666666667, 24.52508333333334], [54.47791666666667, 24.52516666666667], [54.47775, 24.52516666666667], [54.47775, 24.525416666666672]], [[54.47708333333333, 24.52508333333334], [54.47716666666667, 24.52508333333334], [54.47716666666667, 24.525000000000006], [54.47708333333333, 24.525000000000006], [54.47708333333333, 24.52508333333334]], [[54.477000000000004, 24.525000000000006], [54.47708333333333, 24.525000000000006], [54.47708333333333, 24.524916666666673], [54.477000000000004, 24.524916666666673], [54.477000000000004, 24.525000000000006]], [[54.474250000000005, 24.524916666666673], [54.47441666666667, 24.524916666666673], [54.474333333333334, 24.524750000000004], [54.474250000000005, 24.524750000000004], [54.474250000000005, 24.524916666666673]], [[54.47658333333334, 24.524750000000004], [54.47666666666667, 24.524750000000004], [54.47666666666667, 24.524666666666672], [54.47658333333334, 24.524666666666672], [54.47658333333334, 24.524750000000004]], [[54.474000000000004, 24.524666666666672], [54.47416666666667, 24.524666666666672], [54.47416666666667, 24.524500000000007], [54.47408333333333, 24.524500000000007], [54.47408333333333, 24.524250000000006], [54.474000000000004, 24.524250000000006], [54.474000000000004, 24.524666666666672]], [[54.4765, 24.524666666666672], [54.47658333333334, 24.524666666666672], [54.47658333333334, 24.52458333333334], [54.4765, 24.52458333333334], [54.4765, 24.524666666666672]], [[54.47825, 24.524500000000007], [54.47833333333334, 24.524500000000007], [54.47833333333334, 24.524333333333338], [54.47841666666667, 24.524333333333338], [54.47841666666667, 24.524250000000006], [54.47858333333333, 24.524250000000006], [54.47858333333333, 24.524166666666673], [54.47833333333334, 24.524166666666673], [54.47833333333334, 24.524250000000006], [54.47825, 24.524250000000006], [54.47825, 24.524500000000007]], [[54.47358333333334, 24.52441666666667], [54.47375, 24.52441666666667], [54.47375, 24.524333333333338], [54.47358333333334, 24.524333333333338], [54.47358333333334, 24.52441666666667]], [[54.47741666666667, 24.52441666666667], [54.477583333333335, 24.52441666666667], [54.477500000000006, 24.524250000000006], [54.47741666666667, 24.524250000000006], [54.47741666666667, 24.52441666666667]], [[54.47683333333334, 24.524333333333338], [54.477000000000004, 24.524250000000006], [54.477000000000004, 24.524166666666673], [54.47683333333334, 24.524166666666673], [54.47683333333334, 24.524333333333338]], [[54.477583333333335, 24.524250000000006], [54.47766666666667, 24.524250000000006], [54.47766666666667, 24.524166666666673], [54.477583333333335, 24.524166666666673], [54.477583333333335, 24.524250000000006]], [[54.478833333333334, 24.523916666666672], [54.47916666666667, 24.523916666666672], [54.47916666666667, 24.52383333333334], [54.47941666666667, 24.52383333333334], [54.4795, 24.52366666666667], [54.47983333333334, 24.52366666666667], [54.47983333333334, 24.523583333333338], [54.480000000000004, 24.523583333333338], [54.480000000000004, 24.523500000000006], [54.48016666666667, 24.523500000000006], [54.48016666666667, 24.52333333333334], [54.48008333333333, 24.52333333333334], [54.48008333333333, 24.523250000000004], [54.47966666666667, 24.523250000000004], [54.47966666666667, 24.52308333333334], [54.47975, 24.52308333333334], [54.47966666666667, 24.522916666666674], [54.47983333333334, 24.522916666666674], [54.47983333333334, 24.522833333333338], [54.47975, 24.522833333333338], [54.47975, 24.52258333333334], [54.47966666666667, 24.52258333333334], [54.47966666666667, 24.52233333333334], [54.4795, 24.522250000000007], [54.4795, 24.522166666666674], [54.47925, 24.522166666666674], [54.47925, 24.52258333333334], [54.479083333333335, 24.52258333333334], [54.479083333333335, 24.522666666666673], [54.479000000000006, 24.522666666666673], [54.479000000000006, 24.522416666666672], [54.47891666666667, 24.522416666666672], [54.47891666666667, 24.52233333333334], [54.479000000000006, 24.52233333333334], [54.479000000000006, 24.522250000000007], [54.47891666666667, 24.522250000000007], [54.479000000000006, 24.522083333333338], [54.47891666666667, 24.522083333333338], [54.47891666666667, 24.521916666666673], [54.478833333333334, 24.521916666666673], [54.478833333333334, 24.52183333333334], [54.47866666666667, 24.52183333333334], [54.47866666666667, 24.521666666666672], [54.47858333333333, 24.521666666666672], [54.47858333333333, 24.52158333333334], [54.47866666666667, 24.52158333333334], [54.478750000000005, 24.521416666666674], [54.47866666666667, 24.521416666666674], [54.47866666666667, 24.521333333333338], [54.478500000000004, 24.521250000000006], [54.478500000000004, 24.521333333333338], [54.47841666666667, 24.521333333333338], [54.47841666666667, 24.52183333333334], [54.47825, 24.52183333333334], [54.47825, 24.521916666666673], [54.47816666666667, 24.521916666666673], [54.47816666666667, 24.522250000000007], [54.47808333333334, 24.522250000000007], [54.47808333333334, 24.522500000000004], [54.47816666666667, 24.522500000000004], [54.47816666666667, 24.52233333333334], [54.47841666666667, 24.52233333333334], [54.47841666666667, 24.522416666666672], [54.478500000000004, 24.522416666666672], [54.478500000000004, 24.52258333333334], [54.47858333333333, 24.52258333333334], [54.47858333333333, 24.523000000000007], [54.47866666666667, 24.523000000000007], [54.47866666666667, 24.52383333333334], [54.478833333333334, 24.52383333333334], [54.478833333333334, 24.523916666666672]], [[54.477250000000005, 24.523000000000007], [54.47741666666667, 24.523000000000007], [54.47741666666667, 24.522916666666674], [54.477500000000006, 24.522916666666674], [54.477500000000006, 24.52233333333334], [54.477333333333334, 24.522250000000007], [54.477250000000005, 24.522083333333338], [54.47691666666667, 24.522083333333338], [54.47691666666667, 24.522250000000007], [54.47683333333334, 24.522250000000007], [54.47683333333334, 24.522166666666674], [54.47666666666667, 24.522166666666674], [54.47666666666667, 24.522250000000007], [54.47683333333334, 24.52233333333334], [54.47683333333334, 24.52258333333334], [54.47691666666667, 24.52258333333334], [54.47691666666667, 24.522666666666673], [54.47708333333333, 24.522666666666673], [54.47708333333333, 24.522750000000006], [54.477250000000005, 24.522833333333338], [54.477250000000005, 24.523000000000007]], [[54.48008333333333, 24.522833333333338], [54.480333333333334, 24.522833333333338], [54.480333333333334, 24.52258333333334], [54.48016666666667, 24.522500000000004], [54.48016666666667, 24.522416666666672], [54.48008333333333, 24.522416666666672], [54.48008333333333, 24.522833333333338]], [[54.47533333333334, 24.522166666666674], [54.47541666666667, 24.522166666666674], [54.47541666666667, 24.522083333333338], [54.47533333333334, 24.522083333333338], [54.47533333333334, 24.522166666666674]], [[54.47766666666667, 24.521916666666673], [54.47775, 24.521916666666673], [54.47775, 24.52183333333334], [54.47766666666667, 24.52183333333334], [54.47766666666667, 24.521916666666673]]]}, "properties": {"stand": 20, "area_ha": 46.9, "alert": false, "z": 0.55}}, {"type": "Feature", "geometry": {"type": "Polygon", "coordinates": [[[54.506, 24.52158333333334], [54.506, 24.521500000000007], [54.50591666666667, 24.521500000000007], [54.50591666666667, 24.521250000000006], [54.505833333333335, 24.521250000000006], [54.505833333333335, 24.52083333333334], [54.50616666666667, 24.52083333333334], [54.50616666666667, 24.520666666666674], [54.506, 24.520666666666674], [54.506, 24.520750000000007], [54.505833333333335, 24.520750000000007], [54.505833333333335, 24.520666666666674], [54.50541666666667, 24.520666666666674], [54.50541666666667, 24.520750000000007], [54.505250000000004, 24.520750000000007], [54.505250000000004, 24.520666666666674], [54.50516666666667, 24.520666666666674], [54.50516666666667, 24.520500000000006], [54.50508333333334, 24.520500000000006], [54.50508333333334, 24.520666666666674], [54.50491666666667, 24.520666666666674], [54.50491666666667, 24.520750000000007], [54.50475, 24.520750000000007], [54.50466666666667, 24.520583333333338], [54.504583333333336, 24.520583333333338], [54.504583333333336, 24.520666666666674], [54.5045, 24.520666666666674], [54.5045, 24.520583333333338], [54.504083333333334, 24.520583333333338], [54.504083333333334, 24.52033333333334], [54.50416666666667, 24.52033333333334], [54.50416666666667, 24.52016666666667], [54.504250000000006, 24.52016666666667], [54.504250000000006, 24.519833333333338], [54.5045, 24.519833333333338], [54.5045, 24.519750000000005], [54.504583333333336, 24.519750000000005], [54.504583333333336, 24.519500000000004], [54.50475, 24.51941666666667], [54.50475, 24.519166666666674], [54.50491666666667, 24.519166666666674], [54.50491666666667, 24.518916666666673], [54.50508333333334, 24.51883333333334], [54.50508333333334, 24.518500000000007], [54.50516666666667, 24.518500000000007], [54.50516666666667, 24.518250000000005], [54.505250000000004, 24.518250000000005], [54.50533333333333, 24.51808333333334], [54.50541666666667, 24.51808333333334], [54.50541666666667, 24.518000000000004], [54.50533333333333, 24.518000000000004], [54.50533333333333, 24.517750000000007], [54.50541666666667, 24.517750000000007], [54.50541666666667, 24.517583333333338], [54.505583333333334, 24.517500000000005], [54.505583333333334, 24.51733333333334], [54.50566666666667, 24.51733333333334], [54.50566666666667, 24.517250000000004], [54.505833333333335, 24.517250000000004], [54.505833333333335, 24.51708333333334], [54.50591666666667, 24.51708333333334], [54.506, 24.516916666666674], [54.506083333333336, 24.516916666666674], [54.506083333333336, 24.517000000000007], [54.50633333333334, 24.517000000000007], [54.50633333333334, 24.516916666666674], [54.50625, 24.516916666666674], [54.50616666666667, 24.516750000000005], [54.50641666666667, 24.516750000000005], [54.50641666666667, 24.516666666666673], [54.50666666666667, 24.516666666666673], [54.50666666666667, 24.516500000000004], [54.506750000000004, 24.516500000000004], [54.506750000000004, 24.51658333333334], [54.507000000000005, 24.51658333333334], [54.507000000000005, 24.516500000000004], [54.507333333333335, 24.516500000000004], [54.507333333333335, 24.51641666666667], [54.5075, 24.51641666666667], [54.5075, 24.51633333333334], [54.50766666666667, 24.51633333333334], [54.50766666666667, 24.516250000000007], [54.50791666666667, 24.516250000000007], [54.50791666666667, 24.516166666666674], [54.50816666666667, 24.516166666666674], [54.50816666666667, 24.516083333333338], [54.50833333333333, 24.516083333333338], [54.50833333333333, 24.516000000000005], [54.50841666666667, 24.516000000000005], [54.50841666666667, 24.516083333333338], [54.508583333333334, 24.516083333333338], [54.508583333333334, 24.516000000000005], [54.50866666666667, 24.516000000000005], [54.50866666666667, 24.51583333333334], [54.508833333333335, 24.51583333333334], [54.508833333333335, 24.515750000000004], [54.509, 24.515750000000004], [54.509083333333336, 24.51558333333334], [54.50966666666667, 24.51558333333334], [54.509750000000004, 24.515416666666674], [54.50991666666667, 24.515416666666674], [54.50991666666667, 24.515333333333338], [54.510000000000005, 24.515333333333338], [54.510000000000005, 24.515166666666673], [54.51016666666667, 24.51508333333334], [54.51016666666667, 24.515000000000004], [54.510250000000006, 24.515000000000004], [54.510250000000006, 24.51483333333334], [54.5105, 24.51483333333334], [54.5105, 24.514750000000006], [54.51075, 24.514750000000006], [54.51075, 24.514666666666674], [54.511, 24.514666666666674], [54.511, 24.514583333333338], [54.51108333333334, 24.514583333333338], [54.51108333333334, 24.514416666666673], [54.51116666666667, 24.514416666666673], [54.51116666666667, 24.51416666666667], [54.511250000000004, 24.51416666666667], [54.511250000000004, 24.51408333333334], [54.511500000000005, 24.51408333333334], [54.511500000000005, 24.513500000000004], [54.511583333333334, 24.513500000000004], [54.511583333333334, 24.513250000000006], [54.51166666666667, 24.513250000000006], [54.51166666666667, 24.513166666666674], [54.51191666666667, 24.513166666666674], [54.51191666666667, 24.513083333333338], [54.51208333333334, 24.513083333333338], [54.51216666666667, 24.512916666666673], [54.51233333333334, 24.512916666666673], [54.51233333333334, 24.512750000000008], [54.5125, 24.512750000000008], [54.5125, 24.512500000000006], [54.51266666666667, 24.512416666666674], [54.51266666666667, 24.512250000000005], [54.51258333333334, 24.512250000000005], [54.51258333333334, 24.51191666666667], [54.512750000000004, 24.51191666666667], [54.512750000000004, 24.51183333333334], [54.51283333333333, 24.51183333333334], [54.51283333333333, 24.511666666666674], [54.51291666666667, 24.511666666666674], [54.51291666666667, 24.511500000000005], [54.513000000000005, 24.511500000000005], [54.513000000000005, 24.51133333333334], [54.51316666666667, 24.51133333333334], [54.51316666666667, 24.511500000000005], [54.51325, 24.511500000000005], [54.51325, 24.511583333333338], [54.513083333333334, 24.511583333333338], [54.513083333333334, 24.51183333333334], [54.51325, 24.51183333333334], [54.513333333333335, 24.512000000000008], [54.51341666666667, 24.512000000000008], [54.51341666666667, 24.51183333333334], [54.51358333333334, 24.51183333333334], [54.51366666666667, 24.511666666666674], [54.51383333333334, 24.511666666666674], [54.51383333333334, 24.511583333333338], [54.51408333333334, 24.511583333333338], [54.51408333333334, 24.511666666666674], [54.51441666666667, 24.511666666666674], [54.51441666666667, 24.511750000000006], [54.51416666666667, 24.511750000000006], [54.51416666666667, 24.51191666666667], [54.51408333333334, 24.51191666666667], [54.51408333333334, 24.51208333333334], [54.51416666666667, 24.51208333333334], [54.51416666666667, 24.512333333333338], [54.514, 24.512333333333338], [54.514, 24.512416666666674], [54.51391666666667, 24.512416666666674], [54.51391666666667, 24.512750000000008], [54.51375, 24.512750000000008], [54.51375, 24.51258333333334], [54.51366666666667, 24.51258333333334], [54.51366666666667, 24.512500000000006], [54.513333333333335, 24.512500000000006], [54.513333333333335, 24.512416666666674], [54.51325, 24.512416666666674], [54.51316666666667, 24.512250000000005], [54.513083333333334, 24.512250000000005], [54.513083333333334, 24.512000000000008], [54.513000000000005, 24.512000000000008], [54.513000000000005, 24.512166666666673], [54.51291666666667, 24.512166666666673], [54.51291666666667, 24.512333333333338], [54.51283333333333, 24.512333333333338], [54.51283333333333, 24.512750000000008], [54.51291666666667, 24.512750000000008], [54.51291666666667, 24.512916666666673], [54.513083333333334, 24.512916666666673], [54.513083333333334, 24.51283333333334], [54.51325, 24.51283333333334], [54.51325, 24.512750000000008], [54.5135, 24.512750000000008], [54.5135, 24.51266666666667], [54.51358333333334, 24.51266666666667], [54.51358333333334, 24.512750000000008], [54.51366666666667, 24.512750000000008], [54.51366666666667, 24.51283333333334], [54.51383333333334, 24.51283333333334], [54.51383333333334, 24.512916666666673], [54.51391666666667, 24.512916666666673], [54.51391666666667, 24.513083333333338], [54.514, 24.513083333333338], [54.514, 24.513000000000005], [54.51408333333334, 24.513000000000005], [54.51408333333334, 24.51258333333334], [54.51416666666667, 24.51258333333334], [54.51416666666667, 24.512416666666674], [54.514250000000004, 24.512416666666674], [54.514250000000004, 24.512333333333338], [54.514583333333334, 24.512333333333338], [54.514583333333334, 24.512416666666674], [54.51475, 24.512500000000006], [54.51475, 24.51283333333334], [54.515, 24.51283333333334], [54.515, 24.512916666666673], [54.51508333333334, 24.512916666666673], [54.51508333333334, 24.513000000000005], [54.51525, 24.513083333333338], [54.51525, 24.513250000000006], [54.51541666666667, 24.51333333333334], [54.51541666666667, 24.513666666666673], [54.5155, 24.513666666666673], [54.5155, 24.513916666666674], [54.51558333333334, 24.513916666666674], [54.5155, 24.51408333333334], [54.51558333333334, 24.51408333333334], [54.51558333333334, 24.514250000000004], [54.515750000000004, 24.51433333333334], [54.515750000000004, 24.514666666666674], [54.51583333333333, 24.514666666666674], [54.51583333333333, 24.515333333333338], [54.51591666666667, 24.515333333333338], [54.51591666666667, 24.51566666666667], [54.516083333333334, 24.515750000000004], [54.516083333333334, 24.516666666666673], [54.516000000000005, 24.516666666666673], [54.516000000000005, 24.51708333333334], [54.51583333333333, 24.51708333333334], [54.51583333333333, 24.517416666666673], [54.51591666666667, 24.517416666666673], [54.516000000000005, 24.517583333333338], [54.51591666666667, 24.517583333333338], [54.51591666666667, 24.517750000000007], [54.51583333333333, 24.517750000000007], [54.51583333333333, 24.518000000000004], [54.515750000000004, 24.518000000000004], [54.515750000000004, 24.518166666666673], [54.51566666666667, 24.518166666666673], [54.51566666666667, 24.518750000000004], [54.5155, 24.518750000000004], [54.5155, 24.51883333333334], [54.51566666666667, 24.518916666666673], [54.51566666666667, 24.519250000000007], [54.5155, 24.519250000000007], [54.5155, 24.51933333333334], [54.51525, 24.51933333333334], [54.51516666666667, 24.519166666666674], [54.51508333333334, 24.519166666666674], [54.51508333333334, 24.519000000000005], [54.515, 24.519000000000005], [54.51508333333334, 24.51883333333334], [54.51491666666667, 24.518750000000004], [54.51491666666667, 24.518250000000005], [54.51508333333334, 24.518250000000005], [54.51508333333334, 24.51791666666667], [54.515, 24.51791666666667], [54.515, 24.517750000000007], [54.51508333333334, 24.517750000000007], [54.51508333333334, 24.517666666666674], [54.515, 24.517666666666674], [54.51491666666667, 24.517500000000005], [54.514833333333335, 24.517500000000005], [54.514833333333335, 24.517666666666674], [54.514500000000005, 24.517666666666674], [54.514500000000005, 24.518416666666674], [54.51466666666667, 24.518500000000007], [54.51466666666667, 24.518750000000004], [54.514583333333334, 24.518750000000004], [54.514583333333334, 24.51883333333334], [54.514500000000005, 24.51883333333334], [54.514500000000005, 24.51866666666667], [54.51441666666667, 24.51866666666667], [54.51441666666667, 24.518750000000004], [54.514250000000004, 24.518750000000004], [54.514250000000004, 24.51866666666667], [54.5135, 24.51866666666667], [54.51341666666667, 24.518500000000007], [54.513000000000005, 24.518500000000007], [54.513000000000005, 24.518416666666674], [54.51283333333333, 24.518500000000007], [54.51283333333333, 24.518416666666674], [54.51266666666667, 24.518416666666674], [54.51258333333334, 24.518250000000005], [54.51241666666667, 24.518250000000005], [54.51241666666667, 24.518166666666673], [54.51233333333334, 24.518166666666673], [54.51233333333334, 24.518000000000004], [54.51208333333334, 24.518000000000004], [54.51208333333334, 24.51791666666667], [54.511750000000006, 24.51791666666667], [54.511750000000006, 24.518000000000004], [54.51166666666667, 24.518000000000004], [54.51166666666667, 24.51791666666667], [54.51141666666667, 24.51791666666667], [54.51133333333333, 24.517750000000007], [54.51108333333334, 24.517750000000007], [54.51108333333334, 24.51783333333334], [54.51091666666667, 24.51783333333334], [54.51091666666667, 24.51791666666667], [54.51083333333334, 24.51791666666667], [54.51083333333334, 24.51783333333334], [54.51075, 24.51783333333334], [54.51075, 24.51791666666667], [54.51066666666667, 24.51791666666667], [54.51066666666667, 24.51783333333334], [54.51041666666667, 24.51783333333334], [54.51041666666667, 24.51791666666667], [54.510250000000006, 24.51791666666667], [54.510250000000006, 24.51783333333334], [54.51016666666667, 24.51783333333334], [54.51016666666667, 24.51791666666667], [54.510083333333334, 24.51791666666667], [54.510083333333334, 24.51783333333334], [54.509750000000004, 24.51783333333334], [54.50966666666667, 24.518000000000004], [54.5095, 24.518000000000004], [54.5095, 24.518166666666673], [54.50941666666667, 24.518166666666673], [54.50933333333334, 24.518333333333338], [54.50925, 24.518333333333338], [54.50916666666667, 24.518500000000007], [54.509, 24.518500000000007], [54.509, 24.51858333333334], [54.50891666666667, 24.51858333333334], [54.50891666666667, 24.518500000000007], [54.508750000000006, 24.518416666666674], [54.508750000000006, 24.51858333333334], [54.50866666666667, 24.51858333333334], [54.50866666666667, 24.51866666666667], [54.508583333333334, 24.51866666666667], [54.508583333333334, 24.51858333333334], [54.50841666666667, 24.51866666666667], [54.50841666666667, 24.518750000000004], [54.50833333333333, 24.518750000000004], [54.50833333333333, 24.51866666666667], [54.50808333333334, 24.51866666666667], [54.50808333333334, 24.518750000000004], [54.50791666666667, 24.518750000000004], [54.50791666666667, 24.51883333333334], [54.50783333333334, 24.51883333333334], [54.50783333333334, 24.51958333333334], [54.508, 24.519666666666673], [54.508, 24.519833333333338], [54.508250000000004, 24.519833333333338], [54.508250000000004, 24.519916666666674], [54.50833333333333, 24.519916666666674], [54.50833333333333, 24.52008333333334], [54.508500000000005, 24.52008333333334], [54.508500000000005, 24.520250000000004], [54.50841666666667, 24.520250000000004], [54.50841666666667, 24.52033333333334], [54.508250000000004, 24.520416666666673], [54.508250000000004, 24.52033333333334], [54.50808333333334, 24.520250000000004], [54.50808333333334, 24.52033333333334], [54.50791666666667, 24.520416666666673], [54.50783333333334, 24.520583333333338], [54.50775, 24.520583333333338], [54.50775, 24.520500000000006], [54.50741666666667, 24.520500000000006], [54.50741666666667, 24.520583333333338], [54.507333333333335, 24.520583333333338], [54.507333333333335, 24.520500000000006], [54.507083333333334, 24.520500000000006], [54.507083333333334, 24.520583333333338], [54.50691666666667, 24.520583333333338], [54.50691666666667, 24.520666666666674], [54.506750000000004, 24.520666666666674], [54.506750000000004, 24.520750000000007], [54.50666666666667, 24.520750000000007], [54.50666666666667, 24.520666666666674], [54.50641666666667, 24.520666666666674], [54.50641666666667, 24.521166666666673], [54.50625, 24.521250000000006], [54.50625, 24.52158333333334], [54.506, 24.52158333333334]], [[54.50491666666667, 24.52016666666667], [54.50508333333334, 24.52016666666667], [54.50508333333334, 24.52008333333334], [54.50516666666667, 24.52008333333334], [54.50516666666667, 24.519916666666674], [54.505, 24.519916666666674], [54.505, 24.52008333333334], [54.50491666666667, 24.52008333333334], [54.50491666666667, 24.52016666666667]], [[54.50791666666667, 24.52016666666667], [54.50808333333334, 24.52016666666667], [54.50808333333334, 24.520000000000007], [54.508, 24.520000000000007], [54.508, 24.519916666666674], [54.50791666666667, 24.519916666666674], [54.50791666666667, 24.52016666666667]], [[54.50508333333334, 24.519250000000007], [54.50516666666667, 24.519250000000007], [54.50516666666667, 24.519166666666674], [54.50508333333334, 24.519166666666674], [54.50508333333334, 24.519250000000007]], [[54.505250000000004, 24.519083333333338], [54.50533333333333, 24.519083333333338], [54.50533333333333, 24.519000000000005], [54.505250000000004, 24.519000000000005], [54.505250000000004, 24.519083333333338]], [[54.514250000000004, 24.517416666666673], [54.51441666666667, 24.517416666666673], [54.51441666666667, 24.517250000000004], [54.51433333333333, 24.517250000000004], [54.514250000000004, 24.51708333333334], [54.51416666666667, 24.51708333333334], [54.51416666666667, 24.51733333333334], [54.514250000000004, 24.51733333333334], [54.514250000000004, 24.517416666666673]], [[54.51225, 24.515750000000004], [54.51233333333334, 24.515750000000004], [54.51233333333334, 24.51566666666667], [54.5125, 24.51566666666667], [54.5125, 24.51558333333334], [54.51225, 24.51558333333334], [54.51225, 24.515750000000004]], [[54.512750000000004, 24.513666666666673], [54.51325, 24.513666666666673], [54.51325, 24.51341666666667], [54.513083333333334, 24.51333333333334], [54.513083333333334, 24.513250000000006], [54.51291666666667, 24.513250000000006], [54.51291666666667, 24.513166666666674], [54.512750000000004, 24.513166666666674], [54.512750000000004, 24.513250000000006], [54.51266666666667, 24.513250000000006], [54.51266666666667, 24.51358333333334], [54.512750000000004, 24.51358333333334], [54.512750000000004, 24.513666666666673]], [[54.51216666666667, 24.51341666666667], [54.51225, 24.51341666666667], [54.51225, 24.51333333333334], [54.51216666666667, 24.51333333333334], [54.51216666666667, 24.51341666666667]]]}, "properties": {"stand": 13, "area_ha": 68.0, "alert": false, "z": 0.19}}, {"type": "Feature", "geometry": {"type": "Polygon", "coordinates": [[[54.45825, 24.52158333333334], [54.45816666666667, 24.521416666666674], [54.458000000000006, 24.521416666666674], [54.458000000000006, 24.521500000000007], [54.45766666666667, 24.521500000000007], [54.45758333333334, 24.521333333333338], [54.45741666666667, 24.521250000000006], [54.45741666666667, 24.521166666666673], [54.45758333333334, 24.521166666666673], [54.45758333333334, 24.521000000000004], [54.45766666666667, 24.521000000000004], [54.45766666666667, 24.520916666666672], [54.4575, 24.52083333333334], [54.4575, 24.520750000000007], [54.45741666666667, 24.520750000000007], [54.45741666666667, 24.520916666666672], [54.45725, 24.520916666666672], [54.45725, 24.521000000000004], [54.45691666666667, 24.521000000000004], [54.45691666666667, 24.520916666666672], [54.45675, 24.52083333333334], [54.456833333333336, 24.520666666666674], [54.45666666666667, 24.520583333333338], [54.45666666666667, 24.520416666666673], [54.45675, 24.520416666666673], [54.45675, 24.520250000000004], [54.456833333333336, 24.520250000000004], [54.456833333333336, 24.52008333333334], [54.45691666666667, 24.52008333333334], [54.45691666666667, 24.519833333333338], [54.45708333333334, 24.519750000000005], [54.45708333333334, 24.51958333333334], [54.45725, 24.51958333333334], [54.45725, 24.51941666666667], [54.45741666666667, 24.51933333333334], [54.45741666666667, 24.519083333333338], [54.45733333333334, 24.519083333333338], [54.45733333333334, 24.51883333333334], [54.45741666666667, 24.51883333333334], [54.45741666666667, 24.518750000000004], [54.45733333333334, 24.518750000000004], [54.45741666666667, 24.51858333333334], [54.45733333333334, 24.51858333333334], [54.45733333333334, 24.518500000000007], [54.45741666666667, 24.518500000000007], [54.45741666666667, 24.518333333333338], [54.45733333333334, 24.518333333333338], [54.45733333333334, 24.518250000000005], [54.45741666666667, 24.518250000000005], [54.45741666666667, 24.51808333333334], [54.4575, 24.51808333333334], [54.4575, 24.51791666666667], [54.45733333333334, 24.518000000000004], [54.45733333333334, 24.51791666666667], [54.45725, 24.51791666666667], [54.45716666666667, 24.517750000000007], [54.457, 24.517750000000007], [54.457, 24.517583333333338], [54.45691666666667, 24.517583333333338], [54.45691666666667, 24.517416666666673], [54.457, 24.517416666666673], [54.457, 24.51658333333334], [54.45708333333334, 24.51658333333334], [54.45708333333334, 24.516166666666674], [54.45716666666667, 24.516166666666674], [54.45716666666667, 24.515916666666673], [54.45733333333334, 24.515916666666673], [54.45733333333334, 24.51566666666667], [54.4575, 24.51558333333334], [54.4575, 24.515416666666674], [54.45758333333334, 24.515416666666674], [54.45758333333334, 24.515250000000005], [54.45766666666667, 24.515250000000005], [54.45766666666667, 24.51508333333334], [54.45783333333333, 24.51508333333334], [54.45783333333333, 24.515000000000004], [54.458000000000006, 24.51491666666667], [54.45816666666667, 24.514583333333338], [54.458333333333336, 24.514583333333338], [54.45841666666667, 24.514750000000006], [54.458333333333336, 24.514750000000006], [54.458333333333336, 24.51491666666667], [54.45816666666667, 24.51491666666667], [54.45816666666667, 24.515166666666673], [54.458000000000006, 24.515250000000005], [54.458000000000006, 24.515416666666674], [54.45791666666667, 24.515416666666674], [54.45791666666667, 24.51558333333334], [54.457750000000004, 24.51566666666667], [54.457750000000004, 24.516250000000007], [54.45825, 24.516250000000007], [54.45825, 24.516166666666674], [54.4585, 24.516166666666674], [54.4585, 24.516083333333338], [54.45866666666667, 24.516083333333338], [54.45866666666667, 24.516166666666674], [54.45891666666667, 24.516166666666674], [54.45891666666667, 24.516250000000007], [54.45908333333334, 24.516250000000007], [54.45916666666667, 24.51641666666667], [54.45933333333333, 24.51641666666667], [54.45933333333333, 24.516250000000007], [54.459250000000004, 24.516250000000007], [54.459250000000004, 24.516166666666674], [54.45941666666667, 24.516166666666674], [54.45941666666667, 24.516250000000007], [54.459500000000006, 24.516250000000007], [54.459500000000006, 24.516083333333338], [54.45933333333333, 24.516000000000005], [54.45933333333333, 24.515916666666673], [54.459500000000006, 24.515916666666673], [54.459500000000006, 24.51583333333334], [54.45941666666667, 24.51583333333334], [54.45933333333333, 24.51566666666667], [54.459500000000006, 24.51566666666667], [54.459500000000006, 24.515500000000007], [54.45966666666667, 24.515416666666674], [54.45966666666667, 24.515333333333338], [54.46025, 24.515333333333338], [54.46033333333334, 24.515500000000007], [54.4605, 24.515500000000007], [54.4605, 24.515416666666674], [54.46116666666667, 24.515416666666674], [54.46125, 24.515250000000005], [54.46141666666667, 24.515250000000005], [54.46141666666667, 24.51508333333334], [54.46158333333334, 24.51508333333334], [54.46158333333334, 24.515000000000004], [54.46175, 24.51491666666667], [54.46175, 24.51483333333334], [54.46208333333334, 24.51483333333334], [54.46208333333334, 24.514750000000006], [54.462250000000004, 24.514750000000006], [54.462250000000004, 24.514666666666674], [54.46241666666667, 24.514583333333338], [54.46241666666667, 24.514500000000005], [54.462583333333335, 24.514500000000005], [54.462583333333335, 24.51433333333334], [54.46266666666667, 24.51433333333334], [54.46266666666667, 24.51408333333334], [54.462833333333336, 24.51408333333334], [54.462833333333336, 24.514000000000006], [54.46308333333334, 24.514000000000006], [54.46308333333334, 24.513916666666674], [54.463166666666666, 24.513916666666674], [54.463166666666666, 24.513750000000005], [54.46325, 24.513750000000005], [54.46325, 24.513500000000004], [54.46333333333334, 24.513500000000004], [54.46333333333334, 24.51341666666667], [54.46358333333334, 24.51341666666667], [54.46358333333334, 24.512916666666673], [54.463750000000005, 24.512916666666673], [54.46383333333333, 24.512750000000008], [54.464000000000006, 24.512750000000008], [54.464000000000006, 24.51258333333334], [54.46391666666667, 24.51258333333334], [54.46391666666667, 24.512416666666674], [54.464083333333335, 24.512500000000006], [54.464083333333335, 24.51208333333334], [54.464000000000006, 24.51208333333334], [54.464000000000006, 24.512000000000008], [54.464083333333335, 24.512000000000008], [54.464083333333335, 24.51183333333334], [54.464000000000006, 24.51183333333334], [54.464000000000006, 24.511666666666674], [54.464083333333335, 24.511666666666674], [54.464083333333335, 24.511500000000005], [54.464000000000006, 24.511500000000005], [54.464000000000006, 24.511416666666673], [54.464083333333335, 24.511416666666673], [54.464083333333335, 24.51108333333334], [54.46425, 24.511000000000006], [54.46425, 24.51108333333334], [54.464333333333336, 24.51108333333334], [54.464333333333336, 24.511250000000008], [54.46425, 24.511250000000008], [54.46425, 24.511500000000005], [54.464333333333336, 24.511500000000005], [54.464333333333336, 24.511583333333338], [54.4645, 24.511666666666674], [54.4645, 24.51191666666667], [54.46458333333334, 24.51191666666667], [54.46458333333334, 24.512250000000005], [54.46483333333334, 24.512250000000005], [54.46491666666667, 24.512416666666674], [54.46508333333334, 24.512500000000006], [54.46508333333334, 24.51266666666667], [54.46516666666667, 24.51266666666667], [54.46516666666667, 24.51283333333334], [54.465250000000005, 24.51283333333334], [54.465250000000005, 24.512750000000008], [54.465333333333334, 24.512750000000008], [54.465333333333334, 24.51283333333334], [54.465583333333335, 24.51283333333334], [54.465583333333335, 24.512916666666673], [54.465500000000006, 24.512916666666673], [54.465500000000006, 24.513166666666674], [54.465333333333334, 24.513166666666674], [54.465333333333334, 24.513083333333338], [54.465250000000005, 24.513083333333338], [54.465250000000005, 24.513250000000006], [54.46491666666667, 24.513250000000006], [54.46483333333334, 24.513083333333338], [54.46458333333334, 24.513083333333338], [54.46458333333334, 24.513250000000006], [54.46441666666667, 24.513250000000006], [54.4645, 24.51341666666667], [54.46458333333334, 24.51341666666667], [54.46458333333334, 24.51358333333334], [54.46483333333334, 24.51358333333334], [54.46483333333334, 24.513500000000004], [54.465, 24.51358333333334], [54.465, 24.513750000000005], [54.46491666666667, 24.513750000000005], [54.46491666666667, 24.513833333333338], [54.46516666666667, 24.513833333333338], [54.465250000000005, 24.513666666666673], [54.46541666666667, 24.513666666666673], [54.46541666666667, 24.513750000000005], [54.465583333333335, 24.513833333333338], [54.465583333333335, 24.513916666666674], [54.465500000000006, 24.513916666666674], [54.465500000000006, 24.51416666666667], [54.46541666666667, 24.51416666666667], [54.46541666666667, 24.514416666666673], [54.465333333333334, 24.514416666666673], [54.465333333333334, 24.514583333333338], [54.465250000000005, 24.514583333333338], [54.465250000000005, 24.514750000000006], [54.46516666666667, 24.514750000000006], [54.46516666666667, 24.51508333333334], [54.465, 24.515166666666673], [54.465, 24.515250000000005], [54.46483333333334, 24.515250000000005], [54.46483333333334, 24.515416666666674], [54.464666666666666, 24.515416666666674], [54.464666666666666, 24.515500000000007], [54.4645, 24.515500000000007], [54.4645, 24.51558333333334], [54.464333333333336, 24.51558333333334], [54.464333333333336, 24.515750000000004], [54.46416666666667, 24.515750000000004], [54.46416666666667, 24.51583333333334], [54.464000000000006, 24.51583333333334], [54.464000000000006, 24.515916666666673], [54.46383333333333, 24.515916666666673], [54.46383333333333, 24.516000000000005], [54.46358333333334, 24.516000000000005], [54.46358333333334, 24.516083333333338], [54.4635, 24.516083333333338], [54.4635, 24.516166666666674], [54.46333333333334, 24.516166666666674], [54.46333333333334, 24.516250000000007], [54.46308333333334, 24.516250000000007], [54.46308333333334, 24.51641666666667], [54.463, 24.51641666666667], [54.46291666666667, 24.51658333333334], [54.462833333333336, 24.51658333333334], [54.462833333333336, 24.516750000000005], [54.462583333333335, 24.516750000000005], [54.462583333333335, 24.517500000000005], [54.462500000000006, 24.517500000000005], [54.462500000000006, 24.517750000000007], [54.46241666666667, 24.517750000000007], [54.46241666666667, 24.518000000000004], [54.462250000000004, 24.518000000000004], [54.462250000000004, 24.518166666666673], [54.46216666666667, 24.518166666666673], [54.46216666666667, 24.518416666666674], [54.462, 24.518500000000007], [54.462, 24.51858333333334], [54.46183333333334, 24.51858333333334], [54.46183333333334, 24.51866666666667], [54.46175, 24.51866666666667], [54.46175, 24.51883333333334], [54.461666666666666, 24.51883333333334], [54.461666666666666, 24.518916666666673], [54.4615, 24.519000000000005], [54.4615, 24.519083333333338], [54.461333333333336, 24.519083333333338], [54.461333333333336, 24.519166666666674], [54.46116666666667, 24.519166666666674], [54.461000000000006, 24.519500000000004], [54.46083333333333, 24.519500000000004], [54.46083333333333, 24.51958333333334], [54.46066666666667, 24.51958333333334], [54.46066666666667, 24.519750000000005], [54.46058333333334, 24.519750000000005], [54.46058333333334, 24.519916666666674], [54.4605, 24.519916666666674], [54.4605, 24.520000000000007], [54.46033333333334, 24.520000000000007], [54.46033333333334, 24.52008333333334], [54.46025, 24.52008333333334], [54.46016666666667, 24.520250000000004], [54.46008333333334, 24.520250000000004], [54.46008333333334, 24.52033333333334], [54.459833333333336, 24.52033333333334], [54.459833333333336, 24.520416666666673], [54.45975, 24.520416666666673], [54.45966666666667, 24.520583333333338], [54.459500000000006, 24.520666666666674], [54.459500000000006, 24.520750000000007], [54.45933333333333, 24.520750000000007], [54.45933333333333, 24.520916666666672], [54.459250000000004, 24.520916666666672], [54.459250000000004, 24.521000000000004], [54.45908333333334, 24.521000000000004], [54.45908333333334, 24.521166666666673], [54.459, 24.521166666666673], [54.459, 24.521333333333338], [54.45883333333334, 24.521333333333338], [54.45883333333334, 24.521500000000007], [54.45875, 24.521500000000007], [54.45875, 24.52158333333334], [54.45825, 24.52158333333334]], [[54.4585, 24.521333333333338], [54.45866666666667, 24.521333333333338], [54.45866666666667, 24.521250000000006], [54.45875, 24.521250000000006], [54.45866666666667, 24.52108333333334], [54.4585, 24.52108333333334], [54.4585, 24.521333333333338]], [[54.45758333333334, 24.520666666666674], [54.45783333333333, 24.520666666666674], [54.45783333333333, 24.520500000000006], [54.457750000000004, 24.520500000000006], [54.457750000000004, 24.520416666666673], [54.45758333333334, 24.520500000000006], [54.45758333333334, 24.520666666666674]], [[54.46333333333334, 24.514416666666673], [54.46341666666667, 24.514416666666673], [54.46341666666667, 24.51433333333334], [54.46333333333334, 24.51433333333334], [54.46333333333334, 24.514416666666673]], [[54.46341666666667, 24.514250000000004], [54.4635, 24.514250000000004], [54.4635, 24.51416666666667], [54.46341666666667, 24.51416666666667], [54.46341666666667, 24.514250000000004]]]}, "properties": {"stand": 19, "area_ha": 48.5, "alert": false, "z": 0.82}}, {"type": "Feature", "geometry": {"type": "Polygon", "coordinates": [[[54.46308333333334, 24.517416666666673], [54.46308333333334, 24.51733333333334], [54.463, 24.51733333333334], [54.463, 24.517250000000004], [54.46308333333334, 24.517250000000004], [54.46308333333334, 24.51708333333334], [54.463166666666666, 24.51708333333334], [54.46308333333334, 24.516916666666674], [54.46325, 24.516833333333338], [54.46325, 24.516750000000005], [54.46333333333334, 24.516750000000005], [54.46341666666667, 24.51658333333334], [54.4635, 24.51658333333334], [54.4635, 24.516500000000004], [54.46366666666667, 24.516500000000004], [54.46366666666667, 24.51641666666667], [54.46383333333333, 24.51641666666667], [54.46383333333333, 24.51633333333334], [54.464000000000006, 24.51633333333334], [54.464000000000006, 24.516250000000007], [54.46416666666667, 24.516250000000007], [54.46416666666667, 24.516166666666674], [54.464333333333336, 24.516166666666674], [54.464333333333336, 24.516083333333338], [54.4645, 24.516083333333338], [54.4645, 24.516000000000005], [54.464666666666666, 24.516000000000005], [54.46475, 24.51583333333334], [54.465, 24.51583333333334], [54.465, 24.515750000000004], [54.46508333333334, 24.515750000000004], [54.46508333333334, 24.51566666666667], [54.465250000000005, 24.51558333333334], [54.465250000000005, 24.515500000000007], [54.465500000000006, 24.515500000000007], [54.465500000000006, 24.515166666666673], [54.465583333333335, 24.515166666666673], [54.465500000000006, 24.515000000000004], [54.465583333333335, 24.515000000000004], [54.465583333333335, 24.514750000000006], [54.46566666666667, 24.514750000000006], [54.46566666666667, 24.514666666666674], [54.465833333333336, 24.514666666666674], [54.46575, 24.514500000000005], [54.465833333333336, 24.514500000000005], [54.465833333333336, 24.51433333333334], [54.46591666666667, 24.51433333333334], [54.46591666666667, 24.51416666666667], [54.466, 24.51416666666667], [54.466, 24.513916666666674], [54.46591666666667, 24.513916666666674], [54.46591666666667, 24.513750000000005], [54.466, 24.513750000000005], [54.466, 24.513500000000004], [54.46608333333334, 24.513500000000004], [54.46608333333334, 24.51333333333334], [54.466166666666666, 24.51333333333334], [54.466166666666666, 24.513166666666674], [54.46625, 24.513166666666674], [54.46625, 24.513000000000005], [54.46641666666667, 24.513000000000005], [54.46641666666667, 24.51283333333334], [54.4665, 24.51283333333334], [54.4665, 24.512750000000008], [54.46666666666667, 24.512750000000008], [54.46666666666667, 24.51258333333334], [54.466750000000005, 24.51258333333334], [54.466750000000005, 24.512416666666674], [54.466833333333334, 24.512416666666674], [54.466833333333334, 24.512250000000005], [54.467000000000006, 24.512166666666673], [54.467000000000006, 24.51208333333334], [54.46716666666667, 24.512000000000008], [54.46725, 24.51183333333334], [54.467333333333336, 24.51183333333334], [54.467333333333336, 24.511583333333338], [54.46741666666667, 24.511583333333338], [54.46741666666667, 24.511500000000005], [54.46758333333334, 24.511500000000005], [54.46758333333334, 24.511416666666673], [54.46775, 24.511416666666673], [54.46775, 24.51133333333334], [54.46791666666667, 24.511250000000008], [54.46791666666667, 24.51108333333334], [54.46808333333334, 24.51108333333334], [54.46808333333334, 24.510916666666674], [54.468250000000005, 24.510916666666674], [54.468250000000005, 24.510833333333338], [54.468333333333334, 24.510833333333338], [54.468333333333334, 24.510666666666673], [54.468250000000005, 24.510666666666673], [54.468250000000005, 24.51058333333334], [54.468333333333334, 24.51058333333334], [54.468333333333334, 24.51041666666667], [54.468250000000005, 24.51041666666667], [54.468250000000005, 24.510166666666674], [54.468333333333334, 24.510166666666674], [54.468333333333334, 24.510083333333338], [54.468250000000005, 24.510083333333338], [54.468250000000005, 24.509916666666673], [54.468333333333334, 24.509916666666673], [54.468333333333334, 24.50966666666667], [54.468500000000006, 24.50966666666667], [54.468500000000006, 24.50958333333334], [54.46866666666667, 24.50958333333334], [54.46875, 24.509416666666674], [54.469, 24.509416666666674], [54.469, 24.509333333333338], [54.46908333333334, 24.509333333333338], [54.46908333333334, 24.509166666666673], [54.46925, 24.50908333333334], [54.46925, 24.509000000000007], [54.46958333333334, 24.509000000000007], [54.46958333333334, 24.509250000000005], [54.470083333333335, 24.509250000000005], [54.470083333333335, 24.509166666666673], [54.47016666666667, 24.509166666666673], [54.47016666666667, 24.50891666666667], [54.470333333333336, 24.50883333333334], [54.470333333333336, 24.508750000000006], [54.4705, 24.508750000000006], [54.4705, 24.508583333333338], [54.47058333333334, 24.508583333333338], [54.47058333333334, 24.508416666666673], [54.470666666666666, 24.508416666666673], [54.470666666666666, 24.50816666666667], [54.47075, 24.50816666666667], [54.47075, 24.507500000000007], [54.47091666666667, 24.507500000000007], [54.47091666666667, 24.50733333333334], [54.47108333333333, 24.507250000000006], [54.47108333333333, 24.507083333333338], [54.47116666666667, 24.507083333333338], [54.47116666666667, 24.506916666666672], [54.471250000000005, 24.506916666666672], [54.471250000000005, 24.50683333333334], [54.47141666666667, 24.50683333333334], [54.47141666666667, 24.506500000000006], [54.471500000000006, 24.506500000000006], [54.471500000000006, 24.506416666666674], [54.47141666666667, 24.506416666666674], [54.471333333333334, 24.506250000000005], [54.47116666666667, 24.506250000000005], [54.47116666666667, 24.506166666666672], [54.47108333333333, 24.506166666666672], [54.47108333333333, 24.506000000000007], [54.471333333333334, 24.506000000000007], [54.471333333333334, 24.50583333333334], [54.471500000000006, 24.50583333333334], [54.471583333333335, 24.506000000000007], [54.47175, 24.506000000000007], [54.47175, 24.50608333333334], [54.47208333333334, 24.50608333333334], [54.47208333333334, 24.506000000000007], [54.472166666666666, 24.506000000000007], [54.472166666666666, 24.50608333333334], [54.47225, 24.50608333333334], [54.47225, 24.506166666666672], [54.47241666666667, 24.506250000000005], [54.47241666666667, 24.50666666666667], [54.47233333333334, 24.50666666666667], [54.47233333333334, 24.50683333333334], [54.47225, 24.50683333333334], [54.47225, 24.506916666666672], [54.47208333333334, 24.506916666666672], [54.472, 24.507083333333338], [54.47191666666667, 24.507083333333338], [54.47191666666667, 24.507000000000005], [54.471833333333336, 24.507000000000005], [54.471833333333336, 24.507083333333338], [54.47166666666667, 24.507083333333338], [54.471583333333335, 24.507250000000006], [54.47141666666667, 24.507250000000006], [54.47141666666667, 24.50733333333334], [54.471250000000005, 24.50741666666667], [54.471250000000005, 24.507666666666672], [54.471333333333334, 24.507666666666672], [54.471333333333334, 24.507916666666674], [54.471500000000006, 24.508000000000006], [54.471500000000006, 24.50816666666667], [54.471583333333335, 24.50816666666667], [54.471583333333335, 24.508250000000007], [54.47175, 24.508250000000007], [54.47175, 24.50833333333334], [54.47191666666667, 24.508416666666673], [54.47191666666667, 24.50883333333334], [54.471833333333336, 24.50883333333334], [54.471833333333336, 24.509416666666674], [54.47175, 24.509416666666674], [54.47175, 24.509750000000007], [54.471833333333336, 24.509750000000007], [54.471833333333336, 24.510166666666674], [54.47175, 24.510166666666674], [54.47175, 24.510250000000006], [54.471333333333334, 24.510250000000006], [54.471250000000005, 24.51041666666667], [54.471000000000004, 24.51041666666667], [54.471000000000004, 24.510500000000008], [54.47083333333334, 24.510500000000008], [54.47075, 24.510666666666673], [54.47058333333334, 24.51058333333334], [54.47058333333334, 24.510666666666673], [54.47041666666667, 24.510750000000005], [54.47041666666667, 24.511000000000006], [54.47025, 24.51108333333334], [54.47025, 24.51133333333334], [54.47016666666667, 24.51133333333334], [54.47016666666667, 24.511583333333338], [54.470333333333336, 24.511666666666674], [54.470333333333336, 24.511750000000006], [54.47016666666667, 24.511750000000006], [54.47016666666667, 24.51191666666667], [54.470083333333335, 24.51191666666667], [54.470000000000006, 24.511750000000006], [54.469833333333334, 24.511666666666674], [54.469833333333334, 24.51191666666667], [54.46966666666667, 24.51191666666667], [54.46966666666667, 24.51208333333334], [54.469833333333334, 24.512166666666673], [54.469833333333334, 24.512333333333338], [54.46991666666667, 24.512333333333338], [54.46991666666667, 24.51258333333334], [54.469750000000005, 24.51258333333334], [54.469750000000005, 24.51266666666667], [54.46966666666667, 24.51266666666667], [54.46958333333334, 24.51283333333334], [54.469500000000004, 24.51283333333334], [54.469500000000004, 24.512916666666673], [54.46933333333334, 24.512916666666673], [54.46933333333334, 24.51283333333334], [54.46866666666667, 24.51283333333334], [54.46866666666667, 24.512916666666673], [54.468583333333335, 24.512916666666673], [54.468500000000006, 24.513083333333338], [54.46841666666667, 24.513083333333338], [54.46841666666667, 24.513250000000006], [54.468333333333334, 24.513250000000006], [54.468333333333334, 24.51333333333334], [54.46816666666667, 24.51333333333334], [54.46808333333334, 24.513500000000004], [54.468, 24.513500000000004], [54.468, 24.513666666666673], [54.46791666666667, 24.513666666666673], [54.46783333333334, 24.513833333333338], [54.46775, 24.513833333333338], [54.46775, 24.514000000000006], [54.467666666666666, 24.514000000000006], [54.467666666666666, 24.514500000000005], [54.4675, 24.514583333333338], [54.4675, 24.514750000000006], [54.46741666666667, 24.514750000000006], [54.46741666666667, 24.51491666666667], [54.46725, 24.51491666666667], [54.46725, 24.515166666666673], [54.46716666666667, 24.515166666666673], [54.46716666666667, 24.515500000000007], [54.467000000000006, 24.51558333333334], [54.467000000000006, 24.516000000000005], [54.467083333333335, 24.516000000000005], [54.467083333333335, 24.516083333333338], [54.46691666666667, 24.516083333333338], [54.46691666666667, 24.516500000000004], [54.46658333333334, 24.516500000000004], [54.46658333333334, 24.51658333333334], [54.46641666666667, 24.51658333333334], [54.46641666666667, 24.516250000000007], [54.46633333333334, 24.516250000000007], [54.46633333333334, 24.51641666666667], [54.466166666666666, 24.516500000000004], [54.466166666666666, 24.51658333333334], [54.466, 24.51658333333334], [54.466, 24.51641666666667], [54.46591666666667, 24.51641666666667], [54.46591666666667, 24.51633333333334], [54.46575, 24.51633333333334], [54.46575, 24.516250000000007], [54.465583333333335, 24.516250000000007], [54.465583333333335, 24.516166666666674], [54.46541666666667, 24.516166666666674], [54.46541666666667, 24.516250000000007], [54.465250000000005, 24.516166666666674], [54.465250000000005, 24.516250000000007], [54.46508333333334, 24.516250000000007], [54.46508333333334, 24.51633333333334], [54.46491666666667, 24.51641666666667], [54.46491666666667, 24.516500000000004], [54.46475, 24.516500000000004], [54.46475, 24.51658333333334], [54.46416666666667, 24.51658333333334], [54.464083333333335, 24.516750000000005], [54.46391666666667, 24.516666666666673], [54.46391666666667, 24.517000000000007], [54.463750000000005, 24.517000000000007], [54.463750000000005, 24.51708333333334], [54.46366666666667, 24.51708333333334], [54.46358333333334, 24.517250000000004], [54.4635, 24.517250000000004], [54.4635, 24.51733333333334], [54.46325, 24.51733333333334], [54.46325, 24.517416666666673], [54.46308333333334, 24.517416666666673]]]}, "properties": {"stand": 23, "area_ha": 30.8, "alert": false, "z": 0.66}}, {"type": "Feature", "geometry": {"type": "Polygon", "coordinates": [[[54.535333333333334, 24.510916666666674], [54.535333333333334, 24.510833333333338], [54.53508333333333, 24.510833333333338], [54.53508333333333, 24.510750000000005], [54.53483333333334, 24.510750000000005], [54.53483333333334, 24.510666666666673], [54.534666666666666, 24.51058333333334], [54.534666666666666, 24.51033333333334], [54.5345, 24.510250000000006], [54.5345, 24.510166666666674], [54.534333333333336, 24.510166666666674], [54.534333333333336, 24.510083333333338], [54.53441666666667, 24.510083333333338], [54.53441666666667, 24.509916666666673], [54.534333333333336, 24.509916666666673], [54.534333333333336, 24.509750000000007], [54.53425, 24.509750000000007], [54.53425, 24.50958333333334], [54.53416666666667, 24.50958333333334], [54.53416666666667, 24.509416666666674], [54.53425, 24.509416666666674], [54.53425, 24.509166666666673], [54.53416666666667, 24.509166666666673], [54.53416666666667, 24.50908333333334], [54.53425, 24.50908333333334], [54.53425, 24.50891666666667], [54.53416666666667, 24.50891666666667], [54.53416666666667, 24.50883333333334], [54.53425, 24.50883333333334], [54.53425, 24.50833333333334], [54.534333333333336, 24.50833333333334], [54.534333333333336, 24.50816666666667], [54.53441666666667, 24.50816666666667], [54.534333333333336, 24.508000000000006], [54.5345, 24.507916666666674], [54.53441666666667, 24.507750000000005], [54.5345, 24.507750000000005], [54.5345, 24.507666666666672], [54.534666666666666, 24.50758333333334], [54.534666666666666, 24.50741666666667], [54.53483333333334, 24.50741666666667], [54.53483333333334, 24.50733333333334], [54.53491666666667, 24.50733333333334], [54.53491666666667, 24.507166666666674], [54.53508333333333, 24.507083333333338], [54.53508333333333, 24.506916666666672], [54.53516666666667, 24.506916666666672], [54.53516666666667, 24.50683333333334], [54.535333333333334, 24.50683333333334], [54.535333333333334, 24.506750000000007], [54.535500000000006, 24.506750000000007], [54.535583333333335, 24.50658333333334], [54.535833333333336, 24.50658333333334], [54.53591666666667, 24.506416666666674], [54.53616666666667, 24.506416666666674], [54.53616666666667, 24.506333333333338], [54.536500000000004, 24.506333333333338], [54.536500000000004, 24.506250000000005], [54.53783333333334, 24.506250000000005], [54.53783333333334, 24.50608333333334], [54.53791666666667, 24.50608333333334], [54.53791666666667, 24.50583333333334], [54.53783333333334, 24.50583333333334], [54.53783333333334, 24.505666666666674], [54.53791666666667, 24.505666666666674], [54.53791666666667, 24.505416666666672], [54.538000000000004, 24.505416666666672], [54.538000000000004, 24.50508333333334], [54.53808333333333, 24.50508333333334], [54.53808333333333, 24.504916666666674], [54.53816666666667, 24.504916666666674], [54.53816666666667, 24.504833333333337], [54.538250000000005, 24.504833333333337], [54.538333333333334, 24.504666666666672], [54.53841666666667, 24.504666666666672], [54.53841666666667, 24.504500000000007], [54.538500000000006, 24.504500000000007], [54.538583333333335, 24.50433333333334], [54.53875, 24.50433333333334], [54.53875, 24.504250000000006], [54.53891666666667, 24.504166666666674], [54.53891666666667, 24.504000000000005], [54.53908333333334, 24.504000000000005], [54.53908333333334, 24.503916666666672], [54.53925, 24.503916666666672], [54.53925, 24.50383333333334], [54.53941666666667, 24.50383333333334], [54.539500000000004, 24.50366666666667], [54.539833333333334, 24.50366666666667], [54.539833333333334, 24.50358333333334], [54.54041666666667, 24.50358333333334], [54.54041666666667, 24.503500000000006], [54.541583333333335, 24.503500000000006], [54.54166666666667, 24.50366666666667], [54.54191666666667, 24.50366666666667], [54.54191666666667, 24.503750000000007], [54.54216666666667, 24.503750000000007], [54.54225, 24.503916666666672], [54.542500000000004, 24.503916666666672], [54.54258333333333, 24.504083333333337], [54.542750000000005, 24.504083333333337], [54.542833333333334, 24.504250000000006], [54.543000000000006, 24.504250000000006], [54.543000000000006, 24.50433333333334], [54.543083333333335, 24.50433333333334], [54.543083333333335, 24.504500000000007], [54.54325, 24.50458333333334], [54.54325, 24.504750000000005], [54.54341666666667, 24.504833333333337], [54.54341666666667, 24.505000000000006], [54.5435, 24.505000000000006], [54.5435, 24.505250000000007], [54.54333333333334, 24.50533333333334], [54.54333333333334, 24.505583333333337], [54.54325, 24.505583333333337], [54.54325, 24.505750000000006], [54.543083333333335, 24.505750000000006], [54.543083333333335, 24.50591666666667], [54.543000000000006, 24.50591666666667], [54.543000000000006, 24.50608333333334], [54.54291666666667, 24.50608333333334], [54.54291666666667, 24.506250000000005], [54.542833333333334, 24.506250000000005], [54.542833333333334, 24.506416666666674], [54.542750000000005, 24.506416666666674], [54.542750000000005, 24.506500000000006], [54.54258333333333, 24.506500000000006], [54.54258333333333, 24.506750000000007], [54.54241666666667, 24.50683333333334], [54.54233333333334, 24.507000000000005], [54.54225, 24.507000000000005], [54.54225, 24.507083333333338], [54.54208333333334, 24.507083333333338], [54.54208333333334, 24.507250000000006], [54.542, 24.507250000000006], [54.54191666666667, 24.50741666666667], [54.54183333333334, 24.50741666666667], [54.54183333333334, 24.507500000000007], [54.541500000000006, 24.507500000000007], [54.541500000000006, 24.507666666666672], [54.54141666666667, 24.507666666666672], [54.541333333333334, 24.507833333333338], [54.54116666666667, 24.507833333333338], [54.54116666666667, 24.50808333333334], [54.54108333333333, 24.50808333333334], [54.54108333333333, 24.50816666666667], [54.54091666666667, 24.508250000000007], [54.54083333333334, 24.508416666666673], [54.54066666666667, 24.508416666666673], [54.54058333333334, 24.508583333333338], [54.54041666666667, 24.508666666666674], [54.54041666666667, 24.50883333333334], [54.540333333333336, 24.50883333333334], [54.540333333333336, 24.50891666666667], [54.54016666666667, 24.50891666666667], [54.540083333333335, 24.50908333333334], [54.539833333333334, 24.50908333333334], [54.539833333333334, 24.509166666666673], [54.53966666666667, 24.509166666666673], [54.53966666666667, 24.509250000000005], [54.539500000000004, 24.509250000000005], [54.539500000000004, 24.509333333333338], [54.53941666666667, 24.509333333333338], [54.53941666666667, 24.509750000000007], [54.53933333333334, 24.509750000000007], [54.53933333333334, 24.50983333333334], [54.53908333333334, 24.50983333333334], [54.53908333333334, 24.509916666666673], [54.539, 24.509916666666673], [54.53891666666667, 24.510083333333338], [54.53866666666667, 24.510083333333338], [54.53866666666667, 24.510166666666674], [54.538583333333335, 24.510166666666674], [54.538583333333335, 24.51033333333334], [54.53841666666667, 24.51033333333334], [54.538333333333334, 24.510500000000008], [54.53816666666667, 24.510500000000008], [54.53816666666667, 24.51058333333334], [54.538000000000004, 24.51058333333334], [54.538000000000004, 24.510666666666673], [54.53766666666667, 24.510666666666673], [54.53766666666667, 24.510750000000005], [54.537333333333336, 24.510750000000005], [54.537333333333336, 24.510833333333338], [54.53666666666667, 24.510833333333338], [54.53666666666667, 24.510750000000005], [54.53658333333333, 24.510750000000005], [54.53658333333333, 24.510833333333338], [54.535500000000006, 24.510833333333338], [54.535500000000006, 24.510916666666674], [54.535333333333334, 24.510916666666674]], [[54.538000000000004, 24.508666666666674], [54.538250000000005, 24.508666666666674], [54.538250000000005, 24.508500000000005], [54.53841666666667, 24.508500000000005], [54.53841666666667, 24.50833333333334], [54.538333333333334, 24.50833333333334], [54.538333333333334, 24.50808333333334], [54.53841666666667, 24.50808333333334], [54.53841666666667, 24.507916666666674], [54.538583333333335, 24.508000000000006], [54.538583333333335, 24.507833333333338], [54.538500000000006, 24.507833333333338], [54.538500000000006, 24.507750000000005], [54.538333333333334, 24.507750000000005], [54.538333333333334, 24.507833333333338], [54.538250000000005, 24.507833333333338], [54.538250000000005, 24.508000000000006], [54.53816666666667, 24.508000000000006], [54.53816666666667, 24.50816666666667], [54.53791666666667, 24.50816666666667], [54.53791666666667, 24.508583333333338], [54.538000000000004, 24.508583333333338], [54.538000000000004, 24.508666666666674]], [[54.538500000000006, 24.508583333333338], [54.53866666666667, 24.508583333333338], [54.53866666666667, 24.508500000000005], [54.538500000000006, 24.508416666666673], [54.538500000000006, 24.508583333333338]], [[54.53616666666667, 24.508500000000005], [54.53633333333334, 24.508500000000005], [54.53633333333334, 24.508416666666673], [54.536750000000005, 24.508416666666673], [54.536750000000005, 24.50833333333334], [54.53716666666667, 24.50833333333334], [54.53716666666667, 24.50816666666667], [54.537333333333336, 24.50816666666667], [54.537333333333336, 24.508000000000006], [54.53741666666667, 24.508000000000006], [54.53741666666667, 24.507916666666674], [54.53758333333334, 24.507916666666674], [54.53758333333334, 24.507833333333338], [54.53775, 24.507833333333338], [54.53775, 24.507750000000005], [54.53791666666667, 24.507750000000005], [54.53791666666667, 24.507666666666672], [54.53808333333333, 24.507666666666672], [54.53808333333333, 24.507166666666674], [54.538000000000004, 24.507166666666674], [54.538000000000004, 24.507083333333338], [54.5375, 24.507083333333338], [54.5375, 24.50733333333334], [54.53716666666667, 24.507166666666674], [54.53716666666667, 24.50741666666667], [54.537000000000006, 24.50741666666667], [54.537000000000006, 24.50758333333334], [54.536833333333334, 24.507500000000007], [54.536833333333334, 24.50741666666667], [54.53691666666667, 24.50741666666667], [54.536833333333334, 24.507250000000006], [54.53666666666667, 24.507250000000006], [54.53666666666667, 24.50733333333334], [54.536500000000004, 24.50733333333334], [54.536500000000004, 24.50741666666667], [54.53608333333334, 24.50741666666667], [54.53608333333334, 24.507500000000007], [54.536, 24.507500000000007], [54.536, 24.507666666666672], [54.53591666666667, 24.507666666666672], [54.53591666666667, 24.50808333333334], [54.53575, 24.50808333333334], [54.53575, 24.50833333333334], [54.536, 24.50833333333334], [54.536, 24.508416666666673], [54.53616666666667, 24.508416666666673], [54.53616666666667, 24.508500000000005]], [[54.535500000000006, 24.508416666666673], [54.53566666666667, 24.508416666666673], [54.53566666666667, 24.50833333333334], [54.535500000000006, 24.50833333333334], [54.535500000000006, 24.508416666666673]], [[54.535250000000005, 24.50833333333334], [54.535333333333334, 24.50833333333334], [54.535333333333334, 24.508250000000007], [54.535250000000005, 24.508250000000007], [54.535250000000005, 24.50833333333334]], [[54.539, 24.508000000000006], [54.53908333333334, 24.508000000000006], [54.53908333333334, 24.507916666666674], [54.539, 24.507916666666674], [54.539, 24.508000000000006]], [[54.53875, 24.507916666666674], [54.538833333333336, 24.507916666666674], [54.538833333333336, 24.507750000000005], [54.53891666666667, 24.507750000000005], [54.53891666666667, 24.50758333333334], [54.539, 24.50758333333334], [54.539, 24.507500000000007], [54.538833333333336, 24.507500000000007], [54.538833333333336, 24.507666666666672], [54.53875, 24.507666666666672], [54.53875, 24.507916666666674]], [[54.53916666666667, 24.50608333333334], [54.53925, 24.50608333333334], [54.53925, 24.506000000000007], [54.53941666666667, 24.50591666666667], [54.53941666666667, 24.50583333333334], [54.53933333333334, 24.50583333333334], [54.53933333333334, 24.505583333333337], [54.53925, 24.505583333333337], [54.53925, 24.505750000000006], [54.53916666666667, 24.505750000000006], [54.53916666666667, 24.50608333333334]], [[54.53933333333334, 24.505583333333337], [54.539500000000004, 24.505583333333337], [54.539500000000004, 24.505416666666672], [54.53941666666667, 24.505416666666672], [54.53941666666667, 24.50533333333334], [54.53925, 24.50533333333334], [54.53925, 24.50516666666667], [54.539500000000004, 24.50516666666667], [54.539500000000004, 24.505000000000006], [54.53941666666667, 24.505000000000006], [54.53941666666667, 24.504916666666674], [54.53908333333334, 24.504916666666674], [54.53908333333334, 24.50533333333334], [54.53925, 24.505416666666672], [54.53925, 24.505500000000005], [54.53933333333334, 24.505500000000005], [54.53933333333334, 24.505583333333337]]]}, "properties": {"stand": 17, "area_ha": 52.8, "alert": false, "z": -0.3}}, {"type": "Feature", "geometry": {"type": "Polygon", "coordinates": [[[54.47241666666667, 24.521416666666674], [54.47233333333334, 24.521250000000006], [54.47225, 24.521250000000006], [54.47225, 24.521333333333338], [54.47208333333334, 24.521333333333338], [54.472, 24.521166666666673], [54.471833333333336, 24.521166666666673], [54.471833333333336, 24.52108333333334], [54.47175, 24.52108333333334], [54.47175, 24.521000000000004], [54.471500000000006, 24.521000000000004], [54.471500000000006, 24.520916666666672], [54.47141666666667, 24.520916666666672], [54.47141666666667, 24.520666666666674], [54.471500000000006, 24.520666666666674], [54.471500000000006, 24.520500000000006], [54.47166666666667, 24.520500000000006], [54.471583333333335, 24.52033333333334], [54.471250000000005, 24.52033333333334], [54.471250000000005, 24.520416666666673], [54.471000000000004, 24.520416666666673], [54.471000000000004, 24.52033333333334], [54.47091666666667, 24.52033333333334], [54.47091666666667, 24.52016666666667], [54.47075, 24.52008333333334], [54.47075, 24.520000000000007], [54.470666666666666, 24.520000000000007], [54.470666666666666, 24.519916666666674], [54.47075, 24.519916666666674], [54.47075, 24.519750000000005], [54.470666666666666, 24.519750000000005], [54.470666666666666, 24.51958333333334], [54.47058333333334, 24.51958333333334], [54.47058333333334, 24.519500000000004], [54.470666666666666, 24.519500000000004], [54.470666666666666, 24.519250000000007], [54.47075, 24.519250000000007], [54.47075, 24.518916666666673], [54.470666666666666, 24.518916666666673], [54.470666666666666, 24.51883333333334], [54.47058333333334, 24.51883333333334], [54.47058333333334, 24.518916666666673], [54.47041666666667, 24.51883333333334], [54.47041666666667, 24.518916666666673], [54.470333333333336, 24.518916666666673], [54.47025, 24.519083333333338], [54.470083333333335, 24.519083333333338], [54.470083333333335, 24.519166666666674], [54.46991666666667, 24.519166666666674], [54.46991666666667, 24.519250000000007], [54.469750000000005, 24.519250000000007], [54.469750000000005, 24.51933333333334], [54.46941666666667, 24.51933333333334], [54.46941666666667, 24.51941666666667], [54.46925, 24.51941666666667], [54.46925, 24.51933333333334], [54.46933333333334, 24.51933333333334], [54.46933333333334, 24.519166666666674], [54.469500000000004, 24.519166666666674], [54.469500000000004, 24.51883333333334], [54.46958333333334, 24.51883333333334], [54.46966666666667, 24.51866666666667], [54.469833333333334, 24.51866666666667], [54.469833333333334, 24.51858333333334], [54.470000000000006, 24.51858333333334], [54.470000000000006, 24.518500000000007], [54.47016666666667, 24.518500000000007], [54.47025, 24.518333333333338], [54.4705, 24.518333333333338], [54.4705, 24.518416666666674], [54.47116666666667, 24.518416666666674], [54.471333333333334, 24.51808333333334], [54.471583333333335, 24.51808333333334], [54.471583333333335, 24.518000000000004], [54.471833333333336, 24.518000000000004], [54.471833333333336, 24.51808333333334], [54.472, 24.518166666666673], [54.472, 24.518250000000005], [54.47191666666667, 24.518250000000005], [54.47191666666667, 24.518500000000007], [54.472166666666666, 24.518500000000007], [54.472166666666666, 24.518250000000005], [54.47208333333334, 24.518250000000005], [54.47208333333334, 24.51808333333334], [54.472166666666666, 24.51808333333334], [54.472166666666666, 24.517750000000007], [54.47233333333334, 24.517666666666674], [54.47241666666667, 24.517500000000005], [54.47258333333333, 24.517500000000005], [54.47258333333333, 24.517416666666673], [54.47266666666667, 24.517416666666673], [54.47266666666667, 24.51708333333334], [54.472750000000005, 24.51708333333334], [54.472833333333334, 24.516916666666674], [54.473083333333335, 24.516916666666674], [54.473083333333335, 24.516833333333338], [54.47316666666667, 24.516833333333338], [54.47325, 24.516666666666673], [54.473333333333336, 24.516666666666673], [54.473333333333336, 24.51658333333334], [54.47325, 24.51658333333334], [54.47325, 24.516250000000007], [54.4735, 24.516250000000007], [54.4735, 24.51583333333334], [54.47358333333334, 24.51583333333334], [54.47358333333334, 24.51558333333334], [54.4735, 24.51558333333334], [54.4735, 24.515416666666674], [54.47358333333334, 24.515416666666674], [54.47358333333334, 24.515250000000005], [54.47375, 24.515166666666673], [54.47375, 24.51508333333334], [54.47391666666667, 24.51508333333334], [54.47391666666667, 24.515000000000004], [54.474000000000004, 24.515000000000004], [54.474000000000004, 24.51483333333334], [54.47408333333333, 24.51483333333334], [54.47408333333333, 24.51491666666667], [54.474333333333334, 24.51491666666667], [54.474333333333334, 24.515000000000004], [54.47441666666667, 24.515000000000004], [54.47441666666667, 24.515166666666673], [54.474333333333334, 24.515166666666673], [54.474333333333334, 24.515333333333338], [54.47441666666667, 24.515333333333338], [54.47441666666667, 24.515416666666674], [54.474500000000006, 24.515416666666674], [54.474500000000006, 24.51558333333334], [54.474583333333335, 24.51558333333334], [54.474583333333335, 24.51566666666667], [54.47475, 24.51566666666667], [54.47475, 24.51583333333334], [54.474833333333336, 24.51583333333334], [54.474833333333336, 24.515916666666673], [54.47466666666667, 24.516000000000005], [54.47466666666667, 24.51641666666667], [54.47508333333334, 24.51641666666667], [54.47516666666667, 24.51658333333334], [54.47525, 24.51658333333334], [54.47525, 24.51708333333334], [54.475500000000004, 24.51708333333334], [54.475500000000004, 24.517000000000007], [54.47558333333333, 24.517000000000007], [54.47558333333333, 24.516833333333338], [54.475750000000005, 24.516833333333338], [54.475750000000005, 24.516750000000005], [54.475833333333334, 24.516750000000005], [54.475833333333334, 24.516500000000004], [54.47591666666667, 24.516500000000004], [54.476000000000006, 24.51633333333334], [54.47641666666667, 24.51633333333334], [54.47641666666667, 24.516250000000007], [54.47625, 24.516166666666674], [54.47625, 24.516083333333338], [54.476083333333335, 24.516083333333338], [54.476083333333335, 24.516000000000005], [54.47591666666667, 24.516000000000005], [54.47591666666667, 24.515916666666673], [54.475833333333334, 24.515916666666673], [54.475750000000005, 24.516083333333338], [54.47566666666667, 24.516083333333338], [54.47566666666667, 24.516000000000005], [54.475500000000004, 24.516000000000005], [54.475500000000004, 24.515916666666673], [54.47533333333334, 24.515916666666673], [54.47533333333334, 24.51583333333334], [54.47525, 24.51583333333334], [54.47525, 24.51558333333334], [54.47516666666667, 24.51558333333334], [54.47516666666667, 24.515416666666674], [54.47508333333334, 24.515416666666674], [54.47516666666667, 24.515250000000005], [54.47508333333334, 24.515250000000005], [54.47508333333334, 24.515166666666673], [54.47491666666667, 24.515166666666673], [54.47491666666667, 24.51508333333334], [54.47475, 24.51508333333334], [54.47475, 24.51491666666667], [54.47466666666667, 24.51491666666667], [54.47466666666667, 24.51483333333334], [54.47475, 24.51483333333334], [54.47475, 24.514750000000006], [54.47491666666667, 24.514750000000006], [54.47491666666667, 24.514666666666674], [54.475, 24.514666666666674], [54.475, 24.514500000000005], [54.47491666666667, 24.514500000000005], [54.47491666666667, 24.514416666666673], [54.474583333333335, 24.514416666666673], [54.474583333333335, 24.513916666666674], [54.47466666666667, 24.513916666666674], [54.47466666666667, 24.513666666666673], [54.47491666666667, 24.513666666666673], [54.47491666666667, 24.513833333333338], [54.47508333333334, 24.513916666666674], [54.47508333333334, 24.514000000000006], [54.475500000000004, 24.514000000000006], [54.475500000000004, 24.513916666666674], [54.47566666666667, 24.513916666666674], [54.47566666666667, 24.513833333333338], [54.475833333333334, 24.513833333333338], [54.47591666666667, 24.513666666666673], [54.476083333333335, 24.513666666666673], [54.476083333333335, 24.51358333333334], [54.476000000000006, 24.51358333333334], [54.476000000000006, 24.51341666666667], [54.476083333333335, 24.51341666666667], [54.476083333333335, 24.513000000000005], [54.47616666666667, 24.513000000000005], [54.47616666666667, 24.51283333333334], [54.476000000000006, 24.512750000000008], [54.476000000000006, 24.512500000000006], [54.47616666666667, 24.512416666666674], [54.47616666666667, 24.512333333333338], [54.4765, 24.512333333333338], [54.4765, 24.512416666666674], [54.47683333333334, 24.512416666666674], [54.47691666666667, 24.51258333333334], [54.47708333333333, 24.51258333333334], [54.47708333333333, 24.51266666666667], [54.47716666666667, 24.51266666666667], [54.47716666666667, 24.512750000000008], [54.47741666666667, 24.512750000000008], [54.47741666666667, 24.51283333333334], [54.477500000000006, 24.51283333333334], [54.477583333333335, 24.513000000000005], [54.47766666666667, 24.513000000000005], [54.47766666666667, 24.513166666666674], [54.47775, 24.513166666666674], [54.47775, 24.513250000000006], [54.477833333333336, 24.513250000000006], [54.477833333333336, 24.51333333333334], [54.478, 24.51333333333334], [54.478, 24.513500000000004], [54.47808333333334, 24.513500000000004], [54.47808333333334, 24.513666666666673], [54.47825, 24.513750000000005], [54.47825, 24.514250000000004], [54.47816666666667, 24.514250000000004], [54.47816666666667, 24.51433333333334], [54.47791666666667, 24.51433333333334], [54.477833333333336, 24.514500000000005], [54.47766666666667, 24.514500000000005], [54.47766666666667, 24.514583333333338], [54.477583333333335, 24.514583333333338], [54.477583333333335, 24.514666666666674], [54.47741666666667, 24.514666666666674], [54.47741666666667, 24.51483333333334], [54.477333333333334, 24.51483333333334], [54.477333333333334, 24.515166666666673], [54.47741666666667, 24.515166666666673], [54.47741666666667, 24.515250000000005], [54.477500000000006, 24.515250000000005], [54.477500000000006, 24.51508333333334], [54.47775, 24.51508333333334], [54.47775, 24.515166666666673], [54.47791666666667, 24.515166666666673], [54.47791666666667, 24.515000000000004], [54.47816666666667, 24.515000000000004], [54.47816666666667, 24.51508333333334], [54.47825, 24.51508333333334], [54.47825, 24.51491666666667], [54.47858333333333, 24.51491666666667], [54.47858333333333, 24.515000000000004], [54.478833333333334, 24.515000000000004], [54.478833333333334, 24.51483333333334], [54.479000000000006, 24.51483333333334], [54.479000000000006, 24.514750000000006], [54.47941666666667, 24.514750000000006], [54.47941666666667, 24.51483333333334], [54.47983333333334, 24.51483333333334], [54.47983333333334, 24.514750000000006], [54.48016666666667, 24.514750000000006], [54.48016666666667, 24.514583333333338], [54.480250000000005, 24.514583333333338], [54.480250000000005, 24.514666666666674], [54.48083333333334, 24.514666666666674], [54.48083333333334, 24.514750000000006], [54.481, 24.514750000000006], [54.481, 24.514666666666674], [54.48141666666667, 24.514666666666674], [54.48141666666667, 24.514500000000005], [54.481500000000004, 24.514500000000005], [54.481500000000004, 24.51416666666667], [54.48158333333333, 24.51416666666667], [54.48158333333333, 24.513833333333338], [54.48166666666667, 24.513833333333338], [54.48166666666667, 24.513666666666673], [54.481833333333334, 24.513666666666673], [54.481833333333334, 24.51358333333334], [54.4825, 24.51358333333334], [54.4825, 24.513666666666673], [54.48266666666667, 24.513666666666673], [54.48266666666667, 24.51358333333334], [54.48283333333334, 24.51358333333334], [54.48283333333334, 24.51341666666667], [54.48291666666667, 24.51341666666667], [54.48291666666667, 24.51333333333334], [54.48308333333333, 24.513250000000006], [54.48308333333333, 24.513083333333338], [54.48316666666667, 24.513083333333338], [54.48316666666667, 24.512916666666673], [54.483333333333334, 24.513000000000005], [54.483333333333334, 24.51283333333334], [54.48341666666667, 24.51283333333334], [54.4835, 24.51266666666667], [54.48366666666667, 24.51266666666667], [54.48366666666667, 24.51258333333334], [54.48383333333334, 24.51258333333334], [54.48383333333334, 24.512500000000006], [54.484, 24.512500000000006], [54.48408333333334, 24.512333333333338], [54.48441666666667, 24.512333333333338], [54.48441666666667, 24.512250000000005], [54.48466666666667, 24.512250000000005], [54.48466666666667, 24.512166666666673], [54.486000000000004, 24.512166666666673], [54.486000000000004, 24.51208333333334], [54.48616666666667, 24.51208333333334], [54.48616666666667, 24.512000000000008], [54.486250000000005, 24.512000000000008], [54.486250000000005, 24.51191666666667], [54.4865, 24.51191666666667], [54.486583333333336, 24.511750000000006], [54.48683333333334, 24.511750000000006], [54.48683333333334, 24.511666666666674], [54.48716666666667, 24.511666666666674], [54.48716666666667, 24.511583333333338], [54.487750000000005, 24.511583333333338], [54.487750000000005, 24.511416666666673], [54.487833333333334, 24.511416666666673], [54.487833333333334, 24.51133333333334], [54.488, 24.51133333333334], [54.488, 24.511250000000008], [54.488083333333336, 24.511250000000008], [54.488083333333336, 24.511000000000006], [54.488, 24.511000000000006], [54.48791666666667, 24.510833333333338], [54.48741666666667, 24.510833333333338], [54.48733333333334, 24.510666666666673], [54.48716666666667, 24.510666666666673], [54.48716666666667, 24.51058333333334], [54.487, 24.51058333333334], [54.48691666666667, 24.51041666666667], [54.48675, 24.51041666666667], [54.48675, 24.51033333333334], [54.486583333333336, 24.51033333333334], [54.486583333333336, 24.510250000000006], [54.4865, 24.510250000000006], [54.4865, 24.510083333333338], [54.486333333333334, 24.510000000000005], [54.486333333333334, 24.50983333333334], [54.486250000000005, 24.50983333333334], [54.486250000000005, 24.509750000000007], [54.48608333333333, 24.509750000000007], [54.48608333333333, 24.50966666666667], [54.48591666666667, 24.50966666666667], [54.48583333333334, 24.509500000000006], [54.48575, 24.509500000000006], [54.48575, 24.509333333333338], [54.48566666666667, 24.509333333333338], [54.48566666666667, 24.50891666666667], [54.48583333333334, 24.50891666666667], [54.48583333333334, 24.50883333333334], [54.48608333333333, 24.50883333333334], [54.48608333333333, 24.508750000000006], [54.486250000000005, 24.508750000000006], [54.48616666666667, 24.508583333333338], [54.486250000000005, 24.508583333333338], [54.486250000000005, 24.508500000000005], [54.48641666666667, 24.508416666666673], [54.48641666666667, 24.50833333333334], [54.486583333333336, 24.50833333333334], [54.486583333333336, 24.508250000000007], [54.48666666666667, 24.508250000000007], [54.48666666666667, 24.50808333333334], [54.48683333333334, 24.508000000000006], [54.48683333333334, 24.507750000000005], [54.48691666666667, 24.507750000000005], [54.487, 24.50758333333334], [54.48708333333334, 24.50758333333334], [54.48716666666667, 24.50741666666667], [54.48725, 24.50741666666667], [54.48725, 24.507166666666674], [54.48733333333334, 24.507166666666674], [54.48733333333334, 24.507083333333338], [54.487500000000004, 24.507083333333338], [54.48741666666667, 24.506916666666672], [54.487500000000004, 24.506916666666672], [54.487500000000004, 24.506750000000007], [54.48758333333333, 24.506750000000007], [54.48758333333333, 24.50658333333334], [54.487750000000005, 24.50658333333334], [54.487750000000005, 24.50666666666667], [54.487833333333334, 24.50666666666667], [54.487833333333334, 24.506500000000006], [54.488, 24.506500000000006], [54.488, 24.506333333333338], [54.48791666666667, 24.506333333333338], [54.48791666666667, 24.506250000000005], [54.488, 24.506250000000005], [54.488, 24.50608333333334], [54.48791666666667, 24.50608333333334], [54.48791666666667, 24.506000000000007], [54.488083333333336, 24.50591666666667], [54.488083333333336, 24.505666666666674], [54.48816666666667, 24.505666666666674], [54.48816666666667, 24.505583333333337], [54.48841666666667, 24.505583333333337], [54.48841666666667, 24.505500000000005], [54.4885, 24.505500000000005], [54.4885, 24.50533333333334], [54.48866666666667, 24.505250000000007], [54.48858333333334, 24.50508333333334], [54.4885, 24.50508333333334], [54.4885, 24.504916666666674], [54.48833333333334, 24.504916666666674], [54.48833333333334, 24.504833333333337], [54.48825, 24.504833333333337], [54.48825, 24.504666666666672], [54.488083333333336, 24.504666666666672], [54.488083333333336, 24.50458333333334], [54.48816666666667, 24.50458333333334], [54.48816666666667, 24.504166666666674], [54.48833333333334, 24.504166666666674], [54.48833333333334, 24.503916666666672], [54.48825, 24.503916666666672], [54.48825, 24.50383333333334], [54.48833333333334, 24.50383333333334], [54.48833333333334, 24.50366666666667], [54.48883333333334, 24.50366666666667], [54.48883333333334, 24.50358333333334], [54.489333333333335, 24.50358333333334], [54.489333333333335, 24.503500000000006], [54.4895, 24.503500000000006], [54.489583333333336, 24.50366666666667], [54.48975, 24.50366666666667], [54.48975, 24.503750000000007], [54.48991666666667, 24.50383333333334], [54.48991666666667, 24.50458333333334], [54.49, 24.50458333333334], [54.49, 24.504833333333337], [54.48983333333334, 24.504833333333337], [54.48983333333334, 24.505000000000006], [54.48975, 24.505000000000006], [54.48975, 24.50533333333334], [54.489583333333336, 24.50533333333334], [54.489583333333336, 24.505416666666672], [54.489250000000006, 24.505416666666672], [54.489250000000006, 24.50516666666667], [54.48941666666667, 24.50516666666667], [54.48941666666667, 24.505250000000007], [54.489583333333336, 24.505250000000007], [54.489583333333336, 24.504916666666674], [54.4895, 24.504916666666674], [54.4895, 24.504833333333337], [54.48941666666667, 24.504833333333337], [54.48941666666667, 24.504916666666674], [54.48916666666667, 24.504916666666674], [54.48916666666667, 24.50533333333334], [54.48908333333333, 24.50533333333334], [54.489000000000004, 24.505500000000005], [54.48883333333334, 24.505500000000005], [54.48883333333334, 24.505583333333337], [54.48875, 24.505583333333337], [54.48875, 24.50608333333334], [54.48883333333334, 24.50608333333334], [54.48883333333334, 24.506000000000007], [54.48908333333333, 24.506000000000007], [54.48908333333333, 24.50608333333334], [54.489250000000006, 24.50608333333334], [54.489250000000006, 24.506000000000007], [54.489583333333336, 24.506000000000007], [54.489583333333336, 24.50591666666667], [54.48975, 24.50591666666667], [54.48975, 24.50583333333334], [54.48991666666667, 24.505750000000006], [54.48991666666667, 24.505500000000005], [54.49008333333334, 24.505500000000005], [54.49016666666667, 24.50533333333334], [54.49033333333334, 24.505250000000007], [54.49033333333334, 24.505000000000006], [54.49025, 24.505000000000006], [54.49025, 24.50458333333334], [54.49033333333334, 24.50458333333334], [54.49033333333334, 24.50433333333334], [54.49041666666667, 24.50433333333334], [54.49041666666667, 24.504250000000006], [54.49025, 24.504166666666674], [54.49025, 24.504083333333337], [54.49041666666667, 24.504083333333337], [54.49041666666667, 24.50383333333334], [54.490500000000004, 24.50383333333334], [54.490500000000004, 24.50366666666667], [54.49058333333333, 24.50366666666667], [54.49058333333333, 24.50358333333334], [54.491083333333336, 24.50358333333334], [54.491083333333336, 24.50366666666667], [54.49125, 24.50366666666667], [54.49125, 24.503750000000007], [54.49133333333334, 24.503750000000007], [54.49133333333334, 24.50383333333334], [54.4915, 24.503916666666672], [54.4915, 24.504000000000005], [54.49133333333334, 24.504000000000005], [54.49133333333334, 24.504083333333337], [54.49125, 24.504083333333337], [54.49125, 24.504250000000006], [54.491083333333336, 24.50433333333334], [54.491083333333336, 24.50441666666667], [54.491, 24.50441666666667], [54.491, 24.504500000000007], [54.490833333333335, 24.504500000000007], [54.490833333333335, 24.50458333333334], [54.490750000000006, 24.50458333333334], [54.490750000000006, 24.505000000000006], [54.49058333333333, 24.50508333333334], [54.49058333333333, 24.505250000000007], [54.49041666666667, 24.505250000000007], [54.49041666666667, 24.505666666666674], [54.490500000000004, 24.505666666666674], [54.490500000000004, 24.505750000000006], [54.490833333333335, 24.505750000000006], [54.49091666666667, 24.50591666666667], [54.491083333333336, 24.50591666666667], [54.491083333333336, 24.50608333333334], [54.49116666666667, 24.50608333333334], [54.49116666666667, 24.506250000000005], [54.491083333333336, 24.506250000000005], [54.491083333333336, 24.506416666666674], [54.49116666666667, 24.506416666666674], [54.49125, 24.50658333333334], [54.49141666666667, 24.50666666666667], [54.4915, 24.50683333333334], [54.49158333333334, 24.50683333333334], [54.49158333333334, 24.50816666666667], [54.49175, 24.508250000000007], [54.49175, 24.508583333333338], [54.49183333333334, 24.508583333333338], [54.49183333333334, 24.509000000000007], [54.49191666666667, 24.509000000000007], [54.49191666666667, 24.509250000000005], [54.49208333333333, 24.509333333333338], [54.49208333333333, 24.509750000000007], [54.492000000000004, 24.509750000000007], [54.492000000000004, 24.510000000000005], [54.49216666666667, 24.510000000000005], [54.49216666666667, 24.510083333333338], [54.492250000000006, 24.510083333333338], [54.492250000000006, 24.510166666666674], [54.492000000000004, 24.510166666666674], [54.492000000000004, 24.51041666666667], [54.49191666666667, 24.51041666666667], [54.49191666666667, 24.510750000000005], [54.492000000000004, 24.510750000000005], [54.492000000000004, 24.510916666666674], [54.49216666666667, 24.510916666666674], [54.49216666666667, 24.511000000000006], [54.492333333333335, 24.511000000000006], [54.492333333333335, 24.51108333333334], [54.49241666666667, 24.51108333333334], [54.49241666666667, 24.511416666666673], [54.4925, 24.511416666666673], [54.4925, 24.511583333333338], [54.492583333333336, 24.511583333333338], [54.492583333333336, 24.511750000000006], [54.4925, 24.511750000000006], [54.4925, 24.51191666666667], [54.49266666666667, 24.51191666666667], [54.49275, 24.511750000000006], [54.492916666666666, 24.511666666666674], [54.492916666666666, 24.511500000000005], [54.493, 24.511500000000005], [54.493, 24.51133333333334], [54.49316666666667, 24.511250000000008], [54.49316666666667, 24.510916666666674], [54.49333333333334, 24.510916666666674], [54.49333333333334, 24.511000000000006], [54.49366666666667, 24.511000000000006], [54.49366666666667, 24.510833333333338], [54.493833333333335, 24.510916666666674], [54.493833333333335, 24.510750000000005], [54.49391666666667, 24.510750000000005], [54.49391666666667, 24.51058333333334], [54.494083333333336, 24.51058333333334], [54.49416666666667, 24.51041666666667], [54.49433333333334, 24.51041666666667], [54.49433333333334, 24.51033333333334], [54.4945, 24.51033333333334], [54.4945, 24.51041666666667], [54.49458333333334, 24.51041666666667], [54.49458333333334, 24.51033333333334], [54.49475, 24.51033333333334], [54.49475, 24.51041666666667], [54.49458333333334, 24.510500000000008], [54.49458333333334, 24.510666666666673], [54.4945, 24.510666666666673], [54.4945, 24.510833333333338], [54.494416666666666, 24.510833333333338], [54.494416666666666, 24.511000000000006], [54.49425, 24.511000000000006], [54.49425, 24.51116666666667], [54.494416666666666, 24.51116666666667], [54.494416666666666, 24.511250000000008], [54.49458333333334, 24.511250000000008], [54.49458333333334, 24.51133333333334], [54.49491666666667, 24.51133333333334], [54.49491666666667, 24.511416666666673], [54.49508333333333, 24.511416666666673], [54.49508333333333, 24.511500000000005], [54.495250000000006, 24.511583333333338], [54.495250000000006, 24.51183333333334], [54.495333333333335, 24.51183333333334], [54.495333333333335, 24.51191666666667], [54.4955, 24.51191666666667], [54.4955, 24.512000000000008], [54.49483333333334, 24.512000000000008], [54.49483333333334, 24.51208333333334], [54.49466666666667, 24.51208333333334], [54.49466666666667, 24.512250000000005], [54.49433333333334, 24.512250000000005], [54.49433333333334, 24.512333333333338], [54.49425, 24.512333333333338], [54.49425, 24.51258333333334], [54.49458333333334, 24.51258333333334], [54.49458333333334, 24.51266666666667], [54.49466666666667, 24.51266666666667], [54.49466666666667, 24.513000000000005], [54.495250000000006, 24.513000000000005], [54.495250000000006, 24.512916666666673], [54.495333333333335, 24.512916666666673], [54.495333333333335, 24.512750000000008], [54.495250000000006, 24.512750000000008], [54.495250000000006, 24.51258333333334], [54.49541666666667, 24.51266666666667], [54.49541666666667, 24.51283333333334], [54.49566666666667, 24.51283333333334], [54.49566666666667, 24.513000000000005], [54.4955, 24.513000000000005], [54.4955, 24.51333333333334], [54.495583333333336, 24.51333333333334], [54.495583333333336, 24.513500000000004], [54.4955, 24.513500000000004], [54.4955, 24.51358333333334], [54.495333333333335, 24.513500000000004], [54.495333333333335, 24.51341666666667], [54.49483333333334, 24.51341666666667], [54.49483333333334, 24.513500000000004], [54.49466666666667, 24.513500000000004], [54.49466666666667, 24.513666666666673], [54.4945, 24.513666666666673], [54.4945, 24.513833333333338], [54.49425, 24.513833333333338], [54.49425, 24.513916666666674], [54.494083333333336, 24.513916666666674], [54.494083333333336, 24.513833333333338], [54.494, 24.513833333333338], [54.494, 24.513916666666674], [54.493833333333335, 24.513916666666674], [54.493833333333335, 24.513833333333338], [54.493750000000006, 24.513833333333338], [54.493750000000006, 24.51358333333334], [54.49366666666667, 24.51358333333334], [54.49366666666667, 24.51341666666667], [54.49358333333333, 24.51341666666667], [54.49358333333333, 24.51333333333334], [54.49325, 24.51333333333334], [54.49325, 24.513250000000006], [54.49316666666667, 24.513250000000006], [54.49308333333334, 24.51341666666667], [54.49283333333334, 24.51341666666667], [54.49283333333334, 24.51358333333334], [54.492583333333336, 24.51358333333334], [54.492583333333336, 24.513666666666673], [54.492333333333335, 24.513666666666673], [54.492333333333335, 24.513833333333338], [54.49216666666667, 24.513916666666674], [54.49216666666667, 24.514000000000006], [54.49208333333333, 24.514000000000006], [54.49208333333333, 24.51408333333334], [54.49191666666667, 24.514000000000006], [54.49191666666667, 24.51408333333334], [54.49166666666667, 24.51408333333334], [54.49158333333334, 24.514250000000004], [54.49116666666667, 24.514250000000004], [54.49116666666667, 24.51433333333334], [54.49141666666667, 24.51433333333334], [54.49141666666667, 24.514416666666673], [54.49133333333334, 24.514416666666673], [54.49133333333334, 24.514500000000005], [54.491083333333336, 24.514500000000005], [54.491083333333336, 24.514583333333338], [54.490833333333335, 24.514583333333338], [54.490833333333335, 24.514666666666674], [54.490750000000006, 24.514666666666674], [54.490750000000006, 24.514500000000005], [54.49091666666667, 24.514500000000005], [54.49091666666667, 24.514416666666673], [54.490750000000006, 24.514416666666673], [54.490750000000006, 24.51433333333334], [54.49033333333334, 24.51433333333334], [54.49033333333334, 24.514250000000004], [54.49008333333334, 24.514250000000004], [54.49008333333334, 24.51416666666667], [54.49, 24.51416666666667], [54.49, 24.514000000000006], [54.48991666666667, 24.514000000000006], [54.48991666666667, 24.513750000000005], [54.48983333333334, 24.513750000000005], [54.48983333333334, 24.513666666666673], [54.48966666666667, 24.513666666666673], [54.48966666666667, 24.513500000000004], [54.48983333333334, 24.513500000000004], [54.48983333333334, 24.51341666666667], [54.48991666666667, 24.51341666666667], [54.48991666666667, 24.513250000000006], [54.48983333333334, 24.513250000000006], [54.48983333333334, 24.513083333333338], [54.48975, 24.513083333333338], [54.48966666666667, 24.512916666666673], [54.489583333333336, 24.512916666666673], [54.489583333333336, 24.513000000000005], [54.48941666666667, 24.513000000000005], [54.48941666666667, 24.513083333333338], [54.48908333333333, 24.513083333333338], [54.48908333333333, 24.513000000000005], [54.48875, 24.513000000000005], [54.48866666666667, 24.51283333333334], [54.4885, 24.51283333333334], [54.4885, 24.512916666666673], [54.48833333333334, 24.512916666666673], [54.48833333333334, 24.513083333333338], [54.48816666666667, 24.513000000000005], [54.48816666666667, 24.513166666666674], [54.488, 24.513166666666674], [54.488, 24.513250000000006], [54.48791666666667, 24.513250000000006], [54.48791666666667, 24.513500000000004], [54.488, 24.513500000000004], [54.488, 24.513916666666674], [54.488083333333336, 24.513916666666674], [54.488083333333336, 24.514000000000006], [54.487833333333334, 24.514000000000006], [54.487833333333334, 24.513916666666674], [54.487500000000004, 24.513916666666674], [54.487500000000004, 24.513750000000005], [54.48741666666667, 24.513750000000005], [54.48741666666667, 24.51341666666667], [54.48733333333334, 24.51341666666667], [54.48733333333334, 24.513000000000005], [54.48741666666667, 24.513000000000005], [54.48741666666667, 24.512916666666673], [54.48758333333333, 24.512916666666673], [54.48758333333333, 24.513000000000005], [54.487833333333334, 24.513000000000005], [54.487833333333334, 24.51283333333334], [54.488, 24.512750000000008], [54.488, 24.51258333333334], [54.48841666666667, 24.51258333333334], [54.48841666666667, 24.512500000000006], [54.48866666666667, 24.512500000000006], [54.48866666666667, 24.512416666666674], [54.48891666666667, 24.512416666666674], [54.48891666666667, 24.512333333333338], [54.48916666666667, 24.512333333333338], [54.48908333333333, 24.512166666666673], [54.48891666666667, 24.512166666666673], [54.48891666666667, 24.51208333333334], [54.48883333333334, 24.51208333333334], [54.48883333333334, 24.512250000000005], [54.48866666666667, 24.512250000000005], [54.48866666666667, 24.512333333333338], [54.4885, 24.512333333333338], [54.4885, 24.512416666666674], [54.48825, 24.512416666666674], [54.48825, 24.512333333333338], [54.48816666666667, 24.512333333333338], [54.48816666666667, 24.512416666666674], [54.488, 24.512416666666674], [54.488, 24.512333333333338], [54.487833333333334, 24.512333333333338], [54.487750000000005, 24.512166666666673], [54.48758333333333, 24.512166666666673], [54.48758333333333, 24.512250000000005], [54.48741666666667, 24.512250000000005], [54.48741666666667, 24.512333333333338], [54.48733333333334, 24.512333333333338], [54.48733333333334, 24.512500000000006], [54.48725, 24.512500000000006], [54.48716666666667, 24.51266666666667], [54.48691666666667, 24.51266666666667], [54.48691666666667, 24.51283333333334], [54.48683333333334, 24.51283333333334], [54.48675, 24.513000000000005], [54.48641666666667, 24.513000000000005], [54.48641666666667, 24.512750000000008], [54.48666666666667, 24.512750000000008], [54.48666666666667, 24.51266666666667], [54.48675, 24.51266666666667], [54.48675, 24.512500000000006], [54.48683333333334, 24.512500000000006], [54.48683333333334, 24.512166666666673], [54.487, 24.512166666666673], [54.48691666666667, 24.512000000000008], [54.48666666666667, 24.512000000000008], [54.48666666666667, 24.51208333333334], [54.4865, 24.512166666666673], [54.4865, 24.512500000000006], [54.48641666666667, 24.512500000000006], [54.48641666666667, 24.512416666666674], [54.486250000000005, 24.512416666666674], [54.486250000000005, 24.512500000000006], [54.48616666666667, 24.512500000000006], [54.48616666666667, 24.512750000000008], [54.48608333333333, 24.512750000000008], [54.48608333333333, 24.512916666666673], [54.486000000000004, 24.512916666666673], [54.486000000000004, 24.513000000000005], [54.48583333333334, 24.513000000000005], [54.48583333333334, 24.513250000000006], [54.486000000000004, 24.513250000000006], [54.486000000000004, 24.51333333333334], [54.486250000000005, 24.51333333333334], [54.486250000000005, 24.51341666666667], [54.486333333333334, 24.51341666666667], [54.486333333333334, 24.51358333333334], [54.48641666666667, 24.51358333333334], [54.48641666666667, 24.513833333333338], [54.486250000000005, 24.513833333333338], [54.486250000000005, 24.513916666666674], [54.486000000000004, 24.513916666666674], [54.48591666666667, 24.51408333333334], [54.48583333333334, 24.51408333333334], [54.48583333333334, 24.513916666666674], [54.48566666666667, 24.513833333333338], [54.48566666666667, 24.514000000000006], [54.48541666666667, 24.514000000000006], [54.48541666666667, 24.514250000000004], [54.48525, 24.51433333333334], [54.48525, 24.514500000000005], [54.48516666666667, 24.514500000000005], [54.48516666666667, 24.514666666666674], [54.484833333333334, 24.514666666666674], [54.484833333333334, 24.514750000000006], [54.484750000000005, 24.514750000000006], [54.484750000000005, 24.515416666666674], [54.484833333333334, 24.515416666666674], [54.484833333333334, 24.515500000000007], [54.48516666666667, 24.515500000000007], [54.48516666666667, 24.51558333333334], [54.48525, 24.51558333333334], [54.48525, 24.515916666666673], [54.48491666666667, 24.515916666666673], [54.48491666666667, 24.51583333333334], [54.484750000000005, 24.51583333333334], [54.484750000000005, 24.516000000000005], [54.484500000000004, 24.516000000000005], [54.484500000000004, 24.515916666666673], [54.48416666666667, 24.515916666666673], [54.48416666666667, 24.516000000000005], [54.48408333333334, 24.516000000000005], [54.48408333333334, 24.516250000000007], [54.48433333333334, 24.516250000000007], [54.48433333333334, 24.51633333333334], [54.48441666666667, 24.51633333333334], [54.48441666666667, 24.516500000000004], [54.484, 24.516500000000004], [54.484, 24.51641666666667], [54.48383333333334, 24.51641666666667], [54.48383333333334, 24.516750000000005], [54.48391666666667, 24.516750000000005], [54.48391666666667, 24.51708333333334], [54.48383333333334, 24.51708333333334], [54.48383333333334, 24.51733333333334], [54.483583333333335, 24.51733333333334], [54.483583333333335, 24.517583333333338], [54.48341666666667, 24.517666666666674], [54.48341666666667, 24.51808333333334], [54.483333333333334, 24.51808333333334], [54.483333333333334, 24.518166666666673], [54.48316666666667, 24.518166666666673], [54.48308333333333, 24.518333333333338], [54.48291666666667, 24.518333333333338], [54.48291666666667, 24.518500000000007], [54.48283333333334, 24.518500000000007], [54.48283333333334, 24.518416666666674], [54.48258333333334, 24.518416666666674], [54.48258333333334, 24.51866666666667], [54.48241666666667, 24.51866666666667], [54.48233333333334, 24.51883333333334], [54.482083333333335, 24.51883333333334], [54.482083333333335, 24.518916666666673], [54.48191666666667, 24.518916666666673], [54.48191666666667, 24.519000000000005], [54.481750000000005, 24.519000000000005], [54.481750000000005, 24.518916666666673], [54.48166666666667, 24.518916666666673], [54.48166666666667, 24.519000000000005], [54.48141666666667, 24.519000000000005], [54.48141666666667, 24.519083333333338], [54.48116666666667, 24.519083333333338], [54.48116666666667, 24.519166666666674], [54.481, 24.519250000000007], [54.48091666666667, 24.51941666666667], [54.480583333333335, 24.51941666666667], [54.480500000000006, 24.51958333333334], [54.480333333333334, 24.519666666666673], [54.480333333333334, 24.519833333333338], [54.48016666666667, 24.519833333333338], [54.48008333333333, 24.520000000000007], [54.479083333333335, 24.520000000000007], [54.479083333333335, 24.52008333333334], [54.478750000000005, 24.52008333333334], [54.478750000000005, 24.52016666666667], [54.47841666666667, 24.52016666666667], [54.47841666666667, 24.520250000000004], [54.47825, 24.520250000000004], [54.47825, 24.52033333333334], [54.477583333333335, 24.52033333333334], [54.477583333333335, 24.520416666666673], [54.47683333333334, 24.520416666666673], [54.47683333333334, 24.52033333333334], [54.477000000000004, 24.520250000000004], [54.477000000000004, 24.52016666666667], [54.477250000000005, 24.52016666666667], [54.477250000000005, 24.52008333333334], [54.477500000000006, 24.52008333333334], [54.477500000000006, 24.520000000000007], [54.47775, 24.520000000000007], [54.47775, 24.519833333333338], [54.477833333333336, 24.519833333333338], [54.477833333333336, 24.519750000000005], [54.47816666666667, 24.519750000000005], [54.47816666666667, 24.51958333333334], [54.47833333333334, 24.51958333333334], [54.47833333333334, 24.51933333333334], [54.47825, 24.51933333333334], [54.47825, 24.519250000000007], [54.47808333333334, 24.519250000000007], [54.47808333333334, 24.519166666666674], [54.47791666666667, 24.519166666666674], [54.47791666666667, 24.519250000000007], [54.477833333333336, 24.519250000000007], [54.477833333333336, 24.51941666666667], [54.47766666666667, 24.51941666666667], [54.47766666666667, 24.51958333333334], [54.47741666666667, 24.51958333333334], [54.47741666666667, 24.519666666666673], [54.477250000000005, 24.519666666666673], [54.477250000000005, 24.519750000000005], [54.47716666666667, 24.519750000000005], [54.47716666666667, 24.519833333333338], [54.477000000000004, 24.519833333333338], [54.477000000000004, 24.519750000000005], [54.47691666666667, 24.519750000000005], [54.47691666666667, 24.519833333333338], [54.47616666666667, 24.519833333333338], [54.47616666666667, 24.519916666666674], [54.47591666666667, 24.519916666666674], [54.47591666666667, 24.519750000000005], [54.475833333333334, 24.519750000000005], [54.475833333333334, 24.519916666666674], [54.47566666666667, 24.519833333333338], [54.47566666666667, 24.520000000000007], [54.475500000000004, 24.520000000000007], [54.47541666666667, 24.519833333333338], [54.475, 24.519833333333338], [54.475, 24.519750000000005], [54.474833333333336, 24.519750000000005], [54.474833333333336, 24.519833333333338], [54.47466666666667, 24.519833333333338], [54.474583333333335, 24.520000000000007], [54.474250000000005, 24.520000000000007], [54.474250000000005, 24.52008333333334], [54.474000000000004, 24.52008333333334], [54.474000000000004, 24.52016666666667], [54.47375, 24.52016666666667], [54.47375, 24.52033333333334], [54.47366666666667, 24.52033333333334], [54.47358333333334, 24.520500000000006], [54.4735, 24.520500000000006], [54.47341666666667, 24.520666666666674], [54.47316666666667, 24.520666666666674], [54.47316666666667, 24.52083333333334], [54.473000000000006, 24.520916666666672], [54.473000000000006, 24.52108333333334], [54.472833333333334, 24.52108333333334], [54.472833333333334, 24.521166666666673], [54.472750000000005, 24.521166666666673], [54.472750000000005, 24.521333333333338], [54.47258333333333, 24.521333333333338], [54.47258333333333, 24.521416666666674], [54.47241666666667, 24.521416666666674]], [[54.47208333333334, 24.520500000000006], [54.47225, 24.520500000000006], [54.47225, 24.520416666666673], [54.47208333333334, 24.520416666666673], [54.47208333333334, 24.520500000000006]], [[54.47241666666667, 24.520416666666673], [54.47258333333333, 24.520416666666673], [54.47258333333333, 24.52033333333334], [54.47266666666667, 24.52033333333334], [54.47266666666667, 24.520250000000004], [54.47258333333333, 24.520250000000004], [54.472500000000004, 24.52008333333334], [54.47241666666667, 24.52008333333334], [54.47241666666667, 24.519833333333338], [54.472500000000004, 24.519833333333338], [54.472500000000004, 24.519750000000005], [54.472833333333334, 24.519750000000005], [54.47291666666667, 24.51958333333334], [54.473083333333335, 24.51958333333334], [54.473083333333335, 24.519500000000004], [54.473333333333336, 24.519500000000004], [54.473333333333336, 24.51941666666667], [54.4735, 24.51941666666667], [54.4735, 24.519166666666674], [54.473333333333336, 24.519083333333338], [54.47325, 24.519250000000007], [54.473083333333335, 24.519250000000007], [54.473083333333335, 24.51941666666667], [54.473000000000006, 24.51941666666667], [54.473000000000006, 24.519500000000004], [54.472833333333334, 24.519500000000004], [54.472833333333334, 24.51958333333334], [54.472750000000005, 24.51958333333334], [54.472750000000005, 24.519000000000005], [54.47266666666667, 24.519000000000005], [54.47266666666667, 24.518916666666673], [54.472500000000004, 24.518916666666673], [54.472500000000004, 24.51883333333334], [54.47241666666667, 24.51883333333334], [54.47233333333334, 24.51866666666667], [54.472166666666666, 24.51858333333334], [54.472166666666666, 24.518750000000004], [54.472, 24.518750000000004], [54.472, 24.51883333333334], [54.47191666666667, 24.51883333333334], [54.47191666666667, 24.519000000000005], [54.472, 24.519000000000005], [54.472, 24.519083333333338], [54.472166666666666, 24.519083333333338], [54.472166666666666, 24.518916666666673], [54.47241666666667, 24.518916666666673], [54.47241666666667, 24.519000000000005], [54.472500000000004, 24.519000000000005], [54.472500000000004, 24.519250000000007], [54.47241666666667, 24.519250000000007], [54.47241666666667, 24.51933333333334], [54.47208333333334, 24.51933333333334], [54.47208333333334, 24.519666666666673], [54.47225, 24.519750000000005], [54.47225, 24.519916666666674], [54.47208333333334, 24.520000000000007], [54.47208333333334, 24.520250000000004], [54.47225, 24.520250000000004], [54.47225, 24.52033333333334], [54.47241666666667, 24.52033333333334], [54.47241666666667, 24.520416666666673]], [[54.47866666666667, 24.519166666666674], [54.478750000000005, 24.519166666666674], [54.478833333333334, 24.519000000000005], [54.479000000000006, 24.518916666666673], [54.479000000000006, 24.518750000000004], [54.47916666666667, 24.518750000000004], [54.47925, 24.51858333333334], [54.4795, 24.51858333333334], [54.4795, 24.518416666666674], [54.47966666666667, 24.518416666666674], [54.47966666666667, 24.518333333333338], [54.47983333333334, 24.518333333333338], [54.47983333333334, 24.51808333333334], [54.47991666666667, 24.51808333333334], [54.47991666666667, 24.517750000000007], [54.48008333333333, 24.517750000000007], [54.48016666666667, 24.517583333333338], [54.48041666666667, 24.517583333333338], [54.48041666666667, 24.517500000000005], [54.480583333333335, 24.517500000000005], [54.480583333333335, 24.517416666666673], [54.48075, 24.517416666666673], [54.48075, 24.51733333333334], [54.480583333333335, 24.517250000000004], [54.480583333333335, 24.51716666666667], [54.48016666666667, 24.51716666666667], [54.48016666666667, 24.517416666666673], [54.48008333333333, 24.517416666666673], [54.48008333333333, 24.517583333333338], [54.47983333333334, 24.517583333333338], [54.47983333333334, 24.51783333333334], [54.47975, 24.51783333333334], [54.47975, 24.51808333333334], [54.47966666666667, 24.51808333333334], [54.47958333333334, 24.518250000000005], [54.47933333333334, 24.518250000000005], [54.47933333333334, 24.518333333333338], [54.47916666666667, 24.518333333333338], [54.479083333333335, 24.518500000000007], [54.47891666666667, 24.518500000000007], [54.47891666666667, 24.51858333333334], [54.478833333333334, 24.51858333333334], [54.478750000000005, 24.518750000000004], [54.47866666666667, 24.518750000000004], [54.47866666666667, 24.519166666666674]], [[54.4735, 24.518916666666673], [54.47358333333334, 24.518916666666673], [54.47366666666667, 24.518750000000004], [54.4735, 24.518750000000004], [54.4735, 24.518916666666673]], [[54.472833333333334, 24.51883333333334], [54.47325, 24.51883333333334], [54.47325, 24.518750000000004], [54.47341666666667, 24.51866666666667], [54.47341666666667, 24.518416666666674], [54.47358333333334, 24.518416666666674], [54.47358333333334, 24.518333333333338], [54.47391666666667, 24.518333333333338], [54.47391666666667, 24.518250000000005], [54.474000000000004, 24.518250000000005], [54.474000000000004, 24.51808333333334], [54.47408333333333, 24.51808333333334], [54.47408333333333, 24.51791666666667], [54.474333333333334, 24.51791666666667], [54.474333333333334, 24.51783333333334], [54.47441666666667, 24.51783333333334], [54.47441666666667, 24.517750000000007], [54.474583333333335, 24.517666666666674], [54.474583333333335, 24.517500000000005], [54.47475, 24.517500000000005], [54.47475, 24.517250000000004], [54.47466666666667, 24.517250000000004], [54.47466666666667, 24.51733333333334], [54.474500000000006, 24.51733333333334], [54.474500000000006, 24.517416666666673], [54.47441666666667, 24.517416666666673], [54.47441666666667, 24.517583333333338], [54.47391666666667, 24.517583333333338], [54.47391666666667, 24.517500000000005], [54.47383333333334, 24.517500000000005], [54.47383333333334, 24.51783333333334], [54.47341666666667, 24.51783333333334], [54.47341666666667, 24.517750000000007], [54.473333333333336, 24.517750000000007], [54.473333333333336, 24.517500000000005], [54.47341666666667, 24.517500000000005], [54.47341666666667, 24.517416666666673], [54.47391666666667, 24.517416666666673], [54.474000000000004, 24.517250000000004], [54.474250000000005, 24.517250000000004], [54.474250000000005, 24.51708333333334], [54.474333333333334, 24.51708333333334], [54.474333333333334, 24.51658333333334], [54.474250000000005, 24.51658333333334], [54.474250000000005, 24.516500000000004], [54.47375, 24.516500000000004], [54.47375, 24.51641666666667], [54.47358333333334, 24.51641666666667], [54.47358333333334, 24.51658333333334], [54.47366666666667, 24.51658333333334], [54.47366666666667, 24.516666666666673], [54.47358333333334, 24.516666666666673], [54.47358333333334, 24.51716666666667], [54.47341666666667, 24.51716666666667], [54.47341666666667, 24.51733333333334], [54.47325, 24.51733333333334], [54.47325, 24.51791666666667], [54.47316666666667, 24.51791666666667], [54.47316666666667, 24.51808333333334], [54.473000000000006, 24.51808333333334], [54.473000000000006, 24.518416666666674], [54.47291666666667, 24.518416666666674], [54.47291666666667, 24.518500000000007], [54.472750000000005, 24.518500000000007], [54.472750000000005, 24.51866666666667], [54.472833333333334, 24.51866666666667], [54.472833333333334, 24.51883333333334]], [[54.48091666666667, 24.517250000000004], [54.48133333333334, 24.517250000000004], [54.48133333333334, 24.51716666666667], [54.481500000000004, 24.51716666666667], [54.481500000000004, 24.51708333333334], [54.48141666666667, 24.51708333333334], [54.48133333333334, 24.516916666666674], [54.48116666666667, 24.516916666666674], [54.48108333333334, 24.51708333333334], [54.48091666666667, 24.51708333333334], [54.48091666666667, 24.517250000000004]], [[54.483333333333334, 24.51708333333334], [54.48341666666667, 24.51708333333334], [54.48341666666667, 24.516916666666674], [54.483333333333334, 24.516916666666674], [54.483333333333334, 24.51708333333334]], [[54.47491666666667, 24.516833333333338], [54.475, 24.516833333333338], [54.475, 24.516750000000005], [54.47491666666667, 24.516750000000005], [54.47491666666667, 24.516833333333338]], [[54.48125, 24.516833333333338], [54.48133333333334, 24.516833333333338], [54.48133333333334, 24.516750000000005], [54.48125, 24.516750000000005], [54.48125, 24.516833333333338]], [[54.48258333333334, 24.51558333333334], [54.48275, 24.515500000000007], [54.48275, 24.515416666666674], [54.48291666666667, 24.515416666666674], [54.48291666666667, 24.515333333333338], [54.48308333333333, 24.515333333333338], [54.48308333333333, 24.51508333333334], [54.48341666666667, 24.51491666666667], [54.48341666666667, 24.514750000000006], [54.483583333333335, 24.514750000000006], [54.483583333333335, 24.514500000000005], [54.4835, 24.514500000000005], [54.4835, 24.514583333333338], [54.483250000000005, 24.514583333333338], [54.483250000000005, 24.514666666666674], [54.48316666666667, 24.514666666666674], [54.48308333333333, 24.51483333333334], [54.48283333333334, 24.51483333333334], [54.48283333333334, 24.51491666666667], [54.48275, 24.51491666666667], [54.48275, 24.515000000000004], [54.48258333333334, 24.51508333333334], [54.48258333333334, 24.51558333333334]], [[54.484500000000004, 24.515166666666673], [54.48458333333333, 24.515166666666673], [54.48458333333333, 24.51508333333334], [54.484500000000004, 24.51508333333334], [54.484500000000004, 24.515166666666673]], [[54.48433333333334, 24.513916666666674], [54.48441666666667, 24.513916666666674], [54.48441666666667, 24.513750000000005], [54.48433333333334, 24.513750000000005], [54.48433333333334, 24.513916666666674]], [[54.491, 24.51341666666667], [54.49141666666667, 24.51341666666667], [54.4915, 24.513250000000006], [54.49166666666667, 24.513166666666674], [54.49166666666667, 24.513083333333338], [54.49175, 24.513083333333338], [54.49175, 24.513000000000005], [54.49191666666667, 24.513000000000005], [54.49191666666667, 24.512916666666673], [54.492000000000004, 24.512916666666673], [54.492000000000004, 24.51258333333334], [54.49175, 24.51258333333334], [54.49175, 24.51266666666667], [54.49166666666667, 24.51266666666667], [54.49158333333334, 24.51283333333334], [54.49141666666667, 24.51283333333334], [54.49141666666667, 24.512916666666673], [54.49125, 24.512916666666673], [54.49116666666667, 24.513083333333338], [54.491, 24.513166666666674], [54.491, 24.51341666666667]], [[54.49208333333333, 24.512416666666674], [54.492250000000006, 24.512416666666674], [54.492250000000006, 24.512250000000005], [54.49208333333333, 24.512333333333338], [54.49208333333333, 24.512416666666674]], [[54.49, 24.51208333333334], [54.49025, 24.51208333333334], [54.49025, 24.512000000000008], [54.49016666666667, 24.512000000000008], [54.49016666666667, 24.51191666666667], [54.49, 24.51191666666667], [54.49, 24.51208333333334]], [[54.49025, 24.51191666666667], [54.49041666666667, 24.51191666666667], [54.49041666666667, 24.51183333333334], [54.490500000000004, 24.51183333333334], [54.490500000000004, 24.511666666666674], [54.49066666666667, 24.511583333333338], [54.49058333333333, 24.511416666666673], [54.49025, 24.511416666666673], [54.49025, 24.51133333333334], [54.49033333333334, 24.51133333333334], [54.49033333333334, 24.51116666666667], [54.49041666666667, 24.51116666666667], [54.49041666666667, 24.511000000000006], [54.490500000000004, 24.511000000000006], [54.490500000000004, 24.510833333333338], [54.49066666666667, 24.510750000000005], [54.49066666666667, 24.510166666666674], [54.49058333333333, 24.510166666666674], [54.49058333333333, 24.510083333333338], [54.49041666666667, 24.510083333333338], [54.49041666666667, 24.509916666666673], [54.49033333333334, 24.509916666666673], [54.49033333333334, 24.50966666666667], [54.49025, 24.50966666666667], [54.49025, 24.50958333333334], [54.49008333333334, 24.50958333333334], [54.49008333333334, 24.50966666666667], [54.49, 24.50966666666667], [54.49, 24.510000000000005], [54.49016666666667, 24.510000000000005], [54.49016666666667, 24.510083333333338], [54.49025, 24.510083333333338], [54.49025, 24.51033333333334], [54.49033333333334, 24.51033333333334], [54.49041666666667, 24.510500000000008], [54.49033333333334, 24.510500000000008], [54.49033333333334, 24.510833333333338], [54.49025, 24.510833333333338], [54.49025, 24.510916666666674], [54.49008333333334, 24.511000000000006], [54.49008333333334, 24.51116666666667], [54.48991666666667, 24.51116666666667], [54.48991666666667, 24.511416666666673], [54.49008333333334, 24.511416666666673], [54.49008333333334, 24.511500000000005], [54.49, 24.511500000000005], [54.49, 24.511666666666674], [54.49008333333334, 24.511666666666674], [54.49008333333334, 24.511750000000006], [54.49025, 24.51183333333334], [54.49025, 24.51191666666667]], [[54.4895, 24.510666666666673], [54.48966666666667, 24.510666666666673], [54.48966666666667, 24.51058333333334], [54.4895, 24.510500000000008], [54.4895, 24.510666666666673]], [[54.488, 24.50958333333334], [54.488083333333336, 24.50958333333334], [54.488083333333336, 24.509500000000006], [54.488, 24.509500000000006], [54.488, 24.50958333333334]], [[54.488083333333336, 24.509500000000006], [54.48833333333334, 24.509500000000006], [54.48833333333334, 24.509333333333338], [54.48825, 24.509333333333338], [54.48825, 24.509250000000005], [54.48841666666667, 24.509166666666673], [54.48841666666667, 24.509000000000007], [54.4885, 24.509000000000007], [54.4885, 24.508750000000006], [54.48858333333334, 24.508750000000006], [54.48858333333334, 24.508666666666674], [54.4885, 24.508666666666674], [54.4885, 24.508500000000005], [54.48858333333334, 24.508500000000005], [54.48858333333334, 24.50833333333334], [54.48875, 24.50833333333334], [54.48875, 24.508000000000006], [54.48866666666667, 24.508000000000006], [54.48866666666667, 24.507083333333338], [54.48858333333334, 24.507083333333338], [54.48858333333334, 24.50683333333334], [54.4885, 24.50683333333334], [54.4885, 24.506750000000007], [54.48841666666667, 24.506750000000007], [54.48841666666667, 24.507250000000006], [54.48833333333334, 24.507250000000006], [54.48833333333334, 24.50816666666667], [54.48825, 24.50816666666667], [54.48825, 24.508416666666673], [54.488083333333336, 24.508416666666673], [54.488083333333336, 24.508583333333338], [54.488, 24.508583333333338], [54.488, 24.509166666666673], [54.48816666666667, 24.509250000000005], [54.48816666666667, 24.509333333333338], [54.488083333333336, 24.509333333333338], [54.488083333333336, 24.509500000000006]], [[54.48966666666667, 24.509250000000005], [54.49, 24.509250000000005], [54.49, 24.509000000000007], [54.48991666666667, 24.509000000000007], [54.48991666666667, 24.50883333333334], [54.48983333333334, 24.50883333333334], [54.48983333333334, 24.508416666666673], [54.48975, 24.508416666666673], [54.48975, 24.50833333333334], [54.489583333333336, 24.50833333333334], [54.489583333333336, 24.50816666666667], [54.4895, 24.50816666666667], [54.4895, 24.508000000000006], [54.48941666666667, 24.508000000000006], [54.48941666666667, 24.507833333333338], [54.4895, 24.507833333333338], [54.4895, 24.507750000000005], [54.48941666666667, 24.507750000000005], [54.48941666666667, 24.507666666666672], [54.489250000000006, 24.507666666666672], [54.489250000000006, 24.507916666666674], [54.48908333333333, 24.507916666666674], [54.48908333333333, 24.508000000000006], [54.489250000000006, 24.50808333333334], [54.489250000000006, 24.508500000000005], [54.489333333333335, 24.508500000000005], [54.489333333333335, 24.508666666666674], [54.4895, 24.508666666666674], [54.4895, 24.50891666666667], [54.489583333333336, 24.50891666666667], [54.489583333333336, 24.50908333333334], [54.48966666666667, 24.50908333333334], [54.48966666666667, 24.509250000000005]], [[54.48833333333334, 24.505750000000006], [54.48841666666667, 24.505750000000006], [54.48841666666667, 24.505666666666674], [54.48833333333334, 24.505666666666674], [54.48833333333334, 24.505750000000006]]]}, "properties": {"stand": 6, "area_ha": 165.0, "alert": false, "z": 0.94}}, {"type": "Feature", "geometry": {"type": "Polygon", "coordinates": [[[54.517833333333336, 24.51358333333334], [54.51775, 24.51341666666667], [54.51741666666667, 24.51341666666667], [54.51741666666667, 24.51333333333334], [54.517250000000004, 24.51333333333334], [54.517250000000004, 24.513250000000006], [54.51708333333334, 24.513166666666674], [54.51708333333334, 24.513083333333338], [54.517, 24.513083333333338], [54.517, 24.512916666666673], [54.51691666666667, 24.512916666666673], [54.51691666666667, 24.51266666666667], [54.51683333333334, 24.51266666666667], [54.51683333333334, 24.512250000000005], [54.51675, 24.512250000000005], [54.51675, 24.51191666666667], [54.51666666666667, 24.51191666666667], [54.51666666666667, 24.511666666666674], [54.51658333333334, 24.511666666666674], [54.51658333333334, 24.511583333333338], [54.5165, 24.511583333333338], [54.5165, 24.511500000000005], [54.516333333333336, 24.511416666666673], [54.516333333333336, 24.51133333333334], [54.51616666666667, 24.51133333333334], [54.51616666666667, 24.511250000000008], [54.516000000000005, 24.511250000000008], [54.516000000000005, 24.51116666666667], [54.51583333333333, 24.51108333333334], [54.515750000000004, 24.510916666666674], [54.51566666666667, 24.510916666666674], [54.51566666666667, 24.510833333333338], [54.5155, 24.510833333333338], [54.51541666666667, 24.510666666666673], [54.51525, 24.510666666666673], [54.51525, 24.51041666666667], [54.51516666666667, 24.51041666666667], [54.51516666666667, 24.51033333333334], [54.515, 24.51033333333334], [54.51491666666667, 24.510166666666674], [54.514833333333335, 24.510166666666674], [54.514833333333335, 24.50958333333334], [54.51475, 24.50958333333334], [54.51475, 24.509333333333338], [54.514833333333335, 24.509333333333338], [54.514833333333335, 24.50891666666667], [54.51491666666667, 24.50891666666667], [54.51491666666667, 24.50883333333334], [54.51475, 24.508750000000006], [54.51475, 24.508250000000007], [54.51466666666667, 24.508250000000007], [54.51466666666667, 24.507750000000005], [54.514583333333334, 24.507750000000005], [54.514583333333334, 24.50683333333334], [54.51466666666667, 24.50683333333334], [54.51466666666667, 24.506000000000007], [54.514833333333335, 24.506000000000007], [54.514833333333335, 24.50583333333334], [54.51508333333334, 24.50583333333334], [54.51508333333334, 24.505500000000005], [54.51525, 24.505583333333337], [54.51525, 24.505416666666672], [54.51541666666667, 24.505416666666672], [54.51541666666667, 24.505250000000007], [54.5155, 24.505250000000007], [54.51558333333334, 24.50508333333334], [54.515750000000004, 24.50508333333334], [54.515750000000004, 24.504833333333337], [54.51583333333333, 24.504833333333337], [54.51583333333333, 24.504250000000006], [54.515750000000004, 24.504250000000006], [54.515750000000004, 24.504083333333337], [54.51566666666667, 24.504083333333337], [54.51566666666667, 24.503916666666672], [54.5155, 24.50383333333334], [54.5155, 24.50366666666667], [54.51566666666667, 24.50366666666667], [54.51566666666667, 24.503500000000006], [54.51591666666667, 24.503500000000006], [54.516000000000005, 24.503333333333337], [54.516333333333336, 24.503333333333337], [54.516333333333336, 24.50308333333334], [54.5165, 24.503166666666672], [54.5165, 24.503000000000007], [54.51658333333334, 24.503000000000007], [54.51658333333334, 24.50291666666667], [54.51666666666667, 24.50291666666667], [54.51675, 24.502750000000006], [54.51683333333334, 24.502750000000006], [54.51683333333334, 24.50258333333334], [54.51691666666667, 24.50258333333334], [54.51691666666667, 24.502500000000005], [54.51708333333334, 24.502500000000005], [54.51708333333334, 24.502000000000006], [54.517250000000004, 24.502000000000006], [54.517250000000004, 24.501666666666672], [54.51741666666667, 24.50158333333334], [54.51741666666667, 24.501500000000007], [54.517583333333334, 24.501500000000007], [54.517583333333334, 24.50141666666667], [54.51775, 24.50133333333334], [54.51775, 24.500916666666672], [54.518, 24.500916666666672], [54.518, 24.50083333333334], [54.51808333333334, 24.50083333333334], [54.51808333333334, 24.50066666666667], [54.51816666666667, 24.50066666666667], [54.51816666666667, 24.500416666666673], [54.51833333333334, 24.50033333333334], [54.51833333333334, 24.500250000000005], [54.51825, 24.500250000000005], [54.51825, 24.50008333333334], [54.51808333333334, 24.500000000000007], [54.51808333333334, 24.49983333333334], [54.51791666666667, 24.499750000000006], [54.51791666666667, 24.49958333333334], [54.517833333333336, 24.49958333333334], [54.517833333333336, 24.499500000000005], [54.51766666666667, 24.499500000000005], [54.51766666666667, 24.49908333333334], [54.517833333333336, 24.49908333333334], [54.517833333333336, 24.498916666666673], [54.51791666666667, 24.498916666666673], [54.518, 24.498750000000005], [54.51816666666667, 24.498750000000005], [54.51816666666667, 24.498666666666672], [54.51916666666667, 24.498666666666672], [54.51916666666667, 24.49858333333334], [54.519333333333336, 24.49858333333334], [54.519333333333336, 24.498666666666672], [54.52041666666667, 24.498666666666672], [54.520500000000006, 24.49883333333334], [54.52033333333333, 24.49883333333334], [54.52033333333333, 24.498916666666673], [54.520250000000004, 24.498916666666673], [54.520250000000004, 24.49916666666667], [54.520583333333335, 24.49916666666667], [54.520583333333335, 24.49908333333334], [54.52066666666667, 24.49908333333334], [54.52066666666667, 24.498750000000005], [54.521, 24.498750000000005], [54.521, 24.49883333333334], [54.52116666666667, 24.49883333333334], [54.52116666666667, 24.498750000000005], [54.52133333333334, 24.498750000000005], [54.52133333333334, 24.49858333333334], [54.52166666666667, 24.49858333333334], [54.52166666666667, 24.498500000000007], [54.52216666666667, 24.498500000000007], [54.52216666666667, 24.49841666666667], [54.52225, 24.49841666666667], [54.52225, 24.498500000000007], [54.52291666666667, 24.498500000000007], [54.52291666666667, 24.49841666666667], [54.52308333333334, 24.49841666666667], [54.52308333333334, 24.49833333333334], [54.523250000000004, 24.49833333333334], [54.523250000000004, 24.49841666666667], [54.52333333333333, 24.49841666666667], [54.52333333333333, 24.498000000000005], [54.52366666666667, 24.498000000000005], [54.52366666666667, 24.49783333333334], [54.523833333333336, 24.49783333333334], [54.523833333333336, 24.497916666666672], [54.524, 24.497916666666672], [54.524, 24.49783333333334], [54.52408333333334, 24.49783333333334], [54.52408333333334, 24.497750000000007], [54.52375, 24.497750000000007], [54.52375, 24.497500000000006], [54.524, 24.497500000000006], [54.524, 24.49758333333334], [54.524166666666666, 24.49758333333334], [54.524166666666666, 24.497416666666673], [54.52425, 24.497416666666673], [54.52425, 24.49733333333334], [54.52441666666667, 24.49733333333334], [54.52441666666667, 24.497250000000005], [54.524750000000004, 24.497250000000005], [54.52491666666667, 24.49691666666667], [54.52558333333334, 24.49691666666667], [54.52558333333334, 24.497000000000007], [54.52616666666667, 24.497000000000007], [54.52616666666667, 24.49691666666667], [54.526250000000005, 24.49691666666667], [54.526250000000005, 24.497000000000007], [54.527, 24.497000000000007], [54.527, 24.49691666666667], [54.527750000000005, 24.49691666666667], [54.527750000000005, 24.49683333333334], [54.528000000000006, 24.49683333333334], [54.528083333333335, 24.496666666666673], [54.528333333333336, 24.496666666666673], [54.52841666666667, 24.496500000000005], [54.52858333333334, 24.496500000000005], [54.52858333333334, 24.496416666666672], [54.52883333333334, 24.496416666666672], [54.52883333333334, 24.496250000000007], [54.52891666666667, 24.496250000000007], [54.52891666666667, 24.49616666666667], [54.52908333333334, 24.49616666666667], [54.52908333333334, 24.49608333333334], [54.52858333333334, 24.49608333333334], [54.52858333333334, 24.49616666666667], [54.528333333333336, 24.49616666666667], [54.528333333333336, 24.496250000000007], [54.528000000000006, 24.496250000000007], [54.528000000000006, 24.49633333333334], [54.52741666666667, 24.49633333333334], [54.52741666666667, 24.496250000000007], [54.5275, 24.496250000000007], [54.5275, 24.49616666666667], [54.52766666666667, 24.496250000000007], [54.52766666666667, 24.49608333333334], [54.527750000000005, 24.49608333333334], [54.527750000000005, 24.496000000000006], [54.52791666666667, 24.496000000000006], [54.528000000000006, 24.49583333333334], [54.528333333333336, 24.49583333333334], [54.528333333333336, 24.495750000000005], [54.52883333333334, 24.495750000000005], [54.52883333333334, 24.495666666666672], [54.52891666666667, 24.495666666666672], [54.52891666666667, 24.495750000000005], [54.52916666666667, 24.495750000000005], [54.529250000000005, 24.495916666666673], [54.529333333333334, 24.495916666666673], [54.529333333333334, 24.49583333333334], [54.529583333333335, 24.49583333333334], [54.529583333333335, 24.495916666666673], [54.53066666666667, 24.495916666666673], [54.53066666666667, 24.496000000000006], [54.531083333333335, 24.496000000000006], [54.531083333333335, 24.49608333333334], [54.53175, 24.49608333333334], [54.53175, 24.49616666666667], [54.53208333333334, 24.49616666666667], [54.53208333333334, 24.496250000000007], [54.532250000000005, 24.496250000000007], [54.532250000000005, 24.49633333333334], [54.532333333333334, 24.49633333333334], [54.532333333333334, 24.496500000000005], [54.532583333333335, 24.496500000000005], [54.532583333333335, 24.49658333333334], [54.53275, 24.49658333333334], [54.53275, 24.496666666666673], [54.53291666666667, 24.496666666666673], [54.53291666666667, 24.496750000000006], [54.53308333333334, 24.496750000000006], [54.53308333333334, 24.49683333333334], [54.533166666666666, 24.49683333333334], [54.533166666666666, 24.49708333333334], [54.53325, 24.49708333333334], [54.53325, 24.49808333333334], [54.53333333333334, 24.49808333333334], [54.53333333333334, 24.49841666666667], [54.53341666666667, 24.49841666666667], [54.53341666666667, 24.49933333333334], [54.53325, 24.49933333333334], [54.53325, 24.499500000000005], [54.53341666666667, 24.49958333333334], [54.53341666666667, 24.499750000000006], [54.53333333333334, 24.499750000000006], [54.53333333333334, 24.500000000000007], [54.53341666666667, 24.500000000000007], [54.53341666666667, 24.50008333333334], [54.53333333333334, 24.50008333333334], [54.53333333333334, 24.500250000000005], [54.53325, 24.500250000000005], [54.53325, 24.50033333333334], [54.533166666666666, 24.50033333333334], [54.533166666666666, 24.500416666666673], [54.533, 24.500500000000006], [54.533, 24.50058333333334], [54.532833333333336, 24.50058333333334], [54.532833333333336, 24.50066666666667], [54.53266666666667, 24.50066666666667], [54.53266666666667, 24.50058333333334], [54.532500000000006, 24.50058333333334], [54.532500000000006, 24.500750000000007], [54.532333333333334, 24.500750000000007], [54.532250000000005, 24.500916666666672], [54.53183333333334, 24.500916666666672], [54.53191666666667, 24.50108333333334], [54.531666666666666, 24.50108333333334], [54.531666666666666, 24.501250000000006], [54.5315, 24.501166666666673], [54.5315, 24.50133333333334], [54.53125, 24.50133333333334], [54.53125, 24.50141666666667], [54.531083333333335, 24.501500000000007], [54.531083333333335, 24.50158333333334], [54.530833333333334, 24.50158333333334], [54.530833333333334, 24.501666666666672], [54.53066666666667, 24.501666666666672], [54.53066666666667, 24.501750000000005], [54.53008333333334, 24.501750000000005], [54.53008333333334, 24.50183333333334], [54.52991666666667, 24.50183333333334], [54.52991666666667, 24.501750000000005], [54.52941666666667, 24.501750000000005], [54.52941666666667, 24.50183333333334], [54.529333333333334, 24.50183333333334], [54.529333333333334, 24.501666666666672], [54.529250000000005, 24.501666666666672], [54.529250000000005, 24.50158333333334], [54.52908333333334, 24.501666666666672], [54.52908333333334, 24.50158333333334], [54.52891666666667, 24.50158333333334], [54.52891666666667, 24.501500000000007], [54.52858333333334, 24.501500000000007], [54.5285, 24.50133333333334], [54.528333333333336, 24.50133333333334], [54.52825, 24.501166666666673], [54.528000000000006, 24.501166666666673], [54.52791666666667, 24.501000000000005], [54.527833333333334, 24.501000000000005], [54.527833333333334, 24.50083333333334], [54.527750000000005, 24.50083333333334], [54.527750000000005, 24.50066666666667], [54.52766666666667, 24.50066666666667], [54.52758333333334, 24.500500000000006], [54.5275, 24.500500000000006], [54.5275, 24.50033333333334], [54.52733333333334, 24.50033333333334], [54.52733333333334, 24.500250000000005], [54.52725, 24.500250000000005], [54.52733333333334, 24.50008333333334], [54.52725, 24.50008333333334], [54.52725, 24.49991666666667], [54.527166666666666, 24.49991666666667], [54.52725, 24.499750000000006], [54.527166666666666, 24.499750000000006], [54.527166666666666, 24.499500000000005], [54.52708333333334, 24.499500000000005], [54.52708333333334, 24.499416666666672], [54.527166666666666, 24.499416666666672], [54.527166666666666, 24.49916666666667], [54.527, 24.49916666666667], [54.527, 24.49908333333334], [54.52675, 24.49908333333334], [54.52666666666667, 24.499250000000007], [54.526500000000006, 24.499250000000007], [54.526500000000006, 24.49933333333334], [54.526250000000005, 24.49933333333334], [54.526250000000005, 24.499416666666672], [54.52608333333334, 24.499500000000005], [54.52608333333334, 24.49958333333334], [54.526, 24.49958333333334], [54.526, 24.499500000000005], [54.52591666666667, 24.499500000000005], [54.52591666666667, 24.49958333333334], [54.52558333333334, 24.49958333333334], [54.52558333333334, 24.499750000000006], [54.52541666666667, 24.499750000000006], [54.52541666666667, 24.50008333333334], [54.52525, 24.50008333333334], [54.52525, 24.50033333333334], [54.52558333333334, 24.50033333333334], [54.52558333333334, 24.49991666666667], [54.52575, 24.49991666666667], [54.52575, 24.50033333333334], [54.52591666666667, 24.50033333333334], [54.52591666666667, 24.500416666666673], [54.52616666666667, 24.500416666666673], [54.526250000000005, 24.50058333333334], [54.526500000000006, 24.50058333333334], [54.526583333333335, 24.500750000000007], [54.52675, 24.500750000000007], [54.52675, 24.50083333333334], [54.526833333333336, 24.50083333333334], [54.526833333333336, 24.500916666666672], [54.527, 24.501000000000005], [54.527, 24.50108333333334], [54.527166666666666, 24.501166666666673], [54.527166666666666, 24.501250000000006], [54.52725, 24.501250000000006], [54.52725, 24.50141666666667], [54.52741666666667, 24.501500000000007], [54.52741666666667, 24.501666666666672], [54.52758333333334, 24.501750000000005], [54.52758333333334, 24.501916666666673], [54.52766666666667, 24.501916666666673], [54.52766666666667, 24.502250000000007], [54.527833333333334, 24.50233333333334], [54.527833333333334, 24.502750000000006], [54.527750000000005, 24.502750000000006], [54.527750000000005, 24.503000000000007], [54.52758333333334, 24.503000000000007], [54.52758333333334, 24.503166666666672], [54.5275, 24.503166666666672], [54.5275, 24.50308333333334], [54.52741666666667, 24.50308333333334], [54.52741666666667, 24.50291666666667], [54.527166666666666, 24.50291666666667], [54.527166666666666, 24.503250000000005], [54.527, 24.503250000000005], [54.527, 24.503333333333337], [54.526500000000006, 24.503333333333337], [54.526500000000006, 24.503416666666674], [54.52633333333333, 24.503416666666674], [54.52633333333333, 24.503500000000006], [54.52608333333334, 24.503500000000006], [54.52608333333334, 24.50358333333334], [54.52583333333334, 24.50358333333334], [54.52583333333334, 24.50366666666667], [54.5255, 24.50366666666667], [54.5255, 24.50383333333334], [54.525333333333336, 24.50383333333334], [54.525333333333336, 24.503916666666672], [54.52516666666667, 24.503916666666672], [54.52516666666667, 24.504083333333337], [54.525000000000006, 24.504166666666674], [54.525000000000006, 24.50433333333334], [54.52491666666667, 24.50433333333334], [54.52491666666667, 24.50441666666667], [54.52466666666667, 24.50441666666667], [54.52466666666667, 24.504500000000007], [54.5245, 24.504500000000007], [54.5245, 24.50458333333334], [54.52433333333334, 24.504666666666672], [54.52433333333334, 24.504916666666674], [54.524166666666666, 24.504916666666674], [54.524166666666666, 24.505000000000006], [54.52408333333334, 24.505000000000006], [54.52408333333334, 24.50516666666667], [54.524, 24.50516666666667], [54.524, 24.50533333333334], [54.52391666666667, 24.50533333333334], [54.52391666666667, 24.505500000000005], [54.52375, 24.505500000000005], [54.52366666666667, 24.505666666666674], [54.523500000000006, 24.505750000000006], [54.523500000000006, 24.50591666666667], [54.52341666666667, 24.50591666666667], [54.52341666666667, 24.506000000000007], [54.523250000000004, 24.506000000000007], [54.523250000000004, 24.506166666666672], [54.52316666666667, 24.506166666666672], [54.52316666666667, 24.506416666666674], [54.52308333333334, 24.506416666666674], [54.52308333333334, 24.50658333333334], [54.52291666666667, 24.50666666666667], [54.52291666666667, 24.506750000000007], [54.52275, 24.506750000000007], [54.52275, 24.50683333333334], [54.52266666666667, 24.50683333333334], [54.52266666666667, 24.507000000000005], [54.52258333333334, 24.507000000000005], [54.52258333333334, 24.507166666666674], [54.5225, 24.507166666666674], [54.52241666666667, 24.50733333333334], [54.52225, 24.50733333333334], [54.52225, 24.507666666666672], [54.52216666666667, 24.507666666666672], [54.52216666666667, 24.507750000000005], [54.522000000000006, 24.507750000000005], [54.522000000000006, 24.507916666666674], [54.52183333333333, 24.507916666666674], [54.521750000000004, 24.50808333333334], [54.52158333333334, 24.50808333333334], [54.52158333333334, 24.50816666666667], [54.52125, 24.50816666666667], [54.52125, 24.508416666666673], [54.52116666666667, 24.508416666666673], [54.52116666666667, 24.508583333333338], [54.520833333333336, 24.508583333333338], [54.520833333333336, 24.508666666666674], [54.52075, 24.508666666666674], [54.52075, 24.509000000000007], [54.52066666666667, 24.509000000000007], [54.52066666666667, 24.50908333333334], [54.520500000000006, 24.509166666666673], [54.520500000000006, 24.509500000000006], [54.52041666666667, 24.509500000000006], [54.52041666666667, 24.50966666666667], [54.52033333333333, 24.50966666666667], [54.52033333333333, 24.509750000000007], [54.52016666666667, 24.509750000000007], [54.52008333333334, 24.509916666666673], [54.51975, 24.509916666666673], [54.51975, 24.510000000000005], [54.51958333333334, 24.510000000000005], [54.5195, 24.50983333333334], [54.519333333333336, 24.50983333333334], [54.519333333333336, 24.509500000000006], [54.5195, 24.509500000000006], [54.5195, 24.509416666666674], [54.51941666666667, 24.509416666666674], [54.51941666666667, 24.50891666666667], [54.5195, 24.50891666666667], [54.5195, 24.508666666666674], [54.51966666666667, 24.508666666666674], [54.51975, 24.508500000000005], [54.52008333333334, 24.508500000000005], [54.52008333333334, 24.50833333333334], [54.520250000000004, 24.50833333333334], [54.520250000000004, 24.508250000000007], [54.520583333333335, 24.508250000000007], [54.520583333333335, 24.50816666666667], [54.52075, 24.50816666666667], [54.52075, 24.508000000000006], [54.52091666666667, 24.508000000000006], [54.52091666666667, 24.50741666666667], [54.521, 24.50741666666667], [54.521, 24.507166666666674], [54.52091666666667, 24.507166666666674], [54.52091666666667, 24.507000000000005], [54.521, 24.507000000000005], [54.521, 24.506750000000007], [54.52108333333334, 24.506750000000007], [54.52108333333334, 24.506416666666674], [54.52125, 24.506416666666674], [54.52125, 24.506250000000005], [54.52133333333334, 24.506250000000005], [54.52133333333334, 24.50591666666667], [54.52141666666667, 24.50591666666667], [54.52141666666667, 24.505750000000006], [54.5215, 24.505750000000006], [54.5215, 24.505583333333337], [54.52158333333334, 24.505583333333337], [54.52158333333334, 24.505500000000005], [54.521750000000004, 24.505500000000005], [54.521750000000004, 24.505250000000007], [54.52191666666667, 24.50516666666667], [54.52191666666667, 24.50508333333334], [54.522083333333335, 24.50508333333334], [54.522083333333335, 24.505000000000006], [54.52225, 24.505000000000006], [54.522333333333336, 24.504833333333337], [54.52241666666667, 24.504833333333337], [54.52241666666667, 24.504750000000005], [54.52258333333334, 24.504750000000005], [54.52258333333334, 24.504666666666672], [54.52291666666667, 24.504666666666672], [54.523, 24.504500000000007], [54.523250000000004, 24.504500000000007], [54.523250000000004, 24.50441666666667], [54.52333333333333, 24.50441666666667], [54.52333333333333, 24.504250000000006], [54.523500000000006, 24.504250000000006], [54.523500000000006, 24.504083333333337], [54.523583333333335, 24.504083333333337], [54.523583333333335, 24.504000000000005], [54.523833333333336, 24.504000000000005], [54.523833333333336, 24.503916666666672], [54.52391666666667, 24.503916666666672], [54.52391666666667, 24.50358333333334], [54.524, 24.50358333333334], [54.524, 24.503500000000006], [54.524166666666666, 24.503500000000006], [54.524166666666666, 24.503333333333337], [54.52425, 24.503333333333337], [54.52425, 24.503166666666672], [54.524166666666666, 24.503166666666672], [54.524166666666666, 24.50308333333334], [54.52391666666667, 24.50308333333334], [54.52391666666667, 24.503166666666672], [54.52375, 24.503166666666672], [54.52366666666667, 24.503333333333337], [54.52341666666667, 24.503333333333337], [54.52341666666667, 24.503416666666674], [54.52316666666667, 24.503416666666674], [54.52316666666667, 24.503500000000006], [54.52291666666667, 24.503500000000006], [54.52291666666667, 24.50358333333334], [54.52275, 24.50358333333334], [54.52275, 24.50366666666667], [54.52258333333334, 24.503750000000007], [54.52258333333334, 24.50383333333334], [54.52241666666667, 24.50383333333334], [54.52241666666667, 24.504000000000005], [54.52225, 24.504083333333337], [54.52225, 24.504250000000006], [54.52216666666667, 24.504250000000006], [54.52216666666667, 24.50433333333334], [54.522000000000006, 24.50433333333334], [54.522000000000006, 24.50441666666667], [54.52183333333333, 24.50441666666667], [54.52183333333333, 24.50458333333334], [54.52166666666667, 24.504666666666672], [54.52166666666667, 24.504750000000005], [54.5215, 24.504750000000005], [54.5215, 24.504833333333337], [54.52133333333334, 24.504833333333337], [54.52133333333334, 24.504916666666674], [54.52125, 24.504916666666674], [54.52116666666667, 24.50508333333334], [54.521, 24.50508333333334], [54.521, 24.50516666666667], [54.52091666666667, 24.50516666666667], [54.52091666666667, 24.50533333333334], [54.52075, 24.505416666666672], [54.52075, 24.505666666666674], [54.52066666666667, 24.505666666666674], [54.52066666666667, 24.50583333333334], [54.520500000000006, 24.50583333333334], [54.520500000000006, 24.506000000000007], [54.52041666666667, 24.506000000000007], [54.52041666666667, 24.506250000000005], [54.520250000000004, 24.506250000000005], [54.520250000000004, 24.50683333333334], [54.52008333333334, 24.50683333333334], [54.52008333333334, 24.507000000000005], [54.52, 24.507000000000005], [54.52, 24.507083333333338], [54.51983333333334, 24.507166666666674], [54.51983333333334, 24.50733333333334], [54.5195, 24.50733333333334], [54.5195, 24.507166666666674], [54.51941666666667, 24.507166666666674], [54.51941666666667, 24.50758333333334], [54.519333333333336, 24.50758333333334], [54.519333333333336, 24.507750000000005], [54.51925, 24.507750000000005], [54.51925, 24.507833333333338], [54.519083333333334, 24.507833333333338], [54.519000000000005, 24.508000000000006], [54.51891666666667, 24.508000000000006], [54.51891666666667, 24.508250000000007], [54.51883333333333, 24.508250000000007], [54.51883333333333, 24.50808333333334], [54.518750000000004, 24.50808333333334], [54.518750000000004, 24.507916666666674], [54.51866666666667, 24.507916666666674], [54.51866666666667, 24.507833333333338], [54.5185, 24.507833333333338], [54.5185, 24.507500000000007], [54.51841666666667, 24.507500000000007], [54.51841666666667, 24.50741666666667], [54.51825, 24.507500000000007], [54.51825, 24.507666666666672], [54.51816666666667, 24.507666666666672], [54.51816666666667, 24.507750000000005], [54.51791666666667, 24.507750000000005], [54.51791666666667, 24.507833333333338], [54.517833333333336, 24.507833333333338], [54.517833333333336, 24.507916666666674], [54.51766666666667, 24.508000000000006], [54.51766666666667, 24.50808333333334], [54.517500000000005, 24.50808333333334], [54.517500000000005, 24.508416666666673], [54.51775, 24.508416666666673], [54.51775, 24.50833333333334], [54.517833333333336, 24.50833333333334], [54.517833333333336, 24.50808333333334], [54.518, 24.50808333333334], [54.518, 24.508000000000006], [54.51825, 24.508000000000006], [54.51825, 24.50808333333334], [54.51841666666667, 24.50816666666667], [54.51841666666667, 24.508500000000005], [54.5185, 24.508500000000005], [54.5185, 24.508750000000006], [54.51858333333334, 24.508750000000006], [54.51858333333334, 24.509000000000007], [54.51866666666667, 24.509000000000007], [54.51866666666667, 24.50958333333334], [54.5185, 24.50958333333334], [54.5185, 24.509750000000007], [54.51841666666667, 24.509750000000007], [54.51841666666667, 24.50983333333334], [54.5185, 24.50983333333334], [54.5185, 24.510000000000005], [54.51833333333334, 24.510083333333338], [54.51833333333334, 24.510500000000008], [54.51825, 24.510500000000008], [54.51825, 24.510833333333338], [54.51816666666667, 24.510833333333338], [54.51816666666667, 24.511250000000008], [54.51808333333334, 24.511250000000008], [54.51808333333334, 24.51183333333334], [54.51791666666667, 24.51183333333334], [54.518, 24.512000000000008], [54.51816666666667, 24.51208333333334], [54.51816666666667, 24.512250000000005], [54.518, 24.512250000000005], [54.518, 24.512416666666674], [54.51791666666667, 24.512416666666674], [54.51791666666667, 24.51283333333334], [54.51808333333334, 24.512916666666673], [54.51808333333334, 24.513166666666674], [54.51825, 24.513250000000006], [54.51825, 24.51341666666667], [54.51808333333334, 24.51341666666667], [54.51808333333334, 24.513500000000004], [54.51791666666667, 24.513500000000004], [54.51791666666667, 24.51358333333334], [54.517833333333336, 24.51358333333334]], [[54.51675, 24.511500000000005], [54.51683333333334, 24.511500000000005], [54.51683333333334, 24.51133333333334], [54.517, 24.51133333333334], [54.517, 24.511250000000008], [54.51716666666667, 24.51116666666667], [54.51716666666667, 24.510916666666674], [54.517250000000004, 24.510916666666674], [54.517250000000004, 24.510750000000005], [54.51741666666667, 24.510750000000005], [54.51741666666667, 24.51058333333334], [54.517583333333334, 24.51058333333334], [54.517500000000005, 24.51041666666667], [54.51733333333333, 24.51041666666667], [54.51733333333333, 24.51033333333334], [54.51716666666667, 24.51033333333334], [54.51716666666667, 24.510250000000006], [54.51708333333334, 24.510250000000006], [54.51708333333334, 24.51041666666667], [54.51716666666667, 24.51041666666667], [54.51716666666667, 24.510666666666673], [54.51708333333334, 24.510666666666673], [54.51708333333334, 24.510500000000008], [54.51666666666667, 24.510500000000008], [54.51666666666667, 24.51058333333334], [54.51658333333334, 24.51058333333334], [54.51658333333334, 24.510833333333338], [54.51691666666667, 24.510833333333338], [54.51691666666667, 24.510750000000005], [54.517, 24.510750000000005], [54.517, 24.511000000000006], [54.51691666666667, 24.511000000000006], [54.51683333333334, 24.51116666666667], [54.51675, 24.51116666666667], [54.51675, 24.511500000000005]], [[54.517583333333334, 24.510916666666674], [54.51766666666667, 24.510916666666674], [54.51766666666667, 24.510750000000005], [54.517583333333334, 24.510750000000005], [54.517583333333334, 24.510916666666674]], [[54.51566666666667, 24.510500000000008], [54.515750000000004, 24.510500000000008], [54.515750000000004, 24.51041666666667], [54.51566666666667, 24.51041666666667], [54.51566666666667, 24.510500000000008]], [[54.51966666666667, 24.509750000000007], [54.51983333333334, 24.509750000000007], [54.51983333333334, 24.50966666666667], [54.51966666666667, 24.50958333333334], [54.51966666666667, 24.509750000000007]], [[54.52166666666667, 24.50733333333334], [54.521750000000004, 24.50733333333334], [54.521750000000004, 24.507166666666674], [54.52158333333334, 24.507083333333338], [54.52158333333334, 24.507250000000006], [54.52166666666667, 24.507250000000006], [54.52166666666667, 24.50733333333334]], [[54.519333333333336, 24.507166666666674], [54.51941666666667, 24.507166666666674], [54.51941666666667, 24.507083333333338], [54.519333333333336, 24.507083333333338], [54.519333333333336, 24.507166666666674]], [[54.52466666666667, 24.50308333333334], [54.52483333333333, 24.50308333333334], [54.52483333333333, 24.503000000000007], [54.52491666666667, 24.503000000000007], [54.52491666666667, 24.50283333333334], [54.52483333333333, 24.50283333333334], [54.52483333333333, 24.50291666666667], [54.52466666666667, 24.50291666666667], [54.52466666666667, 24.50308333333334]], [[54.520833333333336, 24.50233333333334], [54.52108333333334, 24.50233333333334], [54.52108333333334, 24.502250000000007], [54.52133333333334, 24.502250000000007], [54.52133333333334, 24.50208333333334], [54.52141666666667, 24.50208333333334], [54.52141666666667, 24.502000000000006], [54.52158333333334, 24.502000000000006], [54.52158333333334, 24.501916666666673], [54.522083333333335, 24.501916666666673], [54.52225, 24.50158333333334], [54.52258333333334, 24.50158333333334], [54.52258333333334, 24.501666666666672], [54.52308333333334, 24.501666666666672], [54.52308333333334, 24.50158333333334], [54.52316666666667, 24.50158333333334], [54.52316666666667, 24.50141666666667], [54.523500000000006, 24.501250000000006], [54.523500000000006, 24.50108333333334], [54.523583333333335, 24.50108333333334], [54.523583333333335, 24.500916666666672], [54.523500000000006, 24.500916666666672], [54.523500000000006, 24.50083333333334], [54.52333333333333, 24.50083333333334], [54.52333333333333, 24.50066666666667], [54.523250000000004, 24.50066666666667], [54.523250000000004, 24.50058333333334], [54.52308333333334, 24.50058333333334], [54.52308333333334, 24.500500000000006], [54.52283333333334, 24.500500000000006], [54.52283333333334, 24.499750000000006], [54.52266666666667, 24.499750000000006], [54.52266666666667, 24.499666666666673], [54.52258333333334, 24.499666666666673], [54.52258333333334, 24.49983333333334], [54.52241666666667, 24.49983333333334], [54.522333333333336, 24.499666666666673], [54.52216666666667, 24.499666666666673], [54.52216666666667, 24.500000000000007], [54.52225, 24.500000000000007], [54.52225, 24.500250000000005], [54.522333333333336, 24.500250000000005], [54.522333333333336, 24.50033333333334], [54.5225, 24.500416666666673], [54.5225, 24.500916666666672], [54.522333333333336, 24.50083333333334], [54.522333333333336, 24.500750000000007], [54.52216666666667, 24.500750000000007], [54.52216666666667, 24.50066666666667], [54.522000000000006, 24.50066666666667], [54.522000000000006, 24.50058333333334], [54.52183333333333, 24.500500000000006], [54.521750000000004, 24.50033333333334], [54.52158333333334, 24.50033333333334], [54.52158333333334, 24.500750000000007], [54.5215, 24.500750000000007], [54.5215, 24.50083333333334], [54.52133333333334, 24.50083333333334], [54.52133333333334, 24.500750000000007], [54.521, 24.500750000000007], [54.521, 24.500916666666672], [54.52091666666667, 24.500916666666672], [54.52091666666667, 24.50108333333334], [54.520833333333336, 24.50108333333334], [54.520833333333336, 24.501250000000006], [54.52075, 24.501250000000006], [54.52075, 24.50133333333334], [54.520583333333335, 24.50133333333334], [54.520500000000006, 24.501500000000007], [54.52041666666667, 24.501500000000007], [54.52041666666667, 24.501666666666672], [54.520250000000004, 24.501750000000005], [54.520250000000004, 24.501916666666673], [54.52033333333333, 24.501916666666673], [54.52033333333333, 24.50208333333334], [54.520583333333335, 24.50208333333334], [54.520583333333335, 24.50216666666667], [54.52075, 24.50216666666667], [54.520833333333336, 24.50233333333334]], [[54.51808333333334, 24.502250000000007], [54.51816666666667, 24.502250000000007], [54.51816666666667, 24.50216666666667], [54.51808333333334, 24.50216666666667], [54.51808333333334, 24.502250000000007]], [[54.518, 24.50216666666667], [54.51808333333334, 24.50216666666667], [54.51808333333334, 24.50208333333334], [54.518, 24.50208333333334], [54.518, 24.50216666666667]], [[54.51858333333334, 24.50108333333334], [54.51866666666667, 24.50108333333334], [54.51866666666667, 24.501000000000005], [54.51858333333334, 24.501000000000005], [54.51858333333334, 24.50108333333334]], [[54.518750000000004, 24.501000000000005], [54.519083333333334, 24.501000000000005], [54.519083333333334, 24.50083333333334], [54.51916666666667, 24.50083333333334], [54.51916666666667, 24.500750000000007], [54.51883333333333, 24.500750000000007], [54.51883333333333, 24.50083333333334], [54.518750000000004, 24.50083333333334], [54.518750000000004, 24.501000000000005]], [[54.53158333333334, 24.500166666666672], [54.531666666666666, 24.500166666666672], [54.531666666666666, 24.50008333333334], [54.53158333333334, 24.50008333333334], [54.53158333333334, 24.500166666666672]], [[54.51891666666667, 24.500000000000007], [54.519083333333334, 24.500000000000007], [54.519083333333334, 24.49991666666667], [54.51916666666667, 24.49991666666667], [54.51916666666667, 24.49983333333334], [54.519333333333336, 24.499750000000006], [54.519333333333336, 24.499666666666673], [54.51958333333334, 24.499666666666673], [54.51958333333334, 24.499000000000006], [54.51966666666667, 24.499000000000006], [54.51958333333334, 24.49883333333334], [54.51941666666667, 24.49883333333334], [54.51941666666667, 24.498916666666673], [54.51925, 24.498916666666673], [54.51925, 24.499250000000007], [54.519333333333336, 24.499250000000007], [54.519333333333336, 24.499416666666672], [54.51941666666667, 24.499416666666672], [54.51941666666667, 24.499500000000005], [54.519333333333336, 24.499500000000005], [54.519333333333336, 24.49958333333334], [54.519000000000005, 24.49958333333334], [54.519000000000005, 24.499750000000006], [54.51883333333333, 24.499750000000006], [54.51883333333333, 24.49991666666667], [54.51891666666667, 24.49991666666667], [54.51891666666667, 24.500000000000007]], [[54.51983333333334, 24.499666666666673], [54.51991666666667, 24.499666666666673], [54.51991666666667, 24.49958333333334], [54.51983333333334, 24.49958333333334], [54.51983333333334, 24.499666666666673]], [[54.520583333333335, 24.499500000000005], [54.52066666666667, 24.499500000000005], [54.52066666666667, 24.499416666666672], [54.520583333333335, 24.499416666666672], [54.520583333333335, 24.499500000000005]], [[54.52308333333334, 24.499500000000005], [54.523250000000004, 24.499500000000005], [54.523250000000004, 24.499416666666672], [54.52308333333334, 24.499416666666672], [54.52308333333334, 24.499500000000005]], [[54.52883333333334, 24.499416666666672], [54.52916666666667, 24.499416666666672], [54.52916666666667, 24.49933333333334], [54.529333333333334, 24.49933333333334], [54.529333333333334, 24.499250000000007], [54.529250000000005, 24.499250000000007], [54.529250000000005, 24.49916666666667], [54.52891666666667, 24.49916666666667], [54.52891666666667, 24.499250000000007], [54.52883333333334, 24.499250000000007], [54.52883333333334, 24.499416666666672]], [[54.51975, 24.49933333333334], [54.52, 24.49933333333334], [54.52, 24.49916666666667], [54.51983333333334, 24.49908333333334], [54.51983333333334, 24.499250000000007], [54.51975, 24.499250000000007], [54.51975, 24.49933333333334]], [[54.52425, 24.498750000000005], [54.52433333333334, 24.498750000000005], [54.52433333333334, 24.49858333333334], [54.52491666666667, 24.49858333333334], [54.52491666666667, 24.498500000000007], [54.525000000000006, 24.498500000000007], [54.525000000000006, 24.49833333333334], [54.52483333333333, 24.498250000000006], [54.52483333333333, 24.49808333333334], [54.52433333333334, 24.49808333333334], [54.52433333333334, 24.498166666666673], [54.524166666666666, 24.498166666666673], [54.524166666666666, 24.49808333333334], [54.52408333333334, 24.49808333333334], [54.52408333333334, 24.498166666666673], [54.52391666666667, 24.498166666666673], [54.52391666666667, 24.49808333333334], [54.52375, 24.49808333333334], [54.52375, 24.498250000000006], [54.52391666666667, 24.49833333333334], [54.52391666666667, 24.498500000000007], [54.52408333333334, 24.498500000000007], [54.52408333333334, 24.49858333333334], [54.52425, 24.498666666666672], [54.52425, 24.498750000000005]], [[54.524, 24.49808333333334], [54.52408333333334, 24.49808333333334], [54.52408333333334, 24.498000000000005], [54.524, 24.498000000000005], [54.524, 24.49808333333334]], [[54.52608333333334, 24.498000000000005], [54.526583333333335, 24.498000000000005], [54.526583333333335, 24.497916666666672], [54.526833333333336, 24.497916666666672], [54.526833333333336, 24.49783333333334], [54.52675, 24.49783333333334], [54.52675, 24.497750000000007], [54.526833333333336, 24.497750000000007], [54.526833333333336, 24.49766666666667], [54.52675, 24.49766666666667], [54.52675, 24.49733333333334], [54.52641666666667, 24.49733333333334], [54.52641666666667, 24.497250000000005], [54.52633333333333, 24.497250000000005], [54.52633333333333, 24.49733333333334], [54.52608333333334, 24.49733333333334], [54.52608333333334, 24.49766666666667], [54.526, 24.49766666666667], [54.526, 24.497916666666672], [54.52608333333334, 24.497916666666672], [54.52608333333334, 24.498000000000005]], [[54.52708333333334, 24.497416666666673], [54.52733333333334, 24.497416666666673], [54.52733333333334, 24.49733333333334], [54.527166666666666, 24.497250000000005], [54.52708333333334, 24.497416666666673]], [[54.53008333333334, 24.49733333333334], [54.53025, 24.49733333333334], [54.53025, 24.497250000000005], [54.530166666666666, 24.497250000000005], [54.530166666666666, 24.49708333333334], [54.53008333333334, 24.49708333333334], [54.53008333333334, 24.49733333333334]], [[54.53025, 24.497166666666672], [54.53033333333334, 24.497166666666672], [54.53033333333334, 24.49708333333334], [54.53025, 24.49708333333334], [54.53025, 24.497166666666672]]]}, "properties": {"stand": 4, "area_ha": 178.9, "alert": false, "z": 0.27}}, {"type": "Feature", "geometry": {"type": "Polygon", "coordinates": [[[54.515750000000004, 24.49908333333334], [54.515750000000004, 24.498750000000005], [54.51583333333333, 24.498750000000005], [54.51583333333333, 24.49858333333334], [54.51591666666667, 24.49858333333334], [54.51591666666667, 24.49841666666667], [54.515750000000004, 24.49841666666667], [54.515750000000004, 24.49833333333334], [54.51558333333334, 24.49833333333334], [54.51558333333334, 24.498250000000006], [54.51541666666667, 24.498166666666673], [54.51541666666667, 24.497916666666672], [54.5155, 24.497916666666672], [54.5155, 24.49783333333334], [54.51533333333334, 24.497750000000007], [54.51533333333334, 24.49733333333334], [54.5155, 24.49733333333334], [54.5155, 24.497250000000005], [54.51566666666667, 24.497166666666672], [54.51566666666667, 24.497000000000007], [54.51558333333334, 24.497000000000007], [54.51558333333334, 24.49658333333334], [54.51566666666667, 24.49658333333334], [54.51566666666667, 24.496416666666672], [54.515750000000004, 24.496416666666672], [54.515750000000004, 24.496250000000007], [54.51591666666667, 24.496250000000007], [54.51591666666667, 24.49608333333334], [54.516000000000005, 24.49608333333334], [54.516000000000005, 24.496000000000006], [54.51616666666667, 24.495916666666673], [54.51616666666667, 24.49583333333334], [54.51641666666667, 24.49583333333334], [54.51641666666667, 24.495666666666672], [54.5165, 24.495666666666672], [54.5165, 24.495750000000005], [54.51658333333334, 24.495750000000005], [54.51658333333334, 24.49608333333334], [54.5165, 24.49608333333334], [54.5165, 24.496500000000005], [54.51666666666667, 24.496500000000005], [54.51666666666667, 24.496416666666672], [54.51675, 24.496416666666672], [54.51675, 24.496250000000007], [54.51683333333334, 24.496250000000007], [54.51683333333334, 24.49608333333334], [54.517, 24.49608333333334], [54.517, 24.495916666666673], [54.51716666666667, 24.49583333333334], [54.51716666666667, 24.495666666666672], [54.517250000000004, 24.495666666666672], [54.517250000000004, 24.495500000000007], [54.51741666666667, 24.495500000000007], [54.51741666666667, 24.49541666666667], [54.517500000000005, 24.49541666666667], [54.517500000000005, 24.49508333333334], [54.51766666666667, 24.495000000000005], [54.51766666666667, 24.494916666666672], [54.51791666666667, 24.494916666666672], [54.51791666666667, 24.49466666666667], [54.51808333333334, 24.49466666666667], [54.51808333333334, 24.49458333333334], [54.51841666666667, 24.49458333333334], [54.51833333333334, 24.494416666666673], [54.518750000000004, 24.494416666666673], [54.518750000000004, 24.49433333333334], [54.519000000000005, 24.49433333333334], [54.519000000000005, 24.494250000000005], [54.51916666666667, 24.494250000000005], [54.51916666666667, 24.49433333333334], [54.51958333333334, 24.49433333333334], [54.51958333333334, 24.494416666666673], [54.51966666666667, 24.494416666666673], [54.51975, 24.494250000000005], [54.52008333333334, 24.494250000000005], [54.52008333333334, 24.49433333333334], [54.520500000000006, 24.49433333333334], [54.520500000000006, 24.494416666666673], [54.52066666666667, 24.494416666666673], [54.52066666666667, 24.49433333333334], [54.521, 24.49433333333334], [54.521, 24.494416666666673], [54.52116666666667, 24.494416666666673], [54.52116666666667, 24.494500000000006], [54.52125, 24.494500000000006], [54.52125, 24.49466666666667], [54.5215, 24.49466666666667], [54.5215, 24.49458333333334], [54.52183333333333, 24.49458333333334], [54.52183333333333, 24.49466666666667], [54.522083333333335, 24.49466666666667], [54.522083333333335, 24.494750000000007], [54.52191666666667, 24.49483333333334], [54.52191666666667, 24.494916666666672], [54.521750000000004, 24.494916666666672], [54.521750000000004, 24.495000000000005], [54.52166666666667, 24.495000000000005], [54.52166666666667, 24.495250000000006], [54.521750000000004, 24.495250000000006], [54.521750000000004, 24.49533333333334], [54.52225, 24.49533333333334], [54.52225, 24.495166666666673], [54.52216666666667, 24.495166666666673], [54.52216666666667, 24.495000000000005], [54.5225, 24.49483333333334], [54.5225, 24.494916666666672], [54.52258333333334, 24.494916666666672], [54.52258333333334, 24.495000000000005], [54.5225, 24.495000000000005], [54.5225, 24.495166666666673], [54.52275, 24.495166666666673], [54.52275, 24.495250000000006], [54.52283333333334, 24.495250000000006], [54.52283333333334, 24.49541666666667], [54.523, 24.49541666666667], [54.523, 24.495250000000006], [54.52308333333334, 24.495250000000006], [54.52308333333334, 24.495166666666673], [54.523250000000004, 24.495166666666673], [54.52341666666667, 24.495500000000007], [54.523583333333335, 24.495500000000007], [54.52366666666667, 24.495666666666672], [54.523833333333336, 24.495666666666672], [54.523833333333336, 24.495750000000005], [54.52391666666667, 24.495750000000005], [54.52391666666667, 24.495916666666673], [54.52375, 24.495916666666673], [54.52375, 24.496000000000006], [54.523583333333335, 24.495916666666673], [54.523583333333335, 24.49583333333334], [54.52341666666667, 24.49583333333334], [54.52341666666667, 24.495750000000005], [54.52308333333334, 24.495750000000005], [54.52308333333334, 24.49583333333334], [54.52266666666667, 24.49583333333334], [54.52266666666667, 24.495916666666673], [54.52283333333334, 24.495916666666673], [54.52283333333334, 24.49608333333334], [54.52275, 24.49608333333334], [54.52275, 24.496000000000006], [54.52258333333334, 24.496000000000006], [54.52258333333334, 24.49608333333334], [54.52241666666667, 24.49608333333334], [54.52241666666667, 24.496000000000006], [54.522333333333336, 24.496000000000006], [54.522333333333336, 24.49608333333334], [54.52216666666667, 24.49608333333334], [54.52216666666667, 24.49616666666667], [54.52183333333333, 24.49616666666667], [54.52183333333333, 24.49608333333334], [54.52166666666667, 24.49608333333334], [54.52166666666667, 24.496000000000006], [54.52158333333334, 24.496000000000006], [54.52158333333334, 24.496250000000007], [54.5215, 24.496250000000007], [54.5215, 24.49633333333334], [54.52125, 24.49633333333334], [54.52125, 24.496416666666672], [54.52133333333334, 24.496416666666672], [54.52133333333334, 24.49658333333334], [54.52141666666667, 24.49658333333334], [54.52141666666667, 24.496750000000006], [54.52158333333334, 24.496750000000006], [54.52158333333334, 24.496666666666673], [54.52166666666667, 24.496666666666673], [54.52166666666667, 24.496750000000006], [54.52183333333333, 24.496750000000006], [54.52183333333333, 24.49683333333334], [54.522083333333335, 24.49683333333334], [54.522083333333335, 24.49691666666667], [54.52216666666667, 24.49691666666667], [54.52216666666667, 24.496750000000006], [54.522333333333336, 24.496750000000006], [54.522333333333336, 24.49683333333334], [54.52241666666667, 24.49683333333334], [54.52241666666667, 24.497000000000007], [54.52266666666667, 24.497000000000007], [54.52266666666667, 24.49708333333334], [54.52275, 24.49708333333334], [54.52275, 24.497250000000005], [54.52266666666667, 24.497250000000005], [54.52266666666667, 24.49733333333334], [54.5225, 24.49733333333334], [54.5225, 24.497250000000005], [54.52216666666667, 24.497250000000005], [54.52216666666667, 24.497166666666672], [54.522000000000006, 24.49708333333334], [54.522000000000006, 24.49733333333334], [54.521750000000004, 24.49733333333334], [54.521750000000004, 24.497416666666673], [54.5215, 24.497416666666673], [54.5215, 24.49733333333334], [54.52141666666667, 24.49733333333334], [54.52141666666667, 24.497416666666673], [54.52091666666667, 24.497416666666673], [54.52091666666667, 24.49733333333334], [54.520833333333336, 24.49733333333334], [54.52075, 24.497166666666672], [54.520500000000006, 24.497166666666672], [54.520500000000006, 24.49708333333334], [54.52041666666667, 24.49708333333334], [54.52041666666667, 24.497166666666672], [54.51975, 24.497166666666672], [54.51975, 24.497250000000005], [54.51958333333334, 24.497250000000005], [54.51958333333334, 24.497416666666673], [54.51941666666667, 24.497500000000006], [54.51941666666667, 24.49783333333334], [54.51966666666667, 24.49783333333334], [54.51966666666667, 24.497750000000007], [54.520250000000004, 24.497750000000007], [54.520250000000004, 24.49783333333334], [54.52033333333333, 24.49783333333334], [54.52033333333333, 24.497916666666672], [54.520250000000004, 24.497916666666672], [54.520250000000004, 24.49808333333334], [54.52033333333333, 24.49808333333334], [54.52033333333333, 24.498166666666673], [54.520583333333335, 24.498166666666673], [54.520583333333335, 24.49808333333334], [54.521, 24.49808333333334], [54.521, 24.497916666666672], [54.52108333333334, 24.497916666666672], [54.52108333333334, 24.497750000000007], [54.52133333333334, 24.497750000000007], [54.52133333333334, 24.497916666666672], [54.5215, 24.497916666666672], [54.5215, 24.497750000000007], [54.52158333333334, 24.497750000000007], [54.52158333333334, 24.49783333333334], [54.521750000000004, 24.49783333333334], [54.521750000000004, 24.49766666666667], [54.52183333333333, 24.49766666666667], [54.52191666666667, 24.49783333333334], [54.52183333333333, 24.49783333333334], [54.52183333333333, 24.498000000000005], [54.52166666666667, 24.49808333333334], [54.52166666666667, 24.498166666666673], [54.52133333333334, 24.498166666666673], [54.52133333333334, 24.498250000000006], [54.52108333333334, 24.498250000000006], [54.52108333333334, 24.49833333333334], [54.520500000000006, 24.49833333333334], [54.520500000000006, 24.498250000000006], [54.52041666666667, 24.498250000000006], [54.52041666666667, 24.49833333333334], [54.51991666666667, 24.49833333333334], [54.51991666666667, 24.498250000000006], [54.519333333333336, 24.498250000000006], [54.519333333333336, 24.498166666666673], [54.51916666666667, 24.498166666666673], [54.51916666666667, 24.49833333333334], [54.51891666666667, 24.49833333333334], [54.51883333333333, 24.498166666666673], [54.51866666666667, 24.498166666666673], [54.51866666666667, 24.49841666666667], [54.51858333333334, 24.49841666666667], [54.5185, 24.498250000000006], [54.51841666666667, 24.498250000000006], [54.51841666666667, 24.49833333333334], [54.518, 24.49833333333334], [54.518, 24.498250000000006], [54.517833333333336, 24.498166666666673], [54.517833333333336, 24.49808333333334], [54.517583333333334, 24.49808333333334], [54.517583333333334, 24.498000000000005], [54.51741666666667, 24.498000000000005], [54.51741666666667, 24.498166666666673], [54.51733333333333, 24.498166666666673], [54.51733333333333, 24.49841666666667], [54.51691666666667, 24.49841666666667], [54.51691666666667, 24.498500000000007], [54.51641666666667, 24.498500000000007], [54.51641666666667, 24.49858333333334], [54.516333333333336, 24.49858333333334], [54.516333333333336, 24.498666666666672], [54.51616666666667, 24.498750000000005], [54.51616666666667, 24.498916666666673], [54.516000000000005, 24.498916666666673], [54.516000000000005, 24.499000000000006], [54.51583333333333, 24.499000000000006], [54.51583333333333, 24.49908333333334], [54.515750000000004, 24.49908333333334]], [[54.51625, 24.497916666666672], [54.516333333333336, 24.497916666666672], [54.516333333333336, 24.49783333333334], [54.51625, 24.49783333333334], [54.51625, 24.497916666666672]], [[54.51583333333333, 24.49766666666667], [54.516083333333334, 24.49766666666667], [54.516083333333334, 24.49758333333334], [54.51591666666667, 24.497500000000006], [54.51583333333333, 24.49766666666667]], [[54.517583333333334, 24.497500000000006], [54.51833333333334, 24.497500000000006], [54.51833333333334, 24.497000000000007], [54.51841666666667, 24.497000000000007], [54.51841666666667, 24.49691666666667], [54.51866666666667, 24.49691666666667], [54.51866666666667, 24.49683333333334], [54.51883333333333, 24.496750000000006], [54.51883333333333, 24.49658333333334], [54.51891666666667, 24.49658333333334], [54.51891666666667, 24.496500000000005], [54.51883333333333, 24.496500000000005], [54.51883333333333, 24.496416666666672], [54.51841666666667, 24.496416666666672], [54.51841666666667, 24.496500000000005], [54.51825, 24.496500000000005], [54.51825, 24.49658333333334], [54.51766666666667, 24.49658333333334], [54.517583333333334, 24.496750000000006], [54.51733333333333, 24.496750000000006], [54.51733333333333, 24.49683333333334], [54.51708333333334, 24.49683333333334], [54.51708333333334, 24.49691666666667], [54.51691666666667, 24.49691666666667], [54.51691666666667, 24.49733333333334], [54.517250000000004, 24.49733333333334], [54.517250000000004, 24.497416666666673], [54.517583333333334, 24.497416666666673], [54.517583333333334, 24.497500000000006]], [[54.519000000000005, 24.496500000000005], [54.519083333333334, 24.496500000000005], [54.519083333333334, 24.496416666666672], [54.519000000000005, 24.496416666666672], [54.519000000000005, 24.496500000000005]], [[54.51983333333334, 24.496500000000005], [54.51991666666667, 24.496500000000005], [54.51991666666667, 24.496416666666672], [54.51983333333334, 24.496416666666672], [54.51983333333334, 24.496500000000005]], [[54.52108333333334, 24.496416666666672], [54.52116666666667, 24.496416666666672], [54.52116666666667, 24.49633333333334], [54.52108333333334, 24.49633333333334], [54.52108333333334, 24.496416666666672]], [[54.51941666666667, 24.49633333333334], [54.51966666666667, 24.49633333333334], [54.51966666666667, 24.496250000000007], [54.51941666666667, 24.496250000000007], [54.51941666666667, 24.49633333333334]], [[54.51916666666667, 24.496250000000007], [54.51925, 24.496250000000007], [54.51925, 24.49616666666667], [54.51916666666667, 24.49616666666667], [54.51916666666667, 24.496250000000007]], [[54.520583333333335, 24.496250000000007], [54.52066666666667, 24.496250000000007], [54.52066666666667, 24.49616666666667], [54.520583333333335, 24.49616666666667], [54.520583333333335, 24.496250000000007]], [[54.52133333333334, 24.495500000000007], [54.52141666666667, 24.495500000000007], [54.52141666666667, 24.49541666666667], [54.52133333333334, 24.49541666666667], [54.52133333333334, 24.495500000000007]], [[54.51808333333334, 24.49533333333334], [54.51816666666667, 24.49533333333334], [54.51816666666667, 24.49508333333334], [54.51808333333334, 24.49508333333334], [54.51808333333334, 24.49533333333334]], [[54.51825, 24.495250000000006], [54.51833333333334, 24.495250000000006], [54.51833333333334, 24.495166666666673], [54.51825, 24.495166666666673], [54.51825, 24.495250000000006]], [[54.51941666666667, 24.495250000000006], [54.5195, 24.495250000000006], [54.5195, 24.495166666666673], [54.51941666666667, 24.495166666666673], [54.51941666666667, 24.495250000000006]], [[54.51958333333334, 24.495166666666673], [54.51966666666667, 24.495166666666673], [54.51966666666667, 24.49508333333334], [54.51958333333334, 24.49508333333334], [54.51958333333334, 24.495166666666673]], [[54.51858333333334, 24.494916666666672], [54.51883333333333, 24.494916666666672], [54.51883333333333, 24.49466666666667], [54.518750000000004, 24.49466666666667], [54.518750000000004, 24.494750000000007], [54.51858333333334, 24.494750000000007], [54.51858333333334, 24.49466666666667], [54.5185, 24.49466666666667], [54.5185, 24.49483333333334], [54.51858333333334, 24.49483333333334], [54.51858333333334, 24.494916666666672]], [[54.51975, 24.494916666666672], [54.51983333333334, 24.494916666666672], [54.51983333333334, 24.49483333333334], [54.51975, 24.49483333333334], [54.51975, 24.494916666666672]], [[54.5195, 24.494750000000007], [54.51966666666667, 24.49466666666667], [54.51966666666667, 24.494500000000006], [54.5195, 24.49458333333334], [54.5195, 24.494750000000007]], [[54.51866666666667, 24.49458333333334], [54.51883333333333, 24.49458333333334], [54.51883333333333, 24.494500000000006], [54.51866666666667, 24.494500000000006], [54.51866666666667, 24.49458333333334]]]}, "properties": {"stand": 24, "area_ha": 28.6, "alert": false, "z": -0.53}}, {"type": "Feature", "geometry": {"type": "Polygon", "coordinates": [[[54.4765, 24.501500000000007], [54.4765, 24.50141666666667], [54.47641666666667, 24.50141666666667], [54.47641666666667, 24.50108333333334], [54.476333333333336, 24.50108333333334], [54.476333333333336, 24.500916666666672], [54.47625, 24.500916666666672], [54.47625, 24.500750000000007], [54.47616666666667, 24.500750000000007], [54.47616666666667, 24.500416666666673], [54.476083333333335, 24.500416666666673], [54.476083333333335, 24.500166666666672], [54.476000000000006, 24.500166666666672], [54.476000000000006, 24.500000000000007], [54.475833333333334, 24.49991666666667], [54.475833333333334, 24.499750000000006], [54.475750000000005, 24.499750000000006], [54.475750000000005, 24.49958333333334], [54.47558333333333, 24.499500000000005], [54.47558333333333, 24.499250000000007], [54.475500000000004, 24.499250000000007], [54.475500000000004, 24.499000000000006], [54.47541666666667, 24.499000000000006], [54.47541666666667, 24.498666666666672], [54.47533333333334, 24.498666666666672], [54.47533333333334, 24.498500000000007], [54.47541666666667, 24.498500000000007], [54.47541666666667, 24.49833333333334], [54.47558333333333, 24.498250000000006], [54.47558333333333, 24.49808333333334], [54.47566666666667, 24.49808333333334], [54.47566666666667, 24.498000000000005], [54.475750000000005, 24.498000000000005], [54.475833333333334, 24.49783333333334], [54.47591666666667, 24.49783333333334], [54.47591666666667, 24.497750000000007], [54.476083333333335, 24.49766666666667], [54.476083333333335, 24.497500000000006], [54.47616666666667, 24.497500000000006], [54.47616666666667, 24.49733333333334], [54.476333333333336, 24.497250000000005], [54.476333333333336, 24.497166666666672], [54.47641666666667, 24.497166666666672], [54.47641666666667, 24.497000000000007], [54.4765, 24.497000000000007], [54.4765, 24.49683333333334], [54.47658333333334, 24.49683333333334], [54.47658333333334, 24.496666666666673], [54.47675, 24.496666666666673], [54.47675, 24.49658333333334], [54.47683333333334, 24.49658333333334], [54.47691666666667, 24.496416666666672], [54.47708333333333, 24.496416666666672], [54.47708333333333, 24.49633333333334], [54.477250000000005, 24.49633333333334], [54.477333333333334, 24.49616666666667], [54.477500000000006, 24.49608333333334], [54.477500000000006, 24.495916666666673], [54.477583333333335, 24.495916666666673], [54.477583333333335, 24.49583333333334], [54.477833333333336, 24.49583333333334], [54.477833333333336, 24.495500000000007], [54.47791666666667, 24.495500000000007], [54.47791666666667, 24.49541666666667], [54.47808333333334, 24.49533333333334], [54.47816666666667, 24.495166666666673], [54.47825, 24.495166666666673], [54.47825, 24.49508333333334], [54.47833333333334, 24.49508333333334], [54.47833333333334, 24.495000000000005], [54.478500000000004, 24.494916666666672], [54.478500000000004, 24.49483333333334], [54.47866666666667, 24.49483333333334], [54.47866666666667, 24.494750000000007], [54.478833333333334, 24.494750000000007], [54.47891666666667, 24.49458333333334], [54.47916666666667, 24.49458333333334], [54.47925, 24.494416666666673], [54.47933333333334, 24.494416666666673], [54.47933333333334, 24.49433333333334], [54.4795, 24.494250000000005], [54.4795, 24.49408333333334], [54.47966666666667, 24.494166666666672], [54.47966666666667, 24.494000000000007], [54.47975, 24.494000000000007], [54.47975, 24.49383333333334], [54.47991666666667, 24.493750000000006], [54.47991666666667, 24.49358333333334], [54.480000000000004, 24.49358333333334], [54.48008333333333, 24.493416666666672], [54.480250000000005, 24.49333333333334], [54.480250000000005, 24.49316666666667], [54.48041666666667, 24.493083333333338], [54.48041666666667, 24.492916666666673], [54.480500000000006, 24.492916666666673], [54.480500000000006, 24.49283333333334], [54.48066666666667, 24.492750000000004], [54.48066666666667, 24.492666666666672], [54.48083333333334, 24.492666666666672], [54.48091666666667, 24.492500000000007], [54.48116666666667, 24.492500000000007], [54.48116666666667, 24.49241666666667], [54.48141666666667, 24.49241666666667], [54.48141666666667, 24.492333333333338], [54.48166666666667, 24.492333333333338], [54.48166666666667, 24.492250000000006], [54.481833333333334, 24.492250000000006], [54.481833333333334, 24.492166666666673], [54.482, 24.492166666666673], [54.482, 24.492000000000004], [54.48216666666667, 24.491916666666672], [54.48216666666667, 24.491750000000007], [54.48225, 24.491750000000007], [54.48216666666667, 24.491583333333338], [54.48233333333334, 24.491500000000006], [54.48233333333334, 24.49133333333334], [54.48241666666667, 24.49133333333334], [54.48241666666667, 24.491000000000007], [54.48266666666667, 24.491000000000007], [54.48266666666667, 24.490916666666674], [54.48275, 24.490916666666674], [54.48283333333334, 24.490750000000006], [54.48308333333333, 24.490750000000006], [54.48308333333333, 24.490666666666673], [54.483250000000005, 24.49058333333334], [54.483250000000005, 24.490500000000004], [54.48375, 24.490500000000004], [54.48375, 24.49058333333334], [54.48383333333334, 24.49058333333334], [54.48383333333334, 24.490666666666673], [54.48375, 24.490666666666673], [54.48375, 24.490833333333338], [54.48366666666667, 24.490833333333338], [54.48366666666667, 24.491000000000007], [54.48341666666667, 24.491000000000007], [54.48341666666667, 24.49108333333334], [54.483333333333334, 24.49108333333334], [54.483333333333334, 24.49133333333334], [54.483250000000005, 24.49133333333334], [54.483250000000005, 24.491416666666673], [54.483000000000004, 24.491416666666673], [54.483000000000004, 24.491750000000007], [54.48291666666667, 24.491750000000007], [54.48283333333334, 24.491916666666672], [54.48275, 24.491916666666672], [54.48275, 24.49208333333334], [54.48266666666667, 24.49208333333334], [54.48266666666667, 24.492166666666673], [54.4825, 24.492166666666673], [54.4825, 24.492250000000006], [54.48241666666667, 24.492250000000006], [54.48241666666667, 24.49241666666667], [54.48233333333334, 24.49241666666667], [54.48233333333334, 24.492666666666672], [54.48225, 24.492666666666672], [54.48225, 24.492750000000004], [54.482083333333335, 24.492750000000004], [54.482083333333335, 24.492916666666673], [54.482, 24.492916666666673], [54.482, 24.49316666666667], [54.48225, 24.49316666666667], [54.48225, 24.493083333333338], [54.48233333333334, 24.493083333333338], [54.48233333333334, 24.493000000000006], [54.4825, 24.492916666666673], [54.4825, 24.492750000000004], [54.48258333333334, 24.492750000000004], [54.48258333333334, 24.49258333333334], [54.48275, 24.49258333333334], [54.48275, 24.492333333333338], [54.48283333333334, 24.492333333333338], [54.48291666666667, 24.492166666666673], [54.483000000000004, 24.492166666666673], [54.483000000000004, 24.492000000000004], [54.48308333333333, 24.492000000000004], [54.48308333333333, 24.491916666666672], [54.483250000000005, 24.491916666666672], [54.483250000000005, 24.491750000000007], [54.483333333333334, 24.491750000000007], [54.483333333333334, 24.491666666666674], [54.4835, 24.491583333333338], [54.4835, 24.491416666666673], [54.48366666666667, 24.491416666666673], [54.48375, 24.491250000000004], [54.48391666666667, 24.491166666666672], [54.48391666666667, 24.491000000000007], [54.484, 24.491000000000007], [54.484, 24.490916666666674], [54.48416666666667, 24.490916666666674], [54.48416666666667, 24.490750000000006], [54.48425, 24.490750000000006], [54.48433333333334, 24.49058333333334], [54.484500000000004, 24.49058333333334], [54.484500000000004, 24.490500000000004], [54.48466666666667, 24.490500000000004], [54.48466666666667, 24.490416666666672], [54.484750000000005, 24.490416666666672], [54.484750000000005, 24.490250000000007], [54.484833333333334, 24.490250000000007], [54.484833333333334, 24.490083333333338], [54.48491666666667, 24.490083333333338], [54.48491666666667, 24.490000000000006], [54.48516666666667, 24.490000000000006], [54.48516666666667, 24.489916666666673], [54.48591666666667, 24.489916666666673], [54.48591666666667, 24.48983333333334], [54.486333333333334, 24.48983333333334], [54.486333333333334, 24.489916666666673], [54.48641666666667, 24.489916666666673], [54.48641666666667, 24.490083333333338], [54.4865, 24.490083333333338], [54.4865, 24.49033333333334], [54.486583333333336, 24.49033333333334], [54.486583333333336, 24.490500000000004], [54.48675, 24.490500000000004], [54.48675, 24.49058333333334], [54.487, 24.49058333333334], [54.487, 24.490666666666673], [54.48708333333334, 24.490666666666673], [54.48708333333334, 24.49108333333334], [54.487, 24.49108333333334], [54.487, 24.49133333333334], [54.48691666666667, 24.49133333333334], [54.48691666666667, 24.491416666666673], [54.48675, 24.491416666666673], [54.48675, 24.491583333333338], [54.48666666666667, 24.491583333333338], [54.48666666666667, 24.491750000000007], [54.4865, 24.49183333333334], [54.48641666666667, 24.492000000000004], [54.48616666666667, 24.492000000000004], [54.48616666666667, 24.49208333333334], [54.486000000000004, 24.49208333333334], [54.486000000000004, 24.492166666666673], [54.48575, 24.492166666666673], [54.48575, 24.492250000000006], [54.48566666666667, 24.492250000000006], [54.48558333333334, 24.49241666666667], [54.48541666666667, 24.49241666666667], [54.48541666666667, 24.49258333333334], [54.48516666666667, 24.49258333333334], [54.48516666666667, 24.492750000000004], [54.485083333333336, 24.492750000000004], [54.485083333333336, 24.49283333333334], [54.48491666666667, 24.492916666666673], [54.48491666666667, 24.49316666666667], [54.484750000000005, 24.49316666666667], [54.484750000000005, 24.49333333333334], [54.48458333333333, 24.493416666666672], [54.48458333333333, 24.49358333333334], [54.484500000000004, 24.49358333333334], [54.484500000000004, 24.493666666666673], [54.48433333333334, 24.493666666666673], [54.48433333333334, 24.493750000000006], [54.48425, 24.493750000000006], [54.48425, 24.49383333333334], [54.48408333333334, 24.49391666666667], [54.48408333333334, 24.494000000000007], [54.484, 24.494000000000007], [54.484, 24.49408333333334], [54.48383333333334, 24.49408333333334], [54.48383333333334, 24.494166666666672], [54.48366666666667, 24.494250000000005], [54.48366666666667, 24.49433333333334], [54.483583333333335, 24.49433333333334], [54.483583333333335, 24.49458333333334], [54.4835, 24.49458333333334], [54.4835, 24.494750000000007], [54.483333333333334, 24.494750000000007], [54.483250000000005, 24.494916666666672], [54.48308333333333, 24.495000000000005], [54.48308333333333, 24.495166666666673], [54.483000000000004, 24.495166666666673], [54.483000000000004, 24.495250000000006], [54.48283333333334, 24.495250000000006], [54.48283333333334, 24.49533333333334], [54.48266666666667, 24.49541666666667], [54.48266666666667, 24.495500000000007], [54.4825, 24.495500000000007], [54.4825, 24.495666666666672], [54.48233333333334, 24.495666666666672], [54.48233333333334, 24.49583333333334], [54.48225, 24.49583333333334], [54.48225, 24.496000000000006], [54.48216666666667, 24.496000000000006], [54.48216666666667, 24.49616666666667], [54.482083333333335, 24.49616666666667], [54.482083333333335, 24.496250000000007], [54.48191666666667, 24.496250000000007], [54.48191666666667, 24.496416666666672], [54.481750000000005, 24.496416666666672], [54.481750000000005, 24.49658333333334], [54.48166666666667, 24.49658333333334], [54.48158333333333, 24.496750000000006], [54.48141666666667, 24.496750000000006], [54.48133333333334, 24.49691666666667], [54.48125, 24.49691666666667], [54.48125, 24.497166666666672], [54.48108333333334, 24.497250000000005], [54.48108333333334, 24.497416666666673], [54.48091666666667, 24.497416666666673], [54.48091666666667, 24.497750000000007], [54.48083333333334, 24.497750000000007], [54.48083333333334, 24.497916666666672], [54.48075, 24.497916666666672], [54.48075, 24.49808333333334], [54.48066666666667, 24.49808333333334], [54.48066666666667, 24.49833333333334], [54.480500000000006, 24.49833333333334], [54.480500000000006, 24.49841666666667], [54.48041666666667, 24.49841666666667], [54.48041666666667, 24.49858333333334], [54.480333333333334, 24.49858333333334], [54.480250000000005, 24.498750000000005], [54.48016666666667, 24.498750000000005], [54.48016666666667, 24.498916666666673], [54.48008333333333, 24.498916666666673], [54.48008333333333, 24.499000000000006], [54.47991666666667, 24.49908333333334], [54.47991666666667, 24.49916666666667], [54.47966666666667, 24.49916666666667], [54.47966666666667, 24.499250000000007], [54.47941666666667, 24.499250000000007], [54.47941666666667, 24.49916666666667], [54.47933333333334, 24.49916666666667], [54.47933333333334, 24.499250000000007], [54.47891666666667, 24.499250000000007], [54.478833333333334, 24.499416666666672], [54.47866666666667, 24.499416666666672], [54.47866666666667, 24.499500000000005], [54.47841666666667, 24.499500000000005], [54.47841666666667, 24.49958333333334], [54.47808333333334, 24.49958333333334], [54.478, 24.499416666666672], [54.477833333333336, 24.499416666666672], [54.477833333333336, 24.499500000000005], [54.47766666666667, 24.49958333333334], [54.47766666666667, 24.49933333333334], [54.477833333333336, 24.499250000000007], [54.477833333333336, 24.49908333333334], [54.47791666666667, 24.49908333333334], [54.47791666666667, 24.498916666666673], [54.47808333333334, 24.498916666666673], [54.47808333333334, 24.498666666666672], [54.47825, 24.49858333333334], [54.47825, 24.49833333333334], [54.47833333333334, 24.49833333333334], [54.47833333333334, 24.498250000000006], [54.478500000000004, 24.498250000000006], [54.478500000000004, 24.498000000000005], [54.47858333333333, 24.498000000000005], [54.47858333333333, 24.497750000000007], [54.478500000000004, 24.497750000000007], [54.478500000000004, 24.49766666666667], [54.47833333333334, 24.49758333333334], [54.47833333333334, 24.497750000000007], [54.47825, 24.497750000000007], [54.47825, 24.49783333333334], [54.47808333333334, 24.497916666666672], [54.47808333333334, 24.49808333333334], [54.478, 24.49808333333334], [54.478, 24.498250000000006], [54.477833333333336, 24.498250000000006], [54.477833333333336, 24.49841666666667], [54.47775, 24.49841666666667], [54.47766666666667, 24.49858333333334], [54.477583333333335, 24.49858333333334], [54.477583333333335, 24.498750000000005], [54.477333333333334, 24.498750000000005], [54.477333333333334, 24.499000000000006], [54.477250000000005, 24.499000000000006], [54.477250000000005, 24.49916666666667], [54.47708333333333, 24.499250000000007], [54.47708333333333, 24.499416666666672], [54.47691666666667, 24.499416666666672], [54.47691666666667, 24.49958333333334], [54.47683333333334, 24.49958333333334], [54.47683333333334, 24.500166666666672], [54.47675, 24.500166666666672], [54.47675, 24.50033333333334], [54.47666666666667, 24.50033333333334], [54.47666666666667, 24.50083333333334], [54.47675, 24.50083333333334], [54.47675, 24.500916666666672], [54.47691666666667, 24.500916666666672], [54.477000000000004, 24.50108333333334], [54.47691666666667, 24.50108333333334], [54.47691666666667, 24.501250000000006], [54.47683333333334, 24.501250000000006], [54.47683333333334, 24.50141666666667], [54.47675, 24.50141666666667], [54.47675, 24.501500000000007], [54.4765, 24.501500000000007]], [[54.47841666666667, 24.49883333333334], [54.478500000000004, 24.49883333333334], [54.478500000000004, 24.498750000000005], [54.47841666666667, 24.498750000000005], [54.47841666666667, 24.49883333333334]], [[54.47858333333333, 24.497416666666673], [54.47866666666667, 24.497416666666673], [54.47866666666667, 24.49733333333334], [54.47858333333333, 24.49733333333334], [54.47858333333333, 24.497416666666673]]]}, "properties": {"stand": 15, "area_ha": 59.4, "alert": false, "z": 0.25}}, {"type": "Feature", "geometry": {"type": "Polygon", "coordinates": [[[54.493833333333335, 24.504000000000005], [54.493833333333335, 24.503916666666672], [54.493500000000004, 24.503916666666672], [54.493500000000004, 24.50383333333334], [54.49308333333334, 24.50383333333334], [54.49308333333334, 24.503750000000007], [54.49283333333334, 24.503750000000007], [54.49283333333334, 24.50366666666667], [54.492250000000006, 24.50366666666667], [54.492250000000006, 24.503250000000005], [54.492333333333335, 24.503250000000005], [54.492333333333335, 24.503000000000007], [54.4925, 24.503000000000007], [54.4925, 24.50291666666667], [54.492583333333336, 24.50291666666667], [54.49266666666667, 24.502750000000006], [54.493, 24.502750000000006], [54.493, 24.502666666666673], [54.49308333333334, 24.502666666666673], [54.49308333333334, 24.502500000000005], [54.493, 24.502500000000005], [54.493, 24.502416666666672], [54.492916666666666, 24.502416666666672], [54.492916666666666, 24.502500000000005], [54.49266666666667, 24.502500000000005], [54.492583333333336, 24.50233333333334], [54.49241666666667, 24.50233333333334], [54.49241666666667, 24.502250000000007], [54.49208333333333, 24.502250000000007], [54.49208333333333, 24.501916666666673], [54.492000000000004, 24.501916666666673], [54.492000000000004, 24.501750000000005], [54.49208333333333, 24.501750000000005], [54.49208333333333, 24.501500000000007], [54.492583333333336, 24.501500000000007], [54.492583333333336, 24.50141666666667], [54.49275, 24.50141666666667], [54.49275, 24.501500000000007], [54.492916666666666, 24.501500000000007], [54.492916666666666, 24.50141666666667], [54.49275, 24.50133333333334], [54.49275, 24.501250000000006], [54.492000000000004, 24.501250000000006], [54.492000000000004, 24.50108333333334], [54.49191666666667, 24.50108333333334], [54.49191666666667, 24.50058333333334], [54.49183333333334, 24.50058333333334], [54.49183333333334, 24.500500000000006], [54.49166666666667, 24.500500000000006], [54.49166666666667, 24.500250000000005], [54.49158333333334, 24.500250000000005], [54.49158333333334, 24.500000000000007], [54.4915, 24.500000000000007], [54.49141666666667, 24.49983333333334], [54.49133333333334, 24.49983333333334], [54.49133333333334, 24.499666666666673], [54.49125, 24.499666666666673], [54.49125, 24.49933333333334], [54.49116666666667, 24.49933333333334], [54.49116666666667, 24.49916666666667], [54.491083333333336, 24.49916666666667], [54.491083333333336, 24.49908333333334], [54.49091666666667, 24.49908333333334], [54.490833333333335, 24.498916666666673], [54.49066666666667, 24.498916666666673], [54.49066666666667, 24.49883333333334], [54.49016666666667, 24.49883333333334], [54.49016666666667, 24.498750000000005], [54.49008333333334, 24.498750000000005], [54.49008333333334, 24.498250000000006], [54.48991666666667, 24.49833333333334], [54.48991666666667, 24.49808333333334], [54.49, 24.49808333333334], [54.49, 24.498000000000005], [54.49016666666667, 24.498000000000005], [54.49016666666667, 24.497916666666672], [54.49041666666667, 24.497916666666672], [54.49041666666667, 24.49783333333334], [54.490500000000004, 24.49783333333334], [54.490500000000004, 24.497750000000007], [54.49058333333333, 24.497750000000007], [54.49058333333333, 24.49758333333334], [54.490500000000004, 24.49758333333334], [54.490500000000004, 24.497500000000006], [54.49025, 24.497500000000006], [54.49025, 24.497416666666673], [54.49008333333334, 24.49733333333334], [54.49008333333334, 24.49758333333334], [54.48991666666667, 24.49758333333334], [54.48991666666667, 24.49766666666667], [54.48983333333334, 24.49766666666667], [54.48975, 24.49783333333334], [54.489583333333336, 24.49783333333334], [54.489583333333336, 24.498000000000005], [54.48941666666667, 24.49808333333334], [54.48941666666667, 24.498250000000006], [54.489333333333335, 24.498250000000006], [54.489333333333335, 24.49833333333334], [54.489000000000004, 24.49833333333334], [54.489000000000004, 24.49841666666667], [54.48883333333334, 24.49841666666667], [54.48875, 24.49858333333334], [54.48858333333334, 24.49858333333334], [54.48858333333334, 24.498666666666672], [54.48841666666667, 24.498750000000005], [54.48841666666667, 24.49883333333334], [54.48825, 24.49883333333334], [54.48825, 24.499000000000006], [54.488083333333336, 24.499000000000006], [54.488083333333336, 24.49908333333334], [54.48791666666667, 24.49908333333334], [54.48791666666667, 24.49916666666667], [54.487833333333334, 24.49916666666667], [54.487750000000005, 24.49933333333334], [54.48758333333333, 24.49933333333334], [54.487500000000004, 24.499500000000005], [54.48733333333334, 24.499500000000005], [54.48725, 24.499666666666673], [54.48708333333334, 24.499666666666673], [54.48708333333334, 24.499750000000006], [54.487, 24.499750000000006], [54.48691666666667, 24.49991666666667], [54.48683333333334, 24.49991666666667], [54.48683333333334, 24.500000000000007], [54.48675, 24.500000000000007], [54.48675, 24.50008333333334], [54.486583333333336, 24.50008333333334], [54.486583333333336, 24.500166666666672], [54.48641666666667, 24.500166666666672], [54.48641666666667, 24.500250000000005], [54.486250000000005, 24.500250000000005], [54.486250000000005, 24.50033333333334], [54.486000000000004, 24.50033333333334], [54.486000000000004, 24.500416666666673], [54.48583333333334, 24.500416666666673], [54.48583333333334, 24.50058333333334], [54.48558333333334, 24.50058333333334], [54.48558333333334, 24.50066666666667], [54.48541666666667, 24.50066666666667], [54.48541666666667, 24.500750000000007], [54.48525, 24.500750000000007], [54.48525, 24.50083333333334], [54.48491666666667, 24.50083333333334], [54.48491666666667, 24.500916666666672], [54.48441666666667, 24.500916666666672], [54.48441666666667, 24.49983333333334], [54.48458333333333, 24.49983333333334], [54.48458333333333, 24.499500000000005], [54.48441666666667, 24.499416666666672], [54.48441666666667, 24.499250000000007], [54.48416666666667, 24.499250000000007], [54.48416666666667, 24.49916666666667], [54.48408333333334, 24.49916666666667], [54.48408333333334, 24.498916666666673], [54.48391666666667, 24.49883333333334], [54.48391666666667, 24.498666666666672], [54.483583333333335, 24.498666666666672], [54.483583333333335, 24.49883333333334], [54.4835, 24.49883333333334], [54.4835, 24.498750000000005], [54.483333333333334, 24.498750000000005], [54.483333333333334, 24.498666666666672], [54.48283333333334, 24.498666666666672], [54.48283333333334, 24.49833333333334], [54.48275, 24.49833333333334], [54.48275, 24.498250000000006], [54.48258333333334, 24.498250000000006], [54.4825, 24.49808333333334], [54.48233333333334, 24.49808333333334], [54.48233333333334, 24.497916666666672], [54.48216666666667, 24.498000000000005], [54.48216666666667, 24.497916666666672], [54.482, 24.49783333333334], [54.482, 24.497416666666673], [54.482083333333335, 24.497416666666673], [54.482083333333335, 24.49733333333334], [54.482, 24.49733333333334], [54.482, 24.497000000000007], [54.48216666666667, 24.497000000000007], [54.48216666666667, 24.496750000000006], [54.48233333333334, 24.496750000000006], [54.48233333333334, 24.49658333333334], [54.48241666666667, 24.49658333333334], [54.4825, 24.496416666666672], [54.48266666666667, 24.496416666666672], [54.48266666666667, 24.49633333333334], [54.48283333333334, 24.496250000000007], [54.48283333333334, 24.49608333333334], [54.48291666666667, 24.49608333333334], [54.48291666666667, 24.496000000000006], [54.48308333333333, 24.496000000000006], [54.48308333333333, 24.495916666666673], [54.48316666666667, 24.495916666666673], [54.48316666666667, 24.49583333333334], [54.483333333333334, 24.495750000000005], [54.483333333333334, 24.495500000000007], [54.48341666666667, 24.495500000000007], [54.48341666666667, 24.49558333333334], [54.483583333333335, 24.49558333333334], [54.483583333333335, 24.49533333333334], [54.48366666666667, 24.49533333333334], [54.48375, 24.495166666666673], [54.48383333333334, 24.495166666666673], [54.48383333333334, 24.495000000000005], [54.48391666666667, 24.495000000000005], [54.48391666666667, 24.494916666666672], [54.48408333333334, 24.494916666666672], [54.48416666666667, 24.494750000000007], [54.48425, 24.494750000000007], [54.48425, 24.49466666666667], [54.48441666666667, 24.49458333333334], [54.48441666666667, 24.494416666666673], [54.48458333333333, 24.494416666666673], [54.48458333333333, 24.49433333333334], [54.484750000000005, 24.49433333333334], [54.484750000000005, 24.49408333333334], [54.48491666666667, 24.494000000000007], [54.48491666666667, 24.49391666666667], [54.485083333333336, 24.49391666666667], [54.485083333333336, 24.493750000000006], [54.48525, 24.493666666666673], [54.48525, 24.493500000000004], [54.4855, 24.493500000000004], [54.4855, 24.493416666666672], [54.48558333333334, 24.493416666666672], [54.48558333333334, 24.493250000000007], [54.48566666666667, 24.493250000000007], [54.48566666666667, 24.493083333333338], [54.48583333333334, 24.493000000000006], [54.48583333333334, 24.49283333333334], [54.486000000000004, 24.492916666666673], [54.486000000000004, 24.492666666666672], [54.48616666666667, 24.492666666666672], [54.48616666666667, 24.492500000000007], [54.486333333333334, 24.492500000000007], [54.486333333333334, 24.492333333333338], [54.486583333333336, 24.492333333333338], [54.486583333333336, 24.492250000000006], [54.48675, 24.492250000000006], [54.48675, 24.492166666666673], [54.48683333333334, 24.492166666666673], [54.48683333333334, 24.49208333333334], [54.487, 24.49208333333334], [54.48708333333334, 24.491916666666672], [54.48725, 24.491916666666672], [54.48725, 24.491750000000007], [54.48733333333334, 24.491750000000007], [54.48733333333334, 24.491500000000006], [54.487500000000004, 24.491416666666673], [54.487500000000004, 24.49133333333334], [54.48766666666667, 24.49133333333334], [54.48766666666667, 24.491416666666673], [54.487750000000005, 24.491416666666673], [54.487750000000005, 24.491583333333338], [54.48791666666667, 24.491666666666674], [54.488, 24.49183333333334], [54.487833333333334, 24.49183333333334], [54.487833333333334, 24.492000000000004], [54.487750000000005, 24.492000000000004], [54.487750000000005, 24.49208333333334], [54.48766666666667, 24.49208333333334], [54.48766666666667, 24.492166666666673], [54.487500000000004, 24.492166666666673], [54.487500000000004, 24.492250000000006], [54.48733333333334, 24.492250000000006], [54.48733333333334, 24.49241666666667], [54.48725, 24.49241666666667], [54.48725, 24.492500000000007], [54.48708333333334, 24.49258333333334], [54.48708333333334, 24.49283333333334], [54.48691666666667, 24.49283333333334], [54.48691666666667, 24.493083333333338], [54.48708333333334, 24.493083333333338], [54.48708333333334, 24.493000000000006], [54.48716666666667, 24.493000000000006], [54.48716666666667, 24.49283333333334], [54.48725, 24.49283333333334], [54.48725, 24.492750000000004], [54.48741666666667, 24.492666666666672], [54.48741666666667, 24.492500000000007], [54.48758333333333, 24.492500000000007], [54.48758333333333, 24.49241666666667], [54.48766666666667, 24.49241666666667], [54.487750000000005, 24.492250000000006], [54.48791666666667, 24.492250000000006], [54.48791666666667, 24.492166666666673], [54.488083333333336, 24.492166666666673], [54.488083333333336, 24.492000000000004], [54.48816666666667, 24.492000000000004], [54.48816666666667, 24.491666666666674], [54.48833333333334, 24.491666666666674], [54.48833333333334, 24.491583333333338], [54.4885, 24.491583333333338], [54.4885, 24.491416666666673], [54.48858333333334, 24.491416666666673], [54.48858333333334, 24.49133333333334], [54.48875, 24.49133333333334], [54.48875, 24.491166666666672], [54.48866666666667, 24.491166666666672], [54.48866666666667, 24.49108333333334], [54.4885, 24.49108333333334], [54.4885, 24.491166666666672], [54.48833333333334, 24.491166666666672], [54.48833333333334, 24.491250000000004], [54.488, 24.491250000000004], [54.488, 24.491166666666672], [54.48791666666667, 24.491166666666672], [54.48791666666667, 24.491000000000007], [54.487750000000005, 24.490916666666674], [54.487750000000005, 24.490666666666673], [54.48766666666667, 24.490666666666673], [54.48766666666667, 24.490166666666674], [54.487833333333334, 24.490166666666674], [54.487833333333334, 24.490000000000006], [54.48791666666667, 24.490000000000006], [54.48791666666667, 24.489916666666673], [54.488083333333336, 24.489916666666673], [54.48816666666667, 24.489750000000004], [54.48833333333334, 24.489750000000004], [54.48833333333334, 24.489666666666672], [54.48841666666667, 24.489666666666672], [54.4885, 24.489500000000007], [54.48866666666667, 24.489500000000007], [54.48866666666667, 24.489333333333338], [54.489000000000004, 24.489333333333338], [54.489000000000004, 24.489250000000006], [54.48908333333333, 24.489250000000006], [54.48908333333333, 24.489333333333338], [54.49008333333334, 24.489333333333338], [54.49008333333334, 24.489250000000006], [54.490750000000006, 24.489250000000006], [54.490750000000006, 24.489333333333338], [54.49091666666667, 24.489333333333338], [54.49091666666667, 24.489416666666674], [54.491, 24.489416666666674], [54.491, 24.48958333333334], [54.491083333333336, 24.48958333333334], [54.491083333333336, 24.489416666666674], [54.49116666666667, 24.489416666666674], [54.49116666666667, 24.489250000000006], [54.4915, 24.489250000000006], [54.49158333333334, 24.489416666666674], [54.49183333333334, 24.489416666666674], [54.49183333333334, 24.489500000000007], [54.49191666666667, 24.489500000000007], [54.49191666666667, 24.489666666666672], [54.49208333333333, 24.489666666666672], [54.49208333333333, 24.489750000000004], [54.49241666666667, 24.489750000000004], [54.4925, 24.48958333333334], [54.492583333333336, 24.48958333333334], [54.492583333333336, 24.489666666666672], [54.49275, 24.489750000000004], [54.49275, 24.48983333333334], [54.492916666666666, 24.48983333333334], [54.492916666666666, 24.490166666666674], [54.493, 24.490166666666674], [54.492916666666666, 24.49033333333334], [54.49308333333334, 24.49033333333334], [54.49308333333334, 24.490250000000007], [54.49325, 24.49033333333334], [54.49325, 24.490416666666672], [54.49308333333334, 24.490416666666672], [54.49308333333334, 24.490500000000004], [54.493, 24.490500000000004], [54.493, 24.49058333333334], [54.49316666666667, 24.49058333333334], [54.49325, 24.490750000000006], [54.49341666666667, 24.490750000000006], [54.49341666666667, 24.490833333333338], [54.49358333333333, 24.490833333333338], [54.49358333333333, 24.490916666666674], [54.493750000000006, 24.490916666666674], [54.493833333333335, 24.49108333333334], [54.49391666666667, 24.49108333333334], [54.494, 24.491250000000004], [54.494083333333336, 24.491250000000004], [54.494083333333336, 24.491416666666673], [54.49416666666667, 24.491416666666673], [54.49416666666667, 24.491666666666674], [54.49425, 24.491666666666674], [54.49425, 24.492750000000004], [54.49416666666667, 24.492750000000004], [54.49416666666667, 24.49333333333334], [54.49425, 24.49333333333334], [54.49425, 24.49358333333334], [54.49433333333334, 24.49358333333334], [54.49433333333334, 24.49391666666667], [54.494416666666666, 24.49391666666667], [54.494416666666666, 24.494000000000007], [54.49433333333334, 24.494000000000007], [54.49433333333334, 24.494166666666672], [54.49425, 24.494166666666672], [54.49425, 24.49433333333334], [54.494083333333336, 24.49433333333334], [54.494083333333336, 24.494416666666673], [54.494, 24.494416666666673], [54.494, 24.49466666666667], [54.49466666666667, 24.49466666666667], [54.49475, 24.49483333333334], [54.49483333333334, 24.49483333333334], [54.49483333333334, 24.49466666666667], [54.49491666666667, 24.49466666666667], [54.49491666666667, 24.494250000000005], [54.49483333333334, 24.494250000000005], [54.49483333333334, 24.49408333333334], [54.49491666666667, 24.49408333333334], [54.49491666666667, 24.492500000000007], [54.49516666666667, 24.492500000000007], [54.49516666666667, 24.492250000000006], [54.495250000000006, 24.492250000000006], [54.495250000000006, 24.491583333333338], [54.495333333333335, 24.491583333333338], [54.495333333333335, 24.49133333333334], [54.4955, 24.49133333333334], [54.4955, 24.490833333333338], [54.49541666666667, 24.490833333333338], [54.49541666666667, 24.490750000000006], [54.495250000000006, 24.490750000000006], [54.495250000000006, 24.491166666666672], [54.49475, 24.491166666666672], [54.49475, 24.49108333333334], [54.49466666666667, 24.49108333333334], [54.49458333333334, 24.490916666666674], [54.4945, 24.490916666666674], [54.4945, 24.490833333333338], [54.494416666666666, 24.490833333333338], [54.494416666666666, 24.490750000000006], [54.49425, 24.490750000000006], [54.49425, 24.490666666666673], [54.49366666666667, 24.490666666666673], [54.49366666666667, 24.490416666666672], [54.494, 24.490250000000007], [54.494, 24.489916666666673], [54.494083333333336, 24.489916666666673], [54.494083333333336, 24.48983333333334], [54.49425, 24.48983333333334], [54.49425, 24.489750000000004], [54.494416666666666, 24.489750000000004], [54.494416666666666, 24.48983333333334], [54.49508333333333, 24.48983333333334], [54.49516666666667, 24.490000000000006], [54.49583333333334, 24.490000000000006], [54.49583333333334, 24.490083333333338], [54.49608333333334, 24.490083333333338], [54.49608333333334, 24.490166666666674], [54.497, 24.490166666666674], [54.497, 24.490250000000007], [54.49725, 24.490250000000007], [54.49725, 24.49033333333334], [54.4975, 24.49033333333334], [54.4975, 24.490416666666672], [54.49775, 24.490416666666672], [54.49775, 24.49033333333334], [54.498083333333334, 24.49033333333334], [54.498083333333334, 24.490416666666672], [54.49816666666667, 24.490416666666672], [54.49816666666667, 24.490500000000004], [54.498333333333335, 24.49058333333334], [54.498333333333335, 24.490666666666673], [54.498250000000006, 24.490666666666673], [54.498250000000006, 24.490916666666674], [54.4985, 24.490916666666674], [54.4985, 24.490833333333338], [54.498583333333336, 24.490833333333338], [54.498583333333336, 24.490916666666674], [54.499, 24.490916666666674], [54.499, 24.490666666666673], [54.499750000000006, 24.490666666666673], [54.499750000000006, 24.490750000000006], [54.500416666666666, 24.490750000000006], [54.500416666666666, 24.490833333333338], [54.501083333333334, 24.490833333333338], [54.50116666666667, 24.491000000000007], [54.501583333333336, 24.491000000000007], [54.501583333333336, 24.49108333333334], [54.501916666666666, 24.49108333333334], [54.501916666666666, 24.491166666666672], [54.50241666666667, 24.491166666666672], [54.50241666666667, 24.491250000000004], [54.502583333333334, 24.491250000000004], [54.502583333333334, 24.49133333333334], [54.503083333333336, 24.49133333333334], [54.503083333333336, 24.491416666666673], [54.50316666666667, 24.491416666666673], [54.50316666666667, 24.491583333333338], [54.503083333333336, 24.491583333333338], [54.503083333333336, 24.491750000000007], [54.50291666666667, 24.491750000000007], [54.50291666666667, 24.49183333333334], [54.502833333333335, 24.49183333333334], [54.502750000000006, 24.492000000000004], [54.502583333333334, 24.492000000000004], [54.502583333333334, 24.49208333333334], [54.50241666666667, 24.49208333333334], [54.50241666666667, 24.492166666666673], [54.50233333333333, 24.492166666666673], [54.502250000000004, 24.492333333333338], [54.50208333333334, 24.49241666666667], [54.50208333333334, 24.492500000000007], [54.50183333333334, 24.492500000000007], [54.50175, 24.492666666666672], [54.501583333333336, 24.492666666666672], [54.501583333333336, 24.492750000000004], [54.50141666666667, 24.492750000000004], [54.50141666666667, 24.49283333333334], [54.501250000000006, 24.49283333333334], [54.501250000000006, 24.492916666666673], [54.50116666666667, 24.492916666666673], [54.501083333333334, 24.493083333333338], [54.50091666666667, 24.493083333333338], [54.50091666666667, 24.493250000000007], [54.50083333333334, 24.493250000000007], [54.50083333333334, 24.493416666666672], [54.50066666666667, 24.493500000000004], [54.50066666666667, 24.49391666666667], [54.500750000000004, 24.49391666666667], [54.500750000000004, 24.494000000000007], [54.50091666666667, 24.494000000000007], [54.50091666666667, 24.49383333333334], [54.50083333333334, 24.49383333333334], [54.50083333333334, 24.493750000000006], [54.50091666666667, 24.493750000000006], [54.50091666666667, 24.493666666666673], [54.501083333333334, 24.493666666666673], [54.501083333333334, 24.49358333333334], [54.501583333333336, 24.49358333333334], [54.501583333333336, 24.493666666666673], [54.50166666666667, 24.493666666666673], [54.50166666666667, 24.494000000000007], [54.50175, 24.494000000000007], [54.50175, 24.49391666666667], [54.50183333333334, 24.49391666666667], [54.50183333333334, 24.49383333333334], [54.502, 24.493750000000006], [54.502, 24.493666666666673], [54.50216666666667, 24.493666666666673], [54.50216666666667, 24.49358333333334], [54.502250000000004, 24.49358333333334], [54.50233333333333, 24.493416666666672], [54.502500000000005, 24.493416666666672], [54.502500000000005, 24.49333333333334], [54.50266666666667, 24.49333333333334], [54.50266666666667, 24.493250000000007], [54.502750000000006, 24.493250000000007], [54.502833333333335, 24.493083333333338], [54.503, 24.493083333333338], [54.503, 24.493000000000006], [54.50316666666667, 24.493000000000006], [54.50325, 24.49283333333334], [54.503416666666666, 24.492750000000004], [54.503416666666666, 24.49258333333334], [54.5035, 24.49258333333334], [54.5035, 24.492500000000007], [54.504000000000005, 24.492500000000007], [54.504083333333334, 24.492333333333338], [54.504333333333335, 24.492333333333338], [54.504333333333335, 24.492250000000006], [54.504583333333336, 24.492250000000006], [54.504583333333336, 24.492166666666673], [54.50483333333334, 24.492166666666673], [54.50483333333334, 24.492250000000006], [54.50491666666667, 24.492250000000006], [54.50491666666667, 24.492333333333338], [54.50483333333334, 24.492333333333338], [54.50483333333334, 24.492666666666672], [54.504583333333336, 24.492666666666672], [54.504583333333336, 24.492750000000004], [54.5045, 24.492750000000004], [54.50441666666667, 24.492916666666673], [54.504333333333335, 24.492916666666673], [54.504333333333335, 24.493416666666672], [54.50416666666667, 24.493416666666672], [54.50416666666667, 24.49316666666667], [54.504083333333334, 24.49316666666667], [54.50416666666667, 24.493000000000006], [54.504000000000005, 24.493000000000006], [54.504000000000005, 24.492916666666673], [54.50383333333333, 24.492916666666673], [54.50383333333333, 24.493000000000006], [54.50358333333334, 24.493000000000006], [54.50358333333334, 24.493083333333338], [54.5035, 24.493083333333338], [54.5035, 24.493250000000007], [54.503750000000004, 24.493250000000007], [54.503750000000004, 24.49316666666667], [54.50391666666667, 24.493250000000007], [54.50391666666667, 24.49358333333334], [54.50383333333333, 24.49358333333334], [54.50383333333333, 24.49383333333334], [54.50366666666667, 24.49383333333334], [54.50358333333334, 24.494000000000007], [54.5035, 24.494000000000007], [54.5035, 24.49408333333334], [54.50333333333334, 24.49408333333334], [54.50333333333334, 24.494166666666672], [54.503083333333336, 24.494166666666672], [54.503083333333336, 24.494250000000005], [54.502833333333335, 24.494250000000005], [54.502833333333335, 24.49433333333334], [54.50266666666667, 24.494250000000005], [54.50266666666667, 24.49433333333334], [54.502, 24.49433333333334], [54.502, 24.494416666666673], [54.50166666666667, 24.494416666666673], [54.50166666666667, 24.49433333333334], [54.501000000000005, 24.49433333333334], [54.50091666666667, 24.494166666666672], [54.500750000000004, 24.494250000000005], [54.500750000000004, 24.494166666666672], [54.50058333333334, 24.494166666666672], [54.50058333333334, 24.49408333333334], [54.500416666666666, 24.494166666666672], [54.50033333333334, 24.494000000000007], [54.50025, 24.494000000000007], [54.50025, 24.49391666666667], [54.49991666666667, 24.49391666666667], [54.49991666666667, 24.494000000000007], [54.499833333333335, 24.494000000000007], [54.499833333333335, 24.49391666666667], [54.49933333333334, 24.49391666666667], [54.49933333333334, 24.494000000000007], [54.49925, 24.494000000000007], [54.49925, 24.49391666666667], [54.49908333333334, 24.49391666666667], [54.49908333333334, 24.49383333333334], [54.499, 24.49383333333334], [54.499, 24.49391666666667], [54.498916666666666, 24.49391666666667], [54.498916666666666, 24.49383333333334], [54.49866666666667, 24.49383333333334], [54.49866666666667, 24.49391666666667], [54.498250000000006, 24.49391666666667], [54.498250000000006, 24.494416666666673], [54.49866666666667, 24.494416666666673], [54.498583333333336, 24.49458333333334], [54.49841666666667, 24.49458333333334], [54.49841666666667, 24.49466666666667], [54.498333333333335, 24.49466666666667], [54.498333333333335, 24.495000000000005], [54.49841666666667, 24.495000000000005], [54.49841666666667, 24.494916666666672], [54.498583333333336, 24.494916666666672], [54.498583333333336, 24.49483333333334], [54.49875, 24.494750000000007], [54.49875, 24.49458333333334], [54.49883333333334, 24.49458333333334], [54.49883333333334, 24.494416666666673], [54.499583333333334, 24.494416666666673], [54.49966666666667, 24.49458333333334], [54.499833333333335, 24.49458333333334], [54.499833333333335, 24.49466666666667], [54.50016666666667, 24.49466666666667], [54.50025, 24.49483333333334], [54.50033333333334, 24.49483333333334], [54.50033333333334, 24.494916666666672], [54.5005, 24.494916666666672], [54.5005, 24.495000000000005], [54.500750000000004, 24.495000000000005], [54.500750000000004, 24.49508333333334], [54.50083333333334, 24.49508333333334], [54.50091666666667, 24.495250000000006], [54.501083333333334, 24.49533333333334], [54.501083333333334, 24.495500000000007], [54.50116666666667, 24.495500000000007], [54.50116666666667, 24.49558333333334], [54.501250000000006, 24.49558333333334], [54.501333333333335, 24.495750000000005], [54.50141666666667, 24.495750000000005], [54.50141666666667, 24.49608333333334], [54.501250000000006, 24.49608333333334], [54.501333333333335, 24.495916666666673], [54.501250000000006, 24.495916666666673], [54.501250000000006, 24.49583333333334], [54.501083333333334, 24.49583333333334], [54.501083333333334, 24.495750000000005], [54.50091666666667, 24.495750000000005], [54.50091666666667, 24.49583333333334], [54.5005, 24.49583333333334], [54.50058333333334, 24.496000000000006], [54.500750000000004, 24.496000000000006], [54.500750000000004, 24.49608333333334], [54.50091666666667, 24.49608333333334], [54.501000000000005, 24.496250000000007], [54.50091666666667, 24.496250000000007], [54.50091666666667, 24.49633333333334], [54.500750000000004, 24.49633333333334], [54.500750000000004, 24.496666666666673], [54.50066666666667, 24.496666666666673], [54.50066666666667, 24.497166666666672], [54.5005, 24.497166666666672], [54.5005, 24.49733333333334], [54.500416666666666, 24.49733333333334], [54.500416666666666, 24.497416666666673], [54.50025, 24.497416666666673], [54.50025, 24.497500000000006], [54.50016666666667, 24.497500000000006], [54.50016666666667, 24.497416666666673], [54.5, 24.497416666666673], [54.49991666666667, 24.49758333333334], [54.499833333333335, 24.49758333333334], [54.499833333333335, 24.497500000000006], [54.49966666666667, 24.497500000000006], [54.49966666666667, 24.49733333333334], [54.499750000000006, 24.49733333333334], [54.499750000000006, 24.497250000000005], [54.5, 24.497250000000005], [54.5, 24.497166666666672], [54.50016666666667, 24.49708333333334], [54.50016666666667, 24.497000000000007], [54.500083333333336, 24.497000000000007], [54.500083333333336, 24.49691666666667], [54.50016666666667, 24.49691666666667], [54.50016666666667, 24.496750000000006], [54.5, 24.496666666666673], [54.5, 24.49683333333334], [54.499833333333335, 24.49683333333334], [54.499833333333335, 24.496750000000006], [54.49966666666667, 24.496750000000006], [54.49966666666667, 24.496666666666673], [54.499500000000005, 24.49658333333334], [54.499500000000005, 24.496666666666673], [54.49941666666667, 24.496666666666673], [54.49933333333334, 24.49683333333334], [54.49908333333334, 24.49683333333334], [54.49908333333334, 24.496750000000006], [54.498916666666666, 24.496750000000006], [54.498916666666666, 24.49691666666667], [54.49883333333334, 24.49691666666667], [54.49883333333334, 24.497000000000007], [54.49866666666667, 24.497000000000007], [54.49866666666667, 24.49708333333334], [54.498583333333336, 24.49708333333334], [54.498583333333336, 24.497166666666672], [54.49841666666667, 24.497250000000005], [54.49841666666667, 24.49733333333334], [54.498333333333335, 24.49733333333334], [54.498333333333335, 24.497416666666673], [54.49816666666667, 24.497416666666673], [54.49816666666667, 24.49758333333334], [54.498000000000005, 24.49758333333334], [54.498000000000005, 24.497750000000007], [54.49783333333334, 24.497750000000007], [54.49783333333334, 24.49783333333334], [54.49758333333334, 24.49783333333334], [54.49758333333334, 24.497750000000007], [54.4975, 24.497750000000007], [54.4975, 24.49783333333334], [54.497, 24.49783333333334], [54.497, 24.498166666666673], [54.49716666666667, 24.498250000000006], [54.49725, 24.49841666666667], [54.49758333333334, 24.49841666666667], [54.49758333333334, 24.498500000000007], [54.49766666666667, 24.498500000000007], [54.49766666666667, 24.498666666666672], [54.49758333333334, 24.498666666666672], [54.49758333333334, 24.49883333333334], [54.497416666666666, 24.49883333333334], [54.497416666666666, 24.498916666666673], [54.49725, 24.498916666666673], [54.49725, 24.49908333333334], [54.497083333333336, 24.49916666666667], [54.497083333333336, 24.499250000000007], [54.49691666666667, 24.499250000000007], [54.49691666666667, 24.49933333333334], [54.496750000000006, 24.49933333333334], [54.496750000000006, 24.499500000000005], [54.49666666666667, 24.499500000000005], [54.49666666666667, 24.49958333333334], [54.497083333333336, 24.49958333333334], [54.497083333333336, 24.499750000000006], [54.497, 24.499750000000006], [54.497, 24.49991666666667], [54.496833333333335, 24.49991666666667], [54.496833333333335, 24.49983333333334], [54.49666666666667, 24.49991666666667], [54.49666666666667, 24.500250000000005], [54.496583333333334, 24.500250000000005], [54.496583333333334, 24.50066666666667], [54.49633333333334, 24.50066666666667], [54.49633333333334, 24.50083333333334], [54.49616666666667, 24.50083333333334], [54.49616666666667, 24.500750000000007], [54.49608333333334, 24.500750000000007], [54.49608333333334, 24.50083333333334], [54.495916666666666, 24.50083333333334], [54.495916666666666, 24.500750000000007], [54.49575, 24.500750000000007], [54.49575, 24.500916666666672], [54.49583333333334, 24.500916666666672], [54.49583333333334, 24.501000000000005], [54.49575, 24.501000000000005], [54.49566666666667, 24.501166666666673], [54.495583333333336, 24.501166666666673], [54.495583333333336, 24.50133333333334], [54.49575, 24.50133333333334], [54.49575, 24.50141666666667], [54.49583333333334, 24.50141666666667], [54.49583333333334, 24.501750000000005], [54.495916666666666, 24.501750000000005], [54.495916666666666, 24.50183333333334], [54.49625, 24.50183333333334], [54.49625, 24.501750000000005], [54.49641666666667, 24.501750000000005], [54.49641666666667, 24.50158333333334], [54.496583333333334, 24.50158333333334], [54.496583333333334, 24.501666666666672], [54.49666666666667, 24.501666666666672], [54.49666666666667, 24.50141666666667], [54.496833333333335, 24.50133333333334], [54.496833333333335, 24.50108333333334], [54.497, 24.50108333333334], [54.497, 24.501166666666673], [54.497083333333336, 24.501166666666673], [54.497083333333336, 24.500916666666672], [54.49733333333334, 24.500916666666672], [54.497416666666666, 24.500750000000007], [54.49758333333334, 24.500750000000007], [54.49766666666667, 24.50058333333334], [54.49791666666667, 24.50058333333334], [54.49791666666667, 24.500750000000007], [54.49775, 24.50083333333334], [54.49775, 24.500916666666672], [54.49766666666667, 24.500916666666672], [54.49766666666667, 24.50108333333334], [54.49775, 24.50108333333334], [54.49775, 24.501250000000006], [54.49783333333334, 24.501250000000006], [54.49783333333334, 24.50133333333334], [54.49775, 24.50133333333334], [54.49775, 24.501500000000007], [54.49766666666667, 24.501500000000007], [54.49766666666667, 24.501666666666672], [54.4975, 24.501666666666672], [54.4975, 24.501750000000005], [54.49733333333334, 24.501750000000005], [54.49733333333334, 24.501666666666672], [54.49691666666667, 24.501666666666672], [54.49691666666667, 24.501750000000005], [54.496833333333335, 24.501750000000005], [54.496833333333335, 24.50208333333334], [54.496750000000006, 24.50208333333334], [54.496750000000006, 24.50216666666667], [54.496500000000005, 24.50216666666667], [54.496583333333334, 24.50233333333334], [54.49666666666667, 24.50233333333334], [54.49666666666667, 24.502500000000005], [54.496500000000005, 24.50258333333334], [54.496500000000005, 24.502750000000006], [54.49633333333334, 24.502666666666673], [54.49633333333334, 24.50291666666667], [54.49641666666667, 24.50291666666667], [54.49641666666667, 24.503000000000007], [54.49625, 24.503000000000007], [54.49625, 24.50258333333334], [54.49616666666667, 24.50258333333334], [54.49608333333334, 24.502416666666672], [54.495916666666666, 24.502416666666672], [54.49583333333334, 24.50258333333334], [54.49566666666667, 24.50258333333334], [54.49566666666667, 24.503166666666672], [54.495583333333336, 24.503166666666672], [54.495583333333336, 24.503500000000006], [54.49566666666667, 24.503500000000006], [54.49566666666667, 24.50358333333334], [54.495333333333335, 24.50358333333334], [54.495333333333335, 24.503750000000007], [54.495250000000006, 24.503750000000007], [54.495250000000006, 24.50383333333334], [54.49483333333334, 24.50383333333334], [54.49483333333334, 24.503916666666672], [54.49466666666667, 24.503916666666672], [54.49458333333334, 24.503750000000007], [54.494416666666666, 24.503750000000007], [54.494416666666666, 24.50358333333334], [54.49425, 24.503500000000006], [54.49425, 24.503333333333337], [54.49416666666667, 24.503333333333337], [54.49416666666667, 24.503166666666672], [54.494, 24.50308333333334], [54.494, 24.50291666666667], [54.493750000000006, 24.50291666666667], [54.493750000000006, 24.50308333333334], [54.493833333333335, 24.50308333333334], [54.493833333333335, 24.503500000000006], [54.49391666666667, 24.503500000000006], [54.49391666666667, 24.50358333333334], [54.494083333333336, 24.50358333333334], [54.494083333333336, 24.50366666666667], [54.49416666666667, 24.50366666666667], [54.49416666666667, 24.50383333333334], [54.49433333333334, 24.503916666666672], [54.49433333333334, 24.504000000000005], [54.493833333333335, 24.504000000000005]], [[54.49508333333333, 24.503750000000007], [54.49516666666667, 24.503750000000007], [54.49516666666667, 24.50366666666667], [54.49508333333333, 24.50366666666667], [54.49508333333333, 24.503750000000007]], [[54.495250000000006, 24.503333333333337], [54.495333333333335, 24.503333333333337], [54.495333333333335, 24.503250000000005], [54.495250000000006, 24.503250000000005], [54.495250000000006, 24.503333333333337]], [[54.49416666666667, 24.50258333333334], [54.49458333333334, 24.50258333333334], [54.49458333333334, 24.502500000000005], [54.49466666666667, 24.502500000000005], [54.49466666666667, 24.50233333333334], [54.494416666666666, 24.50233333333334], [54.494416666666666, 24.502416666666672], [54.49416666666667, 24.502416666666672], [54.49416666666667, 24.50258333333334]], [[54.49275, 24.502416666666672], [54.492916666666666, 24.502416666666672], [54.49283333333334, 24.502250000000007], [54.49275, 24.502250000000007], [54.49275, 24.502416666666672]], [[54.49625, 24.502250000000007], [54.49633333333334, 24.502250000000007], [54.49633333333334, 24.502000000000006], [54.49616666666667, 24.501916666666673], [54.49616666666667, 24.50208333333334], [54.49625, 24.50208333333334], [54.49625, 24.502250000000007]], [[54.493, 24.50216666666667], [54.49333333333334, 24.50216666666667], [54.49333333333334, 24.50208333333334], [54.49316666666667, 24.50208333333334], [54.49308333333334, 24.501916666666673], [54.492916666666666, 24.50183333333334], [54.492916666666666, 24.50208333333334], [54.493, 24.50208333333334], [54.493, 24.50216666666667]], [[54.49466666666667, 24.50216666666667], [54.49475, 24.50216666666667], [54.49475, 24.50208333333334], [54.49466666666667, 24.50208333333334], [54.49466666666667, 24.50216666666667]], [[54.496, 24.50216666666667], [54.49616666666667, 24.50216666666667], [54.49616666666667, 24.50208333333334], [54.496, 24.50208333333334], [54.496, 24.50216666666667]], [[54.49358333333333, 24.50208333333334], [54.493750000000006, 24.50208333333334], [54.493833333333335, 24.501916666666673], [54.494, 24.50183333333334], [54.494, 24.501750000000005], [54.49366666666667, 24.501750000000005], [54.49366666666667, 24.50183333333334], [54.49358333333333, 24.50183333333334], [54.49358333333333, 24.50208333333334]], [[54.494416666666666, 24.501916666666673], [54.49458333333334, 24.501916666666673], [54.49458333333334, 24.50183333333334], [54.49466666666667, 24.50183333333334], [54.49458333333334, 24.501666666666672], [54.49433333333334, 24.501666666666672], [54.49433333333334, 24.501750000000005], [54.49425, 24.501750000000005], [54.49425, 24.50183333333334], [54.494416666666666, 24.50183333333334], [54.494416666666666, 24.501916666666673]], [[54.49575, 24.50183333333334], [54.49583333333334, 24.50183333333334], [54.49583333333334, 24.501750000000005], [54.49575, 24.501750000000005], [54.49575, 24.50183333333334]], [[54.4955, 24.50158333333334], [54.495583333333336, 24.50158333333334], [54.495583333333336, 24.501500000000007], [54.4955, 24.501500000000007], [54.4955, 24.50158333333334]], [[54.49366666666667, 24.50133333333334], [54.493833333333335, 24.50133333333334], [54.493750000000006, 24.501166666666673], [54.49366666666667, 24.501166666666673], [54.49366666666667, 24.50133333333334]], [[54.49358333333333, 24.501000000000005], [54.494, 24.501000000000005], [54.494, 24.500916666666672], [54.494416666666666, 24.500916666666672], [54.4945, 24.500750000000007], [54.49466666666667, 24.500750000000007], [54.49475, 24.50058333333334], [54.49491666666667, 24.50058333333334], [54.49491666666667, 24.500500000000006], [54.49508333333333, 24.500500000000006], [54.495000000000005, 24.50033333333334], [54.49491666666667, 24.50033333333334], [54.49491666666667, 24.500416666666673], [54.494416666666666, 24.500416666666673], [54.494416666666666, 24.50033333333334], [54.49458333333334, 24.50033333333334], [54.49458333333334, 24.500250000000005], [54.49483333333334, 24.500250000000005], [54.49483333333334, 24.499750000000006], [54.49466666666667, 24.499750000000006], [54.49466666666667, 24.50008333333334], [54.49458333333334, 24.50008333333334], [54.49458333333334, 24.500166666666672], [54.494083333333336, 24.500166666666672], [54.494083333333336, 24.50008333333334], [54.49391666666667, 24.50008333333334], [54.49391666666667, 24.500250000000005], [54.493833333333335, 24.500250000000005], [54.493833333333335, 24.50033333333334], [54.49366666666667, 24.50033333333334], [54.49366666666667, 24.500416666666673], [54.49358333333333, 24.500416666666673], [54.49358333333333, 24.501000000000005]], [[54.49508333333333, 24.500250000000005], [54.495333333333335, 24.500250000000005], [54.495333333333335, 24.500166666666672], [54.495250000000006, 24.500166666666672], [54.495250000000006, 24.500000000000007], [54.49508333333333, 24.500000000000007], [54.49508333333333, 24.500250000000005]], [[54.495000000000005, 24.49991666666667], [54.49508333333333, 24.49991666666667], [54.49508333333333, 24.499666666666673], [54.495000000000005, 24.499666666666673], [54.495000000000005, 24.49958333333334], [54.49458333333334, 24.49958333333334], [54.49458333333334, 24.499666666666673], [54.49491666666667, 24.499666666666673], [54.49491666666667, 24.499750000000006], [54.495000000000005, 24.499750000000006], [54.495000000000005, 24.49991666666667]], [[54.49458333333334, 24.49916666666667], [54.49483333333334, 24.49916666666667], [54.49483333333334, 24.49908333333334], [54.49458333333334, 24.49908333333334], [54.49458333333334, 24.49916666666667]], [[54.495250000000006, 24.49916666666667], [54.4955, 24.49916666666667], [54.4955, 24.49908333333334], [54.495583333333336, 24.49908333333334], [54.495583333333336, 24.498916666666673], [54.4955, 24.498916666666673], [54.4955, 24.49883333333334], [54.49541666666667, 24.49883333333334], [54.49541666666667, 24.498916666666673], [54.495250000000006, 24.498916666666673], [54.495250000000006, 24.49916666666667]], [[54.48516666666667, 24.49858333333334], [54.48533333333334, 24.498500000000007], [54.48533333333334, 24.49833333333334], [54.48558333333334, 24.49833333333334], [54.48566666666667, 24.498166666666673], [54.48583333333334, 24.498166666666673], [54.48583333333334, 24.49808333333334], [54.486000000000004, 24.49808333333334], [54.486000000000004, 24.498000000000005], [54.48608333333333, 24.498000000000005], [54.48608333333333, 24.49783333333334], [54.486250000000005, 24.497750000000007], [54.486250000000005, 24.49758333333334], [54.486333333333334, 24.49758333333334], [54.486333333333334, 24.497500000000006], [54.4865, 24.497500000000006], [54.4865, 24.49733333333334], [54.486583333333336, 24.49733333333334], [54.486583333333336, 24.497250000000005], [54.48675, 24.497166666666672], [54.48675, 24.497000000000007], [54.48683333333334, 24.497000000000007], [54.48683333333334, 24.49691666666667], [54.48708333333334, 24.49691666666667], [54.48716666666667, 24.496750000000006], [54.48733333333334, 24.496750000000006], [54.48733333333334, 24.496666666666673], [54.487500000000004, 24.496666666666673], [54.487500000000004, 24.49658333333334], [54.487750000000005, 24.49658333333334], [54.487750000000005, 24.496500000000005], [54.488, 24.496500000000005], [54.488083333333336, 24.49633333333334], [54.48833333333334, 24.49633333333334], [54.48833333333334, 24.496250000000007], [54.48858333333334, 24.496250000000007], [54.48858333333334, 24.49616666666667], [54.48883333333334, 24.49616666666667], [54.48883333333334, 24.49608333333334], [54.48916666666667, 24.49608333333334], [54.48916666666667, 24.496000000000006], [54.490833333333335, 24.496000000000006], [54.490833333333335, 24.495916666666673], [54.491, 24.49583333333334], [54.491, 24.495750000000005], [54.491083333333336, 24.495750000000005], [54.491083333333336, 24.495666666666672], [54.49125, 24.49558333333334], [54.49125, 24.49541666666667], [54.49133333333334, 24.49541666666667], [54.49133333333334, 24.495250000000006], [54.49141666666667, 24.495250000000006], [54.49141666666667, 24.495000000000005], [54.49133333333334, 24.495000000000005], [54.49133333333334, 24.49458333333334], [54.49141666666667, 24.49458333333334], [54.49141666666667, 24.494416666666673], [54.49158333333334, 24.494416666666673], [54.49158333333334, 24.494166666666672], [54.49166666666667, 24.494166666666672], [54.49166666666667, 24.49383333333334], [54.49183333333334, 24.493750000000006], [54.49183333333334, 24.49358333333334], [54.492000000000004, 24.49358333333334], [54.492000000000004, 24.493500000000004], [54.49208333333333, 24.493500000000004], [54.49208333333333, 24.493250000000007], [54.49216666666667, 24.493250000000007], [54.49216666666667, 24.493000000000006], [54.492250000000006, 24.493000000000006], [54.492250000000006, 24.492916666666673], [54.49216666666667, 24.492916666666673], [54.49216666666667, 24.49258333333334], [54.492250000000006, 24.49258333333334], [54.492250000000006, 24.492166666666673], [54.49216666666667, 24.492166666666673], [54.49216666666667, 24.49208333333334], [54.49208333333333, 24.49208333333334], [54.492000000000004, 24.491916666666672], [54.49191666666667, 24.491916666666672], [54.49191666666667, 24.491666666666674], [54.49183333333334, 24.491666666666674], [54.49183333333334, 24.491500000000006], [54.49166666666667, 24.491416666666673], [54.49158333333334, 24.491250000000004], [54.4915, 24.491250000000004], [54.4915, 24.492000000000004], [54.49141666666667, 24.492000000000004], [54.49141666666667, 24.492250000000006], [54.49133333333334, 24.492250000000006], [54.49133333333334, 24.492500000000007], [54.49116666666667, 24.492500000000007], [54.49116666666667, 24.49258333333334], [54.491083333333336, 24.49258333333334], [54.491083333333336, 24.492750000000004], [54.49091666666667, 24.49283333333334], [54.49091666666667, 24.493083333333338], [54.490833333333335, 24.493083333333338], [54.490833333333335, 24.49316666666667], [54.49066666666667, 24.49316666666667], [54.49066666666667, 24.493250000000007], [54.49058333333333, 24.493250000000007], [54.49058333333333, 24.49333333333334], [54.49041666666667, 24.493416666666672], [54.49041666666667, 24.493500000000004], [54.49016666666667, 24.493500000000004], [54.49016666666667, 24.49358333333334], [54.49, 24.49358333333334], [54.48991666666667, 24.493750000000006], [54.48966666666667, 24.493750000000006], [54.48966666666667, 24.49383333333334], [54.4895, 24.49383333333334], [54.48941666666667, 24.494000000000007], [54.48916666666667, 24.494000000000007], [54.48908333333333, 24.494166666666672], [54.48883333333334, 24.494166666666672], [54.48883333333334, 24.494250000000005], [54.48866666666667, 24.494250000000005], [54.48866666666667, 24.49458333333334], [54.4885, 24.49466666666667], [54.4885, 24.49483333333334], [54.48833333333334, 24.494916666666672], [54.48833333333334, 24.495000000000005], [54.48825, 24.495000000000005], [54.48825, 24.49508333333334], [54.488083333333336, 24.495166666666673], [54.488083333333336, 24.495250000000006], [54.488, 24.495250000000006], [54.48791666666667, 24.49541666666667], [54.487750000000005, 24.49541666666667], [54.487750000000005, 24.495500000000007], [54.48758333333333, 24.495500000000007], [54.48758333333333, 24.49558333333334], [54.48741666666667, 24.49558333333334], [54.48741666666667, 24.495666666666672], [54.48725, 24.495666666666672], [54.48725, 24.495750000000005], [54.487, 24.495750000000005], [54.487, 24.49608333333334], [54.48691666666667, 24.49608333333334], [54.48691666666667, 24.49633333333334], [54.48675, 24.49633333333334], [54.48675, 24.496416666666672], [54.48666666666667, 24.496416666666672], [54.48666666666667, 24.49658333333334], [54.4865, 24.496666666666673], [54.4865, 24.49683333333334], [54.48641666666667, 24.49683333333334], [54.48641666666667, 24.49691666666667], [54.486250000000005, 24.49691666666667], [54.486250000000005, 24.497000000000007], [54.48608333333333, 24.49708333333334], [54.48608333333333, 24.497250000000005], [54.48591666666667, 24.497166666666672], [54.48591666666667, 24.49733333333334], [54.48575, 24.49733333333334], [54.48575, 24.497416666666673], [54.48566666666667, 24.497416666666673], [54.48566666666667, 24.49758333333334], [54.48558333333334, 24.49758333333334], [54.48558333333334, 24.49783333333334], [54.4855, 24.49783333333334], [54.4855, 24.498000000000005], [54.48533333333334, 24.498000000000005], [54.48533333333334, 24.498250000000006], [54.48516666666667, 24.49833333333334], [54.48516666666667, 24.49858333333334]], [[54.49483333333334, 24.497750000000007], [54.49508333333333, 24.497750000000007], [54.49508333333333, 24.49758333333334], [54.495000000000005, 24.49758333333334], [54.495000000000005, 24.497500000000006], [54.49491666666667, 24.497500000000006], [54.49491666666667, 24.49766666666667], [54.49483333333334, 24.49766666666667], [54.49483333333334, 24.497750000000007]], [[54.49575, 24.497750000000007], [54.49616666666667, 24.497750000000007], [54.49616666666667, 24.49758333333334], [54.49633333333334, 24.49766666666667], [54.49633333333334, 24.497750000000007], [54.496500000000005, 24.497750000000007], [54.496500000000005, 24.49766666666667], [54.49641666666667, 24.49766666666667], [54.49641666666667, 24.497500000000006], [54.496500000000005, 24.497500000000006], [54.496500000000005, 24.497416666666673], [54.496833333333335, 24.497416666666673], [54.496833333333335, 24.497250000000005], [54.496750000000006, 24.497250000000005], [54.496750000000006, 24.497166666666672], [54.49641666666667, 24.497166666666672], [54.49641666666667, 24.497250000000005], [54.49625, 24.497250000000005], [54.49616666666667, 24.49708333333334], [54.49583333333334, 24.49708333333334], [54.49583333333334, 24.497250000000005], [54.49575, 24.497250000000005], [54.49566666666667, 24.49708333333334], [54.4955, 24.497000000000007], [54.4955, 24.49691666666667], [54.495250000000006, 24.49691666666667], [54.495250000000006, 24.49708333333334], [54.49516666666667, 24.49708333333334], [54.49516666666667, 24.49733333333334], [54.495250000000006, 24.49733333333334], [54.495250000000006, 24.497416666666673], [54.49541666666667, 24.497500000000006], [54.49541666666667, 24.49758333333334], [54.49566666666667, 24.49758333333334], [54.49575, 24.497750000000007]], [[54.4855, 24.49708333333334], [54.48575, 24.49708333333334], [54.48575, 24.497000000000007], [54.486000000000004, 24.497000000000007], [54.48608333333333, 24.49683333333334], [54.48616666666667, 24.49683333333334], [54.48616666666667, 24.496500000000005], [54.486250000000005, 24.496500000000005], [54.486250000000005, 24.496416666666672], [54.48641666666667, 24.496416666666672], [54.48641666666667, 24.496250000000007], [54.486333333333334, 24.496250000000007], [54.486333333333334, 24.49616666666667], [54.48608333333333, 24.49616666666667], [54.486000000000004, 24.496000000000006], [54.48566666666667, 24.496000000000006], [54.48566666666667, 24.49633333333334], [54.4855, 24.496416666666672], [54.48541666666667, 24.49658333333334], [54.48525, 24.49658333333334], [54.48525, 24.496500000000005], [54.48516666666667, 24.496500000000005], [54.48516666666667, 24.496750000000006], [54.48533333333334, 24.49683333333334], [54.48533333333334, 24.49691666666667], [54.48541666666667, 24.49691666666667], [54.4855, 24.49708333333334]], [[54.49133333333334, 24.49691666666667], [54.49141666666667, 24.49691666666667], [54.49141666666667, 24.49683333333334], [54.49158333333334, 24.49683333333334], [54.49158333333334, 24.496750000000006], [54.49175, 24.496750000000006], [54.49191666666667, 24.496416666666672], [54.492250000000006, 24.496416666666672], [54.492250000000006, 24.49633333333334], [54.49241666666667, 24.49633333333334], [54.49241666666667, 24.496250000000007], [54.493500000000004, 24.496250000000007], [54.493500000000004, 24.49633333333334], [54.493750000000006, 24.49633333333334], [54.493750000000006, 24.496250000000007], [54.494, 24.496250000000007], [54.494, 24.49616666666667], [54.49416666666667, 24.49616666666667], [54.49416666666667, 24.49608333333334], [54.49425, 24.49608333333334], [54.49425, 24.49583333333334], [54.494416666666666, 24.495750000000005], [54.494416666666666, 24.49533333333334], [54.49483333333334, 24.49533333333334], [54.49483333333334, 24.495166666666673], [54.49491666666667, 24.495166666666673], [54.49491666666667, 24.49508333333334], [54.49458333333334, 24.49508333333334], [54.49458333333334, 24.495166666666673], [54.494416666666666, 24.495166666666673], [54.494416666666666, 24.49508333333334], [54.494, 24.49508333333334], [54.494, 24.494916666666672], [54.493833333333335, 24.494916666666672], [54.493833333333335, 24.495166666666673], [54.493500000000004, 24.495166666666673], [54.493500000000004, 24.495250000000006], [54.49333333333334, 24.495250000000006], [54.49333333333334, 24.49533333333334], [54.49308333333334, 24.49533333333334], [54.49308333333334, 24.49541666666667], [54.493, 24.49541666666667], [54.493, 24.495500000000007], [54.49283333333334, 24.49558333333334], [54.49283333333334, 24.495750000000005], [54.492916666666666, 24.495750000000005], [54.492916666666666, 24.495916666666673], [54.49283333333334, 24.495916666666673], [54.49283333333334, 24.49608333333334], [54.49191666666667, 24.49608333333334], [54.49191666666667, 24.49616666666667], [54.49175, 24.49616666666667], [54.49175, 24.496250000000007], [54.49158333333334, 24.496250000000007], [54.49158333333334, 24.496416666666672], [54.4915, 24.496416666666672], [54.49141666666667, 24.49658333333334], [54.49133333333334, 24.49658333333334], [54.49133333333334, 24.49691666666667]], [[54.49575, 24.49691666666667], [54.495916666666666, 24.49691666666667], [54.496, 24.496750000000006], [54.49583333333334, 24.496750000000006], [54.49575, 24.49691666666667]], [[54.497, 24.496750000000006], [54.497083333333336, 24.496750000000006], [54.497083333333336, 24.496666666666673], [54.497, 24.496666666666673], [54.497, 24.496750000000006]], [[54.49575, 24.496666666666673], [54.49583333333334, 24.496666666666673], [54.495916666666666, 24.496500000000005], [54.49608333333334, 24.496500000000005], [54.49608333333334, 24.496250000000007], [54.496, 24.496250000000007], [54.496, 24.49616666666667], [54.49583333333334, 24.49616666666667], [54.49583333333334, 24.496250000000007], [54.495916666666666, 24.496250000000007], [54.495916666666666, 24.496416666666672], [54.49566666666667, 24.496416666666672], [54.49566666666667, 24.49633333333334], [54.495583333333336, 24.49633333333334], [54.495583333333336, 24.49658333333334], [54.49575, 24.49658333333334], [54.49575, 24.496666666666673]], [[54.49966666666667, 24.49658333333334], [54.499833333333335, 24.49658333333334], [54.499833333333335, 24.496500000000005], [54.49966666666667, 24.496500000000005], [54.49966666666667, 24.49658333333334]], [[54.495250000000006, 24.496500000000005], [54.4955, 24.496500000000005], [54.4955, 24.49633333333334], [54.49541666666667, 24.49633333333334], [54.49541666666667, 24.496250000000007], [54.495250000000006, 24.496250000000007], [54.495250000000006, 24.496500000000005]], [[54.49616666666667, 24.496416666666672], [54.496500000000005, 24.496416666666672], [54.496500000000005, 24.49633333333334], [54.49633333333334, 24.49633333333334], [54.49625, 24.49616666666667], [54.49616666666667, 24.49616666666667], [54.49616666666667, 24.496416666666672]], [[54.49716666666667, 24.496416666666672], [54.49733333333334, 24.496416666666672], [54.49733333333334, 24.49633333333334], [54.497416666666666, 24.49633333333334], [54.497416666666666, 24.49608333333334], [54.49758333333334, 24.49608333333334], [54.49758333333334, 24.495666666666672], [54.4975, 24.495666666666672], [54.4975, 24.49558333333334], [54.49716666666667, 24.49558333333334], [54.49716666666667, 24.496416666666672]], [[54.495000000000005, 24.49608333333334], [54.49508333333333, 24.49608333333334], [54.49508333333333, 24.496000000000006], [54.495000000000005, 24.496000000000006], [54.495000000000005, 24.49608333333334]], [[54.49483333333334, 24.494916666666672], [54.49491666666667, 24.494916666666672], [54.49491666666667, 24.49483333333334], [54.49483333333334, 24.49483333333334], [54.49483333333334, 24.494916666666672]], [[54.503083333333336, 24.49391666666667], [54.50316666666667, 24.49391666666667], [54.50316666666667, 24.493750000000006], [54.503083333333336, 24.493750000000006], [54.503083333333336, 24.49391666666667]], [[54.49991666666667, 24.49383333333334], [54.500083333333336, 24.49383333333334], [54.500083333333336, 24.493750000000006], [54.49991666666667, 24.493750000000006], [54.49991666666667, 24.49383333333334]], [[54.48716666666667, 24.493750000000006], [54.487833333333334, 24.493750000000006], [54.487833333333334, 24.493666666666673], [54.4885, 24.493666666666673], [54.48858333333334, 24.493500000000004], [54.48875, 24.493500000000004], [54.48875, 24.49333333333334], [54.48883333333334, 24.49333333333334], [54.48883333333334, 24.49316666666667], [54.48875, 24.49316666666667], [54.48875, 24.493083333333338], [54.48858333333334, 24.493083333333338], [54.48858333333334, 24.493000000000006], [54.48833333333334, 24.493000000000006], [54.48833333333334, 24.492916666666673], [54.48816666666667, 24.492916666666673], [54.48816666666667, 24.493000000000006], [54.488, 24.492916666666673], [54.48791666666667, 24.493083333333338], [54.487750000000005, 24.49316666666667], [54.487750000000005, 24.493250000000007], [54.48741666666667, 24.493250000000007], [54.48733333333334, 24.493416666666672], [54.48725, 24.493416666666672], [54.48725, 24.49358333333334], [54.48708333333334, 24.49358333333334], [54.48716666666667, 24.493750000000006]], [[54.48675, 24.493666666666673], [54.487, 24.493666666666673], [54.487, 24.49358333333334], [54.48708333333334, 24.49358333333334], [54.48708333333334, 24.493500000000004], [54.487, 24.493500000000004], [54.487, 24.49333333333334], [54.48691666666667, 24.49333333333334], [54.48691666666667, 24.49316666666667], [54.48675, 24.49316666666667], [54.48675, 24.493666666666673]], [[54.4985, 24.493416666666672], [54.49866666666667, 24.493416666666672], [54.49866666666667, 24.49333333333334], [54.498583333333336, 24.49333333333334], [54.498583333333336, 24.493250000000007], [54.49841666666667, 24.493250000000007], [54.4985, 24.493416666666672]], [[54.499750000000006, 24.493250000000007], [54.5, 24.493250000000007], [54.5, 24.493083333333338], [54.49991666666667, 24.493083333333338], [54.49991666666667, 24.493000000000006], [54.499750000000006, 24.493000000000006], [54.499750000000006, 24.492916666666673], [54.499583333333334, 24.492916666666673], [54.499583333333334, 24.493083333333338], [54.499750000000006, 24.49316666666667], [54.499750000000006, 24.493250000000007]], [[54.500083333333336, 24.49258333333334], [54.50016666666667, 24.49258333333334], [54.50016666666667, 24.492500000000007], [54.50033333333334, 24.492500000000007], [54.50033333333334, 24.49241666666667], [54.500083333333336, 24.49241666666667], [54.500083333333336, 24.49258333333334]], [[54.496833333333335, 24.492333333333338], [54.49691666666667, 24.492333333333338], [54.49691666666667, 24.492166666666673], [54.496833333333335, 24.492166666666673], [54.496833333333335, 24.492333333333338]], [[54.490500000000004, 24.49208333333334], [54.490750000000006, 24.49208333333334], [54.490750000000006, 24.492000000000004], [54.49091666666667, 24.492000000000004], [54.49091666666667, 24.49183333333334], [54.490833333333335, 24.49183333333334], [54.490750000000006, 24.491666666666674], [54.49041666666667, 24.491666666666674], [54.49041666666667, 24.491583333333338], [54.49016666666667, 24.491583333333338], [54.49016666666667, 24.491666666666674], [54.48983333333334, 24.491666666666674], [54.48991666666667, 24.49183333333334], [54.49033333333334, 24.49183333333334], [54.49033333333334, 24.491916666666672], [54.490500000000004, 24.491916666666672], [54.490500000000004, 24.49208333333334]], [[54.49933333333334, 24.49208333333334], [54.499583333333334, 24.49208333333334], [54.499583333333334, 24.492000000000004], [54.499500000000005, 24.492000000000004], [54.499500000000005, 24.491916666666672], [54.49933333333334, 24.491916666666672], [54.49933333333334, 24.49208333333334]], [[54.49666666666667, 24.492000000000004], [54.49691666666667, 24.492000000000004], [54.49691666666667, 24.491916666666672], [54.497, 24.491916666666672], [54.497, 24.491500000000006], [54.49716666666667, 24.491500000000006], [54.49725, 24.491666666666674], [54.49733333333334, 24.491666666666674], [54.49733333333334, 24.491916666666672], [54.49758333333334, 24.491916666666672], [54.49766666666667, 24.491750000000007], [54.49775, 24.491750000000007], [54.49775, 24.491500000000006], [54.49783333333334, 24.491500000000006], [54.49783333333334, 24.49133333333334], [54.49766666666667, 24.491250000000004], [54.49766666666667, 24.490750000000006], [54.49775, 24.490750000000006], [54.49775, 24.490666666666673], [54.49766666666667, 24.490666666666673], [54.49766666666667, 24.490500000000004], [54.49758333333334, 24.490500000000004], [54.49758333333334, 24.490750000000006], [54.497416666666666, 24.490750000000006], [54.49725, 24.49108333333334], [54.497083333333336, 24.49108333333334], [54.497083333333336, 24.491166666666672], [54.49691666666667, 24.491166666666672], [54.49691666666667, 24.491250000000004], [54.496750000000006, 24.491250000000004], [54.496750000000006, 24.49133333333334], [54.496583333333334, 24.491416666666673], [54.496583333333334, 24.491750000000007], [54.496750000000006, 24.49183333333334], [54.49666666666667, 24.492000000000004]], [[54.499583333333334, 24.49183333333334], [54.49991666666667, 24.49183333333334], [54.49991666666667, 24.491750000000007], [54.499833333333335, 24.491750000000007], [54.499833333333335, 24.491500000000006], [54.499500000000005, 24.491500000000006], [54.499500000000005, 24.491666666666674], [54.499583333333334, 24.491666666666674], [54.499583333333334, 24.49183333333334]], [[54.489583333333336, 24.491666666666674], [54.48975, 24.491666666666674], [54.48975, 24.491500000000006], [54.489583333333336, 24.491416666666673], [54.489583333333336, 24.49133333333334], [54.4895, 24.49133333333334], [54.4895, 24.491250000000004], [54.489333333333335, 24.491250000000004], [54.489333333333335, 24.49108333333334], [54.48916666666667, 24.491000000000007], [54.48916666666667, 24.49133333333334], [54.489250000000006, 24.49133333333334], [54.489333333333335, 24.491500000000006], [54.4895, 24.491500000000006], [54.489583333333336, 24.491666666666674]], [[54.49191666666667, 24.48983333333334], [54.492000000000004, 24.48983333333334], [54.492000000000004, 24.489750000000004], [54.49191666666667, 24.489750000000004], [54.49191666666667, 24.48983333333334]]]}, "properties": {"stand": 1, "area_ha": 205.4, "alert": false, "z": 0.39}}, {"type": "Feature", "geometry": {"type": "Polygon", "coordinates": [[[54.50266666666667, 24.490833333333338], [54.502583333333334, 24.490666666666673], [54.502500000000005, 24.490666666666673], [54.502500000000005, 24.490750000000006], [54.50233333333333, 24.490750000000006], [54.50233333333333, 24.490666666666673], [54.50183333333334, 24.490666666666673], [54.50183333333334, 24.49058333333334], [54.5015, 24.49058333333334], [54.5015, 24.490666666666673], [54.501333333333335, 24.490666666666673], [54.501333333333335, 24.49058333333334], [54.501000000000005, 24.49058333333334], [54.501000000000005, 24.490500000000004], [54.50091666666667, 24.490500000000004], [54.50091666666667, 24.49058333333334], [54.50066666666667, 24.49058333333334], [54.50066666666667, 24.490500000000004], [54.5005, 24.490500000000004], [54.5005, 24.490416666666672], [54.50033333333334, 24.490416666666672], [54.50033333333334, 24.490500000000004], [54.50025, 24.490500000000004], [54.50025, 24.490416666666672], [54.49991666666667, 24.490416666666672], [54.49991666666667, 24.49033333333334], [54.499750000000006, 24.49033333333334], [54.499750000000006, 24.490250000000007], [54.499500000000005, 24.490250000000007], [54.499500000000005, 24.49033333333334], [54.49941666666667, 24.49033333333334], [54.49941666666667, 24.490166666666674], [54.49925, 24.490166666666674], [54.49925, 24.489916666666673], [54.49908333333334, 24.489916666666673], [54.49908333333334, 24.48983333333334], [54.498916666666666, 24.48983333333334], [54.498916666666666, 24.489916666666673], [54.49875, 24.489916666666673], [54.49866666666667, 24.489750000000004], [54.49875, 24.489750000000004], [54.49875, 24.489500000000007], [54.498916666666666, 24.489500000000007], [54.498916666666666, 24.489333333333338], [54.49908333333334, 24.489333333333338], [54.49908333333334, 24.489250000000006], [54.49916666666667, 24.489250000000006], [54.49916666666667, 24.48908333333334], [54.49925, 24.48908333333334], [54.49933333333334, 24.48891666666667], [54.499500000000005, 24.48891666666667], [54.499500000000005, 24.488750000000007], [54.499583333333334, 24.488750000000007], [54.499583333333334, 24.48833333333334], [54.49966666666667, 24.48833333333334], [54.49966666666667, 24.48808333333334], [54.499750000000006, 24.48808333333334], [54.499750000000006, 24.487750000000005], [54.49966666666667, 24.487750000000005], [54.49966666666667, 24.487666666666673], [54.49991666666667, 24.487666666666673], [54.49991666666667, 24.48758333333334], [54.50016666666667, 24.48758333333334], [54.50025, 24.48741666666667], [54.5005, 24.48741666666667], [54.5005, 24.48733333333334], [54.50066666666667, 24.48733333333334], [54.50066666666667, 24.487166666666674], [54.50091666666667, 24.487166666666674], [54.50091666666667, 24.487083333333338], [54.501083333333334, 24.487083333333338], [54.501083333333334, 24.487000000000005], [54.501250000000006, 24.487000000000005], [54.501250000000006, 24.486916666666673], [54.5015, 24.486916666666673], [54.501583333333336, 24.486750000000004], [54.50166666666667, 24.486750000000004], [54.50166666666667, 24.48683333333334], [54.50266666666667, 24.48683333333334], [54.50266666666667, 24.486916666666673], [54.50325, 24.486916666666673], [54.50333333333334, 24.486750000000004], [54.50383333333333, 24.486750000000004], [54.50383333333333, 24.48666666666667], [54.504250000000006, 24.48666666666667], [54.504250000000006, 24.48683333333334], [54.50441666666667, 24.486916666666673], [54.5045, 24.487083333333338], [54.50483333333334, 24.487083333333338], [54.50483333333334, 24.487000000000005], [54.50491666666667, 24.487000000000005], [54.50491666666667, 24.487083333333338], [54.505, 24.487083333333338], [54.505, 24.487250000000007], [54.505250000000004, 24.487250000000007], [54.505250000000004, 24.487500000000004], [54.50541666666667, 24.48758333333334], [54.50541666666667, 24.487833333333338], [54.505500000000005, 24.487833333333338], [54.505500000000005, 24.48816666666667], [54.505583333333334, 24.48816666666667], [54.505583333333334, 24.489500000000007], [54.505500000000005, 24.489500000000007], [54.505500000000005, 24.489750000000004], [54.50533333333333, 24.489750000000004], [54.50533333333333, 24.490000000000006], [54.50516666666667, 24.490083333333338], [54.50516666666667, 24.49033333333334], [54.50508333333334, 24.49033333333334], [54.50508333333334, 24.490416666666672], [54.50491666666667, 24.490416666666672], [54.50491666666667, 24.49058333333334], [54.50483333333334, 24.49058333333334], [54.50483333333334, 24.490750000000006], [54.50466666666667, 24.490750000000006], [54.50466666666667, 24.490666666666673], [54.50416666666667, 24.490666666666673], [54.50416666666667, 24.490750000000006], [54.504000000000005, 24.490750000000006], [54.504000000000005, 24.490833333333338], [54.503416666666666, 24.490833333333338], [54.503416666666666, 24.490750000000006], [54.50325, 24.490750000000006], [54.50325, 24.490833333333338], [54.50266666666667, 24.490833333333338]]]}, "properties": {"stand": 21, "area_ha": 31.2, "alert": false, "z": 0.51}}, {"type": "Feature", "geometry": {"type": "Polygon", "coordinates": [[[54.54141666666667, 24.496500000000005], [54.54141666666667, 24.496416666666672], [54.541250000000005, 24.496416666666672], [54.541250000000005, 24.49608333333334], [54.541333333333334, 24.49608333333334], [54.541333333333334, 24.495916666666673], [54.54141666666667, 24.495916666666673], [54.54141666666667, 24.495750000000005], [54.541333333333334, 24.495750000000005], [54.541333333333334, 24.49558333333334], [54.54141666666667, 24.49558333333334], [54.54141666666667, 24.495500000000007], [54.541333333333334, 24.495500000000007], [54.541333333333334, 24.49541666666667], [54.54116666666667, 24.49541666666667], [54.54116666666667, 24.495500000000007], [54.54108333333333, 24.495500000000007], [54.54108333333333, 24.495666666666672], [54.54066666666667, 24.495666666666672], [54.54066666666667, 24.495750000000005], [54.54041666666667, 24.495750000000005], [54.54041666666667, 24.49583333333334], [54.540083333333335, 24.49583333333334], [54.540000000000006, 24.495666666666672], [54.539750000000005, 24.495666666666672], [54.539750000000005, 24.49558333333334], [54.53966666666667, 24.49558333333334], [54.53966666666667, 24.495666666666672], [54.53958333333333, 24.495666666666672], [54.53958333333333, 24.49583333333334], [54.53891666666667, 24.49583333333334], [54.53891666666667, 24.495916666666673], [54.538000000000004, 24.495916666666673], [54.53808333333333, 24.495750000000005], [54.538250000000005, 24.495666666666672], [54.538250000000005, 24.49558333333334], [54.53841666666667, 24.49558333333334], [54.538333333333334, 24.49541666666667], [54.53841666666667, 24.49541666666667], [54.53841666666667, 24.49533333333334], [54.538583333333335, 24.495250000000006], [54.538583333333335, 24.495000000000005], [54.53866666666667, 24.495000000000005], [54.53866666666667, 24.494916666666672], [54.538833333333336, 24.494916666666672], [54.538833333333336, 24.494750000000007], [54.53891666666667, 24.494750000000007], [54.539, 24.49458333333334], [54.53908333333334, 24.49458333333334], [54.53908333333334, 24.494416666666673], [54.53916666666667, 24.494416666666673], [54.53916666666667, 24.494250000000005], [54.53908333333334, 24.494250000000005], [54.53908333333334, 24.494166666666672], [54.53891666666667, 24.494166666666672], [54.53891666666667, 24.494250000000005], [54.53875, 24.494250000000005], [54.53875, 24.49391666666667], [54.538833333333336, 24.49391666666667], [54.538833333333336, 24.493500000000004], [54.53891666666667, 24.493500000000004], [54.53891666666667, 24.493416666666672], [54.538833333333336, 24.493416666666672], [54.538833333333336, 24.49333333333334], [54.53891666666667, 24.49333333333334], [54.538833333333336, 24.49316666666667], [54.53891666666667, 24.49316666666667], [54.539, 24.493000000000006], [54.53925, 24.493000000000006], [54.53925, 24.492916666666673], [54.539500000000004, 24.492916666666673], [54.539500000000004, 24.49283333333334], [54.54041666666667, 24.49283333333334], [54.5405, 24.493000000000006], [54.54058333333334, 24.493000000000006], [54.54058333333334, 24.49316666666667], [54.54083333333334, 24.49316666666667], [54.54091666666667, 24.49333333333334], [54.541000000000004, 24.49333333333334], [54.541000000000004, 24.493500000000004], [54.54116666666667, 24.49358333333334], [54.54116666666667, 24.49383333333334], [54.541250000000005, 24.49383333333334], [54.541250000000005, 24.49408333333334], [54.541333333333334, 24.49408333333334], [54.541333333333334, 24.49391666666667], [54.54141666666667, 24.49391666666667], [54.54141666666667, 24.493083333333338], [54.541333333333334, 24.493083333333338], [54.541333333333334, 24.493000000000006], [54.54141666666667, 24.493000000000006], [54.54141666666667, 24.492750000000004], [54.541333333333334, 24.492750000000004], [54.541333333333334, 24.49258333333334], [54.54141666666667, 24.49258333333334], [54.54141666666667, 24.492500000000007], [54.541333333333334, 24.492500000000007], [54.541333333333334, 24.49241666666667], [54.54141666666667, 24.49241666666667], [54.54141666666667, 24.492250000000006], [54.541500000000006, 24.492250000000006], [54.541500000000006, 24.49208333333334], [54.541583333333335, 24.49208333333334], [54.541583333333335, 24.49183333333334], [54.54175, 24.49183333333334], [54.54175, 24.491666666666674], [54.54183333333334, 24.491666666666674], [54.54183333333334, 24.491500000000006], [54.542, 24.491416666666673], [54.542, 24.491250000000004], [54.54208333333334, 24.491250000000004], [54.54208333333334, 24.491166666666672], [54.54225, 24.491166666666672], [54.54225, 24.49108333333334], [54.54233333333334, 24.49108333333334], [54.54241666666667, 24.490916666666674], [54.54258333333333, 24.490916666666674], [54.54258333333333, 24.490833333333338], [54.542750000000005, 24.490833333333338], [54.542750000000005, 24.490750000000006], [54.54291666666667, 24.490750000000006], [54.543000000000006, 24.49058333333334], [54.54333333333334, 24.49058333333334], [54.54333333333334, 24.490500000000004], [54.54316666666667, 24.490500000000004], [54.54316666666667, 24.490416666666672], [54.543000000000006, 24.490416666666672], [54.543000000000006, 24.49033333333334], [54.54325, 24.49033333333334], [54.54325, 24.490250000000007], [54.54333333333334, 24.490250000000007], [54.54333333333334, 24.490000000000006], [54.5435, 24.490000000000006], [54.5435, 24.489916666666673], [54.54366666666667, 24.489916666666673], [54.54366666666667, 24.48983333333334], [54.54375, 24.48983333333334], [54.54383333333334, 24.489666666666672], [54.544000000000004, 24.489666666666672], [54.544000000000004, 24.48958333333334], [54.54416666666667, 24.48958333333334], [54.54416666666667, 24.489416666666674], [54.544250000000005, 24.489416666666674], [54.544333333333334, 24.489250000000006], [54.54441666666667, 24.489250000000006], [54.54441666666667, 24.48908333333334], [54.5445, 24.48908333333334], [54.5445, 24.48891666666667], [54.544583333333335, 24.48891666666667], [54.544583333333335, 24.489000000000004], [54.54475, 24.489000000000004], [54.54475, 24.488583333333338], [54.54483333333334, 24.488583333333338], [54.54483333333334, 24.488416666666673], [54.54475, 24.488416666666673], [54.54475, 24.48833333333334], [54.54483333333334, 24.48833333333334], [54.54483333333334, 24.488250000000004], [54.54475, 24.488250000000004], [54.54475, 24.48816666666667], [54.54483333333334, 24.48816666666667], [54.54483333333334, 24.487666666666673], [54.54491666666667, 24.487666666666673], [54.545, 24.487833333333338], [54.54508333333334, 24.487833333333338], [54.54508333333334, 24.488000000000007], [54.54516666666667, 24.488000000000007], [54.54516666666667, 24.48808333333334], [54.54533333333334, 24.48808333333334], [54.54541666666667, 24.488250000000004], [54.545500000000004, 24.488250000000004], [54.54558333333333, 24.488416666666673], [54.545833333333334, 24.488416666666673], [54.545833333333334, 24.488250000000004], [54.54566666666667, 24.48816666666667], [54.54566666666667, 24.48808333333334], [54.54541666666667, 24.48808333333334], [54.54541666666667, 24.487500000000004], [54.54558333333333, 24.487500000000004], [54.54558333333333, 24.48733333333334], [54.545500000000004, 24.48733333333334], [54.545500000000004, 24.487250000000007], [54.54533333333334, 24.487166666666674], [54.54533333333334, 24.487000000000005], [54.54525, 24.487000000000005], [54.54525, 24.486750000000004], [54.54516666666667, 24.486750000000004], [54.54516666666667, 24.48658333333334], [54.545, 24.486500000000007], [54.545, 24.486416666666674], [54.54491666666667, 24.486416666666674], [54.54491666666667, 24.48658333333334], [54.54483333333334, 24.48658333333334], [54.54483333333334, 24.486750000000004], [54.54491666666667, 24.486750000000004], [54.545, 24.486916666666673], [54.54508333333334, 24.486916666666673], [54.54508333333334, 24.487166666666674], [54.54475, 24.487166666666674], [54.54475, 24.487250000000007], [54.54383333333334, 24.487250000000007], [54.54383333333334, 24.487166666666674], [54.54366666666667, 24.487166666666674], [54.54366666666667, 24.487000000000005], [54.54358333333334, 24.487000000000005], [54.54358333333334, 24.48683333333334], [54.54333333333334, 24.48683333333334], [54.54333333333334, 24.486750000000004], [54.543083333333335, 24.486750000000004], [54.543000000000006, 24.48658333333334], [54.542500000000004, 24.48658333333334], [54.542500000000004, 24.486500000000007], [54.54225, 24.486500000000007], [54.54225, 24.486416666666674], [54.54191666666667, 24.486416666666674], [54.54191666666667, 24.486333333333338], [54.541583333333335, 24.486333333333338], [54.541500000000006, 24.486166666666673], [54.54116666666667, 24.486166666666673], [54.54116666666667, 24.48608333333334], [54.54091666666667, 24.48608333333334], [54.54091666666667, 24.486000000000004], [54.54066666666667, 24.486000000000004], [54.54066666666667, 24.48591666666667], [54.5405, 24.48591666666667], [54.5405, 24.48583333333334], [54.54016666666667, 24.48583333333334], [54.54016666666667, 24.485750000000007], [54.53991666666667, 24.485750000000007], [54.53991666666667, 24.485666666666674], [54.53958333333333, 24.485666666666674], [54.53958333333333, 24.485583333333338], [54.53941666666667, 24.485583333333338], [54.53933333333334, 24.485416666666673], [54.539500000000004, 24.48533333333334], [54.539500000000004, 24.48516666666667], [54.53958333333333, 24.48516666666667], [54.53958333333333, 24.48508333333334], [54.539750000000005, 24.485000000000007], [54.539750000000005, 24.484833333333338], [54.53991666666667, 24.484833333333338], [54.53991666666667, 24.484750000000005], [54.540000000000006, 24.484750000000005], [54.540083333333335, 24.48458333333334], [54.54016666666667, 24.48458333333334], [54.54016666666667, 24.484666666666673], [54.54091666666667, 24.484666666666673], [54.54091666666667, 24.484750000000005], [54.54108333333333, 24.484833333333338], [54.54108333333333, 24.484916666666674], [54.54116666666667, 24.484916666666674], [54.54116666666667, 24.485000000000007], [54.541333333333334, 24.485000000000007], [54.541333333333334, 24.48508333333334], [54.541500000000006, 24.48508333333334], [54.541500000000006, 24.48516666666667], [54.54166666666667, 24.48516666666667], [54.54166666666667, 24.485250000000004], [54.54183333333334, 24.48533333333334], [54.54183333333334, 24.485416666666673], [54.54233333333334, 24.485416666666673], [54.54233333333334, 24.485500000000005], [54.542750000000005, 24.485500000000005], [54.542750000000005, 24.485416666666673], [54.54291666666667, 24.485416666666673], [54.54291666666667, 24.48533333333334], [54.543083333333335, 24.48533333333334], [54.543083333333335, 24.485250000000004], [54.54325, 24.485250000000004], [54.54325, 24.48516666666667], [54.54341666666667, 24.48508333333334], [54.5435, 24.484916666666674], [54.54358333333334, 24.484916666666674], [54.54366666666667, 24.48508333333334], [54.544000000000004, 24.48508333333334], [54.54408333333333, 24.485250000000004], [54.54416666666667, 24.485250000000004], [54.54416666666667, 24.48533333333334], [54.544250000000005, 24.48533333333334], [54.544333333333334, 24.485500000000005], [54.5445, 24.485583333333338], [54.5445, 24.485750000000007], [54.54466666666667, 24.48583333333334], [54.54466666666667, 24.486000000000004], [54.54491666666667, 24.486000000000004], [54.54491666666667, 24.485416666666673], [54.54541666666667, 24.485416666666673], [54.54541666666667, 24.485500000000005], [54.54591666666667, 24.485500000000005], [54.546083333333335, 24.48516666666667], [54.54658333333334, 24.48516666666667], [54.54658333333334, 24.48533333333334], [54.54675, 24.485416666666673], [54.54675, 24.485500000000005], [54.547000000000004, 24.485500000000005], [54.547000000000004, 24.485583333333338], [54.54708333333333, 24.485583333333338], [54.54708333333333, 24.485750000000007], [54.54658333333334, 24.485750000000007], [54.54658333333334, 24.48583333333334], [54.5465, 24.48583333333334], [54.5465, 24.48608333333334], [54.54691666666667, 24.48608333333334], [54.54691666666667, 24.486000000000004], [54.547000000000004, 24.486000000000004], [54.547000000000004, 24.48608333333334], [54.54716666666667, 24.48608333333334], [54.54716666666667, 24.486000000000004], [54.54741666666667, 24.486000000000004], [54.54741666666667, 24.48583333333334], [54.54775, 24.48583333333334], [54.54775, 24.485583333333338], [54.54783333333334, 24.485583333333338], [54.54783333333334, 24.485500000000005], [54.54916666666667, 24.485500000000005], [54.54925, 24.48533333333334], [54.54933333333334, 24.48533333333334], [54.54933333333334, 24.485250000000004], [54.5495, 24.48516666666667], [54.5495, 24.48508333333334], [54.54958333333334, 24.48508333333334], [54.54958333333334, 24.48516666666667], [54.54983333333334, 24.48516666666667], [54.54983333333334, 24.48508333333334], [54.55016666666667, 24.48508333333334], [54.55016666666667, 24.48516666666667], [54.550333333333334, 24.48516666666667], [54.550333333333334, 24.485250000000004], [54.55066666666667, 24.485250000000004], [54.55066666666667, 24.48533333333334], [54.55091666666667, 24.48533333333334], [54.551, 24.485500000000005], [54.55116666666667, 24.485500000000005], [54.55116666666667, 24.485583333333338], [54.55133333333334, 24.485583333333338], [54.55133333333334, 24.485666666666674], [54.551500000000004, 24.485666666666674], [54.551500000000004, 24.485750000000007], [54.551833333333335, 24.485750000000007], [54.551833333333335, 24.48583333333334], [54.55191666666667, 24.48583333333334], [54.552, 24.486000000000004], [54.552083333333336, 24.486000000000004], [54.552083333333336, 24.48608333333334], [54.55241666666667, 24.48608333333334], [54.5525, 24.486250000000005], [54.55266666666667, 24.486250000000005], [54.55266666666667, 24.486333333333338], [54.55291666666667, 24.486333333333338], [54.55291666666667, 24.486416666666674], [54.55316666666667, 24.486416666666674], [54.55316666666667, 24.486500000000007], [54.553250000000006, 24.486500000000007], [54.553333333333335, 24.48666666666667], [54.5535, 24.48666666666667], [54.5535, 24.486750000000004], [54.553583333333336, 24.486750000000004], [54.553583333333336, 24.486916666666673], [54.55341666666667, 24.486916666666673], [54.55341666666667, 24.487000000000005], [54.553333333333335, 24.487000000000005], [54.553333333333335, 24.487250000000007], [54.55316666666667, 24.48733333333334], [54.55316666666667, 24.487500000000004], [54.55308333333333, 24.487500000000004], [54.55308333333333, 24.48758333333334], [54.55291666666667, 24.48758333333334], [54.55291666666667, 24.487666666666673], [54.55275, 24.487750000000005], [54.55275, 24.487833333333338], [54.55258333333334, 24.487833333333338], [54.55258333333334, 24.487916666666674], [54.55241666666667, 24.487916666666674], [54.55233333333334, 24.48808333333334], [54.55216666666667, 24.48808333333334], [54.55216666666667, 24.48816666666667], [54.55191666666667, 24.48816666666667], [54.55191666666667, 24.488250000000004], [54.55166666666667, 24.488250000000004], [54.55166666666667, 24.48833333333334], [54.55125, 24.48833333333334], [54.55125, 24.488416666666673], [54.55116666666667, 24.488416666666673], [54.55116666666667, 24.48833333333334], [54.55075, 24.48833333333334], [54.55075, 24.488416666666673], [54.5505, 24.488416666666673], [54.5505, 24.48833333333334], [54.55008333333333, 24.48833333333334], [54.55008333333333, 24.488416666666673], [54.550000000000004, 24.488416666666673], [54.54991666666667, 24.488250000000004], [54.54958333333334, 24.488250000000004], [54.54958333333334, 24.48816666666667], [54.54941666666667, 24.488250000000004], [54.54933333333334, 24.48808333333334], [54.54916666666667, 24.48808333333334], [54.54916666666667, 24.487916666666674], [54.549, 24.487916666666674], [54.549, 24.487833333333338], [54.54891666666667, 24.487833333333338], [54.54891666666667, 24.488416666666673], [54.548750000000005, 24.488416666666673], [54.548750000000005, 24.488666666666674], [54.54866666666667, 24.488666666666674], [54.54866666666667, 24.48891666666667], [54.548500000000004, 24.489000000000004], [54.548500000000004, 24.489250000000006], [54.54833333333334, 24.489250000000006], [54.54833333333334, 24.489333333333338], [54.54825, 24.489333333333338], [54.54825, 24.489500000000007], [54.54816666666667, 24.489500000000007], [54.54816666666667, 24.48958333333334], [54.548, 24.489666666666672], [54.548, 24.489750000000004], [54.54783333333334, 24.489750000000004], [54.54783333333334, 24.48983333333334], [54.54766666666667, 24.48983333333334], [54.54766666666667, 24.489916666666673], [54.547583333333336, 24.489916666666673], [54.5475, 24.490083333333338], [54.547333333333334, 24.490000000000006], [54.547250000000005, 24.490166666666674], [54.547000000000004, 24.490166666666674], [54.547000000000004, 24.490250000000007], [54.54666666666667, 24.490250000000007], [54.54666666666667, 24.49033333333334], [54.54641666666667, 24.49033333333334], [54.54641666666667, 24.490416666666672], [54.54633333333334, 24.490416666666672], [54.54633333333334, 24.49033333333334], [54.54625, 24.49033333333334], [54.54625, 24.490416666666672], [54.546083333333335, 24.490416666666672], [54.546083333333335, 24.49033333333334], [54.546, 24.49033333333334], [54.546, 24.490416666666672], [54.545833333333334, 24.490416666666672], [54.545833333333334, 24.49033333333334], [54.54558333333333, 24.49033333333334], [54.54558333333333, 24.490416666666672], [54.545500000000004, 24.490416666666672], [54.545500000000004, 24.49033333333334], [54.54541666666667, 24.49033333333334], [54.54541666666667, 24.490500000000004], [54.54566666666667, 24.490500000000004], [54.54566666666667, 24.49058333333334], [54.546, 24.49058333333334], [54.546, 24.490666666666673], [54.54625, 24.490666666666673], [54.54625, 24.490833333333338], [54.54658333333334, 24.490833333333338], [54.54658333333334, 24.490916666666674], [54.54691666666667, 24.490916666666674], [54.547000000000004, 24.49108333333334], [54.547250000000005, 24.49108333333334], [54.547333333333334, 24.491250000000004], [54.547583333333336, 24.491250000000004], [54.54766666666667, 24.491416666666673], [54.54783333333334, 24.491416666666673], [54.54783333333334, 24.491583333333338], [54.54791666666667, 24.491583333333338], [54.54791666666667, 24.491666666666674], [54.54808333333334, 24.491666666666674], [54.54816666666667, 24.49183333333334], [54.54833333333334, 24.491916666666672], [54.54833333333334, 24.49208333333334], [54.548500000000004, 24.492166666666673], [54.548500000000004, 24.492333333333338], [54.54866666666667, 24.492333333333338], [54.54866666666667, 24.492666666666672], [54.548833333333334, 24.492666666666672], [54.54891666666667, 24.49283333333334], [54.549083333333336, 24.49283333333334], [54.54916666666667, 24.493000000000006], [54.54941666666667, 24.493000000000006], [54.5495, 24.49316666666667], [54.54966666666667, 24.493250000000007], [54.54966666666667, 24.493416666666672], [54.54975, 24.493416666666672], [54.54975, 24.493500000000004], [54.54983333333334, 24.493500000000004], [54.54991666666667, 24.493666666666673], [54.55008333333333, 24.493750000000006], [54.55008333333333, 24.49391666666667], [54.550250000000005, 24.49391666666667], [54.550250000000005, 24.494250000000005], [54.550333333333334, 24.494250000000005], [54.550333333333334, 24.49458333333334], [54.55041666666667, 24.49458333333334], [54.55041666666667, 24.49558333333334], [54.55008333333333, 24.49558333333334], [54.550000000000004, 24.495750000000005], [54.54983333333334, 24.495750000000005], [54.54983333333334, 24.49583333333334], [54.5495, 24.49583333333334], [54.5495, 24.495916666666673], [54.54933333333334, 24.495916666666673], [54.54933333333334, 24.496000000000006], [54.54925, 24.496000000000006], [54.54916666666667, 24.49616666666667], [54.54858333333333, 24.49616666666667], [54.54858333333333, 24.49608333333334], [54.548500000000004, 24.49608333333334], [54.548500000000004, 24.496250000000007], [54.54841666666667, 24.496250000000007], [54.54841666666667, 24.49633333333334], [54.54825, 24.496250000000007], [54.54825, 24.49616666666667], [54.54816666666667, 24.49616666666667], [54.54808333333334, 24.496000000000006], [54.54791666666667, 24.496000000000006], [54.54791666666667, 24.49608333333334], [54.54783333333334, 24.49608333333334], [54.54783333333334, 24.496250000000007], [54.54741666666667, 24.496250000000007], [54.54741666666667, 24.496416666666672], [54.54708333333333, 24.496416666666672], [54.54708333333333, 24.496500000000005], [54.547000000000004, 24.496500000000005], [54.547000000000004, 24.496416666666672], [54.54683333333334, 24.496416666666672], [54.54683333333334, 24.49633333333334], [54.54658333333334, 24.49633333333334], [54.54658333333334, 24.496416666666672], [54.54625, 24.496416666666672], [54.54625, 24.496500000000005], [54.546083333333335, 24.496500000000005], [54.546, 24.49633333333334], [54.54541666666667, 24.49633333333334], [54.54541666666667, 24.496250000000007], [54.544583333333335, 24.496250000000007], [54.544583333333335, 24.49616666666667], [54.5435, 24.49616666666667], [54.5435, 24.49608333333334], [54.54341666666667, 24.49608333333334], [54.54341666666667, 24.49616666666667], [54.54325, 24.49616666666667], [54.54325, 24.49608333333334], [54.543083333333335, 24.49608333333334], [54.543083333333335, 24.49616666666667], [54.54291666666667, 24.49616666666667], [54.54291666666667, 24.496000000000006], [54.542750000000005, 24.496000000000006], [54.54266666666667, 24.49583333333334], [54.542500000000004, 24.49583333333334], [54.54241666666667, 24.496000000000006], [54.54225, 24.496000000000006], [54.54225, 24.49583333333334], [54.54216666666667, 24.49583333333334], [54.54216666666667, 24.495750000000005], [54.542, 24.495750000000005], [54.542, 24.49583333333334], [54.54191666666667, 24.49583333333334], [54.54191666666667, 24.49608333333334], [54.54208333333334, 24.49608333333334], [54.54208333333334, 24.49616666666667], [54.542, 24.49616666666667], [54.542, 24.496250000000007], [54.54183333333334, 24.49633333333334], [54.54183333333334, 24.496416666666672], [54.541500000000006, 24.496416666666672], [54.541500000000006, 24.496500000000005], [54.54141666666667, 24.496500000000005]], [[54.548, 24.49541666666667], [54.54808333333334, 24.49541666666667], [54.54808333333334, 24.495166666666673], [54.54816666666667, 24.495166666666673], [54.54816666666667, 24.495000000000005], [54.548, 24.495000000000005], [54.548, 24.49508333333334], [54.54783333333334, 24.49508333333334], [54.54783333333334, 24.495250000000006], [54.54791666666667, 24.495250000000006], [54.548, 24.49541666666667]], [[54.54141666666667, 24.495166666666673], [54.541500000000006, 24.495166666666673], [54.541500000000006, 24.49508333333334], [54.54141666666667, 24.49508333333334], [54.54141666666667, 24.495166666666673]], [[54.54475, 24.494500000000006], [54.545, 24.494500000000006], [54.545, 24.494416666666673], [54.54525, 24.494416666666673], [54.54525, 24.49433333333334], [54.54541666666667, 24.49433333333334], [54.54541666666667, 24.494250000000005], [54.54558333333333, 24.494250000000005], [54.54558333333333, 24.493750000000006], [54.54566666666667, 24.493750000000006], [54.54566666666667, 24.493666666666673], [54.54541666666667, 24.493666666666673], [54.54541666666667, 24.49358333333334], [54.54491666666667, 24.49358333333334], [54.54491666666667, 24.493500000000004], [54.54475, 24.493500000000004], [54.54475, 24.49383333333334], [54.54483333333334, 24.49383333333334], [54.54483333333334, 24.49391666666667], [54.54475, 24.49391666666667], [54.54475, 24.494500000000006]], [[54.54208333333334, 24.494250000000005], [54.54216666666667, 24.494250000000005], [54.54216666666667, 24.494166666666672], [54.54233333333334, 24.494166666666672], [54.54233333333334, 24.49408333333334], [54.54216666666667, 24.494000000000007], [54.54216666666667, 24.49391666666667], [54.542, 24.49391666666667], [54.542, 24.494166666666672], [54.54208333333334, 24.494166666666672], [54.54208333333334, 24.494250000000005]], [[54.542833333333334, 24.49408333333334], [54.543000000000006, 24.49408333333334], [54.543000000000006, 24.494000000000007], [54.542833333333334, 24.494000000000007], [54.542833333333334, 24.49408333333334]], [[54.5475, 24.492666666666672], [54.547583333333336, 24.492666666666672], [54.547583333333336, 24.492500000000007], [54.5475, 24.492500000000007], [54.5475, 24.492666666666672]], [[54.54716666666667, 24.49258333333334], [54.54741666666667, 24.49258333333334], [54.54741666666667, 24.492500000000007], [54.547333333333334, 24.492500000000007], [54.547333333333334, 24.49241666666667], [54.54716666666667, 24.49241666666667], [54.54716666666667, 24.49258333333334]], [[54.547583333333336, 24.49241666666667], [54.54783333333334, 24.49241666666667], [54.54783333333334, 24.492333333333338], [54.54791666666667, 24.492333333333338], [54.54791666666667, 24.492166666666673], [54.54775, 24.49208333333334], [54.54775, 24.492333333333338], [54.547583333333336, 24.492333333333338], [54.547583333333336, 24.49241666666667]], [[54.54358333333334, 24.490833333333338], [54.54375, 24.490833333333338], [54.54375, 24.490666666666673], [54.54358333333334, 24.490666666666673], [54.54358333333334, 24.490833333333338]], [[54.54341666666667, 24.490500000000004], [54.5435, 24.490500000000004], [54.5435, 24.490416666666672], [54.54341666666667, 24.490416666666672], [54.54341666666667, 24.490500000000004]], [[54.54383333333334, 24.490500000000004], [54.54391666666667, 24.490500000000004], [54.54391666666667, 24.490416666666672], [54.54533333333334, 24.490416666666672], [54.54533333333334, 24.49033333333334], [54.545, 24.49033333333334], [54.545, 24.490250000000007], [54.54475, 24.490250000000007], [54.54475, 24.490166666666674], [54.54441666666667, 24.490166666666674], [54.544333333333334, 24.49033333333334], [54.54416666666667, 24.49033333333334], [54.54416666666667, 24.490250000000007], [54.544000000000004, 24.490250000000007], [54.544000000000004, 24.49033333333334], [54.54383333333334, 24.49033333333334], [54.54383333333334, 24.490500000000004]], [[54.54491666666667, 24.48808333333334], [54.545, 24.48808333333334], [54.545, 24.488000000000007], [54.54491666666667, 24.488000000000007], [54.54491666666667, 24.48808333333334]], [[54.54683333333334, 24.48758333333334], [54.54716666666667, 24.48758333333334], [54.54716666666667, 24.48741666666667], [54.54683333333334, 24.48741666666667], [54.54683333333334, 24.48758333333334]], [[54.5465, 24.487500000000004], [54.54658333333334, 24.487500000000004], [54.54658333333334, 24.48733333333334], [54.5465, 24.48733333333334], [54.5465, 24.487500000000004]], [[54.548500000000004, 24.487083333333338], [54.548833333333334, 24.487083333333338], [54.548833333333334, 24.487000000000005], [54.54891666666667, 24.487000000000005], [54.54891666666667, 24.48683333333334], [54.54916666666667, 24.48683333333334], [54.54916666666667, 24.486916666666673], [54.54925, 24.486916666666673], [54.54925, 24.486750000000004], [54.54941666666667, 24.48666666666667], [54.5495, 24.486500000000007], [54.55083333333334, 24.486500000000007], [54.55083333333334, 24.48658333333334], [54.55108333333334, 24.48658333333334], [54.55108333333334, 24.486500000000007], [54.55116666666667, 24.486500000000007], [54.55116666666667, 24.48658333333334], [54.55125, 24.48658333333334], [54.55125, 24.486500000000007], [54.55158333333333, 24.486500000000007], [54.55158333333333, 24.486250000000005], [54.55133333333334, 24.486250000000005], [54.55125, 24.48608333333334], [54.55108333333334, 24.48608333333334], [54.55108333333334, 24.486000000000004], [54.551, 24.486000000000004], [54.551, 24.48591666666667], [54.55083333333334, 24.48583333333334], [54.55083333333334, 24.485750000000007], [54.55066666666667, 24.485750000000007], [54.55066666666667, 24.485666666666674], [54.550583333333336, 24.485666666666674], [54.550583333333336, 24.485750000000007], [54.5505, 24.485750000000007], [54.5505, 24.485666666666674], [54.550250000000005, 24.485666666666674], [54.55016666666667, 24.485500000000005], [54.55008333333333, 24.485500000000005], [54.55008333333333, 24.485583333333338], [54.550000000000004, 24.485583333333338], [54.550000000000004, 24.485500000000005], [54.54975, 24.485500000000005], [54.54966666666667, 24.485666666666674], [54.54958333333334, 24.485666666666674], [54.54958333333334, 24.485583333333338], [54.54941666666667, 24.485583333333338], [54.54941666666667, 24.485666666666674], [54.54933333333334, 24.485666666666674], [54.54933333333334, 24.486000000000004], [54.54925, 24.486000000000004], [54.54925, 24.486166666666673], [54.54916666666667, 24.486166666666673], [54.54916666666667, 24.48608333333334], [54.548833333333334, 24.48608333333334], [54.548833333333334, 24.486166666666673], [54.548750000000005, 24.486166666666673], [54.548750000000005, 24.486333333333338], [54.54866666666667, 24.486333333333338], [54.54866666666667, 24.486500000000007], [54.548833333333334, 24.48658333333334], [54.548833333333334, 24.486750000000004], [54.548750000000005, 24.486750000000004], [54.548750000000005, 24.487000000000005], [54.54866666666667, 24.487000000000005], [54.54866666666667, 24.486916666666673], [54.548500000000004, 24.486916666666673], [54.548500000000004, 24.487083333333338]], [[54.54683333333334, 24.48658333333334], [54.547250000000005, 24.48658333333334], [54.547250000000005, 24.486500000000007], [54.5475, 24.486500000000007], [54.5475, 24.486416666666674], [54.54766666666667, 24.486416666666674], [54.54766666666667, 24.486250000000005], [54.54741666666667, 24.486250000000005], [54.54741666666667, 24.486333333333338], [54.54708333333333, 24.486333333333338], [54.54708333333333, 24.486416666666674], [54.54691666666667, 24.486416666666674], [54.54683333333334, 24.48658333333334]], [[54.54475, 24.486333333333338], [54.54483333333334, 24.486333333333338], [54.54483333333334, 24.486250000000005], [54.54475, 24.486250000000005], [54.54475, 24.486333333333338]]]}, "properties": {"stand": 8, "area_ha": 119.6, "alert": false, "z": 0.12}}, {"type": "Feature", "geometry": {"type": "Polygon", "coordinates": [[[54.55916666666667, 24.496250000000007], [54.55916666666667, 24.49616666666667], [54.55875, 24.49616666666667], [54.55875, 24.49608333333334], [54.55833333333334, 24.49608333333334], [54.55833333333334, 24.495916666666673], [54.55825, 24.495916666666673], [54.55816666666667, 24.495750000000005], [54.55791666666667, 24.495750000000005], [54.55791666666667, 24.495666666666672], [54.55766666666667, 24.495666666666672], [54.55766666666667, 24.49558333333334], [54.55758333333333, 24.49558333333334], [54.55758333333333, 24.495666666666672], [54.55741666666667, 24.495666666666672], [54.55741666666667, 24.49558333333334], [54.55733333333334, 24.49558333333334], [54.55733333333334, 24.49541666666667], [54.55741666666667, 24.49541666666667], [54.55741666666667, 24.49533333333334], [54.558083333333336, 24.49533333333334], [54.558, 24.495166666666673], [54.557833333333335, 24.495166666666673], [54.557833333333335, 24.49508333333334], [54.55816666666667, 24.49508333333334], [54.55816666666667, 24.495166666666673], [54.559083333333334, 24.495166666666673], [54.559083333333334, 24.495000000000005], [54.55891666666667, 24.494916666666672], [54.55883333333334, 24.494750000000007], [54.55866666666667, 24.49466666666667], [54.55866666666667, 24.49458333333334], [54.55833333333334, 24.49458333333334], [54.55833333333334, 24.494500000000006], [54.55816666666667, 24.494500000000006], [54.55816666666667, 24.494416666666673], [54.557833333333335, 24.494416666666673], [54.557833333333335, 24.49433333333334], [54.55758333333333, 24.49433333333334], [54.55758333333333, 24.494250000000005], [54.55725, 24.494250000000005], [54.55725, 24.494166666666672], [54.55708333333334, 24.494166666666672], [54.55708333333334, 24.49408333333334], [54.55675, 24.49408333333334], [54.55666666666667, 24.49391666666667], [54.55641666666667, 24.49391666666667], [54.55641666666667, 24.49383333333334], [54.55558333333334, 24.49383333333334], [54.55558333333334, 24.493750000000006], [54.555, 24.493750000000006], [54.555, 24.49383333333334], [54.55491666666667, 24.49383333333334], [54.55491666666667, 24.494000000000007], [54.554750000000006, 24.494000000000007], [54.554750000000006, 24.494166666666672], [54.55491666666667, 24.494250000000005], [54.55491666666667, 24.49433333333334], [54.555083333333336, 24.49433333333334], [54.555083333333336, 24.494416666666673], [54.555416666666666, 24.494416666666673], [54.555416666666666, 24.494500000000006], [54.556000000000004, 24.494500000000006], [54.556000000000004, 24.49458333333334], [54.55616666666667, 24.49458333333334], [54.55616666666667, 24.49466666666667], [54.556000000000004, 24.49466666666667], [54.556000000000004, 24.494750000000007], [54.55608333333333, 24.494750000000007], [54.55608333333333, 24.494916666666672], [54.555416666666666, 24.494916666666672], [54.555416666666666, 24.49483333333334], [54.55525, 24.49483333333334], [54.55525, 24.494750000000007], [54.55516666666667, 24.494750000000007], [54.55516666666667, 24.49483333333334], [54.55491666666667, 24.49483333333334], [54.55491666666667, 24.494750000000007], [54.55458333333333, 24.494750000000007], [54.55458333333333, 24.49466666666667], [54.55383333333334, 24.49466666666667], [54.55383333333334, 24.494750000000007], [54.553583333333336, 24.494750000000007], [54.553583333333336, 24.49466666666667], [54.5535, 24.49466666666667], [54.5535, 24.494500000000006], [54.55341666666667, 24.494500000000006], [54.55341666666667, 24.49433333333334], [54.553333333333335, 24.49433333333334], [54.553333333333335, 24.49408333333334], [54.553250000000006, 24.49408333333334], [54.553250000000006, 24.49383333333334], [54.55308333333333, 24.493750000000006], [54.55308333333333, 24.493500000000004], [54.55316666666667, 24.493500000000004], [54.55316666666667, 24.493416666666672], [54.55308333333333, 24.493416666666672], [54.55308333333333, 24.49316666666667], [54.55316666666667, 24.49316666666667], [54.55316666666667, 24.493000000000006], [54.55308333333333, 24.493000000000006], [54.55308333333333, 24.49283333333334], [54.55316666666667, 24.49283333333334], [54.55316666666667, 24.492750000000004], [54.55308333333333, 24.492750000000004], [54.55308333333333, 24.492666666666672], [54.55316666666667, 24.492666666666672], [54.55316666666667, 24.49241666666667], [54.55308333333333, 24.49241666666667], [54.55308333333333, 24.492333333333338], [54.55316666666667, 24.492333333333338], [54.55316666666667, 24.492166666666673], [54.553250000000006, 24.492166666666673], [54.553250000000006, 24.491916666666672], [54.553333333333335, 24.491916666666672], [54.553333333333335, 24.491666666666674], [54.55341666666667, 24.491666666666674], [54.55341666666667, 24.491583333333338], [54.553583333333336, 24.491583333333338], [54.553583333333336, 24.49133333333334], [54.55366666666667, 24.49133333333334], [54.55366666666667, 24.491166666666672], [54.55383333333334, 24.49108333333334], [54.55383333333334, 24.491000000000007], [54.554, 24.491000000000007], [54.554, 24.490916666666674], [54.55408333333334, 24.490916666666674], [54.55416666666667, 24.490750000000006], [54.55425, 24.490750000000006], [54.55425, 24.490916666666674], [54.554500000000004, 24.490916666666674], [54.554500000000004, 24.490833333333338], [54.55441666666667, 24.490833333333338], [54.55433333333334, 24.490666666666673], [54.554500000000004, 24.490666666666673], [54.554500000000004, 24.49058333333334], [54.55466666666667, 24.49058333333334], [54.554750000000006, 24.490416666666672], [54.555083333333336, 24.490416666666672], [54.555083333333336, 24.49033333333334], [54.55516666666667, 24.49033333333334], [54.55516666666667, 24.490166666666674], [54.555083333333336, 24.490166666666674], [54.555083333333336, 24.490000000000006], [54.55491666666667, 24.490000000000006], [54.55491666666667, 24.489916666666673], [54.554750000000006, 24.489916666666673], [54.55466666666667, 24.489750000000004], [54.55458333333333, 24.489750000000004], [54.55458333333333, 24.48958333333334], [54.554500000000004, 24.48958333333334], [54.554500000000004, 24.489500000000007], [54.55433333333334, 24.489416666666674], [54.55433333333334, 24.489333333333338], [54.554500000000004, 24.489333333333338], [54.554500000000004, 24.489000000000004], [54.55466666666667, 24.489000000000004], [54.55466666666667, 24.48908333333334], [54.554750000000006, 24.48908333333334], [54.554750000000006, 24.48891666666667], [54.554833333333335, 24.48891666666667], [54.554833333333335, 24.488750000000007], [54.55491666666667, 24.488750000000007], [54.55491666666667, 24.488500000000005], [54.555, 24.488500000000005], [54.555, 24.488416666666673], [54.55491666666667, 24.488416666666673], [54.55491666666667, 24.48758333333334], [54.554833333333335, 24.48758333333334], [54.554833333333335, 24.48733333333334], [54.554750000000006, 24.48733333333334], [54.554750000000006, 24.487083333333338], [54.55466666666667, 24.487083333333338], [54.55466666666667, 24.486750000000004], [54.55458333333333, 24.486750000000004], [54.554500000000004, 24.48658333333334], [54.55441666666667, 24.48658333333334], [54.55433333333334, 24.486416666666674], [54.55425, 24.486416666666674], [54.55425, 24.486333333333338], [54.55416666666667, 24.486333333333338], [54.55408333333334, 24.486166666666673], [54.554, 24.486166666666673], [54.554, 24.486000000000004], [54.55408333333334, 24.486000000000004], [54.554, 24.48583333333334], [54.55375, 24.48583333333334], [54.55375, 24.48591666666667], [54.553250000000006, 24.48591666666667], [54.553250000000006, 24.48583333333334], [54.553000000000004, 24.48583333333334], [54.553000000000004, 24.485750000000007], [54.55258333333334, 24.485750000000007], [54.55258333333334, 24.485666666666674], [54.55233333333334, 24.485666666666674], [54.55233333333334, 24.485583333333338], [54.552, 24.485583333333338], [54.55191666666667, 24.485416666666673], [54.551833333333335, 24.485416666666673], [54.551833333333335, 24.485250000000004], [54.551750000000006, 24.485250000000004], [54.551750000000006, 24.48516666666667], [54.55141666666667, 24.485000000000007], [54.55141666666667, 24.484750000000005], [54.55133333333334, 24.484750000000005], [54.55133333333334, 24.48441666666667], [54.551, 24.48441666666667], [54.551, 24.484250000000007], [54.55116666666667, 24.484250000000007], [54.55116666666667, 24.484166666666674], [54.55158333333333, 24.484166666666674], [54.55158333333333, 24.48433333333334], [54.55166666666667, 24.48433333333334], [54.55166666666667, 24.48441666666667], [54.551833333333335, 24.48441666666667], [54.551833333333335, 24.48433333333334], [54.552, 24.48433333333334], [54.552, 24.48441666666667], [54.55225, 24.48441666666667], [54.55225, 24.48433333333334], [54.55241666666667, 24.48433333333334], [54.55241666666667, 24.484250000000007], [54.55258333333334, 24.484250000000007], [54.55258333333334, 24.484166666666674], [54.55283333333334, 24.484166666666674], [54.55291666666667, 24.484000000000005], [54.553000000000004, 24.484000000000005], [54.553000000000004, 24.483750000000004], [54.55341666666667, 24.483750000000004], [54.55341666666667, 24.48366666666667], [54.553583333333336, 24.48366666666667], [54.553583333333336, 24.48358333333334], [54.55383333333334, 24.48358333333334], [54.55383333333334, 24.483500000000006], [54.554, 24.483500000000006], [54.554, 24.483416666666674], [54.55425, 24.483416666666674], [54.55425, 24.483333333333338], [54.554500000000004, 24.483333333333338], [54.554500000000004, 24.483416666666674], [54.554833333333335, 24.483416666666674], [54.554833333333335, 24.483333333333338], [54.55558333333334, 24.483333333333338], [54.55558333333334, 24.483250000000005], [54.55591666666667, 24.483250000000005], [54.55591666666667, 24.483166666666673], [54.55608333333333, 24.483166666666673], [54.55608333333333, 24.483250000000005], [54.556250000000006, 24.483250000000005], [54.556250000000006, 24.483333333333338], [54.55641666666667, 24.483333333333338], [54.55641666666667, 24.483166666666673], [54.556583333333336, 24.483166666666673], [54.556583333333336, 24.48366666666667], [54.55666666666667, 24.48366666666667], [54.55666666666667, 24.483500000000006], [54.557, 24.483500000000006], [54.557, 24.483416666666674], [54.55733333333334, 24.483416666666674], [54.55733333333334, 24.483333333333338], [54.55758333333333, 24.483333333333338], [54.55758333333333, 24.483250000000005], [54.557750000000006, 24.483166666666673], [54.557750000000006, 24.48291666666667], [54.557833333333335, 24.48291666666667], [54.557833333333335, 24.482750000000006], [54.558083333333336, 24.482750000000006], [54.558083333333336, 24.48283333333334], [54.55825, 24.48291666666667], [54.55825, 24.48308333333334], [54.55833333333334, 24.48308333333334], [54.55833333333334, 24.483166666666673], [54.55875, 24.483166666666673], [54.55875, 24.483416666666674], [54.55883333333334, 24.483416666666674], [54.55883333333334, 24.483500000000006], [54.55941666666667, 24.483500000000006], [54.55941666666667, 24.483416666666674], [54.559250000000006, 24.483333333333338], [54.559250000000006, 24.483250000000005], [54.559333333333335, 24.483250000000005], [54.559333333333335, 24.482583333333338], [54.55941666666667, 24.482583333333338], [54.55941666666667, 24.482500000000005], [54.559583333333336, 24.482500000000005], [54.559583333333336, 24.482416666666673], [54.56016666666667, 24.482416666666673], [54.56016666666667, 24.482500000000005], [54.56033333333334, 24.482583333333338], [54.56033333333334, 24.482416666666673], [54.560500000000005, 24.482416666666673], [54.560500000000005, 24.48233333333334], [54.56041666666667, 24.48233333333334], [54.56041666666667, 24.48216666666667], [54.560583333333334, 24.48216666666667], [54.560583333333334, 24.481916666666674], [54.56091666666667, 24.481916666666674], [54.56091666666667, 24.481833333333338], [54.56133333333334, 24.481833333333338], [54.56133333333334, 24.482000000000006], [54.5615, 24.48208333333334], [54.5615, 24.482000000000006], [54.56175, 24.482000000000006], [54.56175, 24.48141666666667], [54.56241666666667, 24.48141666666667], [54.56241666666667, 24.481500000000008], [54.562916666666666, 24.481500000000008], [54.562916666666666, 24.481250000000006], [54.563, 24.481250000000006], [54.563, 24.481166666666674], [54.56333333333334, 24.481166666666674], [54.56341666666667, 24.48133333333334], [54.563583333333334, 24.48141666666667], [54.563583333333334, 24.48133333333334], [54.563750000000006, 24.48133333333334], [54.563833333333335, 24.481166666666674], [54.564, 24.481166666666674], [54.564, 24.481083333333338], [54.56425, 24.481083333333338], [54.56425, 24.481000000000005], [54.5645, 24.481000000000005], [54.5645, 24.48216666666667], [54.564416666666666, 24.48216666666667], [54.564416666666666, 24.482416666666673], [54.56425, 24.482416666666673], [54.56425, 24.482666666666674], [54.564083333333336, 24.482750000000006], [54.564083333333336, 24.483000000000004], [54.564, 24.483000000000004], [54.564, 24.483750000000004], [54.563833333333335, 24.483750000000004], [54.563833333333335, 24.484083333333338], [54.563750000000006, 24.484083333333338], [54.563750000000006, 24.48433333333334], [54.563583333333334, 24.48441666666667], [54.563583333333334, 24.48458333333334], [54.56341666666667, 24.48458333333334], [54.56341666666667, 24.484666666666673], [54.56333333333334, 24.484666666666673], [54.56333333333334, 24.484833333333338], [54.563250000000004, 24.484833333333338], [54.563250000000004, 24.484916666666674], [54.56316666666667, 24.484916666666674], [54.56308333333334, 24.48508333333334], [54.562916666666666, 24.48508333333334], [54.562916666666666, 24.48516666666667], [54.56275, 24.485250000000004], [54.56266666666667, 24.485416666666673], [54.56241666666667, 24.485416666666673], [54.56241666666667, 24.485500000000005], [54.562250000000006, 24.485583333333338], [54.562250000000006, 24.485666666666674], [54.562083333333334, 24.485583333333338], [54.562083333333334, 24.485666666666674], [54.56183333333334, 24.485666666666674], [54.56183333333334, 24.485750000000007], [54.56166666666667, 24.485750000000007], [54.56166666666667, 24.48583333333334], [54.56158333333334, 24.48583333333334], [54.56166666666667, 24.486000000000004], [54.56183333333334, 24.48608333333334], [54.56183333333334, 24.486166666666673], [54.562000000000005, 24.486166666666673], [54.562083333333334, 24.486333333333338], [54.56216666666667, 24.486333333333338], [54.56216666666667, 24.48658333333334], [54.562333333333335, 24.48666666666667], [54.562333333333335, 24.48683333333334], [54.562250000000006, 24.48683333333334], [54.562250000000006, 24.486750000000004], [54.56183333333334, 24.486750000000004], [54.56183333333334, 24.48666666666667], [54.56175, 24.48666666666667], [54.56175, 24.486500000000007], [54.56166666666667, 24.486500000000007], [54.56166666666667, 24.486416666666674], [54.561416666666666, 24.486416666666674], [54.56133333333334, 24.486250000000005], [54.56125, 24.486250000000005], [54.56125, 24.486416666666674], [54.56133333333334, 24.486416666666674], [54.56133333333334, 24.486500000000007], [54.56116666666667, 24.486500000000007], [54.56116666666667, 24.486916666666673], [54.560833333333335, 24.486916666666673], [54.560833333333335, 24.487000000000005], [54.560583333333334, 24.487000000000005], [54.560583333333334, 24.48683333333334], [54.56066666666667, 24.48683333333334], [54.56066666666667, 24.48666666666667], [54.560750000000006, 24.48666666666667], [54.560750000000006, 24.48658333333334], [54.56066666666667, 24.48658333333334], [54.56066666666667, 24.486333333333338], [54.560583333333334, 24.486333333333338], [54.560583333333334, 24.486250000000005], [54.56041666666667, 24.486250000000005], [54.56041666666667, 24.486166666666673], [54.55983333333334, 24.486166666666673], [54.55983333333334, 24.486250000000005], [54.559916666666666, 24.486250000000005], [54.559916666666666, 24.486333333333338], [54.55983333333334, 24.486333333333338], [54.55983333333334, 24.486500000000007], [54.56, 24.486500000000007], [54.56, 24.48658333333334], [54.56008333333334, 24.48658333333334], [54.56008333333334, 24.486916666666673], [54.56025, 24.486916666666673], [54.56025, 24.487000000000005], [54.56033333333334, 24.487000000000005], [54.56033333333334, 24.487250000000007], [54.560500000000005, 24.48733333333334], [54.560500000000005, 24.487500000000004], [54.560750000000006, 24.487500000000004], [54.560750000000006, 24.48741666666667], [54.56091666666667, 24.48733333333334], [54.561, 24.487166666666674], [54.56125, 24.487166666666674], [54.56125, 24.48733333333334], [54.561416666666666, 24.48733333333334], [54.561416666666666, 24.487250000000007], [54.56158333333334, 24.487250000000007], [54.56166666666667, 24.48741666666667], [54.56175, 24.48741666666667], [54.56175, 24.48733333333334], [54.56183333333334, 24.48733333333334], [54.56183333333334, 24.487166666666674], [54.562083333333334, 24.487166666666674], [54.562083333333334, 24.487250000000007], [54.56216666666667, 24.487250000000007], [54.56216666666667, 24.487083333333338], [54.562333333333335, 24.487083333333338], [54.562333333333335, 24.487000000000005], [54.5625, 24.487000000000005], [54.5625, 24.487166666666674], [54.562583333333336, 24.487166666666674], [54.562583333333336, 24.48733333333334], [54.56275, 24.48741666666667], [54.56275, 24.48758333333334], [54.56266666666667, 24.48758333333334], [54.56266666666667, 24.487750000000005], [54.56283333333334, 24.487750000000005], [54.562916666666666, 24.48758333333334], [54.563, 24.48758333333334], [54.563, 24.487500000000004], [54.56316666666667, 24.48741666666667], [54.56316666666667, 24.487250000000007], [54.563250000000004, 24.487250000000007], [54.563250000000004, 24.487166666666674], [54.56341666666667, 24.487083333333338], [54.56341666666667, 24.486916666666673], [54.563583333333334, 24.48683333333334], [54.563583333333334, 24.48666666666667], [54.563750000000006, 24.48666666666667], [54.563833333333335, 24.486500000000007], [54.56391666666667, 24.486500000000007], [54.56391666666667, 24.486333333333338], [54.564, 24.486333333333338], [54.564, 24.486250000000005], [54.564083333333336, 24.486250000000005], [54.564083333333336, 24.486166666666673], [54.56425, 24.486166666666673], [54.56425, 24.486000000000004], [54.56433333333334, 24.486000000000004], [54.56433333333334, 24.48591666666667], [54.5645, 24.486000000000004], [54.5645, 24.48583333333334], [54.56458333333334, 24.48583333333334], [54.56458333333334, 24.485750000000007], [54.564750000000004, 24.485750000000007], [54.564750000000004, 24.485666666666674], [54.56491666666667, 24.485666666666674], [54.565000000000005, 24.485500000000005], [54.565333333333335, 24.485500000000005], [54.565333333333335, 24.485416666666673], [54.565583333333336, 24.485416666666673], [54.565583333333336, 24.48533333333334], [54.56741666666667, 24.48533333333334], [54.5675, 24.485500000000005], [54.56766666666667, 24.485500000000005], [54.56766666666667, 24.485583333333338], [54.568000000000005, 24.485583333333338], [54.568083333333334, 24.485750000000007], [54.56841666666667, 24.485750000000007], [54.5685, 24.48591666666667], [54.56866666666667, 24.48591666666667], [54.56875, 24.48608333333334], [54.569, 24.48608333333334], [54.569, 24.486166666666673], [54.56916666666667, 24.486166666666673], [54.56916666666667, 24.486333333333338], [54.569250000000004, 24.486333333333338], [54.569250000000004, 24.486500000000007], [54.56941666666667, 24.48658333333334], [54.56941666666667, 24.486750000000004], [54.569583333333334, 24.486750000000004], [54.569583333333334, 24.48683333333334], [54.56966666666667, 24.48683333333334], [54.56966666666667, 24.487000000000005], [54.569833333333335, 24.487083333333338], [54.569833333333335, 24.48741666666667], [54.56991666666667, 24.48741666666667], [54.56991666666667, 24.487666666666673], [54.57, 24.487666666666673], [54.57, 24.48908333333334], [54.56991666666667, 24.48908333333334], [54.56991666666667, 24.489333333333338], [54.569750000000006, 24.489416666666674], [54.569750000000006, 24.490000000000006], [54.56966666666667, 24.490000000000006], [54.56966666666667, 24.490250000000007], [54.569583333333334, 24.490250000000007], [54.569583333333334, 24.49058333333334], [54.56941666666667, 24.49058333333334], [54.56941666666667, 24.490666666666673], [54.56933333333333, 24.490666666666673], [54.56933333333333, 24.490833333333338], [54.56916666666667, 24.490916666666674], [54.56916666666667, 24.49108333333334], [54.56908333333334, 24.49108333333334], [54.56908333333334, 24.491166666666672], [54.56891666666667, 24.491166666666672], [54.56891666666667, 24.491250000000004], [54.56875, 24.49133333333334], [54.56875, 24.491416666666673], [54.568583333333336, 24.491416666666673], [54.568583333333336, 24.491500000000006], [54.56841666666667, 24.491500000000006], [54.56841666666667, 24.491583333333338], [54.568250000000006, 24.491583333333338], [54.56816666666667, 24.491750000000007], [54.56783333333333, 24.491750000000007], [54.56766666666667, 24.49208333333334], [54.56741666666667, 24.49208333333334], [54.56741666666667, 24.492166666666673], [54.56725, 24.492250000000006], [54.56725, 24.492333333333338], [54.567083333333336, 24.492333333333338], [54.567083333333336, 24.49241666666667], [54.56691666666667, 24.49241666666667], [54.56691666666667, 24.492500000000007], [54.566750000000006, 24.492500000000007], [54.56666666666667, 24.492666666666672], [54.56633333333333, 24.492666666666672], [54.56633333333333, 24.492750000000004], [54.56616666666667, 24.492750000000004], [54.56616666666667, 24.49283333333334], [54.56583333333334, 24.49283333333334], [54.56583333333334, 24.492916666666673], [54.565583333333336, 24.492916666666673], [54.565583333333336, 24.493000000000006], [54.56483333333333, 24.493000000000006], [54.56483333333333, 24.493083333333338], [54.56466666666667, 24.493083333333338], [54.56466666666667, 24.493000000000006], [54.56391666666667, 24.493000000000006], [54.56391666666667, 24.492916666666673], [54.563583333333334, 24.492916666666673], [54.563583333333334, 24.49283333333334], [54.56341666666667, 24.492916666666673], [54.56341666666667, 24.492750000000004], [54.563250000000004, 24.492666666666672], [54.563250000000004, 24.49258333333334], [54.56308333333334, 24.492666666666672], [54.56308333333334, 24.49258333333334], [54.562916666666666, 24.492500000000007], [54.562916666666666, 24.49241666666667], [54.56275, 24.49241666666667], [54.56275, 24.492666666666672], [54.56266666666667, 24.492666666666672], [54.56266666666667, 24.493500000000004], [54.562583333333336, 24.493500000000004], [54.562583333333336, 24.493750000000006], [54.5625, 24.493750000000006], [54.5625, 24.49408333333334], [54.56241666666667, 24.49408333333334], [54.56241666666667, 24.494166666666672], [54.562250000000006, 24.494166666666672], [54.562250000000006, 24.49433333333334], [54.562083333333334, 24.494416666666673], [54.562083333333334, 24.49458333333334], [54.56191666666667, 24.49466666666667], [54.56191666666667, 24.494750000000007], [54.56175, 24.494750000000007], [54.56175, 24.49483333333334], [54.56166666666667, 24.49483333333334], [54.56158333333334, 24.495000000000005], [54.561416666666666, 24.49508333333334], [54.561416666666666, 24.495250000000006], [54.56125, 24.495250000000006], [54.56125, 24.49541666666667], [54.561083333333336, 24.495500000000007], [54.561083333333336, 24.49558333333334], [54.561, 24.49558333333334], [54.561, 24.495666666666672], [54.560750000000006, 24.495666666666672], [54.56066666666667, 24.49583333333334], [54.560500000000005, 24.49583333333334], [54.56041666666667, 24.496000000000006], [54.56025, 24.496000000000006], [54.56025, 24.49608333333334], [54.55975, 24.49608333333334], [54.55975, 24.49616666666667], [54.559250000000006, 24.49616666666667], [54.559250000000006, 24.496250000000007], [54.55916666666667, 24.496250000000007]], [[54.55558333333334, 24.49483333333334], [54.55566666666667, 24.49483333333334], [54.55566666666667, 24.494750000000007], [54.55558333333334, 24.494750000000007], [54.55558333333334, 24.49483333333334]], [[54.55583333333334, 24.49483333333334], [54.55591666666667, 24.49483333333334], [54.55591666666667, 24.494750000000007], [54.55583333333334, 24.494750000000007], [54.55583333333334, 24.49483333333334]], [[54.56033333333334, 24.494750000000007], [54.560583333333334, 24.494750000000007], [54.560583333333334, 24.49466666666667], [54.56066666666667, 24.49466666666667], [54.56066666666667, 24.49408333333334], [54.560750000000006, 24.49408333333334], [54.560750000000006, 24.49358333333334], [54.56066666666667, 24.49358333333334], [54.56066666666667, 24.493500000000004], [54.560500000000005, 24.493500000000004], [54.560500000000005, 24.493666666666673], [54.56033333333334, 24.493750000000006], [54.56033333333334, 24.49391666666667], [54.56, 24.49391666666667], [54.56, 24.49383333333334], [54.559916666666666, 24.49383333333334], [54.559916666666666, 24.494000000000007], [54.56, 24.494000000000007], [54.56, 24.494166666666672], [54.56033333333334, 24.494166666666672], [54.56033333333334, 24.494750000000007]], [[54.559083333333334, 24.49383333333334], [54.5595, 24.49383333333334], [54.5595, 24.493750000000006], [54.55966666666667, 24.493750000000006], [54.55966666666667, 24.49333333333334], [54.5595, 24.493250000000007], [54.5595, 24.49316666666667], [54.55916666666667, 24.49316666666667], [54.55916666666667, 24.493083333333338], [54.559083333333334, 24.493083333333338], [54.559083333333334, 24.492916666666673], [54.55891666666667, 24.49283333333334], [54.55891666666667, 24.492666666666672], [54.55866666666667, 24.492666666666672], [54.55866666666667, 24.492750000000004], [54.558083333333336, 24.492750000000004], [54.558083333333336, 24.492666666666672], [54.558, 24.492666666666672], [54.558, 24.49283333333334], [54.557750000000006, 24.49283333333334], [54.557750000000006, 24.492916666666673], [54.55758333333333, 24.492916666666673], [54.55758333333333, 24.493000000000006], [54.556916666666666, 24.493000000000006], [54.556916666666666, 24.493083333333338], [54.55675, 24.493083333333338], [54.55675, 24.49316666666667], [54.556916666666666, 24.49316666666667], [54.556916666666666, 24.493250000000007], [54.55716666666667, 24.493250000000007], [54.55716666666667, 24.49333333333334], [54.557500000000005, 24.49333333333334], [54.557500000000005, 24.493416666666672], [54.55791666666667, 24.493416666666672], [54.55791666666667, 24.493500000000004], [54.55825, 24.493500000000004], [54.55825, 24.49358333333334], [54.558416666666666, 24.49358333333334], [54.558416666666666, 24.493500000000004], [54.5585, 24.493500000000004], [54.5585, 24.49358333333334], [54.55891666666667, 24.49358333333334], [54.55891666666667, 24.493750000000006], [54.559083333333334, 24.493750000000006], [54.559083333333334, 24.49383333333334]], [[54.5555, 24.49241666666667], [54.55583333333334, 24.49241666666667], [54.55583333333334, 24.492333333333338], [54.55591666666667, 24.492333333333338], [54.55591666666667, 24.492000000000004], [54.55575, 24.492000000000004], [54.55575, 24.49183333333334], [54.55566666666667, 24.49183333333334], [54.55566666666667, 24.491750000000007], [54.5555, 24.491750000000007], [54.5555, 24.49183333333334], [54.55533333333334, 24.49183333333334], [54.55533333333334, 24.492000000000004], [54.555416666666666, 24.492000000000004], [54.555416666666666, 24.492333333333338], [54.5555, 24.492333333333338], [54.5555, 24.49241666666667]], [[54.5565, 24.491750000000007], [54.55666666666667, 24.491750000000007], [54.55666666666667, 24.491666666666674], [54.5565, 24.491583333333338], [54.5565, 24.491750000000007]], [[54.56266666666667, 24.491666666666674], [54.56283333333334, 24.491666666666674], [54.562916666666666, 24.491500000000006], [54.56316666666667, 24.491500000000006], [54.563250000000004, 24.49133333333334], [54.563500000000005, 24.49133333333334], [54.563583333333334, 24.491166666666672], [54.563750000000006, 24.491166666666672], [54.563750000000006, 24.49108333333334], [54.564, 24.49108333333334], [54.564, 24.491000000000007], [54.56425, 24.491000000000007], [54.56433333333334, 24.490833333333338], [54.56458333333334, 24.490833333333338], [54.56458333333334, 24.490750000000006], [54.565083333333334, 24.490750000000006], [54.565083333333334, 24.490666666666673], [54.56516666666667, 24.490666666666673], [54.56516666666667, 24.490750000000006], [54.565333333333335, 24.490750000000006], [54.565333333333335, 24.490666666666673], [54.56566666666667, 24.490666666666673], [54.56566666666667, 24.49058333333334], [54.56583333333334, 24.490500000000004], [54.565916666666666, 24.49033333333334], [54.56566666666667, 24.49033333333334], [54.56566666666667, 24.490250000000007], [54.565583333333336, 24.490250000000007], [54.565583333333336, 24.490000000000006], [54.566, 24.490000000000006], [54.566, 24.490083333333338], [54.56608333333334, 24.490083333333338], [54.56608333333334, 24.490250000000007], [54.566500000000005, 24.490250000000007], [54.566500000000005, 24.490166666666674], [54.56666666666667, 24.490083333333338], [54.56666666666667, 24.490000000000006], [54.566833333333335, 24.490000000000006], [54.566833333333335, 24.489750000000004], [54.567083333333336, 24.489750000000004], [54.567083333333336, 24.489666666666672], [54.56741666666667, 24.489666666666672], [54.56741666666667, 24.48958333333334], [54.5675, 24.48958333333334], [54.56758333333334, 24.489416666666674], [54.567750000000004, 24.489416666666674], [54.567750000000004, 24.489500000000007], [54.56791666666667, 24.489500000000007], [54.56791666666667, 24.489333333333338], [54.568000000000005, 24.489333333333338], [54.568000000000005, 24.489166666666673], [54.56791666666667, 24.489166666666673], [54.56791666666667, 24.48908333333334], [54.567750000000004, 24.48908333333334], [54.567750000000004, 24.48816666666667], [54.56783333333333, 24.48816666666667], [54.56783333333333, 24.488000000000007], [54.567750000000004, 24.488000000000007], [54.567750000000004, 24.487916666666674], [54.5675, 24.487916666666674], [54.5675, 24.488000000000007], [54.56733333333334, 24.48808333333334], [54.56733333333334, 24.488000000000007], [54.566583333333334, 24.488000000000007], [54.566583333333334, 24.487916666666674], [54.566250000000004, 24.487916666666674], [54.56616666666667, 24.48808333333334], [54.565916666666666, 24.48808333333334], [54.565916666666666, 24.48816666666667], [54.56566666666667, 24.48816666666667], [54.56566666666667, 24.48833333333334], [54.565583333333336, 24.48833333333334], [54.565583333333336, 24.488416666666673], [54.56541666666667, 24.488416666666673], [54.56541666666667, 24.488500000000005], [54.565083333333334, 24.488500000000005], [54.565083333333334, 24.488583333333338], [54.56491666666667, 24.488583333333338], [54.56491666666667, 24.488666666666674], [54.564750000000004, 24.488750000000007], [54.564750000000004, 24.489333333333338], [54.56466666666667, 24.489333333333338], [54.56466666666667, 24.489500000000007], [54.56433333333334, 24.489666666666672], [54.56433333333334, 24.489333333333338], [54.56425, 24.489333333333338], [54.56425, 24.489416666666674], [54.56416666666667, 24.489416666666674], [54.56416666666667, 24.48958333333334], [54.56425, 24.48958333333334], [54.56425, 24.489666666666672], [54.56416666666667, 24.489666666666672], [54.56416666666667, 24.48983333333334], [54.564083333333336, 24.48983333333334], [54.564083333333336, 24.489916666666673], [54.563833333333335, 24.489916666666673], [54.563833333333335, 24.490000000000006], [54.56366666666667, 24.490000000000006], [54.56366666666667, 24.49033333333334], [54.563583333333334, 24.49033333333334], [54.563500000000005, 24.490500000000004], [54.56341666666667, 24.490500000000004], [54.56341666666667, 24.490833333333338], [54.563250000000004, 24.490916666666674], [54.563250000000004, 24.490833333333338], [54.56308333333334, 24.490833333333338], [54.56308333333334, 24.490750000000006], [54.562916666666666, 24.490750000000006], [54.562916666666666, 24.490833333333338], [54.56283333333334, 24.490833333333338], [54.56283333333334, 24.491000000000007], [54.56275, 24.491000000000007], [54.56266666666667, 24.491166666666672], [54.5625, 24.491166666666672], [54.5625, 24.491583333333338], [54.56266666666667, 24.491583333333338], [54.56266666666667, 24.491666666666674]], [[54.56166666666667, 24.490666666666673], [54.56183333333334, 24.490666666666673], [54.56183333333334, 24.490416666666672], [54.56166666666667, 24.490416666666672], [54.56166666666667, 24.490500000000004], [54.56158333333334, 24.490500000000004], [54.56166666666667, 24.490666666666673]], [[54.55708333333334, 24.49033333333334], [54.55741666666667, 24.49033333333334], [54.55741666666667, 24.490250000000007], [54.55766666666667, 24.490250000000007], [54.55766666666667, 24.490166666666674], [54.557833333333335, 24.490166666666674], [54.557833333333335, 24.489666666666672], [54.558, 24.489666666666672], [54.558, 24.48958333333334], [54.55825, 24.48958333333334], [54.55825, 24.489500000000007], [54.55833333333334, 24.489500000000007], [54.55833333333334, 24.489333333333338], [54.558416666666666, 24.489333333333338], [54.558416666666666, 24.489166666666673], [54.55875, 24.489166666666673], [54.55875, 24.489250000000006], [54.55891666666667, 24.489333333333338], [54.55891666666667, 24.489166666666673], [54.559250000000006, 24.489166666666673], [54.559333333333335, 24.489000000000004], [54.55941666666667, 24.489000000000004], [54.55941666666667, 24.48891666666667], [54.559333333333335, 24.48891666666667], [54.559333333333335, 24.488750000000007], [54.55941666666667, 24.488750000000007], [54.55941666666667, 24.488416666666673], [54.559333333333335, 24.488416666666673], [54.559333333333335, 24.488000000000007], [54.5595, 24.488000000000007], [54.5595, 24.48816666666667], [54.559583333333336, 24.48816666666667], [54.559583333333336, 24.488250000000004], [54.559916666666666, 24.488250000000004], [54.559916666666666, 24.48816666666667], [54.56033333333334, 24.48816666666667], [54.56033333333334, 24.48808333333334], [54.56041666666667, 24.48808333333334], [54.56041666666667, 24.487916666666674], [54.56025, 24.487833333333338], [54.56025, 24.48808333333334], [54.56016666666667, 24.48808333333334], [54.56016666666667, 24.487916666666674], [54.56, 24.487833333333338], [54.56, 24.487750000000005], [54.5595, 24.487750000000005], [54.5595, 24.487666666666673], [54.55941666666667, 24.487666666666673], [54.55941666666667, 24.487750000000005], [54.559000000000005, 24.487750000000005], [54.559000000000005, 24.487666666666673], [54.55883333333334, 24.48758333333334], [54.55883333333334, 24.48741666666667], [54.55875, 24.48741666666667], [54.55875, 24.48733333333334], [54.55833333333334, 24.48733333333334], [54.558416666666666, 24.487166666666674], [54.55833333333334, 24.487166666666674], [54.55833333333334, 24.487083333333338], [54.55816666666667, 24.487083333333338], [54.55816666666667, 24.487000000000005], [54.558083333333336, 24.487000000000005], [54.558083333333336, 24.48733333333334], [54.558, 24.48733333333334], [54.558, 24.48741666666667], [54.55758333333333, 24.48741666666667], [54.55758333333333, 24.48733333333334], [54.55741666666667, 24.487250000000007], [54.55741666666667, 24.487166666666674], [54.55725, 24.487166666666674], [54.55725, 24.487083333333338], [54.55708333333334, 24.487083333333338], [54.55708333333334, 24.487166666666674], [54.556916666666666, 24.487166666666674], [54.55683333333334, 24.487000000000005], [54.556583333333336, 24.487000000000005], [54.5565, 24.487166666666674], [54.55616666666667, 24.487166666666674], [54.55616666666667, 24.487083333333338], [54.55591666666667, 24.487083333333338], [54.55591666666667, 24.487000000000005], [54.55575, 24.486916666666673], [54.55575, 24.48683333333334], [54.55558333333334, 24.48683333333334], [54.55558333333334, 24.487000000000005], [54.555416666666666, 24.487083333333338], [54.555416666666666, 24.487666666666673], [54.5555, 24.487666666666673], [54.5555, 24.487916666666674], [54.55566666666667, 24.488000000000007], [54.55566666666667, 24.488250000000004], [54.55558333333334, 24.488250000000004], [54.55558333333334, 24.488666666666674], [54.5555, 24.488666666666674], [54.5555, 24.488750000000007], [54.55566666666667, 24.48883333333334], [54.55566666666667, 24.489000000000004], [54.5555, 24.489000000000004], [54.5555, 24.489416666666674], [54.55583333333334, 24.489416666666674], [54.55583333333334, 24.489166666666673], [54.556000000000004, 24.489166666666673], [54.556000000000004, 24.489250000000006], [54.5565, 24.489250000000006], [54.5565, 24.489333333333338], [54.556583333333336, 24.489333333333338], [54.556583333333336, 24.489416666666674], [54.55675, 24.489500000000007], [54.55675, 24.48983333333334], [54.556583333333336, 24.48983333333334], [54.556583333333336, 24.489916666666673], [54.55641666666667, 24.489916666666673], [54.55641666666667, 24.490166666666674], [54.5565, 24.490166666666674], [54.5565, 24.490250000000007], [54.55666666666667, 24.490250000000007], [54.55666666666667, 24.490166666666674], [54.55675, 24.490166666666674], [54.55675, 24.490250000000007], [54.55708333333334, 24.490250000000007], [54.55708333333334, 24.49033333333334]], [[54.558416666666666, 24.490000000000006], [54.55858333333334, 24.490000000000006], [54.55858333333334, 24.48983333333334], [54.55875, 24.48983333333334], [54.55875, 24.489666666666672], [54.55858333333334, 24.489666666666672], [54.55858333333334, 24.48958333333334], [54.558416666666666, 24.48958333333334], [54.558416666666666, 24.490000000000006]], [[54.5615, 24.487500000000004], [54.56158333333334, 24.487500000000004], [54.56158333333334, 24.48741666666667], [54.5615, 24.48741666666667], [54.5615, 24.487500000000004]], [[54.55975, 24.487083333333338], [54.559916666666666, 24.487083333333338], [54.55983333333334, 24.486916666666673], [54.55975, 24.486916666666673], [54.55975, 24.487083333333338]], [[54.5645, 24.486166666666673], [54.56466666666667, 24.486166666666673], [54.56458333333334, 24.486000000000004], [54.5645, 24.486000000000004], [54.5645, 24.486166666666673]], [[54.55741666666667, 24.48583333333334], [54.557750000000006, 24.48583333333334], [54.557750000000006, 24.485750000000007], [54.55766666666667, 24.485750000000007], [54.55766666666667, 24.485666666666674], [54.557500000000005, 24.485666666666674], [54.557500000000005, 24.485583333333338], [54.55733333333334, 24.485583333333338], [54.55733333333334, 24.485500000000005], [54.55716666666667, 24.485416666666673], [54.55716666666667, 24.48516666666667], [54.557, 24.48508333333334], [54.557, 24.484916666666674], [54.556916666666666, 24.484916666666674], [54.556916666666666, 24.484500000000004], [54.55675, 24.48441666666667], [54.55675, 24.484166666666674], [54.556583333333336, 24.484083333333338], [54.556583333333336, 24.483750000000004], [54.5565, 24.483750000000004], [54.5565, 24.48383333333334], [54.556333333333335, 24.48383333333334], [54.556333333333335, 24.484000000000005], [54.5565, 24.484083333333338], [54.5565, 24.48433333333334], [54.55641666666667, 24.48433333333334], [54.55641666666667, 24.48441666666667], [54.556583333333336, 24.484500000000004], [54.556583333333336, 24.484750000000005], [54.55666666666667, 24.484750000000005], [54.55666666666667, 24.484916666666674], [54.55675, 24.484916666666674], [54.55675, 24.485000000000007], [54.556916666666666, 24.48508333333334], [54.556916666666666, 24.48533333333334], [54.55708333333334, 24.485416666666673], [54.55708333333334, 24.485500000000005], [54.55716666666667, 24.485500000000005], [54.55716666666667, 24.485666666666674], [54.55725, 24.485666666666674], [54.55725, 24.485750000000007], [54.55741666666667, 24.485750000000007], [54.55741666666667, 24.48583333333334]], [[54.56033333333334, 24.483166666666673], [54.560500000000005, 24.483166666666673], [54.560500000000005, 24.48308333333334], [54.56033333333334, 24.48308333333334], [54.56033333333334, 24.483166666666673]]]}, "properties": {"stand": 2, "area_ha": 195.4, "alert": false, "z": -0.21}}, {"type": "Feature", "geometry": {"type": "Polygon", "coordinates": [[[54.4635, 24.48083333333334], [54.4635, 24.480750000000008], [54.46325, 24.480750000000008], [54.46325, 24.48066666666667], [54.46308333333334, 24.480750000000008], [54.46308333333334, 24.48066666666667], [54.46291666666667, 24.48066666666667], [54.46291666666667, 24.48058333333334], [54.46275, 24.48058333333334], [54.46266666666667, 24.480416666666674], [54.462500000000006, 24.480416666666674], [54.462500000000006, 24.480333333333338], [54.46233333333333, 24.480333333333338], [54.46233333333333, 24.480166666666673], [54.46216666666667, 24.480166666666673], [54.46216666666667, 24.480000000000008], [54.46208333333334, 24.480000000000008], [54.46216666666667, 24.47983333333334], [54.46208333333334, 24.47983333333334], [54.46208333333334, 24.479583333333338], [54.462, 24.479583333333338], [54.462, 24.479500000000005], [54.46208333333334, 24.479500000000005], [54.46216666666667, 24.47933333333334], [54.46208333333334, 24.47933333333334], [54.46208333333334, 24.47916666666667], [54.46191666666667, 24.47908333333334], [54.46191666666667, 24.479000000000006], [54.46208333333334, 24.478916666666674], [54.46208333333334, 24.478833333333338], [54.462, 24.478833333333338], [54.462, 24.47833333333334], [54.46216666666667, 24.47833333333334], [54.46216666666667, 24.47841666666667], [54.462500000000006, 24.47841666666667], [54.462500000000006, 24.478500000000007], [54.46266666666667, 24.478500000000007], [54.46266666666667, 24.47858333333334], [54.462833333333336, 24.47858333333334], [54.462833333333336, 24.478666666666673], [54.463, 24.478666666666673], [54.46308333333334, 24.478833333333338], [54.46325, 24.478833333333338], [54.46325, 24.478750000000005], [54.463166666666666, 24.478750000000005], [54.463166666666666, 24.478500000000007], [54.46308333333334, 24.478500000000007], [54.46308333333334, 24.47833333333334], [54.463, 24.47833333333334], [54.46291666666667, 24.478166666666674], [54.462833333333336, 24.478166666666674], [54.462833333333336, 24.478083333333338], [54.46266666666667, 24.478083333333338], [54.462583333333335, 24.477916666666673], [54.46241666666667, 24.477916666666673], [54.46241666666667, 24.47783333333334], [54.46208333333334, 24.47783333333334], [54.46208333333334, 24.477750000000007], [54.46191666666667, 24.477750000000007], [54.46191666666667, 24.47758333333334], [54.46233333333333, 24.47758333333334], [54.46233333333333, 24.47766666666667], [54.46291666666667, 24.47766666666667], [54.46291666666667, 24.477750000000007], [54.46358333333334, 24.477750000000007], [54.46358333333334, 24.477916666666673], [54.46458333333334, 24.477916666666673], [54.46458333333334, 24.47783333333334], [54.465, 24.47783333333334], [54.465, 24.477750000000007], [54.465333333333334, 24.477750000000007], [54.465333333333334, 24.47766666666667], [54.46566666666667, 24.47766666666667], [54.46566666666667, 24.47758333333334], [54.465833333333336, 24.47758333333334], [54.465833333333336, 24.477500000000006], [54.46608333333334, 24.477500000000006], [54.466166666666666, 24.477333333333338], [54.46625, 24.477333333333338], [54.46625, 24.477166666666673], [54.46641666666667, 24.477166666666673], [54.46641666666667, 24.47708333333334], [54.46658333333334, 24.47708333333334], [54.46658333333334, 24.477000000000007], [54.466750000000005, 24.477000000000007], [54.466833333333334, 24.47683333333334], [54.467083333333335, 24.47683333333334], [54.467083333333335, 24.476750000000006], [54.46725, 24.476750000000006], [54.46725, 24.476666666666674], [54.467333333333336, 24.476666666666674], [54.46741666666667, 24.476500000000005], [54.467666666666666, 24.476500000000005], [54.467666666666666, 24.47633333333334], [54.46783333333334, 24.476250000000007], [54.46791666666667, 24.47608333333334], [54.46808333333334, 24.47608333333334], [54.46816666666667, 24.475916666666674], [54.468333333333334, 24.475833333333338], [54.468333333333334, 24.475666666666672], [54.46841666666667, 24.475666666666672], [54.46841666666667, 24.475750000000005], [54.468583333333335, 24.475750000000005], [54.468583333333335, 24.47558333333334], [54.46875, 24.47558333333334], [54.468833333333336, 24.47541666666667], [54.469166666666666, 24.47541666666667], [54.469166666666666, 24.47533333333334], [54.46958333333334, 24.47533333333334], [54.46958333333334, 24.475250000000006], [54.469833333333334, 24.475250000000006], [54.469833333333334, 24.475166666666674], [54.470333333333336, 24.475166666666674], [54.470333333333336, 24.475083333333338], [54.4705, 24.475083333333338], [54.4705, 24.475000000000005], [54.47083333333334, 24.475000000000005], [54.47083333333334, 24.474916666666672], [54.47108333333333, 24.474916666666672], [54.47108333333333, 24.475000000000005], [54.47116666666667, 24.475000000000005], [54.47116666666667, 24.47541666666667], [54.47108333333333, 24.47541666666667], [54.47108333333333, 24.475833333333338], [54.471000000000004, 24.475833333333338], [54.471000000000004, 24.47616666666667], [54.47083333333334, 24.476250000000007], [54.47083333333334, 24.476416666666672], [54.47075, 24.476416666666672], [54.47075, 24.476500000000005], [54.470333333333336, 24.476500000000005], [54.47025, 24.476666666666674], [54.470083333333335, 24.476666666666674], [54.470083333333335, 24.47683333333334], [54.470000000000006, 24.47683333333334], [54.470000000000006, 24.47691666666667], [54.469833333333334, 24.47691666666667], [54.469833333333334, 24.477000000000007], [54.469750000000005, 24.477000000000007], [54.469750000000005, 24.477166666666673], [54.46933333333334, 24.477166666666673], [54.46933333333334, 24.477250000000005], [54.468833333333336, 24.477250000000005], [54.468833333333336, 24.477333333333338], [54.468500000000006, 24.477333333333338], [54.46841666666667, 24.477500000000006], [54.468, 24.477500000000006], [54.46791666666667, 24.47766666666667], [54.46775, 24.47766666666667], [54.467666666666666, 24.47783333333334], [54.46741666666667, 24.47783333333334], [54.46741666666667, 24.477916666666673], [54.46725, 24.477916666666673], [54.46716666666667, 24.478083333333338], [54.46691666666667, 24.478083333333338], [54.46691666666667, 24.478250000000006], [54.466833333333334, 24.478250000000006], [54.466833333333334, 24.47833333333334], [54.46666666666667, 24.47833333333334], [54.46666666666667, 24.478500000000007], [54.46691666666667, 24.478500000000007], [54.46691666666667, 24.47841666666667], [54.467083333333335, 24.47841666666667], [54.467083333333335, 24.47833333333334], [54.46758333333334, 24.47833333333334], [54.46758333333334, 24.478250000000006], [54.46783333333334, 24.478250000000006], [54.46783333333334, 24.47833333333334], [54.46791666666667, 24.47833333333334], [54.46791666666667, 24.478500000000007], [54.46783333333334, 24.478500000000007], [54.46783333333334, 24.47858333333334], [54.46758333333334, 24.47858333333334], [54.4675, 24.478750000000005], [54.467333333333336, 24.478750000000005], [54.467333333333336, 24.478833333333338], [54.46725, 24.478833333333338], [54.46725, 24.478916666666674], [54.467083333333335, 24.478916666666674], [54.467083333333335, 24.479000000000006], [54.46691666666667, 24.47908333333334], [54.46691666666667, 24.47916666666667], [54.46658333333334, 24.47916666666667], [54.46658333333334, 24.479250000000008], [54.4665, 24.479250000000008], [54.4665, 24.479416666666673], [54.46641666666667, 24.479416666666673], [54.46641666666667, 24.479500000000005], [54.46625, 24.479500000000005], [54.46625, 24.479583333333338], [54.46608333333334, 24.479583333333338], [54.46608333333334, 24.479666666666674], [54.466, 24.479666666666674], [54.46591666666667, 24.47983333333334], [54.46575, 24.47991666666667], [54.46575, 24.480000000000008], [54.465583333333335, 24.47991666666667], [54.465500000000006, 24.48008333333334], [54.465333333333334, 24.48008333333334], [54.465333333333334, 24.480166666666673], [54.46491666666667, 24.480166666666673], [54.46491666666667, 24.480333333333338], [54.46483333333334, 24.480333333333338], [54.46483333333334, 24.480416666666674], [54.46475, 24.480416666666674], [54.46475, 24.480500000000006], [54.4645, 24.480500000000006], [54.46441666666667, 24.48066666666667], [54.46425, 24.48058333333334], [54.46425, 24.48066666666667], [54.464000000000006, 24.48066666666667], [54.464000000000006, 24.480750000000008], [54.463750000000005, 24.480750000000008], [54.463750000000005, 24.48083333333334], [54.46358333333334, 24.480750000000008], [54.46358333333334, 24.48083333333334], [54.4635, 24.48083333333334]], [[54.463750000000005, 24.479500000000005], [54.46383333333333, 24.479500000000005], [54.46383333333333, 24.479416666666673], [54.463750000000005, 24.479416666666673], [54.463750000000005, 24.479500000000005]], [[54.4635, 24.479250000000008], [54.46358333333334, 24.479250000000008], [54.46358333333334, 24.47916666666667], [54.4635, 24.47916666666667], [54.4635, 24.479250000000008]], [[54.46341666666667, 24.47916666666667], [54.4635, 24.47916666666667], [54.4635, 24.47908333333334], [54.46341666666667, 24.47908333333334], [54.46341666666667, 24.47916666666667]]]}, "properties": {"stand": 25, "area_ha": 27.3, "alert": false, "z": 1.09}}]}