stand,t0,scenario,patch_cells,patch_frac,STAND_delay,CELL-1_delay,CELL-2_delay,CELL-3_delay,UNION_delay
1,1086.7269055633424,null: no loss,5,0.104,169.27309443665763,29.27309443665763,41.27309443665763,61.27309443665763,29.27309443665763
1,1086.7269055633424,"patch 10 %, cover -50 %",5,0.109,169.27309443665763,29.27309443665763,39.27309443665763,29.27309443665763,29.27309443665763
1,1086.7269055633424,"patch 10 %, cover -100 %",6,0.121,51.27309443665763,19.27309443665763,21.27309443665763,24.27309443665763,29.27309443665763
1,1086.7269055633424,"patch 25 %, cover -50 %",13,0.253,51.27309443665763,29.27309443665763,39.27309443665763,29.27309443665763,29.27309443665763
1,1086.7269055633424,"whole stand, cover -10 %",56,1.0,51.27309443665763,29.27309443665763,29.27309443665763,44.27309443665763,29.27309443665763
1,1086.7269055633424,"whole stand, cover -20 %",56,1.0,46.27309443665763,24.27309443665763,29.27309443665763,39.27309443665763,29.27309443665763
1,1590.5186150561162,null: no loss,7,0.113,,,,,
1,1590.5186150561162,"patch 10 %, cover -50 %",7,0.102,,42.48138494388377,40.48138494388377,32.48138494388377,45.48138494388377
1,1590.5186150561162,"patch 10 %, cover -100 %",7,0.102,,27.481384943883768,30.481384943883768,25.481384943883768,30.481384943883768
1,1590.5186150561162,"patch 25 %, cover -50 %",16,0.256,,42.48138494388377,40.48138494388377,32.48138494388377,45.48138494388377
1,1590.5186150561162,"whole stand, cover -10 %",56,1.0,,172.48138494388377,172.48138494388377,162.48138494388377,
1,1590.5186150561162,"whole stand, cover -20 %",56,1.0,,142.48138494388377,142.48138494388377,140.48138494388377,162.48138494388377
1,1729.4362680101428,null: no loss,6,0.106,93.56373198985716,51.56373198985716,91.56373198985716,76.56373198985716,76.56373198985716
1,1729.4362680101428,"patch 10 %, cover -50 %",6,0.104,93.56373198985716,23.56373198985716,56.56373198985716,41.56373198985716,31.56373198985716
1,1729.4362680101428,"patch 10 %, cover -100 %",6,0.113,68.56373198985716,16.56373198985716,28.56373198985716,26.56373198985716,18.56373198985716
1,1729.4362680101428,"patch 25 %, cover -50 %",14,0.257,68.56373198985716,23.56373198985716,33.56373198985716,33.56373198985716,28.56373198985716
1,1729.4362680101428,"whole stand, cover -10 %",56,1.0,68.56373198985716,33.56373198985716,53.56373198985716,41.56373198985716,51.56373198985716
1,1729.4362680101428,"whole stand, cover -20 %",56,1.0,68.56373198985716,33.56373198985716,33.56373198985716,28.56373198985716,33.56373198985716
1,950.9883623774726,null: no loss,6,0.115,107.01163762252736,165.01163762252736,177.01163762252736,,165.01163762252736
1,950.9883623774726,"patch 10 %, cover -50 %",6,0.115,105.01163762252736,47.01163762252736,37.01163762252736,35.01163762252736,55.01163762252736
1,950.9883623774726,"patch 10 %, cover -100 %",5,0.106,95.01163762252736,25.01163762252736,22.01163762252736,22.01163762252736,30.01163762252736
1,950.9883623774726,"patch 25 %, cover -50 %",14,0.275,92.01163762252736,30.01163762252736,37.01163762252736,32.01163762252736,30.01163762252736
1,950.9883623774726,"whole stand, cover -10 %",56,1.0,100.01163762252736,120.01163762252736,92.01163762252736,77.01163762252736,105.01163762252736
1,950.9883623774726,"whole stand, cover -20 %",56,1.0,60.01163762252736,45.01163762252736,45.01163762252736,45.01163762252736,75.01163762252736
1,1113.0315489407626,null: no loss,6,0.103,142.9684510592374,2.9684510592373954,14.968451059237395,34.968451059237395,2.9684510592373954
1,1113.0315489407626,"patch 10 %, cover -50 %",5,0.114,57.968451059237395,2.9684510592373954,14.968451059237395,27.968451059237395,2.9684510592373954
1,1113.0315489407626,"patch 10 %, cover -100 %",6,0.109,47.968451059237395,2.9684510592373954,14.968451059237395,19.968451059237395,2.9684510592373954
1,1113.0315489407626,"patch 25 %, cover -50 %",15,0.253,24.968451059237395,2.9684510592373954,14.968451059237395,19.968451059237395,2.9684510592373954
1,1113.0315489407626,"whole stand, cover -10 %",56,1.0,57.968451059237395,2.9684510592373954,14.968451059237395,24.968451059237395,2.9684510592373954
1,1113.0315489407626,"whole stand, cover -20 %",56,1.0,24.968451059237395,2.9684510592373954,14.968451059237395,17.968451059237395,2.9684510592373954
1,2173.4387802031424,null: no loss,5,0.111,114.56121979685759,62.561219796857586,62.561219796857586,104.56121979685759,104.56121979685759
1,2173.4387802031424,"patch 10 %, cover -50 %",6,0.12,114.56121979685759,57.561219796857586,57.561219796857586,57.561219796857586,57.561219796857586
1,2173.4387802031424,"patch 10 %, cover -100 %",6,0.105,52.561219796857586,37.561219796857586,29.561219796857586,29.561219796857586,39.561219796857586
1,2173.4387802031424,"patch 25 %, cover -50 %",13,0.255,52.561219796857586,47.561219796857586,52.561219796857586,49.561219796857586,57.561219796857586
1,2173.4387802031424,"whole stand, cover -10 %",56,1.0,114.56121979685759,62.561219796857586,104.56121979685759,104.56121979685759,104.56121979685759
1,2173.4387802031424,"whole stand, cover -20 %",56,1.0,49.561219796857586,62.561219796857586,52.561219796857586,52.561219796857586,52.561219796857586
1,1007.7015629935535,null: no loss,5,0.11,50.298437006446534,108.29843700644653,120.29843700644653,140.29843700644653,108.29843700644653
1,1007.7015629935535,"patch 10 %, cover -50 %",5,0.103,50.298437006446534,38.298437006446534,35.298437006446534,35.298437006446534,43.298437006446534
1,1007.7015629935535,"patch 10 %, cover -100 %",5,0.103,48.298437006446534,23.298437006446534,20.298437006446534,20.298437006446534,30.298437006446534
1,1007.7015629935535,"patch 25 %, cover -50 %",13,0.271,43.298437006446534,23.298437006446534,35.298437006446534,30.298437006446534,35.298437006446534
1,1007.7015629935535,"whole stand, cover -10 %",56,1.0,48.298437006446534,63.298437006446534,58.298437006446534,43.298437006446534,50.298437006446534
1,1007.7015629935535,"whole stand, cover -20 %",56,1.0,38.298437006446534,48.298437006446534,35.298437006446534,35.298437006446534,43.298437006446534
1,1088.362797233646,null: no loss,4,0.101,167.637202766354,27.637202766353994,39.637202766353994,59.637202766353994,27.637202766353994
1,1088.362797233646,"patch 10 %, cover -50 %",5,0.114,99.637202766354,27.637202766353994,39.637202766353994,44.637202766353994,27.637202766353994
1,1088.362797233646,"patch 10 %, cover -100 %",4,0.102,74.637202766354,27.637202766353994,19.637202766353994,22.637202766353994,27.637202766353994
1,1088.362797233646,"patch 25 %, cover -50 %",12,0.255,49.637202766353994,22.637202766353994,37.637202766353994,37.637202766353994,27.637202766353994
1,1088.362797233646,"whole stand, cover -10 %",56,1.0,49.637202766353994,27.637202766353994,27.637202766353994,42.637202766353994,27.637202766353994
1,1088.362797233646,"whole stand, cover -20 %",56,1.0,44.637202766353994,22.637202766353994,27.637202766353994,37.637202766353994,27.637202766353994
2,1061.8293090882041,null: no loss,7,0.118,,,,,
2,1061.8293090882041,"patch 10 %, cover -50 %",7,0.118,,64.17069091179587,64.17069091179587,64.17069091179587,64.17069091179587
2,1061.8293090882041,"patch 10 %, cover -100 %",6,0.107,,49.17069091179587,19.170690911795873,24.170690911795873,49.17069091179587
2,1061.8293090882041,"patch 25 %, cover -50 %",15,0.266,,54.17069091179587,54.17069091179587,54.17069091179587,64.17069091179587
2,1061.8293090882041,"whole stand, cover -10 %",54,1.0,,,,,
2,1061.8293090882041,"whole stand, cover -20 %",54,1.0,69.17069091179587,71.17069091179587,69.17069091179587,69.17069091179587,71.17069091179587
2,1646.334964125653,null: no loss,6,0.107,146.66503587434704,116.66503587434704,116.66503587434704,174.66503587434704,134.66503587434704
2,1646.334964125653,"patch 10 %, cover -50 %",6,0.107,116.66503587434704,41.66503587434704,39.66503587434704,34.66503587434704,49.66503587434704
2,1646.334964125653,"patch 10 %, cover -100 %",6,0.107,96.66503587434704,34.66503587434704,31.66503587434704,26.66503587434704,34.66503587434704
2,1646.334964125653,"patch 25 %, cover -50 %",15,0.255,89.66503587434704,41.66503587434704,39.66503587434704,34.66503587434704,49.66503587434704
2,1646.334964125653,"whole stand, cover -10 %",54,1.0,89.66503587434704,89.66503587434704,89.66503587434704,101.66503587434704,96.66503587434704
2,1646.334964125653,"whole stand, cover -20 %",54,1.0,59.66503587434704,86.66503587434704,69.66503587434704,69.66503587434704,69.66503587434704
2,1648.7464047424594,null: no loss,5,0.107,144.2535952575406,114.25359525754061,114.25359525754061,172.2535952575406,132.2535952575406
2,1648.7464047424594,"patch 10 %, cover -50 %",5,0.101,112.25359525754061,32.25359525754061,32.25359525754061,32.25359525754061,39.25359525754061
2,1648.7464047424594,"patch 10 %, cover -100 %",5,0.108,87.25359525754061,29.25359525754061,24.25359525754061,24.25359525754061,32.25359525754061
2,1648.7464047424594,"patch 25 %, cover -50 %",12,0.261,67.25359525754061,32.25359525754061,32.25359525754061,32.25359525754061,39.25359525754061
2,1648.7464047424594,"whole stand, cover -10 %",54,1.0,87.25359525754061,87.25359525754061,87.25359525754061,99.25359525754061,94.25359525754061
2,1648.7464047424594,"whole stand, cover -20 %",54,1.0,67.25359525754061,84.25359525754061,67.25359525754061,67.25359525754061,67.25359525754061
2,1383.5041493936626,null: no loss,6,0.106,,,,,
2,1383.5041493936626,"patch 10 %, cover -50 %",6,0.107,,47.4958506063374,44.4958506063374,44.4958506063374,47.4958506063374
2,1383.5041493936626,"patch 10 %, cover -100 %",5,0.101,,24.4958506063374,22.4958506063374,22.4958506063374,24.4958506063374
2,1383.5041493936626,"patch 25 %, cover -50 %",12,0.258,,44.4958506063374,44.4958506063374,44.4958506063374,47.4958506063374
2,1383.5041493936626,"whole stand, cover -10 %",54,1.0,,,,64.4958506063374,
2,1383.5041493936626,"whole stand, cover -20 %",54,1.0,62.4958506063374,62.4958506063374,59.4958506063374,59.4958506063374,64.4958506063374
2,1386.9629463407039,null: no loss,7,0.104,,,,,
2,1386.9629463407039,"patch 10 %, cover -50 %",7,0.104,,44.037053659296134,44.037053659296134,46.037053659296134,46.037053659296134
2,1386.9629463407039,"patch 10 %, cover -100 %",7,0.111,74.03705365929613,31.037053659296134,21.037053659296134,14.037053659296134,41.037053659296134
2,1386.9629463407039,"patch 25 %, cover -50 %",16,0.273,74.03705365929613,44.037053659296134,44.037053659296134,44.037053659296134,46.037053659296134
2,1386.9629463407039,"whole stand, cover -10 %",54,1.0,,,,69.03705365929613,
2,1386.9629463407039,"whole stand, cover -20 %",54,1.0,61.037053659296134,59.037053659296134,56.037053659296134,56.037053659296134,61.037053659296134
2,1878.406545172838,null: no loss,5,0.111,,,,,
2,1878.406545172838,"patch 10 %, cover -50 %",6,0.121,,,,,
2,1878.406545172838,"patch 10 %, cover -100 %",5,0.111,,,,,
2,1878.406545172838,"patch 25 %, cover -50 %",14,0.25,,,,,
2,1878.406545172838,"whole stand, cover -10 %",54,1.0,,,,,
2,1878.406545172838,"whole stand, cover -20 %",54,1.0,,,,,
2,1565.743379666682,null: no loss,7,0.11,,,,,
2,1565.743379666682,"patch 10 %, cover -50 %",7,0.105,,37.2566203333181,25.256620333318097,25.256620333318097,42.2566203333181
2,1565.743379666682,"patch 10 %, cover -100 %",7,0.11,177.2566203333181,22.256620333318097,22.256620333318097,22.256620333318097,25.256620333318097
2,1565.743379666682,"patch 25 %, cover -50 %",16,0.267,67.2566203333181,32.2566203333181,25.256620333318097,25.256620333318097,32.2566203333181
2,1565.743379666682,"whole stand, cover -10 %",54,1.0,177.2566203333181,,,70.2566203333181,
2,1565.743379666682,"whole stand, cover -20 %",54,1.0,32.2566203333181,50.2566203333181,35.2566203333181,35.2566203333181,50.2566203333181
2,1465.9795519826182,null: no loss,6,0.107,,,,,
2,1465.9795519826182,"patch 10 %, cover -50 %",7,0.113,,47.020448017381796,47.020448017381796,47.020448017381796,47.020448017381796
2,1465.9795519826182,"patch 10 %, cover -100 %",6,0.102,135.0204480173818,47.020448017381796,45.020448017381796,47.020448017381796,47.020448017381796
2,1465.9795519826182,"patch 25 %, cover -50 %",16,0.272,82.0204480173818,47.020448017381796,47.020448017381796,47.020448017381796,47.020448017381796
2,1465.9795519826182,"whole stand, cover -10 %",54,1.0,135.0204480173818,,132.0204480173818,82.0204480173818,135.0204480173818
2,1465.9795519826182,"whole stand, cover -20 %",54,1.0,62.020448017381796,60.020448017381796,60.020448017381796,57.020448017381796,62.020448017381796
3,1427.9033049253674,null: no loss,5,0.115,130.09669507463263,,85.09669507463263,85.09669507463263,
3,1427.9033049253674,"patch 10 %, cover -50 %",5,0.107,43.096695074632635,,,,
3,1427.9033049253674,"patch 10 %, cover -100 %",5,0.116,130.09669507463263,,,,
3,1427.9033049253674,"patch 25 %, cover -50 %",12,0.267,,,,,
3,1427.9033049253674,"whole stand, cover -10 %",48,1.0,,,,,
3,1427.9033049253674,"whole stand, cover -20 %",48,1.0,,,,,
3,1565.9456594871676,null: no loss,6,0.115,172.05434051283237,,165.05434051283237,160.05434051283237,
3,1565.9456594871676,"patch 10 %, cover -50 %",6,0.108,150.05434051283237,,,,
3,1565.9456594871676,"patch 10 %, cover -100 %",7,0.127,150.05434051283237,,,,
3,1565.9456594871676,"patch 25 %, cover -50 %",14,0.278,130.05434051283237,,,,
3,1565.9456594871676,"whole stand, cover -10 %",48,1.0,130.05434051283237,,,,
3,1565.9456594871676,"whole stand, cover -20 %",48,1.0,,,,,
3,1416.079465682843,null: no loss,6,0.113,9.920534317157035,,96.92053431715703,96.92053431715703,
3,1416.079465682843,"patch 10 %, cover -50 %",5,0.104,9.920534317157035,,,,
3,1416.079465682843,"patch 10 %, cover -100 %",5,0.104,9.920534317157035,,,,
3,1416.079465682843,"patch 25 %, cover -50 %",12,0.261,9.920534317157035,,,,
3,1416.079465682843,"whole stand, cover -10 %",48,1.0,9.920534317157035,,,,
3,1416.079465682843,"whole stand, cover -20 %",48,1.0,9.920534317157035,,,,
3,1247.7019175690239,null: no loss,5,0.121,178.29808243097614,138.29808243097614,123.29808243097614,128.29808243097614,160.29808243097614
3,1247.7019175690239,"patch 10 %, cover -50 %",6,0.115,50.29808243097614,38.29808243097614,38.29808243097614,33.29808243097614,38.29808243097614
3,1247.7019175690239,"patch 10 %, cover -100 %",6,0.12,50.29808243097614,23.298082430976137,23.298082430976137,20.298082430976137,25.298082430976137
3,1247.7019175690239,"patch 25 %, cover -50 %",14,0.265,43.29808243097614,33.29808243097614,25.298082430976137,25.298082430976137,33.29808243097614
3,1247.7019175690239,"whole stand, cover -10 %",48,1.0,50.29808243097614,80.29808243097614,118.29808243097614,80.29808243097614,50.29808243097614
3,1247.7019175690239,"whole stand, cover -20 %",48,1.0,40.29808243097614,43.29808243097614,38.29808243097614,38.29808243097614,43.29808243097614
3,1477.455625944536,null: no loss,5,0.101,80.544374055464,,35.544374055464004,35.544374055464004,
3,1477.455625944536,"patch 10 %, cover -50 %",6,0.101,80.544374055464,,35.544374055464004,35.544374055464004,
3,1477.455625944536,"patch 10 %, cover -100 %",6,0.111,60.544374055464004,,,33.544374055464004,
3,1477.455625944536,"patch 25 %, cover -50 %",13,0.253,28.544374055464004,,,33.544374055464004,
3,1477.455625944536,"whole stand, cover -10 %",48,1.0,60.544374055464004,,35.544374055464004,28.544374055464004,
3,1477.455625944536,"whole stand, cover -20 %",48,1.0,28.544374055464004,,,28.544374055464004,
3,1504.2561685495866,null: no loss,5,0.113,53.74383145041338,,8.743831450413381,8.743831450413381,
3,1504.2561685495866,"patch 10 %, cover -50 %",6,0.125,53.74383145041338,,8.743831450413381,8.743831450413381,
3,1504.2561685495866,"patch 10 %, cover -100 %",5,0.12,53.74383145041338,,8.743831450413381,8.743831450413381,
3,1504.2561685495866,"patch 25 %, cover -50 %",12,0.257,53.74383145041338,,8.743831450413381,8.743831450413381,
3,1504.2561685495866,"whole stand, cover -10 %",48,1.0,53.74383145041338,,8.743831450413381,8.743831450413381,
3,1504.2561685495866,"whole stand, cover -20 %",48,1.0,33.74383145041338,,8.743831450413381,8.743831450413381,
3,1846.6533136236728,null: no loss,4,0.117,,,,,
3,1846.6533136236728,"patch 10 %, cover -50 %",4,0.116,,,,,
3,1846.6533136236728,"patch 10 %, cover -100 %",4,0.117,,,,,
3,1846.6533136236728,"patch 25 %, cover -50 %",9,0.263,,,,,
3,1846.6533136236728,"whole stand, cover -10 %",48,1.0,,,,,
3,1846.6533136236728,"whole stand, cover -20 %",48,1.0,,,,,
3,1180.4746257252352,null: no loss,6,0.113,,,,,
3,1180.4746257252352,"patch 10 %, cover -50 %",6,0.114,117.52537427476477,45.52537427476477,45.52537427476477,42.52537427476477,47.52537427476477
3,1180.4746257252352,"patch 10 %, cover -100 %",6,0.106,110.52537427476477,20.525374274764772,20.525374274764772,20.525374274764772,20.525374274764772
3,1180.4746257252352,"patch 25 %, cover -50 %",14,0.254,110.52537427476477,42.52537427476477,42.52537427476477,35.52537427476477,42.52537427476477
3,1180.4746257252352,"whole stand, cover -10 %",48,1.0,110.52537427476477,147.52537427476477,77.52537427476477,47.52537427476477,110.52537427476477
3,1180.4746257252352,"whole stand, cover -20 %",48,1.0,57.52537427476477,47.52537427476477,47.52537427476477,47.52537427476477,47.52537427476477
4,1686.6880065116598,null: no loss,5,0.116,111.31199348834025,124.31199348834025,124.31199348834025,124.31199348834025,124.31199348834025
4,1686.6880065116598,"patch 10 %, cover -50 %",4,0.108,61.31199348834025,41.31199348834025,44.31199348834025,41.31199348834025,44.31199348834025
4,1686.6880065116598,"patch 10 %, cover -100 %",5,0.122,46.31199348834025,24.31199348834025,24.31199348834025,24.31199348834025,29.31199348834025
4,1686.6880065116598,"patch 25 %, cover -50 %",12,0.271,46.31199348834025,41.31199348834025,39.31199348834025,39.31199348834025,44.31199348834025
4,1686.6880065116598,"whole stand, cover -10 %",48,1.0,46.31199348834025,111.31199348834025,71.31199348834025,56.31199348834025,61.31199348834025
4,1686.6880065116598,"whole stand, cover -20 %",48,1.0,46.31199348834025,56.31199348834025,46.31199348834025,46.31199348834025,46.31199348834025
4,2034.3185660850397,null: no loss,6,0.11,101.68143391496028,131.68143391496028,103.68143391496028,101.68143391496028,103.68143391496028
4,2034.3185660850397,"patch 10 %, cover -50 %",6,0.11,,,,,
4,2034.3185660850397,"patch 10 %, cover -100 %",7,0.124,,,,,
4,2034.3185660850397,"patch 25 %, cover -50 %",13,0.259,,,,,
4,2034.3185660850397,"whole stand, cover -10 %",48,1.0,,,,,
4,2034.3185660850397,"whole stand, cover -20 %",48,1.0,,,,,
4,1010.7032931672095,null: no loss,5,0.116,60.296706832790505,30.296706832790505,35.296706832790505,40.296706832790505,32.296706832790505
4,1010.7032931672095,"patch 10 %, cover -50 %",6,0.111,60.296706832790505,27.296706832790505,27.296706832790505,30.296706832790505,32.296706832790505
4,1010.7032931672095,"patch 10 %, cover -100 %",5,0.103,45.296706832790505,20.296706832790505,17.296706832790505,17.296706832790505,25.296706832790505
4,1010.7032931672095,"patch 25 %, cover -50 %",13,0.252,45.296706832790505,25.296706832790505,27.296706832790505,25.296706832790505,27.296706832790505
4,1010.7032931672095,"whole stand, cover -10 %",48,1.0,45.296706832790505,27.296706832790505,35.296706832790505,37.296706832790505,30.296706832790505
4,1010.7032931672095,"whole stand, cover -20 %",48,1.0,40.296706832790505,27.296706832790505,35.296706832790505,27.296706832790505,27.296706832790505
4,1242.1006525017087,null: no loss,5,0.103,,80.89934749829126,78.89934749829126,80.89934749829126,
4,1242.1006525017087,"patch 10 %, cover -50 %",5,0.103,,,50.89934749829126,50.89934749829126,63.89934749829126
4,1242.1006525017087,"patch 10 %, cover -100 %",5,0.103,125.89934749829126,,,15.899347498291263,
4,1242.1006525017087,"patch 25 %, cover -50 %",13,0.259,125.89934749829126,,,45.89934749829126,60.89934749829126
4,1242.1006525017087,"whole stand, cover -10 %",48,1.0,125.89934749829126,,60.89934749829126,18.899347498291263,
4,1242.1006525017087,"whole stand, cover -20 %",48,1.0,60.89934749829126,,,13.899347498291263,
4,1587.0222702402336,null: no loss,5,0.111,,,,13.977729759766362,
4,1587.0222702402336,"patch 10 %, cover -50 %",4,0.103,160.97772975976636,40.97772975976636,45.97772975976636,13.977729759766362,55.97772975976636
4,1587.0222702402336,"patch 10 %, cover -100 %",5,0.116,143.97772975976636,20.977729759766362,20.977729759766362,13.977729759766362,20.977729759766362
4,1587.0222702402336,"patch 25 %, cover -50 %",11,0.256,143.97772975976636,40.97772975976636,35.97772975976636,13.977729759766362,48.97772975976636
4,1587.0222702402336,"whole stand, cover -10 %",48,1.0,145.97772975976636,,170.97772975976636,13.977729759766362,145.97772975976636
4,1587.0222702402336,"whole stand, cover -20 %",48,1.0,118.97772975976636,145.97772975976636,108.97772975976636,13.977729759766362,118.97772975976636
4,974.7235197541011,null: no loss,7,0.121,96.27648024589894,66.27648024589894,71.27648024589894,76.27648024589894,68.27648024589894
4,974.7235197541011,"patch 10 %, cover -50 %",7,0.122,81.27648024589894,21.276480245898938,21.276480245898938,23.276480245898938,48.27648024589894
4,974.7235197541011,"patch 10 %, cover -100 %",7,0.122,73.27648024589894,18.276480245898938,21.276480245898938,21.276480245898938,21.276480245898938
4,974.7235197541011,"patch 25 %, cover -50 %",14,0.271,73.27648024589894,21.276480245898938,21.276480245898938,21.276480245898938,21.276480245898938
4,974.7235197541011,"whole stand, cover -10 %",48,1.0,81.27648024589894,21.276480245898938,71.27648024589894,21.276480245898938,63.27648024589894
4,974.7235197541011,"whole stand, cover -20 %",48,1.0,68.27648024589894,21.276480245898938,21.276480245898938,21.276480245898938,61.27648024589894
4,1106.6873218875317,null: no loss,6,0.105,,,,,
4,1106.6873218875317,"patch 10 %, cover -50 %",6,0.105,,,,,
4,1106.6873218875317,"patch 10 %, cover -100 %",6,0.105,26.312678112468348,,,,
4,1106.6873218875317,"patch 25 %, cover -50 %",14,0.275,26.312678112468348,,,,
4,1106.6873218875317,"whole stand, cover -10 %",48,1.0,31.312678112468348,,,,
4,1106.6873218875317,"whole stand, cover -20 %",48,1.0,26.312678112468348,,,,
4,1693.3927369025641,null: no loss,6,0.119,104.60726309743586,117.60726309743586,117.60726309743586,117.60726309743586,117.60726309743586
4,1693.3927369025641,"patch 10 %, cover -50 %",5,0.105,57.60726309743586,39.60726309743586,37.60726309743586,34.60726309743586,39.60726309743586
4,1693.3927369025641,"patch 10 %, cover -100 %",6,0.112,39.60726309743586,32.60726309743586,32.60726309743586,22.60726309743586,34.60726309743586
4,1693.3927369025641,"patch 25 %, cover -50 %",12,0.253,39.60726309743586,39.60726309743586,34.60726309743586,34.60726309743586,39.60726309743586
4,1693.3927369025641,"whole stand, cover -10 %",48,1.0,54.60726309743586,104.60726309743586,64.60726309743586,57.60726309743586,54.60726309743586
4,1693.3927369025641,"whole stand, cover -20 %",48,1.0,39.60726309743586,52.60726309743586,42.60726309743586,39.60726309743586,39.60726309743586
7,1093.1568745112859,null: no loss,4,0.11,,,,,
7,1093.1568745112859,"patch 10 %, cover -50 %",4,0.11,94.84312548871412,39.84312548871412,39.84312548871412,39.84312548871412,39.84312548871412
7,1093.1568745112859,"patch 10 %, cover -100 %",4,0.11,44.84312548871412,37.84312548871412,37.84312548871412,34.84312548871412,37.84312548871412
7,1093.1568745112859,"patch 25 %, cover -50 %",8,0.26,44.84312548871412,37.84312548871412,39.84312548871412,37.84312548871412,39.84312548871412
7,1093.1568745112859,"whole stand, cover -10 %",34,1.0,94.84312548871412,,,,
7,1093.1568745112859,"whole stand, cover -20 %",34,1.0,39.84312548871412,174.84312548871412,69.84312548871412,69.84312548871412,44.84312548871412
7,1113.194060766994,null: no loss,4,0.105,,,,,
7,1113.194060766994,"patch 10 %, cover -50 %",4,0.109,74.80593923300603,49.80593923300603,47.80593923300603,47.80593923300603,62.80593923300603
7,1113.194060766994,"patch 10 %, cover -100 %",4,0.109,74.80593923300603,19.80593923300603,19.80593923300603,19.80593923300603,19.80593923300603
7,1113.194060766994,"patch 25 %, cover -50 %",8,0.285,74.80593923300603,27.80593923300603,27.80593923300603,19.80593923300603,27.80593923300603
7,1113.194060766994,"whole stand, cover -10 %",34,1.0,74.80593923300603,,,,
7,1113.194060766994,"whole stand, cover -20 %",34,1.0,57.80593923300603,154.80593923300603,74.80593923300603,77.80593923300603,74.80593923300603
7,1868.013215276477,null: no loss,4,0.131,159.986784723523,102.98678472352299,102.98678472352299,,
7,1868.013215276477,"patch 10 %, cover -50 %",4,0.131,,,,,
7,1868.013215276477,"patch 10 %, cover -100 %",4,0.131,,,,,
7,1868.013215276477,"patch 25 %, cover -50 %",8,0.278,,,,,
7,1868.013215276477,"whole stand, cover -10 %",34,1.0,,177.986784723523,,,
7,1868.013215276477,"whole stand, cover -20 %",34,1.0,,,,,
7,979.134537537448,null: no loss,4,0.113,,23.865462462552046,,,28.865462462552046
7,979.134537537448,"patch 10 %, cover -50 %",5,0.12,,16.865462462552046,18.865462462552046,18.865462462552046,21.865462462552046
7,979.134537537448,"patch 10 %, cover -100 %",4,0.116,,13.865462462552046,16.865462462552046,18.865462462552046,16.865462462552046
7,979.134537537448,"patch 25 %, cover -50 %",11,0.286,,16.865462462552046,18.865462462552046,18.865462462552046,21.865462462552046
7,979.134537537448,"whole stand, cover -10 %",34,1.0,,23.865462462552046,38.865462462552046,,28.865462462552046
7,979.134537537448,"whole stand, cover -20 %",34,1.0,66.86546246255205,21.865462462552046,23.865462462552046,33.865462462552046,26.865462462552046
7,1484.9668285357548,null: no loss,6,0.126,,,113.03317146424524,,
7,1484.9668285357548,"patch 10 %, cover -50 %",6,0.126,116.03317146424524,23.033171464245243,26.033171464245243,23.033171464245243,28.033171464245243
7,1484.9668285357548,"patch 10 %, cover -100 %",5,0.106,73.03317146424524,21.033171464245243,23.033171464245243,23.033171464245243,23.033171464245243
7,1484.9668285357548,"patch 25 %, cover -50 %",12,0.281,73.03317146424524,23.033171464245243,26.033171464245243,23.033171464245243,28.033171464245243
7,1484.9668285357548,"whole stand, cover -10 %",34,1.0,73.03317146424524,103.03317146424524,63.03317146424524,71.03317146424524,116.03317146424524
7,1484.9668285357548,"whole stand, cover -20 %",34,1.0,46.03317146424524,51.03317146424524,48.03317146424524,33.03317146424524,46.03317146424524
7,1158.745565325007,null: no loss,3,0.124,,,,,
7,1158.745565325007,"patch 10 %, cover -50 %",3,0.115,,79.25443467499304,102.25443467499304,79.25443467499304,164.25443467499304
7,1158.745565325007,"patch 10 %, cover -100 %",3,0.122,134.25443467499304,32.254434674993036,37.254434674993036,32.254434674993036,32.254434674993036
7,1158.745565325007,"patch 25 %, cover -50 %",6,0.25,134.25443467499304,47.254434674993036,47.254434674993036,64.25443467499304,47.254434674993036
7,1158.745565325007,"whole stand, cover -10 %",34,1.0,164.25443467499304,,,164.25443467499304,
7,1158.745565325007,"whole stand, cover -20 %",34,1.0,89.25443467499304,94.25443467499304,79.25443467499304,64.25443467499304,92.25443467499304
7,1972.811318530724,null: no loss,3,0.124,55.188681469275934,,,,
7,1972.811318530724,"patch 10 %, cover -50 %",3,0.135,53.188681469275934,,,18.188681469275934,37.188681469275934
7,1972.811318530724,"patch 10 %, cover -100 %",3,0.111,43.188681469275934,,,17.188681469275934,17.188681469275934
7,1972.811318530724,"patch 25 %, cover -50 %",7,0.288,43.188681469275934,,,17.188681469275934,37.188681469275934
7,1972.811318530724,"whole stand, cover -10 %",34,1.0,45.188681469275934,73.18868146927593,88.18868146927593,55.188681469275934,55.188681469275934
7,1972.811318530724,"whole stand, cover -20 %",34,1.0,18.188681469275934,45.188681469275934,45.188681469275934,45.188681469275934,43.188681469275934
7,985.5406569086726,null: no loss,6,0.126,,17.459343091327355,,,22.459343091327355
7,985.5406569086726,"patch 10 %, cover -50 %",5,0.106,,17.459343091327355,27.459343091327355,22.459343091327355,22.459343091327355
7,985.5406569086726,"patch 10 %, cover -100 %",5,0.113,,17.459343091327355,12.459343091327355,15.459343091327355,22.459343091327355
7,985.5406569086726,"patch 25 %, cover -50 %",12,0.271,,12.459343091327355,12.459343091327355,17.459343091327355,20.459343091327355
7,985.5406569086726,"whole stand, cover -10 %",34,1.0,,17.459343091327355,32.459343091327355,,22.459343091327355
7,985.5406569086726,"whole stand, cover -20 %",34,1.0,60.459343091327355,17.459343091327355,25.459343091327355,32.459343091327355,20.459343091327355
8,2096.6340670935315,null: no loss,3,0.116,46.365932906468515,,69.36593290646852,69.36593290646852,64.36593290646852
8,2096.6340670935315,"patch 10 %, cover -50 %",4,0.138,39.365932906468515,26.365932906468515,24.365932906468515,24.365932906468515,33.365932906468515
8,2096.6340670935315,"patch 10 %, cover -100 %",3,0.101,34.365932906468515,21.365932906468515,19.365932906468515,24.365932906468515,24.365932906468515
8,2096.6340670935315,"patch 25 %, cover -50 %",9,0.283,29.365932906468515,26.365932906468515,21.365932906468515,19.365932906468515,33.365932906468515
8,2096.6340670935315,"whole stand, cover -10 %",33,1.0,33.365932906468515,56.365932906468515,41.365932906468515,39.365932906468515,39.365932906468515
8,2096.6340670935315,"whole stand, cover -20 %",33,1.0,24.365932906468515,44.365932906468515,39.365932906468515,34.365932906468515,29.365932906468515
8,1422.1896623413852,null: no loss,4,0.108,,105.8103376586148,,,105.8103376586148
8,1422.1896623413852,"patch 10 %, cover -50 %",5,0.115,33.8103376586148,25.8103376586148,28.8103376586148,28.8103376586148,33.8103376586148
8,1422.1896623413852,"patch 10 %, cover -100 %",5,0.115,33.8103376586148,20.8103376586148,18.8103376586148,18.8103376586148,20.8103376586148
8,1422.1896623413852,"patch 25 %, cover -50 %",9,0.285,33.8103376586148,25.8103376586148,25.8103376586148,25.8103376586148,33.8103376586148
8,1422.1896623413852,"whole stand, cover -10 %",33,1.0,33.8103376586148,105.8103376586148,105.8103376586148,105.8103376586148,33.8103376586148
8,1422.1896623413852,"whole stand, cover -20 %",33,1.0,25.8103376586148,78.8103376586148,33.8103376586148,33.8103376586148,33.8103376586148
8,1055.7557637830157,null: no loss,6,0.107,,,,,
8,1055.7557637830157,"patch 10 %, cover -50 %",6,0.148,,60.24423621698429,60.24423621698429,70.24423621698429,60.24423621698429
8,1055.7557637830157,"patch 10 %, cover -100 %",6,0.107,,25.24423621698429,22.24423621698429,25.24423621698429,40.24423621698429
8,1055.7557637830157,"patch 25 %, cover -50 %",11,0.28,82.24423621698429,60.24423621698429,60.24423621698429,60.24423621698429,60.24423621698429
8,1055.7557637830157,"whole stand, cover -10 %",33,1.0,,,,,
8,1055.7557637830157,"whole stand, cover -20 %",33,1.0,77.24423621698429,77.24423621698429,77.24423621698429,77.24423621698429,77.24423621698429
8,1796.0009531952649,null: no loss,4,0.1,,,14.999046804735144,11.999046804735144,
8,1796.0009531952649,"patch 10 %, cover -50 %",5,0.115,,,14.999046804735144,11.999046804735144,
8,1796.0009531952649,"patch 10 %, cover -100 %",5,0.123,,,11.999046804735144,9.999046804735144,
8,1796.0009531952649,"patch 25 %, cover -50 %",9,0.259,,,14.999046804735144,11.999046804735144,
8,1796.0009531952649,"whole stand, cover -10 %",33,1.0,,,11.999046804735144,11.999046804735144,
8,1796.0009531952649,"whole stand, cover -20 %",33,1.0,,,11.999046804735144,11.999046804735144,
8,973.3309626313024,null: no loss,3,0.107,,,,,
8,973.3309626313024,"patch 10 %, cover -50 %",3,0.119,,49.66903736869756,42.66903736869756,39.66903736869756,52.66903736869756
8,973.3309626313024,"patch 10 %, cover -100 %",3,0.107,,24.66903736869756,27.66903736869756,27.66903736869756,24.66903736869756
8,973.3309626313024,"patch 25 %, cover -50 %",8,0.293,77.66903736869756,49.66903736869756,42.66903736869756,39.66903736869756,52.66903736869756
8,973.3309626313024,"whole stand, cover -10 %",33,1.0,,,,,
8,973.3309626313024,"whole stand, cover -20 %",33,1.0,74.66903736869756,74.66903736869756,69.66903736869756,64.66903736869756,74.66903736869756
8,2209.268993712457,null: no loss,5,0.115,,,,,
8,2209.268993712457,"patch 10 %, cover -50 %",5,0.115,,38.731006287543096,26.731006287543096,26.731006287543096,56.731006287543096
8,2209.268993712457,"patch 10 %, cover -100 %",5,0.115,,21.731006287543096,16.731006287543096,16.731006287543096,21.731006287543096
8,2209.268993712457,"patch 25 %, cover -50 %",9,0.252,,33.731006287543096,26.731006287543096,26.731006287543096,56.731006287543096
8,2209.268993712457,"whole stand, cover -10 %",33,1.0,,56.731006287543096,,,
8,2209.268993712457,"whole stand, cover -20 %",33,1.0,78.7310062875431,56.731006287543096,,,
8,1567.2651686362287,null: no loss,5,0.134,,,,,
8,1567.2651686362287,"patch 10 %, cover -50 %",4,0.11,168.73483136377126,33.734831363771264,30.734831363771264,23.734831363771264,35.734831363771264
8,1567.2651686362287,"patch 10 %, cover -100 %",5,0.147,30.734831363771264,20.734831363771264,23.734831363771264,20.734831363771264,23.734831363771264
8,1567.2651686362287,"patch 25 %, cover -50 %",9,0.252,33.734831363771264,30.734831363771264,23.734831363771264,23.734831363771264,33.734831363771264
8,1567.2651686362287,"whole stand, cover -10 %",33,1.0,33.734831363771264,,,165.73483136377126,165.73483136377126
8,1567.2651686362287,"whole stand, cover -20 %",33,1.0,30.734831363771264,60.734831363771264,33.734831363771264,33.734831363771264,33.734831363771264
8,1260.6512328544673,null: no loss,3,0.124,107.34876714553275,,,105.34876714553275,
8,1260.6512328544673,"patch 10 %, cover -50 %",3,0.132,102.34876714553275,47.34876714553275,37.34876714553275,35.34876714553275,57.34876714553275
8,1260.6512328544673,"patch 10 %, cover -100 %",3,0.136,60.34876714553275,25.348767145532747,22.348767145532747,27.348767145532747,30.348767145532747
8,1260.6512328544673,"patch 25 %, cover -50 %",6,0.252,60.34876714553275,42.34876714553275,37.34876714553275,35.34876714553275,57.34876714553275
8,1260.6512328544673,"whole stand, cover -10 %",33,1.0,62.34876714553275,105.34876714553275,100.34876714553275,102.34876714553275,102.34876714553275
8,1260.6512328544673,"whole stand, cover -20 %",33,1.0,60.34876714553275,60.34876714553275,60.34876714553275,57.34876714553275,60.34876714553275
10,1239.7519084025885,null: no loss,2,0.14,,,,,
10,1239.7519084025885,"patch 10 %, cover -50 %",2,0.121,128.24809159741153,63.24809159741153,123.24809159741153,,81.24809159741153
10,1239.7519084025885,"patch 10 %, cover -100 %",2,0.14,83.24809159741153,33.24809159741153,33.24809159741153,,33.24809159741153
10,1239.7519084025885,"patch 25 %, cover -50 %",5,0.265,86.24809159741153,48.24809159741153,48.24809159741153,46.24809159741153,58.24809159741153
10,1239.7519084025885,"whole stand, cover -10 %",22,1.0,128.24809159741153,,133.24809159741153,126.24809159741153,128.24809159741153
10,1239.7519084025885,"whole stand, cover -20 %",22,1.0,83.24809159741153,126.24809159741153,83.24809159741153,63.24809159741153,86.24809159741153
10,1362.4825868709665,null: no loss,3,0.147,138.51741312903346,,,143.51741312903346,143.51741312903346
10,1362.4825868709665,"patch 10 %, cover -50 %",3,0.125,85.51741312903346,55.51741312903346,45.51741312903346,55.51741312903346,55.51741312903346
10,1362.4825868709665,"patch 10 %, cover -100 %",3,0.152,55.51741312903346,15.517413129033457,15.517413129033457,13.517413129033457,23.517413129033457
10,1362.4825868709665,"patch 25 %, cover -50 %",5,0.273,60.51741312903346,45.51741312903346,38.51741312903346,25.517413129033457,55.51741312903346
10,1362.4825868709665,"whole stand, cover -10 %",22,1.0,65.51741312903346,143.51741312903346,73.51741312903346,88.51741312903346,85.51741312903346
10,1362.4825868709665,"whole stand, cover -20 %",22,1.0,55.51741312903346,73.51741312903346,63.51741312903346,45.51741312903346,55.51741312903346
10,1845.5425698837716,null: no loss,3,0.101,,,,,
10,1845.5425698837716,"patch 10 %, cover -50 %",3,0.127,,,,,
10,1845.5425698837716,"patch 10 %, cover -100 %",4,0.123,,,,,
10,1845.5425698837716,"patch 25 %, cover -50 %",6,0.258,,,,,
10,1845.5425698837716,"whole stand, cover -10 %",22,1.0,,,,,
10,1845.5425698837716,"whole stand, cover -20 %",22,1.0,,,,,
10,1250.72482099636,null: no loss,3,0.119,,,,,
10,1250.72482099636,"patch 10 %, cover -50 %",3,0.152,117.27517900364,42.275179003640005,35.275179003640005,35.275179003640005,42.275179003640005
10,1250.72482099636,"patch 10 %, cover -100 %",3,0.152,82.27517900364,25.275179003640005,22.275179003640005,20.275179003640005,25.275179003640005
10,1250.72482099636,"patch 25 %, cover -50 %",6,0.259,117.27517900364,42.275179003640005,35.275179003640005,35.275179003640005,42.275179003640005
10,1250.72482099636,"whole stand, cover -10 %",22,1.0,117.27517900364,,122.27517900364,115.27517900364,117.27517900364
10,1250.72482099636,"whole stand, cover -20 %",22,1.0,72.27517900364,115.27517900364,72.27517900364,67.27517900364,75.27517900364
10,2175.619779673799,null: no loss,2,0.113,,,,,
10,2175.619779673799,"patch 10 %, cover -50 %",3,0.117,,47.3802203262012,47.3802203262012,45.3802203262012,47.3802203262012
10,2175.619779673799,"patch 10 %, cover -100 %",3,0.158,50.3802203262012,25.380220326201197,25.380220326201197,25.380220326201197,25.380220326201197
10,2175.619779673799,"patch 25 %, cover -50 %",5,0.257,60.3802203262012,37.3802203262012,45.3802203262012,42.3802203262012,45.3802203262012
10,2175.619779673799,"whole stand, cover -10 %",22,1.0,,,,112.3802203262012,
10,2175.619779673799,"whole stand, cover -20 %",22,1.0,60.3802203262012,62.3802203262012,60.3802203262012,55.3802203262012,60.3802203262012
10,1146.915300699685,null: no loss,3,0.15,,,,,
10,1146.915300699685,"patch 10 %, cover -50 %",2,0.127,41.084699300314924,41.084699300314924,41.084699300314924,,41.084699300314924
10,1146.915300699685,"patch 10 %, cover -100 %",3,0.152,41.084699300314924,29.084699300314924,21.084699300314924,21.084699300314924,29.084699300314924
10,1146.915300699685,"patch 25 %, cover -50 %",6,0.264,41.084699300314924,41.084699300314924,39.084699300314924,36.084699300314924,41.084699300314924
10,1146.915300699685,"whole stand, cover -10 %",22,1.0,41.084699300314924,,,,
10,1146.915300699685,"whole stand, cover -20 %",22,1.0,41.084699300314924,,176.08469930031492,104.08469930031492,41.084699300314924
10,945.3787694357603,null: no loss,5,0.139,,,25.62123056423968,,
10,945.3787694357603,"patch 10 %, cover -50 %",4,0.128,,27.62123056423968,25.62123056423968,45.62123056423968,27.62123056423968
10,945.3787694357603,"patch 10 %, cover -100 %",4,0.128,110.62123056423968,17.62123056423968,22.62123056423968,27.62123056423968,22.62123056423968
10,945.3787694357603,"patch 25 %, cover -50 %",8,0.287,80.62123056423968,27.62123056423968,25.62123056423968,25.62123056423968,27.62123056423968
10,945.3787694357603,"whole stand, cover -10 %",22,1.0,110.62123056423968,25.62123056423968,22.62123056423968,22.62123056423968,
10,945.3787694357603,"whole stand, cover -20 %",22,1.0,57.62123056423968,25.62123056423968,22.62123056423968,22.62123056423968,62.62123056423968
10,1492.087145163482,null: no loss,4,0.15,8.912854836517909,,,13.912854836517909,13.912854836517909
10,1492.087145163482,"patch 10 %, cover -50 %",3,0.136,8.912854836517909,25.91285483651791,20.91285483651791,13.912854836517909,13.912854836517909
10,1492.087145163482,"patch 10 %, cover -100 %",3,0.136,8.912854836517909,18.91285483651791,18.91285483651791,13.912854836517909,13.912854836517909
10,1492.087145163482,"patch 25 %, cover -50 %",7,0.314,8.912854836517909,25.91285483651791,20.91285483651791,13.912854836517909,13.912854836517909
10,1492.087145163482,"whole stand, cover -10 %",22,1.0,8.912854836517909,65.91285483651791,65.91285483651791,13.912854836517909,13.912854836517909
10,1492.087145163482,"whole stand, cover -20 %",22,1.0,8.912854836517909,55.91285483651791,38.91285483651791,13.912854836517909,13.912854836517909
11,1912.8478469248626,null: no loss,2,0.115,,,,,
11,1912.8478469248626,"patch 10 %, cover -50 %",3,0.149,148.15215307513745,35.15215307513745,25.15215307513745,35.15215307513745,37.15215307513745
11,1912.8478469248626,"patch 10 %, cover -100 %",2,0.126,53.15215307513745,17.15215307513745,17.15215307513745,,25.15215307513745
11,1912.8478469248626,"patch 25 %, cover -50 %",6,0.275,53.15215307513745,35.15215307513745,25.15215307513745,35.15215307513745,37.15215307513745
11,1912.8478469248626,"whole stand, cover -10 %",21,1.0,77.15215307513745,,,,148.15215307513745
11,1912.8478469248626,"whole stand, cover -20 %",21,1.0,40.15215307513745,63.15215307513745,53.15215307513745,58.15215307513745,48.15215307513745
11,2206.605475174326,null: no loss,2,0.137,71.39452482567413,29.394524825674125,29.394524825674125,71.39452482567413,29.394524825674125
11,2206.605475174326,"patch 10 %, cover -50 %",2,0.141,71.39452482567413,29.394524825674125,29.394524825674125,71.39452482567413,29.394524825674125
11,2206.605475174326,"patch 10 %, cover -100 %",3,0.14,71.39452482567413,24.394524825674125,24.394524825674125,19.394524825674125,24.394524825674125
11,2206.605475174326,"patch 25 %, cover -50 %",6,0.288,71.39452482567413,29.394524825674125,29.394524825674125,36.394524825674125,29.394524825674125
11,2206.605475174326,"whole stand, cover -10 %",21,1.0,71.39452482567413,29.394524825674125,29.394524825674125,71.39452482567413,29.394524825674125
11,2206.605475174326,"whole stand, cover -20 %",21,1.0,71.39452482567413,29.394524825674125,29.394524825674125,71.39452482567413,29.394524825674125
11,1243.9330691369596,null: no loss,2,0.13,,,,,
11,1243.9330691369596,"patch 10 %, cover -50 %",2,0.115,79.0669308630404,47.0669308630404,44.0669308630404,,54.0669308630404
11,1243.9330691369596,"patch 10 %, cover -100 %",2,0.131,79.0669308630404,24.066930863040398,27.066930863040398,,27.066930863040398
11,1243.9330691369596,"patch 25 %, cover -50 %",6,0.298,59.0669308630404,44.0669308630404,37.0669308630404,39.0669308630404,44.0669308630404
11,1243.9330691369596,"whole stand, cover -10 %",21,1.0,79.0669308630404,,124.0669308630404,124.0669308630404,79.0669308630404
11,1243.9330691369596,"whole stand, cover -20 %",21,1.0,49.0669308630404,82.0669308630404,79.0669308630404,77.0669308630404,54.0669308630404
11,929.8103769094457,null: no loss,3,0.122,,,,,
11,929.8103769094457,"patch 10 %, cover -50 %",2,0.109,,48.18962309055428,53.18962309055428,,58.18962309055428
11,929.8103769094457,"patch 10 %, cover -100 %",2,0.104,88.18962309055428,33.18962309055428,38.18962309055428,,33.18962309055428
11,929.8103769094457,"patch 25 %, cover -50 %",5,0.259,68.18962309055428,48.18962309055428,43.18962309055428,43.18962309055428,58.18962309055428
11,929.8103769094457,"whole stand, cover -10 %",21,1.0,128.18962309055428,,,,
11,929.8103769094457,"whole stand, cover -20 %",21,1.0,53.18962309055428,118.18962309055428,116.18962309055428,73.18962309055428,68.18962309055428
11,1920.5005498319497,null: no loss,3,0.127,,,,,
11,1920.5005498319497,"patch 10 %, cover -50 %",3,0.119,140.49945016805032,55.499450168050316,,,55.499450168050316
11,1920.5005498319497,"patch 10 %, cover -100 %",3,0.127,55.499450168050316,20.499450168050316,40.499450168050316,42.499450168050316,20.499450168050316
11,1920.5005498319497,"patch 25 %, cover -50 %",7,0.289,50.499450168050316,32.499450168050316,27.499450168050316,40.499450168050316,40.499450168050316
11,1920.5005498319497,"whole stand, cover -10 %",21,1.0,69.49945016805032,,,,140.49945016805032
11,1920.5005498319497,"whole stand, cover -20 %",21,1.0,40.499450168050316,125.49945016805032,55.499450168050316,57.499450168050316,50.499450168050316
11,2148.23506581592,null: no loss,3,0.155,129.76493418408018,87.76493418408018,87.76493418408018,129.76493418408018,87.76493418408018
11,2148.23506581592,"patch 10 %, cover -50 %",3,0.122,129.76493418408018,,21.764934184080175,47.764934184080175,19.764934184080175
11,2148.23506581592,"patch 10 %, cover -100 %",3,0.13,74.76493418408018,,12.764934184080175,19.764934184080175,19.764934184080175
11,2148.23506581592,"patch 25 %, cover -50 %",5,0.259,74.76493418408018,,21.764934184080175,21.764934184080175,19.764934184080175
11,2148.23506581592,"whole stand, cover -10 %",21,1.0,74.76493418408018,87.76493418408018,87.76493418408018,87.76493418408018,87.76493418408018
11,2148.23506581592,"whole stand, cover -20 %",21,1.0,74.76493418408018,49.764934184080175,21.764934184080175,49.764934184080175,49.764934184080175
11,931.8627974910239,null: no loss,2,0.102,,,,,
11,931.8627974910239,"patch 10 %, cover -50 %",2,0.101,,56.13720250897609,51.13720250897609,,66.13720250897609
11,931.8627974910239,"patch 10 %, cover -100 %",2,0.101,116.13720250897609,39.13720250897609,36.13720250897609,,41.13720250897609
11,931.8627974910239,"patch 25 %, cover -50 %",5,0.281,86.13720250897609,49.13720250897609,41.13720250897609,41.13720250897609,56.13720250897609
11,931.8627974910239,"whole stand, cover -10 %",21,1.0,116.13720250897609,,,,
11,931.8627974910239,"whole stand, cover -20 %",21,1.0,51.13720250897609,116.13720250897609,114.13720250897609,71.13720250897609,66.13720250897609
11,1746.4236236730048,null: no loss,4,0.155,,64.57637632699516,64.57637632699516,16.57637632699516,9.57637632699516
11,1746.4236236730048,"patch 10 %, cover -50 %",4,0.164,,19.57637632699516,14.57637632699516,14.57637632699516,9.57637632699516
11,1746.4236236730048,"patch 10 %, cover -100 %",3,0.141,,14.57637632699516,14.57637632699516,14.57637632699516,9.57637632699516
11,1746.4236236730048,"patch 25 %, cover -50 %",6,0.282,,19.57637632699516,14.57637632699516,14.57637632699516,9.57637632699516
11,1746.4236236730048,"whole stand, cover -10 %",21,1.0,,51.57637632699516,51.57637632699516,16.57637632699516,9.57637632699516
11,1746.4236236730048,"whole stand, cover -20 %",21,1.0,,46.57637632699516,19.57637632699516,14.57637632699516,9.57637632699516
13,1132.5913384235434,null: no loss,3,0.17,,,,,
13,1132.5913384235434,"patch 10 %, cover -50 %",3,0.137,55.40866157645655,38.40866157645655,30.408661576456552,30.408661576456552,53.40866157645655
13,1132.5913384235434,"patch 10 %, cover -100 %",2,0.126,55.40866157645655,30.408661576456552,30.408661576456552,55.40866157645655,30.408661576456552
13,1132.5913384235434,"patch 25 %, cover -50 %",5,0.299,55.40866157645655,38.40866157645655,30.408661576456552,30.408661576456552,53.40866157645655
13,1132.5913384235434,"whole stand, cover -10 %",18,1.0,55.40866157645655,,55.40866157645655,55.40866157645655,55.40866157645655
13,1132.5913384235434,"whole stand, cover -20 %",18,1.0,38.40866157645655,55.40866157645655,55.40866157645655,55.40866157645655,55.40866157645655
13,2089.0261872986043,null: no loss,2,0.122,48.97381270139567,,,73.97381270139567,71.97381270139567
13,2089.0261872986043,"patch 10 %, cover -50 %",2,0.108,41.97381270139567,28.973812701395673,26.973812701395673,48.97381270139567,33.97381270139567
13,2089.0261872986043,"patch 10 %, cover -100 %",3,0.174,36.97381270139567,16.973812701395673,13.973812701395673,13.973812701395673,23.973812701395673
13,2089.0261872986043,"patch 25 %, cover -50 %",5,0.258,36.97381270139567,28.973812701395673,26.973812701395673,23.973812701395673,33.97381270139567
13,2089.0261872986043,"whole stand, cover -10 %",18,1.0,40.97381270139567,63.97381270139567,48.97381270139567,48.97381270139567,41.97381270139567
13,2089.0261872986043,"whole stand, cover -20 %",18,1.0,,48.97381270139567,48.97381270139567,38.97381270139567,36.97381270139567
13,1304.4413732055943,null: no loss,3,0.176,,,,,
13,1304.4413732055943,"patch 10 %, cover -50 %",2,0.121,58.558626794405654,43.558626794405654,63.558626794405654,,48.558626794405654
13,1304.4413732055943,"patch 10 %, cover -100 %",3,0.137,51.558626794405654,31.558626794405654,26.558626794405654,23.558626794405654,31.558626794405654
13,1304.4413732055943,"patch 25 %, cover -50 %",5,0.269,51.558626794405654,43.558626794405654,36.558626794405654,31.558626794405654,48.558626794405654
13,1304.4413732055943,"whole stand, cover -10 %",18,1.0,51.558626794405654,151.55862679440565,151.55862679440565,71.55862679440565,58.558626794405654
13,1304.4413732055943,"whole stand, cover -20 %",18,1.0,43.558626794405654,58.558626794405654,58.558626794405654,53.558626794405654,46.558626794405654
13,1556.1475495238312,null: no loss,2,0.11,,,,,
13,1556.1475495238312,"patch 10 %, cover -50 %",2,0.11,,41.85245047616877,46.85245047616877,,44.85245047616877
13,1556.1475495238312,"patch 10 %, cover -100 %",3,0.121,131.85245047616877,24.85245047616877,24.85245047616877,21.85245047616877,24.85245047616877
13,1556.1475495238312,"patch 25 %, cover -50 %",5,0.278,74.85245047616877,34.85245047616877,34.85245047616877,34.85245047616877,41.85245047616877
13,1556.1475495238312,"whole stand, cover -10 %",18,1.0,131.85245047616877,,,,
13,1556.1475495238312,"whole stand, cover -20 %",18,1.0,46.85245047616877,139.85245047616877,71.85245047616877,64.85245047616877,71.85245047616877
13,1493.3758550313128,null: no loss,2,0.132,,,,,
13,1493.3758550313128,"patch 10 %, cover -50 %",2,0.132,62.62414496868723,54.62414496868723,54.62414496868723,39.62414496868723,54.62414496868723
13,1493.3758550313128,"patch 10 %, cover -100 %",2,0.132,62.62414496868723,29.624144968687233,29.624144968687233,34.62414496868723,29.624144968687233
13,1493.3758550313128,"patch 25 %, cover -50 %",4,0.26,62.62414496868723,32.62414496868723,54.62414496868723,34.62414496868723,37.62414496868723
13,1493.3758550313128,"whole stand, cover -10 %",18,1.0,62.62414496868723,,62.62414496868723,,62.62414496868723
13,1493.3758550313128,"whole stand, cover -20 %",18,1.0,24.624144968687233,37.62414496868723,54.62414496868723,37.62414496868723,54.62414496868723
13,1435.6749356151927,null: no loss,3,0.121,,,,,
13,1435.6749356151927,"patch 10 %, cover -50 %",2,0.116,37.32506438480732,27.32506438480732,27.32506438480732,95.32506438480732,37.32506438480732
13,1435.6749356151927,"patch 10 %, cover -100 %",3,0.139,12.32506438480732,25.32506438480732,12.32506438480732,12.32506438480732,27.32506438480732
13,1435.6749356151927,"patch 25 %, cover -50 %",5,0.294,12.32506438480732,25.32506438480732,27.32506438480732,27.32506438480732,32.32506438480732
13,1435.6749356151927,"whole stand, cover -10 %",18,1.0,12.32506438480732,95.32506438480732,75.32506438480732,72.32506438480732,37.32506438480732
13,1435.6749356151927,"whole stand, cover -20 %",18,1.0,12.32506438480732,32.32506438480732,37.32506438480732,37.32506438480732,32.32506438480732
13,1490.277946864607,null: no loss,3,0.137,,,,,
13,1490.277946864607,"patch 10 %, cover -50 %",2,0.126,65.72205313539303,50.722053135393026,45.722053135393026,42.722053135393026,57.722053135393026
13,1490.277946864607,"patch 10 %, cover -100 %",3,0.171,27.722053135393026,22.722053135393026,22.722053135393026,27.722053135393026,27.722053135393026
13,1490.277946864607,"patch 25 %, cover -50 %",5,0.269,57.722053135393026,35.722053135393026,35.722053135393026,32.722053135393026,40.722053135393026
13,1490.277946864607,"whole stand, cover -10 %",18,1.0,65.72205313539303,,65.72205313539303,,65.72205313539303
13,1490.277946864607,"whole stand, cover -20 %",18,1.0,27.722053135393026,40.722053135393026,40.722053135393026,40.722053135393026,57.722053135393026
13,1292.766985701677,null: no loss,2,0.116,,,,,
13,1292.766985701677,"patch 10 %, cover -50 %",2,0.172,63.23301429832304,33.23301429832304,43.23301429832304,,38.23301429832304
13,1292.766985701677,"patch 10 %, cover -100 %",2,0.116,63.23301429832304,25.23301429832304,25.23301429832304,,28.23301429832304
13,1292.766985701677,"patch 25 %, cover -50 %",4,0.265,58.23301429832304,33.23301429832304,30.23301429832304,30.23301429832304,38.23301429832304
13,1292.766985701677,"whole stand, cover -10 %",18,1.0,63.23301429832304,163.23301429832304,168.23301429832304,83.23301429832304,70.23301429832304
13,1292.766985701677,"whole stand, cover -20 %",18,1.0,48.23301429832304,70.23301429832304,65.23301429832304,48.23301429832304,55.23301429832304
14,2033.678521791618,null: no loss,2,0.131,102.3214782083819,132.3214782083819,,104.3214782083819,104.3214782083819
14,2033.678521791618,"patch 10 %, cover -50 %",2,0.135,39.321478208381905,37.321478208381905,37.321478208381905,102.3214782083819,37.321478208381905
14,2033.678521791618,"patch 10 %, cover -100 %",2,0.106,39.321478208381905,27.321478208381905,27.321478208381905,102.3214782083819,36.321478208381905
14,2033.678521791618,"patch 25 %, cover -50 %",5,0.283,37.321478208381905,37.321478208381905,36.321478208381905,36.321478208381905,37.321478208381905
14,2033.678521791618,"whole stand, cover -10 %",17,1.0,39.321478208381905,102.3214782083819,102.3214782083819,97.3214782083819,84.3214782083819
14,2033.678521791618,"whole stand, cover -20 %",17,1.0,37.321478208381905,56.321478208381905,37.321478208381905,37.321478208381905,37.321478208381905
14,1243.1533666789355,null: no loss,2,0.11,,,,,
14,1243.1533666789355,"patch 10 %, cover -50 %",3,0.145,47.84663332106447,29.846633321064473,27.846633321064473,27.846633321064473,37.84663332106447
14,1243.1533666789355,"patch 10 %, cover -100 %",2,0.129,44.84663332106447,19.846633321064473,19.846633321064473,,24.846633321064473
14,1243.1533666789355,"patch 25 %, cover -50 %",4,0.27,47.84663332106447,29.846633321064473,27.846633321064473,27.846633321064473,34.84663332106447
14,1243.1533666789355,"whole stand, cover -10 %",17,1.0,47.84663332106447,,,122.84663332106447,82.84663332106447
14,1243.1533666789355,"whole stand, cover -20 %",17,1.0,39.84663332106447,54.84663332106447,54.84663332106447,47.84663332106447,44.84663332106447
14,1427.4773288848799,null: no loss,3,0.11,,,,,
14,1427.4773288848799,"patch 10 %, cover -50 %",3,0.169,85.52267111512015,40.52267111512015,33.52267111512015,28.522671115120147,43.52267111512015
14,1427.4773288848799,"patch 10 %, cover -100 %",3,0.17,83.52267111512015,18.522671115120147,18.522671115120147,28.522671115120147,18.522671115120147
14,1427.4773288848799,"patch 25 %, cover -50 %",5,0.31,83.52267111512015,35.52267111512015,20.522671115120147,20.522671115120147,35.52267111512015
14,1427.4773288848799,"whole stand, cover -10 %",17,1.0,85.52267111512015,153.52267111512015,83.52267111512015,83.52267111512015,85.52267111512015
14,1427.4773288848799,"whole stand, cover -20 %",17,1.0,73.52267111512015,55.52267111512015,55.52267111512015,48.52267111512015,78.52267111512015
14,1270.8172373823572,null: no loss,3,0.117,,,,,
14,1270.8172373823572,"patch 10 %, cover -50 %",3,0.155,55.182762617642766,37.182762617642766,32.182762617642766,27.182762617642766,37.182762617642766
14,1270.8172373823572,"patch 10 %, cover -100 %",2,0.129,55.182762617642766,17.182762617642766,17.182762617642766,,17.182762617642766
14,1270.8172373823572,"patch 25 %, cover -50 %",6,0.313,27.182762617642766,32.182762617642766,27.182762617642766,22.182762617642766,37.182762617642766
14,1270.8172373823572,"whole stand, cover -10 %",17,1.0,55.182762617642766,,,95.18276261764277,95.18276261764277
14,1270.8172373823572,"whole stand, cover -20 %",17,1.0,27.182762617642766,55.182762617642766,52.182762617642766,50.182762617642766,55.182762617642766
14,1504.504485113079,null: no loss,2,0.131,,,,,
14,1504.504485113079,"patch 10 %, cover -50 %",2,0.107,,28.495514886921,51.495514886921,76.495514886921,31.495514886921
14,1504.504485113079,"patch 10 %, cover -100 %",2,0.107,53.495514886921,16.495514886921,18.495514886921,76.495514886921,26.495514886921
14,1504.504485113079,"patch 25 %, cover -50 %",5,0.294,53.495514886921,28.495514886921,28.495514886921,28.495514886921,31.495514886921
14,1504.504485113079,"whole stand, cover -10 %",17,1.0,53.495514886921,76.495514886921,71.495514886921,71.495514886921,76.495514886921
14,1504.504485113079,"whole stand, cover -20 %",17,1.0,53.495514886921,68.495514886921,51.495514886921,51.495514886921,53.495514886921
14,2161.1313844828255,null: no loss,2,0.108,74.86861551717448,4.868615517174476,76.86861551717448,76.86861551717448,116.86861551717448
14,2161.1313844828255,"patch 10 %, cover -50 %",3,0.197,61.868615517174476,4.868615517174476,39.868615517174476,39.868615517174476,41.868615517174476
14,2161.1313844828255,"patch 10 %, cover -100 %",3,0.17,59.868615517174476,4.868615517174476,8.868615517174476,,
14,2161.1313844828255,"patch 25 %, cover -50 %",4,0.27,61.868615517174476,4.868615517174476,8.868615517174476,,41.868615517174476
14,2161.1313844828255,"whole stand, cover -10 %",17,1.0,61.868615517174476,4.868615517174476,74.86861551717448,74.86861551717448,74.86861551717448
14,2161.1313844828255,"whole stand, cover -20 %",17,1.0,59.868615517174476,4.868615517174476,64.86861551717448,64.86861551717448,61.868615517174476
14,1859.1011288212346,null: no loss,3,0.119,,,,106.89887117876538,
14,1859.1011288212346,"patch 10 %, cover -50 %",3,0.127,,,,,
14,1859.1011288212346,"patch 10 %, cover -100 %",3,0.138,,,,,
14,1859.1011288212346,"patch 25 %, cover -50 %",5,0.25,,,,,
14,1859.1011288212346,"whole stand, cover -10 %",17,1.0,,,,,
14,1859.1011288212346,"whole stand, cover -20 %",17,1.0,,,,,
14,1053.8301778027774,null: no loss,2,0.122,,,,,
14,1053.8301778027774,"patch 10 %, cover -50 %",2,0.122,,57.16982219722263,57.16982219722263,,57.16982219722263
14,1053.8301778027774,"patch 10 %, cover -100 %",3,0.169,62.16982219722263,24.16982219722263,24.16982219722263,24.16982219722263,24.16982219722263
14,1053.8301778027774,"patch 25 %, cover -50 %",5,0.277,109.16982219722263,49.16982219722263,57.16982219722263,57.16982219722263,52.16982219722263
14,1053.8301778027774,"whole stand, cover -10 %",17,1.0,134.16982219722263,,,,134.16982219722263
14,1053.8301778027774,"whole stand, cover -20 %",17,1.0,79.16982219722263,79.16982219722263,79.16982219722263,77.16982219722263,79.16982219722263
15,1388.3629876687396,null: no loss,2,0.119,,,,,
15,1388.3629876687396,"patch 10 %, cover -50 %",2,0.106,72.6370123312604,44.637012331260394,59.637012331260394,,44.637012331260394
15,1388.3629876687396,"patch 10 %, cover -100 %",2,0.119,67.6370123312604,42.637012331260394,42.637012331260394,,42.637012331260394
15,1388.3629876687396,"patch 25 %, cover -50 %",5,0.322,44.637012331260394,44.637012331260394,44.637012331260394,44.637012331260394,44.637012331260394
15,1388.3629876687396,"whole stand, cover -10 %",16,1.0,72.6370123312604,,,67.6370123312604,72.6370123312604
15,1388.3629876687396,"whole stand, cover -20 %",16,1.0,44.637012331260394,59.637012331260394,67.6370123312604,67.6370123312604,44.637012331260394
15,1637.2765422478587,null: no loss,3,0.163,120.72345775214126,155.72345775214126,125.72345775214126,143.72345775214126,143.72345775214126
15,1637.2765422478587,"patch 10 %, cover -50 %",3,0.107,100.72345775214126,48.72345775214126,43.72345775214126,48.72345775214126,50.72345775214126
15,1637.2765422478587,"patch 10 %, cover -100 %",4,0.164,70.72345775214126,30.723457752141258,30.723457752141258,30.723457752141258,30.723457752141258
15,1637.2765422478587,"patch 25 %, cover -50 %",5,0.254,95.72345775214126,48.72345775214126,43.72345775214126,43.72345775214126,50.72345775214126
15,1637.2765422478587,"whole stand, cover -10 %",16,1.0,95.72345775214126,125.72345775214126,110.72345775214126,110.72345775214126,98.72345775214126
15,1637.2765422478587,"whole stand, cover -20 %",16,1.0,58.72345775214126,95.72345775214126,78.72345775214126,78.72345775214126,70.72345775214126
15,2035.7606660613394,null: no loss,2,0.101,110.2393339386606,130.2393339386606,130.2393339386606,110.2393339386606,110.2393339386606
15,2035.7606660613394,"patch 10 %, cover -50 %",2,0.149,37.23933393866059,34.23933393866059,34.23933393866059,102.2393339386606,37.23933393866059
15,2035.7606660613394,"patch 10 %, cover -100 %",2,0.132,37.23933393866059,25.239333938660593,14.239333938660593,110.2393339386606,34.23933393866059
15,2035.7606660613394,"patch 25 %, cover -50 %",4,0.255,37.23933393866059,34.23933393866059,30.239333938660593,,37.23933393866059
15,2035.7606660613394,"whole stand, cover -10 %",16,1.0,37.23933393866059,102.2393339386606,102.2393339386606,100.2393339386606,62.23933393866059
15,2035.7606660613394,"whole stand, cover -20 %",16,1.0,35.23933393866059,82.2393339386606,62.23933393866059,37.23933393866059,37.23933393866059
15,971.9754747195583,null: no loss,2,0.147,,,,,
15,971.9754747195583,"patch 10 %, cover -50 %",2,0.172,,39.02452528044171,31.024525280441708,,41.02452528044171
15,971.9754747195583,"patch 10 %, cover -100 %",2,0.186,54.02452528044171,24.024525280441708,26.024525280441708,134.0245252804417,26.024525280441708
15,971.9754747195583,"patch 25 %, cover -50 %",4,0.286,84.02452528044171,39.02452528044171,31.024525280441708,36.02452528044171,41.02452528044171
15,971.9754747195583,"whole stand, cover -10 %",16,1.0,,,,,
15,971.9754747195583,"whole stand, cover -20 %",16,1.0,51.02452528044171,,79.02452528044171,74.02452528044171,71.02452528044171
15,2192.5213926690076,null: no loss,2,0.159,,43.47860733099242,43.47860733099242,43.47860733099242,43.47860733099242
15,2192.5213926690076,"patch 10 %, cover -50 %",2,0.141,,43.47860733099242,43.47860733099242,43.47860733099242,43.47860733099242
15,2192.5213926690076,"patch 10 %, cover -100 %",2,0.159,43.47860733099242,28.478607330992418,28.478607330992418,43.47860733099242,28.478607330992418
15,2192.5213926690076,"patch 25 %, cover -50 %",4,0.259,,38.47860733099242,38.47860733099242,38.47860733099242,43.47860733099242
15,2192.5213926690076,"whole stand, cover -10 %",16,1.0,,43.47860733099242,43.47860733099242,43.47860733099242,43.47860733099242
15,2192.5213926690076,"whole stand, cover -20 %",16,1.0,43.47860733099242,43.47860733099242,43.47860733099242,43.47860733099242,43.47860733099242
15,1169.9505762841945,null: no loss,2,0.172,,,,,
15,1169.9505762841945,"patch 10 %, cover -50 %",2,0.172,,53.04942371580546,56.04942371580546,121.04942371580546,56.04942371580546
15,1169.9505762841945,"patch 10 %, cover -100 %",2,0.172,133.04942371580546,21.04942371580546,36.04942371580546,121.04942371580546,36.04942371580546
15,1169.9505762841945,"patch 25 %, cover -50 %",4,0.299,153.04942371580546,53.04942371580546,56.04942371580546,53.04942371580546,56.04942371580546
15,1169.9505762841945,"whole stand, cover -10 %",16,1.0,156.04942371580546,,153.04942371580546,,
15,1169.9505762841945,"whole stand, cover -20 %",16,1.0,113.04942371580546,98.04942371580546,121.04942371580546,113.04942371580546,133.04942371580546
15,1576.92638226107,null: no loss,2,0.134,,,,,
15,1576.92638226107,"patch 10 %, cover -50 %",2,0.134,156.0736177389299,29.073617738929897,44.0736177389299,,44.0736177389299
15,1576.92638226107,"patch 10 %, cover -100 %",2,0.134,46.0736177389299,21.073617738929897,26.073617738929897,,26.073617738929897
15,1576.92638226107,"patch 25 %, cover -50 %",5,0.336,44.0736177389299,29.073617738929897,29.073617738929897,26.073617738929897,44.0736177389299
15,1576.92638226107,"whole stand, cover -10 %",16,1.0,156.0736177389299,,176.0736177389299,171.0736177389299,161.0736177389299
15,1576.92638226107,"whole stand, cover -20 %",16,1.0,31.073617738929897,161.0736177389299,59.0736177389299,51.0736177389299,46.0736177389299
15,2036.2917709032645,null: no loss,2,0.128,109.70822909673552,129.70822909673552,129.70822909673552,109.70822909673552,109.70822909673552
15,2036.2917709032645,"patch 10 %, cover -50 %",3,0.143,36.70822909673552,36.70822909673552,33.70822909673552,44.70822909673552,46.70822909673552
15,2036.2917709032645,"patch 10 %, cover -100 %",2,0.147,36.70822909673552,29.708229096735522,33.70822909673552,109.70822909673552,33.70822909673552
15,2036.2917709032645,"patch 25 %, cover -50 %",4,0.299,36.70822909673552,36.70822909673552,33.70822909673552,44.70822909673552,44.70822909673552
15,2036.2917709032645,"whole stand, cover -10 %",16,1.0,36.70822909673552,101.70822909673552,101.70822909673552,99.70822909673552,99.70822909673552
15,2036.2917709032645,"whole stand, cover -20 %",16,1.0,34.70822909673552,81.70822909673552,61.70822909673552,36.70822909673552,36.70822909673552
16,2114.11872500171,null: no loss,3,0.159,23.881274998289882,51.88127499828988,163.88127499828988,163.88127499828988,48.88127499828988
16,2114.11872500171,"patch 10 %, cover -50 %",3,0.112,11.881274998289882,23.881274998289882,26.881274998289882,23.881274998289882,23.881274998289882
16,2114.11872500171,"patch 10 %, cover -100 %",3,0.159,11.881274998289882,23.881274998289882,21.881274998289882,21.881274998289882,21.881274998289882
16,2114.11872500171,"patch 25 %, cover -50 %",5,0.272,11.881274998289882,23.881274998289882,23.881274998289882,21.881274998289882,21.881274998289882
16,2114.11872500171,"whole stand, cover -10 %",17,1.0,11.881274998289882,31.881274998289882,55.88127499828988,51.88127499828988,23.881274998289882
16,2114.11872500171,"whole stand, cover -20 %",17,1.0,11.881274998289882,31.881274998289882,38.88127499828988,36.88127499828988,21.881274998289882
16,1300.601077059769,null: no loss,1,0.102,,,,,
16,1300.601077059769,"patch 10 %, cover -50 %",1,0.102,75.39892294023093,47.39892294023093,,,57.39892294023093
16,1300.601077059769,"patch 10 %, cover -100 %",1,0.102,65.39892294023093,27.398922940230932,,,30.398922940230932
16,1300.601077059769,"patch 25 %, cover -50 %",3,0.274,65.39892294023093,45.39892294023093,35.39892294023093,47.39892294023093,57.39892294023093
16,1300.601077059769,"whole stand, cover -10 %",17,1.0,67.39892294023093,,,67.39892294023093,75.39892294023093
16,1300.601077059769,"whole stand, cover -20 %",17,1.0,35.39892294023093,65.39892294023093,65.39892294023093,65.39892294023093,65.39892294023093
16,1127.7374054468366,null: no loss,2,0.104,60.26259455316335,,,120.26259455316335,
16,1127.7374054468366,"patch 10 %, cover -50 %",2,0.124,,,,,
16,1127.7374054468366,"patch 10 %, cover -100 %",2,0.123,,,,,
16,1127.7374054468366,"patch 25 %, cover -50 %",4,0.254,,,,,
16,1127.7374054468366,"whole stand, cover -10 %",17,1.0,,,,,
16,1127.7374054468366,"whole stand, cover -20 %",17,1.0,,,,,
16,1117.1238801462212,null: no loss,3,0.12,70.87611985377885,,,130.87611985377885,
16,1117.1238801462212,"patch 10 %, cover -50 %",2,0.142,,,,,
16,1117.1238801462212,"patch 10 %, cover -100 %",2,0.149,,,,,
16,1117.1238801462212,"patch 25 %, cover -50 %",4,0.257,,,,,
16,1117.1238801462212,"whole stand, cover -10 %",17,1.0,,,,,
16,1117.1238801462212,"whole stand, cover -20 %",17,1.0,,,,,
16,1897.7156602509679,null: no loss,2,0.179,148.28433974903214,,,,148.28433974903214
16,1897.7156602509679,"patch 10 %, cover -50 %",2,0.179,90.28433974903214,52.28433974903214,88.28433974903214,,55.28433974903214
16,1897.7156602509679,"patch 10 %, cover -100 %",2,0.172,78.28433974903214,32.28433974903214,38.28433974903214,,40.28433974903214
16,1897.7156602509679,"patch 25 %, cover -50 %",3,0.298,63.28433974903214,32.28433974903214,28.284339749032142,63.28433974903214,38.28433974903214
16,1897.7156602509679,"whole stand, cover -10 %",17,1.0,90.28433974903214,,145.28433974903214,128.28433974903214,148.28433974903214
16,1897.7156602509679,"whole stand, cover -20 %",17,1.0,63.28433974903214,63.28433974903214,63.28433974903214,35.28433974903214,63.28433974903214
16,1496.7760374129837,null: no loss,2,0.137,,,,,
16,1496.7760374129837,"patch 10 %, cover -50 %",2,0.14,,34.22396258701633,26.22396258701633,,36.22396258701633
16,1496.7760374129837,"patch 10 %, cover -100 %",2,0.14,91.22396258701633,26.22396258701633,26.22396258701633,,26.22396258701633
16,1496.7760374129837,"patch 25 %, cover -50 %",5,0.35,84.22396258701633,31.22396258701633,26.22396258701633,26.22396258701633,36.22396258701633
16,1496.7760374129837,"whole stand, cover -10 %",17,1.0,126.22396258701633,,,,
16,1496.7760374129837,"whole stand, cover -20 %",17,1.0,84.22396258701633,91.22396258701633,61.22396258701633,59.22396258701633,84.22396258701633
16,1439.3904987998421,null: no loss,1,0.102,,,,,
16,1439.3904987998421,"patch 10 %, cover -50 %",1,0.102,,61.609501200157865,,,61.609501200157865
16,1439.3904987998421,"patch 10 %, cover -100 %",1,0.102,161.60950120015787,28.609501200157865,,,31.609501200157865
16,1439.3904987998421,"patch 25 %, cover -50 %",3,0.254,161.60950120015787,43.609501200157865,43.609501200157865,176.60950120015787,61.609501200157865
16,1439.3904987998421,"whole stand, cover -10 %",17,1.0,,,,,
16,1439.3904987998421,"whole stand, cover -20 %",17,1.0,91.60950120015787,71.60950120015787,66.60950120015787,61.609501200157865,91.60950120015787
16,1869.6472563681432,null: no loss,2,0.179,176.3527436318568,16.35274363185681,,,176.3527436318568
16,1869.6472563681432,"patch 10 %, cover -50 %",2,0.172,176.3527436318568,16.35274363185681,116.35274363185681,,176.3527436318568
16,1869.6472563681432,"patch 10 %, cover -100 %",2,0.197,56.35274363185681,16.35274363185681,46.35274363185681,,51.35274363185681
16,1869.6472563681432,"patch 25 %, cover -50 %",4,0.32,46.35274363185681,16.35274363185681,,,31.35274363185681
16,1869.6472563681432,"whole stand, cover -10 %",17,1.0,118.35274363185681,16.35274363185681,176.3527436318568,176.3527436318568,176.3527436318568
16,1869.6472563681432,"whole stand, cover -20 %",17,1.0,46.35274363185681,16.35274363185681,,,48.35274363185681
17,2089.6407101338705,null: no loss,2,0.139,,,,,
17,2089.6407101338705,"patch 10 %, cover -50 %",3,0.133,48.35928986612953,36.35928986612953,40.35928986612953,31.35928986612953,36.35928986612953
17,2089.6407101338705,"patch 10 %, cover -100 %",3,0.133,46.35928986612953,21.35928986612953,23.35928986612953,20.35928986612953,21.35928986612953
17,2089.6407101338705,"patch 25 %, cover -50 %",5,0.317,46.35928986612953,31.35928986612953,31.35928986612953,26.35928986612953,36.35928986612953
17,2089.6407101338705,"whole stand, cover -10 %",14,1.0,48.35928986612953,,76.35928986612953,63.35928986612953,56.35928986612953
17,2089.6407101338705,"whole stand, cover -20 %",14,1.0,41.35928986612953,56.35928986612953,48.35928986612953,48.35928986612953,41.35928986612953
17,1743.037169685356,null: no loss,2,0.13,14.962830314643952,52.96283031464395,52.96283031464395,49.96283031464395,19.962830314643952
17,1743.037169685356,"patch 10 %, cover -50 %",3,0.171,14.962830314643952,19.962830314643952,17.962830314643952,17.962830314643952,17.962830314643952
17,1743.037169685356,"patch 10 %, cover -100 %",3,0.162,12.962830314643952,17.962830314643952,14.962830314643952,12.962830314643952,17.962830314643952
17,1743.037169685356,"patch 25 %, cover -50 %",4,0.274,12.962830314643952,19.962830314643952,17.962830314643952,17.962830314643952,17.962830314643952
17,1743.037169685356,"whole stand, cover -10 %",14,1.0,14.962830314643952,52.96283031464395,47.96283031464395,44.96283031464395,17.962830314643952
17,1743.037169685356,"whole stand, cover -20 %",14,1.0,12.962830314643952,34.96283031464395,27.962830314643952,17.962830314643952,17.962830314643952
17,1715.2740075789698,null: no loss,2,0.146,42.72599242103024,80.72599242103024,80.72599242103024,77.72599242103024,47.72599242103024
17,1715.2740075789698,"patch 10 %, cover -50 %",3,0.164,32.72599242103024,27.72599242103024,32.72599242103024,25.72599242103024,30.72599242103024
17,1715.2740075789698,"patch 10 %, cover -100 %",2,0.134,32.72599242103024,17.72599242103024,17.72599242103024,77.72599242103024,17.72599242103024
17,1715.2740075789698,"patch 25 %, cover -50 %",5,0.292,30.72599242103024,27.72599242103024,25.72599242103024,20.72599242103024,30.72599242103024
17,1715.2740075789698,"whole stand, cover -10 %",14,1.0,32.72599242103024,65.72599242103024,47.72599242103024,45.72599242103024,35.72599242103024
17,1715.2740075789698,"whole stand, cover -20 %",14,1.0,17.72599242103024,42.72599242103024,37.72599242103024,32.72599242103024,32.72599242103024
17,1323.9999889574904,null: no loss,2,0.166,,,,,
17,1323.9999889574904,"patch 10 %, cover -50 %",3,0.198,14.000011042509641,32.00001104250964,22.00001104250964,22.00001104250964,32.00001104250964
17,1323.9999889574904,"patch 10 %, cover -100 %",2,0.166,14.000011042509641,12.000011042509641,12.000011042509641,,19.00001104250964
17,1323.9999889574904,"patch 25 %, cover -50 %",4,0.309,14.000011042509641,32.00001104250964,22.00001104250964,14.000011042509641,32.00001104250964
17,1323.9999889574904,"whole stand, cover -10 %",14,1.0,14.000011042509641,82.00001104250964,69.00001104250964,47.00001104250964,69.00001104250964
17,1323.9999889574904,"whole stand, cover -20 %",14,1.0,14.000011042509641,49.00001104250964,42.00001104250964,39.00001104250964,44.00001104250964
17,1564.7573840748569,null: no loss,2,0.172,,,,,
17,1564.7573840748569,"patch 10 %, cover -50 %",2,0.174,33.24261592514313,38.24261592514313,36.24261592514313,,38.24261592514313
17,1564.7573840748569,"patch 10 %, cover -100 %",2,0.183,33.24261592514313,26.242615925143127,26.242615925143127,,26.242615925143127
17,1564.7573840748569,"patch 25 %, cover -50 %",4,0.302,33.24261592514313,36.24261592514313,36.24261592514313,26.242615925143127,36.24261592514313
17,1564.7573840748569,"whole stand, cover -10 %",14,1.0,33.24261592514313,,,,168.24261592514313
17,1564.7573840748569,"whole stand, cover -20 %",14,1.0,33.24261592514313,63.24261592514313,56.24261592514313,36.24261592514313,33.24261592514313
17,1178.6759518057593,null: no loss,2,0.172,,,,,
17,1178.6759518057593,"patch 10 %, cover -50 %",2,0.139,142.32404819424073,67.32404819424073,62.32404819424073,,69.32404819424073
17,1178.6759518057593,"patch 10 %, cover -100 %",2,0.174,77.32404819424073,37.32404819424073,37.32404819424073,,37.32404819424073
17,1178.6759518057593,"patch 25 %, cover -50 %",4,0.261,124.32404819424073,44.32404819424073,47.32404819424073,49.32404819424073,44.32404819424073
17,1178.6759518057593,"whole stand, cover -10 %",14,1.0,142.32404819424073,,147.32404819424073,142.32404819424073,142.32404819424073
17,1178.6759518057593,"whole stand, cover -20 %",14,1.0,49.32404819424073,97.32404819424073,77.32404819424073,77.32404819424073,77.32404819424073
17,1572.1330843798416,null: no loss,1,0.111,,,,,
17,1572.1330843798416,"patch 10 %, cover -50 %",1,0.111,160.86691562015835,30.866915620158352,,,33.86691562015835
17,1572.1330843798416,"patch 10 %, cover -100 %",1,0.111,25.866915620158352,25.866915620158352,,,25.866915620158352
17,1572.1330843798416,"patch 25 %, cover -50 %",3,0.277,25.866915620158352,30.866915620158352,28.866915620158352,18.866915620158352,30.866915620158352
17,1572.1330843798416,"whole stand, cover -10 %",14,1.0,28.866915620158352,,,178.86691562015835,160.86691562015835
17,1572.1330843798416,"whole stand, cover -20 %",14,1.0,25.866915620158352,60.86691562015835,50.86691562015835,48.86691562015835,28.866915620158352
17,993.5055846386477,null: no loss,1,0.103,,,,,
17,993.5055846386477,"patch 10 %, cover -50 %",1,0.103,62.49441536135225,34.49441536135225,,,42.49441536135225
17,993.5055846386477,"patch 10 %, cover -100 %",1,0.103,54.49441536135225,19.494415361352253,,,
17,993.5055846386477,"patch 25 %, cover -50 %",3,0.3,144.49441536135225,34.49441536135225,29.494415361352253,29.494415361352253,
17,993.5055846386477,"whole stand, cover -10 %",14,1.0,54.49441536135225,,,62.49441536135225,62.49441536135225
17,993.5055846386477,"whole stand, cover -20 %",14,1.0,139.49441536135225,32.49441536135225,44.49441536135225,49.49441536135225,
19,1361.9905315865801,null: no loss,1,0.107,,,,,
19,1361.9905315865801,"patch 10 %, cover -50 %",1,0.107,,39.00946841341988,,,39.00946841341988
19,1361.9905315865801,"patch 10 %, cover -100 %",1,0.107,,21.00946841341988,,,26.00946841341988
19,1361.9905315865801,"patch 25 %, cover -50 %",3,0.272,,39.00946841341988,34.00946841341988,34.00946841341988,39.00946841341988
19,1361.9905315865801,"whole stand, cover -10 %",12,1.0,,,,,
19,1361.9905315865801,"whole stand, cover -20 %",12,1.0,41.00946841341988,64.00946841341988,51.00946841341988,46.00946841341988,41.00946841341988
19,1950.9361507072438,null: no loss,2,0.157,65.06384929275623,,,19.06384929275623,65.06384929275623
19,1950.9361507072438,"patch 10 %, cover -50 %",2,0.157,,35.06384929275623,39.06384929275623,19.06384929275623,39.06384929275623
19,1950.9361507072438,"patch 10 %, cover -100 %",2,0.139,,12.063849292756231,12.063849292756231,19.06384929275623,12.063849292756231
19,1950.9361507072438,"patch 25 %, cover -50 %",3,0.254,,35.06384929275623,32.06384929275623,19.06384929275623,15.063849292756231
19,1950.9361507072438,"whole stand, cover -10 %",12,1.0,,75.06384929275623,20.06384929275623,19.06384929275623,15.063849292756231
19,1950.9361507072438,"whole stand, cover -20 %",12,1.0,,65.06384929275623,20.06384929275623,19.06384929275623,12.063849292756231
19,1899.2042480015914,null: no loss,2,0.165,116.7957519984086,,,70.7957519984086,116.7957519984086
19,1899.2042480015914,"patch 10 %, cover -50 %",2,0.157,,33.795751998408605,46.795751998408605,70.7957519984086,
19,1899.2042480015914,"patch 10 %, cover -100 %",2,0.165,,21.795751998408605,,70.7957519984086,
19,1899.2042480015914,"patch 25 %, cover -50 %",4,0.361,,30.795751998408605,,,
19,1899.2042480015914,"whole stand, cover -10 %",12,1.0,,70.7957519984086,63.795751998408605,61.795751998408605,
19,1899.2042480015914,"whole stand, cover -20 %",12,1.0,,63.795751998408605,,,
19,1970.0270151959485,null: no loss,1,0.103,45.97298480405152,,,167.97298480405152,45.97298480405152
19,1970.0270151959485,"patch 10 %, cover -50 %",1,0.103,147.97298480405152,25.97298480405152,,167.97298480405152,39.97298480405152
19,1970.0270151959485,"patch 10 %, cover -100 %",1,0.103,,17.97298480405152,,167.97298480405152,19.97298480405152
19,1970.0270151959485,"patch 25 %, cover -50 %",3,0.272,,22.97298480405152,19.97298480405152,,30.97298480405152
19,1970.0270151959485,"whole stand, cover -10 %",12,1.0,,55.97298480405152,55.97298480405152,45.97298480405152,37.97298480405152
19,1970.0270151959485,"whole stand, cover -20 %",12,1.0,,47.97298480405152,45.97298480405152,37.97298480405152,30.97298480405152
19,1816.4959531872223,null: no loss,1,0.103,,,,153.5040468127777,
19,1816.4959531872223,"patch 10 %, cover -50 %",1,0.103,,,153.5040468127777,153.5040468127777,
19,1816.4959531872223,"patch 10 %, cover -100 %",1,0.103,,,153.5040468127777,153.5040468127777,
19,1816.4959531872223,"patch 25 %, cover -50 %",3,0.336,,,,,
19,1816.4959531872223,"whole stand, cover -10 %",12,1.0,,153.5040468127777,,,
19,1816.4959531872223,"whole stand, cover -20 %",12,1.0,,,,,
19,1655.0005568790953,null: no loss,1,0.115,70.99944312090474,107.99944312090474,95.99944312090474,82.99944312090474,80.99944312090474
19,1655.0005568790953,"patch 10 %, cover -50 %",1,0.115,60.99944312090474,40.99944312090474,95.99944312090474,82.99944312090474,40.99944312090474
19,1655.0005568790953,"patch 10 %, cover -100 %",1,0.115,32.99944312090474,25.999443120904743,95.99944312090474,82.99944312090474,30.999443120904743
19,1655.0005568790953,"patch 25 %, cover -50 %",3,0.311,32.99944312090474,40.99944312090474,40.99944312090474,40.99944312090474,40.99944312090474
19,1655.0005568790953,"whole stand, cover -10 %",12,1.0,32.99944312090474,80.99944312090474,70.99944312090474,70.99944312090474,60.99944312090474
19,1655.0005568790953,"whole stand, cover -20 %",12,1.0,32.99944312090474,60.99944312090474,60.99944312090474,42.99944312090474,32.99944312090474
19,1297.69156271662,null: no loss,2,0.15,,,,,
19,1297.69156271662,"patch 10 %, cover -50 %",2,0.15,68.30843728338004,60.308437283380044,68.30843728338004,,63.308437283380044
19,1297.69156271662,"patch 10 %, cover -100 %",2,0.146,50.308437283380044,23.308437283380044,38.308437283380044,,28.308437283380044
19,1297.69156271662,"patch 25 %, cover -50 %",3,0.253,65.30843728338004,45.308437283380044,45.308437283380044,68.30843728338004,50.308437283380044
19,1297.69156271662,"whole stand, cover -10 %",12,1.0,65.30843728338004,,68.30843728338004,68.30843728338004,65.30843728338004
19,1297.69156271662,"whole stand, cover -20 %",12,1.0,50.308437283380044,65.30843728338004,63.308437283380044,53.308437283380044,50.308437283380044
19,1489.4752887696259,null: no loss,2,0.12,,98.52471123037412,,,
19,1489.4752887696259,"patch 10 %, cover -50 %",2,0.19,68.52471123037412,46.52471123037412,33.52471123037412,48.52471123037412,46.52471123037412
19,1489.4752887696259,"patch 10 %, cover -100 %",2,0.12,46.52471123037412,23.524711230374123,31.524711230374123,,31.524711230374123
19,1489.4752887696259,"patch 25 %, cover -50 %",3,0.293,46.52471123037412,46.52471123037412,33.52471123037412,43.52471123037412,46.52471123037412
19,1489.4752887696259,"whole stand, cover -10 %",12,1.0,68.52471123037412,86.52471123037412,88.52471123037412,68.52471123037412,91.52471123037412
19,1489.4752887696259,"whole stand, cover -20 %",12,1.0,46.52471123037412,48.52471123037412,46.52471123037412,58.52471123037412,46.52471123037412
20,1170.5739427195695,null: no loss,2,0.153,,,,,135.42605728043054
20,1170.5739427195695,"patch 10 %, cover -50 %",2,0.213,,,,135.42605728043054,
20,1170.5739427195695,"patch 10 %, cover -100 %",2,0.227,,,,135.42605728043054,
20,1170.5739427195695,"patch 25 %, cover -50 %",4,0.294,,,,,
20,1170.5739427195695,"whole stand, cover -10 %",13,1.0,,150.42605728043054,,,
20,1170.5739427195695,"whole stand, cover -20 %",13,1.0,,,,,
20,1036.1248110456079,null: no loss,2,0.227,14.875188954392115,69.87518895439212,69.87518895439212,69.87518895439212,66.87518895439212
20,1036.1248110456079,"patch 10 %, cover -50 %",2,0.161,14.875188954392115,41.875188954392115,39.875188954392115,69.87518895439212,19.875188954392115
20,1036.1248110456079,"patch 10 %, cover -100 %",2,0.213,11.875188954392115,19.875188954392115,29.875188954392115,69.87518895439212,14.875188954392115
20,1036.1248110456079,"patch 25 %, cover -50 %",4,0.349,11.875188954392115,29.875188954392115,19.875188954392115,14.875188954392115,19.875188954392115
20,1036.1248110456079,"whole stand, cover -10 %",13,1.0,11.875188954392115,69.87518895439212,69.87518895439212,69.87518895439212,19.875188954392115
20,1036.1248110456079,"whole stand, cover -20 %",13,1.0,11.875188954392115,69.87518895439212,66.87518895439212,19.875188954392115,14.875188954392115
20,1779.2466604555975,null: no loss,2,0.142,,58.75333954440248,41.75333954440248,43.75333954440248,58.75333954440248
20,1779.2466604555975,"patch 10 %, cover -50 %",3,0.178,36.75333954440248,18.75333954440248,41.75333954440248,66.75333954440248,23.75333954440248
20,1779.2466604555975,"patch 10 %, cover -100 %",3,0.131,36.75333954440248,18.75333954440248,41.75333954440248,36.75333954440248,18.75333954440248
20,1779.2466604555975,"patch 25 %, cover -50 %",4,0.289,18.75333954440248,18.75333954440248,21.75333954440248,51.75333954440248,23.75333954440248
20,1779.2466604555975,"whole stand, cover -10 %",13,1.0,18.75333954440248,41.75333954440248,41.75333954440248,43.75333954440248,58.75333954440248
20,1779.2466604555975,"whole stand, cover -20 %",13,1.0,18.75333954440248,18.75333954440248,31.75333954440248,36.75333954440248,36.75333954440248
20,947.5989600386138,null: no loss,1,0.138,103.40103996138623,158.40103996138623,158.40103996138623,158.40103996138623,155.40103996138623
20,947.5989600386138,"patch 10 %, cover -50 %",1,0.138,95.40103996138623,63.40103996138623,158.40103996138623,158.40103996138623,63.40103996138623
20,947.5989600386138,"patch 10 %, cover -100 %",1,0.138,70.40103996138623,38.40103996138623,158.40103996138623,158.40103996138623,40.40103996138623
20,947.5989600386138,"patch 25 %, cover -50 %",3,0.32,60.40103996138623,53.40103996138623,58.40103996138623,58.40103996138623,60.40103996138623
20,947.5989600386138,"whole stand, cover -10 %",13,1.0,78.40103996138623,158.40103996138623,98.40103996138623,98.40103996138623,95.40103996138623
20,947.5989600386138,"whole stand, cover -20 %",13,1.0,58.40103996138623,78.40103996138623,48.40103996138623,48.40103996138623,60.40103996138623
20,1568.6406216577486,null: no loss,2,0.161,,,,,
20,1568.6406216577486,"patch 10 %, cover -50 %",2,0.135,169.35937834225138,52.359378342251375,157.35937834225138,,54.359378342251375
20,1568.6406216577486,"patch 10 %, cover -100 %",2,0.141,157.35937834225138,32.359378342251375,37.359378342251375,,34.359378342251375
20,1568.6406216577486,"patch 25 %, cover -50 %",4,0.294,157.35937834225138,52.359378342251375,37.359378342251375,52.359378342251375,52.359378342251375
20,1568.6406216577486,"whole stand, cover -10 %",13,1.0,162.35937834225138,,,177.35937834225138,177.35937834225138
20,1568.6406216577486,"whole stand, cover -20 %",13,1.0,59.359378342251375,,157.35937834225138,157.35937834225138,157.35937834225138
20,1922.9001412728826,null: no loss,2,0.161,,,,,
20,1922.9001412728826,"patch 10 %, cover -50 %",2,0.141,93.09985872711741,38.09985872711741,105.09985872711741,,38.09985872711741
20,1922.9001412728826,"patch 10 %, cover -100 %",2,0.161,65.09985872711741,40.09985872711741,40.09985872711741,80.09985872711741,43.09985872711741
20,1922.9001412728826,"patch 25 %, cover -50 %",4,0.294,53.09985872711741,38.09985872711741,38.09985872711741,40.09985872711741,38.09985872711741
20,1922.9001412728826,"whole stand, cover -10 %",13,1.0,80.09985872711741,103.09985872711741,103.09985872711741,93.09985872711741,105.09985872711741
20,1922.9001412728826,"whole stand, cover -20 %",13,1.0,53.09985872711741,53.09985872711741,53.09985872711741,53.09985872711741,53.09985872711741
20,1280.7730463267708,null: no loss,2,0.129,,,,,25.226953673229218
20,1280.7730463267708,"patch 10 %, cover -50 %",2,0.147,,35.22695367322922,37.22695367322922,,22.226953673229218
20,1280.7730463267708,"patch 10 %, cover -100 %",2,0.129,,32.22695367322922,22.226953673229218,17.226953673229218,22.226953673229218
20,1280.7730463267708,"patch 25 %, cover -50 %",4,0.289,,35.22695367322922,25.226953673229218,25.226953673229218,22.226953673229218
20,1280.7730463267708,"whole stand, cover -10 %",13,1.0,,55.22695367322922,55.22695367322922,35.22695367322922,22.226953673229218
20,1280.7730463267708,"whole stand, cover -20 %",13,1.0,,40.22695367322922,35.22695367322922,22.226953673229218,17.226953673229218
20,1174.3454493374402,null: no loss,2,0.129,,,,,131.6545506625598
20,1174.3454493374402,"patch 10 %, cover -50 %",2,0.147,,,,,
20,1174.3454493374402,"patch 10 %, cover -100 %",3,0.197,,,,,
20,1174.3454493374402,"patch 25 %, cover -50 %",4,0.289,,,,,
20,1174.3454493374402,"whole stand, cover -10 %",13,1.0,,146.6545506625598,,,
20,1174.3454493374402,"whole stand, cover -20 %",13,1.0,,,,,
21,1295.2985095193885,null: no loss,1,0.184,,,,,
21,1295.2985095193885,"patch 10 %, cover -50 %",1,0.184,160.70149048061148,50.70149048061148,,,57.70149048061148
21,1295.2985095193885,"patch 10 %, cover -100 %",1,0.184,57.70149048061148,27.701490480611483,,,30.701490480611483
21,1295.2985095193885,"patch 25 %, cover -50 %",2,0.355,60.70149048061148,42.70149048061148,40.70149048061148,,47.70149048061148
21,1295.2985095193885,"whole stand, cover -10 %",8,1.0,72.70149048061148,,,,160.70149048061148
21,1295.2985095193885,"whole stand, cover -20 %",8,1.0,60.70149048061148,65.70149048061148,65.70149048061148,67.70149048061148,62.70149048061148
21,2107.223662646398,null: no loss,1,0.171,33.776337353601775,,,,
21,2107.223662646398,"patch 10 %, cover -50 %",1,0.171,33.776337353601775,28.776337353601775,,,33.776337353601775
21,2107.223662646398,"patch 10 %, cover -100 %",1,0.171,33.776337353601775,22.776337353601775,,,22.776337353601775
21,2107.223662646398,"patch 25 %, cover -50 %",2,0.355,33.776337353601775,28.776337353601775,43.776337353601775,,33.776337353601775
21,2107.223662646398,"whole stand, cover -10 %",8,1.0,33.776337353601775,33.776337353601775,42.776337353601775,55.776337353601775,33.776337353601775
21,2107.223662646398,"whole stand, cover -20 %",8,1.0,33.776337353601775,33.776337353601775,38.776337353601775,33.776337353601775,33.776337353601775
21,1191.2936327851633,null: no loss,2,0.204,,,,,
21,1191.2936327851633,"patch 10 %, cover -50 %",2,0.238,134.70636721483675,56.706367214836746,54.706367214836746,,56.706367214836746
21,1191.2936327851633,"patch 10 %, cover -100 %",2,0.204,91.70636721483675,34.706367214836746,34.706367214836746,,34.706367214836746
21,1191.2936327851633,"patch 25 %, cover -50 %",3,0.375,59.706367214836746,56.706367214836746,54.706367214836746,54.706367214836746,56.706367214836746
21,1191.2936327851633,"whole stand, cover -10 %",8,1.0,174.70636721483675,,,,
21,1191.2936327851633,"whole stand, cover -20 %",8,1.0,99.70636721483675,169.70636721483675,99.70636721483675,134.70636721483675,99.70636721483675
21,1992.4978396504418,null: no loss,1,0.176,148.50216034955815,,,,
21,1992.4978396504418,"patch 10 %, cover -50 %",1,0.176,148.50216034955815,23.502160349558153,35.50216034955815,,
21,1992.4978396504418,"patch 10 %, cover -100 %",1,0.176,,10.502160349558153,35.50216034955815,,
21,1992.4978396504418,"patch 25 %, cover -50 %",2,0.36,143.50216034955815,23.502160349558153,35.50216034955815,148.50216034955815,
21,1992.4978396504418,"whole stand, cover -10 %",8,1.0,148.50216034955815,148.50216034955815,145.50216034955815,148.50216034955815,148.50216034955815
21,1992.4978396504418,"whole stand, cover -20 %",8,1.0,,33.50216034955815,130.50216034955815,,133.50216034955815
21,1126.526255658515,null: no loss,2,0.22,,,,,
21,1126.526255658515,"patch 10 %, cover -50 %",3,0.265,,56.47374434148492,56.47374434148492,59.47374434148492,61.47374434148492
21,1126.526255658515,"patch 10 %, cover -100 %",2,0.22,61.47374434148492,36.47374434148492,36.47374434148492,,36.47374434148492
21,1126.526255658515,"patch 25 %, cover -50 %",3,0.405,,64.47374434148492,59.47374434148492,59.47374434148492,69.47374434148492
21,1126.526255658515,"whole stand, cover -10 %",8,1.0,,,,,
21,1126.526255658515,"whole stand, cover -20 %",8,1.0,61.47374434148492,,164.47374434148492,,61.47374434148492
21,1184.585523617328,null: no loss,1,0.184,,,,,
21,1184.585523617328,"patch 10 %, cover -50 %",1,0.184,,61.41447638267209,,,66.41447638267209
21,1184.585523617328,"patch 10 %, cover -100 %",1,0.184,106.41447638267209,31.414476382672092,,,41.41447638267209
21,1184.585523617328,"patch 25 %, cover -50 %",2,0.369,173.4144763826721,61.41447638267209,56.41447638267209,,66.41447638267209
21,1184.585523617328,"whole stand, cover -10 %",8,1.0,,,,,
21,1184.585523617328,"whole stand, cover -20 %",8,1.0,106.41447638267209,176.4144763826721,106.41447638267209,141.4144763826721,106.41447638267209
21,1496.398266482721,null: no loss,1,0.184,,,,,
21,1496.398266482721,"patch 10 %, cover -50 %",1,0.184,131.60173351727894,41.601733517278944,,,41.601733517278944
21,1496.398266482721,"patch 10 %, cover -100 %",1,0.184,51.601733517278944,21.601733517278944,,,21.601733517278944
21,1496.398266482721,"patch 25 %, cover -50 %",2,0.252,101.60173351727894,36.601733517278944,26.601733517278944,,39.601733517278944
21,1496.398266482721,"whole stand, cover -10 %",8,1.0,131.60173351727894,,,,
21,1496.398266482721,"whole stand, cover -20 %",8,1.0,51.601733517278944,51.601733517278944,51.601733517278944,51.601733517278944,51.601733517278944
21,1193.6914662831166,null: no loss,1,0.184,,,,,
21,1193.6914662831166,"patch 10 %, cover -50 %",1,0.184,,64.3085337168834,,,64.3085337168834
21,1193.6914662831166,"patch 10 %, cover -100 %",1,0.184,172.3085337168834,32.3085337168834,,,34.3085337168834
21,1193.6914662831166,"patch 25 %, cover -50 %",2,0.36,159.3085337168834,62.3085337168834,54.3085337168834,,64.3085337168834
21,1193.6914662831166,"whole stand, cover -10 %",8,1.0,172.3085337168834,,,,
21,1193.6914662831166,"whole stand, cover -20 %",8,1.0,97.3085337168834,167.3085337168834,97.3085337168834,132.3085337168834,97.3085337168834
22,1048.9599459887381,null: no loss,2,0.195,,,,,
22,1048.9599459887381,"patch 10 %, cover -50 %",2,0.188,,67.04005401126187,67.04005401126187,,67.04005401126187
22,1048.9599459887381,"patch 10 %, cover -100 %",2,0.207,67.04005401126187,17.040054011261873,24.040054011261873,,22.040054011261873
22,1048.9599459887381,"patch 25 %, cover -50 %",3,0.337,67.04005401126187,47.04005401126187,62.04005401126187,67.04005401126187,47.04005401126187
22,1048.9599459887381,"whole stand, cover -10 %",9,1.0,,,,,
22,1048.9599459887381,"whole stand, cover -20 %",9,1.0,67.04005401126187,67.04005401126187,79.04005401126187,79.04005401126187,67.04005401126187
22,1699.5375025318594,null: no loss,2,0.236,88.46249746814055,121.46249746814055,121.46249746814055,111.46249746814055,106.46249746814055
22,1699.5375025318594,"patch 10 %, cover -50 %",2,0.236,58.462497468140555,38.462497468140555,41.462497468140555,106.46249746814055,43.462497468140555
22,1699.5375025318594,"patch 10 %, cover -100 %",2,0.236,36.462497468140555,31.462497468140555,31.462497468140555,106.46249746814055,31.462497468140555
22,1699.5375025318594,"patch 25 %, cover -50 %",2,0.255,51.462497468140555,36.462497468140555,41.462497468140555,106.46249746814055,38.462497468140555
22,1699.5375025318594,"whole stand, cover -10 %",9,1.0,56.462497468140555,93.46249746814055,66.46249746814055,63.462497468140555,58.462497468140555
22,1699.5375025318594,"whole stand, cover -20 %",9,1.0,36.462497468140555,58.462497468140555,58.462497468140555,51.462497468140555,36.462497468140555
22,1689.8942499024104,null: no loss,1,0.161,98.10575009758963,131.10575009758963,131.10575009758963,121.10575009758963,116.10575009758963
22,1689.8942499024104,"patch 10 %, cover -50 %",1,0.161,61.105750097589635,41.105750097589635,121.10575009758963,121.10575009758963,41.105750097589635
22,1689.8942499024104,"patch 10 %, cover -100 %",1,0.161,46.105750097589635,21.105750097589635,121.10575009758963,121.10575009758963,21.105750097589635
22,1689.8942499024104,"patch 25 %, cover -50 %",3,0.371,43.105750097589635,41.105750097589635,41.105750097589635,43.105750097589635,41.105750097589635
22,1689.8942499024104,"whole stand, cover -10 %",9,1.0,61.105750097589635,103.10575009758963,76.10575009758963,73.10575009758963,68.10575009758963
22,1689.8942499024104,"whole stand, cover -20 %",9,1.0,46.105750097589635,66.10575009758963,61.105750097589635,48.105750097589635,46.105750097589635
22,1684.75424308483,null: no loss,1,0.143,103.24575691516998,136.24575691516998,136.24575691516998,126.24575691516998,121.24575691516998
22,1684.75424308483,"patch 10 %, cover -50 %",1,0.143,76.24575691516998,48.24575691516998,126.24575691516998,126.24575691516998,51.24575691516998
22,1684.75424308483,"patch 10 %, cover -100 %",1,0.143,51.24575691516998,26.245756915169977,126.24575691516998,126.24575691516998,26.245756915169977
22,1684.75424308483,"patch 25 %, cover -50 %",3,0.28,51.24575691516998,46.24575691516998,46.24575691516998,48.24575691516998,48.24575691516998
22,1684.75424308483,"whole stand, cover -10 %",9,1.0,51.24575691516998,108.24575691516998,81.24575691516998,78.24575691516998,71.24575691516998
22,1684.75424308483,"whole stand, cover -20 %",9,1.0,46.24575691516998,71.24575691516998,56.24575691516998,51.24575691516998,51.24575691516998
22,1594.7180644491768,null: no loss,1,0.161,,,,,
22,1594.7180644491768,"patch 10 %, cover -50 %",1,0.161,141.28193555082316,41.281935550823164,,,41.281935550823164
22,1594.7180644491768,"patch 10 %, cover -100 %",1,0.161,61.281935550823164,26.281935550823164,,,26.281935550823164
22,1594.7180644491768,"patch 25 %, cover -50 %",2,0.294,83.28193555082316,41.281935550823164,36.281935550823164,,41.281935550823164
22,1594.7180644491768,"whole stand, cover -10 %",9,1.0,111.28193555082316,,,168.28193555082316,111.28193555082316
22,1594.7180644491768,"whole stand, cover -20 %",9,1.0,73.28193555082316,111.28193555082316,111.28193555082316,111.28193555082316,78.28193555082316
22,1752.6384176396375,null: no loss,2,0.228,35.36158236036249,68.36158236036249,68.36158236036249,58.36158236036249,53.36158236036249
22,1752.6384176396375,"patch 10 %, cover -50 %",2,0.114,28.36158236036249,25.36158236036249,28.36158236036249,53.36158236036249,30.36158236036249
22,1752.6384176396375,"patch 10 %, cover -100 %",2,0.199,25.36158236036249,18.36158236036249,15.36158236036249,58.36158236036249,18.36158236036249
22,1752.6384176396375,"patch 25 %, cover -50 %",3,0.36,25.36158236036249,25.36158236036249,23.36158236036249,23.36158236036249,28.36158236036249
22,1752.6384176396375,"whole stand, cover -10 %",9,1.0,28.36158236036249,55.36158236036249,48.36158236036249,38.36158236036249,28.36158236036249
22,1752.6384176396375,"whole stand, cover -20 %",9,1.0,25.36158236036249,38.36158236036249,35.36158236036249,30.36158236036249,28.36158236036249
22,1270.9815832194272,null: no loss,1,0.15,95.0184167805728,,,,
22,1270.9815832194272,"patch 10 %, cover -50 %",1,0.15,57.01841678057281,45.01841678057281,,,45.01841678057281
22,1270.9815832194272,"patch 10 %, cover -100 %",1,0.15,52.01841678057281,22.018416780572807,,,22.018416780572807
22,1270.9815832194272,"patch 25 %, cover -50 %",2,0.312,52.01841678057281,27.018416780572807,25.018416780572807,,45.01841678057281
22,1270.9815832194272,"whole stand, cover -10 %",9,1.0,55.01841678057281,,92.0184167805728,75.0184167805728,57.01841678057281
22,1270.9815832194272,"whole stand, cover -20 %",9,1.0,50.01841678057281,57.01841678057281,55.01841678057281,52.01841678057281,52.01841678057281
22,1271.1711752607616,null: no loss,1,0.143,94.82882473923837,,,,
22,1271.1711752607616,"patch 10 %, cover -50 %",1,0.143,59.82882473923837,51.82882473923837,,,54.82882473923837
22,1271.1711752607616,"patch 10 %, cover -100 %",1,0.143,54.82882473923837,24.82882473923837,,,24.82882473923837
22,1271.1711752607616,"patch 25 %, cover -50 %",3,0.397,49.82882473923837,31.82882473923837,49.82882473923837,51.82882473923837,44.82882473923837
22,1271.1711752607616,"whole stand, cover -10 %",9,1.0,54.82882473923837,,91.82882473923837,74.82882473923837,56.82882473923837
22,1271.1711752607616,"whole stand, cover -20 %",9,1.0,49.82882473923837,56.82882473923837,54.82882473923837,51.82882473923837,51.82882473923837
23,1207.5231579362667,null: no loss,2,0.257,,,,,
23,1207.5231579362667,"patch 10 %, cover -50 %",2,0.136,158.47684206373333,48.47684206373333,53.47684206373333,,48.47684206373333
23,1207.5231579362667,"patch 10 %, cover -100 %",2,0.164,115.47684206373333,35.47684206373333,35.47684206373333,,35.47684206373333
23,1207.5231579362667,"patch 25 %, cover -50 %",2,0.257,115.47684206373333,63.47684206373333,53.47684206373333,,63.47684206373333
23,1207.5231579362667,"whole stand, cover -10 %",10,1.0,155.47684206373333,,,158.47684206373333,158.47684206373333
23,1207.5231579362667,"whole stand, cover -20 %",10,1.0,78.47684206373333,115.47684206373333,115.47684206373333,115.47684206373333,115.47684206373333
23,1547.7520050260598,null: no loss,1,0.174,,,,,
23,1547.7520050260598,"patch 10 %, cover -50 %",1,0.174,,43.247994973940195,,,53.247994973940195
23,1547.7520050260598,"patch 10 %, cover -100 %",1,0.174,40.247994973940195,30.247994973940195,,,30.247994973940195
23,1547.7520050260598,"patch 25 %, cover -50 %",2,0.26,40.247994973940195,43.247994973940195,40.247994973940195,,43.247994973940195
23,1547.7520050260598,"whole stand, cover -10 %",10,1.0,40.247994973940195,,,,
23,1547.7520050260598,"whole stand, cover -20 %",10,1.0,40.247994973940195,,80.2479949739402,75.2479949739402,40.247994973940195
23,2058.9618055935466,null: no loss,2,0.14,69.03819440645339,107.03819440645339,,107.03819440645339,69.03819440645339
23,2058.9618055935466,"patch 10 %, cover -50 %",2,0.14,59.038194406453385,42.038194406453385,29.038194406453385,107.03819440645339,52.038194406453385
23,2058.9618055935466,"patch 10 %, cover -100 %",2,0.264,,27.038194406453385,24.038194406453385,79.03819440645339,14.038194406453385
23,2058.9618055935466,"patch 25 %, cover -50 %",4,0.301,,7.0381944064533855,29.038194406453385,,49.038194406453385
23,2058.9618055935466,"whole stand, cover -10 %",10,1.0,57.038194406453385,107.03819440645339,77.03819440645339,77.03819440645339,59.038194406453385
23,2058.9618055935466,"whole stand, cover -20 %",10,1.0,,67.03819440645339,59.038194406453385,,14.038194406453385
23,2264.4213865406987,null: no loss,1,0.183,,,,,
23,2264.4213865406987,"patch 10 %, cover -50 %",1,0.183,,48.57861345930132,,,63.57861345930132
23,2264.4213865406987,"patch 10 %, cover -100 %",1,0.183,66.57861345930132,43.57861345930132,,,43.57861345930132
23,2264.4213865406987,"patch 25 %, cover -50 %",2,0.283,138.57861345930132,48.57861345930132,48.57861345930132,,55.57861345930132
23,2264.4213865406987,"whole stand, cover -10 %",10,1.0,,,,,
23,2264.4213865406987,"whole stand, cover -20 %",10,1.0,68.57861345930132,,,,138.57861345930132
23,1213.858700483536,null: no loss,1,0.183,,,,,
23,1213.858700483536,"patch 10 %, cover -50 %",1,0.183,109.14129951646396,57.14129951646396,,,62.14129951646396
23,1213.858700483536,"patch 10 %, cover -100 %",1,0.183,69.14129951646396,29.14129951646396,,,32.14129951646396
23,1213.858700483536,"patch 25 %, cover -50 %",3,0.318,72.14129951646396,42.14129951646396,57.14129951646396,57.14129951646396,59.14129951646396
23,1213.858700483536,"whole stand, cover -10 %",10,1.0,149.14129951646396,,,152.14129951646396,152.14129951646396
23,1213.858700483536,"whole stand, cover -20 %",10,1.0,72.14129951646396,109.14129951646396,109.14129951646396,109.14129951646396,109.14129951646396
23,2081.817233088972,null: no loss,2,0.236,46.18276691102801,84.18276691102801,,84.18276691102801,46.18276691102801
23,2081.817233088972,"patch 10 %, cover -50 %",2,0.136,44.18276691102801,34.18276691102801,31.18276691102801,56.18276691102801,39.18276691102801
23,2081.817233088972,"patch 10 %, cover -100 %",2,0.136,36.18276691102801,19.18276691102801,19.18276691102801,56.18276691102801,24.18276691102801
23,2081.817233088972,"patch 25 %, cover -50 %",4,0.393,34.18276691102801,34.18276691102801,31.18276691102801,19.18276691102801,34.18276691102801
23,2081.817233088972,"whole stand, cover -10 %",10,1.0,36.18276691102801,84.18276691102801,56.18276691102801,54.18276691102801,46.18276691102801
23,2081.817233088972,"whole stand, cover -20 %",10,1.0,34.18276691102801,54.18276691102801,48.18276691102801,48.18276691102801,36.18276691102801
23,1090.6607037155625,null: no loss,1,0.183,,,,,
23,1090.6607037155625,"patch 10 %, cover -50 %",1,0.183,47.33929628443752,42.33929628443752,,,42.33929628443752
23,1090.6607037155625,"patch 10 %, cover -100 %",1,0.183,42.33929628443752,37.33929628443752,,,37.33929628443752
23,1090.6607037155625,"patch 25 %, cover -50 %",2,0.357,42.33929628443752,42.33929628443752,42.33929628443752,,42.33929628443752
23,1090.6607037155625,"whole stand, cover -10 %",10,1.0,95.33929628443752,,,,95.33929628443752
23,1090.6607037155625,"whole stand, cover -20 %",10,1.0,42.33929628443752,,,,42.33929628443752
23,1326.9583924140688,null: no loss,1,0.174,,,,,
23,1326.9583924140688,"patch 10 %, cover -50 %",1,0.174,,46.04160758593116,,,49.04160758593116
23,1326.9583924140688,"patch 10 %, cover -100 %",1,0.174,39.04160758593116,34.04160758593116,,,34.04160758593116
23,1326.9583924140688,"patch 25 %, cover -50 %",3,0.31,36.04160758593116,36.04160758593116,36.04160758593116,34.04160758593116,36.04160758593116
23,1326.9583924140688,"whole stand, cover -10 %",10,1.0,39.04160758593116,,,,119.04160758593116
23,1326.9583924140688,"whole stand, cover -20 %",10,1.0,36.04160758593116,66.04160758593116,39.04160758593116,39.04160758593116,36.04160758593116
24,1805.06099985023,null: no loss,1,0.225,,,,,
24,1805.06099985023,"patch 10 %, cover -50 %",1,0.225,165.93900014976998,,,,
24,1805.06099985023,"patch 10 %, cover -100 %",1,0.225,62.93900014976998,45.93900014976998,,,45.93900014976998
24,1805.06099985023,"patch 25 %, cover -50 %",2,0.4,62.93900014976998,,,,62.93900014976998
24,1805.06099985023,"whole stand, cover -10 %",7,1.0,,80.93900014976998,,,
24,1805.06099985023,"whole stand, cover -20 %",7,1.0,62.93900014976998,80.93900014976998,,,62.93900014976998
24,998.792408674024,null: no loss,1,0.225,29.207591325975955,,,,
24,998.792408674024,"patch 10 %, cover -50 %",1,0.225,29.207591325975955,72.20759132597595,,,
24,998.792408674024,"patch 10 %, cover -100 %",1,0.225,29.207591325975955,,,,
24,998.792408674024,"patch 25 %, cover -50 %",2,0.325,29.207591325975955,,,,
24,998.792408674024,"whole stand, cover -10 %",7,1.0,29.207591325975955,,,67.20759132597595,
24,998.792408674024,"whole stand, cover -20 %",7,1.0,29.207591325975955,54.207591325975955,52.207591325975955,39.207591325975955,
24,1258.2964945633396,null: no loss,1,0.101,172.7035054366604,,167.7035054366604,,172.7035054366604
24,1258.2964945633396,"patch 10 %, cover -50 %",1,0.101,164.7035054366604,59.70350543666041,149.7035054366604,167.7035054366604,59.70350543666041
24,1258.2964945633396,"patch 10 %, cover -100 %",1,0.101,147.7035054366604,27.703505436660407,149.7035054366604,167.7035054366604,32.70350543666041
24,1258.2964945633396,"patch 25 %, cover -50 %",3,0.346,117.70350543666041,59.70350543666041,57.70350543666041,59.70350543666041,59.70350543666041
24,1258.2964945633396,"whole stand, cover -10 %",7,1.0,149.7035054366604,164.7035054366604,159.7035054366604,,164.7035054366604
24,1258.2964945633396,"whole stand, cover -20 %",7,1.0,117.70350543666041,149.7035054366604,117.70350543666041,137.7035054366604,142.7035054366604
24,1430.3343430412774,null: no loss,1,0.1,0.6656569587225931,,,,0.6656569587225931
24,1430.3343430412774,"patch 10 %, cover -50 %",1,0.1,0.6656569587225931,35.66565695872259,,,0.6656569587225931
24,1430.3343430412774,"patch 10 %, cover -100 %",1,0.1,0.6656569587225931,12.665656958722593,,,0.6656569587225931
24,1430.3343430412774,"patch 25 %, cover -50 %",2,0.325,0.6656569587225931,35.66565695872259,37.66565695872259,,0.6656569587225931
24,1430.3343430412774,"whole stand, cover -10 %",7,1.0,0.6656569587225931,,,,0.6656569587225931
24,1430.3343430412774,"whole stand, cover -20 %",7,1.0,0.6656569587225931,87.6656569587226,42.66565695872259,82.6656569587226,0.6656569587225931
24,1784.6325112218842,null: no loss,2,0.258,,,,,
24,1784.6325112218842,"patch 10 %, cover -50 %",2,0.309,83.36748877811578,56.367488778115785,66.36748877811578,,56.367488778115785
24,1784.6325112218842,"patch 10 %, cover -100 %",2,0.258,51.367488778115785,71.36748877811578,71.36748877811578,,51.367488778115785
24,1784.6325112218842,"patch 25 %, cover -50 %",2,0.254,,56.367488778115785,,,56.367488778115785
24,1784.6325112218842,"whole stand, cover -10 %",7,1.0,,101.36748877811578,,,
24,1784.6325112218842,"whole stand, cover -20 %",7,1.0,51.367488778115785,101.36748877811578,76.36748877811578,,83.36748877811578
24,961.2138505135841,null: no loss,1,0.101,66.78614948641587,11.786149486415866,11.786149486415866,,19.786149486415866
24,961.2138505135841,"patch 10 %, cover -50 %",1,0.101,66.78614948641587,11.786149486415866,11.786149486415866,,19.786149486415866
24,961.2138505135841,"patch 10 %, cover -100 %",1,0.101,64.78614948641587,11.786149486415866,11.786149486415866,,19.786149486415866
24,961.2138505135841,"patch 25 %, cover -50 %",3,0.346,56.786149486415866,11.786149486415866,11.786149486415866,39.786149486415866,19.786149486415866
24,961.2138505135841,"whole stand, cover -10 %",7,1.0,64.78614948641587,11.786149486415866,11.786149486415866,76.78614948641587,16.786149486415866
24,961.2138505135841,"whole stand, cover -20 %",7,1.0,56.786149486415866,11.786149486415866,11.786149486415866,64.78614948641587,16.786149486415866
24,969.5464829718466,null: no loss,1,0.1,58.45351702815344,3.453517028153442,3.453517028153442,,11.453517028153442
24,969.5464829718466,"patch 10 %, cover -50 %",1,0.1,58.45351702815344,3.453517028153442,3.453517028153442,41.45351702815344,11.453517028153442
24,969.5464829718466,"patch 10 %, cover -100 %",1,0.1,58.45351702815344,3.453517028153442,3.453517028153442,31.453517028153442,11.453517028153442
24,969.5464829718466,"patch 25 %, cover -50 %",3,0.426,48.45351702815344,3.453517028153442,3.453517028153442,41.45351702815344,11.453517028153442
24,969.5464829718466,"whole stand, cover -10 %",7,1.0,58.45351702815344,3.453517028153442,3.453517028153442,68.45351702815344,8.453517028153442
24,969.5464829718466,"whole stand, cover -20 %",7,1.0,48.45351702815344,3.453517028153442,3.453517028153442,56.45351702815344,8.453517028153442
24,2171.8437449065286,null: no loss,1,0.145,106.15625509347137,,,,106.15625509347137
24,2171.8437449065286,"patch 10 %, cover -50 %",1,0.145,106.15625509347137,54.15625509347137,,116.15625509347137,54.15625509347137
24,2171.8437449065286,"patch 10 %, cover -100 %",1,0.145,59.15625509347137,31.156255093471373,,116.15625509347137,51.15625509347137
24,2171.8437449065286,"patch 25 %, cover -50 %",2,0.32,54.15625509347137,54.15625509347137,54.15625509347137,116.15625509347137,54.15625509347137
24,2171.8437449065286,"whole stand, cover -10 %",7,1.0,64.15625509347137,116.15625509347137,116.15625509347137,,106.15625509347137
24,2171.8437449065286,"whole stand, cover -20 %",7,1.0,54.15625509347137,54.15625509347137,116.15625509347137,116.15625509347137,54.15625509347137
25,1861.1896503873163,null: no loss,1,0.137,,,,,
25,1861.1896503873163,"patch 10 %, cover -50 %",1,0.137,,,,,
25,1861.1896503873163,"patch 10 %, cover -100 %",1,0.137,,,,,
25,1861.1896503873163,"patch 25 %, cover -50 %",2,0.315,,,,,
25,1861.1896503873163,"whole stand, cover -10 %",7,1.0,,,,,
25,1861.1896503873163,"whole stand, cover -20 %",7,1.0,,,,,
25,1395.7031996772962,null: no loss,1,0.137,60.2968003227038,,,,
25,1395.7031996772962,"patch 10 %, cover -50 %",1,0.137,60.2968003227038,35.2968003227038,,,37.2968003227038
25,1395.7031996772962,"patch 10 %, cover -100 %",1,0.137,52.2968003227038,32.2968003227038,,,32.2968003227038
25,1395.7031996772962,"patch 25 %, cover -50 %",2,0.284,52.2968003227038,35.2968003227038,35.2968003227038,,35.2968003227038
25,1395.7031996772962,"whole stand, cover -10 %",7,1.0,52.2968003227038,70.2968003227038,65.2968003227038,60.2968003227038,60.2968003227038
25,1395.7031996772962,"whole stand, cover -20 %",7,1.0,35.2968003227038,55.2968003227038,55.2968003227038,52.2968003227038,52.2968003227038
25,1813.0979512558267,null: no loss,1,0.178,,7.902048744173271,,,
25,1813.0979512558267,"patch 10 %, cover -50 %",1,0.178,,7.902048744173271,,,
25,1813.0979512558267,"patch 10 %, cover -100 %",1,0.178,,7.902048744173271,,,
25,1813.0979512558267,"patch 25 %, cover -50 %",2,0.315,,7.902048744173271,,,
25,1813.0979512558267,"whole stand, cover -10 %",7,1.0,,7.902048744173271,,,
25,1813.0979512558267,"whole stand, cover -20 %",7,1.0,,7.902048744173271,,,
25,957.0846542855797,null: no loss,1,0.179,,,,,
25,957.0846542855797,"patch 10 %, cover -50 %",1,0.179,,40.915345714420255,,,45.915345714420255
25,957.0846542855797,"patch 10 %, cover -100 %",1,0.179,40.915345714420255,25.915345714420255,,,28.915345714420255
25,957.0846542855797,"patch 25 %, cover -50 %",2,0.367,40.915345714420255,35.915345714420255,33.915345714420255,,40.915345714420255
25,957.0846542855797,"whole stand, cover -10 %",7,1.0,93.91534571442025,,,,
25,957.0846542855797,"whole stand, cover -20 %",7,1.0,35.915345714420255,,83.91534571442025,83.91534571442025,40.915345714420255
25,1920.3269188545755,null: no loss,2,0.25,,,,,
25,1920.3269188545755,"patch 10 %, cover -50 %",2,0.209,,,,,
25,1920.3269188545755,"patch 10 %, cover -100 %",2,0.219,,,,,
25,1920.3269188545755,"patch 25 %, cover -50 %",2,0.25,,,,,
25,1920.3269188545755,"whole stand, cover -10 %",7,1.0,,,,,
25,1920.3269188545755,"whole stand, cover -20 %",7,1.0,,,,,
25,1086.67644787982,null: no loss,1,0.137,,,,,
25,1086.67644787982,"patch 10 %, cover -50 %",1,0.137,,46.32355212018001,,,51.32355212018001
25,1086.67644787982,"patch 10 %, cover -100 %",1,0.137,,39.32355212018001,,,41.32355212018001
25,1086.67644787982,"patch 25 %, cover -50 %",2,0.284,,46.32355212018001,46.32355212018001,,46.32355212018001
25,1086.67644787982,"whole stand, cover -10 %",7,1.0,,,,,
25,1086.67644787982,"whole stand, cover -20 %",7,1.0,46.32355212018001,,,,46.32355212018001
25,2254.218045568883,null: no loss,2,0.209,,,,,
25,2254.218045568883,"patch 10 %, cover -50 %",2,0.209,,,,,
25,2254.218045568883,"patch 10 %, cover -100 %",2,0.209,,56.7819544311169,,,56.7819544311169
25,2254.218045568883,"patch 25 %, cover -50 %",2,0.25,,,,,
25,2254.218045568883,"whole stand, cover -10 %",7,1.0,,,,,
25,2254.218045568883,"whole stand, cover -20 %",7,1.0,,,,,
25,1277.1071665292188,null: no loss,1,0.137,83.89283347078117,,,,88.89283347078117
25,1277.1071665292188,"patch 10 %, cover -50 %",1,0.137,68.89283347078117,43.89283347078117,,,48.89283347078117
25,1277.1071665292188,"patch 10 %, cover -100 %",1,0.137,45.89283347078117,28.89283347078117,,,30.89283347078117
25,1277.1071665292188,"patch 25 %, cover -50 %",2,0.315,45.89283347078117,40.89283347078117,40.89283347078117,,43.89283347078117
25,1277.1071665292188,"whole stand, cover -10 %",7,1.0,65.89283347078117,,83.89283347078117,83.89283347078117,68.89283347078117
25,1277.1071665292188,"whole stand, cover -20 %",7,1.0,45.89283347078117,83.89283347078117,68.89283347078117,63.89283347078117,45.89283347078117
