{"type": "FeatureCollection", "features": [{"type": "Feature", "properties": {"stand": "ADN9"}, "geometry": {"type": "Polygon", "coordinates": [[[54.57758333333333, 24.65], [54.57758333333333, 24.649833333333333], [54.577666666666666, 24.649833333333333], [54.577666666666666, 24.649749999999997], [54.57758333333333, 24.649749999999997], [54.57758333333333, 24.649583333333332], [54.5775, 24.649583333333332], [54.5775, 24.649416666666664], [54.57733333333333, 24.649416666666664], [54.57733333333333, 24.64933333333333], [54.57725, 24.64933333333333], [54.57725, 24.64925], [54.57716666666666, 24.64925], [54.57716666666666, 24.649166666666666], [54.577083333333334, 24.649166666666666], [54.577083333333334, 24.649083333333333], [54.577, 24.649083333333333], [54.577, 24.648999999999997], [54.57683333333333, 24.648999999999997], [54.57683333333333, 24.649083333333333], [54.57675, 24.649083333333333], [54.57675, 24.648999999999997], [54.57658333333333, 24.648999999999997], [54.57658333333333, 24.648916666666665], [54.57641666666667, 24.648916666666665], [54.57641666666667, 24.64875], [54.57633333333333, 24.64875], [54.57633333333333, 24.648666666666664], [54.576166666666666, 24.648666666666664], [54.576166666666666, 24.64875], [54.57608333333333, 24.64875], [54.57608333333333, 24.648666666666664], [54.57566666666666, 24.648666666666664], [54.57566666666666, 24.648333333333333], [54.575583333333334, 24.648333333333333], [54.575583333333334, 24.648166666666665], [54.57566666666666, 24.648166666666665], [54.57566666666666, 24.647916666666664], [54.57583333333333, 24.647916666666664], [54.57583333333333, 24.647416666666665], [54.575916666666664, 24.647416666666665], [54.575916666666664, 24.647333333333332], [54.57583333333333, 24.647333333333332], [54.57583333333333, 24.647166666666664], [54.57575, 24.647166666666664], [54.57575, 24.64708333333333], [54.57583333333333, 24.64708333333333], [54.57583333333333, 24.646916666666666], [54.57575, 24.646916666666666], [54.57575, 24.646833333333333], [54.57566666666666, 24.646833333333333], [54.57566666666666, 24.646749999999997], [54.57575, 24.646749999999997], [54.57575, 24.6465], [54.57566666666666, 24.6465], [54.57566666666666, 24.64633333333333], [54.575583333333334, 24.64633333333333], [54.575583333333334, 24.64625], [54.57541666666666, 24.64625], [54.57541666666666, 24.646083333333333], [54.57533333333333, 24.646083333333333], [54.57533333333333, 24.645999999999997], [54.57525, 24.645999999999997], [54.57525, 24.645916666666665], [54.57516666666667, 24.645916666666665], [54.57516666666667, 24.64575], [54.57508333333333, 24.64575], [54.57508333333333, 24.645666666666664], [54.57483333333333, 24.645666666666664], [54.57483333333333, 24.64558333333333], [54.57491666666667, 24.64558333333333], [54.57491666666667, 24.6455], [54.57483333333333, 24.6455], [54.57483333333333, 24.645416666666666], [54.574749999999995, 24.645416666666666], [54.574749999999995, 24.645333333333333], [54.574666666666666, 24.645333333333333], [54.574666666666666, 24.645249999999997], [54.57458333333333, 24.645249999999997], [54.57458333333333, 24.645166666666665], [54.5745, 24.645166666666665], [54.5745, 24.645083333333332], [54.574416666666664, 24.645083333333332], [54.574416666666664, 24.645], [54.57433333333333, 24.645], [54.57433333333333, 24.644916666666663], [54.57425, 24.644916666666663], [54.57425, 24.645], [54.57416666666666, 24.645], [54.57416666666666, 24.644916666666663], [54.574083333333334, 24.644916666666663], [54.574083333333334, 24.645], [54.574, 24.645], [54.574, 24.64483333333333], [54.57391666666666, 24.64483333333333], [54.57391666666666, 24.64475], [54.57383333333333, 24.64475], [54.57383333333333, 24.644666666666666], [54.57375, 24.644666666666666], [54.57375, 24.644583333333333], [54.57366666666667, 24.644583333333333], [54.57366666666667, 24.644416666666665], [54.57358333333333, 24.644416666666665], [54.57358333333333, 24.64408333333333], [54.573499999999996, 24.64408333333333], [54.573499999999996, 24.644], [54.57358333333333, 24.644], [54.57358333333333, 24.643916666666666], [54.57366666666667, 24.643916666666666], [54.57366666666667, 24.643749999999997], [54.57375, 24.643749999999997], [54.57375, 24.643666666666665], [54.57391666666666, 24.643666666666665], [54.57391666666666, 24.643749999999997], [54.574, 24.643749999999997], [54.574, 24.643916666666666], [54.574083333333334, 24.643916666666666], [54.574083333333334, 24.644], [54.57433333333333, 24.644], [54.57433333333333, 24.64408333333333], [54.574416666666664, 24.64408333333333], [54.574416666666664, 24.644166666666667], [54.57458333333333, 24.644166666666667], [54.57458333333333, 24.64425], [54.57483333333333, 24.64425], [54.57483333333333, 24.644333333333332], [54.57491666666667, 24.644333333333332], [54.57491666666667, 24.644416666666665], [54.57533333333333, 24.644416666666665], [54.57533333333333, 24.644499999999997], [54.575583333333334, 24.644499999999997], [54.575583333333334, 24.644666666666666], [54.57575, 24.644666666666666], [54.57575, 24.64475], [54.57633333333333, 24.64475], [54.57633333333333, 24.64483333333333], [54.57666666666667, 24.64483333333333], [54.57666666666667, 24.644916666666663], [54.57683333333333, 24.644916666666663], [54.57683333333333, 24.645], [54.577083333333334, 24.645], [54.577083333333334, 24.645083333333332], [54.57716666666666, 24.645083333333332], [54.57716666666666, 24.645166666666665], [54.57725, 24.645166666666665], [54.57725, 24.645333333333333], [54.57733333333333, 24.645333333333333], [54.57733333333333, 24.64575], [54.577416666666664, 24.64575], [54.577416666666664, 24.6465], [54.5775, 24.6465], [54.5775, 24.647166666666664], [54.577666666666666, 24.647166666666664], [54.577666666666666, 24.646833333333333], [54.57783333333333, 24.646833333333333], [54.57783333333333, 24.6465], [54.57791666666667, 24.6465], [54.57791666666667, 24.645999999999997], [54.57783333333333, 24.645999999999997], [54.57783333333333, 24.64575], [54.577749999999995, 24.64575], [54.577749999999995, 24.64558333333333], [54.577666666666666, 24.64558333333333], [54.577666666666666, 24.6455], [54.57758333333333, 24.6455], [54.57758333333333, 24.645416666666666], [54.5775, 24.645416666666666], [54.5775, 24.645166666666665], [54.577416666666664, 24.645166666666665], [54.577416666666664, 24.64475], [54.57808333333333, 24.64475], [54.57808333333333, 24.64483333333333], [54.57841666666666, 24.64483333333333], [54.57841666666666, 24.644916666666663], [54.57883333333333, 24.644916666666663], [54.57883333333333, 24.64483333333333], [54.57875, 24.64483333333333], [54.57875, 24.644666666666666], [54.578916666666665, 24.644666666666666], [54.578916666666665, 24.644583333333333], [54.579, 24.644583333333333], [54.579, 24.644416666666665], [54.579249999999995, 24.644416666666665], [54.579249999999995, 24.644333333333332], [54.57933333333333, 24.644333333333332], [54.57933333333333, 24.644416666666665], [54.57966666666667, 24.644416666666665], [54.57966666666667, 24.644499999999997], [54.57958333333333, 24.644499999999997], [54.57958333333333, 24.644583333333333], [54.57966666666667, 24.644583333333333], [54.57966666666667, 24.644666666666666], [54.58025, 24.644666666666666], [54.58025, 24.64475], [54.58033333333333, 24.64475], [54.58033333333333, 24.644916666666663], [54.580416666666665, 24.644916666666663], [54.580416666666665, 24.645], [54.5805, 24.645], [54.5805, 24.645083333333332], [54.580749999999995, 24.645083333333332], [54.580749999999995, 24.645166666666665], [54.580999999999996, 24.645166666666665], [54.580999999999996, 24.645249999999997], [54.58116666666667, 24.645249999999997], [54.58116666666667, 24.645333333333333], [54.58141666666666, 24.645333333333333], [54.58141666666666, 24.645416666666666], [54.5815, 24.645416666666666], [54.5815, 24.6455], [54.581583333333334, 24.6455], [54.581583333333334, 24.64558333333333], [54.58166666666666, 24.64558333333333], [54.58166666666666, 24.64575], [54.58175, 24.64575], [54.58175, 24.645833333333332], [54.58166666666666, 24.645833333333332], [54.58166666666666, 24.645916666666665], [54.581583333333334, 24.645916666666665], [54.581583333333334, 24.646083333333333], [54.5815, 24.646083333333333], [54.5815, 24.646166666666666], [54.58133333333333, 24.646166666666666], [54.58133333333333, 24.64633333333333], [54.58125, 24.64633333333333], [54.58125, 24.646416666666664], [54.58116666666667, 24.646416666666664], [54.58116666666667, 24.6465], [54.58108333333333, 24.6465], [54.58108333333333, 24.646583333333332], [54.580999999999996, 24.646583333333332], [54.580999999999996, 24.646666666666665], [54.58083333333333, 24.646666666666665], [54.58083333333333, 24.646749999999997], [54.580749999999995, 24.646749999999997], [54.580749999999995, 24.647], [54.58083333333333, 24.647], [54.58083333333333, 24.64708333333333], [54.58091666666667, 24.64708333333333], [54.58091666666667, 24.647166666666664], [54.580999999999996, 24.647166666666664], [54.580999999999996, 24.64725], [54.58108333333333, 24.64725], [54.58108333333333, 24.647333333333332], [54.58116666666667, 24.647333333333332], [54.58116666666667, 24.647583333333333], [54.58125, 24.647583333333333], [54.58125, 24.64783333333333], [54.58133333333333, 24.64783333333333], [54.58133333333333, 24.64933333333333], [54.58116666666667, 24.64933333333333], [54.58116666666667, 24.649583333333332], [54.58108333333333, 24.649583333333332], [54.58108333333333, 24.649833333333333], [54.580999999999996, 24.649833333333333], [54.580999999999996, 24.649916666666666], [54.58091666666667, 24.649916666666666], [54.58091666666667, 24.65], [54.57758333333333, 24.65]], [[54.57758333333333, 24.647499999999997], [54.577666666666666, 24.647499999999997], [54.577666666666666, 24.647416666666665], [54.57758333333333, 24.647416666666665], [54.57758333333333, 24.647499999999997]], [[54.580749999999995, 24.6455], [54.58083333333333, 24.6455], [54.58083333333333, 24.645416666666666], [54.580749999999995, 24.645416666666666], [54.580749999999995, 24.6455]]]}}, {"type": "Feature", "properties": {"stand": "ADN13"}, "geometry": {"type": "Polygon", "coordinates": [[[54.58633333333333, 24.65], [54.58633333333333, 24.649833333333333], [54.586416666666665, 24.649833333333333], [54.586416666666665, 24.649666666666665], [54.5865, 24.649666666666665], [54.5865, 24.649583333333332], [54.586416666666665, 24.649583333333332], [54.586416666666665, 24.6495], [54.5865, 24.6495], [54.5865, 24.649416666666664], [54.586666666666666, 24.649416666666664], [54.586666666666666, 24.64933333333333], [54.586749999999995, 24.64933333333333], [54.586749999999995, 24.649166666666666], [54.58683333333333, 24.649166666666666], [54.58683333333333, 24.649083333333333], [54.58691666666667, 24.649083333333333], [54.58691666666667, 24.648833333333332], [54.58708333333333, 24.648833333333332], [54.58708333333333, 24.648666666666664], [54.586999999999996, 24.648666666666664], [54.586999999999996, 24.64858333333333], [54.58683333333333, 24.64858333333333], [54.58683333333333, 24.648416666666666], [54.586749999999995, 24.648416666666666], [54.586749999999995, 24.648333333333333], [54.586666666666666, 24.648333333333333], [54.586666666666666, 24.648083333333332], [54.58658333333333, 24.648083333333332], [54.58658333333333, 24.64775], [54.5865, 24.64775], [54.5865, 24.647666666666666], [54.586416666666665, 24.647666666666666], [54.586416666666665, 24.647499999999997], [54.5865, 24.647499999999997], [54.5865, 24.64725], [54.586416666666665, 24.64725], [54.586416666666665, 24.647166666666664], [54.5865, 24.647166666666664], [54.5865, 24.647], [54.586416666666665, 24.647], [54.586416666666665, 24.646916666666666], [54.5865, 24.646916666666666], [54.5865, 24.646833333333333], [54.586416666666665, 24.646833333333333], [54.586416666666665, 24.646749999999997], [54.5865, 24.646749999999997], [54.5865, 24.64625], [54.58658333333333, 24.64625], [54.58658333333333, 24.646166666666666], [54.586666666666666, 24.646166666666666], [54.586666666666666, 24.645999999999997], [54.58691666666667, 24.645999999999997], [54.58691666666667, 24.646083333333333], [54.586999999999996, 24.646083333333333], [54.586999999999996, 24.646166666666666], [54.58691666666667, 24.646166666666666], [54.58691666666667, 24.64625], [54.586666666666666, 24.64625], [54.586666666666666, 24.64633333333333], [54.586749999999995, 24.64633333333333], [54.586749999999995, 24.646416666666664], [54.58691666666667, 24.646416666666664], [54.58691666666667, 24.6465], [54.58733333333333, 24.6465], [54.58733333333333, 24.646583333333332], [54.58741666666666, 24.646583333333332], [54.58741666666666, 24.646833333333333], [54.5875, 24.646833333333333], [54.5875, 24.647], [54.587583333333335, 24.647], [54.587583333333335, 24.64708333333333], [54.58783333333333, 24.64708333333333], [54.58783333333333, 24.647], [54.587916666666665, 24.647], [54.587916666666665, 24.646916666666666], [54.58783333333333, 24.646916666666666], [54.58783333333333, 24.646833333333333], [54.58775, 24.646833333333333], [54.58775, 24.64633333333333], [54.588249999999995, 24.64633333333333], [54.588249999999995, 24.646416666666664], [54.58833333333333, 24.646416666666664], [54.58833333333333, 24.6465], [54.58841666666667, 24.6465], [54.58841666666667, 24.646583333333332], [54.58833333333333, 24.646583333333332], [54.58833333333333, 24.646666666666665], [54.588249999999995, 24.646666666666665], [54.588249999999995, 24.646833333333333], [54.588499999999996, 24.646833333333333], [54.588499999999996, 24.646916666666666], [54.58858333333333, 24.646916666666666], [54.58858333333333, 24.64708333333333], [54.58891666666666, 24.64708333333333], [54.58891666666666, 24.647], [54.589083333333335, 24.647], [54.589083333333335, 24.647416666666665], [54.589166666666664, 24.647416666666665], [54.589166666666664, 24.647499999999997], [54.589083333333335, 24.647499999999997], [54.589083333333335, 24.647583333333333], [54.589, 24.647583333333333], [54.589, 24.647499999999997], [54.58891666666666, 24.647499999999997], [54.58891666666666, 24.647916666666664], [54.58958333333333, 24.647916666666664], [54.58958333333333, 24.648], [54.589749999999995, 24.648], [54.589749999999995, 24.648083333333332], [54.590583333333335, 24.648083333333332], [54.590583333333335, 24.648], [54.59083333333333, 24.648], [54.59083333333333, 24.647666666666666], [54.590916666666665, 24.647666666666666], [54.590916666666665, 24.647583333333333], [54.59083333333333, 24.647583333333333], [54.59083333333333, 24.647166666666664], [54.590916666666665, 24.647166666666664], [54.590916666666665, 24.646916666666666], [54.591, 24.646916666666666], [54.591, 24.646833333333333], [54.590916666666665, 24.646833333333333], [54.590916666666665, 24.646749999999997], [54.59083333333333, 24.646749999999997], [54.59083333333333, 24.646666666666665], [54.59141666666667, 24.646666666666665], [54.59141666666667, 24.646583333333332], [54.59191666666666, 24.646583333333332], [54.59191666666666, 24.6465], [54.592166666666664, 24.6465], [54.592166666666664, 24.646583333333332], [54.59225, 24.646583333333332], [54.59225, 24.646666666666665], [54.59233333333333, 24.646666666666665], [54.59233333333333, 24.647], [54.5925, 24.647], [54.5925, 24.646749999999997], [54.592416666666665, 24.646749999999997], [54.592416666666665, 24.646583333333332], [54.5925, 24.646583333333332], [54.5925, 24.6465], [54.59258333333333, 24.6465], [54.59258333333333, 24.646416666666664], [54.592666666666666, 24.646416666666664], [54.592666666666666, 24.64633333333333], [54.592749999999995, 24.64633333333333], [54.592749999999995, 24.64625], [54.59283333333333, 24.64625], [54.59283333333333, 24.646083333333333], [54.59291666666667, 24.646083333333333], [54.59291666666667, 24.645999999999997], [54.592999999999996, 24.645999999999997], [54.592999999999996, 24.645416666666666], [54.59291666666667, 24.645416666666666], [54.59291666666667, 24.645], [54.59316666666666, 24.645], [54.59316666666666, 24.644916666666663], [54.59325, 24.644916666666663], [54.59325, 24.64475], [54.59316666666666, 24.64475], [54.59316666666666, 24.644666666666666], [54.59325, 24.644666666666666], [54.59325, 24.644499999999997], [54.593333333333334, 24.644499999999997], [54.593333333333334, 24.644333333333332], [54.59358333333333, 24.644333333333332], [54.59358333333333, 24.644499999999997], [54.593666666666664, 24.644499999999997], [54.593666666666664, 24.644583333333333], [54.59383333333333, 24.644583333333333], [54.59383333333333, 24.644416666666665], [54.593916666666665, 24.644416666666665], [54.593916666666665, 24.64425], [54.594, 24.64425], [54.594, 24.644333333333332], [54.59408333333333, 24.644333333333332], [54.59408333333333, 24.644166666666667], [54.594166666666666, 24.644166666666667], [54.594166666666666, 24.644], [54.59433333333333, 24.644], [54.59433333333333, 24.643916666666666], [54.59458333333333, 24.643916666666666], [54.59458333333333, 24.643666666666665], [54.59466666666666, 24.643666666666665], [54.59466666666666, 24.643583333333332], [54.59475, 24.643583333333332], [54.59475, 24.6435], [54.594833333333334, 24.6435], [54.594833333333334, 24.643416666666667], [54.59508333333333, 24.643416666666667], [54.59508333333333, 24.64333333333333], [54.595166666666664, 24.64333333333333], [54.595166666666664, 24.643416666666667], [54.59525, 24.643416666666667], [54.59525, 24.6435], [54.595416666666665, 24.6435], [54.595416666666665, 24.643583333333332], [54.5955, 24.643583333333332], [54.5955, 24.643666666666665], [54.595416666666665, 24.643666666666665], [54.595416666666665, 24.643749999999997], [54.59533333333333, 24.643749999999997], [54.59533333333333, 24.643666666666665], [54.595166666666664, 24.643666666666665], [54.595166666666664, 24.643916666666666], [54.59533333333333, 24.643916666666666], [54.59533333333333, 24.644], [54.595416666666665, 24.644], [54.595416666666665, 24.644166666666667], [54.5955, 24.644166666666667], [54.5955, 24.644499999999997], [54.59533333333333, 24.644499999999997], [54.59533333333333, 24.644333333333332], [54.59525, 24.644333333333332], [54.59525, 24.64408333333333], [54.595166666666664, 24.64408333333333], [54.595166666666664, 24.644166666666667], [54.595, 24.644166666666667], [54.595, 24.64425], [54.59508333333333, 24.64425], [54.59508333333333, 24.644333333333332], [54.595166666666664, 24.644333333333332], [54.595166666666664, 24.644499999999997], [54.59508333333333, 24.644499999999997], [54.59508333333333, 24.64475], [54.595166666666664, 24.64475], [54.595166666666664, 24.64483333333333], [54.59508333333333, 24.64483333333333], [54.59508333333333, 24.644916666666663], [54.595, 24.644916666666663], [54.595, 24.645], [54.59491666666666, 24.645], [54.59491666666666, 24.645416666666666], [54.595, 24.645416666666666], [54.595, 24.64558333333333], [54.59491666666666, 24.64558333333333], [54.59491666666666, 24.646083333333333], [54.595, 24.646083333333333], [54.595, 24.646166666666666], [54.59508333333333, 24.646166666666666], [54.59508333333333, 24.64633333333333], [54.595, 24.64633333333333], [54.595, 24.646583333333332], [54.59491666666666, 24.646583333333332], [54.59491666666666, 24.646666666666665], [54.59466666666666, 24.646666666666665], [54.59466666666666, 24.646749999999997], [54.59458333333333, 24.646749999999997], [54.59458333333333, 24.646666666666665], [54.59433333333333, 24.646666666666665], [54.59433333333333, 24.646749999999997], [54.594166666666666, 24.646749999999997], [54.594166666666666, 24.646833333333333], [54.594, 24.646833333333333], [54.594, 24.646916666666666], [54.59383333333333, 24.646916666666666], [54.59383333333333, 24.647], [54.593666666666664, 24.647], [54.593666666666664, 24.64708333333333], [54.59358333333333, 24.64708333333333], [54.59358333333333, 24.647166666666664], [54.5935, 24.647166666666664], [54.5935, 24.64708333333333], [54.59341666666666, 24.64708333333333], [54.59341666666666, 24.647], [54.5935, 24.647], [54.5935, 24.646833333333333], [54.59358333333333, 24.646833333333333], [54.59358333333333, 24.6465], [54.5935, 24.6465], [54.5935, 24.646416666666664], [54.59341666666666, 24.646416666666664], [54.59341666666666, 24.6465], [54.593333333333334, 24.6465], [54.593333333333334, 24.646666666666665], [54.59316666666666, 24.646666666666665], [54.59316666666666, 24.646749999999997], [54.59308333333333, 24.646749999999997], [54.59308333333333, 24.646833333333333], [54.59291666666667, 24.646833333333333], [54.59291666666667, 24.647333333333332], [54.59283333333333, 24.647333333333332], [54.59283333333333, 24.647416666666665], [54.5925, 24.647416666666665], [54.5925, 24.647499999999997], [54.592166666666664, 24.647499999999997], [54.592166666666664, 24.647583333333333], [54.592083333333335, 24.647583333333333], [54.592083333333335, 24.647666666666666], [54.592, 24.647666666666666], [54.592, 24.647416666666665], [54.59191666666666, 24.647416666666665], [54.59191666666666, 24.647333333333332], [54.591833333333334, 24.647333333333332], [54.591833333333334, 24.647416666666665], [54.59175, 24.647416666666665], [54.59175, 24.647583333333333], [54.59158333333333, 24.647583333333333], [54.59158333333333, 24.648083333333332], [54.591499999999996, 24.648083333333332], [54.591499999999996, 24.648333333333333], [54.59158333333333, 24.648333333333333], [54.59158333333333, 24.6485], [54.59166666666666, 24.6485], [54.59166666666666, 24.648416666666666], [54.59175, 24.648416666666666], [54.59175, 24.648333333333333], [54.591833333333334, 24.648333333333333], [54.591833333333334, 24.648416666666666], [54.59191666666666, 24.648416666666666], [54.59191666666666, 24.649083333333333], [54.591833333333334, 24.649083333333333], [54.591833333333334, 24.648999999999997], [54.59175, 24.648999999999997], [54.59175, 24.649166666666666], [54.59158333333333, 24.649166666666666], [54.59158333333333, 24.64925], [54.591499999999996, 24.64925], [54.591499999999996, 24.64933333333333], [54.59141666666667, 24.64933333333333], [54.59141666666667, 24.649416666666664], [54.591249999999995, 24.649416666666664], [54.591249999999995, 24.6495], [54.591166666666666, 24.6495], [54.591166666666666, 24.65], [54.58633333333333, 24.65]], [[54.591, 24.64925], [54.59108333333333, 24.64925], [54.59108333333333, 24.649083333333333], [54.591249999999995, 24.649083333333333], [54.591249999999995, 24.648833333333332], [54.59133333333333, 24.648833333333332], [54.59133333333333, 24.64875], [54.591166666666666, 24.64875], [54.591166666666666, 24.648833333333332], [54.590916666666665, 24.648833333333332], [54.590916666666665, 24.648999999999997], [54.59075, 24.648999999999997], [54.59075, 24.649083333333333], [54.59083333333333, 24.649083333333333], [54.59083333333333, 24.649166666666666], [54.591, 24.649166666666666], [54.591, 24.64925]], [[54.587666666666664, 24.648333333333333], [54.58783333333333, 24.648333333333333], [54.58783333333333, 24.648166666666665], [54.587666666666664, 24.648166666666665], [54.587666666666664, 24.648333333333333]], [[54.5875, 24.64775], [54.587666666666664, 24.64775], [54.587666666666664, 24.647583333333333], [54.58775, 24.647583333333333], [54.58775, 24.647499999999997], [54.587666666666664, 24.647499999999997], [54.587666666666664, 24.647416666666665], [54.587583333333335, 24.647416666666665], [54.587583333333335, 24.647333333333332], [54.5875, 24.647333333333332], [54.5875, 24.64725], [54.586999999999996, 24.64725], [54.586999999999996, 24.647333333333332], [54.58683333333333, 24.647333333333332], [54.58683333333333, 24.647416666666665], [54.58691666666667, 24.647416666666665], [54.58691666666667, 24.647499999999997], [54.586999999999996, 24.647499999999997], [54.586999999999996, 24.647583333333333], [54.58716666666666, 24.647583333333333], [54.58716666666666, 24.647666666666666], [54.5875, 24.647666666666666], [54.5875, 24.64775]], [[54.58841666666667, 24.64775], [54.58866666666666, 24.64775], [54.58866666666666, 24.647666666666666], [54.58841666666667, 24.647666666666666], [54.58841666666667, 24.64775]], [[54.58858333333333, 24.647416666666665], [54.58866666666666, 24.647416666666665], [54.58866666666666, 24.64725], [54.58858333333333, 24.64725], [54.58858333333333, 24.647416666666665]], [[54.594, 24.645416666666666], [54.59408333333333, 24.645416666666666], [54.59408333333333, 24.645249999999997], [54.594249999999995, 24.645249999999997], [54.594249999999995, 24.645166666666665], [54.59433333333333, 24.645166666666665], [54.59433333333333, 24.645], [54.594249999999995, 24.645], [54.594249999999995, 24.644916666666663], [54.594166666666666, 24.644916666666663], [54.594166666666666, 24.645], [54.59408333333333, 24.645], [54.59408333333333, 24.644916666666663], [54.594, 24.644916666666663], [54.594, 24.645416666666666]]]}}, {"type": "Feature", "properties": {"stand": "ADN2"}, "geometry": {"type": "Polygon", "coordinates": [[[54.60158333333333, 24.65], [54.60158333333333, 24.649916666666666], [54.601416666666665, 24.649916666666666], [54.601416666666665, 24.649833333333333], [54.6015, 24.649833333333333], [54.6015, 24.649749999999997], [54.60158333333333, 24.649749999999997], [54.60158333333333, 24.649583333333332], [54.60166666666667, 24.649583333333332], [54.60166666666667, 24.649416666666664], [54.601749999999996, 24.649416666666664], [54.601749999999996, 24.649166666666666], [54.60183333333333, 24.649166666666666], [54.60183333333333, 24.648999999999997], [54.601749999999996, 24.648999999999997], [54.601749999999996, 24.64875], [54.60183333333333, 24.64875], [54.60183333333333, 24.6485], [54.601749999999996, 24.6485], [54.601749999999996, 24.648249999999997], [54.60166666666667, 24.648249999999997], [54.60166666666667, 24.648166666666665], [54.60158333333333, 24.648166666666665], [54.60158333333333, 24.64783333333333], [54.6015, 24.64783333333333], [54.6015, 24.647583333333333], [54.601416666666665, 24.647583333333333], [54.601416666666665, 24.647416666666665], [54.60133333333333, 24.647416666666665], [54.60133333333333, 24.647333333333332], [54.601416666666665, 24.647333333333332], [54.601416666666665, 24.647], [54.60158333333333, 24.647], [54.60158333333333, 24.646916666666666], [54.60166666666667, 24.646916666666666], [54.60166666666667, 24.646833333333333], [54.602, 24.646833333333333], [54.602, 24.646749999999997], [54.602333333333334, 24.646749999999997], [54.602333333333334, 24.646666666666665], [54.602666666666664, 24.646666666666665], [54.602666666666664, 24.646583333333332], [54.60258333333333, 24.646583333333332], [54.60258333333333, 24.6465], [54.6025, 24.6465], [54.6025, 24.646416666666664], [54.602333333333334, 24.646416666666664], [54.602333333333334, 24.64633333333333], [54.60225, 24.64633333333333], [54.60225, 24.64625], [54.602, 24.64625], [54.602, 24.646166666666666], [54.60191666666667, 24.646166666666666], [54.60191666666667, 24.645999999999997], [54.60183333333333, 24.645999999999997], [54.60183333333333, 24.645916666666665], [54.601749999999996, 24.645916666666665], [54.601749999999996, 24.64575], [54.60166666666667, 24.64575], [54.60166666666667, 24.645666666666664], [54.6015, 24.645666666666664], [54.6015, 24.645333333333333], [54.60166666666667, 24.645333333333333], [54.60166666666667, 24.645166666666665], [54.60158333333333, 24.645166666666665], [54.60158333333333, 24.645083333333332], [54.6015, 24.645083333333332], [54.6015, 24.644583333333333], [54.60158333333333, 24.644583333333333], [54.60158333333333, 24.644416666666665], [54.6015, 24.644416666666665], [54.6015, 24.644333333333332], [54.601416666666665, 24.644333333333332], [54.601416666666665, 24.644166666666667], [54.60133333333333, 24.644166666666667], [54.60133333333333, 24.64408333333333], [54.601416666666665, 24.64408333333333], [54.601416666666665, 24.643833333333333], [54.6015, 24.643833333333333], [54.6015, 24.6435], [54.60158333333333, 24.6435], [54.60158333333333, 24.64333333333333], [54.6015, 24.64333333333333], [54.6015, 24.643166666666666], [54.60166666666667, 24.643166666666666], [54.60166666666667, 24.642999999999997], [54.601749999999996, 24.642999999999997], [54.601749999999996, 24.642916666666665], [54.60183333333333, 24.642916666666665], [54.60183333333333, 24.642833333333332], [54.602, 24.642833333333332], [54.602, 24.642666666666667], [54.60191666666667, 24.642666666666667], [54.60191666666667, 24.64258333333333], [54.60208333333333, 24.64258333333333], [54.60208333333333, 24.642416666666666], [54.60241666666666, 24.642416666666666], [54.60241666666666, 24.6425], [54.60258333333333, 24.6425], [54.60258333333333, 24.64258333333333], [54.602666666666664, 24.64258333333333], [54.602666666666664, 24.642666666666667], [54.60258333333333, 24.642666666666667], [54.60258333333333, 24.642916666666665], [54.602666666666664, 24.642916666666665], [54.602666666666664, 24.642999999999997], [54.60275, 24.642999999999997], [54.60275, 24.643083333333333], [54.60283333333333, 24.643083333333333], [54.60283333333333, 24.642833333333332], [54.602916666666665, 24.642833333333332], [54.602916666666665, 24.642916666666665], [54.603249999999996, 24.642916666666665], [54.603249999999996, 24.642999999999997], [54.60358333333333, 24.642999999999997], [54.60358333333333, 24.643083333333333], [54.60391666666666, 24.643083333333333], [54.60391666666666, 24.643166666666666], [54.60366666666666, 24.643166666666666], [54.60366666666666, 24.64325], [54.603833333333334, 24.64325], [54.603833333333334, 24.64333333333333], [54.604166666666664, 24.64333333333333], [54.604166666666664, 24.643083333333333], [54.60425, 24.643083333333333], [54.60425, 24.642999999999997], [54.604416666666665, 24.642999999999997], [54.604416666666665, 24.642916666666665], [54.604499999999994, 24.642916666666665], [54.604499999999994, 24.642833333333332], [54.60458333333333, 24.642833333333332], [54.60458333333333, 24.64275], [54.604499999999994, 24.64275], [54.604499999999994, 24.642666666666667], [54.60458333333333, 24.642666666666667], [54.60458333333333, 24.6425], [54.604499999999994, 24.6425], [54.604499999999994, 24.642416666666666], [54.60433333333333, 24.642416666666666], [54.60433333333333, 24.642333333333333], [54.60425, 24.642333333333333], [54.60425, 24.642249999999997], [54.604166666666664, 24.642249999999997], [54.604166666666664, 24.642166666666665], [54.60408333333333, 24.642166666666665], [54.60408333333333, 24.642083333333332], [54.60391666666666, 24.642083333333332], [54.60391666666666, 24.642], [54.60375, 24.642], [54.60375, 24.641916666666667], [54.603833333333334, 24.641916666666667], [54.603833333333334, 24.64183333333333], [54.604, 24.64183333333333], [54.604, 24.64175], [54.60391666666666, 24.64175], [54.60391666666666, 24.641666666666666], [54.603833333333334, 24.641666666666666], [54.603833333333334, 24.641583333333333], [54.604, 24.641583333333333], [54.604, 24.641416666666665], [54.604166666666664, 24.641416666666665], [54.604166666666664, 24.640916666666666], [54.60425, 24.640916666666666], [54.60425, 24.640833333333333], [54.604416666666665, 24.640833333333333], [54.604416666666665, 24.640916666666666], [54.60458333333333, 24.640916666666666], [54.60458333333333, 24.640833333333333], [54.60541666666666, 24.640833333333333], [54.60541666666666, 24.640916666666666], [54.605666666666664, 24.640916666666666], [54.605666666666664, 24.64108333333333], [54.605999999999995, 24.64108333333333], [54.605999999999995, 24.641166666666667], [54.60608333333333, 24.641166666666667], [54.60608333333333, 24.64125], [54.606249999999996, 24.64125], [54.606249999999996, 24.641333333333332], [54.60633333333333, 24.641333333333332], [54.60633333333333, 24.641416666666665], [54.60658333333333, 24.641416666666665], [54.60658333333333, 24.641499999999997], [54.60666666666666, 24.641499999999997], [54.60666666666666, 24.641583333333333], [54.60675, 24.641583333333333], [54.60675, 24.641666666666666], [54.606833333333334, 24.641666666666666], [54.606833333333334, 24.64175], [54.60691666666666, 24.64175], [54.60691666666666, 24.64183333333333], [54.607, 24.64183333333333], [54.607, 24.642083333333332], [54.607166666666664, 24.642083333333332], [54.607166666666664, 24.642166666666665], [54.60725, 24.642166666666665], [54.60725, 24.642333333333333], [54.60733333333333, 24.642333333333333], [54.60733333333333, 24.642416666666666], [54.607416666666666, 24.642416666666666], [54.607416666666666, 24.642666666666667], [54.607499999999995, 24.642666666666667], [54.607499999999995, 24.642999999999997], [54.60758333333333, 24.642999999999997], [54.60758333333333, 24.643916666666666], [54.60766666666667, 24.643916666666666], [54.60766666666667, 24.644], [54.607749999999996, 24.644], [54.607749999999996, 24.64408333333333], [54.60791666666667, 24.64408333333333], [54.60791666666667, 24.644166666666667], [54.608, 24.644166666666667], [54.608, 24.64425], [54.60808333333333, 24.64425], [54.60808333333333, 24.644333333333332], [54.60816666666666, 24.644333333333332], [54.60816666666666, 24.644499999999997], [54.60825, 24.644499999999997], [54.60825, 24.644583333333333], [54.608333333333334, 24.644583333333333], [54.608333333333334, 24.64475], [54.60841666666666, 24.64475], [54.60841666666666, 24.64483333333333], [54.6085, 24.64483333333333], [54.6085, 24.644916666666663], [54.60858333333333, 24.644916666666663], [54.60858333333333, 24.645083333333332], [54.608666666666664, 24.645083333333332], [54.608666666666664, 24.645416666666666], [54.60875, 24.645416666666666], [54.60875, 24.64625], [54.608333333333334, 24.64625], [54.608333333333334, 24.646166666666666], [54.60791666666667, 24.646166666666666], [54.60791666666667, 24.64625], [54.607749999999996, 24.64625], [54.607749999999996, 24.64633333333333], [54.607166666666664, 24.64633333333333], [54.607166666666664, 24.646416666666664], [54.60691666666666, 24.646416666666664], [54.60691666666666, 24.6465], [54.606833333333334, 24.6465], [54.606833333333334, 24.646583333333332], [54.6065, 24.646583333333332], [54.6065, 24.646666666666665], [54.60691666666666, 24.646666666666665], [54.60691666666666, 24.646583333333332], [54.60733333333333, 24.646583333333332], [54.60733333333333, 24.646666666666665], [54.607416666666666, 24.646666666666665], [54.607416666666666, 24.646749999999997], [54.60733333333333, 24.646749999999997], [54.60733333333333, 24.646916666666666], [54.60725, 24.646916666666666], [54.60725, 24.647499999999997], [54.60708333333333, 24.647499999999997], [54.60708333333333, 24.647666666666666], [54.607, 24.647666666666666], [54.607, 24.64783333333333], [54.60691666666666, 24.64783333333333], [54.60691666666666, 24.648], [54.606833333333334, 24.648], [54.606833333333334, 24.648166666666665], [54.60666666666666, 24.648166666666665], [54.60666666666666, 24.648333333333333], [54.60658333333333, 24.648333333333333], [54.60658333333333, 24.648666666666664], [54.6065, 24.648666666666664], [54.6065, 24.648833333333332], [54.605999999999995, 24.648833333333332], [54.605999999999995, 24.649166666666666], [54.60608333333333, 24.649166666666666], [54.60608333333333, 24.64925], [54.60641666666667, 24.64925], [54.60641666666667, 24.64933333333333], [54.6065, 24.64933333333333], [54.6065, 24.649416666666664], [54.60641666666667, 24.649416666666664], [54.60641666666667, 24.649666666666665], [54.606249999999996, 24.649666666666665], [54.606249999999996, 24.649916666666666], [54.60616666666667, 24.649916666666666], [54.60616666666667, 24.65], [54.60158333333333, 24.65]], [[54.601749999999996, 24.649916666666666], [54.60216666666666, 24.649916666666666], [54.60216666666666, 24.649749999999997], [54.60208333333333, 24.649749999999997], [54.60208333333333, 24.649666666666665], [54.60183333333333, 24.649666666666665], [54.60183333333333, 24.649749999999997], [54.601749999999996, 24.649749999999997], [54.601749999999996, 24.649916666666666]], [[54.60225, 24.64558333333333], [54.60241666666666, 24.64558333333333], [54.60241666666666, 24.6455], [54.6025, 24.6455], [54.6025, 24.645249999999997], [54.60241666666666, 24.645249999999997], [54.60241666666666, 24.645083333333332], [54.60283333333333, 24.645083333333332], [54.60283333333333, 24.645], [54.603, 24.645], [54.603, 24.644916666666663], [54.602916666666665, 24.644916666666663], [54.602916666666665, 24.64475], [54.60283333333333, 24.64475], [54.60283333333333, 24.644583333333333], [54.602916666666665, 24.644583333333333], [54.602916666666665, 24.644499999999997], [54.603, 24.644499999999997], [54.603, 24.644416666666665], [54.603249999999996, 24.644416666666665], [54.603249999999996, 24.64408333333333], [54.60316666666667, 24.64408333333333], [54.60316666666667, 24.643833333333333], [54.60308333333333, 24.643833333333333], [54.60308333333333, 24.643749999999997], [54.603, 24.643749999999997], [54.603, 24.644], [54.602333333333334, 24.644], [54.602333333333334, 24.64408333333333], [54.60241666666666, 24.64408333333333], [54.60241666666666, 24.644166666666667], [54.6025, 24.644166666666667], [54.6025, 24.644333333333332], [54.60191666666667, 24.644333333333332], [54.60191666666667, 24.644499999999997], [54.602, 24.644499999999997], [54.602, 24.644583333333333], [54.60216666666666, 24.644583333333333], [54.60216666666666, 24.644666666666666], [54.60225, 24.644666666666666], [54.60225, 24.645], [54.602333333333334, 24.645], [54.602333333333334, 24.645249999999997], [54.60225, 24.645249999999997], [54.60225, 24.64558333333333]], [[54.60308333333333, 24.644916666666663], [54.60316666666667, 24.644916666666663], [54.60316666666667, 24.64483333333333], [54.60308333333333, 24.64483333333333], [54.60308333333333, 24.644916666666663]], [[54.60333333333333, 24.644416666666665], [54.60341666666667, 24.644416666666665], [54.60341666666667, 24.644333333333332], [54.60333333333333, 24.644333333333332], [54.60333333333333, 24.644416666666665]], [[54.602666666666664, 24.6435], [54.60283333333333, 24.6435], [54.60283333333333, 24.64325], [54.60275, 24.64325], [54.60275, 24.64333333333333], [54.602666666666664, 24.64333333333333], [54.602666666666664, 24.6435]]]}}, {"type": "Feature", "properties": {"stand": "ADN12"}, "geometry": {"type": "Polygon", "coordinates": [[[54.581583333333334, 24.645249999999997], [54.581583333333334, 24.645166666666665], [54.58141666666666, 24.645166666666665], [54.58141666666666, 24.645083333333332], [54.58133333333333, 24.645083333333332], [54.58133333333333, 24.645], [54.58108333333333, 24.645], [54.58108333333333, 24.644916666666663], [54.580999999999996, 24.644916666666663], [54.580999999999996, 24.64483333333333], [54.58091666666667, 24.64483333333333], [54.58091666666667, 24.644583333333333], [54.58083333333333, 24.644583333333333], [54.58083333333333, 24.644499999999997], [54.580749999999995, 24.644499999999997], [54.580749999999995, 24.644416666666665], [54.580666666666666, 24.644416666666665], [54.580666666666666, 24.644333333333332], [54.5805, 24.644333333333332], [54.5805, 24.64425], [54.580416666666665, 24.64425], [54.580416666666665, 24.644166666666667], [54.58025, 24.644166666666667], [54.58025, 24.64408333333333], [54.57991666666666, 24.64408333333333], [54.57991666666666, 24.644], [54.57975, 24.644], [54.57975, 24.643916666666666], [54.579166666666666, 24.643916666666666], [54.579166666666666, 24.643833333333333], [54.578583333333334, 24.643833333333333], [54.578583333333334, 24.643749999999997], [54.57841666666666, 24.643749999999997], [54.57841666666666, 24.643583333333332], [54.578583333333334, 24.643583333333332], [54.578583333333334, 24.6435], [54.57875, 24.6435], [54.57875, 24.64333333333333], [54.57883333333333, 24.64333333333333], [54.57883333333333, 24.64325], [54.57875, 24.64325], [54.57875, 24.643166666666666], [54.578583333333334, 24.643166666666666], [54.578583333333334, 24.64325], [54.57825, 24.64325], [54.57825, 24.64333333333333], [54.577666666666666, 24.64333333333333], [54.577666666666666, 24.64325], [54.5775, 24.64325], [54.5775, 24.643083333333333], [54.577416666666664, 24.643083333333333], [54.577416666666664, 24.642916666666665], [54.57733333333333, 24.642916666666665], [54.57733333333333, 24.642833333333332], [54.57725, 24.642833333333332], [54.57725, 24.64275], [54.57716666666666, 24.64275], [54.57716666666666, 24.64258333333333], [54.57725, 24.64258333333333], [54.57725, 24.6425], [54.57758333333333, 24.6425], [54.57758333333333, 24.642416666666666], [54.577999999999996, 24.642416666666666], [54.577999999999996, 24.642333333333333], [54.578583333333334, 24.642333333333333], [54.578583333333334, 24.642249999999997], [54.579, 24.642249999999997], [54.579, 24.642166666666665], [54.57933333333333, 24.642166666666665], [54.57933333333333, 24.642083333333332], [54.57958333333333, 24.642083333333332], [54.57958333333333, 24.642], [54.57983333333333, 24.642], [54.57983333333333, 24.641916666666667], [54.580416666666665, 24.641916666666667], [54.580416666666665, 24.642], [54.580749999999995, 24.642], [54.580749999999995, 24.64183333333333], [54.58116666666667, 24.64183333333333], [54.58116666666667, 24.64175], [54.581583333333334, 24.64175], [54.581583333333334, 24.64183333333333], [54.58233333333333, 24.64183333333333], [54.58233333333333, 24.641666666666666], [54.582249999999995, 24.641666666666666], [54.582249999999995, 24.641583333333333], [54.582166666666666, 24.641583333333333], [54.582166666666666, 24.641333333333332], [54.582249999999995, 24.641333333333332], [54.582249999999995, 24.64125], [54.58258333333333, 24.64125], [54.58258333333333, 24.641166666666667], [54.58275, 24.641166666666667], [54.58275, 24.64108333333333], [54.58283333333333, 24.64108333333333], [54.58283333333333, 24.640916666666666], [54.58291666666666, 24.640916666666666], [54.58291666666666, 24.640833333333333], [54.58316666666666, 24.640833333333333], [54.58316666666666, 24.640749999999997], [54.58325, 24.640749999999997], [54.58325, 24.640583333333332], [54.58333333333333, 24.640583333333332], [54.58333333333333, 24.6405], [54.583416666666665, 24.6405], [54.583416666666665, 24.640416666666667], [54.58358333333333, 24.640416666666667], [54.58358333333333, 24.64033333333333], [54.583666666666666, 24.64033333333333], [54.583666666666666, 24.640166666666666], [54.583749999999995, 24.640166666666666], [54.583749999999995, 24.640083333333333], [54.58383333333333, 24.640083333333333], [54.58383333333333, 24.639916666666664], [54.58391666666667, 24.639916666666664], [54.58391666666667, 24.63975], [54.58408333333333, 24.63975], [54.58408333333333, 24.639333333333333], [54.58416666666666, 24.639333333333333], [54.58416666666666, 24.639249999999997], [54.58425, 24.639249999999997], [54.58425, 24.639166666666664], [54.584666666666664, 24.639166666666664], [54.584666666666664, 24.639083333333332], [54.58475, 24.639083333333332], [54.58475, 24.639], [54.58508333333333, 24.639], [54.58508333333333, 24.638916666666667], [54.585249999999995, 24.638916666666667], [54.585249999999995, 24.638749999999998], [54.58541666666667, 24.638749999999998], [54.58541666666667, 24.63883333333333], [54.585499999999996, 24.63883333333333], [54.585499999999996, 24.638916666666667], [54.58558333333333, 24.638916666666667], [54.58558333333333, 24.639], [54.58566666666666, 24.639], [54.58566666666666, 24.639166666666664], [54.58575, 24.639166666666664], [54.58575, 24.639249999999997], [54.58583333333333, 24.639249999999997], [54.58583333333333, 24.639499999999998], [54.58591666666666, 24.639499999999998], [54.58591666666666, 24.63958333333333], [54.586, 24.63958333333333], [54.586, 24.63975], [54.586083333333335, 24.63975], [54.586083333333335, 24.639833333333332], [54.586166666666664, 24.639833333333332], [54.586166666666664, 24.640083333333333], [54.58625, 24.640083333333333], [54.58625, 24.640833333333333], [54.586166666666664, 24.640833333333333], [54.586166666666664, 24.641583333333333], [54.586083333333335, 24.641583333333333], [54.586083333333335, 24.64183333333333], [54.586, 24.64183333333333], [54.586, 24.642], [54.58591666666666, 24.642], [54.58591666666666, 24.642083333333332], [54.58575, 24.642083333333332], [54.58575, 24.642166666666665], [54.58566666666666, 24.642166666666665], [54.58566666666666, 24.642249999999997], [54.58508333333333, 24.642249999999997], [54.58508333333333, 24.642416666666666], [54.585, 24.642416666666666], [54.585, 24.643166666666666], [54.584916666666665, 24.643166666666666], [54.584916666666665, 24.64325], [54.58475, 24.64325], [54.58475, 24.64333333333333], [54.584666666666664, 24.64333333333333], [54.584666666666664, 24.643416666666667], [54.584583333333335, 24.643416666666667], [54.584583333333335, 24.643583333333332], [54.58441666666666, 24.643583333333332], [54.58441666666666, 24.643666666666665], [54.58425, 24.643666666666665], [54.58425, 24.643749999999997], [54.58408333333333, 24.643749999999997], [54.58408333333333, 24.643833333333333], [54.583999999999996, 24.643833333333333], [54.583999999999996, 24.643916666666666], [54.583666666666666, 24.643916666666666], [54.583666666666666, 24.644], [54.583416666666665, 24.644], [54.583416666666665, 24.64408333333333], [54.58208333333333, 24.64408333333333], [54.58208333333333, 24.644166666666667], [54.582, 24.644166666666667], [54.582, 24.645249999999997], [54.581583333333334, 24.645249999999997]], [[54.580666666666666, 24.643416666666667], [54.580999999999996, 24.643416666666667], [54.580999999999996, 24.64333333333333], [54.58125, 24.64333333333333], [54.58125, 24.64325], [54.58116666666667, 24.64325], [54.58116666666667, 24.643166666666666], [54.58091666666667, 24.643166666666666], [54.58091666666667, 24.64325], [54.58083333333333, 24.64325], [54.58083333333333, 24.64333333333333], [54.580666666666666, 24.64333333333333], [54.580666666666666, 24.643416666666667]], [[54.579166666666666, 24.643166666666666], [54.57975, 24.643166666666666], [54.57975, 24.643083333333333], [54.57958333333333, 24.643083333333333], [54.57958333333333, 24.642999999999997], [54.579249999999995, 24.642999999999997], [54.579249999999995, 24.643083333333333], [54.579166666666666, 24.643083333333333], [54.579166666666666, 24.643166666666666]], [[54.581916666666665, 24.642999999999997], [54.58208333333333, 24.642999999999997], [54.58208333333333, 24.642916666666665], [54.58233333333333, 24.642916666666665], [54.58233333333333, 24.64275], [54.582249999999995, 24.64275], [54.582249999999995, 24.642666666666667], [54.581916666666665, 24.642666666666667], [54.581916666666665, 24.64258333333333], [54.58175, 24.64258333333333], [54.58175, 24.64275], [54.58183333333333, 24.64275], [54.58183333333333, 24.642916666666665], [54.581916666666665, 24.642916666666665], [54.581916666666665, 24.642999999999997]], [[54.58116666666667, 24.64258333333333], [54.58125, 24.64258333333333], [54.58125, 24.6425], [54.58116666666667, 24.6425], [54.58116666666667, 24.64258333333333]], [[54.58141666666666, 24.64258333333333], [54.5815, 24.64258333333333], [54.5815, 24.6425], [54.58141666666666, 24.6425], [54.58141666666666, 24.64258333333333]], [[54.582499999999996, 24.64183333333333], [54.58258333333333, 24.64183333333333], [54.58258333333333, 24.64175], [54.582499999999996, 24.64175], [54.582499999999996, 24.64183333333333]], [[54.58291666666666, 24.64175], [54.58316666666666, 24.64175], [54.58316666666666, 24.641666666666666], [54.58333333333333, 24.641666666666666], [54.58333333333333, 24.641583333333333], [54.5835, 24.641583333333333], [54.5835, 24.641499999999997], [54.58358333333333, 24.641499999999997], [54.58358333333333, 24.641416666666665], [54.583416666666665, 24.641416666666665], [54.583416666666665, 24.641499999999997], [54.58316666666666, 24.641499999999997], [54.58316666666666, 24.641583333333333], [54.583, 24.641583333333333], [54.583, 24.641666666666666], [54.58291666666666, 24.641666666666666], [54.58291666666666, 24.64175]], [[54.583666666666666, 24.641416666666665], [54.58383333333333, 24.641416666666665], [54.58383333333333, 24.641333333333332], [54.583749999999995, 24.641333333333332], [54.583749999999995, 24.64125], [54.583666666666666, 24.64125], [54.583666666666666, 24.641416666666665]]]}}, {"type": "Feature", "properties": {"stand": "ADN30"}, "geometry": {"type": "Polygon", "coordinates": [[[54.58208333333333, 24.6405], [54.58208333333333, 24.640416666666667], [54.582, 24.640416666666667], [54.582, 24.64033333333333], [54.58183333333333, 24.64033333333333], [54.58183333333333, 24.640166666666666], [54.582, 24.640166666666666], [54.582, 24.639999999999997], [54.58208333333333, 24.639999999999997], [54.58208333333333, 24.639916666666664], [54.582166666666666, 24.639916666666664], [54.582166666666666, 24.639833333333332], [54.582249999999995, 24.639833333333332], [54.582249999999995, 24.639666666666667], [54.58241666666667, 24.639666666666667], [54.58241666666667, 24.63958333333333], [54.58258333333333, 24.63958333333333], [54.58258333333333, 24.639499999999998], [54.58266666666667, 24.639499999999998], [54.58266666666667, 24.639416666666666], [54.58275, 24.639416666666666], [54.58275, 24.639333333333333], [54.583, 24.639333333333333], [54.583, 24.639249999999997], [54.583083333333335, 24.639249999999997], [54.583083333333335, 24.639166666666664], [54.58325, 24.639166666666664], [54.58325, 24.639083333333332], [54.583416666666665, 24.639083333333332], [54.583416666666665, 24.638916666666667], [54.5835, 24.638916666666667], [54.5835, 24.63883333333333], [54.58358333333333, 24.63883333333333], [54.58358333333333, 24.638416666666664], [54.583666666666666, 24.638416666666664], [54.583666666666666, 24.638333333333332], [54.58358333333333, 24.638333333333332], [54.58358333333333, 24.63825], [54.5835, 24.63825], [54.5835, 24.638333333333332], [54.583416666666665, 24.638333333333332], [54.583416666666665, 24.638416666666664], [54.58325, 24.638416666666664], [54.58325, 24.638583333333333], [54.58316666666666, 24.638583333333333], [54.58316666666666, 24.638666666666666], [54.583083333333335, 24.638666666666666], [54.583083333333335, 24.63883333333333], [54.583, 24.63883333333333], [54.583, 24.638749999999998], [54.58291666666666, 24.638749999999998], [54.58291666666666, 24.638916666666667], [54.58275, 24.638916666666667], [54.58275, 24.639], [54.58266666666667, 24.639], [54.58266666666667, 24.639083333333332], [54.58258333333333, 24.639083333333332], [54.58258333333333, 24.639166666666664], [54.58241666666667, 24.639166666666664], [54.58241666666667, 24.639249999999997], [54.582249999999995, 24.639249999999997], [54.582249999999995, 24.639333333333333], [54.582166666666666, 24.639333333333333], [54.582166666666666, 24.639416666666666], [54.58208333333333, 24.639416666666666], [54.58208333333333, 24.639499999999998], [54.582, 24.639499999999998], [54.582, 24.63958333333333], [54.581916666666665, 24.63958333333333], [54.581916666666665, 24.639833333333332], [54.58175, 24.639833333333332], [54.58175, 24.639916666666664], [54.581583333333334, 24.639916666666664], [54.581583333333334, 24.640083333333333], [54.58141666666666, 24.640083333333333], [54.58141666666666, 24.639666666666667], [54.5815, 24.639666666666667], [54.5815, 24.63958333333333], [54.581583333333334, 24.63958333333333], [54.581583333333334, 24.639416666666666], [54.58166666666666, 24.639416666666666], [54.58166666666666, 24.639166666666664], [54.58183333333333, 24.639166666666664], [54.58183333333333, 24.639083333333332], [54.582, 24.639083333333332], [54.582, 24.638916666666667], [54.58208333333333, 24.638916666666667], [54.58208333333333, 24.63883333333333], [54.58233333333333, 24.63883333333333], [54.58233333333333, 24.638749999999998], [54.58241666666667, 24.638749999999998], [54.58241666666667, 24.638666666666666], [54.582499999999996, 24.638666666666666], [54.582499999999996, 24.638583333333333], [54.58258333333333, 24.638583333333333], [54.58258333333333, 24.638499999999997], [54.58266666666667, 24.638499999999997], [54.58266666666667, 24.638416666666664], [54.58283333333333, 24.638416666666664], [54.58283333333333, 24.638333333333332], [54.58291666666666, 24.638333333333332], [54.58291666666666, 24.63825], [54.583, 24.63825], [54.583, 24.638166666666667], [54.583083333333335, 24.638166666666667], [54.583083333333335, 24.63808333333333], [54.58333333333333, 24.63808333333333], [54.58333333333333, 24.637999999999998], [54.583999999999996, 24.637999999999998], [54.583999999999996, 24.63808333333333], [54.58433333333333, 24.63808333333333], [54.58433333333333, 24.638166666666667], [54.584583333333335, 24.638166666666667], [54.584583333333335, 24.63825], [54.584666666666664, 24.63825], [54.584666666666664, 24.638333333333332], [54.584916666666665, 24.638333333333332], [54.584916666666665, 24.638416666666664], [54.585, 24.638416666666664], [54.585, 24.638583333333333], [54.58483333333333, 24.638583333333333], [54.58483333333333, 24.638666666666666], [54.584583333333335, 24.638666666666666], [54.584583333333335, 24.638749999999998], [54.58433333333333, 24.638749999999998], [54.58433333333333, 24.63883333333333], [54.58416666666666, 24.63883333333333], [54.58416666666666, 24.638916666666667], [54.58408333333333, 24.638916666666667], [54.58408333333333, 24.639], [54.583999999999996, 24.639], [54.583999999999996, 24.639083333333332], [54.58383333333333, 24.639083333333332], [54.58383333333333, 24.639166666666664], [54.583749999999995, 24.639166666666664], [54.583749999999995, 24.639249999999997], [54.583666666666666, 24.639249999999997], [54.583666666666666, 24.639333333333333], [54.58358333333333, 24.639333333333333], [54.58358333333333, 24.639499999999998], [54.5835, 24.639499999999998], [54.5835, 24.63958333333333], [54.58333333333333, 24.63958333333333], [54.58333333333333, 24.639666666666667], [54.58325, 24.639666666666667], [54.58325, 24.63975], [54.58316666666666, 24.63975], [54.58316666666666, 24.639999999999997], [54.583083333333335, 24.639999999999997], [54.583083333333335, 24.640083333333333], [54.583, 24.640083333333333], [54.583, 24.640166666666666], [54.58283333333333, 24.640166666666666], [54.58283333333333, 24.640249999999998], [54.58275, 24.640249999999998], [54.58275, 24.64033333333333], [54.58266666666667, 24.64033333333333], [54.58266666666667, 24.640416666666667], [54.58258333333333, 24.640416666666667], [54.58258333333333, 24.6405], [54.58208333333333, 24.6405]], [[54.583749999999995, 24.638166666666667], [54.58383333333333, 24.638166666666667], [54.58383333333333, 24.63808333333333], [54.583749999999995, 24.63808333333333], [54.583749999999995, 24.638166666666667]]]}}, {"type": "Feature", "properties": {"stand": "ADN16"}, "geometry": {"type": "Polygon", "coordinates": [[[54.589083333333335, 24.643166666666666], [54.589083333333335, 24.642999999999997], [54.589, 24.642999999999997], [54.589, 24.643083333333333], [54.58891666666666, 24.643083333333333], [54.58891666666666, 24.642999999999997], [54.58866666666666, 24.642999999999997], [54.58866666666666, 24.642916666666665], [54.58841666666667, 24.642916666666665], [54.58841666666667, 24.642833333333332], [54.588166666666666, 24.642833333333332], [54.588166666666666, 24.64275], [54.588, 24.64275], [54.588, 24.642666666666667], [54.58783333333333, 24.642666666666667], [54.58783333333333, 24.6425], [54.587916666666665, 24.6425], [54.587916666666665, 24.642416666666666], [54.588, 24.642416666666666], [54.588, 24.642333333333333], [54.587666666666664, 24.642333333333333], [54.587666666666664, 24.642416666666666], [54.5875, 24.642416666666666], [54.5875, 24.642249999999997], [54.58741666666666, 24.642249999999997], [54.58741666666666, 24.642166666666665], [54.58725, 24.642166666666665], [54.58725, 24.642083333333332], [54.58716666666666, 24.642083333333332], [54.58716666666666, 24.641916666666667], [54.58708333333333, 24.641916666666667], [54.58708333333333, 24.64175], [54.586999999999996, 24.64175], [54.586999999999996, 24.641666666666666], [54.58691666666667, 24.641666666666666], [54.58691666666667, 24.641333333333332], [54.58683333333333, 24.641333333333332], [54.58683333333333, 24.64125], [54.586749999999995, 24.64125], [54.586749999999995, 24.641], [54.586666666666666, 24.641], [54.586666666666666, 24.640749999999997], [54.58658333333333, 24.640749999999997], [54.58658333333333, 24.640583333333332], [54.586666666666666, 24.640583333333332], [54.586666666666666, 24.6405], [54.586749999999995, 24.6405], [54.586749999999995, 24.639916666666664], [54.586666666666666, 24.639916666666664], [54.586666666666666, 24.639833333333332], [54.586749999999995, 24.639833333333332], [54.586749999999995, 24.639499999999998], [54.58683333333333, 24.639499999999998], [54.58683333333333, 24.639249999999997], [54.58691666666667, 24.639249999999997], [54.58691666666667, 24.638916666666667], [54.586999999999996, 24.638916666666667], [54.586999999999996, 24.63883333333333], [54.58716666666666, 24.63883333333333], [54.58716666666666, 24.638666666666666], [54.58725, 24.638666666666666], [54.58725, 24.638583333333333], [54.58733333333333, 24.638583333333333], [54.58733333333333, 24.638416666666664], [54.58741666666666, 24.638416666666664], [54.58741666666666, 24.638333333333332], [54.5875, 24.638333333333332], [54.5875, 24.63825], [54.587666666666664, 24.63825], [54.587666666666664, 24.638166666666667], [54.58775, 24.638166666666667], [54.58775, 24.63808333333333], [54.587916666666665, 24.63808333333333], [54.587916666666665, 24.637999999999998], [54.588, 24.637999999999998], [54.588, 24.637916666666666], [54.588249999999995, 24.637916666666666], [54.588249999999995, 24.637833333333333], [54.58833333333333, 24.637833333333333], [54.58833333333333, 24.637666666666664], [54.58866666666666, 24.637666666666664], [54.58866666666666, 24.637583333333332], [54.58891666666666, 24.637583333333332], [54.58891666666666, 24.6375], [54.58958333333333, 24.6375], [54.58958333333333, 24.637583333333332], [54.589749999999995, 24.637583333333332], [54.589749999999995, 24.637666666666664], [54.58983333333333, 24.637666666666664], [54.58983333333333, 24.637999999999998], [54.589749999999995, 24.637999999999998], [54.589749999999995, 24.638166666666667], [54.58983333333333, 24.638166666666667], [54.58983333333333, 24.638333333333332], [54.58991666666667, 24.638333333333332], [54.58991666666667, 24.638666666666666], [54.589999999999996, 24.638666666666666], [54.589999999999996, 24.638749999999998], [54.58991666666667, 24.638749999999998], [54.58991666666667, 24.63883333333333], [54.589749999999995, 24.63883333333333], [54.589749999999995, 24.638749999999998], [54.58983333333333, 24.638749999999998], [54.58983333333333, 24.638583333333333], [54.589749999999995, 24.638583333333333], [54.589749999999995, 24.638499999999997], [54.589666666666666, 24.638499999999997], [54.589666666666666, 24.638416666666664], [54.589416666666665, 24.638416666666664], [54.589416666666665, 24.638333333333332], [54.58925, 24.638333333333332], [54.58925, 24.63883333333333], [54.58933333333333, 24.63883333333333], [54.58933333333333, 24.638916666666667], [54.589416666666665, 24.638916666666667], [54.589416666666665, 24.639], [54.5895, 24.639], [54.5895, 24.639499999999998], [54.58958333333333, 24.639499999999998], [54.58958333333333, 24.63958333333333], [54.589666666666666, 24.63958333333333], [54.589666666666666, 24.639833333333332], [54.58983333333333, 24.639833333333332], [54.58983333333333, 24.639916666666664], [54.58991666666667, 24.639916666666664], [54.58991666666667, 24.639999999999997], [54.589999999999996, 24.639999999999997], [54.589999999999996, 24.640666666666664], [54.59008333333333, 24.640666666666664], [54.59008333333333, 24.641416666666665], [54.59016666666666, 24.641416666666665], [54.59016666666666, 24.641666666666666], [54.59008333333333, 24.641666666666666], [54.59008333333333, 24.64175], [54.589999999999996, 24.64175], [54.589999999999996, 24.642], [54.58991666666667, 24.642], [54.58991666666667, 24.642333333333333], [54.58983333333333, 24.642333333333333], [54.58983333333333, 24.642416666666666], [54.589749999999995, 24.642416666666666], [54.589749999999995, 24.64258333333333], [54.589666666666666, 24.64258333333333], [54.589666666666666, 24.642916666666665], [54.58958333333333, 24.642916666666665], [54.58958333333333, 24.643083333333333], [54.589166666666664, 24.643083333333333], [54.589166666666664, 24.643166666666666], [54.589083333333335, 24.643166666666666]], [[54.589, 24.641], [54.589083333333335, 24.641], [54.589083333333335, 24.640749999999997], [54.58925, 24.640749999999997], [54.58925, 24.640583333333332], [54.58933333333333, 24.640583333333332], [54.58933333333333, 24.6405], [54.58925, 24.6405], [54.58925, 24.640249999999998], [54.589416666666665, 24.640249999999998], [54.589416666666665, 24.640166666666666], [54.58933333333333, 24.640166666666666], [54.58933333333333, 24.640083333333333], [54.58925, 24.640083333333333], [54.58925, 24.639666666666667], [54.58933333333333, 24.639666666666667], [54.58933333333333, 24.639416666666666], [54.58925, 24.639416666666666], [54.58925, 24.639333333333333], [54.58891666666666, 24.639333333333333], [54.58891666666666, 24.639416666666666], [54.58883333333333, 24.639416666666666], [54.58883333333333, 24.639499999999998], [54.58866666666666, 24.639499999999998], [54.58866666666666, 24.640166666666666], [54.58858333333333, 24.640166666666666], [54.58858333333333, 24.64033333333333], [54.58866666666666, 24.64033333333333], [54.58866666666666, 24.640583333333332], [54.58875, 24.640583333333332], [54.58875, 24.640749999999997], [54.58883333333333, 24.640749999999997], [54.58883333333333, 24.640833333333333], [54.58891666666666, 24.640833333333333], [54.58891666666666, 24.640916666666666], [54.589, 24.640916666666666], [54.589, 24.641]]]}}, {"type": "Feature", "properties": {"stand": "ADN11"}, "geometry": {"type": "Polygon", "coordinates": [[[54.586083333333335, 24.632916666666667], [54.586083333333335, 24.63283333333333], [54.586, 24.63283333333333], [54.586, 24.632749999999998], [54.58591666666666, 24.632749999999998], [54.58591666666666, 24.632666666666665], [54.58583333333333, 24.632666666666665], [54.58583333333333, 24.632749999999998], [54.58566666666666, 24.632749999999998], [54.58566666666666, 24.632666666666665], [54.58558333333333, 24.632666666666665], [54.58558333333333, 24.632583333333333], [54.58533333333333, 24.632583333333333], [54.58533333333333, 24.6325], [54.585166666666666, 24.6325], [54.585166666666666, 24.632416666666664], [54.585, 24.632416666666664], [54.585, 24.63233333333333], [54.584916666666665, 24.63233333333333], [54.584916666666665, 24.63225], [54.58475, 24.63225], [54.58475, 24.632166666666667], [54.584583333333335, 24.632166666666667], [54.584583333333335, 24.631999999999998], [54.5845, 24.631999999999998], [54.5845, 24.631916666666665], [54.58441666666666, 24.631916666666665], [54.58441666666666, 24.63175], [54.58433333333333, 24.63175], [54.58433333333333, 24.631666666666664], [54.58425, 24.631666666666664], [54.58425, 24.6315], [54.58416666666666, 24.6315], [54.58416666666666, 24.631416666666667], [54.583999999999996, 24.631416666666667], [54.583999999999996, 24.631249999999998], [54.58391666666667, 24.631249999999998], [54.58391666666667, 24.631], [54.58383333333333, 24.631], [54.58383333333333, 24.630916666666664], [54.58391666666667, 24.630916666666664], [54.58391666666667, 24.63083333333333], [54.58383333333333, 24.63083333333333], [54.58383333333333, 24.63075], [54.583749999999995, 24.63075], [54.583749999999995, 24.630666666666666], [54.58383333333333, 24.630666666666666], [54.58383333333333, 24.630499999999998], [54.58391666666667, 24.630499999999998], [54.58391666666667, 24.630666666666666], [54.58416666666666, 24.630666666666666], [54.58416666666666, 24.630333333333333], [54.58408333333333, 24.630333333333333], [54.58408333333333, 24.63025], [54.58383333333333, 24.63025], [54.58383333333333, 24.630166666666664], [54.583749999999995, 24.630166666666664], [54.583749999999995, 24.63008333333333], [54.58383333333333, 24.63008333333333], [54.58383333333333, 24.629666666666665], [54.583749999999995, 24.629666666666665], [54.583749999999995, 24.629583333333333], [54.58383333333333, 24.629583333333333], [54.58383333333333, 24.6295], [54.58391666666667, 24.6295], [54.58391666666667, 24.629416666666664], [54.58383333333333, 24.629416666666664], [54.58383333333333, 24.62925], [54.583999999999996, 24.62925], [54.583999999999996, 24.629166666666666], [54.58391666666667, 24.629166666666666], [54.58391666666667, 24.62908333333333], [54.583999999999996, 24.62908333333333], [54.583999999999996, 24.628999999999998], [54.58416666666666, 24.628999999999998], [54.58416666666666, 24.62858333333333], [54.58425, 24.62858333333333], [54.58425, 24.628416666666666], [54.58433333333333, 24.628416666666666], [54.58433333333333, 24.62833333333333], [54.58441666666666, 24.62833333333333], [54.58441666666666, 24.628249999999998], [54.5845, 24.628249999999998], [54.5845, 24.628166666666665], [54.584583333333335, 24.628166666666665], [54.584583333333335, 24.628083333333333], [54.584666666666664, 24.628083333333333], [54.584666666666664, 24.628], [54.58475, 24.628], [54.58475, 24.627916666666664], [54.584916666666665, 24.627916666666664], [54.584916666666665, 24.62783333333333], [54.58508333333333, 24.62783333333333], [54.58508333333333, 24.62775], [54.585166666666666, 24.62775], [54.585166666666666, 24.627666666666666], [54.58541666666667, 24.627666666666666], [54.58541666666667, 24.62758333333333], [54.585499999999996, 24.62758333333333], [54.585499999999996, 24.627499999999998], [54.58575, 24.627499999999998], [54.58575, 24.627333333333333], [54.586, 24.627333333333333], [54.586, 24.627416666666665], [54.586083333333335, 24.627416666666665], [54.586083333333335, 24.62725], [54.586416666666665, 24.62725], [54.586416666666665, 24.627333333333333], [54.587583333333335, 24.627333333333333], [54.587583333333335, 24.627416666666665], [54.58783333333333, 24.627416666666665], [54.58783333333333, 24.627499999999998], [54.588166666666666, 24.627499999999998], [54.588166666666666, 24.62758333333333], [54.588249999999995, 24.62758333333333], [54.588249999999995, 24.627666666666666], [54.58841666666667, 24.627666666666666], [54.58841666666667, 24.62775], [54.58858333333333, 24.62775], [54.58858333333333, 24.62783333333333], [54.58875, 24.62783333333333], [54.58875, 24.627916666666664], [54.58883333333333, 24.627916666666664], [54.58883333333333, 24.628083333333333], [54.58891666666666, 24.628083333333333], [54.58891666666666, 24.628166666666665], [54.589, 24.628166666666665], [54.589, 24.628249999999998], [54.589166666666664, 24.628249999999998], [54.589166666666664, 24.62833333333333], [54.58925, 24.62833333333333], [54.58925, 24.6285], [54.58933333333333, 24.6285], [54.58933333333333, 24.62858333333333], [54.589416666666665, 24.62858333333333], [54.589416666666665, 24.62875], [54.58958333333333, 24.62875], [54.58958333333333, 24.629166666666666], [54.589666666666666, 24.629166666666666], [54.589666666666666, 24.629416666666664], [54.589749999999995, 24.629416666666664], [54.589749999999995, 24.63083333333333], [54.589666666666666, 24.63083333333333], [54.589666666666666, 24.631166666666665], [54.58958333333333, 24.631166666666665], [54.58958333333333, 24.631416666666667], [54.589416666666665, 24.631416666666667], [54.589416666666665, 24.6315], [54.58933333333333, 24.6315], [54.58933333333333, 24.631416666666667], [54.58925, 24.631416666666667], [54.58925, 24.63133333333333], [54.589166666666664, 24.63133333333333], [54.589166666666664, 24.631916666666665], [54.589083333333335, 24.631916666666665], [54.589083333333335, 24.631999999999998], [54.58891666666666, 24.631999999999998], [54.58891666666666, 24.63208333333333], [54.58883333333333, 24.63208333333333], [54.58883333333333, 24.632166666666667], [54.58875, 24.632166666666667], [54.58875, 24.63233333333333], [54.58866666666666, 24.63233333333333], [54.58866666666666, 24.63225], [54.58858333333333, 24.63225], [54.58858333333333, 24.632416666666664], [54.58841666666667, 24.632416666666664], [54.58841666666667, 24.6325], [54.58833333333333, 24.6325], [54.58833333333333, 24.632583333333333], [54.588166666666666, 24.632583333333333], [54.588166666666666, 24.632666666666665], [54.58808333333333, 24.632666666666665], [54.58808333333333, 24.632749999999998], [54.588, 24.632749999999998], [54.588, 24.632666666666665], [54.587916666666665, 24.632666666666665], [54.587916666666665, 24.632749999999998], [54.58775, 24.632749999999998], [54.58775, 24.63283333333333], [54.58741666666666, 24.63283333333333], [54.58741666666666, 24.632916666666667], [54.58733333333333, 24.632916666666667], [54.58733333333333, 24.63283333333333], [54.58725, 24.63283333333333], [54.58725, 24.632916666666667], [54.58716666666666, 24.632916666666667], [54.58716666666666, 24.63283333333333], [54.58708333333333, 24.63283333333333], [54.58708333333333, 24.632916666666667], [54.586999999999996, 24.632916666666667], [54.586999999999996, 24.63283333333333], [54.58691666666667, 24.63283333333333], [54.58691666666667, 24.632916666666667], [54.58683333333333, 24.632916666666667], [54.58683333333333, 24.63283333333333], [54.586666666666666, 24.63283333333333], [54.586666666666666, 24.632916666666667], [54.5865, 24.632916666666667], [54.5865, 24.63283333333333], [54.586166666666664, 24.63283333333333], [54.586166666666664, 24.632916666666667], [54.586083333333335, 24.632916666666667]], [[54.58508333333333, 24.63225], [54.585249999999995, 24.63225], [54.585249999999995, 24.631916666666665], [54.585166666666666, 24.631916666666665], [54.585166666666666, 24.631999999999998], [54.58508333333333, 24.631999999999998], [54.58508333333333, 24.63225]], [[54.58533333333333, 24.631], [54.585499999999996, 24.631], [54.585499999999996, 24.630916666666664], [54.58583333333333, 24.630916666666664], [54.58583333333333, 24.63083333333333], [54.586, 24.63083333333333], [54.586, 24.63075], [54.586083333333335, 24.63075], [54.586083333333335, 24.630666666666666], [54.586166666666664, 24.630666666666666], [54.586166666666664, 24.63058333333333], [54.58625, 24.63058333333333], [54.58625, 24.630499999999998], [54.58633333333333, 24.630499999999998], [54.58633333333333, 24.630416666666665], [54.586416666666665, 24.630416666666665], [54.586416666666665, 24.630333333333333], [54.5865, 24.630333333333333], [54.5865, 24.63025], [54.58658333333333, 24.63025], [54.58658333333333, 24.630166666666664], [54.586666666666666, 24.630166666666664], [54.586666666666666, 24.63008333333333], [54.58658333333333, 24.63008333333333], [54.58658333333333, 24.63], [54.586666666666666, 24.63], [54.586666666666666, 24.629916666666666], [54.586, 24.629916666666666], [54.586, 24.62983333333333], [54.58591666666666, 24.62983333333333], [54.58591666666666, 24.630166666666664], [54.58541666666667, 24.630166666666664], [54.58541666666667, 24.63025], [54.585, 24.63025], [54.585, 24.630333333333333], [54.58475, 24.630333333333333], [54.58475, 24.630499999999998], [54.58483333333333, 24.630499999999998], [54.58483333333333, 24.63058333333333], [54.585, 24.63058333333333], [54.585, 24.630666666666666], [54.585249999999995, 24.630666666666666], [54.585249999999995, 24.63075], [54.58533333333333, 24.63075], [54.58533333333333, 24.631]], [[54.584666666666664, 24.630333333333333], [54.58475, 24.630333333333333], [54.58475, 24.63025], [54.584666666666664, 24.63025], [54.584666666666664, 24.630333333333333]], [[54.5845, 24.63025], [54.584666666666664, 24.63025], [54.584666666666664, 24.630166666666664], [54.5845, 24.630166666666664], [54.5845, 24.63025]], [[54.58508333333333, 24.62933333333333], [54.585249999999995, 24.62933333333333], [54.585249999999995, 24.62925], [54.58533333333333, 24.62925], [54.58533333333333, 24.62908333333333], [54.58541666666667, 24.62908333333333], [54.58541666666667, 24.628999999999998], [54.58558333333333, 24.628999999999998], [54.58558333333333, 24.628666666666664], [54.585499999999996, 24.628666666666664], [54.585499999999996, 24.6285], [54.585249999999995, 24.6285], [54.585249999999995, 24.628666666666664], [54.585166666666666, 24.628666666666664], [54.585166666666666, 24.62875], [54.58508333333333, 24.62875], [54.58508333333333, 24.628833333333333], [54.584916666666665, 24.628833333333333], [54.584916666666665, 24.628999999999998], [54.58475, 24.628999999999998], [54.58475, 24.629166666666666], [54.58483333333333, 24.629166666666666], [54.58483333333333, 24.62925], [54.58508333333333, 24.62925], [54.58508333333333, 24.62933333333333]]]}}, {"type": "Feature", "properties": {"stand": "ADN5"}, "geometry": {"type": "Polygon", "coordinates": [[[54.61158333333333, 24.63583333333333], [54.61158333333333, 24.635749999999998], [54.61141666666666, 24.635749999999998], [54.61141666666666, 24.635666666666665], [54.61125, 24.635666666666665], [54.61125, 24.635499999999997], [54.61108333333333, 24.635499999999997], [54.61108333333333, 24.635416666666664], [54.611, 24.635416666666664], [54.611, 24.63533333333333], [54.61091666666667, 24.63533333333333], [54.61091666666667, 24.63525], [54.61083333333333, 24.63525], [54.61083333333333, 24.63508333333333], [54.610749999999996, 24.63508333333333], [54.610749999999996, 24.634999999999998], [54.61066666666667, 24.634999999999998], [54.61066666666667, 24.634916666666665], [54.61058333333333, 24.634916666666665], [54.61058333333333, 24.634833333333333], [54.610499999999995, 24.634833333333333], [54.610499999999995, 24.634749999999997], [54.610416666666666, 24.634749999999997], [54.610416666666666, 24.634416666666667], [54.61033333333333, 24.634416666666667], [54.61033333333333, 24.63433333333333], [54.61025, 24.63433333333333], [54.61025, 24.634249999999998], [54.61033333333333, 24.634249999999998], [54.61033333333333, 24.634166666666665], [54.61025, 24.634166666666665], [54.61025, 24.634083333333333], [54.610166666666665, 24.634083333333333], [54.610166666666665, 24.633916666666664], [54.61025, 24.633916666666664], [54.61025, 24.63308333333333], [54.610166666666665, 24.63308333333333], [54.610166666666665, 24.633], [54.61008333333333, 24.633], [54.61008333333333, 24.632749999999998], [54.61, 24.632749999999998], [54.61, 24.632666666666665], [54.60991666666666, 24.632666666666665], [54.60991666666666, 24.6325], [54.60941666666667, 24.6325], [54.60941666666667, 24.632416666666664], [54.60908333333333, 24.632416666666664], [54.60908333333333, 24.63233333333333], [54.60883333333333, 24.63233333333333], [54.60883333333333, 24.63225], [54.608666666666664, 24.63225], [54.608666666666664, 24.632166666666667], [54.6085, 24.632166666666667], [54.6085, 24.63208333333333], [54.60841666666666, 24.63208333333333], [54.60841666666666, 24.631999999999998], [54.608333333333334, 24.631999999999998], [54.608333333333334, 24.63175], [54.60825, 24.63175], [54.60825, 24.631666666666664], [54.60816666666666, 24.631666666666664], [54.60816666666666, 24.63158333333333], [54.60808333333333, 24.63158333333333], [54.60808333333333, 24.631416666666667], [54.608, 24.631416666666667], [54.608, 24.630916666666664], [54.60808333333333, 24.630916666666664], [54.60808333333333, 24.63083333333333], [54.60816666666666, 24.63083333333333], [54.60816666666666, 24.630666666666666], [54.60825, 24.630666666666666], [54.60825, 24.630416666666665], [54.60816666666666, 24.630416666666665], [54.60816666666666, 24.630333333333333], [54.60808333333333, 24.630333333333333], [54.60808333333333, 24.63025], [54.608, 24.63025], [54.608, 24.630166666666664], [54.60791666666667, 24.630166666666664], [54.60791666666667, 24.63], [54.60808333333333, 24.63], [54.60808333333333, 24.62983333333333], [54.60816666666666, 24.62983333333333], [54.60816666666666, 24.629583333333333], [54.60825, 24.629583333333333], [54.60825, 24.628666666666664], [54.60816666666666, 24.628666666666664], [54.60816666666666, 24.628249999999998], [54.60808333333333, 24.628249999999998], [54.60808333333333, 24.627916666666664], [54.60816666666666, 24.627916666666664], [54.60816666666666, 24.62783333333333], [54.60825, 24.62783333333333], [54.60825, 24.62775], [54.60841666666666, 24.62775], [54.60841666666666, 24.627666666666666], [54.60858333333333, 24.627666666666666], [54.60858333333333, 24.62758333333333], [54.608666666666664, 24.62758333333333], [54.608666666666664, 24.627499999999998], [54.608916666666666, 24.627499999999998], [54.608916666666666, 24.627416666666665], [54.608999999999995, 24.627416666666665], [54.608999999999995, 24.62725], [54.60908333333333, 24.62725], [54.60908333333333, 24.627333333333333], [54.60941666666667, 24.627333333333333], [54.60941666666667, 24.627166666666664], [54.6095, 24.627166666666664], [54.6095, 24.62725], [54.60958333333333, 24.62725], [54.60958333333333, 24.62708333333333], [54.61, 24.62708333333333], [54.61, 24.627166666666664], [54.611333333333334, 24.627166666666664], [54.611333333333334, 24.62725], [54.611666666666665, 24.62725], [54.611666666666665, 24.627333333333333], [54.611999999999995, 24.627333333333333], [54.611999999999995, 24.627416666666665], [54.61208333333333, 24.627416666666665], [54.61208333333333, 24.627499999999998], [54.612249999999996, 24.627499999999998], [54.612249999999996, 24.62758333333333], [54.61233333333333, 24.62758333333333], [54.61233333333333, 24.627666666666666], [54.61258333333333, 24.627666666666666], [54.61258333333333, 24.62783333333333], [54.61266666666666, 24.62783333333333], [54.61266666666666, 24.627916666666664], [54.61275, 24.627916666666664], [54.61275, 24.628], [54.612833333333334, 24.628], [54.612833333333334, 24.628083333333333], [54.61291666666666, 24.628083333333333], [54.61291666666666, 24.628166666666665], [54.613, 24.628166666666665], [54.613, 24.62833333333333], [54.613166666666665, 24.62833333333333], [54.613166666666665, 24.6285], [54.61325, 24.6285], [54.61325, 24.62858333333333], [54.61333333333333, 24.62858333333333], [54.61333333333333, 24.628666666666664], [54.613416666666666, 24.628666666666664], [54.613416666666666, 24.628916666666665], [54.61366666666667, 24.628916666666665], [54.61366666666667, 24.628999999999998], [54.61391666666667, 24.628999999999998], [54.61391666666667, 24.62908333333333], [54.61416666666666, 24.62908333333333], [54.61416666666666, 24.629166666666666], [54.61441666666666, 24.629166666666666], [54.61441666666666, 24.62925], [54.6145, 24.62925], [54.6145, 24.62933333333333], [54.61458333333333, 24.62933333333333], [54.61458333333333, 24.629583333333333], [54.6145, 24.629583333333333], [54.6145, 24.62983333333333], [54.614333333333335, 24.62983333333333], [54.614333333333335, 24.629916666666666], [54.61425, 24.629916666666666], [54.61425, 24.63], [54.61416666666666, 24.63], [54.61416666666666, 24.63008333333333], [54.61408333333333, 24.63008333333333], [54.61408333333333, 24.630166666666664], [54.61383333333333, 24.630166666666664], [54.61383333333333, 24.63025], [54.61358333333333, 24.63025], [54.61358333333333, 24.630333333333333], [54.613166666666665, 24.630333333333333], [54.613166666666665, 24.630499999999998], [54.61325, 24.630499999999998], [54.61325, 24.63058333333333], [54.61333333333333, 24.63058333333333], [54.61333333333333, 24.630666666666666], [54.61325, 24.630666666666666], [54.61325, 24.63075], [54.613166666666665, 24.63075], [54.613166666666665, 24.630916666666664], [54.61308333333333, 24.630916666666664], [54.61308333333333, 24.631], [54.613, 24.631], [54.613, 24.631083333333333], [54.61291666666666, 24.631083333333333], [54.61291666666666, 24.631166666666665], [54.61266666666666, 24.631166666666665], [54.61266666666666, 24.631083333333333], [54.61258333333333, 24.631083333333333], [54.61258333333333, 24.631166666666665], [54.61233333333333, 24.631166666666665], [54.61233333333333, 24.631249999999998], [54.612249999999996, 24.631249999999998], [54.612249999999996, 24.631083333333333], [54.61216666666667, 24.631083333333333], [54.61216666666667, 24.631], [54.611999999999995, 24.631], [54.611999999999995, 24.631083333333333], [54.611916666666666, 24.631083333333333], [54.611916666666666, 24.631], [54.61158333333333, 24.631], [54.61158333333333, 24.6315], [54.611666666666665, 24.6315], [54.611666666666665, 24.63158333333333], [54.61175, 24.63158333333333], [54.61175, 24.631666666666664], [54.611916666666666, 24.631666666666664], [54.611916666666666, 24.63175], [54.611999999999995, 24.63175], [54.611999999999995, 24.631833333333333], [54.61208333333333, 24.631833333333333], [54.61208333333333, 24.631916666666665], [54.612249999999996, 24.631916666666665], [54.612249999999996, 24.631833333333333], [54.61233333333333, 24.631833333333333], [54.61233333333333, 24.631916666666665], [54.6125, 24.631916666666665], [54.6125, 24.631999999999998], [54.61258333333333, 24.631999999999998], [54.61258333333333, 24.63225], [54.61266666666666, 24.63225], [54.61266666666666, 24.63233333333333], [54.61275, 24.63233333333333], [54.61275, 24.632416666666664], [54.612833333333334, 24.632416666666664], [54.612833333333334, 24.6325], [54.61291666666666, 24.6325], [54.61291666666666, 24.632583333333333], [54.613, 24.632583333333333], [54.613, 24.632916666666667], [54.613166666666665, 24.632916666666667], [54.613166666666665, 24.633], [54.61325, 24.633], [54.61325, 24.633166666666664], [54.61358333333333, 24.633166666666664], [54.61358333333333, 24.63308333333333], [54.61391666666667, 24.63308333333333], [54.61391666666667, 24.633], [54.614, 24.633], [54.614, 24.632916666666667], [54.61408333333333, 24.632916666666667], [54.61408333333333, 24.632749999999998], [54.614, 24.632749999999998], [54.614, 24.631916666666665], [54.61416666666666, 24.631916666666665], [54.61416666666666, 24.6315], [54.61425, 24.6315], [54.61425, 24.63133333333333], [54.61416666666666, 24.63133333333333], [54.61416666666666, 24.631249999999998], [54.61408333333333, 24.631249999999998], [54.61408333333333, 24.631166666666665], [54.61391666666667, 24.631166666666665], [54.61391666666667, 24.631], [54.61416666666666, 24.631], [54.61416666666666, 24.631083333333333], [54.61441666666666, 24.631083333333333], [54.61441666666666, 24.63083333333333], [54.614666666666665, 24.63083333333333], [54.614666666666665, 24.630916666666664], [54.61475, 24.630916666666664], [54.61475, 24.631916666666665], [54.61483333333333, 24.631916666666665], [54.61483333333333, 24.632666666666665], [54.614666666666665, 24.632666666666665], [54.614666666666665, 24.633], [54.61458333333333, 24.633], [54.61458333333333, 24.633166666666664], [54.61441666666666, 24.633166666666664], [54.61441666666666, 24.633333333333333], [54.61416666666666, 24.633333333333333], [54.61416666666666, 24.633416666666665], [54.61408333333333, 24.633416666666665], [54.61408333333333, 24.633499999999998], [54.614, 24.633499999999998], [54.614, 24.63358333333333], [54.614333333333335, 24.63358333333333], [54.614333333333335, 24.633499999999998], [54.61441666666666, 24.633499999999998], [54.61441666666666, 24.63358333333333], [54.6145, 24.63358333333333], [54.6145, 24.633916666666664], [54.61441666666666, 24.633916666666664], [54.61441666666666, 24.634166666666665], [54.61425, 24.634166666666665], [54.61425, 24.634249999999998], [54.61416666666666, 24.634249999999998], [54.61416666666666, 24.63433333333333], [54.61391666666667, 24.63433333333333], [54.61391666666667, 24.634249999999998], [54.61383333333333, 24.634249999999998], [54.61383333333333, 24.634166666666665], [54.61366666666667, 24.634166666666665], [54.61366666666667, 24.63383333333333], [54.61383333333333, 24.63383333333333], [54.61383333333333, 24.63375], [54.613749999999996, 24.63375], [54.613749999999996, 24.633666666666667], [54.613499999999995, 24.633666666666667], [54.613499999999995, 24.63383333333333], [54.61333333333333, 24.63383333333333], [54.61333333333333, 24.633916666666664], [54.61308333333333, 24.633916666666664], [54.61308333333333, 24.634249999999998], [54.61325, 24.634249999999998], [54.61325, 24.6345], [54.613166666666665, 24.6345], [54.613166666666665, 24.63458333333333], [54.61308333333333, 24.63458333333333], [54.61308333333333, 24.634666666666664], [54.61291666666666, 24.634666666666664], [54.61291666666666, 24.634916666666665], [54.613, 24.634916666666665], [54.613, 24.63508333333333], [54.61266666666666, 24.63508333333333], [54.61266666666666, 24.634999999999998], [54.61258333333333, 24.634999999999998], [54.61258333333333, 24.634749999999997], [54.6125, 24.634749999999997], [54.6125, 24.634666666666664], [54.61241666666667, 24.634666666666664], [54.61241666666667, 24.63458333333333], [54.61233333333333, 24.63458333333333], [54.61233333333333, 24.634749999999997], [54.61216666666667, 24.634749999999997], [54.61216666666667, 24.634916666666665], [54.61208333333333, 24.634916666666665], [54.61208333333333, 24.63508333333333], [54.611999999999995, 24.63508333333333], [54.611999999999995, 24.63533333333333], [54.611916666666666, 24.63533333333333], [54.611916666666666, 24.635749999999998], [54.61175, 24.635749999999998], [54.61175, 24.63583333333333], [54.61158333333333, 24.63583333333333]], [[54.61116666666666, 24.634249999999998], [54.611333333333334, 24.634249999999998], [54.611333333333334, 24.634166666666665], [54.61125, 24.634166666666665], [54.61125, 24.634083333333333], [54.611, 24.634083333333333], [54.611, 24.634166666666665], [54.61116666666666, 24.634166666666665], [54.61116666666666, 24.634249999999998]], [[54.61108333333333, 24.63375], [54.61116666666666, 24.63375], [54.61116666666666, 24.633666666666667], [54.61108333333333, 24.633666666666667], [54.61108333333333, 24.63375]], [[54.61091666666667, 24.633666666666667], [54.61108333333333, 24.633666666666667], [54.61108333333333, 24.63358333333333], [54.61091666666667, 24.63358333333333], [54.61091666666667, 24.633666666666667]], [[54.6115, 24.63308333333333], [54.61158333333333, 24.63308333333333], [54.61158333333333, 24.633], [54.6115, 24.633], [54.6115, 24.63308333333333]], [[54.610749999999996, 24.6325], [54.61083333333333, 24.6325], [54.61083333333333, 24.63233333333333], [54.610749999999996, 24.63233333333333], [54.610749999999996, 24.6325]], [[54.6125, 24.631083333333333], [54.61258333333333, 24.631083333333333], [54.61258333333333, 24.631], [54.6125, 24.631], [54.6125, 24.631083333333333]], [[54.6115, 24.630666666666666], [54.611666666666665, 24.630666666666666], [54.611666666666665, 24.63058333333333], [54.61183333333333, 24.63058333333333], [54.61183333333333, 24.630416666666665], [54.611666666666665, 24.630416666666665], [54.611666666666665, 24.63025], [54.61158333333333, 24.63025], [54.61158333333333, 24.63008333333333], [54.6115, 24.63008333333333], [54.6115, 24.63], [54.61125, 24.63], [54.61125, 24.629916666666666], [54.61108333333333, 24.629916666666666], [54.61108333333333, 24.62983333333333], [54.61116666666666, 24.62983333333333], [54.61116666666666, 24.629666666666665], [54.611, 24.629666666666665], [54.611, 24.629916666666666], [54.610416666666666, 24.629916666666666], [54.610416666666666, 24.629666666666665], [54.610499999999995, 24.629666666666665], [54.610499999999995, 24.629416666666664], [54.61058333333333, 24.629416666666664], [54.61058333333333, 24.62933333333333], [54.610499999999995, 24.62933333333333], [54.610499999999995, 24.62908333333333], [54.61033333333333, 24.62908333333333], [54.61033333333333, 24.62933333333333], [54.610166666666665, 24.62933333333333], [54.610166666666665, 24.629416666666664], [54.61, 24.629416666666664], [54.61, 24.6295], [54.609833333333334, 24.6295], [54.609833333333334, 24.629583333333333], [54.60975, 24.629583333333333], [54.60975, 24.629666666666665], [54.60966666666666, 24.629666666666665], [54.60966666666666, 24.629583333333333], [54.6095, 24.629583333333333], [54.6095, 24.629666666666665], [54.60933333333333, 24.629666666666665], [54.60933333333333, 24.629749999999998], [54.609249999999996, 24.629749999999998], [54.609249999999996, 24.62983333333333], [54.60916666666667, 24.62983333333333], [54.60916666666667, 24.63008333333333], [54.609249999999996, 24.63008333333333], [54.609249999999996, 24.630166666666664], [54.60941666666667, 24.630166666666664], [54.60941666666667, 24.63025], [54.61025, 24.63025], [54.61025, 24.630333333333333], [54.610166666666665, 24.630333333333333], [54.610166666666665, 24.630416666666665], [54.61025, 24.630416666666665], [54.61025, 24.630499999999998], [54.610499999999995, 24.630499999999998], [54.610499999999995, 24.63058333333333], [54.6115, 24.63058333333333], [54.6115, 24.630666666666666]], [[54.61125, 24.62933333333333], [54.61141666666666, 24.62933333333333], [54.61141666666666, 24.62925], [54.61158333333333, 24.62925], [54.61158333333333, 24.62908333333333], [54.61175, 24.62908333333333], [54.61175, 24.628999999999998], [54.61183333333333, 24.628999999999998], [54.61183333333333, 24.62875], [54.611916666666666, 24.62875], [54.611916666666666, 24.628666666666664], [54.61183333333333, 24.628666666666664], [54.61183333333333, 24.628416666666666], [54.61175, 24.628416666666666], [54.61175, 24.628249999999998], [54.611666666666665, 24.628249999999998], [54.611666666666665, 24.628166666666665], [54.611333333333334, 24.628166666666665], [54.611333333333334, 24.628249999999998], [54.61116666666666, 24.628249999999998], [54.61116666666666, 24.62858333333333], [54.61125, 24.62858333333333], [54.61125, 24.628666666666664], [54.61116666666666, 24.628666666666664], [54.61116666666666, 24.62875], [54.611, 24.62875], [54.611, 24.62908333333333], [54.61108333333333, 24.62908333333333], [54.61108333333333, 24.62925], [54.61125, 24.62925], [54.61125, 24.62933333333333]], [[54.610749999999996, 24.628999999999998], [54.61083333333333, 24.628999999999998], [54.61083333333333, 24.628916666666665], [54.610749999999996, 24.628916666666665], [54.610749999999996, 24.628999999999998]], [[54.612249999999996, 24.628666666666664], [54.61233333333333, 24.628666666666664], [54.61233333333333, 24.6285], [54.612249999999996, 24.6285], [54.612249999999996, 24.628666666666664]]]}}, {"type": "Feature", "properties": {"stand": "ADN10"}, "geometry": {"type": "Polygon", "coordinates": [[[54.59291666666667, 24.63175], [54.59291666666667, 24.631666666666664], [54.592749999999995, 24.631666666666664], [54.592749999999995, 24.63158333333333], [54.592666666666666, 24.63158333333333], [54.592666666666666, 24.631416666666667], [54.59258333333333, 24.631416666666667], [54.59258333333333, 24.631249999999998], [54.5925, 24.631249999999998], [54.5925, 24.630916666666664], [54.592416666666665, 24.630916666666664], [54.592416666666665, 24.63083333333333], [54.5925, 24.63083333333333], [54.5925, 24.63075], [54.592416666666665, 24.63075], [54.592416666666665, 24.630666666666666], [54.59233333333333, 24.630666666666666], [54.59233333333333, 24.630499999999998], [54.59225, 24.630499999999998], [54.59225, 24.630333333333333], [54.59233333333333, 24.630333333333333], [54.59233333333333, 24.63025], [54.592416666666665, 24.63025], [54.592416666666665, 24.63], [54.5925, 24.63], [54.5925, 24.629916666666666], [54.592749999999995, 24.629916666666666], [54.592749999999995, 24.62983333333333], [54.59283333333333, 24.62983333333333], [54.59283333333333, 24.629749999999998], [54.59291666666667, 24.629749999999998], [54.59291666666667, 24.6295], [54.59283333333333, 24.6295], [54.59283333333333, 24.62933333333333], [54.592749999999995, 24.62933333333333], [54.592749999999995, 24.629166666666666], [54.59283333333333, 24.629166666666666], [54.59283333333333, 24.628999999999998], [54.592749999999995, 24.628999999999998], [54.592749999999995, 24.628916666666665], [54.59283333333333, 24.628916666666665], [54.59283333333333, 24.628833333333333], [54.59291666666667, 24.628833333333333], [54.59291666666667, 24.62875], [54.592999999999996, 24.62875], [54.592999999999996, 24.628666666666664], [54.59308333333333, 24.628666666666664], [54.59308333333333, 24.62858333333333], [54.59316666666666, 24.62858333333333], [54.59316666666666, 24.6285], [54.59325, 24.6285], [54.59325, 24.628416666666666], [54.593333333333334, 24.628416666666666], [54.593333333333334, 24.62833333333333], [54.59358333333333, 24.62833333333333], [54.59358333333333, 24.628416666666666], [54.593666666666664, 24.628416666666666], [54.593666666666664, 24.6285], [54.59375, 24.6285], [54.59375, 24.628666666666664], [54.59383333333333, 24.628666666666664], [54.59383333333333, 24.62875], [54.593916666666665, 24.62875], [54.593916666666665, 24.628999999999998], [54.594, 24.628999999999998], [54.594, 24.629166666666666], [54.593916666666665, 24.629166666666666], [54.593916666666665, 24.62933333333333], [54.59383333333333, 24.62933333333333], [54.59383333333333, 24.629416666666664], [54.59375, 24.629416666666664], [54.59375, 24.629583333333333], [54.593666666666664, 24.629583333333333], [54.593666666666664, 24.62983333333333], [54.59383333333333, 24.62983333333333], [54.59383333333333, 24.629749999999998], [54.593916666666665, 24.629749999999998], [54.593916666666665, 24.6295], [54.59408333333333, 24.6295], [54.59408333333333, 24.629583333333333], [54.594249999999995, 24.629583333333333], [54.594249999999995, 24.629666666666665], [54.594833333333334, 24.629666666666665], [54.594833333333334, 24.629749999999998], [54.59508333333333, 24.629749999999998], [54.59508333333333, 24.629666666666665], [54.59533333333333, 24.629666666666665], [54.59533333333333, 24.629583333333333], [54.595416666666665, 24.629583333333333], [54.595416666666665, 24.6295], [54.595666666666666, 24.6295], [54.595666666666666, 24.629666666666665], [54.59583333333333, 24.629666666666665], [54.59583333333333, 24.629583333333333], [54.59591666666667, 24.629583333333333], [54.59591666666667, 24.6295], [54.596, 24.6295], [54.596, 24.629416666666664], [54.59608333333333, 24.629416666666664], [54.59608333333333, 24.62933333333333], [54.59616666666666, 24.62933333333333], [54.59616666666666, 24.629166666666666], [54.59625, 24.629166666666666], [54.59625, 24.62908333333333], [54.59616666666666, 24.62908333333333], [54.59616666666666, 24.628999999999998], [54.59625, 24.628999999999998], [54.59625, 24.628833333333333], [54.596333333333334, 24.628833333333333], [54.596333333333334, 24.62875], [54.5965, 24.62875], [54.5965, 24.628666666666664], [54.59658333333333, 24.628666666666664], [54.59658333333333, 24.6285], [54.59675, 24.6285], [54.59675, 24.62833333333333], [54.596666666666664, 24.62833333333333], [54.596666666666664, 24.628249999999998], [54.59675, 24.628249999999998], [54.59675, 24.628166666666665], [54.596666666666664, 24.628166666666665], [54.596666666666664, 24.628083333333333], [54.59658333333333, 24.628083333333333], [54.59658333333333, 24.628], [54.596666666666664, 24.628], [54.596666666666664, 24.62775], [54.59675, 24.62775], [54.59675, 24.627666666666666], [54.59683333333333, 24.627666666666666], [54.59683333333333, 24.62783333333333], [54.597, 24.62783333333333], [54.597, 24.627666666666666], [54.597166666666666, 24.627666666666666], [54.597166666666666, 24.62758333333333], [54.59733333333333, 24.62758333333333], [54.59733333333333, 24.627333333333333], [54.597249999999995, 24.627333333333333], [54.597249999999995, 24.62725], [54.596916666666665, 24.62725], [54.596916666666665, 24.627166666666664], [54.59675, 24.627166666666664], [54.59675, 24.62725], [54.59658333333333, 24.62725], [54.59658333333333, 24.627166666666664], [54.59625, 24.627166666666664], [54.59625, 24.62708333333333], [54.596, 24.62708333333333], [54.596, 24.627], [54.59591666666667, 24.627], [54.59591666666667, 24.62708333333333], [54.59583333333333, 24.62708333333333], [54.59583333333333, 24.627], [54.595666666666666, 24.627], [54.595666666666666, 24.626916666666666], [54.5955, 24.626916666666666], [54.5955, 24.627], [54.59533333333333, 24.627], [54.59533333333333, 24.62708333333333], [54.59525, 24.62708333333333], [54.59525, 24.627], [54.59508333333333, 24.627], [54.59508333333333, 24.626916666666666], [54.595, 24.626916666666666], [54.595, 24.62683333333333], [54.594833333333334, 24.62683333333333], [54.594833333333334, 24.626583333333333], [54.59525, 24.626583333333333], [54.59525, 24.6265], [54.595166666666664, 24.6265], [54.595166666666664, 24.626416666666664], [54.59508333333333, 24.626416666666664], [54.59508333333333, 24.62625], [54.595, 24.62625], [54.595, 24.626166666666666], [54.59491666666666, 24.626166666666666], [54.59491666666666, 24.62608333333333], [54.59475, 24.62608333333333], [54.59475, 24.626166666666666], [54.59458333333333, 24.626166666666666], [54.59458333333333, 24.62625], [54.59441666666667, 24.62625], [54.59441666666667, 24.626166666666666], [54.59433333333333, 24.626166666666666], [54.59433333333333, 24.625666666666664], [54.59441666666667, 24.625666666666664], [54.59441666666667, 24.62558333333333], [54.594833333333334, 24.62558333333333], [54.594833333333334, 24.625249999999998], [54.59475, 24.625249999999998], [54.59475, 24.625166666666665], [54.5945, 24.625166666666665], [54.5945, 24.625], [54.59458333333333, 24.625], [54.59458333333333, 24.624666666666666], [54.5945, 24.624666666666666], [54.5945, 24.624499999999998], [54.59441666666667, 24.624499999999998], [54.59441666666667, 24.624333333333333], [54.59433333333333, 24.624333333333333], [54.59433333333333, 24.62425], [54.59441666666667, 24.62425], [54.59441666666667, 24.624166666666664], [54.59433333333333, 24.624166666666664], [54.59433333333333, 24.624], [54.594249999999995, 24.624], [54.594249999999995, 24.623916666666666], [54.594166666666666, 24.623916666666666], [54.594166666666666, 24.623749999999998], [54.594249999999995, 24.623749999999998], [54.594249999999995, 24.623666666666665], [54.59433333333333, 24.623666666666665], [54.59433333333333, 24.6235], [54.59441666666667, 24.6235], [54.59441666666667, 24.623583333333332], [54.5945, 24.623583333333332], [54.5945, 24.623666666666665], [54.59466666666666, 24.623666666666665], [54.59466666666666, 24.623749999999998], [54.59475, 24.623749999999998], [54.59475, 24.623833333333334], [54.594833333333334, 24.623833333333334], [54.594833333333334, 24.623916666666666], [54.59491666666666, 24.623916666666666], [54.59491666666666, 24.624], [54.595, 24.624], [54.595, 24.624166666666664], [54.59508333333333, 24.624166666666664], [54.59508333333333, 24.62425], [54.595, 24.62425], [54.595, 24.624499999999998], [54.59508333333333, 24.624499999999998], [54.59508333333333, 24.624916666666664], [54.59525, 24.624916666666664], [54.59525, 24.625], [54.5955, 24.625], [54.5955, 24.624916666666664], [54.59558333333333, 24.624916666666664], [54.59558333333333, 24.62483333333333], [54.595666666666666, 24.62483333333333], [54.595666666666666, 24.624666666666666], [54.59583333333333, 24.624666666666666], [54.59583333333333, 24.62458333333333], [54.59591666666667, 24.62458333333333], [54.59591666666667, 24.624499999999998], [54.596, 24.624499999999998], [54.596, 24.624416666666665], [54.59608333333333, 24.624416666666665], [54.59608333333333, 24.624499999999998], [54.59616666666666, 24.624499999999998], [54.59616666666666, 24.62458333333333], [54.59625, 24.62458333333333], [54.59625, 24.624666666666666], [54.596333333333334, 24.624666666666666], [54.596333333333334, 24.62483333333333], [54.59641666666666, 24.62483333333333], [54.59641666666666, 24.625], [54.59625, 24.625], [54.59625, 24.625083333333333], [54.59616666666666, 24.625083333333333], [54.59616666666666, 24.625249999999998], [54.59625, 24.625249999999998], [54.59625, 24.625166666666665], [54.59641666666666, 24.625166666666665], [54.59641666666666, 24.625083333333333], [54.59658333333333, 24.625083333333333], [54.59658333333333, 24.625], [54.596666666666664, 24.625], [54.596666666666664, 24.62483333333333], [54.59675, 24.62483333333333], [54.59675, 24.624666666666666], [54.59683333333333, 24.624666666666666], [54.59683333333333, 24.62458333333333], [54.59675, 24.62458333333333], [54.59675, 24.624499999999998], [54.596333333333334, 24.624499999999998], [54.596333333333334, 24.62425], [54.59625, 24.62425], [54.59625, 24.62408333333333], [54.59616666666666, 24.62408333333333], [54.59616666666666, 24.624], [54.596, 24.624], [54.596, 24.623833333333334], [54.59608333333333, 24.623833333333334], [54.59608333333333, 24.623749999999998], [54.596333333333334, 24.623749999999998], [54.596333333333334, 24.623583333333332], [54.5965, 24.623583333333332], [54.5965, 24.623833333333334], [54.59658333333333, 24.623833333333334], [54.59658333333333, 24.623916666666666], [54.596916666666665, 24.623916666666666], [54.596916666666665, 24.623749999999998], [54.59683333333333, 24.623749999999998], [54.59683333333333, 24.623666666666665], [54.59675, 24.623666666666665], [54.59675, 24.623583333333332], [54.596666666666664, 24.623583333333332], [54.596666666666664, 24.6235], [54.59675, 24.6235], [54.59675, 24.623416666666664], [54.59683333333333, 24.623416666666664], [54.59683333333333, 24.62325], [54.59675, 24.62325], [54.59675, 24.622999999999998], [54.59683333333333, 24.622999999999998], [54.59683333333333, 24.622916666666665], [54.596916666666665, 24.622916666666665], [54.596916666666665, 24.622999999999998], [54.597, 24.622999999999998], [54.597, 24.62325], [54.597166666666666, 24.62325], [54.597166666666666, 24.6235], [54.597249999999995, 24.6235], [54.597249999999995, 24.623583333333332], [54.59733333333333, 24.623583333333332], [54.59733333333333, 24.623749999999998], [54.59741666666667, 24.623749999999998], [54.59741666666667, 24.623833333333334], [54.59775, 24.623833333333334], [54.59775, 24.623916666666666], [54.598, 24.623916666666666], [54.598, 24.624], [54.59808333333333, 24.624], [54.59808333333333, 24.624166666666664], [54.59833333333333, 24.624166666666664], [54.59833333333333, 24.62425], [54.598416666666665, 24.62425], [54.598416666666665, 24.624333333333333], [54.59858333333333, 24.624333333333333], [54.59858333333333, 24.624416666666665], [54.59866666666667, 24.624416666666665], [54.59866666666667, 24.624499999999998], [54.598749999999995, 24.624499999999998], [54.598749999999995, 24.62458333333333], [54.59891666666667, 24.62458333333333], [54.59891666666667, 24.624666666666666], [54.599, 24.624666666666666], [54.599, 24.62475], [54.59908333333333, 24.62475], [54.59908333333333, 24.625], [54.59916666666666, 24.625], [54.59916666666666, 24.625083333333333], [54.59925, 24.625083333333333], [54.59925, 24.625249999999998], [54.599333333333334, 24.625249999999998], [54.599333333333334, 24.62533333333333], [54.59941666666666, 24.62533333333333], [54.59941666666666, 24.62558333333333], [54.5995, 24.62558333333333], [54.5995, 24.62575], [54.59958333333333, 24.62575], [54.59958333333333, 24.625833333333333], [54.599666666666664, 24.625833333333333], [54.599666666666664, 24.62608333333333], [54.59958333333333, 24.62608333333333], [54.59958333333333, 24.627333333333333], [54.59941666666666, 24.627333333333333], [54.59941666666666, 24.627416666666665], [54.59858333333333, 24.627416666666665], [54.59858333333333, 24.627499999999998], [54.5985, 24.627499999999998], [54.5985, 24.627666666666666], [54.598416666666665, 24.627666666666666], [54.598416666666665, 24.628], [54.59833333333333, 24.628], [54.59833333333333, 24.6285], [54.598416666666665, 24.6285], [54.598416666666665, 24.62858333333333], [54.5985, 24.62858333333333], [54.5985, 24.6285], [54.59866666666667, 24.6285], [54.59866666666667, 24.62858333333333], [54.598749999999995, 24.62858333333333], [54.598749999999995, 24.628666666666664], [54.59883333333333, 24.628666666666664], [54.59883333333333, 24.62875], [54.59891666666667, 24.62875], [54.59891666666667, 24.629166666666666], [54.59883333333333, 24.629166666666666], [54.59883333333333, 24.630166666666664], [54.598749999999995, 24.630166666666664], [54.598749999999995, 24.630499999999998], [54.59866666666667, 24.630499999999998], [54.59866666666667, 24.63075], [54.59858333333333, 24.63075], [54.59858333333333, 24.63083333333333], [54.598416666666665, 24.63083333333333], [54.598416666666665, 24.631], [54.59833333333333, 24.631], [54.59833333333333, 24.631083333333333], [54.59808333333333, 24.631083333333333], [54.59808333333333, 24.631], [54.598, 24.631], [54.598, 24.630916666666664], [54.59775, 24.630916666666664], [54.59775, 24.63083333333333], [54.59766666666666, 24.63083333333333], [54.59766666666666, 24.63075], [54.59758333333333, 24.63075], [54.59758333333333, 24.630666666666666], [54.5975, 24.630666666666666], [54.5975, 24.63058333333333], [54.59741666666667, 24.63058333333333], [54.59741666666667, 24.630499999999998], [54.59708333333333, 24.630499999999998], [54.59708333333333, 24.63058333333333], [54.597, 24.63058333333333], [54.597, 24.63075], [54.596916666666665, 24.63075], [54.596916666666665, 24.630666666666666], [54.59683333333333, 24.630666666666666], [54.59683333333333, 24.63083333333333], [54.596666666666664, 24.63083333333333], [54.596666666666664, 24.63075], [54.59658333333333, 24.63075], [54.59658333333333, 24.630666666666666], [54.5965, 24.630666666666666], [54.5965, 24.63075], [54.59616666666666, 24.63075], [54.59616666666666, 24.630916666666664], [54.59608333333333, 24.630916666666664], [54.59608333333333, 24.63083333333333], [54.59591666666667, 24.63083333333333], [54.59591666666667, 24.631083333333333], [54.59583333333333, 24.631083333333333], [54.59583333333333, 24.631166666666665], [54.5955, 24.631166666666665], [54.5955, 24.631083333333333], [54.59525, 24.631083333333333], [54.59525, 24.631166666666665], [54.59508333333333, 24.631166666666665], [54.59508333333333, 24.631], [54.595, 24.631], [54.595, 24.630916666666664], [54.59491666666666, 24.630916666666664], [54.59491666666666, 24.63075], [54.594833333333334, 24.63075], [54.594833333333334, 24.630499999999998], [54.59475, 24.630499999999998], [54.59475, 24.630416666666665], [54.59466666666666, 24.630416666666665], [54.59466666666666, 24.630499999999998], [54.59458333333333, 24.630499999999998], [54.59458333333333, 24.63058333333333], [54.59441666666667, 24.63058333333333], [54.59441666666667, 24.630666666666666], [54.59433333333333, 24.630666666666666], [54.59433333333333, 24.63058333333333], [54.594166666666666, 24.63058333333333], [54.594166666666666, 24.630499999999998], [54.594, 24.630499999999998], [54.594, 24.63083333333333], [54.59408333333333, 24.63083333333333], [54.59408333333333, 24.631], [54.594166666666666, 24.631], [54.594166666666666, 24.631083333333333], [54.594249999999995, 24.631083333333333], [54.594249999999995, 24.631166666666665], [54.59433333333333, 24.631166666666665], [54.59433333333333, 24.631249999999998], [54.594249999999995, 24.631249999999998], [54.594249999999995, 24.6315], [54.594166666666666, 24.6315], [54.594166666666666, 24.63158333333333], [54.59358333333333, 24.63158333333333], [54.59358333333333, 24.631666666666664], [54.59308333333333, 24.631666666666664], [54.59308333333333, 24.63175], [54.59291666666667, 24.63175]], [[54.5925, 24.63058333333333], [54.59258333333333, 24.63058333333333], [54.59258333333333, 24.630416666666665], [54.5925, 24.630416666666665], [54.5925, 24.63058333333333]], [[54.59616666666666, 24.63058333333333], [54.596333333333334, 24.63058333333333], [54.596333333333334, 24.630499999999998], [54.59616666666666, 24.630499999999998], [54.59616666666666, 24.63058333333333]], [[54.59658333333333, 24.630333333333333], [54.596666666666664, 24.630333333333333], [54.596666666666664, 24.63025], [54.59675, 24.63025], [54.59675, 24.630166666666664], [54.596916666666665, 24.630166666666664], [54.596916666666665, 24.63008333333333], [54.59683333333333, 24.63008333333333], [54.59683333333333, 24.63], [54.596666666666664, 24.63], [54.596666666666664, 24.629916666666666], [54.59658333333333, 24.629916666666666], [54.59658333333333, 24.63], [54.5965, 24.63], [54.5965, 24.63025], [54.59658333333333, 24.63025], [54.59658333333333, 24.630333333333333]], [[54.596916666666665, 24.629166666666666], [54.59708333333333, 24.629166666666666], [54.59708333333333, 24.628666666666664], [54.59683333333333, 24.628666666666664], [54.59683333333333, 24.628999999999998], [54.596916666666665, 24.628999999999998], [54.596916666666665, 24.629166666666666]], [[54.59733333333333, 24.6285], [54.5975, 24.6285], [54.5975, 24.628], [54.59733333333333, 24.628], [54.59733333333333, 24.628083333333333], [54.597166666666666, 24.628083333333333], [54.597166666666666, 24.628], [54.597, 24.628], [54.597, 24.628416666666666], [54.597249999999995, 24.628416666666666], [54.597249999999995, 24.62833333333333], [54.597166666666666, 24.62833333333333], [54.597166666666666, 24.628249999999998], [54.59733333333333, 24.628249999999998], [54.59733333333333, 24.6285]], [[54.59741666666667, 24.627499999999998], [54.59758333333333, 24.627499999999998], [54.59758333333333, 24.627416666666665], [54.59775, 24.627416666666665], [54.59775, 24.627333333333333], [54.597833333333334, 24.627333333333333], [54.597833333333334, 24.62708333333333], [54.59791666666666, 24.62708333333333], [54.59791666666666, 24.627], [54.597833333333334, 24.627], [54.597833333333334, 24.626916666666666], [54.59775, 24.626916666666666], [54.59775, 24.627], [54.59766666666666, 24.627], [54.59766666666666, 24.627166666666664], [54.59741666666667, 24.627166666666664], [54.59741666666667, 24.627499999999998]], [[54.597833333333334, 24.62683333333333], [54.59791666666666, 24.62683333333333], [54.59791666666666, 24.626749999999998], [54.597833333333334, 24.626749999999998], [54.597833333333334, 24.62683333333333]], [[54.59791666666666, 24.6255], [54.598, 24.6255], [54.598, 24.625416666666666], [54.59791666666666, 24.625416666666666], [54.59791666666666, 24.6255]], [[54.597166666666666, 24.624416666666665], [54.5975, 24.624416666666665], [54.5975, 24.624], [54.597166666666666, 24.624], [54.597166666666666, 24.624416666666665]]]}}, {"type": "Feature", "properties": {"stand": "ADN7"}, "geometry": {"type": "Polygon", "coordinates": [[[54.574749999999995, 24.63133333333333], [54.574749999999995, 24.631166666666665], [54.57483333333333, 24.631166666666665], [54.57483333333333, 24.631083333333333], [54.57491666666667, 24.631083333333333], [54.57491666666667, 24.631], [54.57508333333333, 24.631], [54.57508333333333, 24.630916666666664], [54.57516666666667, 24.630916666666664], [54.57516666666667, 24.630666666666666], [54.57525, 24.630666666666666], [54.57525, 24.63058333333333], [54.57533333333333, 24.63058333333333], [54.57533333333333, 24.63025], [54.57541666666666, 24.63025], [54.57541666666666, 24.63], [54.575583333333334, 24.63], [54.575583333333334, 24.629749999999998], [54.57566666666666, 24.629749999999998], [54.57566666666666, 24.629416666666664], [54.57575, 24.629416666666664], [54.57575, 24.628083333333333], [54.57566666666666, 24.628083333333333], [54.57566666666666, 24.62708333333333], [54.57575, 24.62708333333333], [54.57575, 24.626916666666666], [54.57566666666666, 24.626916666666666], [54.57566666666666, 24.62683333333333], [54.575583333333334, 24.62683333333333], [54.575583333333334, 24.62633333333333], [54.57566666666666, 24.62633333333333], [54.57566666666666, 24.62625], [54.575583333333334, 24.62625], [54.575583333333334, 24.626166666666666], [54.5755, 24.626166666666666], [54.5755, 24.625916666666665], [54.57541666666666, 24.625916666666665], [54.57541666666666, 24.62558333333333], [54.57533333333333, 24.62558333333333], [54.57533333333333, 24.625083333333333], [54.57525, 24.625083333333333], [54.57525, 24.624], [54.57516666666667, 24.624], [54.57516666666667, 24.623833333333334], [54.574999999999996, 24.623833333333334], [54.574999999999996, 24.624], [54.57491666666667, 24.624], [54.57491666666667, 24.624166666666664], [54.574666666666666, 24.624166666666664], [54.574666666666666, 24.62408333333333], [54.57458333333333, 24.62408333333333], [54.57458333333333, 24.624], [54.5745, 24.624], [54.5745, 24.623916666666666], [54.574416666666664, 24.623916666666666], [54.574416666666664, 24.623833333333334], [54.57433333333333, 24.623833333333334], [54.57433333333333, 24.623749999999998], [54.57425, 24.623749999999998], [54.57425, 24.623916666666666], [54.574083333333334, 24.623916666666666], [54.574083333333334, 24.62408333333333], [54.57433333333333, 24.62408333333333], [54.57433333333333, 24.624166666666664], [54.574416666666664, 24.624166666666664], [54.574416666666664, 24.624333333333333], [54.5745, 24.624333333333333], [54.5745, 24.624416666666665], [54.574416666666664, 24.624416666666665], [54.574416666666664, 24.624666666666666], [54.574666666666666, 24.624666666666666], [54.574666666666666, 24.62458333333333], [54.574749999999995, 24.62458333333333], [54.574749999999995, 24.624666666666666], [54.57483333333333, 24.624666666666666], [54.57483333333333, 24.62475], [54.57491666666667, 24.62475], [54.57491666666667, 24.62483333333333], [54.574999999999996, 24.62483333333333], [54.574999999999996, 24.625083333333333], [54.57491666666667, 24.625083333333333], [54.57491666666667, 24.6255], [54.57483333333333, 24.6255], [54.57483333333333, 24.625666666666664], [54.57491666666667, 24.625666666666664], [54.57491666666667, 24.62633333333333], [54.574999999999996, 24.62633333333333], [54.574999999999996, 24.6265], [54.57508333333333, 24.6265], [54.57508333333333, 24.626583333333333], [54.57516666666667, 24.626583333333333], [54.57516666666667, 24.626666666666665], [54.57508333333333, 24.626666666666665], [54.57508333333333, 24.627], [54.574999999999996, 24.627], [54.574999999999996, 24.62708333333333], [54.57491666666667, 24.62708333333333], [54.57491666666667, 24.627166666666664], [54.574666666666666, 24.627166666666664], [54.574666666666666, 24.62708333333333], [54.57458333333333, 24.62708333333333], [54.57458333333333, 24.627166666666664], [54.5745, 24.627166666666664], [54.5745, 24.62708333333333], [54.574416666666664, 24.62708333333333], [54.574416666666664, 24.627166666666664], [54.57433333333333, 24.627166666666664], [54.57433333333333, 24.62725], [54.57416666666666, 24.62725], [54.57416666666666, 24.627333333333333], [54.574083333333334, 24.627333333333333], [54.574083333333334, 24.627416666666665], [54.574, 24.627416666666665], [54.574, 24.62758333333333], [54.57391666666666, 24.62758333333333], [54.57391666666666, 24.627666666666666], [54.57383333333333, 24.627666666666666], [54.57383333333333, 24.62775], [54.57358333333333, 24.62775], [54.57358333333333, 24.62783333333333], [54.57341666666667, 24.62783333333333], [54.57341666666667, 24.627916666666664], [54.57333333333333, 24.627916666666664], [54.57333333333333, 24.62783333333333], [54.573249999999994, 24.62783333333333], [54.573249999999994, 24.628], [54.57308333333333, 24.628], [54.57308333333333, 24.628083333333333], [54.573, 24.628083333333333], [54.573, 24.628166666666665], [54.572916666666664, 24.628166666666665], [54.572916666666664, 24.62833333333333], [54.57283333333333, 24.62833333333333], [54.57283333333333, 24.6285], [54.57275, 24.6285], [54.57275, 24.62858333333333], [54.572583333333334, 24.62858333333333], [54.572583333333334, 24.628666666666664], [54.5725, 24.628666666666664], [54.5725, 24.62875], [54.57241666666666, 24.62875], [54.57241666666666, 24.628833333333333], [54.57225, 24.628833333333333], [54.57225, 24.628999999999998], [54.571999999999996, 24.628999999999998], [54.571999999999996, 24.628916666666665], [54.57191666666667, 24.628916666666665], [54.57191666666667, 24.628833333333333], [54.571999999999996, 24.628833333333333], [54.571999999999996, 24.62783333333333], [54.57208333333333, 24.62783333333333], [54.57208333333333, 24.62758333333333], [54.57216666666667, 24.62758333333333], [54.57216666666667, 24.62725], [54.57225, 24.62725], [54.57225, 24.627166666666664], [54.57233333333333, 24.627166666666664], [54.57233333333333, 24.62708333333333], [54.57241666666666, 24.62708333333333], [54.57241666666666, 24.626916666666666], [54.572583333333334, 24.626916666666666], [54.572583333333334, 24.62683333333333], [54.57266666666666, 24.62683333333333], [54.57266666666666, 24.626583333333333], [54.57275, 24.626583333333333], [54.57275, 24.6265], [54.57283333333333, 24.6265], [54.57283333333333, 24.626416666666664], [54.57275, 24.626416666666664], [54.57275, 24.62608333333333], [54.57266666666666, 24.62608333333333], [54.57266666666666, 24.625999999999998], [54.57275, 24.625999999999998], [54.57275, 24.625833333333333], [54.57266666666666, 24.625833333333333], [54.57266666666666, 24.62575], [54.57275, 24.62575], [54.57275, 24.62558333333333], [54.57266666666666, 24.62558333333333], [54.57266666666666, 24.6255], [54.57275, 24.6255], [54.57275, 24.62533333333333], [54.57266666666666, 24.62533333333333], [54.57266666666666, 24.625249999999998], [54.57275, 24.625249999999998], [54.57275, 24.625], [54.57266666666666, 24.625], [54.57266666666666, 24.624916666666664], [54.57275, 24.624916666666664], [54.57275, 24.62483333333333], [54.57283333333333, 24.62483333333333], [54.57283333333333, 24.62475], [54.572916666666664, 24.62475], [54.572916666666664, 24.624499999999998], [54.573, 24.624499999999998], [54.573, 24.62425], [54.57308333333333, 24.62425], [54.57308333333333, 24.62408333333333], [54.573166666666665, 24.62408333333333], [54.573166666666665, 24.624], [54.57333333333333, 24.624], [54.57333333333333, 24.623916666666666], [54.57341666666667, 24.623916666666666], [54.57341666666667, 24.623749999999998], [54.573499999999996, 24.623749999999998], [54.573499999999996, 24.623666666666665], [54.57358333333333, 24.623666666666665], [54.57358333333333, 24.623583333333332], [54.57366666666667, 24.623583333333332], [54.57366666666667, 24.6235], [54.57383333333333, 24.6235], [54.57383333333333, 24.623416666666664], [54.574, 24.623416666666664], [54.574, 24.62333333333333], [54.574083333333334, 24.62333333333333], [54.574083333333334, 24.62325], [54.57433333333333, 24.62325], [54.57433333333333, 24.623166666666666], [54.574416666666664, 24.623166666666666], [54.574416666666664, 24.622999999999998], [54.57458333333333, 24.622999999999998], [54.57458333333333, 24.623083333333334], [54.574666666666666, 24.623083333333334], [54.574666666666666, 24.622916666666665], [54.574999999999996, 24.622916666666665], [54.574999999999996, 24.622833333333332], [54.57541666666666, 24.622833333333332], [54.57541666666666, 24.622916666666665], [54.576499999999996, 24.622916666666665], [54.576499999999996, 24.622999999999998], [54.57675, 24.622999999999998], [54.57675, 24.623083333333334], [54.577083333333334, 24.623083333333334], [54.577083333333334, 24.623166666666666], [54.57716666666666, 24.623166666666666], [54.57716666666666, 24.62325], [54.577416666666664, 24.62325], [54.577416666666664, 24.62333333333333], [54.5775, 24.62333333333333], [54.5775, 24.623416666666664], [54.577666666666666, 24.623416666666664], [54.577666666666666, 24.6235], [54.577749999999995, 24.6235], [54.577749999999995, 24.623666666666665], [54.57783333333333, 24.623666666666665], [54.57783333333333, 24.623749999999998], [54.577999999999996, 24.623749999999998], [54.577999999999996, 24.623833333333334], [54.57808333333333, 24.623833333333334], [54.57808333333333, 24.623916666666666], [54.57816666666667, 24.623916666666666], [54.57816666666667, 24.62408333333333], [54.57825, 24.62408333333333], [54.57825, 24.624166666666664], [54.57833333333333, 24.624166666666664], [54.57833333333333, 24.624333333333333], [54.57841666666666, 24.624333333333333], [54.57841666666666, 24.624416666666665], [54.5785, 24.624416666666665], [54.5785, 24.62475], [54.578583333333334, 24.62475], [54.578583333333334, 24.624916666666664], [54.57866666666666, 24.624916666666664], [54.57866666666666, 24.625], [54.57875, 24.625], [54.57875, 24.625166666666665], [54.57866666666666, 24.625166666666665], [54.57866666666666, 24.626416666666664], [54.578583333333334, 24.626416666666664], [54.578583333333334, 24.626749999999998], [54.5785, 24.626749999999998], [54.5785, 24.627], [54.57841666666666, 24.627], [54.57841666666666, 24.62708333333333], [54.57825, 24.62708333333333], [54.57825, 24.62725], [54.57816666666667, 24.62725], [54.57816666666667, 24.627333333333333], [54.57808333333333, 24.627333333333333], [54.57808333333333, 24.627499999999998], [54.577999999999996, 24.627499999999998], [54.577999999999996, 24.627916666666664], [54.57808333333333, 24.627916666666664], [54.57808333333333, 24.628999999999998], [54.577999999999996, 24.628999999999998], [54.577999999999996, 24.62933333333333], [54.57791666666667, 24.62933333333333], [54.57791666666667, 24.629583333333333], [54.57783333333333, 24.629583333333333], [54.57783333333333, 24.62983333333333], [54.577749999999995, 24.62983333333333], [54.577749999999995, 24.629916666666666], [54.577666666666666, 24.629916666666666], [54.577666666666666, 24.630166666666664], [54.5775, 24.630166666666664], [54.5775, 24.63025], [54.577416666666664, 24.63025], [54.577416666666664, 24.630416666666665], [54.57733333333333, 24.630416666666665], [54.57733333333333, 24.630499999999998], [54.57725, 24.630499999999998], [54.57725, 24.63058333333333], [54.577083333333334, 24.63058333333333], [54.577083333333334, 24.630666666666666], [54.577, 24.630666666666666], [54.577, 24.63075], [54.57683333333333, 24.63075], [54.57683333333333, 24.63083333333333], [54.57675, 24.63083333333333], [54.57675, 24.630916666666664], [54.576499999999996, 24.630916666666664], [54.576499999999996, 24.631], [54.57641666666667, 24.631], [54.57641666666667, 24.631083333333333], [54.57633333333333, 24.631083333333333], [54.57633333333333, 24.631166666666665], [54.576249999999995, 24.631166666666665], [54.576249999999995, 24.631083333333333], [54.57608333333333, 24.631083333333333], [54.57608333333333, 24.631166666666665], [54.576, 24.631166666666665], [54.576, 24.631249999999998], [54.57566666666666, 24.631249999999998], [54.57566666666666, 24.63133333333333], [54.575583333333334, 24.63133333333333], [54.575583333333334, 24.631249999999998], [54.5755, 24.631249999999998], [54.5755, 24.63133333333333], [54.57541666666666, 24.63133333333333], [54.57541666666666, 24.631249999999998], [54.57483333333333, 24.631249999999998], [54.57483333333333, 24.63133333333333], [54.574749999999995, 24.63133333333333]]]}}, {"type": "Feature", "properties": {"stand": "ADN24"}, "geometry": {"type": "Polygon", "coordinates": [[[54.54575, 24.625083333333333], [54.54575, 24.625], [54.54558333333333, 24.625], [54.54558333333333, 24.624916666666664], [54.545249999999996, 24.624916666666664], [54.545249999999996, 24.62483333333333], [54.54516666666667, 24.62483333333333], [54.54516666666667, 24.62475], [54.54508333333333, 24.62475], [54.54508333333333, 24.624666666666666], [54.544999999999995, 24.624666666666666], [54.544999999999995, 24.62458333333333], [54.544916666666666, 24.62458333333333], [54.544916666666666, 24.624416666666665], [54.54483333333333, 24.624416666666665], [54.54483333333333, 24.62425], [54.544916666666666, 24.62425], [54.544916666666666, 24.62408333333333], [54.54475, 24.62408333333333], [54.54475, 24.624], [54.544666666666664, 24.624], [54.544666666666664, 24.623833333333334], [54.54475, 24.623833333333334], [54.54475, 24.623416666666664], [54.544666666666664, 24.623416666666664], [54.544666666666664, 24.62333333333333], [54.54475, 24.62333333333333], [54.54475, 24.62325], [54.544916666666666, 24.62325], [54.544916666666666, 24.623083333333334], [54.54516666666667, 24.623083333333334], [54.54516666666667, 24.62275], [54.54508333333333, 24.62275], [54.54508333333333, 24.622666666666664], [54.544999999999995, 24.622666666666664], [54.544999999999995, 24.62258333333333], [54.544916666666666, 24.62258333333333], [54.544916666666666, 24.6225], [54.54475, 24.6225], [54.54475, 24.622416666666666], [54.544666666666664, 24.622416666666666], [54.544666666666664, 24.621916666666664], [54.54483333333333, 24.621916666666664], [54.54483333333333, 24.62175], [54.54508333333333, 24.62175], [54.54508333333333, 24.62183333333333], [54.545249999999996, 24.62183333333333], [54.545249999999996, 24.621916666666664], [54.54533333333333, 24.621916666666664], [54.54533333333333, 24.622], [54.54541666666667, 24.622], [54.54541666666667, 24.622333333333334], [54.5455, 24.622333333333334], [54.5455, 24.622416666666666], [54.54558333333333, 24.622416666666666], [54.54558333333333, 24.62258333333333], [54.545833333333334, 24.62258333333333], [54.545833333333334, 24.622666666666664], [54.54591666666666, 24.622666666666664], [54.54591666666666, 24.622833333333332], [54.546, 24.622833333333332], [54.546, 24.622916666666665], [54.54608333333333, 24.622916666666665], [54.54608333333333, 24.623083333333334], [54.546416666666666, 24.623083333333334], [54.546416666666666, 24.62325], [54.548249999999996, 24.62325], [54.548249999999996, 24.623166666666666], [54.54841666666667, 24.623166666666666], [54.54841666666667, 24.623083333333334], [54.54866666666666, 24.623083333333334], [54.54866666666666, 24.622999999999998], [54.548833333333334, 24.622999999999998], [54.548833333333334, 24.622916666666665], [54.54908333333333, 24.622916666666665], [54.54908333333333, 24.622999999999998], [54.54933333333333, 24.622999999999998], [54.54933333333333, 24.623083333333334], [54.549499999999995, 24.623083333333334], [54.549499999999995, 24.622999999999998], [54.549749999999996, 24.622999999999998], [54.549749999999996, 24.622916666666665], [54.54983333333333, 24.622916666666665], [54.54983333333333, 24.622833333333332], [54.54991666666667, 24.622833333333332], [54.54991666666667, 24.62275], [54.55016666666666, 24.62275], [54.55016666666666, 24.622833333333332], [54.55008333333333, 24.622833333333332], [54.55008333333333, 24.622999999999998], [54.55, 24.622999999999998], [54.55, 24.623166666666666], [54.54991666666667, 24.623166666666666], [54.54991666666667, 24.62325], [54.54983333333333, 24.62325], [54.54983333333333, 24.623416666666664], [54.549749999999996, 24.623416666666664], [54.549749999999996, 24.6235], [54.54958333333333, 24.6235], [54.54958333333333, 24.623749999999998], [54.549499999999995, 24.623749999999998], [54.549499999999995, 24.623916666666666], [54.549416666666666, 24.623916666666666], [54.549416666666666, 24.624], [54.54933333333333, 24.624], [54.54933333333333, 24.62408333333333], [54.549166666666665, 24.62408333333333], [54.549166666666665, 24.624166666666664], [54.54875, 24.624166666666664], [54.54875, 24.62425], [54.54841666666667, 24.62425], [54.54841666666667, 24.624333333333333], [54.54833333333333, 24.624333333333333], [54.54833333333333, 24.62425], [54.548249999999996, 24.62425], [54.548249999999996, 24.624333333333333], [54.54808333333333, 24.624333333333333], [54.54808333333333, 24.624416666666665], [54.547999999999995, 24.624416666666665], [54.547999999999995, 24.624499999999998], [54.547916666666666, 24.624499999999998], [54.547916666666666, 24.62458333333333], [54.54783333333333, 24.62458333333333], [54.54783333333333, 24.624666666666666], [54.54775, 24.624666666666666], [54.54775, 24.62475], [54.54758333333333, 24.62475], [54.54758333333333, 24.62483333333333], [54.5475, 24.62483333333333], [54.5475, 24.624916666666664], [54.54741666666666, 24.624916666666664], [54.54741666666666, 24.625], [54.54708333333333, 24.625], [54.54708333333333, 24.625083333333333], [54.547, 24.625083333333333], [54.547, 24.625], [54.54666666666667, 24.625], [54.54666666666667, 24.624916666666664], [54.54658333333333, 24.624916666666664], [54.54658333333333, 24.625], [54.546416666666666, 24.625], [54.546416666666666, 24.625083333333333], [54.54608333333333, 24.625083333333333], [54.54608333333333, 24.625], [54.545833333333334, 24.625], [54.545833333333334, 24.625083333333333], [54.54575, 24.625083333333333]]]}}, {"type": "Feature", "properties": {"stand": "ADN31"}, "geometry": {"type": "Polygon", "coordinates": [[[54.550999999999995, 24.622249999999998], [54.550999999999995, 24.622166666666665], [54.55025, 24.622166666666665], [54.55025, 24.622083333333332], [54.55008333333333, 24.622083333333332], [54.55008333333333, 24.622], [54.55016666666666, 24.622], [54.55016666666666, 24.62183333333333], [54.55008333333333, 24.62183333333333], [54.55008333333333, 24.62175], [54.55016666666666, 24.62175], [54.55016666666666, 24.621666666666666], [54.55008333333333, 24.621666666666666], [54.55008333333333, 24.621583333333334], [54.55016666666666, 24.621583333333334], [54.55016666666666, 24.621416666666665], [54.55008333333333, 24.621416666666665], [54.55008333333333, 24.62125], [54.55016666666666, 24.62125], [54.55016666666666, 24.621166666666664], [54.55025, 24.621166666666664], [54.55025, 24.62108333333333], [54.55016666666666, 24.62108333333333], [54.55016666666666, 24.621], [54.55025, 24.621], [54.55025, 24.620749999999997], [54.550333333333334, 24.620749999999997], [54.550333333333334, 24.620666666666665], [54.55041666666666, 24.620666666666665], [54.55041666666666, 24.620583333333332], [54.5505, 24.620583333333332], [54.5505, 24.6205], [54.55058333333333, 24.6205], [54.55058333333333, 24.62033333333333], [54.550666666666665, 24.62033333333333], [54.550666666666665, 24.62025], [54.55075, 24.62025], [54.55075, 24.620166666666666], [54.55083333333333, 24.620166666666666], [54.55083333333333, 24.619999999999997], [54.550999999999995, 24.619999999999997], [54.550999999999995, 24.61975], [54.55108333333333, 24.61975], [54.55108333333333, 24.619666666666664], [54.550999999999995, 24.619666666666664], [54.550999999999995, 24.61958333333333], [54.55108333333333, 24.61958333333333], [54.55108333333333, 24.6195], [54.55116666666667, 24.6195], [54.55116666666667, 24.61958333333333], [54.551249999999996, 24.61958333333333], [54.551249999999996, 24.619666666666664], [54.5515, 24.619666666666664], [54.5515, 24.61975], [54.55158333333333, 24.61975], [54.55158333333333, 24.619833333333332], [54.55166666666666, 24.619833333333332], [54.55166666666666, 24.619916666666665], [54.55175, 24.619916666666665], [54.55175, 24.62025], [54.551833333333335, 24.62025], [54.551833333333335, 24.620583333333332], [54.55191666666666, 24.620583333333332], [54.55191666666666, 24.620749999999997], [54.552, 24.620749999999997], [54.552, 24.620833333333334], [54.55191666666666, 24.620833333333334], [54.55191666666666, 24.62108333333333], [54.552, 24.62108333333333], [54.552, 24.621333333333332], [54.55191666666666, 24.621333333333332], [54.55191666666666, 24.621416666666665], [54.551833333333335, 24.621416666666665], [54.551833333333335, 24.621499999999997], [54.5515, 24.621499999999997], [54.5515, 24.621583333333334], [54.55141666666667, 24.621583333333334], [54.55141666666667, 24.622], [54.55133333333333, 24.622], [54.55133333333333, 24.622083333333332], [54.55108333333333, 24.622083333333332], [54.55108333333333, 24.622249999999998], [54.550999999999995, 24.622249999999998]]]}}, {"type": "Feature", "properties": {"stand": "ADN36"}, "geometry": {"type": "Polygon", "coordinates": [[[54.54558333333333, 24.621499999999997], [54.54558333333333, 24.621416666666665], [54.5455, 24.621416666666665], [54.5455, 24.62125], [54.545249999999996, 24.62125], [54.545249999999996, 24.62108333333333], [54.54516666666667, 24.62108333333333], [54.54516666666667, 24.621], [54.544999999999995, 24.621], [54.544999999999995, 24.620833333333334], [54.544916666666666, 24.620833333333334], [54.544916666666666, 24.6205], [54.54483333333333, 24.6205], [54.54483333333333, 24.620083333333334], [54.54475, 24.620083333333334], [54.54475, 24.619666666666664], [54.544666666666664, 24.619666666666664], [54.544666666666664, 24.6195], [54.544916666666666, 24.6195], [54.544916666666666, 24.619416666666666], [54.545249999999996, 24.619416666666666], [54.545249999999996, 24.619333333333334], [54.54533333333333, 24.619333333333334], [54.54533333333333, 24.619249999999997], [54.54575, 24.619249999999997], [54.54575, 24.619166666666665], [54.54608333333333, 24.619166666666665], [54.54608333333333, 24.619249999999997], [54.546166666666664, 24.619249999999997], [54.546166666666664, 24.61975], [54.546, 24.61975], [54.546, 24.62033333333333], [54.54591666666666, 24.62033333333333], [54.54591666666666, 24.620916666666666], [54.545833333333334, 24.620916666666666], [54.545833333333334, 24.621416666666665], [54.54566666666666, 24.621416666666665], [54.54566666666666, 24.621499999999997], [54.54558333333333, 24.621499999999997]]]}}, {"type": "Feature", "properties": {"stand": "ADN21"}, "geometry": {"type": "Polygon", "coordinates": [[[54.57958333333333, 24.621333333333332], [54.57958333333333, 24.62125], [54.57933333333333, 24.62125], [54.57933333333333, 24.621166666666664], [54.579249999999995, 24.621166666666664], [54.579249999999995, 24.62108333333333], [54.579166666666666, 24.62108333333333], [54.579166666666666, 24.621], [54.579, 24.621], [54.579, 24.620916666666666], [54.578916666666665, 24.620916666666666], [54.578916666666665, 24.620833333333334], [54.57875, 24.620833333333334], [54.57875, 24.620749999999997], [54.578583333333334, 24.620749999999997], [54.578583333333334, 24.620666666666665], [54.5785, 24.620666666666665], [54.5785, 24.620583333333332], [54.57841666666666, 24.620583333333332], [54.57841666666666, 24.620416666666664], [54.57833333333333, 24.620416666666664], [54.57833333333333, 24.62033333333333], [54.57825, 24.62033333333333], [54.57825, 24.620083333333334], [54.57816666666667, 24.620083333333334], [54.57816666666667, 24.619999999999997], [54.577999999999996, 24.619999999999997], [54.577999999999996, 24.619833333333332], [54.57791666666667, 24.619833333333332], [54.57791666666667, 24.6195], [54.57783333333333, 24.6195], [54.57783333333333, 24.619416666666666], [54.577749999999995, 24.619416666666666], [54.577749999999995, 24.619249999999997], [54.57783333333333, 24.619249999999997], [54.57783333333333, 24.619166666666665], [54.577749999999995, 24.619166666666665], [54.577749999999995, 24.619083333333332], [54.57783333333333, 24.619083333333332], [54.57783333333333, 24.618666666666666], [54.577749999999995, 24.618666666666666], [54.577749999999995, 24.618583333333333], [54.57783333333333, 24.618583333333333], [54.57783333333333, 24.618], [54.577999999999996, 24.618], [54.577999999999996, 24.617916666666666], [54.57808333333333, 24.617916666666666], [54.57808333333333, 24.617833333333333], [54.57816666666667, 24.617833333333333], [54.57816666666667, 24.617666666666665], [54.57808333333333, 24.617666666666665], [54.57808333333333, 24.617416666666664], [54.57816666666667, 24.617416666666664], [54.57816666666667, 24.61725], [54.57825, 24.61725], [54.57825, 24.617166666666666], [54.57833333333333, 24.617166666666666], [54.57833333333333, 24.617083333333333], [54.5785, 24.617083333333333], [54.5785, 24.616916666666665], [54.578583333333334, 24.616916666666665], [54.578583333333334, 24.61675], [54.57866666666666, 24.61675], [54.57866666666666, 24.616666666666664], [54.57875, 24.616666666666664], [54.57875, 24.61658333333333], [54.57883333333333, 24.61658333333333], [54.57883333333333, 24.6165], [54.57908333333333, 24.6165], [54.57908333333333, 24.616416666666666], [54.579166666666666, 24.616416666666666], [54.579166666666666, 24.616333333333333], [54.57933333333333, 24.616333333333333], [54.57933333333333, 24.616249999999997], [54.579499999999996, 24.616249999999997], [54.579499999999996, 24.616166666666665], [54.57975, 24.616166666666665], [54.57975, 24.616083333333332], [54.57991666666666, 24.616083333333332], [54.57991666666666, 24.616166666666665], [54.58, 24.616166666666665], [54.58, 24.616333333333333], [54.57983333333333, 24.616333333333333], [54.57983333333333, 24.616916666666665], [54.58, 24.616916666666665], [54.58, 24.616999999999997], [54.580083333333334, 24.616999999999997], [54.580083333333334, 24.617083333333333], [54.57991666666666, 24.617083333333333], [54.57991666666666, 24.617166666666666], [54.57966666666667, 24.617166666666666], [54.57966666666667, 24.61733333333333], [54.57975, 24.61733333333333], [54.57975, 24.617583333333332], [54.57958333333333, 24.617583333333332], [54.57958333333333, 24.617749999999997], [54.579499999999996, 24.617749999999997], [54.579499999999996, 24.617833333333333], [54.57941666666667, 24.617833333333333], [54.57941666666667, 24.617749999999997], [54.57933333333333, 24.617749999999997], [54.57933333333333, 24.617916666666666], [54.57966666666667, 24.617916666666666], [54.57966666666667, 24.618], [54.57941666666667, 24.618], [54.57941666666667, 24.61825], [54.579499999999996, 24.61825], [54.579499999999996, 24.618499999999997], [54.57941666666667, 24.618499999999997], [54.57941666666667, 24.618666666666666], [54.57933333333333, 24.618666666666666], [54.57933333333333, 24.619083333333332], [54.57983333333333, 24.619083333333332], [54.57983333333333, 24.619166666666665], [54.580083333333334, 24.619166666666665], [54.580083333333334, 24.619249999999997], [54.58025, 24.619249999999997], [54.58025, 24.619333333333334], [54.58033333333333, 24.619333333333334], [54.58033333333333, 24.61958333333333], [54.580416666666665, 24.61958333333333], [54.580416666666665, 24.619666666666664], [54.5805, 24.619666666666664], [54.5805, 24.61975], [54.58058333333333, 24.61975], [54.58058333333333, 24.619833333333332], [54.580666666666666, 24.619833333333332], [54.580666666666666, 24.619916666666665], [54.58083333333333, 24.619916666666665], [54.58083333333333, 24.619999999999997], [54.58091666666667, 24.619999999999997], [54.58091666666667, 24.62033333333333], [54.58083333333333, 24.62033333333333], [54.58083333333333, 24.620583333333332], [54.580749999999995, 24.620583333333332], [54.580749999999995, 24.620666666666665], [54.580666666666666, 24.620666666666665], [54.580666666666666, 24.620749999999997], [54.58058333333333, 24.620749999999997], [54.58058333333333, 24.620916666666666], [54.5805, 24.620916666666666], [54.5805, 24.621], [54.58033333333333, 24.621], [54.58033333333333, 24.62108333333333], [54.58025, 24.62108333333333], [54.58025, 24.621166666666664], [54.580083333333334, 24.621166666666664], [54.580083333333334, 24.62125], [54.58, 24.62125], [54.58, 24.621333333333332], [54.57958333333333, 24.621333333333332]], [[54.579, 24.618583333333333], [54.579166666666666, 24.618583333333333], [54.579166666666666, 24.618416666666665], [54.57908333333333, 24.618416666666665], [54.57908333333333, 24.618333333333332], [54.579, 24.618333333333332], [54.579, 24.618583333333333]]]}}, {"type": "Feature", "properties": {"stand": "ADN4"}, "geometry": {"type": "Polygon", "coordinates": [[[54.58958333333333, 24.626916666666666], [54.58958333333333, 24.62683333333333], [54.589, 24.62683333333333], [54.589, 24.626749999999998], [54.58858333333333, 24.626749999999998], [54.58858333333333, 24.62683333333333], [54.588499999999996, 24.62683333333333], [54.588499999999996, 24.626749999999998], [54.58833333333333, 24.626749999999998], [54.58833333333333, 24.626666666666665], [54.58808333333333, 24.626666666666665], [54.58808333333333, 24.626583333333333], [54.58775, 24.626583333333333], [54.58775, 24.6265], [54.587666666666664, 24.6265], [54.587666666666664, 24.626416666666664], [54.5875, 24.626416666666664], [54.5875, 24.62633333333333], [54.58733333333333, 24.62633333333333], [54.58733333333333, 24.62625], [54.58725, 24.62625], [54.58725, 24.62633333333333], [54.58716666666666, 24.62633333333333], [54.58716666666666, 24.62625], [54.58708333333333, 24.62625], [54.58708333333333, 24.626166666666666], [54.58691666666667, 24.626166666666666], [54.58691666666667, 24.62608333333333], [54.58683333333333, 24.62608333333333], [54.58683333333333, 24.625999999999998], [54.586749999999995, 24.625999999999998], [54.586749999999995, 24.625916666666665], [54.5865, 24.625916666666665], [54.5865, 24.625833333333333], [54.586416666666665, 24.625833333333333], [54.586416666666665, 24.62575], [54.58625, 24.62575], [54.58625, 24.625666666666664], [54.586083333333335, 24.625666666666664], [54.586083333333335, 24.62558333333333], [54.586, 24.62558333333333], [54.586, 24.6255], [54.58591666666666, 24.6255], [54.58591666666666, 24.625416666666666], [54.58583333333333, 24.625416666666666], [54.58583333333333, 24.625249999999998], [54.58575, 24.625249999999998], [54.58575, 24.625083333333333], [54.58566666666666, 24.625083333333333], [54.58566666666666, 24.625], [54.58558333333333, 24.625], [54.58558333333333, 24.624916666666664], [54.585499999999996, 24.624916666666664], [54.585499999999996, 24.62483333333333], [54.58541666666667, 24.62483333333333], [54.58541666666667, 24.62475], [54.58533333333333, 24.62475], [54.58533333333333, 24.624499999999998], [54.585249999999995, 24.624499999999998], [54.585249999999995, 24.624166666666664], [54.585166666666666, 24.624166666666664], [54.585166666666666, 24.624], [54.58508333333333, 24.624], [54.58508333333333, 24.623833333333334], [54.585166666666666, 24.623833333333334], [54.585166666666666, 24.623749999999998], [54.58508333333333, 24.623749999999998], [54.58508333333333, 24.623583333333332], [54.585, 24.623583333333332], [54.585, 24.6235], [54.584916666666665, 24.6235], [54.584916666666665, 24.623416666666664], [54.58475, 24.623416666666664], [54.58475, 24.62325], [54.584666666666664, 24.62325], [54.584666666666664, 24.623083333333334], [54.584583333333335, 24.623083333333334], [54.584583333333335, 24.622999999999998], [54.5845, 24.622999999999998], [54.5845, 24.622916666666665], [54.58441666666666, 24.622916666666665], [54.58441666666666, 24.62275], [54.58433333333333, 24.62275], [54.58433333333333, 24.622666666666664], [54.58416666666666, 24.622666666666664], [54.58416666666666, 24.6225], [54.58425, 24.6225], [54.58425, 24.622416666666666], [54.58416666666666, 24.622416666666666], [54.58416666666666, 24.622166666666665], [54.58408333333333, 24.622166666666665], [54.58408333333333, 24.62175], [54.583999999999996, 24.62175], [54.583999999999996, 24.621416666666665], [54.58391666666667, 24.621416666666665], [54.58391666666667, 24.621333333333332], [54.583999999999996, 24.621333333333332], [54.583999999999996, 24.619999999999997], [54.58408333333333, 24.619999999999997], [54.58408333333333, 24.619833333333332], [54.58416666666666, 24.619833333333332], [54.58416666666666, 24.619666666666664], [54.58425, 24.619666666666664], [54.58425, 24.6195], [54.58433333333333, 24.6195], [54.58433333333333, 24.619249999999997], [54.58425, 24.619249999999997], [54.58425, 24.619166666666665], [54.58408333333333, 24.619166666666665], [54.58408333333333, 24.619249999999997], [54.583749999999995, 24.619249999999997], [54.583749999999995, 24.619], [54.58383333333333, 24.619], [54.58383333333333, 24.61875], [54.583666666666666, 24.61875], [54.583666666666666, 24.61883333333333], [54.5835, 24.61883333333333], [54.5835, 24.618916666666664], [54.58325, 24.618916666666664], [54.58325, 24.619], [54.583083333333335, 24.619], [54.583083333333335, 24.619166666666665], [54.58325, 24.619166666666665], [54.58325, 24.619333333333334], [54.58333333333333, 24.619333333333334], [54.58333333333333, 24.619416666666666], [54.583416666666665, 24.619416666666666], [54.583416666666665, 24.6195], [54.5835, 24.6195], [54.5835, 24.61958333333333], [54.583416666666665, 24.61958333333333], [54.583416666666665, 24.619666666666664], [54.583083333333335, 24.619666666666664], [54.583083333333335, 24.61958333333333], [54.58258333333333, 24.61958333333333], [54.58258333333333, 24.6195], [54.582499999999996, 24.6195], [54.582499999999996, 24.619416666666666], [54.58241666666667, 24.619416666666666], [54.58241666666667, 24.619333333333334], [54.582249999999995, 24.619333333333334], [54.582249999999995, 24.6195], [54.582166666666666, 24.6195], [54.582166666666666, 24.619416666666666], [54.58208333333333, 24.619416666666666], [54.58208333333333, 24.619333333333334], [54.582, 24.619333333333334], [54.582, 24.619166666666665], [54.581916666666665, 24.619166666666665], [54.581916666666665, 24.619083333333332], [54.58166666666666, 24.619083333333332], [54.58166666666666, 24.619166666666665], [54.581583333333334, 24.619166666666665], [54.581583333333334, 24.618916666666664], [54.58166666666666, 24.618916666666664], [54.58166666666666, 24.61875], [54.58183333333333, 24.61875], [54.58183333333333, 24.61883333333333], [54.582, 24.61883333333333], [54.582, 24.618499999999997], [54.582249999999995, 24.618499999999997], [54.582249999999995, 24.618583333333333], [54.58266666666667, 24.618583333333333], [54.58266666666667, 24.618666666666666], [54.58275, 24.618666666666666], [54.58275, 24.61875], [54.583, 24.61875], [54.583, 24.618499999999997], [54.583083333333335, 24.618499999999997], [54.583083333333335, 24.618583333333333], [54.58333333333333, 24.618583333333333], [54.58333333333333, 24.618666666666666], [54.58358333333333, 24.618666666666666], [54.58358333333333, 24.618499999999997], [54.5835, 24.618499999999997], [54.5835, 24.618333333333332], [54.583416666666665, 24.618333333333332], [54.583416666666665, 24.61825], [54.58333333333333, 24.61825], [54.58333333333333, 24.618166666666664], [54.58325, 24.618166666666664], [54.58325, 24.61808333333333], [54.58316666666666, 24.61808333333333], [54.58316666666666, 24.618], [54.583083333333335, 24.618], [54.583083333333335, 24.617833333333333], [54.583, 24.617833333333333], [54.583, 24.617749999999997], [54.58291666666666, 24.617749999999997], [54.58291666666666, 24.617666666666665], [54.58275, 24.617666666666665], [54.58275, 24.617583333333332], [54.58283333333333, 24.617583333333332], [54.58283333333333, 24.617416666666664], [54.58275, 24.617416666666664], [54.58275, 24.61733333333333], [54.58266666666667, 24.61733333333333], [54.58266666666667, 24.61725], [54.58241666666667, 24.61725], [54.58241666666667, 24.617166666666666], [54.58233333333333, 24.617166666666666], [54.58233333333333, 24.617083333333333], [54.582249999999995, 24.617083333333333], [54.582249999999995, 24.616999999999997], [54.582166666666666, 24.616999999999997], [54.582166666666666, 24.616916666666665], [54.58208333333333, 24.616916666666665], [54.58208333333333, 24.616999999999997], [54.582, 24.616999999999997], [54.582, 24.61733333333333], [54.581916666666665, 24.61733333333333], [54.581916666666665, 24.61725], [54.581583333333334, 24.61725], [54.581583333333334, 24.617416666666664], [54.58166666666666, 24.617416666666664], [54.58166666666666, 24.6175], [54.58175, 24.6175], [54.58175, 24.617583333333332], [54.58183333333333, 24.617583333333332], [54.58183333333333, 24.617666666666665], [54.581916666666665, 24.617666666666665], [54.581916666666665, 24.617833333333333], [54.58183333333333, 24.617833333333333], [54.58183333333333, 24.618166666666664], [54.58166666666666, 24.618166666666664], [54.58166666666666, 24.618], [54.581583333333334, 24.618], [54.581583333333334, 24.617916666666666], [54.5815, 24.617916666666666], [54.5815, 24.617833333333333], [54.58141666666666, 24.617833333333333], [54.58141666666666, 24.617749999999997], [54.58133333333333, 24.617749999999997], [54.58133333333333, 24.617583333333332], [54.58125, 24.617583333333332], [54.58125, 24.6175], [54.58133333333333, 24.6175], [54.58133333333333, 24.616999999999997], [54.58141666666666, 24.616999999999997], [54.58141666666666, 24.6165], [54.58133333333333, 24.6165], [54.58133333333333, 24.616416666666666], [54.58141666666666, 24.616416666666666], [54.58141666666666, 24.616249999999997], [54.5815, 24.616249999999997], [54.5815, 24.616333333333333], [54.581583333333334, 24.616333333333333], [54.581583333333334, 24.616416666666666], [54.58183333333333, 24.616416666666666], [54.58183333333333, 24.6165], [54.582, 24.6165], [54.582, 24.616333333333333], [54.582166666666666, 24.616333333333333], [54.582166666666666, 24.61658333333333], [54.58233333333333, 24.61658333333333], [54.58233333333333, 24.616666666666664], [54.58241666666667, 24.616666666666664], [54.58241666666667, 24.616833333333332], [54.58283333333333, 24.616833333333332], [54.58283333333333, 24.616916666666665], [54.58358333333333, 24.616916666666665], [54.58358333333333, 24.61658333333333], [54.5835, 24.61658333333333], [54.5835, 24.6165], [54.583416666666665, 24.6165], [54.583416666666665, 24.616416666666666], [54.58333333333333, 24.616416666666666], [54.58333333333333, 24.616333333333333], [54.583083333333335, 24.616333333333333], [54.583083333333335, 24.616249999999997], [54.58283333333333, 24.616249999999997], [54.58283333333333, 24.616166666666665], [54.58266666666667, 24.616166666666665], [54.58266666666667, 24.616249999999997], [54.58233333333333, 24.616249999999997], [54.58233333333333, 24.616333333333333], [54.582249999999995, 24.616333333333333], [54.582249999999995, 24.616083333333332], [54.582166666666666, 24.616083333333332], [54.582166666666666, 24.616], [54.58208333333333, 24.616], [54.58208333333333, 24.61575], [54.582, 24.61575], [54.582, 24.615666666666666], [54.58183333333333, 24.615666666666666], [54.58183333333333, 24.615416666666665], [54.58175, 24.615416666666665], [54.58175, 24.615166666666664], [54.58166666666666, 24.615166666666664], [54.58166666666666, 24.615], [54.58175, 24.615], [54.58175, 24.614916666666666], [54.58208333333333, 24.614916666666666], [54.58208333333333, 24.614833333333333], [54.58233333333333, 24.614833333333333], [54.58233333333333, 24.614749999999997], [54.58266666666667, 24.614749999999997], [54.58266666666667, 24.614666666666665], [54.58333333333333, 24.614666666666665], [54.58333333333333, 24.614749999999997], [54.583666666666666, 24.614749999999997], [54.583666666666666, 24.614666666666665], [54.58383333333333, 24.614666666666665], [54.58383333333333, 24.614749999999997], [54.58391666666667, 24.614749999999997], [54.58391666666667, 24.614833333333333], [54.58416666666666, 24.614833333333333], [54.58416666666666, 24.614916666666666], [54.58425, 24.614916666666666], [54.58425, 24.615], [54.58433333333333, 24.615], [54.58433333333333, 24.615166666666664], [54.58441666666666, 24.615166666666664], [54.58441666666666, 24.615416666666665], [54.5845, 24.615416666666665], [54.5845, 24.61583333333333], [54.584583333333335, 24.61583333333333], [54.584583333333335, 24.615916666666664], [54.584666666666664, 24.615916666666664], [54.584666666666664, 24.616], [54.58475, 24.616], [54.58475, 24.616083333333332], [54.58483333333333, 24.616083333333332], [54.58483333333333, 24.616333333333333], [54.584916666666665, 24.616333333333333], [54.584916666666665, 24.6165], [54.585, 24.6165], [54.585, 24.61658333333333], [54.58533333333333, 24.61658333333333], [54.58533333333333, 24.6165], [54.58566666666666, 24.6165], [54.58566666666666, 24.61658333333333], [54.58575, 24.61658333333333], [54.58575, 24.617749999999997], [54.58566666666666, 24.617749999999997], [54.58566666666666, 24.618], [54.58558333333333, 24.618], [54.58558333333333, 24.61825], [54.58566666666666, 24.61825], [54.58566666666666, 24.618166666666664], [54.58591666666666, 24.618166666666664], [54.58591666666666, 24.61808333333333], [54.586, 24.61808333333333], [54.586, 24.618166666666664], [54.586083333333335, 24.618166666666664], [54.586083333333335, 24.61825], [54.586166666666664, 24.61825], [54.586166666666664, 24.618416666666665], [54.58625, 24.618416666666665], [54.58625, 24.618583333333333], [54.58633333333333, 24.618583333333333], [54.58633333333333, 24.61883333333333], [54.586416666666665, 24.61883333333333], [54.586416666666665, 24.618916666666664], [54.5865, 24.618916666666664], [54.5865, 24.619], [54.58658333333333, 24.619], [54.58658333333333, 24.619083333333332], [54.586666666666666, 24.619083333333332], [54.586666666666666, 24.619166666666665], [54.58658333333333, 24.619166666666665], [54.58658333333333, 24.619249999999997], [54.5865, 24.619249999999997], [54.5865, 24.61958333333333], [54.586416666666665, 24.61958333333333], [54.586416666666665, 24.619416666666666], [54.58633333333333, 24.619416666666666], [54.58633333333333, 24.619333333333334], [54.586, 24.619333333333334], [54.586, 24.619416666666666], [54.58591666666666, 24.619416666666666], [54.58591666666666, 24.61975], [54.586, 24.61975], [54.586, 24.619833333333332], [54.58591666666666, 24.619833333333332], [54.58591666666666, 24.619999999999997], [54.58583333333333, 24.619999999999997], [54.58583333333333, 24.6205], [54.58558333333333, 24.6205], [54.58558333333333, 24.620666666666665], [54.585499999999996, 24.620666666666665], [54.585499999999996, 24.620916666666666], [54.58558333333333, 24.620916666666666], [54.58558333333333, 24.621], [54.58591666666666, 24.621], [54.58591666666666, 24.620916666666666], [54.586, 24.620916666666666], [54.586, 24.621], [54.58633333333333, 24.621], [54.58633333333333, 24.62108333333333], [54.586416666666665, 24.62108333333333], [54.586416666666665, 24.621333333333332], [54.5865, 24.621333333333332], [54.5865, 24.621416666666665], [54.586666666666666, 24.621416666666665], [54.586666666666666, 24.621333333333332], [54.586749999999995, 24.621333333333332], [54.586749999999995, 24.62125], [54.58691666666667, 24.62125], [54.58691666666667, 24.621166666666664], [54.58708333333333, 24.621166666666664], [54.58708333333333, 24.62125], [54.58716666666666, 24.62125], [54.58716666666666, 24.621333333333332], [54.58725, 24.621333333333332], [54.58725, 24.621416666666665], [54.58733333333333, 24.621416666666665], [54.58733333333333, 24.621499999999997], [54.5875, 24.621499999999997], [54.5875, 24.621583333333334], [54.587666666666664, 24.621583333333334], [54.587666666666664, 24.621666666666666], [54.58775, 24.621666666666666], [54.58775, 24.62175], [54.587666666666664, 24.62175], [54.587666666666664, 24.62183333333333], [54.5875, 24.62183333333333], [54.5875, 24.621666666666666], [54.58741666666666, 24.621666666666666], [54.58741666666666, 24.621583333333334], [54.58725, 24.621583333333334], [54.58725, 24.621666666666666], [54.58708333333333, 24.621666666666666], [54.58708333333333, 24.622083333333332], [54.58716666666666, 24.622083333333332], [54.58716666666666, 24.622249999999998], [54.58725, 24.622249999999998], [54.58725, 24.622416666666666], [54.58733333333333, 24.622416666666666], [54.58733333333333, 24.62275], [54.58741666666666, 24.62275], [54.58741666666666, 24.622833333333332], [54.58733333333333, 24.622833333333332], [54.58733333333333, 24.623166666666666], [54.58741666666666, 24.623166666666666], [54.58741666666666, 24.62325], [54.5875, 24.62325], [54.5875, 24.62333333333333], [54.58741666666666, 24.62333333333333], [54.58741666666666, 24.623416666666664], [54.58725, 24.623416666666664], [54.58725, 24.62333333333333], [54.58716666666666, 24.62333333333333], [54.58716666666666, 24.623416666666664], [54.586999999999996, 24.623416666666664], [54.586999999999996, 24.623583333333332], [54.58708333333333, 24.623583333333332], [54.58708333333333, 24.623666666666665], [54.58725, 24.623666666666665], [54.58725, 24.623749999999998], [54.58741666666666, 24.623749999999998], [54.58741666666666, 24.623833333333334], [54.5875, 24.623833333333334], [54.5875, 24.624333333333333], [54.587666666666664, 24.624333333333333], [54.587666666666664, 24.624416666666665], [54.588249999999995, 24.624416666666665], [54.588249999999995, 24.624499999999998], [54.58833333333333, 24.624499999999998], [54.58833333333333, 24.62458333333333], [54.58841666666667, 24.62458333333333], [54.58841666666667, 24.625], [54.588249999999995, 24.625], [54.588249999999995, 24.625249999999998], [54.588499999999996, 24.625249999999998], [54.588499999999996, 24.625], [54.58866666666666, 24.625], [54.58866666666666, 24.624916666666664], [54.589083333333335, 24.624916666666664], [54.589083333333335, 24.62483333333333], [54.589416666666665, 24.62483333333333], [54.589416666666665, 24.62475], [54.589666666666666, 24.62475], [54.589666666666666, 24.624666666666666], [54.58991666666667, 24.624666666666666], [54.58991666666667, 24.62458333333333], [54.589999999999996, 24.62458333333333], [54.589999999999996, 24.624499999999998], [54.59008333333333, 24.624499999999998], [54.59008333333333, 24.624416666666665], [54.59016666666666, 24.624416666666665], [54.59016666666666, 24.62475], [54.59025, 24.62475], [54.59025, 24.625083333333333], [54.59016666666666, 24.625083333333333], [54.59016666666666, 24.625], [54.59008333333333, 24.625], [54.59008333333333, 24.625083333333333], [54.589999999999996, 24.625083333333333], [54.589999999999996, 24.625166666666665], [54.58958333333333, 24.625166666666665], [54.58958333333333, 24.625], [54.5895, 24.625], [54.5895, 24.624916666666664], [54.58925, 24.624916666666664], [54.58925, 24.625], [54.589166666666664, 24.625], [54.589166666666664, 24.625083333333333], [54.589083333333335, 24.625083333333333], [54.589083333333335, 24.62533333333333], [54.589166666666664, 24.62533333333333], [54.589166666666664, 24.625416666666666], [54.58958333333333, 24.625416666666666], [54.58958333333333, 24.62533333333333], [54.589666666666666, 24.62533333333333], [54.589666666666666, 24.625416666666666], [54.589749999999995, 24.625416666666666], [54.589749999999995, 24.6255], [54.58983333333333, 24.6255], [54.58983333333333, 24.625916666666665], [54.59008333333333, 24.625916666666665], [54.59008333333333, 24.625833333333333], [54.590333333333334, 24.625833333333333], [54.590333333333334, 24.625999999999998], [54.59025, 24.625999999999998], [54.59025, 24.626166666666666], [54.59016666666666, 24.626166666666666], [54.59016666666666, 24.626416666666664], [54.59025, 24.626416666666664], [54.59025, 24.6265], [54.590333333333334, 24.6265], [54.590333333333334, 24.626749999999998], [54.59016666666666, 24.626749999999998], [54.59016666666666, 24.62683333333333], [54.59008333333333, 24.62683333333333], [54.59008333333333, 24.626749999999998], [54.589999999999996, 24.626749999999998], [54.589999999999996, 24.62683333333333], [54.58991666666667, 24.62683333333333], [54.58991666666667, 24.626916666666666], [54.58983333333333, 24.626916666666666], [54.58983333333333, 24.62683333333333], [54.589666666666666, 24.62683333333333], [54.589666666666666, 24.626916666666666], [54.58958333333333, 24.626916666666666]], [[54.585249999999995, 24.622166666666665], [54.58541666666667, 24.622166666666665], [54.58541666666667, 24.622083333333332], [54.58533333333333, 24.622083333333332], [54.58533333333333, 24.622], [54.585249999999995, 24.622], [54.585249999999995, 24.622166666666665]], [[54.585166666666666, 24.621916666666664], [54.58541666666667, 24.621916666666664], [54.58541666666667, 24.62183333333333], [54.585499999999996, 24.62183333333333], [54.585499999999996, 24.621416666666665], [54.58558333333333, 24.621416666666665], [54.58558333333333, 24.621333333333332], [54.58533333333333, 24.621333333333332], [54.58533333333333, 24.620916666666666], [54.585249999999995, 24.620916666666666], [54.585249999999995, 24.620833333333334], [54.585166666666666, 24.620833333333334], [54.585166666666666, 24.620749999999997], [54.58508333333333, 24.620749999999997], [54.58508333333333, 24.620916666666666], [54.58483333333333, 24.620916666666666], [54.58483333333333, 24.620833333333334], [54.58475, 24.620833333333334], [54.58475, 24.620749999999997], [54.584666666666664, 24.620749999999997], [54.584666666666664, 24.620666666666665], [54.5845, 24.620666666666665], [54.5845, 24.620583333333332], [54.58441666666666, 24.620583333333332], [54.58441666666666, 24.621166666666664], [54.5845, 24.621166666666664], [54.5845, 24.62125], [54.58483333333333, 24.62125], [54.58483333333333, 24.621333333333332], [54.584916666666665, 24.621333333333332], [54.584916666666665, 24.621416666666665], [54.585, 24.621416666666665], [54.585, 24.621583333333334], [54.58508333333333, 24.621583333333334], [54.58508333333333, 24.62175], [54.585166666666666, 24.62175], [54.585166666666666, 24.621916666666664]], [[54.58541666666667, 24.618333333333332], [54.585499999999996, 24.618333333333332], [54.585499999999996, 24.61825], [54.58541666666667, 24.61825], [54.58541666666667, 24.618333333333332]], [[54.58416666666666, 24.617833333333333], [54.58425, 24.617833333333333], [54.58425, 24.617749999999997], [54.58416666666666, 24.617749999999997], [54.58416666666666, 24.617833333333333]], [[54.58408333333333, 24.617583333333332], [54.58416666666666, 24.617583333333332], [54.58416666666666, 24.617416666666664], [54.58408333333333, 24.617416666666664], [54.58408333333333, 24.617583333333332]], [[54.583999999999996, 24.617416666666664], [54.58408333333333, 24.617416666666664], [54.58408333333333, 24.61733333333333], [54.58425, 24.61733333333333], [54.58425, 24.617166666666666], [54.583999999999996, 24.617166666666666], [54.583999999999996, 24.617416666666664]], [[54.58316666666666, 24.61725], [54.58325, 24.61725], [54.58325, 24.617166666666666], [54.58316666666666, 24.617166666666666], [54.58316666666666, 24.61725]], [[54.5815, 24.616999999999997], [54.581583333333334, 24.616999999999997], [54.581583333333334, 24.616916666666665], [54.5815, 24.616916666666665], [54.5815, 24.616999999999997]]]}}, {"type": "Feature", "properties": {"stand": "ADN35"}, "geometry": {"type": "Polygon", "coordinates": [[[54.61558333333333, 24.613666666666663], [54.61558333333333, 24.613166666666665], [54.61566666666666, 24.613166666666665], [54.61566666666666, 24.613083333333332], [54.615833333333335, 24.613083333333332], [54.615833333333335, 24.612916666666667], [54.615916666666664, 24.612916666666667], [54.615916666666664, 24.613], [54.61608333333333, 24.613], [54.61608333333333, 24.61283333333333], [54.616166666666665, 24.61283333333333], [54.616166666666665, 24.61275], [54.61633333333333, 24.61275], [54.61633333333333, 24.612666666666666], [54.61658333333333, 24.612666666666666], [54.61658333333333, 24.612583333333333], [54.616749999999996, 24.612583333333333], [54.616749999999996, 24.612499999999997], [54.617, 24.612499999999997], [54.617, 24.612416666666665], [54.61725, 24.612416666666665], [54.61725, 24.612333333333332], [54.61758333333333, 24.612333333333332], [54.61758333333333, 24.61225], [54.61775, 24.61225], [54.61775, 24.612166666666667], [54.617999999999995, 24.612166666666667], [54.617999999999995, 24.61208333333333], [54.61816666666667, 24.61208333333333], [54.61816666666667, 24.612], [54.61841666666666, 24.612], [54.61841666666666, 24.611916666666666], [54.61866666666666, 24.611916666666666], [54.61866666666666, 24.611833333333333], [54.618833333333335, 24.611833333333333], [54.618833333333335, 24.611916666666666], [54.619, 24.611916666666666], [54.619, 24.612], [54.61908333333333, 24.612], [54.61908333333333, 24.612333333333332], [54.619, 24.612333333333332], [54.619, 24.612416666666665], [54.619166666666665, 24.612416666666665], [54.619166666666665, 24.612333333333332], [54.61925, 24.612333333333332], [54.61925, 24.612499999999997], [54.619, 24.612499999999997], [54.619, 24.612583333333333], [54.618916666666664, 24.612583333333333], [54.618916666666664, 24.61275], [54.618833333333335, 24.61275], [54.618833333333335, 24.61283333333333], [54.61875, 24.61283333333333], [54.61875, 24.612916666666667], [54.618916666666664, 24.612916666666667], [54.618916666666664, 24.61283333333333], [54.619, 24.61283333333333], [54.619, 24.61275], [54.619416666666666, 24.61275], [54.619416666666666, 24.61283333333333], [54.619499999999995, 24.61283333333333], [54.619499999999995, 24.612916666666667], [54.619416666666666, 24.612916666666667], [54.619416666666666, 24.613], [54.61858333333333, 24.613], [54.61858333333333, 24.612916666666667], [54.6185, 24.612916666666667], [54.6185, 24.613], [54.618249999999996, 24.613], [54.618249999999996, 24.613083333333332], [54.61816666666667, 24.613083333333332], [54.61816666666667, 24.613], [54.61808333333333, 24.613], [54.61808333333333, 24.612916666666667], [54.61758333333333, 24.612916666666667], [54.61758333333333, 24.61283333333333], [54.6175, 24.61283333333333], [54.6175, 24.61275], [54.617416666666664, 24.61275], [54.617416666666664, 24.61283333333333], [54.617333333333335, 24.61283333333333], [54.617333333333335, 24.612916666666667], [54.61716666666666, 24.612916666666667], [54.61716666666666, 24.613], [54.61708333333333, 24.613], [54.61708333333333, 24.613083333333332], [54.616749999999996, 24.613083333333332], [54.616749999999996, 24.613166666666665], [54.616416666666666, 24.613166666666665], [54.616416666666666, 24.613249999999997], [54.61633333333333, 24.613249999999997], [54.61633333333333, 24.613333333333333], [54.61625, 24.613333333333333], [54.61625, 24.613416666666666], [54.616166666666665, 24.613416666666666], [54.616166666666665, 24.6135], [54.61608333333333, 24.6135], [54.61608333333333, 24.61358333333333], [54.615833333333335, 24.61358333333333], [54.615833333333335, 24.613666666666663], [54.61558333333333, 24.613666666666663]]]}}, {"type": "Feature", "properties": {"stand": "ADN25"}, "geometry": {"type": "Polygon", "coordinates": [[[54.57683333333333, 24.615416666666665], [54.57683333333333, 24.615333333333332], [54.57675, 24.615333333333332], [54.57675, 24.615166666666664], [54.57666666666667, 24.615166666666664], [54.57666666666667, 24.615], [54.576499999999996, 24.615], [54.576499999999996, 24.614916666666666], [54.57666666666667, 24.614916666666666], [54.57666666666667, 24.614583333333332], [54.57675, 24.614583333333332], [54.57675, 24.61433333333333], [54.57683333333333, 24.61433333333333], [54.57683333333333, 24.613999999999997], [54.57691666666666, 24.613999999999997], [54.57691666666666, 24.613666666666663], [54.577083333333334, 24.613666666666663], [54.577083333333334, 24.6135], [54.57725, 24.6135], [54.57725, 24.613249999999997], [54.57733333333333, 24.613249999999997], [54.57733333333333, 24.613083333333332], [54.5775, 24.613083333333332], [54.5775, 24.613], [54.57758333333333, 24.613], [54.57758333333333, 24.613249999999997], [54.577749999999995, 24.613249999999997], [54.577749999999995, 24.613166666666665], [54.57783333333333, 24.613166666666665], [54.57783333333333, 24.613083333333332], [54.57791666666667, 24.613083333333332], [54.57791666666667, 24.613], [54.57808333333333, 24.613], [54.57808333333333, 24.61283333333333], [54.57816666666667, 24.61283333333333], [54.57816666666667, 24.61275], [54.57825, 24.61275], [54.57825, 24.612499999999997], [54.5785, 24.612499999999997], [54.5785, 24.612416666666665], [54.578583333333334, 24.612416666666665], [54.578583333333334, 24.612333333333332], [54.57866666666666, 24.612333333333332], [54.57866666666666, 24.61225], [54.57875, 24.61225], [54.57875, 24.612166666666667], [54.57883333333333, 24.612166666666667], [54.57883333333333, 24.61208333333333], [54.57908333333333, 24.61208333333333], [54.57908333333333, 24.612], [54.579166666666666, 24.612], [54.579166666666666, 24.611833333333333], [54.57933333333333, 24.611833333333333], [54.57933333333333, 24.611666666666665], [54.57958333333333, 24.611666666666665], [54.57958333333333, 24.611749999999997], [54.57966666666667, 24.611749999999997], [54.57966666666667, 24.611833333333333], [54.57975, 24.611833333333333], [54.57975, 24.611916666666666], [54.57983333333333, 24.611916666666666], [54.57983333333333, 24.612], [54.57991666666666, 24.612], [54.57991666666666, 24.61208333333333], [54.58, 24.61208333333333], [54.58, 24.612166666666667], [54.580083333333334, 24.612166666666667], [54.580083333333334, 24.612333333333332], [54.58016666666666, 24.612333333333332], [54.58016666666666, 24.612499999999997], [54.58025, 24.612499999999997], [54.58025, 24.612583333333333], [54.58033333333333, 24.612583333333333], [54.58033333333333, 24.61275], [54.58025, 24.61275], [54.58025, 24.61283333333333], [54.58, 24.61283333333333], [54.58, 24.612916666666667], [54.57983333333333, 24.612916666666667], [54.57983333333333, 24.613083333333332], [54.57975, 24.613083333333332], [54.57975, 24.613166666666665], [54.57966666666667, 24.613166666666665], [54.57966666666667, 24.613249999999997], [54.57958333333333, 24.613249999999997], [54.57958333333333, 24.613166666666665], [54.579499999999996, 24.613166666666665], [54.579499999999996, 24.613249999999997], [54.579166666666666, 24.613249999999997], [54.579166666666666, 24.613333333333333], [54.57908333333333, 24.613333333333333], [54.57908333333333, 24.613249999999997], [54.579, 24.613249999999997], [54.579, 24.613416666666666], [54.578916666666665, 24.613416666666666], [54.578916666666665, 24.61375], [54.579249999999995, 24.61375], [54.579249999999995, 24.613666666666663], [54.57941666666667, 24.613666666666663], [54.57941666666667, 24.61358333333333], [54.57958333333333, 24.61358333333333], [54.57958333333333, 24.6135], [54.57975, 24.6135], [54.57975, 24.613416666666666], [54.580083333333334, 24.613416666666666], [54.580083333333334, 24.613249999999997], [54.58016666666666, 24.613249999999997], [54.58016666666666, 24.613333333333333], [54.58025, 24.613333333333333], [54.58025, 24.613], [54.58033333333333, 24.613], [54.58033333333333, 24.612916666666667], [54.580416666666665, 24.612916666666667], [54.580416666666665, 24.613083333333332], [54.5805, 24.613083333333332], [54.5805, 24.614416666666664], [54.580416666666665, 24.614416666666664], [54.580416666666665, 24.614666666666665], [54.58033333333333, 24.614666666666665], [54.58033333333333, 24.614749999999997], [54.58025, 24.614749999999997], [54.58025, 24.614833333333333], [54.58016666666666, 24.614833333333333], [54.58016666666666, 24.614916666666666], [54.580083333333334, 24.614916666666666], [54.580083333333334, 24.614833333333333], [54.57966666666667, 24.614833333333333], [54.57966666666667, 24.614916666666666], [54.57941666666667, 24.614916666666666], [54.57941666666667, 24.614833333333333], [54.57933333333333, 24.614833333333333], [54.57933333333333, 24.614749999999997], [54.579249999999995, 24.614749999999997], [54.579249999999995, 24.614666666666665], [54.57908333333333, 24.614666666666665], [54.57908333333333, 24.614749999999997], [54.579, 24.614749999999997], [54.579, 24.614666666666665], [54.57883333333333, 24.614666666666665], [54.57883333333333, 24.614583333333332], [54.57875, 24.614583333333332], [54.57875, 24.614666666666665], [54.57866666666666, 24.614666666666665], [54.57866666666666, 24.614583333333332], [54.578583333333334, 24.614583333333332], [54.578583333333334, 24.614749999999997], [54.57841666666666, 24.614749999999997], [54.57841666666666, 24.614666666666665], [54.57833333333333, 24.614666666666665], [54.57833333333333, 24.614749999999997], [54.57825, 24.614749999999997], [54.57825, 24.614583333333332], [54.57833333333333, 24.614583333333332], [54.57833333333333, 24.61433333333333], [54.57825, 24.61433333333333], [54.57825, 24.61425], [54.57808333333333, 24.61425], [54.57808333333333, 24.614166666666666], [54.57791666666667, 24.614166666666666], [54.57791666666667, 24.614083333333333], [54.57783333333333, 24.614083333333333], [54.57783333333333, 24.614666666666665], [54.57791666666667, 24.614666666666665], [54.57791666666667, 24.614749999999997], [54.57783333333333, 24.614749999999997], [54.57783333333333, 24.615166666666664], [54.577749999999995, 24.615166666666664], [54.577749999999995, 24.61525], [54.57758333333333, 24.61525], [54.57758333333333, 24.615333333333332], [54.57725, 24.615333333333332], [54.57725, 24.615416666666665], [54.57683333333333, 24.615416666666665]], [[54.57816666666667, 24.613249999999997], [54.57833333333333, 24.613249999999997], [54.57833333333333, 24.613166666666665], [54.57841666666666, 24.613166666666665], [54.57841666666666, 24.613083333333332], [54.5785, 24.613083333333332], [54.5785, 24.613], [54.57833333333333, 24.613], [54.57833333333333, 24.613083333333332], [54.57825, 24.613083333333332], [54.57825, 24.613166666666665], [54.57816666666667, 24.613166666666665], [54.57816666666667, 24.613249999999997]]]}}, {"type": "Feature", "properties": {"stand": "ADN34"}, "geometry": {"type": "Polygon", "coordinates": [[[54.574416666666664, 24.614749999999997], [54.574416666666664, 24.614583333333332], [54.57425, 24.614583333333332], [54.57425, 24.6145], [54.57433333333333, 24.6145], [54.57433333333333, 24.61425], [54.57425, 24.61425], [54.57425, 24.61358333333333], [54.57433333333333, 24.61358333333333], [54.57433333333333, 24.61283333333333], [54.574416666666664, 24.61283333333333], [54.574416666666664, 24.612583333333333], [54.5745, 24.612583333333333], [54.5745, 24.612333333333332], [54.57458333333333, 24.612333333333332], [54.57458333333333, 24.61225], [54.574749999999995, 24.61225], [54.574749999999995, 24.612], [54.57483333333333, 24.612], [54.57483333333333, 24.611833333333333], [54.57491666666667, 24.611833333333333], [54.57491666666667, 24.611749999999997], [54.574999999999996, 24.611749999999997], [54.574999999999996, 24.611666666666665], [54.57508333333333, 24.611666666666665], [54.57508333333333, 24.611583333333332], [54.57516666666667, 24.611583333333332], [54.57516666666667, 24.611666666666665], [54.57533333333333, 24.611666666666665], [54.57533333333333, 24.611749999999997], [54.57541666666666, 24.611749999999997], [54.57541666666666, 24.611916666666666], [54.5755, 24.611916666666666], [54.5755, 24.612], [54.575583333333334, 24.612], [54.575583333333334, 24.612333333333332], [54.57566666666666, 24.612333333333332], [54.57566666666666, 24.612416666666665], [54.57575, 24.612416666666665], [54.57575, 24.612499999999997], [54.57583333333333, 24.612499999999997], [54.57583333333333, 24.612583333333333], [54.57575, 24.612583333333333], [54.57575, 24.612916666666667], [54.57566666666666, 24.612916666666667], [54.57566666666666, 24.613249999999997], [54.575583333333334, 24.613249999999997], [54.575583333333334, 24.613333333333333], [54.5755, 24.613333333333333], [54.5755, 24.613416666666666], [54.57541666666666, 24.613416666666666], [54.57541666666666, 24.6135], [54.57525, 24.6135], [54.57525, 24.61358333333333], [54.57516666666667, 24.61358333333333], [54.57516666666667, 24.61375], [54.57508333333333, 24.61375], [54.57508333333333, 24.613916666666665], [54.574999999999996, 24.613916666666665], [54.574999999999996, 24.613999999999997], [54.57483333333333, 24.613999999999997], [54.57483333333333, 24.614166666666666], [54.574749999999995, 24.614166666666666], [54.574749999999995, 24.614416666666664], [54.574666666666666, 24.614416666666664], [54.574666666666666, 24.614583333333332], [54.57458333333333, 24.614583333333332], [54.57458333333333, 24.614749999999997], [54.574416666666664, 24.614749999999997]]]}}, {"type": "Feature", "properties": {"stand": "ADN29"}, "geometry": {"type": "Polygon", "coordinates": [[[54.55108333333333, 24.614416666666664], [54.55108333333333, 24.61425], [54.550999999999995, 24.61425], [54.550999999999995, 24.613999999999997], [54.55108333333333, 24.613999999999997], [54.55108333333333, 24.613416666666666], [54.550999999999995, 24.613416666666666], [54.550999999999995, 24.613], [54.550916666666666, 24.613], [54.550916666666666, 24.61275], [54.55083333333333, 24.61275], [54.55083333333333, 24.61208333333333], [54.55075, 24.61208333333333], [54.55075, 24.611749999999997], [54.550666666666665, 24.611749999999997], [54.550666666666665, 24.611583333333332], [54.55058333333333, 24.611583333333332], [54.55058333333333, 24.6115], [54.5505, 24.6115], [54.5505, 24.611416666666667], [54.55041666666666, 24.611416666666667], [54.55041666666666, 24.61133333333333], [54.550333333333334, 24.61133333333333], [54.550333333333334, 24.61125], [54.55025, 24.61125], [54.55025, 24.611083333333333], [54.55016666666666, 24.611083333333333], [54.55016666666666, 24.610999999999997], [54.55025, 24.610999999999997], [54.55025, 24.610833333333332], [54.550333333333334, 24.610833333333332], [54.550333333333334, 24.610666666666667], [54.55041666666666, 24.610666666666667], [54.55041666666666, 24.61058333333333], [54.55058333333333, 24.61058333333333], [54.55058333333333, 24.6105], [54.55075, 24.6105], [54.55075, 24.610416666666666], [54.550916666666666, 24.610416666666666], [54.550916666666666, 24.610333333333333], [54.55116666666667, 24.610333333333333], [54.55116666666667, 24.610166666666665], [54.551249999999996, 24.610166666666665], [54.551249999999996, 24.610333333333333], [54.55133333333333, 24.610333333333333], [54.55133333333333, 24.610416666666666], [54.55141666666667, 24.610416666666666], [54.55141666666667, 24.6105], [54.5515, 24.6105], [54.5515, 24.61058333333333], [54.55158333333333, 24.61058333333333], [54.55158333333333, 24.610666666666667], [54.55166666666666, 24.610666666666667], [54.55166666666666, 24.610833333333332], [54.55175, 24.610833333333332], [54.55175, 24.610916666666665], [54.55166666666666, 24.610916666666665], [54.55166666666666, 24.6115], [54.55175, 24.6115], [54.55175, 24.611666666666665], [54.551833333333335, 24.611666666666665], [54.551833333333335, 24.611833333333333], [54.55191666666666, 24.611833333333333], [54.55191666666666, 24.611916666666666], [54.552, 24.611916666666666], [54.552, 24.612], [54.55208333333333, 24.612], [54.55208333333333, 24.612166666666667], [54.552166666666665, 24.612166666666667], [54.552166666666665, 24.613], [54.55225, 24.613], [54.55225, 24.6135], [54.552, 24.6135], [54.552, 24.61358333333333], [54.551833333333335, 24.61358333333333], [54.551833333333335, 24.6135], [54.55166666666666, 24.6135], [54.55166666666666, 24.613083333333332], [54.55158333333333, 24.613083333333332], [54.55158333333333, 24.613], [54.5515, 24.613], [54.5515, 24.61283333333333], [54.55158333333333, 24.61283333333333], [54.55158333333333, 24.612499999999997], [54.55141666666667, 24.612499999999997], [54.55141666666667, 24.612916666666667], [54.55133333333333, 24.612916666666667], [54.55133333333333, 24.613416666666666], [54.55141666666667, 24.613416666666666], [54.55141666666667, 24.613666666666663], [54.5515, 24.613666666666663], [54.5515, 24.613999999999997], [54.55158333333333, 24.613999999999997], [54.55158333333333, 24.61425], [54.55133333333333, 24.61425], [54.55133333333333, 24.61433333333333], [54.551249999999996, 24.61433333333333], [54.551249999999996, 24.614416666666664], [54.55108333333333, 24.614416666666664]]]}}, {"type": "Feature", "properties": {"stand": "ADN18"}, "geometry": {"type": "Polygon", "coordinates": [[[54.61366666666667, 24.614166666666666], [54.61366666666667, 24.614083333333333], [54.613166666666665, 24.614083333333333], [54.613166666666665, 24.613999999999997], [54.61291666666666, 24.613999999999997], [54.61291666666666, 24.613916666666665], [54.61258333333333, 24.613916666666665], [54.61258333333333, 24.613833333333332], [54.6125, 24.613833333333332], [54.6125, 24.61375], [54.61233333333333, 24.61375], [54.61233333333333, 24.613666666666663], [54.612249999999996, 24.613666666666663], [54.612249999999996, 24.61358333333333], [54.611999999999995, 24.61358333333333], [54.611999999999995, 24.6135], [54.611916666666666, 24.6135], [54.611916666666666, 24.613416666666666], [54.61183333333333, 24.613416666666666], [54.61183333333333, 24.613333333333333], [54.611666666666665, 24.613333333333333], [54.611666666666665, 24.613249999999997], [54.6115, 24.613249999999997], [54.6115, 24.613166666666665], [54.61141666666666, 24.613166666666665], [54.61141666666666, 24.613083333333332], [54.611333333333334, 24.613083333333332], [54.611333333333334, 24.613], [54.61066666666667, 24.613], [54.61066666666667, 24.612916666666667], [54.61058333333333, 24.612916666666667], [54.61058333333333, 24.61283333333333], [54.610416666666666, 24.61283333333333], [54.610416666666666, 24.612916666666667], [54.61033333333333, 24.612916666666667], [54.61033333333333, 24.61283333333333], [54.61025, 24.61283333333333], [54.61025, 24.61275], [54.610166666666665, 24.61275], [54.610166666666665, 24.61283333333333], [54.61008333333333, 24.61283333333333], [54.61008333333333, 24.61275], [54.61, 24.61275], [54.61, 24.612666666666666], [54.60975, 24.612666666666666], [54.60975, 24.612583333333333], [54.60966666666666, 24.612583333333333], [54.60966666666666, 24.612499999999997], [54.60958333333333, 24.612499999999997], [54.60958333333333, 24.612416666666665], [54.60941666666667, 24.612416666666665], [54.60941666666667, 24.612333333333332], [54.609249999999996, 24.612333333333332], [54.609249999999996, 24.61225], [54.60916666666667, 24.61225], [54.60916666666667, 24.61208333333333], [54.60908333333333, 24.61208333333333], [54.60908333333333, 24.611916666666666], [54.608999999999995, 24.611916666666666], [54.608999999999995, 24.611833333333333], [54.608916666666666, 24.611833333333333], [54.608916666666666, 24.611666666666665], [54.60883333333333, 24.611666666666665], [54.60883333333333, 24.611583333333332], [54.608666666666664, 24.611583333333332], [54.608666666666664, 24.61133333333333], [54.60858333333333, 24.61133333333333], [54.60858333333333, 24.611083333333333], [54.6085, 24.611083333333333], [54.6085, 24.610333333333333], [54.60841666666666, 24.610333333333333], [54.60841666666666, 24.610249999999997], [54.608333333333334, 24.610249999999997], [54.608333333333334, 24.610166666666665], [54.60841666666666, 24.610166666666665], [54.60841666666666, 24.610083333333332], [54.608333333333334, 24.610083333333332], [54.608333333333334, 24.609916666666667], [54.60825, 24.609916666666667], [54.60825, 24.60983333333333], [54.608333333333334, 24.60983333333333], [54.608333333333334, 24.60975], [54.60825, 24.60975], [54.60825, 24.609499999999997], [54.60816666666666, 24.609499999999997], [54.60816666666666, 24.60925], [54.608333333333334, 24.60925], [54.608333333333334, 24.609333333333332], [54.60841666666666, 24.609333333333332], [54.60841666666666, 24.609499999999997], [54.60858333333333, 24.609499999999997], [54.60858333333333, 24.609583333333333], [54.60883333333333, 24.609583333333333], [54.60883333333333, 24.609666666666666], [54.608999999999995, 24.609666666666666], [54.608999999999995, 24.609583333333333], [54.60908333333333, 24.609583333333333], [54.60908333333333, 24.60975], [54.60916666666667, 24.60975], [54.60916666666667, 24.60983333333333], [54.609249999999996, 24.60983333333333], [54.609249999999996, 24.610166666666665], [54.60933333333333, 24.610166666666665], [54.60933333333333, 24.610249999999997], [54.60908333333333, 24.610249999999997], [54.60908333333333, 24.610333333333333], [54.608999999999995, 24.610333333333333], [54.608999999999995, 24.60983333333333], [54.60883333333333, 24.60983333333333], [54.60883333333333, 24.609916666666667], [54.60875, 24.609916666666667], [54.60875, 24.610666666666667], [54.60883333333333, 24.610666666666667], [54.60883333333333, 24.610833333333332], [54.608916666666666, 24.610833333333332], [54.608916666666666, 24.610916666666665], [54.608999999999995, 24.610916666666665], [54.608999999999995, 24.610999999999997], [54.60908333333333, 24.610999999999997], [54.60908333333333, 24.61125], [54.609249999999996, 24.61125], [54.609249999999996, 24.611166666666666], [54.60941666666667, 24.611166666666666], [54.60941666666667, 24.610833333333332], [54.60958333333333, 24.610833333333332], [54.60958333333333, 24.61075], [54.60966666666666, 24.61075], [54.60966666666666, 24.610833333333332], [54.609833333333334, 24.610833333333332], [54.609833333333334, 24.610916666666665], [54.61, 24.610916666666665], [54.61, 24.610999999999997], [54.61033333333333, 24.610999999999997], [54.61033333333333, 24.611083333333333], [54.61058333333333, 24.611083333333333], [54.61058333333333, 24.611166666666666], [54.610749999999996, 24.611166666666666], [54.610749999999996, 24.61125], [54.61208333333333, 24.61125], [54.61208333333333, 24.61133333333333], [54.612249999999996, 24.61133333333333], [54.612249999999996, 24.611416666666667], [54.61241666666667, 24.611416666666667], [54.61241666666667, 24.6115], [54.6125, 24.6115], [54.6125, 24.611583333333332], [54.61258333333333, 24.611583333333332], [54.61258333333333, 24.611666666666665], [54.61275, 24.611666666666665], [54.61275, 24.611749999999997], [54.61291666666666, 24.611749999999997], [54.61291666666666, 24.611833333333333], [54.613166666666665, 24.611833333333333], [54.613166666666665, 24.611916666666666], [54.61325, 24.611916666666666], [54.61325, 24.612], [54.61333333333333, 24.612], [54.61333333333333, 24.61208333333333], [54.613416666666666, 24.61208333333333], [54.613416666666666, 24.612166666666667], [54.61366666666667, 24.612166666666667], [54.61366666666667, 24.61225], [54.61358333333333, 24.61225], [54.61358333333333, 24.612583333333333], [54.61408333333333, 24.612583333333333], [54.61408333333333, 24.612666666666666], [54.61425, 24.612666666666666], [54.61425, 24.61275], [54.614333333333335, 24.61275], [54.614333333333335, 24.61283333333333], [54.61441666666666, 24.61283333333333], [54.61441666666666, 24.612916666666667], [54.6145, 24.612916666666667], [54.6145, 24.613166666666665], [54.61441666666666, 24.613166666666665], [54.61441666666666, 24.613249999999997], [54.614333333333335, 24.613249999999997], [54.614333333333335, 24.613166666666665], [54.61425, 24.613166666666665], [54.61425, 24.613249999999997], [54.61416666666666, 24.613249999999997], [54.61416666666666, 24.613416666666666], [54.614, 24.613416666666666], [54.614, 24.6135], [54.613749999999996, 24.6135], [54.613749999999996, 24.61358333333333], [54.61366666666667, 24.61358333333333], [54.61366666666667, 24.613666666666663], [54.61358333333333, 24.613666666666663], [54.61358333333333, 24.61358333333333], [54.613499999999995, 24.61358333333333], [54.613499999999995, 24.613666666666663], [54.613416666666666, 24.613666666666663], [54.613416666666666, 24.613833333333332], [54.61358333333333, 24.613833333333332], [54.61358333333333, 24.61375], [54.614, 24.61375], [54.614, 24.613666666666663], [54.61408333333333, 24.613666666666663], [54.61408333333333, 24.61358333333333], [54.6145, 24.61358333333333], [54.6145, 24.6135], [54.614666666666665, 24.6135], [54.614666666666665, 24.61358333333333], [54.61475, 24.61358333333333], [54.61475, 24.613666666666663], [54.61483333333333, 24.613666666666663], [54.61483333333333, 24.613833333333332], [54.614916666666666, 24.613833333333332], [54.614916666666666, 24.613916666666665], [54.614999999999995, 24.613916666666665], [54.614999999999995, 24.613999999999997], [54.61483333333333, 24.613999999999997], [54.61483333333333, 24.614083333333333], [54.61475, 24.614083333333333], [54.61475, 24.614166666666666], [54.61441666666666, 24.614166666666666], [54.61441666666666, 24.614083333333333], [54.614333333333335, 24.614083333333333], [54.614333333333335, 24.614166666666666], [54.614, 24.614166666666666], [54.614, 24.614083333333333], [54.613749999999996, 24.614083333333333], [54.613749999999996, 24.614166666666666], [54.61366666666667, 24.614166666666666]], [[54.613166666666665, 24.613916666666665], [54.61333333333333, 24.613916666666665], [54.61333333333333, 24.613833333333332], [54.613166666666665, 24.613833333333332], [54.613166666666665, 24.613916666666665]], [[54.613416666666666, 24.612416666666665], [54.613499999999995, 24.612416666666665], [54.613499999999995, 24.612333333333332], [54.613416666666666, 24.612333333333332], [54.613416666666666, 24.612416666666665]]]}}, {"type": "Feature", "properties": {"stand": "ADN32"}, "geometry": {"type": "Polygon", "coordinates": [[[54.54891666666666, 24.610333333333333], [54.54891666666666, 24.610249999999997], [54.54841666666667, 24.610249999999997], [54.54841666666667, 24.610166666666665], [54.548249999999996, 24.610166666666665], [54.548249999999996, 24.610083333333332], [54.54808333333333, 24.610083333333332], [54.54808333333333, 24.610166666666665], [54.547999999999995, 24.610166666666665], [54.547999999999995, 24.610083333333332], [54.54758333333333, 24.610083333333332], [54.54758333333333, 24.60975], [54.54775, 24.60975], [54.54775, 24.609583333333333], [54.54783333333333, 24.609583333333333], [54.54783333333333, 24.609416666666664], [54.547916666666666, 24.609416666666664], [54.547916666666666, 24.609333333333332], [54.547999999999995, 24.609333333333332], [54.547999999999995, 24.609416666666664], [54.54908333333333, 24.609416666666664], [54.54908333333333, 24.609333333333332], [54.549499999999995, 24.609333333333332], [54.549499999999995, 24.60925], [54.54958333333333, 24.60925], [54.54958333333333, 24.609166666666667], [54.54983333333333, 24.609166666666667], [54.54983333333333, 24.60908333333333], [54.55008333333333, 24.60908333333333], [54.55008333333333, 24.608999999999998], [54.55025, 24.608999999999998], [54.55025, 24.608916666666666], [54.550666666666665, 24.608916666666666], [54.550666666666665, 24.608999999999998], [54.55108333333333, 24.608999999999998], [54.55108333333333, 24.608916666666666], [54.55116666666667, 24.608916666666666], [54.55116666666667, 24.608833333333333], [54.55133333333333, 24.608833333333333], [54.55133333333333, 24.608916666666666], [54.55141666666667, 24.608916666666666], [54.55141666666667, 24.608999999999998], [54.5515, 24.608999999999998], [54.5515, 24.60925], [54.55158333333333, 24.60925], [54.55158333333333, 24.609333333333332], [54.5515, 24.609333333333332], [54.5515, 24.609499999999997], [54.55133333333333, 24.609499999999997], [54.55133333333333, 24.609583333333333], [54.551249999999996, 24.609583333333333], [54.551249999999996, 24.609666666666666], [54.55108333333333, 24.609666666666666], [54.55108333333333, 24.60975], [54.550999999999995, 24.60975], [54.550999999999995, 24.60983333333333], [54.550916666666666, 24.60983333333333], [54.550916666666666, 24.60975], [54.55083333333333, 24.60975], [54.55083333333333, 24.60983333333333], [54.550666666666665, 24.60983333333333], [54.550666666666665, 24.609916666666667], [54.5505, 24.609916666666667], [54.5505, 24.61], [54.55016666666666, 24.61], [54.55016666666666, 24.610083333333332], [54.54983333333333, 24.610083333333332], [54.54983333333333, 24.610166666666665], [54.549749999999996, 24.610166666666665], [54.549749999999996, 24.610083333333332], [54.54966666666667, 24.610083333333332], [54.54966666666667, 24.610166666666665], [54.54958333333333, 24.610166666666665], [54.54958333333333, 24.610249999999997], [54.549499999999995, 24.610249999999997], [54.549499999999995, 24.610166666666665], [54.549166666666665, 24.610166666666665], [54.549166666666665, 24.610249999999997], [54.549, 24.610249999999997], [54.549, 24.610333333333333], [54.54891666666666, 24.610333333333333]]]}}, {"type": "Feature", "properties": {"stand": "ADN22"}, "geometry": {"type": "Polygon", "coordinates": [[[54.59358333333333, 24.613249999999997], [54.59358333333333, 24.613166666666665], [54.59325, 24.613166666666665], [54.59325, 24.61275], [54.59316666666666, 24.61275], [54.59316666666666, 24.612666666666666], [54.59308333333333, 24.612666666666666], [54.59308333333333, 24.612499999999997], [54.592999999999996, 24.612499999999997], [54.592999999999996, 24.612416666666665], [54.59291666666667, 24.612416666666665], [54.59291666666667, 24.612333333333332], [54.59283333333333, 24.612333333333332], [54.59283333333333, 24.61225], [54.592416666666665, 24.61225], [54.592416666666665, 24.612], [54.59233333333333, 24.612], [54.59233333333333, 24.611916666666666], [54.59225, 24.611916666666666], [54.59225, 24.611833333333333], [54.592166666666664, 24.611833333333333], [54.592166666666664, 24.611749999999997], [54.592083333333335, 24.611749999999997], [54.592083333333335, 24.611416666666667], [54.592, 24.611416666666667], [54.592, 24.61133333333333], [54.59191666666666, 24.61133333333333], [54.59191666666666, 24.61125], [54.592, 24.61125], [54.592, 24.611166666666666], [54.59191666666666, 24.611166666666666], [54.59191666666666, 24.611083333333333], [54.592, 24.611083333333333], [54.592, 24.61075], [54.59191666666666, 24.61075], [54.59191666666666, 24.6105], [54.592, 24.6105], [54.592, 24.610166666666665], [54.59191666666666, 24.610166666666665], [54.59191666666666, 24.610083333333332], [54.592, 24.610083333333332], [54.592, 24.61], [54.592166666666664, 24.61], [54.592166666666664, 24.609916666666667], [54.592083333333335, 24.609916666666667], [54.592083333333335, 24.60975], [54.592166666666664, 24.60975], [54.592166666666664, 24.609666666666666], [54.59225, 24.609666666666666], [54.59225, 24.609416666666664], [54.59233333333333, 24.609416666666664], [54.59233333333333, 24.60925], [54.592416666666665, 24.60925], [54.592416666666665, 24.609166666666667], [54.59258333333333, 24.609166666666667], [54.59258333333333, 24.608999999999998], [54.592666666666666, 24.608999999999998], [54.592666666666666, 24.608916666666666], [54.592749999999995, 24.608916666666666], [54.592749999999995, 24.608833333333333], [54.59283333333333, 24.608833333333333], [54.59283333333333, 24.608749999999997], [54.59291666666667, 24.608749999999997], [54.59291666666667, 24.608583333333332], [54.59308333333333, 24.608583333333332], [54.59308333333333, 24.6085], [54.59325, 24.6085], [54.59325, 24.608416666666667], [54.593333333333334, 24.608416666666667], [54.593333333333334, 24.60833333333333], [54.59358333333333, 24.60833333333333], [54.59358333333333, 24.608249999999998], [54.593666666666664, 24.608249999999998], [54.593666666666664, 24.608166666666666], [54.593916666666665, 24.608166666666666], [54.593916666666665, 24.608083333333333], [54.594249999999995, 24.608083333333333], [54.594249999999995, 24.607999999999997], [54.59433333333333, 24.607999999999997], [54.59433333333333, 24.608083333333333], [54.59441666666667, 24.608083333333333], [54.59441666666667, 24.608166666666666], [54.5945, 24.608166666666666], [54.5945, 24.608249999999998], [54.59466666666666, 24.608249999999998], [54.59466666666666, 24.60833333333333], [54.59475, 24.60833333333333], [54.59475, 24.608583333333332], [54.594833333333334, 24.608583333333332], [54.594833333333334, 24.608666666666664], [54.59475, 24.608666666666664], [54.59475, 24.608749999999997], [54.59458333333333, 24.608749999999997], [54.59458333333333, 24.608833333333333], [54.5945, 24.608833333333333], [54.5945, 24.60908333333333], [54.59441666666667, 24.60908333333333], [54.59441666666667, 24.60925], [54.59408333333333, 24.60925], [54.59408333333333, 24.609333333333332], [54.594, 24.609333333333332], [54.594, 24.609416666666664], [54.593916666666665, 24.609416666666664], [54.593916666666665, 24.609499999999997], [54.59383333333333, 24.609499999999997], [54.59383333333333, 24.609666666666666], [54.59375, 24.609666666666666], [54.59375, 24.60975], [54.59358333333333, 24.60975], [54.59358333333333, 24.6105], [54.59383333333333, 24.6105], [54.59383333333333, 24.610416666666666], [54.593916666666665, 24.610416666666666], [54.593916666666665, 24.6105], [54.594, 24.6105], [54.594, 24.61075], [54.59408333333333, 24.61075], [54.59408333333333, 24.6115], [54.594166666666666, 24.6115], [54.594166666666666, 24.611583333333332], [54.594249999999995, 24.611583333333332], [54.594249999999995, 24.611916666666666], [54.59433333333333, 24.611916666666666], [54.59433333333333, 24.612], [54.59441666666667, 24.612], [54.59441666666667, 24.61208333333333], [54.5945, 24.61208333333333], [54.5945, 24.612166666666667], [54.59433333333333, 24.612166666666667], [54.59433333333333, 24.612583333333333], [54.59441666666667, 24.612583333333333], [54.59441666666667, 24.612666666666666], [54.5945, 24.612666666666666], [54.5945, 24.61283333333333], [54.59458333333333, 24.61283333333333], [54.59458333333333, 24.612916666666667], [54.594833333333334, 24.612916666666667], [54.594833333333334, 24.613083333333332], [54.59475, 24.613083333333332], [54.59475, 24.613166666666665], [54.594249999999995, 24.613166666666665], [54.594249999999995, 24.613083333333332], [54.594166666666666, 24.613083333333332], [54.594166666666666, 24.613166666666665], [54.59408333333333, 24.613166666666665], [54.59408333333333, 24.613249999999997], [54.59358333333333, 24.613249999999997]]]}}, {"type": "Feature", "properties": {"stand": "ADN8"}, "geometry": {"type": "Polygon", "coordinates": [[[54.596333333333334, 24.621916666666664], [54.596333333333334, 24.62183333333333], [54.59625, 24.62183333333333], [54.59625, 24.621583333333334], [54.59641666666666, 24.621583333333334], [54.59641666666666, 24.621416666666665], [54.59625, 24.621416666666665], [54.59625, 24.621333333333332], [54.59616666666666, 24.621333333333332], [54.59616666666666, 24.621416666666665], [54.59608333333333, 24.621416666666665], [54.59608333333333, 24.621333333333332], [54.59583333333333, 24.621333333333332], [54.59583333333333, 24.621416666666665], [54.595749999999995, 24.621416666666665], [54.595749999999995, 24.621499999999997], [54.5955, 24.621499999999997], [54.5955, 24.62125], [54.595749999999995, 24.62125], [54.595749999999995, 24.62108333333333], [54.59591666666667, 24.62108333333333], [54.59591666666667, 24.621166666666664], [54.59616666666666, 24.621166666666664], [54.59616666666666, 24.620916666666666], [54.59625, 24.620916666666666], [54.59625, 24.620749999999997], [54.59616666666666, 24.620749999999997], [54.59616666666666, 24.620416666666664], [54.59608333333333, 24.620416666666664], [54.59608333333333, 24.620166666666666], [54.596, 24.620166666666666], [54.596, 24.61958333333333], [54.59608333333333, 24.61958333333333], [54.59608333333333, 24.619416666666666], [54.59616666666666, 24.619416666666666], [54.59616666666666, 24.619333333333334], [54.59608333333333, 24.619333333333334], [54.59608333333333, 24.619083333333332], [54.596, 24.619083333333332], [54.596, 24.618583333333333], [54.59591666666667, 24.618583333333333], [54.59591666666667, 24.618333333333332], [54.59583333333333, 24.618333333333332], [54.59583333333333, 24.617833333333333], [54.595749999999995, 24.617833333333333], [54.595749999999995, 24.617083333333333], [54.595666666666666, 24.617083333333333], [54.595666666666666, 24.6165], [54.59558333333333, 24.6165], [54.59558333333333, 24.616416666666666], [54.5955, 24.616416666666666], [54.5955, 24.616166666666665], [54.59558333333333, 24.616166666666665], [54.59558333333333, 24.61575], [54.5955, 24.61575], [54.5955, 24.615583333333333], [54.59558333333333, 24.615583333333333], [54.59558333333333, 24.61525], [54.595666666666666, 24.61525], [54.595666666666666, 24.61508333333333], [54.59558333333333, 24.61508333333333], [54.59558333333333, 24.614833333333333], [54.5955, 24.614833333333333], [54.5955, 24.614583333333332], [54.595416666666665, 24.614583333333332], [54.595416666666665, 24.6145], [54.5955, 24.6145], [54.5955, 24.614416666666664], [54.595416666666665, 24.614416666666664], [54.595416666666665, 24.61433333333333], [54.5955, 24.61433333333333], [54.5955, 24.61425], [54.59558333333333, 24.61425], [54.59558333333333, 24.614083333333333], [54.595666666666666, 24.614083333333333], [54.595666666666666, 24.613999999999997], [54.595749999999995, 24.613999999999997], [54.595749999999995, 24.61375], [54.59583333333333, 24.61375], [54.59583333333333, 24.613666666666663], [54.595749999999995, 24.613666666666663], [54.595749999999995, 24.6135], [54.59583333333333, 24.6135], [54.59583333333333, 24.613249999999997], [54.59591666666667, 24.613249999999997], [54.59591666666667, 24.613083333333332], [54.59583333333333, 24.613083333333332], [54.59583333333333, 24.613], [54.595416666666665, 24.613], [54.595416666666665, 24.612916666666667], [54.59533333333333, 24.612916666666667], [54.59533333333333, 24.61275], [54.59525, 24.61275], [54.59525, 24.612583333333333], [54.595166666666664, 24.612583333333333], [54.595166666666664, 24.612333333333332], [54.59508333333333, 24.612333333333332], [54.59508333333333, 24.61225], [54.595166666666664, 24.61225], [54.595166666666664, 24.612166666666667], [54.59508333333333, 24.612166666666667], [54.59508333333333, 24.611666666666665], [54.595166666666664, 24.611666666666665], [54.595166666666664, 24.611416666666667], [54.59525, 24.611416666666667], [54.59525, 24.61133333333333], [54.595166666666664, 24.61133333333333], [54.595166666666664, 24.61125], [54.59508333333333, 24.61125], [54.59508333333333, 24.611166666666666], [54.595, 24.611166666666666], [54.595, 24.611083333333333], [54.59508333333333, 24.611083333333333], [54.59508333333333, 24.610999999999997], [54.595, 24.610999999999997], [54.595, 24.610916666666665], [54.59508333333333, 24.610916666666665], [54.59508333333333, 24.61075], [54.595, 24.61075], [54.595, 24.610666666666667], [54.59508333333333, 24.610666666666667], [54.59508333333333, 24.610416666666666], [54.595, 24.610416666666666], [54.595, 24.610083333333332], [54.59508333333333, 24.610083333333332], [54.59508333333333, 24.61], [54.59491666666666, 24.61], [54.59491666666666, 24.610083333333332], [54.594833333333334, 24.610083333333332], [54.594833333333334, 24.610166666666665], [54.59475, 24.610166666666665], [54.59475, 24.610083333333332], [54.59466666666666, 24.610083333333332], [54.59466666666666, 24.610166666666665], [54.59458333333333, 24.610166666666665], [54.59458333333333, 24.610249999999997], [54.5945, 24.610249999999997], [54.5945, 24.610416666666666], [54.59433333333333, 24.610416666666666], [54.59433333333333, 24.6105], [54.594166666666666, 24.6105], [54.594166666666666, 24.61058333333333], [54.59408333333333, 24.61058333333333], [54.59408333333333, 24.610333333333333], [54.594, 24.610333333333333], [54.594, 24.610249999999997], [54.59408333333333, 24.610249999999997], [54.59408333333333, 24.610166666666665], [54.594166666666666, 24.610166666666665], [54.594166666666666, 24.610083333333332], [54.59433333333333, 24.610083333333332], [54.59433333333333, 24.609916666666667], [54.59441666666667, 24.609916666666667], [54.59441666666667, 24.609416666666664], [54.5945, 24.609416666666664], [54.5945, 24.609499999999997], [54.59475, 24.609499999999997], [54.59475, 24.609583333333333], [54.594833333333334, 24.609583333333333], [54.594833333333334, 24.609666666666666], [54.59491666666666, 24.609666666666666], [54.59491666666666, 24.60983333333333], [54.59508333333333, 24.60983333333333], [54.59508333333333, 24.60975], [54.59533333333333, 24.60975], [54.59533333333333, 24.609666666666666], [54.595416666666665, 24.609666666666666], [54.595416666666665, 24.609499999999997], [54.5955, 24.609499999999997], [54.5955, 24.609416666666664], [54.59558333333333, 24.609416666666664], [54.59558333333333, 24.609333333333332], [54.595666666666666, 24.609333333333332], [54.595666666666666, 24.60908333333333], [54.595749999999995, 24.60908333333333], [54.595749999999995, 24.608916666666666], [54.59583333333333, 24.608916666666666], [54.59583333333333, 24.608749999999997], [54.595749999999995, 24.608749999999997], [54.595749999999995, 24.608666666666664], [54.595666666666666, 24.608666666666664], [54.595666666666666, 24.608583333333332], [54.5955, 24.608583333333332], [54.5955, 24.6085], [54.595416666666665, 24.6085], [54.595416666666665, 24.608583333333332], [54.595, 24.608583333333332], [54.595, 24.608416666666667], [54.59491666666666, 24.608416666666667], [54.59491666666666, 24.608249999999998], [54.594833333333334, 24.608249999999998], [54.594833333333334, 24.608166666666666], [54.59475, 24.608166666666666], [54.59475, 24.607999999999997], [54.59583333333333, 24.607999999999997], [54.59583333333333, 24.608083333333333], [54.59591666666667, 24.608083333333333], [54.59591666666667, 24.608166666666666], [54.59616666666666, 24.608166666666666], [54.59616666666666, 24.608249999999998], [54.59641666666666, 24.608249999999998], [54.59641666666666, 24.60833333333333], [54.5965, 24.60833333333333], [54.5965, 24.608416666666667], [54.59675, 24.608416666666667], [54.59675, 24.6085], [54.59683333333333, 24.6085], [54.59683333333333, 24.608583333333332], [54.597, 24.608583333333332], [54.597, 24.608666666666664], [54.597166666666666, 24.608666666666664], [54.597166666666666, 24.608833333333333], [54.59733333333333, 24.608833333333333], [54.59733333333333, 24.608916666666666], [54.59741666666667, 24.608916666666666], [54.59741666666667, 24.60908333333333], [54.5975, 24.60908333333333], [54.5975, 24.60925], [54.59758333333333, 24.60925], [54.59758333333333, 24.609333333333332], [54.59766666666666, 24.609333333333332], [54.59766666666666, 24.609499999999997], [54.59775, 24.609499999999997], [54.59775, 24.609583333333333], [54.597833333333334, 24.609583333333333], [54.597833333333334, 24.60975], [54.59791666666666, 24.60975], [54.59791666666666, 24.60983333333333], [54.598, 24.60983333333333], [54.598, 24.609916666666667], [54.59791666666666, 24.609916666666667], [54.59791666666666, 24.610083333333332], [54.598, 24.610083333333332], [54.598, 24.610166666666665], [54.59808333333333, 24.610166666666665], [54.59808333333333, 24.61075], [54.598, 24.61075], [54.598, 24.6115], [54.59791666666666, 24.6115], [54.59791666666666, 24.611833333333333], [54.598, 24.611833333333333], [54.598, 24.612], [54.59808333333333, 24.612], [54.59808333333333, 24.612166666666667], [54.598166666666664, 24.612166666666667], [54.598166666666664, 24.61225], [54.59825, 24.61225], [54.59825, 24.612333333333332], [54.59833333333333, 24.612333333333332], [54.59833333333333, 24.61275], [54.598416666666665, 24.61275], [54.598416666666665, 24.613166666666665], [54.5985, 24.613166666666665], [54.5985, 24.613249999999997], [54.598416666666665, 24.613249999999997], [54.598416666666665, 24.613333333333333], [54.59825, 24.613333333333333], [54.59825, 24.613416666666666], [54.598166666666664, 24.613416666666666], [54.598166666666664, 24.6135], [54.59775, 24.6135], [54.59775, 24.613416666666666], [54.59758333333333, 24.613416666666666], [54.59758333333333, 24.613333333333333], [54.5975, 24.613333333333333], [54.5975, 24.613166666666665], [54.59741666666667, 24.613166666666665], [54.59741666666667, 24.613083333333332], [54.597249999999995, 24.613083333333332], [54.597249999999995, 24.613], [54.59708333333333, 24.613], [54.59708333333333, 24.613166666666665], [54.596916666666665, 24.613166666666665], [54.596916666666665, 24.613083333333332], [54.59675, 24.613083333333332], [54.59675, 24.613333333333333], [54.59683333333333, 24.613333333333333], [54.59683333333333, 24.6135], [54.596916666666665, 24.6135], [54.596916666666665, 24.61375], [54.597166666666666, 24.61375], [54.597166666666666, 24.613666666666663], [54.59741666666667, 24.613666666666663], [54.59741666666667, 24.61375], [54.59758333333333, 24.61375], [54.59758333333333, 24.613833333333332], [54.59766666666666, 24.613833333333332], [54.59766666666666, 24.614083333333333], [54.597833333333334, 24.614083333333333], [54.597833333333334, 24.614166666666666], [54.59791666666666, 24.614166666666666], [54.59791666666666, 24.61425], [54.598, 24.61425], [54.598, 24.6145], [54.59808333333333, 24.6145], [54.59808333333333, 24.614583333333332], [54.59833333333333, 24.614583333333332], [54.59833333333333, 24.6145], [54.598416666666665, 24.6145], [54.598416666666665, 24.614583333333332], [54.59866666666667, 24.614583333333332], [54.59866666666667, 24.614666666666665], [54.598749999999995, 24.614666666666665], [54.598749999999995, 24.614833333333333], [54.59883333333333, 24.614833333333333], [54.59883333333333, 24.61508333333333], [54.598416666666665, 24.61508333333333], [54.598416666666665, 24.615499999999997], [54.59833333333333, 24.615499999999997], [54.59833333333333, 24.615916666666664], [54.59825, 24.615916666666664], [54.59825, 24.616333333333333], [54.59833333333333, 24.616333333333333], [54.59833333333333, 24.616416666666666], [54.59825, 24.616416666666666], [54.59825, 24.616666666666664], [54.59833333333333, 24.616666666666664], [54.59833333333333, 24.61675], [54.59825, 24.61675], [54.59825, 24.616916666666665], [54.59833333333333, 24.616916666666665], [54.59833333333333, 24.617416666666664], [54.598416666666665, 24.617416666666664], [54.598416666666665, 24.617583333333332], [54.5985, 24.617583333333332], [54.5985, 24.617749999999997], [54.59858333333333, 24.617749999999997], [54.59858333333333, 24.617833333333333], [54.59866666666667, 24.617833333333333], [54.59866666666667, 24.618416666666665], [54.598749999999995, 24.618416666666665], [54.598749999999995, 24.618583333333333], [54.59883333333333, 24.618583333333333], [54.59883333333333, 24.618666666666666], [54.59891666666667, 24.618666666666666], [54.59891666666667, 24.61883333333333], [54.59883333333333, 24.61883333333333], [54.59883333333333, 24.619], [54.598749999999995, 24.619], [54.598749999999995, 24.619249999999997], [54.59866666666667, 24.619249999999997], [54.59866666666667, 24.619416666666666], [54.59858333333333, 24.619416666666666], [54.59858333333333, 24.619666666666664], [54.5985, 24.619666666666664], [54.5985, 24.619999999999997], [54.59858333333333, 24.619999999999997], [54.59858333333333, 24.62025], [54.59866666666667, 24.62025], [54.59866666666667, 24.620416666666664], [54.598749999999995, 24.620416666666664], [54.598749999999995, 24.620833333333334], [54.59866666666667, 24.620833333333334], [54.59866666666667, 24.620916666666666], [54.5985, 24.620916666666666], [54.5985, 24.621166666666664], [54.59858333333333, 24.621166666666664], [54.59858333333333, 24.62125], [54.59866666666667, 24.62125], [54.59866666666667, 24.621333333333332], [54.5985, 24.621333333333332], [54.5985, 24.621416666666665], [54.598416666666665, 24.621416666666665], [54.598416666666665, 24.621499999999997], [54.59825, 24.621499999999997], [54.59825, 24.621583333333334], [54.598166666666664, 24.621583333333334], [54.598166666666664, 24.621666666666666], [54.597833333333334, 24.621666666666666], [54.597833333333334, 24.62175], [54.59775, 24.62175], [54.59775, 24.62183333333333], [54.59766666666666, 24.62183333333333], [54.59766666666666, 24.62175], [54.5975, 24.62175], [54.5975, 24.62183333333333], [54.59683333333333, 24.62183333333333], [54.59683333333333, 24.62175], [54.59675, 24.62175], [54.59675, 24.62183333333333], [54.596666666666664, 24.62183333333333], [54.596666666666664, 24.621916666666664], [54.59658333333333, 24.621916666666664], [54.59658333333333, 24.62183333333333], [54.59641666666666, 24.62183333333333], [54.59641666666666, 24.621916666666664], [54.596333333333334, 24.621916666666664]], [[54.59675, 24.62033333333333], [54.59733333333333, 24.62033333333333], [54.59733333333333, 24.62025], [54.59741666666667, 24.62025], [54.59741666666667, 24.62033333333333], [54.59775, 24.62033333333333], [54.59775, 24.620083333333334], [54.59766666666666, 24.620083333333334], [54.59766666666666, 24.619999999999997], [54.59758333333333, 24.619999999999997], [54.59758333333333, 24.619916666666665], [54.5975, 24.619916666666665], [54.5975, 24.619833333333332], [54.59758333333333, 24.619833333333332], [54.59758333333333, 24.61958333333333], [54.5975, 24.61958333333333], [54.5975, 24.6195], [54.59741666666667, 24.6195], [54.59741666666667, 24.619416666666666], [54.59758333333333, 24.619416666666666], [54.59758333333333, 24.619333333333334], [54.59766666666666, 24.619333333333334], [54.59766666666666, 24.61883333333333], [54.59775, 24.61883333333333], [54.59775, 24.618666666666666], [54.597833333333334, 24.618666666666666], [54.597833333333334, 24.618416666666665], [54.59791666666666, 24.618416666666665], [54.59791666666666, 24.61825], [54.597833333333334, 24.61825], [54.597833333333334, 24.61808333333333], [54.59775, 24.61808333333333], [54.59775, 24.618], [54.59758333333333, 24.618], [54.59758333333333, 24.617916666666666], [54.59733333333333, 24.617916666666666], [54.59733333333333, 24.617833333333333], [54.597249999999995, 24.617833333333333], [54.597249999999995, 24.617583333333332], [54.597166666666666, 24.617583333333332], [54.597166666666666, 24.6175], [54.59708333333333, 24.6175], [54.59708333333333, 24.617416666666664], [54.597, 24.617416666666664], [54.597, 24.61733333333333], [54.597166666666666, 24.61733333333333], [54.597166666666666, 24.617166666666666], [54.59708333333333, 24.617166666666666], [54.59708333333333, 24.617083333333333], [54.597, 24.617083333333333], [54.597, 24.616999999999997], [54.596916666666665, 24.616999999999997], [54.596916666666665, 24.616916666666665], [54.59683333333333, 24.616916666666665], [54.59683333333333, 24.61675], [54.597, 24.61675], [54.597, 24.616833333333332], [54.597166666666666, 24.616833333333332], [54.597166666666666, 24.61675], [54.59708333333333, 24.61675], [54.59708333333333, 24.616666666666664], [54.597, 24.616666666666664], [54.597, 24.6165], [54.59683333333333, 24.6165], [54.59683333333333, 24.616249999999997], [54.596916666666665, 24.616249999999997], [54.596916666666665, 24.616166666666665], [54.597, 24.616166666666665], [54.597, 24.616249999999997], [54.59708333333333, 24.616249999999997], [54.59708333333333, 24.6165], [54.597166666666666, 24.6165], [54.597166666666666, 24.61658333333333], [54.59733333333333, 24.61658333333333], [54.59733333333333, 24.616249999999997], [54.597249999999995, 24.616249999999997], [54.597249999999995, 24.616083333333332], [54.597166666666666, 24.616083333333332], [54.597166666666666, 24.616], [54.59708333333333, 24.616], [54.59708333333333, 24.615916666666664], [54.597, 24.615916666666664], [54.597, 24.61583333333333], [54.59675, 24.61583333333333], [54.59675, 24.61575], [54.596666666666664, 24.61575], [54.596666666666664, 24.615666666666666], [54.59658333333333, 24.615666666666666], [54.59658333333333, 24.61583333333333], [54.596666666666664, 24.61583333333333], [54.596666666666664, 24.616], [54.596333333333334, 24.616], [54.596333333333334, 24.61658333333333], [54.59625, 24.61658333333333], [54.59625, 24.616916666666665], [54.596333333333334, 24.616916666666665], [54.596333333333334, 24.616999999999997], [54.59625, 24.616999999999997], [54.59625, 24.617749999999997], [54.596333333333334, 24.617749999999997], [54.596333333333334, 24.617916666666666], [54.59641666666666, 24.617916666666666], [54.59641666666666, 24.618], [54.5965, 24.618], [54.5965, 24.61808333333333], [54.59641666666666, 24.61808333333333], [54.59641666666666, 24.61825], [54.596333333333334, 24.61825], [54.596333333333334, 24.618499999999997], [54.5965, 24.618499999999997], [54.5965, 24.618583333333333], [54.59658333333333, 24.618583333333333], [54.59658333333333, 24.61883333333333], [54.596666666666664, 24.61883333333333], [54.596666666666664, 24.618916666666664], [54.59675, 24.618916666666664], [54.59675, 24.619], [54.5965, 24.619], [54.5965, 24.619083333333332], [54.59641666666666, 24.619083333333332], [54.59641666666666, 24.619166666666665], [54.596333333333334, 24.619166666666665], [54.596333333333334, 24.619416666666666], [54.59641666666666, 24.619416666666666], [54.59641666666666, 24.61958333333333], [54.5965, 24.61958333333333], [54.5965, 24.619666666666664], [54.59658333333333, 24.619666666666664], [54.59658333333333, 24.620166666666666], [54.596666666666664, 24.620166666666666], [54.596666666666664, 24.62025], [54.59675, 24.62025], [54.59675, 24.62033333333333]], [[54.59791666666666, 24.617583333333332], [54.598, 24.617583333333332], [54.598, 24.61733333333333], [54.59791666666666, 24.61733333333333], [54.59791666666666, 24.616999999999997], [54.597833333333334, 24.616999999999997], [54.597833333333334, 24.617416666666664], [54.59791666666666, 24.617416666666664], [54.59791666666666, 24.617583333333332]], [[54.59775, 24.61675], [54.597833333333334, 24.61675], [54.597833333333334, 24.616666666666664], [54.59791666666666, 24.616666666666664], [54.59791666666666, 24.616416666666666], [54.597833333333334, 24.616416666666666], [54.597833333333334, 24.616083333333332], [54.59775, 24.616083333333332], [54.59775, 24.61583333333333], [54.59766666666666, 24.61583333333333], [54.59766666666666, 24.61575], [54.59758333333333, 24.61575], [54.59758333333333, 24.615666666666666], [54.5975, 24.615666666666666], [54.5975, 24.615583333333333], [54.59741666666667, 24.615583333333333], [54.59741666666667, 24.615666666666666], [54.59733333333333, 24.615666666666666], [54.59733333333333, 24.61575], [54.597249999999995, 24.61575], [54.597249999999995, 24.61583333333333], [54.59733333333333, 24.61583333333333], [54.59733333333333, 24.615916666666664], [54.59741666666667, 24.615916666666664], [54.59741666666667, 24.616], [54.5975, 24.616], [54.5975, 24.616083333333332], [54.59741666666667, 24.616083333333332], [54.59741666666667, 24.616166666666665], [54.5975, 24.616166666666665], [54.5975, 24.616333333333333], [54.59766666666666, 24.616333333333333], [54.59766666666666, 24.616416666666666], [54.59775, 24.616416666666666], [54.59775, 24.61675]], [[54.596333333333334, 24.61575], [54.59641666666666, 24.61575], [54.59641666666666, 24.615666666666666], [54.596333333333334, 24.615666666666666], [54.596333333333334, 24.61575]], [[54.596916666666665, 24.615666666666666], [54.59708333333333, 24.615666666666666], [54.59708333333333, 24.615499999999997], [54.597, 24.615499999999997], [54.597, 24.61525], [54.59675, 24.61525], [54.59675, 24.615499999999997], [54.59683333333333, 24.615499999999997], [54.59683333333333, 24.615583333333333], [54.596916666666665, 24.615583333333333], [54.596916666666665, 24.615666666666666]], [[54.596, 24.613], [54.59616666666666, 24.613], [54.59616666666666, 24.612916666666667], [54.596, 24.612916666666667], [54.596, 24.613]], [[54.59766666666666, 24.611666666666665], [54.59775, 24.611666666666665], [54.59775, 24.611416666666667], [54.59766666666666, 24.611416666666667], [54.59766666666666, 24.61133333333333], [54.59758333333333, 24.61133333333333], [54.59758333333333, 24.61125], [54.5975, 24.61125], [54.5975, 24.611083333333333], [54.59758333333333, 24.611083333333333], [54.59758333333333, 24.610999999999997], [54.5975, 24.610999999999997], [54.5975, 24.610916666666665], [54.59741666666667, 24.610916666666665], [54.59741666666667, 24.610833333333332], [54.59733333333333, 24.610833333333332], [54.59733333333333, 24.61075], [54.597166666666666, 24.61075], [54.597166666666666, 24.610916666666665], [54.597249999999995, 24.610916666666665], [54.597249999999995, 24.610999999999997], [54.59733333333333, 24.610999999999997], [54.59733333333333, 24.61125], [54.59741666666667, 24.61125], [54.59741666666667, 24.6115], [54.5975, 24.6115], [54.5975, 24.611583333333332], [54.59766666666666, 24.611583333333332], [54.59766666666666, 24.611666666666665]], [[54.59658333333333, 24.611583333333332], [54.596916666666665, 24.611583333333332], [54.596916666666665, 24.6115], [54.597, 24.6115], [54.597, 24.611416666666667], [54.59708333333333, 24.611416666666667], [54.59708333333333, 24.610999999999997], [54.597, 24.610999999999997], [54.597, 24.610916666666665], [54.59683333333333, 24.610916666666665], [54.59683333333333, 24.610833333333332], [54.59675, 24.610833333333332], [54.59675, 24.61075], [54.59658333333333, 24.61075], [54.59658333333333, 24.611083333333333], [54.59641666666666, 24.611083333333333], [54.59641666666666, 24.611416666666667], [54.5965, 24.611416666666667], [54.5965, 24.6115], [54.59658333333333, 24.6115], [54.59658333333333, 24.611583333333332]], [[54.59741666666667, 24.61075], [54.59766666666666, 24.61075], [54.59766666666666, 24.610666666666667], [54.59775, 24.610666666666667], [54.59775, 24.61058333333333], [54.597833333333334, 24.61058333333333], [54.597833333333334, 24.610249999999997], [54.59758333333333, 24.610249999999997], [54.59758333333333, 24.6105], [54.59741666666667, 24.6105], [54.59741666666667, 24.61075]], [[54.59608333333333, 24.60833333333333], [54.59616666666666, 24.60833333333333], [54.59616666666666, 24.608249999999998], [54.59608333333333, 24.608249999999998], [54.59608333333333, 24.60833333333333]]]}}, {"type": "Feature", "properties": {"stand": "ADN3"}, "geometry": {"type": "Polygon", "coordinates": [[[54.587916666666665, 24.616249999999997], [54.587916666666665, 24.616083333333332], [54.587666666666664, 24.616083333333332], [54.587666666666664, 24.616], [54.587583333333335, 24.616], [54.587583333333335, 24.615916666666664], [54.58741666666666, 24.615916666666664], [54.58741666666666, 24.61583333333333], [54.58733333333333, 24.61583333333333], [54.58733333333333, 24.61575], [54.58725, 24.61575], [54.58725, 24.615499999999997], [54.58716666666666, 24.615499999999997], [54.58716666666666, 24.61508333333333], [54.58708333333333, 24.61508333333333], [54.58708333333333, 24.614916666666666], [54.586999999999996, 24.614916666666666], [54.586999999999996, 24.614416666666664], [54.58708333333333, 24.614416666666664], [54.58708333333333, 24.61433333333333], [54.58725, 24.61433333333333], [54.58725, 24.614416666666664], [54.5875, 24.614416666666664], [54.5875, 24.61433333333333], [54.58841666666667, 24.61433333333333], [54.58841666666667, 24.61425], [54.588499999999996, 24.61425], [54.588499999999996, 24.614166666666666], [54.58866666666666, 24.614166666666666], [54.58866666666666, 24.614083333333333], [54.58883333333333, 24.614083333333333], [54.58883333333333, 24.613999999999997], [54.58891666666666, 24.613999999999997], [54.58891666666666, 24.613916666666665], [54.58841666666667, 24.613916666666665], [54.58841666666667, 24.613833333333332], [54.588, 24.613833333333332], [54.588, 24.613666666666663], [54.587916666666665, 24.613666666666663], [54.587916666666665, 24.61358333333333], [54.58783333333333, 24.61358333333333], [54.58783333333333, 24.613333333333333], [54.58775, 24.613333333333333], [54.58775, 24.613249999999997], [54.587583333333335, 24.613249999999997], [54.587583333333335, 24.613166666666665], [54.58733333333333, 24.613166666666665], [54.58733333333333, 24.613083333333332], [54.58725, 24.613083333333332], [54.58725, 24.613], [54.58716666666666, 24.613], [54.58716666666666, 24.61283333333333], [54.58708333333333, 24.61283333333333], [54.58708333333333, 24.612666666666666], [54.586999999999996, 24.612666666666666], [54.586999999999996, 24.612583333333333], [54.58683333333333, 24.612583333333333], [54.58683333333333, 24.612499999999997], [54.586749999999995, 24.612499999999997], [54.586749999999995, 24.612416666666665], [54.586666666666666, 24.612416666666665], [54.586666666666666, 24.612333333333332], [54.5865, 24.612333333333332], [54.5865, 24.61225], [54.58633333333333, 24.61225], [54.58633333333333, 24.612333333333332], [54.586166666666664, 24.612333333333332], [54.586166666666664, 24.612416666666665], [54.586083333333335, 24.612416666666665], [54.586083333333335, 24.612333333333332], [54.586, 24.612333333333332], [54.586, 24.612416666666665], [54.58583333333333, 24.612416666666665], [54.58583333333333, 24.612499999999997], [54.58575, 24.612499999999997], [54.58575, 24.612416666666665], [54.58566666666666, 24.612416666666665], [54.58566666666666, 24.612499999999997], [54.58558333333333, 24.612499999999997], [54.58558333333333, 24.612583333333333], [54.585499999999996, 24.612583333333333], [54.585499999999996, 24.612666666666666], [54.58541666666667, 24.612666666666666], [54.58541666666667, 24.612583333333333], [54.58533333333333, 24.612583333333333], [54.58533333333333, 24.612666666666666], [54.585249999999995, 24.612666666666666], [54.585249999999995, 24.61275], [54.58475, 24.61275], [54.58475, 24.612666666666666], [54.584666666666664, 24.612666666666666], [54.584666666666664, 24.612583333333333], [54.584583333333335, 24.612583333333333], [54.584583333333335, 24.612333333333332], [54.5845, 24.612333333333332], [54.5845, 24.612166666666667], [54.584583333333335, 24.612166666666667], [54.584583333333335, 24.611833333333333], [54.5845, 24.611833333333333], [54.5845, 24.611749999999997], [54.58433333333333, 24.611749999999997], [54.58433333333333, 24.611916666666666], [54.58416666666666, 24.611916666666666], [54.58416666666666, 24.612], [54.58408333333333, 24.612], [54.58408333333333, 24.612666666666666], [54.58416666666666, 24.612666666666666], [54.58416666666666, 24.61275], [54.58425, 24.61275], [54.58425, 24.61283333333333], [54.58433333333333, 24.61283333333333], [54.58433333333333, 24.613], [54.58441666666666, 24.613], [54.58441666666666, 24.613083333333332], [54.5845, 24.613083333333332], [54.5845, 24.613166666666665], [54.584583333333335, 24.613166666666665], [54.584583333333335, 24.613249999999997], [54.584666666666664, 24.613249999999997], [54.584666666666664, 24.613416666666666], [54.5845, 24.613416666666666], [54.5845, 24.613333333333333], [54.58441666666666, 24.613333333333333], [54.58441666666666, 24.613249999999997], [54.58425, 24.613249999999997], [54.58425, 24.613333333333333], [54.58416666666666, 24.613333333333333], [54.58416666666666, 24.613249999999997], [54.58408333333333, 24.613249999999997], [54.58408333333333, 24.613333333333333], [54.583999999999996, 24.613333333333333], [54.583999999999996, 24.613249999999997], [54.583666666666666, 24.613249999999997], [54.583666666666666, 24.613], [54.58358333333333, 24.613], [54.58358333333333, 24.612666666666666], [54.5835, 24.612666666666666], [54.5835, 24.612416666666665], [54.583416666666665, 24.612416666666665], [54.583416666666665, 24.612333333333332], [54.58316666666666, 24.612333333333332], [54.58316666666666, 24.612416666666665], [54.583083333333335, 24.612416666666665], [54.583083333333335, 24.613083333333332], [54.58283333333333, 24.613083333333332], [54.58283333333333, 24.613], [54.58275, 24.613], [54.58275, 24.612916666666667], [54.58266666666667, 24.612916666666667], [54.58266666666667, 24.613], [54.58258333333333, 24.613], [54.58258333333333, 24.61283333333333], [54.582499999999996, 24.61283333333333], [54.582499999999996, 24.61275], [54.58241666666667, 24.61275], [54.58241666666667, 24.612666666666666], [54.582249999999995, 24.612666666666666], [54.582249999999995, 24.612583333333333], [54.582166666666666, 24.612583333333333], [54.582166666666666, 24.612499999999997], [54.582, 24.612499999999997], [54.582, 24.612416666666665], [54.581916666666665, 24.612416666666665], [54.581916666666665, 24.61225], [54.58183333333333, 24.61225], [54.58183333333333, 24.612166666666667], [54.58175, 24.612166666666667], [54.58175, 24.61208333333333], [54.58166666666666, 24.61208333333333], [54.58166666666666, 24.612], [54.58175, 24.612], [54.58175, 24.611916666666666], [54.58166666666666, 24.611916666666666], [54.58166666666666, 24.611833333333333], [54.581583333333334, 24.611833333333333], [54.581583333333334, 24.611749999999997], [54.5815, 24.611749999999997], [54.5815, 24.611583333333332], [54.58141666666666, 24.611583333333332], [54.58141666666666, 24.61133333333333], [54.58133333333333, 24.61133333333333], [54.58133333333333, 24.610833333333332], [54.58125, 24.610833333333332], [54.58125, 24.61075], [54.58133333333333, 24.61075], [54.58133333333333, 24.61058333333333], [54.58125, 24.61058333333333], [54.58125, 24.610416666666666], [54.58133333333333, 24.610416666666666], [54.58133333333333, 24.60975], [54.58116666666667, 24.60975], [54.58116666666667, 24.609666666666666], [54.58108333333333, 24.609666666666666], [54.58108333333333, 24.609499999999997], [54.580999999999996, 24.609499999999997], [54.580999999999996, 24.609416666666664], [54.58091666666667, 24.609416666666664], [54.58091666666667, 24.609499999999997], [54.580749999999995, 24.609499999999997], [54.580749999999995, 24.609583333333333], [54.58058333333333, 24.609583333333333], [54.58058333333333, 24.609666666666666], [54.5805, 24.609666666666666], [54.5805, 24.60975], [54.580416666666665, 24.60975], [54.580416666666665, 24.609499999999997], [54.5805, 24.609499999999997], [54.5805, 24.609333333333332], [54.58033333333333, 24.609333333333332], [54.58033333333333, 24.609416666666664], [54.58016666666666, 24.609416666666664], [54.58016666666666, 24.609499999999997], [54.580083333333334, 24.609499999999997], [54.580083333333334, 24.609583333333333], [54.58, 24.609583333333333], [54.58, 24.609666666666666], [54.57991666666666, 24.609666666666666], [54.57991666666666, 24.60975], [54.57983333333333, 24.60975], [54.57983333333333, 24.60983333333333], [54.57966666666667, 24.60983333333333], [54.57966666666667, 24.609916666666667], [54.57958333333333, 24.609916666666667], [54.57958333333333, 24.61], [54.579499999999996, 24.61], [54.579499999999996, 24.610083333333332], [54.57941666666667, 24.610083333333332], [54.57941666666667, 24.610166666666665], [54.57933333333333, 24.610166666666665], [54.57933333333333, 24.610083333333332], [54.57908333333333, 24.610083333333332], [54.57908333333333, 24.609916666666667], [54.579166666666666, 24.609916666666667], [54.579166666666666, 24.60983333333333], [54.57933333333333, 24.60983333333333], [54.57933333333333, 24.609666666666666], [54.57941666666667, 24.609666666666666], [54.57941666666667, 24.609333333333332], [54.57958333333333, 24.609333333333332], [54.57958333333333, 24.60925], [54.57966666666667, 24.60925], [54.57966666666667, 24.609166666666667], [54.58, 24.609166666666667], [54.58, 24.60908333333333], [54.580416666666665, 24.60908333333333], [54.580416666666665, 24.609166666666667], [54.5805, 24.609166666666667], [54.5805, 24.60925], [54.58058333333333, 24.60925], [54.58058333333333, 24.609166666666667], [54.58083333333333, 24.609166666666667], [54.58083333333333, 24.60908333333333], [54.58091666666667, 24.60908333333333], [54.58091666666667, 24.608999999999998], [54.58108333333333, 24.608999999999998], [54.58108333333333, 24.608916666666666], [54.58116666666667, 24.608916666666666], [54.58116666666667, 24.608833333333333], [54.58166666666666, 24.608833333333333], [54.58166666666666, 24.608749999999997], [54.582166666666666, 24.608749999999997], [54.582166666666666, 24.608666666666664], [54.582249999999995, 24.608666666666664], [54.582249999999995, 24.608583333333332], [54.58258333333333, 24.608583333333332], [54.58258333333333, 24.608416666666667], [54.58266666666667, 24.608416666666667], [54.58266666666667, 24.60833333333333], [54.58275, 24.60833333333333], [54.58275, 24.608249999999998], [54.58291666666666, 24.608249999999998], [54.58291666666666, 24.608166666666666], [54.583, 24.608166666666666], [54.583, 24.608083333333333], [54.583083333333335, 24.608083333333333], [54.583083333333335, 24.607999999999997], [54.58316666666666, 24.607999999999997], [54.58316666666666, 24.607916666666664], [54.583416666666665, 24.607916666666664], [54.583416666666665, 24.607833333333332], [54.58358333333333, 24.607833333333332], [54.58358333333333, 24.60775], [54.583749999999995, 24.60775], [54.583749999999995, 24.607666666666667], [54.58391666666667, 24.607666666666667], [54.58391666666667, 24.60758333333333], [54.583999999999996, 24.60758333333333], [54.583999999999996, 24.607499999999998], [54.58416666666666, 24.607499999999998], [54.58416666666666, 24.607416666666666], [54.58441666666666, 24.607416666666666], [54.58441666666666, 24.607333333333333], [54.584583333333335, 24.607333333333333], [54.584583333333335, 24.607249999999997], [54.58475, 24.607249999999997], [54.58475, 24.607166666666664], [54.58508333333333, 24.607166666666664], [54.58508333333333, 24.607083333333332], [54.58558333333333, 24.607083333333332], [54.58558333333333, 24.607], [54.586, 24.607], [54.586, 24.607083333333332], [54.586083333333335, 24.607083333333332], [54.586083333333335, 24.607166666666664], [54.586416666666665, 24.607166666666664], [54.586416666666665, 24.6085], [54.58658333333333, 24.6085], [54.58658333333333, 24.608583333333332], [54.586666666666666, 24.608583333333332], [54.586666666666666, 24.608666666666664], [54.58683333333333, 24.608666666666664], [54.58683333333333, 24.608916666666666], [54.58691666666667, 24.608916666666666], [54.58691666666667, 24.60908333333333], [54.586999999999996, 24.60908333333333], [54.586999999999996, 24.60925], [54.58716666666666, 24.60925], [54.58716666666666, 24.609499999999997], [54.58725, 24.609499999999997], [54.58725, 24.609583333333333], [54.58733333333333, 24.609583333333333], [54.58733333333333, 24.609916666666667], [54.58741666666666, 24.609916666666667], [54.58741666666666, 24.610666666666667], [54.588, 24.610666666666667], [54.588, 24.61075], [54.588249999999995, 24.61075], [54.588249999999995, 24.610833333333332], [54.58858333333333, 24.610833333333332], [54.58858333333333, 24.610916666666665], [54.58883333333333, 24.610916666666665], [54.58883333333333, 24.610999999999997], [54.589083333333335, 24.610999999999997], [54.589083333333335, 24.611083333333333], [54.589166666666664, 24.611083333333333], [54.589166666666664, 24.611166666666666], [54.58925, 24.611166666666666], [54.58925, 24.61125], [54.5895, 24.61125], [54.5895, 24.61133333333333], [54.589666666666666, 24.61133333333333], [54.589666666666666, 24.611583333333332], [54.589749999999995, 24.611583333333332], [54.589749999999995, 24.611666666666665], [54.58983333333333, 24.611666666666665], [54.58983333333333, 24.611749999999997], [54.58991666666667, 24.611749999999997], [54.58991666666667, 24.611916666666666], [54.589999999999996, 24.611916666666666], [54.589999999999996, 24.612], [54.59008333333333, 24.612], [54.59008333333333, 24.61208333333333], [54.59016666666666, 24.61208333333333], [54.59016666666666, 24.612166666666667], [54.59025, 24.612166666666667], [54.59025, 24.61225], [54.590333333333334, 24.61225], [54.590333333333334, 24.612583333333333], [54.59041666666666, 24.612583333333333], [54.59041666666666, 24.61283333333333], [54.5905, 24.61283333333333], [54.5905, 24.61358333333333], [54.59041666666666, 24.61358333333333], [54.59041666666666, 24.613666666666663], [54.59016666666666, 24.613666666666663], [54.59016666666666, 24.61375], [54.5895, 24.61375], [54.5895, 24.613833333333332], [54.589416666666665, 24.613833333333332], [54.589416666666665, 24.613916666666665], [54.589666666666666, 24.613916666666665], [54.589666666666666, 24.613999999999997], [54.58991666666667, 24.613999999999997], [54.58991666666667, 24.613916666666665], [54.59041666666666, 24.613916666666665], [54.59041666666666, 24.614166666666666], [54.590333333333334, 24.614166666666666], [54.590333333333334, 24.61425], [54.59025, 24.61425], [54.59025, 24.61433333333333], [54.59016666666666, 24.61433333333333], [54.59016666666666, 24.614416666666664], [54.59008333333333, 24.614416666666664], [54.59008333333333, 24.614749999999997], [54.589999999999996, 24.614749999999997], [54.589999999999996, 24.61508333333333], [54.58983333333333, 24.61508333333333], [54.58983333333333, 24.61525], [54.589749999999995, 24.61525], [54.589749999999995, 24.615333333333332], [54.589666666666666, 24.615333333333332], [54.589666666666666, 24.615416666666665], [54.58958333333333, 24.615416666666665], [54.58958333333333, 24.615499999999997], [54.5895, 24.615499999999997], [54.5895, 24.615583333333333], [54.58925, 24.615583333333333], [54.58925, 24.615666666666666], [54.589166666666664, 24.615666666666666], [54.589166666666664, 24.61575], [54.589, 24.61575], [54.589, 24.61583333333333], [54.58883333333333, 24.61583333333333], [54.58883333333333, 24.615916666666664], [54.58875, 24.615916666666664], [54.58875, 24.616], [54.58866666666666, 24.616], [54.58866666666666, 24.615916666666664], [54.58858333333333, 24.615916666666664], [54.58858333333333, 24.616083333333332], [54.588499999999996, 24.616083333333332], [54.588499999999996, 24.616], [54.588249999999995, 24.616], [54.588249999999995, 24.616166666666665], [54.588, 24.616166666666665], [54.588, 24.616249999999997], [54.587916666666665, 24.616249999999997]], [[54.5895, 24.615], [54.58958333333333, 24.615], [54.58958333333333, 24.614916666666666], [54.5895, 24.614916666666666], [54.5895, 24.615]], [[54.589083333333335, 24.614083333333333], [54.58925, 24.614083333333333], [54.58925, 24.613999999999997], [54.58933333333333, 24.613999999999997], [54.58933333333333, 24.613916666666665], [54.58925, 24.613916666666665], [54.58925, 24.613833333333332], [54.589166666666664, 24.613833333333332], [54.589166666666664, 24.613916666666665], [54.589083333333335, 24.613916666666665], [54.589083333333335, 24.614083333333333]], [[54.585, 24.612], [54.58508333333333, 24.612], [54.58508333333333, 24.611916666666666], [54.585, 24.611916666666666], [54.585, 24.612]], [[54.585166666666666, 24.611916666666666], [54.585249999999995, 24.611916666666666], [54.585249999999995, 24.611833333333333], [54.585166666666666, 24.611833333333333], [54.585166666666666, 24.611916666666666]], [[54.58541666666667, 24.611749999999997], [54.58558333333333, 24.611749999999997], [54.58558333333333, 24.611666666666665], [54.58541666666667, 24.611666666666665], [54.58541666666667, 24.611749999999997]], [[54.58316666666666, 24.610833333333332], [54.5835, 24.610833333333332], [54.5835, 24.61075], [54.58383333333333, 24.61075], [54.58383333333333, 24.610666666666667], [54.583749999999995, 24.610666666666667], [54.583749999999995, 24.61058333333333], [54.5835, 24.61058333333333], [54.5835, 24.610666666666667], [54.583416666666665, 24.610666666666667], [54.583416666666665, 24.6105], [54.58333333333333, 24.6105], [54.58333333333333, 24.610416666666666], [54.58325, 24.610416666666666], [54.58325, 24.61075], [54.58316666666666, 24.61075], [54.58316666666666, 24.610833333333332]]]}}, {"type": "Feature", "properties": {"stand": "ADN17"}, "geometry": {"type": "Polygon", "coordinates": [[[54.55466666666666, 24.61375], [54.55466666666666, 24.613666666666663], [54.554249999999996, 24.613666666666663], [54.554249999999996, 24.61358333333333], [54.55408333333333, 24.61358333333333], [54.55408333333333, 24.6135], [54.553916666666666, 24.6135], [54.553916666666666, 24.61358333333333], [54.55383333333333, 24.61358333333333], [54.55383333333333, 24.613416666666666], [54.55375, 24.613416666666666], [54.55375, 24.613333333333333], [54.55383333333333, 24.613333333333333], [54.55383333333333, 24.613249999999997], [54.553916666666666, 24.613249999999997], [54.553916666666666, 24.613166666666665], [54.553999999999995, 24.613166666666665], [54.553999999999995, 24.613083333333332], [54.55408333333333, 24.613083333333332], [54.55408333333333, 24.613], [54.55416666666667, 24.613], [54.55416666666667, 24.61275], [54.554249999999996, 24.61275], [54.554249999999996, 24.612666666666666], [54.55433333333333, 24.612666666666666], [54.55433333333333, 24.612583333333333], [54.5545, 24.612583333333333], [54.5545, 24.612499999999997], [54.55458333333333, 24.612499999999997], [54.55458333333333, 24.612333333333332], [54.55466666666666, 24.612333333333332], [54.55466666666666, 24.61225], [54.55475, 24.61225], [54.55475, 24.612166666666667], [54.554833333333335, 24.612166666666667], [54.554833333333335, 24.612], [54.555, 24.612], [54.555, 24.611916666666666], [54.55508333333333, 24.611916666666666], [54.55508333333333, 24.611833333333333], [54.555166666666665, 24.611833333333333], [54.555166666666665, 24.611749999999997], [54.55525, 24.611749999999997], [54.55525, 24.611666666666665], [54.55533333333333, 24.611666666666665], [54.55533333333333, 24.6115], [54.555499999999995, 24.6115], [54.555499999999995, 24.611583333333332], [54.55558333333333, 24.611583333333332], [54.55558333333333, 24.61133333333333], [54.55566666666667, 24.61133333333333], [54.55566666666667, 24.61125], [54.555749999999996, 24.61125], [54.555749999999996, 24.611166666666666], [54.55591666666666, 24.611166666666666], [54.55591666666666, 24.610999999999997], [54.556, 24.610999999999997], [54.556, 24.610916666666665], [54.55608333333333, 24.610916666666665], [54.55608333333333, 24.610833333333332], [54.55616666666666, 24.610833333333332], [54.55616666666666, 24.61075], [54.55625, 24.61075], [54.55625, 24.610666666666667], [54.5565, 24.610666666666667], [54.5565, 24.61058333333333], [54.55658333333333, 24.61058333333333], [54.55658333333333, 24.6105], [54.556666666666665, 24.6105], [54.556666666666665, 24.610416666666666], [54.55675, 24.610416666666666], [54.55675, 24.610333333333333], [54.556916666666666, 24.610333333333333], [54.556916666666666, 24.610249999999997], [54.556999999999995, 24.610249999999997], [54.556999999999995, 24.610083333333332], [54.55708333333333, 24.610083333333332], [54.55708333333333, 24.60983333333333], [54.55716666666667, 24.60983333333333], [54.55716666666667, 24.60975], [54.557249999999996, 24.60975], [54.557249999999996, 24.609499999999997], [54.55741666666666, 24.609499999999997], [54.55741666666666, 24.609416666666664], [54.5575, 24.609416666666664], [54.5575, 24.609166666666667], [54.55741666666666, 24.609166666666667], [54.55741666666666, 24.60908333333333], [54.55716666666667, 24.60908333333333], [54.55716666666667, 24.608999999999998], [54.55708333333333, 24.608999999999998], [54.55708333333333, 24.60908333333333], [54.556999999999995, 24.60908333333333], [54.556999999999995, 24.608999999999998], [54.556916666666666, 24.608999999999998], [54.556916666666666, 24.608916666666666], [54.55683333333333, 24.608916666666666], [54.55683333333333, 24.608833333333333], [54.556416666666664, 24.608833333333333], [54.556416666666664, 24.608583333333332], [54.5565, 24.608583333333332], [54.5565, 24.60833333333333], [54.556416666666664, 24.60833333333333], [54.556416666666664, 24.608249999999998], [54.556333333333335, 24.608249999999998], [54.556333333333335, 24.607999999999997], [54.55616666666666, 24.607999999999997], [54.55616666666666, 24.60833333333333], [54.556, 24.60833333333333], [54.556, 24.608416666666667], [54.55591666666666, 24.608416666666667], [54.55591666666666, 24.60833333333333], [54.55583333333333, 24.60833333333333], [54.55583333333333, 24.608166666666666], [54.555749999999996, 24.608166666666666], [54.555749999999996, 24.607916666666664], [54.55583333333333, 24.607916666666664], [54.55583333333333, 24.607833333333332], [54.55591666666666, 24.607833333333332], [54.55591666666666, 24.607666666666667], [54.55608333333333, 24.607666666666667], [54.55608333333333, 24.607499999999998], [54.55616666666666, 24.607499999999998], [54.55616666666666, 24.60758333333333], [54.55625, 24.60758333333333], [54.55625, 24.607666666666667], [54.556333333333335, 24.607666666666667], [54.556333333333335, 24.60775], [54.556416666666664, 24.60775], [54.556416666666664, 24.607499999999998], [54.556666666666665, 24.607499999999998], [54.556666666666665, 24.607416666666666], [54.55675, 24.607416666666666], [54.55675, 24.607333333333333], [54.556916666666666, 24.607333333333333], [54.556916666666666, 24.607249999999997], [54.557249999999996, 24.607249999999997], [54.557249999999996, 24.607166666666664], [54.5575, 24.607166666666664], [54.5575, 24.607083333333332], [54.55775, 24.607083333333332], [54.55775, 24.607], [54.558166666666665, 24.607], [54.558166666666665, 24.607083333333332], [54.55825, 24.607083333333332], [54.55825, 24.607166666666664], [54.55833333333333, 24.607166666666664], [54.55833333333333, 24.607249999999997], [54.558416666666666, 24.607249999999997], [54.558416666666666, 24.607333333333333], [54.558499999999995, 24.607333333333333], [54.558499999999995, 24.607416666666666], [54.55866666666667, 24.607416666666666], [54.55866666666667, 24.607499999999998], [54.558749999999996, 24.607499999999998], [54.558749999999996, 24.60758333333333], [54.55883333333333, 24.60758333333333], [54.55883333333333, 24.60775], [54.55891666666666, 24.60775], [54.55891666666666, 24.607999999999997], [54.559, 24.607999999999997], [54.559, 24.608749999999997], [54.55891666666666, 24.608749999999997], [54.55891666666666, 24.608916666666666], [54.558749999999996, 24.608916666666666], [54.558749999999996, 24.609166666666667], [54.55858333333333, 24.609166666666667], [54.55858333333333, 24.60925], [54.558499999999995, 24.60925], [54.558499999999995, 24.609333333333332], [54.55825, 24.609333333333332], [54.55825, 24.609416666666664], [54.558166666666665, 24.609416666666664], [54.558166666666665, 24.609499999999997], [54.557916666666664, 24.609499999999997], [54.557916666666664, 24.609666666666666], [54.558, 24.609666666666666], [54.558, 24.60975], [54.55808333333333, 24.60975], [54.55808333333333, 24.610083333333332], [54.558166666666665, 24.610083333333332], [54.558166666666665, 24.610333333333333], [54.55825, 24.610333333333333], [54.55825, 24.61058333333333], [54.558166666666665, 24.61058333333333], [54.558166666666665, 24.61075], [54.55808333333333, 24.61075], [54.55808333333333, 24.610833333333332], [54.557916666666664, 24.610833333333332], [54.557916666666664, 24.610916666666665], [54.557833333333335, 24.610916666666665], [54.557833333333335, 24.610999999999997], [54.55775, 24.610999999999997], [54.55775, 24.61125], [54.55766666666666, 24.61125], [54.55766666666666, 24.61133333333333], [54.55758333333333, 24.61133333333333], [54.55758333333333, 24.6115], [54.55733333333333, 24.6115], [54.55733333333333, 24.611749999999997], [54.557249999999996, 24.611749999999997], [54.557249999999996, 24.611833333333333], [54.55716666666667, 24.611833333333333], [54.55716666666667, 24.611916666666666], [54.55708333333333, 24.611916666666666], [54.55708333333333, 24.612], [54.556916666666666, 24.612], [54.556916666666666, 24.61208333333333], [54.55683333333333, 24.61208333333333], [54.55683333333333, 24.612166666666667], [54.556666666666665, 24.612166666666667], [54.556666666666665, 24.61225], [54.55658333333333, 24.61225], [54.55658333333333, 24.612333333333332], [54.556416666666664, 24.612333333333332], [54.556416666666664, 24.612583333333333], [54.55625, 24.612583333333333], [54.55625, 24.612499999999997], [54.55616666666666, 24.612499999999997], [54.55616666666666, 24.612416666666665], [54.55608333333333, 24.612416666666665], [54.55608333333333, 24.612583333333333], [54.55591666666666, 24.612583333333333], [54.55591666666666, 24.612666666666666], [54.55583333333333, 24.612666666666666], [54.55583333333333, 24.612916666666667], [54.555749999999996, 24.612916666666667], [54.555749999999996, 24.613], [54.55566666666667, 24.613], [54.55566666666667, 24.613083333333332], [54.555499999999995, 24.613083333333332], [54.555499999999995, 24.613166666666665], [54.555416666666666, 24.613166666666665], [54.555416666666666, 24.613249999999997], [54.55533333333333, 24.613249999999997], [54.55533333333333, 24.613333333333333], [54.55525, 24.613333333333333], [54.55525, 24.613416666666666], [54.555166666666665, 24.613416666666666], [54.555166666666665, 24.6135], [54.555, 24.6135], [54.555, 24.613666666666663], [54.55475, 24.613666666666663], [54.55475, 24.61375], [54.55466666666666, 24.61375]]]}}, {"type": "Feature", "properties": {"stand": "ADN28"}, "geometry": {"type": "Polygon", "coordinates": [[[54.57791666666667, 24.610083333333332], [54.57791666666667, 24.61], [54.577666666666666, 24.61], [54.577666666666666, 24.609916666666667], [54.5775, 24.609916666666667], [54.5775, 24.60975], [54.577416666666664, 24.60975], [54.577416666666664, 24.609666666666666], [54.57733333333333, 24.609666666666666], [54.57733333333333, 24.609416666666664], [54.57725, 24.609416666666664], [54.57725, 24.609166666666667], [54.57716666666666, 24.609166666666667], [54.57716666666666, 24.608916666666666], [54.577083333333334, 24.608916666666666], [54.577083333333334, 24.608749999999997], [54.577, 24.608749999999997], [54.577, 24.608666666666664], [54.57691666666666, 24.608666666666664], [54.57691666666666, 24.608416666666667], [54.577, 24.608416666666667], [54.577, 24.60833333333333], [54.57691666666666, 24.60833333333333], [54.57691666666666, 24.608249999999998], [54.57683333333333, 24.608249999999998], [54.57683333333333, 24.608083333333333], [54.57675, 24.608083333333333], [54.57675, 24.607833333333332], [54.57666666666667, 24.607833333333332], [54.57666666666667, 24.607666666666667], [54.57658333333333, 24.607666666666667], [54.57658333333333, 24.607416666666666], [54.576499999999996, 24.607416666666666], [54.576499999999996, 24.607249999999997], [54.57641666666667, 24.607249999999997], [54.57641666666667, 24.606749999999998], [54.576499999999996, 24.606749999999998], [54.576499999999996, 24.60683333333333], [54.57658333333333, 24.60683333333333], [54.57658333333333, 24.606916666666667], [54.57683333333333, 24.606916666666667], [54.57683333333333, 24.607], [54.577, 24.607], [54.577, 24.607083333333332], [54.577083333333334, 24.607083333333332], [54.577083333333334, 24.607166666666664], [54.57733333333333, 24.607166666666664], [54.57733333333333, 24.607249999999997], [54.577416666666664, 24.607249999999997], [54.577416666666664, 24.607416666666666], [54.5775, 24.607416666666666], [54.5775, 24.607499999999998], [54.57758333333333, 24.607499999999998], [54.57758333333333, 24.60758333333333], [54.577666666666666, 24.60758333333333], [54.577666666666666, 24.607666666666667], [54.577749999999995, 24.607666666666667], [54.577749999999995, 24.60775], [54.57791666666667, 24.60775], [54.57791666666667, 24.607833333333332], [54.577999999999996, 24.607833333333332], [54.577999999999996, 24.607916666666664], [54.57816666666667, 24.607916666666664], [54.57816666666667, 24.607999999999997], [54.57833333333333, 24.607999999999997], [54.57833333333333, 24.608083333333333], [54.5785, 24.608083333333333], [54.5785, 24.608249999999998], [54.57866666666666, 24.608249999999998], [54.57866666666666, 24.60833333333333], [54.57883333333333, 24.60833333333333], [54.57883333333333, 24.608416666666667], [54.578916666666665, 24.608416666666667], [54.578916666666665, 24.6085], [54.579, 24.6085], [54.579, 24.608666666666664], [54.57908333333333, 24.608666666666664], [54.57908333333333, 24.60908333333333], [54.579, 24.60908333333333], [54.579, 24.60925], [54.578916666666665, 24.60925], [54.578916666666665, 24.609333333333332], [54.57883333333333, 24.609333333333332], [54.57883333333333, 24.609416666666664], [54.57875, 24.609416666666664], [54.57875, 24.609666666666666], [54.578583333333334, 24.609666666666666], [54.578583333333334, 24.60975], [54.5785, 24.60975], [54.5785, 24.609916666666667], [54.57841666666666, 24.609916666666667], [54.57841666666666, 24.61], [54.57833333333333, 24.61], [54.57833333333333, 24.610083333333332], [54.57791666666667, 24.610083333333332]]]}}, {"type": "Feature", "properties": {"stand": "ADN20"}, "geometry": {"type": "Polygon", "coordinates": [[[54.56575, 24.610916666666665], [54.56575, 24.610833333333332], [54.56516666666666, 24.610833333333332], [54.56516666666666, 24.61075], [54.565, 24.61075], [54.565, 24.610666666666667], [54.56491666666666, 24.610666666666667], [54.56491666666666, 24.61058333333333], [54.56466666666667, 24.61058333333333], [54.56466666666667, 24.6105], [54.56475, 24.6105], [54.56475, 24.610333333333333], [54.56491666666666, 24.610333333333333], [54.56491666666666, 24.610249999999997], [54.565, 24.610249999999997], [54.565, 24.610166666666665], [54.565083333333334, 24.610166666666665], [54.565083333333334, 24.610083333333332], [54.56516666666666, 24.610083333333332], [54.56516666666666, 24.609916666666667], [54.56525, 24.609916666666667], [54.56525, 24.60983333333333], [54.565416666666664, 24.60983333333333], [54.565416666666664, 24.609666666666666], [54.5655, 24.609666666666666], [54.5655, 24.609499999999997], [54.56558333333333, 24.609499999999997], [54.56558333333333, 24.609416666666664], [54.565666666666665, 24.609416666666664], [54.565666666666665, 24.609333333333332], [54.56575, 24.609333333333332], [54.56575, 24.60908333333333], [54.565916666666666, 24.60908333333333], [54.565916666666666, 24.608999999999998], [54.56608333333333, 24.608999999999998], [54.56608333333333, 24.608916666666666], [54.56616666666667, 24.608916666666666], [54.56616666666667, 24.608833333333333], [54.56641666666666, 24.608833333333333], [54.56641666666666, 24.608749999999997], [54.5665, 24.608749999999997], [54.5665, 24.608666666666664], [54.566583333333334, 24.608666666666664], [54.566583333333334, 24.608583333333332], [54.56666666666666, 24.608583333333332], [54.56666666666666, 24.6085], [54.56675, 24.6085], [54.56675, 24.608416666666667], [54.567, 24.608416666666667], [54.567, 24.608249999999998], [54.56708333333333, 24.608249999999998], [54.56708333333333, 24.608083333333333], [54.56725, 24.608083333333333], [54.56725, 24.607916666666664], [54.56741666666667, 24.607916666666664], [54.56741666666667, 24.607833333333332], [54.567499999999995, 24.607833333333332], [54.567499999999995, 24.60775], [54.56758333333333, 24.60775], [54.56758333333333, 24.60758333333333], [54.56766666666667, 24.60758333333333], [54.56766666666667, 24.607499999999998], [54.56783333333333, 24.607499999999998], [54.56783333333333, 24.607416666666666], [54.56791666666666, 24.607416666666666], [54.56791666666666, 24.607333333333333], [54.568, 24.607333333333333], [54.568, 24.607249999999997], [54.568083333333334, 24.607249999999997], [54.568083333333334, 24.607166666666664], [54.56833333333333, 24.607166666666664], [54.56833333333333, 24.607083333333332], [54.568416666666664, 24.607083333333332], [54.568416666666664, 24.606916666666667], [54.5685, 24.606916666666667], [54.5685, 24.606749999999998], [54.56858333333333, 24.606749999999998], [54.56858333333333, 24.606666666666666], [54.568666666666665, 24.606666666666666], [54.568666666666665, 24.606583333333333], [54.56875, 24.606583333333333], [54.56875, 24.606666666666666], [54.56883333333333, 24.606666666666666], [54.56883333333333, 24.606749999999998], [54.56891666666667, 24.606749999999998], [54.56891666666667, 24.606916666666667], [54.568999999999996, 24.606916666666667], [54.568999999999996, 24.607166666666664], [54.56908333333333, 24.607166666666664], [54.56908333333333, 24.607416666666666], [54.56916666666667, 24.607416666666666], [54.56916666666667, 24.608833333333333], [54.56908333333333, 24.608833333333333], [54.56908333333333, 24.609166666666667], [54.56891666666667, 24.609166666666667], [54.56891666666667, 24.609416666666664], [54.56883333333333, 24.609416666666664], [54.56883333333333, 24.609499999999997], [54.56875, 24.609499999999997], [54.56875, 24.609666666666666], [54.568666666666665, 24.609666666666666], [54.568666666666665, 24.60975], [54.5685, 24.60975], [54.5685, 24.609916666666667], [54.568416666666664, 24.609916666666667], [54.568416666666664, 24.61], [54.56833333333333, 24.61], [54.56833333333333, 24.610083333333332], [54.56825, 24.610083333333332], [54.56825, 24.610249999999997], [54.56816666666666, 24.610249999999997], [54.56816666666666, 24.610333333333333], [54.56791666666666, 24.610333333333333], [54.56791666666666, 24.610416666666666], [54.56783333333333, 24.610416666666666], [54.56783333333333, 24.6105], [54.56766666666667, 24.6105], [54.56766666666667, 24.61058333333333], [54.567499999999995, 24.61058333333333], [54.567499999999995, 24.610666666666667], [54.56741666666667, 24.610666666666667], [54.56741666666667, 24.61075], [54.56733333333333, 24.61075], [54.56733333333333, 24.610666666666667], [54.56725, 24.610666666666667], [54.56725, 24.61075], [54.567, 24.61075], [54.567, 24.610666666666667], [54.56708333333333, 24.610666666666667], [54.56708333333333, 24.61058333333333], [54.567, 24.61058333333333], [54.567, 24.6105], [54.56666666666666, 24.6105], [54.56666666666666, 24.61058333333333], [54.566583333333334, 24.61058333333333], [54.566583333333334, 24.61075], [54.56641666666666, 24.61075], [54.56641666666666, 24.610833333333332], [54.56616666666667, 24.610833333333332], [54.56616666666667, 24.610916666666665], [54.565999999999995, 24.610916666666665], [54.565999999999995, 24.610833333333332], [54.565916666666666, 24.610833333333332], [54.565916666666666, 24.610916666666665], [54.56575, 24.610916666666665]], [[54.56616666666667, 24.610416666666666], [54.56633333333333, 24.610416666666666], [54.56633333333333, 24.610333333333333], [54.56641666666666, 24.610333333333333], [54.56641666666666, 24.610166666666665], [54.56633333333333, 24.610166666666665], [54.56633333333333, 24.610249999999997], [54.56616666666667, 24.610249999999997], [54.56616666666667, 24.610416666666666]], [[54.56758333333333, 24.609583333333333], [54.56791666666666, 24.609583333333333], [54.56791666666666, 24.609499999999997], [54.568083333333334, 24.609499999999997], [54.568083333333334, 24.609416666666664], [54.56816666666666, 24.609416666666664], [54.56816666666666, 24.60925], [54.568083333333334, 24.60925], [54.568083333333334, 24.609166666666667], [54.56791666666666, 24.609166666666667], [54.56791666666666, 24.60925], [54.56783333333333, 24.60925], [54.56783333333333, 24.609333333333332], [54.56766666666667, 24.609333333333332], [54.56766666666667, 24.609416666666664], [54.56758333333333, 24.609416666666664], [54.56758333333333, 24.609583333333333]]]}}, {"type": "Feature", "properties": {"stand": "ADN26"}, "geometry": {"type": "Polygon", "coordinates": [[[54.56558333333333, 24.607916666666664], [54.56558333333333, 24.60758333333333], [54.5655, 24.60758333333333], [54.5655, 24.607416666666666], [54.565416666666664, 24.607416666666666], [54.565416666666664, 24.607499999999998], [54.56533333333333, 24.607499999999998], [54.56533333333333, 24.607416666666666], [54.56525, 24.607416666666666], [54.56525, 24.607249999999997], [54.56516666666666, 24.607249999999997], [54.56516666666666, 24.607166666666664], [54.565083333333334, 24.607166666666664], [54.565083333333334, 24.607083333333332], [54.56483333333333, 24.607083333333332], [54.56483333333333, 24.607], [54.56475, 24.607], [54.56475, 24.606916666666667], [54.56466666666667, 24.606916666666667], [54.56466666666667, 24.60683333333333], [54.56458333333333, 24.60683333333333], [54.56458333333333, 24.606749999999998], [54.56433333333333, 24.606749999999998], [54.56433333333333, 24.60683333333333], [54.56408333333333, 24.60683333333333], [54.56408333333333, 24.606416666666664], [54.564, 24.606416666666664], [54.564, 24.605999999999998], [54.56408333333333, 24.605999999999998], [54.56408333333333, 24.605916666666666], [54.564166666666665, 24.605916666666666], [54.564166666666665, 24.605833333333333], [54.56433333333333, 24.605833333333333], [54.56433333333333, 24.605749999999997], [54.564499999999995, 24.605749999999997], [54.564499999999995, 24.605666666666664], [54.56466666666667, 24.605666666666664], [54.56466666666667, 24.605583333333332], [54.56475, 24.605583333333332], [54.56475, 24.6055], [54.565083333333334, 24.6055], [54.565083333333334, 24.605416666666667], [54.56533333333333, 24.605416666666667], [54.56533333333333, 24.60533333333333], [54.567, 24.60533333333333], [54.567, 24.605416666666667], [54.56725, 24.605416666666667], [54.56725, 24.6055], [54.56758333333333, 24.6055], [54.56758333333333, 24.605583333333332], [54.56766666666667, 24.605583333333332], [54.56766666666667, 24.605666666666664], [54.56783333333333, 24.605666666666664], [54.56783333333333, 24.605749999999997], [54.56791666666666, 24.605749999999997], [54.56791666666666, 24.605833333333333], [54.568, 24.605833333333333], [54.568, 24.605916666666666], [54.56816666666666, 24.605916666666666], [54.56816666666666, 24.605999999999998], [54.56825, 24.605999999999998], [54.56825, 24.606333333333332], [54.568083333333334, 24.606333333333332], [54.568083333333334, 24.606416666666664], [54.568, 24.606416666666664], [54.568, 24.606499999999997], [54.56791666666666, 24.606499999999997], [54.56791666666666, 24.606583333333333], [54.56775, 24.606583333333333], [54.56775, 24.606666666666666], [54.56758333333333, 24.606666666666666], [54.56758333333333, 24.606749999999998], [54.567499999999995, 24.606749999999998], [54.567499999999995, 24.606916666666667], [54.56741666666667, 24.606916666666667], [54.56741666666667, 24.607], [54.56733333333333, 24.607], [54.56733333333333, 24.607166666666664], [54.56708333333333, 24.607166666666664], [54.56708333333333, 24.607249999999997], [54.567, 24.607249999999997], [54.567, 24.607333333333333], [54.56683333333333, 24.607333333333333], [54.56683333333333, 24.607416666666666], [54.56666666666666, 24.607416666666666], [54.56666666666666, 24.607499999999998], [54.566583333333334, 24.607499999999998], [54.566583333333334, 24.60758333333333], [54.56633333333333, 24.60758333333333], [54.56633333333333, 24.607666666666667], [54.56625, 24.607666666666667], [54.56625, 24.60775], [54.565999999999995, 24.60775], [54.565999999999995, 24.607833333333332], [54.56575, 24.607833333333332], [54.56575, 24.607916666666664], [54.56558333333333, 24.607916666666664]]]}}, {"type": "Feature", "properties": {"stand": "ADN33"}, "geometry": {"type": "Polygon", "coordinates": [[[54.57508333333333, 24.60833333333333], [54.57508333333333, 24.608249999999998], [54.574999999999996, 24.608249999999998], [54.574999999999996, 24.608166666666666], [54.57491666666667, 24.608166666666666], [54.57491666666667, 24.607999999999997], [54.57483333333333, 24.607999999999997], [54.57483333333333, 24.607916666666664], [54.574749999999995, 24.607916666666664], [54.574749999999995, 24.60775], [54.574666666666666, 24.60775], [54.574666666666666, 24.60758333333333], [54.57458333333333, 24.60758333333333], [54.57458333333333, 24.607416666666666], [54.5745, 24.607416666666666], [54.5745, 24.607249999999997], [54.574416666666664, 24.607249999999997], [54.574416666666664, 24.607166666666664], [54.5745, 24.607166666666664], [54.5745, 24.606749999999998], [54.574416666666664, 24.606749999999998], [54.574416666666664, 24.606666666666666], [54.5745, 24.606666666666666], [54.5745, 24.605749999999997], [54.574666666666666, 24.605749999999997], [54.574666666666666, 24.605416666666667], [54.574749999999995, 24.605416666666667], [54.574749999999995, 24.605166666666666], [54.57483333333333, 24.605166666666666], [54.57483333333333, 24.605083333333333], [54.57491666666667, 24.605083333333333], [54.57491666666667, 24.604916666666664], [54.57508333333333, 24.604916666666664], [54.57508333333333, 24.604833333333332], [54.57516666666667, 24.604833333333332], [54.57516666666667, 24.604666666666667], [54.57525, 24.604666666666667], [54.57525, 24.60458333333333], [54.57533333333333, 24.60458333333333], [54.57533333333333, 24.604499999999998], [54.57541666666666, 24.604499999999998], [54.57541666666666, 24.604333333333333], [54.575583333333334, 24.604333333333333], [54.575583333333334, 24.604249999999997], [54.57575, 24.604249999999997], [54.57575, 24.604166666666664], [54.575916666666664, 24.604166666666664], [54.575916666666664, 24.604416666666665], [54.57583333333333, 24.604416666666665], [54.57583333333333, 24.604666666666667], [54.57575, 24.604666666666667], [54.57575, 24.605249999999998], [54.57566666666666, 24.605249999999998], [54.57566666666666, 24.605833333333333], [54.575583333333334, 24.605833333333333], [54.575583333333334, 24.605999999999998], [54.5755, 24.605999999999998], [54.5755, 24.606166666666667], [54.57541666666666, 24.606166666666667], [54.57541666666666, 24.606416666666664], [54.57533333333333, 24.606416666666664], [54.57533333333333, 24.606749999999998], [54.57525, 24.606749999999998], [54.57525, 24.606916666666667], [54.57508333333333, 24.606916666666667], [54.57508333333333, 24.607916666666664], [54.57516666666667, 24.607916666666664], [54.57516666666667, 24.60833333333333], [54.57508333333333, 24.60833333333333]]]}}, {"type": "Feature", "properties": {"stand": "ADN14"}, "geometry": {"type": "Polygon", "coordinates": [[[54.61366666666667, 24.609499999999997], [54.61366666666667, 24.609416666666664], [54.61358333333333, 24.609416666666664], [54.61358333333333, 24.609333333333332], [54.613499999999995, 24.609333333333332], [54.613499999999995, 24.60925], [54.613416666666666, 24.60925], [54.613416666666666, 24.60908333333333], [54.61333333333333, 24.60908333333333], [54.61333333333333, 24.608999999999998], [54.61308333333333, 24.608999999999998], [54.61308333333333, 24.608916666666666], [54.613, 24.608916666666666], [54.613, 24.608749999999997], [54.61291666666666, 24.608749999999997], [54.61291666666666, 24.608583333333332], [54.612833333333334, 24.608583333333332], [54.612833333333334, 24.6085], [54.61275, 24.6085], [54.61275, 24.608416666666667], [54.61266666666666, 24.608416666666667], [54.61266666666666, 24.60833333333333], [54.61258333333333, 24.60833333333333], [54.61258333333333, 24.608166666666666], [54.6125, 24.608166666666666], [54.6125, 24.608083333333333], [54.61241666666667, 24.608083333333333], [54.61241666666667, 24.607916666666664], [54.61233333333333, 24.607916666666664], [54.61233333333333, 24.607833333333332], [54.612249999999996, 24.607833333333332], [54.612249999999996, 24.60775], [54.611999999999995, 24.60775], [54.611999999999995, 24.607666666666667], [54.611916666666666, 24.607666666666667], [54.611916666666666, 24.60758333333333], [54.61183333333333, 24.60758333333333], [54.61183333333333, 24.607499999999998], [54.61175, 24.607499999999998], [54.61175, 24.607416666666666], [54.61158333333333, 24.607416666666666], [54.61158333333333, 24.607333333333333], [54.6115, 24.607333333333333], [54.6115, 24.607249999999997], [54.61116666666666, 24.607249999999997], [54.61116666666666, 24.607166666666664], [54.611, 24.607166666666664], [54.611, 24.607083333333332], [54.61083333333333, 24.607083333333332], [54.61083333333333, 24.607], [54.61066666666667, 24.607], [54.61066666666667, 24.606916666666667], [54.6095, 24.606916666666667], [54.6095, 24.607], [54.60916666666667, 24.607], [54.60916666666667, 24.60683333333333], [54.609249999999996, 24.60683333333333], [54.609249999999996, 24.606749999999998], [54.6095, 24.606749999999998], [54.6095, 24.606666666666666], [54.60958333333333, 24.606666666666666], [54.60958333333333, 24.606499999999997], [54.60975, 24.606499999999997], [54.60975, 24.606416666666664], [54.609833333333334, 24.606416666666664], [54.609833333333334, 24.606333333333332], [54.610166666666665, 24.606333333333332], [54.610166666666665, 24.60625], [54.610499999999995, 24.60625], [54.610499999999995, 24.606166666666667], [54.611, 24.606166666666667], [54.611, 24.60625], [54.61108333333333, 24.60625], [54.61108333333333, 24.606333333333332], [54.61116666666666, 24.606333333333332], [54.61116666666666, 24.606416666666664], [54.6115, 24.606416666666664], [54.6115, 24.606499999999997], [54.61175, 24.606499999999997], [54.61175, 24.606583333333333], [54.61216666666667, 24.606583333333333], [54.61216666666667, 24.606666666666666], [54.61233333333333, 24.606666666666666], [54.61233333333333, 24.606583333333333], [54.612833333333334, 24.606583333333333], [54.612833333333334, 24.606666666666666], [54.61333333333333, 24.606666666666666], [54.61333333333333, 24.606749999999998], [54.613749999999996, 24.606749999999998], [54.613749999999996, 24.606916666666667], [54.61383333333333, 24.606916666666667], [54.61383333333333, 24.606749999999998], [54.614, 24.606749999999998], [54.614, 24.606666666666666], [54.61391666666667, 24.606666666666666], [54.61391666666667, 24.606583333333333], [54.614, 24.606583333333333], [54.614, 24.606416666666664], [54.61408333333333, 24.606416666666664], [54.61408333333333, 24.606333333333332], [54.61425, 24.606333333333332], [54.61425, 24.606166666666667], [54.614333333333335, 24.606166666666667], [54.614333333333335, 24.60608333333333], [54.61441666666666, 24.60608333333333], [54.61441666666666, 24.605999999999998], [54.6145, 24.605999999999998], [54.6145, 24.605833333333333], [54.61458333333333, 24.605833333333333], [54.61458333333333, 24.605749999999997], [54.614666666666665, 24.605749999999997], [54.614666666666665, 24.605666666666664], [54.61475, 24.605666666666664], [54.61475, 24.6055], [54.61483333333333, 24.6055], [54.61483333333333, 24.605416666666667], [54.614916666666666, 24.605416666666667], [54.614916666666666, 24.60533333333333], [54.614999999999995, 24.60533333333333], [54.614999999999995, 24.605249999999998], [54.61516666666667, 24.605249999999998], [54.61516666666667, 24.605166666666666], [54.61533333333333, 24.605166666666666], [54.61533333333333, 24.605083333333333], [54.61541666666666, 24.605083333333333], [54.61541666666666, 24.604999999999997], [54.6155, 24.604999999999997], [54.6155, 24.604916666666664], [54.61575, 24.604916666666664], [54.61575, 24.604833333333332], [54.615833333333335, 24.604833333333332], [54.615833333333335, 24.60475], [54.616, 24.60475], [54.616, 24.604666666666667], [54.616166666666665, 24.604666666666667], [54.616166666666665, 24.60458333333333], [54.616416666666666, 24.60458333333333], [54.616416666666666, 24.604499999999998], [54.61658333333333, 24.604499999999998], [54.61658333333333, 24.604416666666665], [54.616749999999996, 24.604416666666665], [54.616749999999996, 24.604333333333333], [54.61691666666666, 24.604333333333333], [54.61691666666666, 24.604249999999997], [54.617, 24.604249999999997], [54.617, 24.604166666666664], [54.617333333333335, 24.604166666666664], [54.617333333333335, 24.60408333333333], [54.61758333333333, 24.60408333333333], [54.61758333333333, 24.604], [54.619166666666665, 24.604], [54.619166666666665, 24.60408333333333], [54.61925, 24.60408333333333], [54.61925, 24.604166666666664], [54.61908333333333, 24.604166666666664], [54.61908333333333, 24.604249999999997], [54.619, 24.604249999999997], [54.619, 24.604166666666664], [54.618833333333335, 24.604166666666664], [54.618833333333335, 24.604249999999997], [54.61866666666666, 24.604249999999997], [54.61866666666666, 24.604333333333333], [54.6185, 24.604333333333333], [54.6185, 24.60458333333333], [54.61841666666666, 24.60458333333333], [54.61841666666666, 24.605583333333332], [54.618249999999996, 24.605583333333332], [54.618249999999996, 24.605666666666664], [54.61816666666667, 24.605666666666664], [54.61816666666667, 24.605749999999997], [54.61808333333333, 24.605749999999997], [54.61808333333333, 24.605833333333333], [54.617999999999995, 24.605833333333333], [54.617999999999995, 24.605999999999998], [54.61808333333333, 24.605999999999998], [54.61808333333333, 24.606166666666667], [54.61816666666667, 24.606166666666667], [54.61816666666667, 24.60625], [54.618249999999996, 24.60625], [54.618249999999996, 24.606333333333332], [54.61858333333333, 24.606333333333332], [54.61858333333333, 24.606416666666664], [54.618833333333335, 24.606416666666664], [54.618833333333335, 24.606499999999997], [54.619166666666665, 24.606499999999997], [54.619166666666665, 24.606583333333333], [54.619749999999996, 24.606583333333333], [54.619749999999996, 24.606666666666666], [54.61983333333333, 24.606666666666666], [54.61983333333333, 24.606749999999998], [54.61991666666666, 24.606749999999998], [54.61991666666666, 24.60683333333333], [54.61983333333333, 24.60683333333333], [54.61983333333333, 24.606916666666667], [54.61966666666667, 24.606916666666667], [54.61966666666667, 24.607], [54.619499999999995, 24.607], [54.619499999999995, 24.607083333333332], [54.619166666666665, 24.607083333333332], [54.619166666666665, 24.607], [54.618916666666664, 24.607], [54.618916666666664, 24.607083333333332], [54.61858333333333, 24.607083333333332], [54.61858333333333, 24.607], [54.6185, 24.607], [54.6185, 24.606916666666667], [54.61808333333333, 24.606916666666667], [54.61808333333333, 24.60683333333333], [54.617666666666665, 24.60683333333333], [54.617666666666665, 24.606749999999998], [54.6175, 24.606749999999998], [54.6175, 24.606666666666666], [54.617333333333335, 24.606666666666666], [54.617333333333335, 24.606499999999997], [54.61716666666666, 24.606499999999997], [54.61716666666666, 24.606416666666664], [54.61666666666667, 24.606416666666664], [54.61666666666667, 24.606499999999997], [54.61658333333333, 24.606499999999997], [54.61658333333333, 24.606583333333333], [54.616499999999995, 24.606583333333333], [54.616499999999995, 24.60683333333333], [54.616416666666666, 24.60683333333333], [54.616416666666666, 24.606916666666667], [54.61625, 24.606916666666667], [54.61625, 24.607], [54.616166666666665, 24.607], [54.616166666666665, 24.607166666666664], [54.61608333333333, 24.607166666666664], [54.61608333333333, 24.607249999999997], [54.616, 24.607249999999997], [54.616, 24.607333333333333], [54.615916666666664, 24.607333333333333], [54.615916666666664, 24.607416666666666], [54.61566666666666, 24.607416666666666], [54.61566666666666, 24.607166666666664], [54.61558333333333, 24.607166666666664], [54.61558333333333, 24.607083333333332], [54.6155, 24.607083333333332], [54.6155, 24.607166666666664], [54.61541666666666, 24.607166666666664], [54.61541666666666, 24.607333333333333], [54.615249999999996, 24.607333333333333], [54.615249999999996, 24.607416666666666], [54.61516666666667, 24.607416666666666], [54.61516666666667, 24.607666666666667], [54.615249999999996, 24.607666666666667], [54.615249999999996, 24.60775], [54.61533333333333, 24.60775], [54.61533333333333, 24.607833333333332], [54.615249999999996, 24.607833333333332], [54.615249999999996, 24.608249999999998], [54.61516666666667, 24.608249999999998], [54.61516666666667, 24.60833333333333], [54.614999999999995, 24.60833333333333], [54.614999999999995, 24.608416666666667], [54.614666666666665, 24.608416666666667], [54.614666666666665, 24.6085], [54.6145, 24.6085], [54.6145, 24.608416666666667], [54.61441666666666, 24.608416666666667], [54.61441666666666, 24.60833333333333], [54.614333333333335, 24.60833333333333], [54.614333333333335, 24.608249999999998], [54.614, 24.608249999999998], [54.614, 24.608166666666666], [54.61391666666667, 24.608166666666666], [54.61391666666667, 24.608249999999998], [54.613749999999996, 24.608249999999998], [54.613749999999996, 24.608416666666667], [54.614, 24.608416666666667], [54.614, 24.608583333333332], [54.61408333333333, 24.608583333333332], [54.61408333333333, 24.608666666666664], [54.61416666666666, 24.608666666666664], [54.61416666666666, 24.608749999999997], [54.613749999999996, 24.608749999999997], [54.613749999999996, 24.609499999999997], [54.61366666666667, 24.609499999999997]], [[54.61458333333333, 24.607916666666664], [54.614666666666665, 24.607916666666664], [54.614666666666665, 24.607666666666667], [54.6145, 24.607666666666667], [54.6145, 24.60775], [54.61458333333333, 24.60775], [54.61458333333333, 24.607916666666664]], [[54.6145, 24.607499999999998], [54.61458333333333, 24.607499999999998], [54.61458333333333, 24.607416666666666], [54.6145, 24.607416666666666], [54.6145, 24.607499999999998]], [[54.61541666666666, 24.607], [54.61566666666666, 24.607], [54.61566666666666, 24.606916666666667], [54.61608333333333, 24.606916666666667], [54.61608333333333, 24.606666666666666], [54.616, 24.606666666666666], [54.616, 24.606583333333333], [54.615916666666664, 24.606583333333333], [54.615916666666664, 24.606666666666666], [54.61566666666666, 24.606666666666666], [54.61566666666666, 24.606749999999998], [54.61483333333333, 24.606749999999998], [54.61483333333333, 24.606916666666667], [54.614999999999995, 24.606916666666667], [54.614999999999995, 24.60683333333333], [54.61508333333333, 24.60683333333333], [54.61508333333333, 24.606916666666667], [54.61541666666666, 24.606916666666667], [54.61541666666666, 24.607]], [[54.614666666666665, 24.606916666666667], [54.61475, 24.606916666666667], [54.61475, 24.60683333333333], [54.614666666666665, 24.60683333333333], [54.614666666666665, 24.606916666666667]], [[54.61416666666666, 24.60683333333333], [54.61425, 24.60683333333333], [54.61425, 24.606749999999998], [54.61416666666666, 24.606749999999998], [54.61416666666666, 24.60683333333333]], [[54.61408333333333, 24.606749999999998], [54.61416666666666, 24.606749999999998], [54.61416666666666, 24.606666666666666], [54.61408333333333, 24.606666666666666], [54.61408333333333, 24.606749999999998]], [[54.61608333333333, 24.606499999999997], [54.616166666666665, 24.606499999999997], [54.616166666666665, 24.606333333333332], [54.61608333333333, 24.606333333333332], [54.61608333333333, 24.606499999999997]], [[54.61633333333333, 24.605999999999998], [54.616499999999995, 24.605999999999998], [54.616499999999995, 24.605916666666666], [54.61758333333333, 24.605916666666666], [54.61758333333333, 24.605833333333333], [54.617416666666664, 24.605833333333333], [54.617416666666664, 24.605749999999997], [54.61725, 24.605749999999997], [54.61725, 24.605833333333333], [54.61708333333333, 24.605833333333333], [54.61708333333333, 24.605749999999997], [54.617, 24.605749999999997], [54.617, 24.605666666666664], [54.61666666666667, 24.605666666666664], [54.61666666666667, 24.605749999999997], [54.616499999999995, 24.605749999999997], [54.616499999999995, 24.605666666666664], [54.616416666666666, 24.605666666666664], [54.616416666666666, 24.605833333333333], [54.61633333333333, 24.605833333333333], [54.61633333333333, 24.605999999999998]]]}}, {"type": "Feature", "properties": {"stand": "ADN15"}, "geometry": {"type": "Polygon", "coordinates": [[[54.579499999999996, 24.608083333333333], [54.579499999999996, 24.607999999999997], [54.57941666666667, 24.607999999999997], [54.57941666666667, 24.607916666666664], [54.579166666666666, 24.607916666666664], [54.579166666666666, 24.607833333333332], [54.57908333333333, 24.607833333333332], [54.57908333333333, 24.60775], [54.57883333333333, 24.60775], [54.57883333333333, 24.607666666666667], [54.57875, 24.607666666666667], [54.57875, 24.60758333333333], [54.57866666666666, 24.60758333333333], [54.57866666666666, 24.607416666666666], [54.578583333333334, 24.607416666666666], [54.578583333333334, 24.607333333333333], [54.5785, 24.607333333333333], [54.5785, 24.607], [54.57841666666666, 24.607], [54.57841666666666, 24.606916666666667], [54.57825, 24.606916666666667], [54.57825, 24.60683333333333], [54.57816666666667, 24.60683333333333], [54.57816666666667, 24.606749999999998], [54.57808333333333, 24.606749999999998], [54.57808333333333, 24.60625], [54.577999999999996, 24.60625], [54.577999999999996, 24.605749999999997], [54.57808333333333, 24.605749999999997], [54.57808333333333, 24.605666666666664], [54.57833333333333, 24.605666666666664], [54.57833333333333, 24.6055], [54.57825, 24.6055], [54.57825, 24.605416666666667], [54.57816666666667, 24.605416666666667], [54.57816666666667, 24.60533333333333], [54.57808333333333, 24.60533333333333], [54.57808333333333, 24.605249999999998], [54.577999999999996, 24.605249999999998], [54.577999999999996, 24.605166666666666], [54.577749999999995, 24.605166666666666], [54.577749999999995, 24.604999999999997], [54.5775, 24.604999999999997], [54.5775, 24.604833333333332], [54.57758333333333, 24.604833333333332], [54.57758333333333, 24.604666666666667], [54.5775, 24.604666666666667], [54.5775, 24.60458333333333], [54.577416666666664, 24.60458333333333], [54.577416666666664, 24.604], [54.57733333333333, 24.604], [54.57733333333333, 24.603583333333333], [54.57875, 24.603583333333333], [54.57875, 24.603666666666665], [54.579, 24.603666666666665], [54.579, 24.603749999999998], [54.57908333333333, 24.603749999999998], [54.57908333333333, 24.60383333333333], [54.57933333333333, 24.60383333333333], [54.57933333333333, 24.603916666666667], [54.57941666666667, 24.603916666666667], [54.57941666666667, 24.604], [54.57966666666667, 24.604], [54.57966666666667, 24.60408333333333], [54.57975, 24.60408333333333], [54.57975, 24.604166666666664], [54.57991666666666, 24.604166666666664], [54.57991666666666, 24.604249999999997], [54.58, 24.604249999999997], [54.58, 24.604333333333333], [54.580083333333334, 24.604333333333333], [54.580083333333334, 24.604416666666665], [54.58025, 24.604416666666665], [54.58025, 24.604499999999998], [54.58033333333333, 24.604499999999998], [54.58033333333333, 24.60458333333333], [54.580416666666665, 24.60458333333333], [54.580416666666665, 24.604833333333332], [54.5805, 24.604833333333332], [54.5805, 24.604916666666664], [54.58058333333333, 24.604916666666664], [54.58058333333333, 24.605083333333333], [54.580666666666666, 24.605083333333333], [54.580666666666666, 24.605166666666666], [54.580749999999995, 24.605166666666666], [54.580749999999995, 24.60533333333333], [54.58091666666667, 24.60533333333333], [54.58091666666667, 24.605416666666667], [54.580999999999996, 24.605416666666667], [54.580999999999996, 24.6055], [54.58108333333333, 24.6055], [54.58108333333333, 24.605666666666664], [54.58116666666667, 24.605666666666664], [54.58116666666667, 24.605749999999997], [54.58125, 24.605749999999997], [54.58125, 24.605833333333333], [54.58141666666666, 24.605833333333333], [54.58141666666666, 24.605749999999997], [54.581583333333334, 24.605749999999997], [54.581583333333334, 24.605666666666664], [54.58175, 24.605666666666664], [54.58175, 24.605583333333332], [54.58183333333333, 24.605583333333332], [54.58183333333333, 24.6055], [54.58208333333333, 24.6055], [54.58208333333333, 24.605416666666667], [54.582166666666666, 24.605416666666667], [54.582166666666666, 24.605249999999998], [54.582249999999995, 24.605249999999998], [54.582249999999995, 24.60533333333333], [54.58241666666667, 24.60533333333333], [54.58241666666667, 24.605166666666666], [54.58266666666667, 24.605166666666666], [54.58266666666667, 24.605249999999998], [54.58275, 24.605249999999998], [54.58275, 24.605083333333333], [54.583083333333335, 24.605083333333333], [54.583083333333335, 24.605166666666666], [54.58425, 24.605166666666666], [54.58425, 24.605249999999998], [54.5845, 24.605249999999998], [54.5845, 24.60533333333333], [54.58483333333333, 24.60533333333333], [54.58483333333333, 24.605416666666667], [54.584916666666665, 24.605416666666667], [54.584916666666665, 24.6055], [54.585166666666666, 24.6055], [54.585166666666666, 24.605583333333332], [54.585249999999995, 24.605583333333332], [54.585249999999995, 24.605666666666664], [54.58541666666667, 24.605666666666664], [54.58541666666667, 24.605749999999997], [54.585499999999996, 24.605749999999997], [54.585499999999996, 24.605916666666666], [54.58533333333333, 24.605916666666666], [54.58533333333333, 24.605999999999998], [54.58483333333333, 24.605999999999998], [54.58483333333333, 24.60608333333333], [54.58425, 24.60608333333333], [54.58425, 24.606166666666667], [54.58391666666667, 24.606166666666667], [54.58391666666667, 24.60625], [54.583749999999995, 24.60625], [54.583749999999995, 24.606333333333332], [54.583416666666665, 24.606333333333332], [54.583416666666665, 24.606416666666664], [54.58325, 24.606416666666664], [54.58325, 24.606499999999997], [54.583, 24.606499999999997], [54.583, 24.606583333333333], [54.58283333333333, 24.606583333333333], [54.58283333333333, 24.606666666666666], [54.58258333333333, 24.606666666666666], [54.58258333333333, 24.606749999999998], [54.58241666666667, 24.606749999999998], [54.58241666666667, 24.60683333333333], [54.58233333333333, 24.60683333333333], [54.58233333333333, 24.606916666666667], [54.58208333333333, 24.606916666666667], [54.58208333333333, 24.607], [54.581916666666665, 24.607], [54.581916666666665, 24.607083333333332], [54.58175, 24.607083333333332], [54.58175, 24.607166666666664], [54.5815, 24.607166666666664], [54.5815, 24.607249999999997], [54.58133333333333, 24.607249999999997], [54.58133333333333, 24.607333333333333], [54.58108333333333, 24.607333333333333], [54.58108333333333, 24.607416666666666], [54.58091666666667, 24.607416666666666], [54.58091666666667, 24.607499999999998], [54.580749999999995, 24.607499999999998], [54.580749999999995, 24.60758333333333], [54.580416666666665, 24.60758333333333], [54.580416666666665, 24.607666666666667], [54.58025, 24.607666666666667], [54.58025, 24.60775], [54.58016666666666, 24.60775], [54.58016666666666, 24.607916666666664], [54.580083333333334, 24.607916666666664], [54.580083333333334, 24.607833333333332], [54.58, 24.607833333333332], [54.58, 24.607999999999997], [54.57983333333333, 24.607999999999997], [54.57983333333333, 24.608083333333333], [54.579499999999996, 24.608083333333333]], [[54.57841666666666, 24.60683333333333], [54.5785, 24.60683333333333], [54.5785, 24.606416666666664], [54.57816666666667, 24.606416666666664], [54.57816666666667, 24.606666666666666], [54.57825, 24.606666666666666], [54.57825, 24.606749999999998], [54.57841666666666, 24.606749999999998], [54.57841666666666, 24.60683333333333]]]}}, {"type": "Feature", "properties": {"stand": "ADN19"}, "geometry": {"type": "Polygon", "coordinates": [[[54.564166666666665, 24.60408333333333], [54.564166666666665, 24.604], [54.56425, 24.604], [54.56425, 24.603916666666667], [54.564166666666665, 24.603916666666667], [54.564166666666665, 24.60383333333333], [54.56408333333333, 24.60383333333333], [54.56408333333333, 24.603749999999998], [54.564, 24.603749999999998], [54.564, 24.603583333333333], [54.563916666666664, 24.603583333333333], [54.563916666666664, 24.60333333333333], [54.56383333333333, 24.60333333333333], [54.56383333333333, 24.60308333333333], [54.56375, 24.60308333333333], [54.56375, 24.60258333333333], [54.56383333333333, 24.60258333333333], [54.56383333333333, 24.6025], [54.56375, 24.6025], [54.56375, 24.60158333333333], [54.56366666666666, 24.60158333333333], [54.56366666666666, 24.601416666666665], [54.563583333333334, 24.601416666666665], [54.563583333333334, 24.60108333333333], [54.5635, 24.60108333333333], [54.5635, 24.60083333333333], [54.56341666666666, 24.60083333333333], [54.56341666666666, 24.600749999999998], [54.56333333333333, 24.600749999999998], [54.56333333333333, 24.600666666666665], [54.56325, 24.600666666666665], [54.56325, 24.600583333333333], [54.56375, 24.600583333333333], [54.56375, 24.6005], [54.563916666666664, 24.6005], [54.563916666666664, 24.600416666666664], [54.56408333333333, 24.600416666666664], [54.56408333333333, 24.60033333333333], [54.56425, 24.60033333333333], [54.56425, 24.60025], [54.56433333333333, 24.60025], [54.56433333333333, 24.60033333333333], [54.56466666666667, 24.60033333333333], [54.56466666666667, 24.600416666666664], [54.56475, 24.600416666666664], [54.56475, 24.6005], [54.565416666666664, 24.6005], [54.565416666666664, 24.600583333333333], [54.56558333333333, 24.600583333333333], [54.56558333333333, 24.600666666666665], [54.56575, 24.600666666666665], [54.56575, 24.600749999999998], [54.565999999999995, 24.600749999999998], [54.565999999999995, 24.60083333333333], [54.56616666666667, 24.60083333333333], [54.56616666666667, 24.600916666666667], [54.56625, 24.600916666666667], [54.56625, 24.601], [54.56641666666666, 24.601], [54.56641666666666, 24.60108333333333], [54.566583333333334, 24.60108333333333], [54.566583333333334, 24.601166666666664], [54.56666666666666, 24.601166666666664], [54.56666666666666, 24.60125], [54.56725, 24.60125], [54.56725, 24.601333333333333], [54.56741666666667, 24.601333333333333], [54.56741666666667, 24.601416666666665], [54.567499999999995, 24.601416666666665], [54.567499999999995, 24.60175], [54.56741666666667, 24.60175], [54.56741666666667, 24.602], [54.56733333333333, 24.602], [54.56733333333333, 24.602249999999998], [54.567166666666665, 24.602249999999998], [54.567166666666665, 24.602416666666667], [54.56708333333333, 24.602416666666667], [54.56708333333333, 24.602666666666664], [54.567, 24.602666666666664], [54.567, 24.602833333333333], [54.566916666666664, 24.602833333333333], [54.566916666666664, 24.602999999999998], [54.56683333333333, 24.602999999999998], [54.56683333333333, 24.60308333333333], [54.56666666666666, 24.60308333333333], [54.56666666666666, 24.60325], [54.566583333333334, 24.60325], [54.566583333333334, 24.60333333333333], [54.5665, 24.60333333333333], [54.5665, 24.603416666666664], [54.56641666666666, 24.603416666666664], [54.56641666666666, 24.603499999999997], [54.56625, 24.603499999999997], [54.56625, 24.603583333333333], [54.56608333333333, 24.603583333333333], [54.56608333333333, 24.603666666666665], [54.565999999999995, 24.603666666666665], [54.565999999999995, 24.603749999999998], [54.56583333333333, 24.603749999999998], [54.56583333333333, 24.60383333333333], [54.565666666666665, 24.60383333333333], [54.565666666666665, 24.603916666666667], [54.565416666666664, 24.603916666666667], [54.565416666666664, 24.604], [54.565083333333334, 24.604], [54.565083333333334, 24.60408333333333], [54.564166666666665, 24.60408333333333]]]}}, {"type": "Feature", "properties": {"stand": "ADN6"}, "geometry": {"type": "Polygon", "coordinates": [[[54.60933333333333, 24.60533333333333], [54.60933333333333, 24.605249999999998], [54.609249999999996, 24.605249999999998], [54.609249999999996, 24.605166666666666], [54.608999999999995, 24.605166666666666], [54.608999999999995, 24.604999999999997], [54.608916666666666, 24.604999999999997], [54.608916666666666, 24.604666666666667], [54.60883333333333, 24.604666666666667], [54.60883333333333, 24.604416666666665], [54.60875, 24.604416666666665], [54.60875, 24.604333333333333], [54.608666666666664, 24.604333333333333], [54.608666666666664, 24.604249999999997], [54.60858333333333, 24.604249999999997], [54.60858333333333, 24.604166666666664], [54.6085, 24.604166666666664], [54.6085, 24.60408333333333], [54.60841666666666, 24.60408333333333], [54.60841666666666, 24.604], [54.608333333333334, 24.604], [54.608333333333334, 24.603916666666667], [54.60825, 24.603916666666667], [54.60825, 24.603499999999997], [54.60816666666666, 24.603499999999997], [54.60816666666666, 24.60333333333333], [54.60808333333333, 24.60333333333333], [54.60808333333333, 24.602916666666665], [54.60816666666666, 24.602916666666665], [54.60816666666666, 24.602166666666665], [54.60808333333333, 24.602166666666665], [54.60808333333333, 24.602], [54.608, 24.602], [54.608, 24.601916666666664], [54.60791666666667, 24.601916666666664], [54.60791666666667, 24.60183333333333], [54.60766666666667, 24.60183333333333], [54.60766666666667, 24.60175], [54.607499999999995, 24.60175], [54.607499999999995, 24.601416666666665], [54.607416666666666, 24.601416666666665], [54.607416666666666, 24.60125], [54.607499999999995, 24.60125], [54.607499999999995, 24.601166666666664], [54.60766666666667, 24.601166666666664], [54.60766666666667, 24.60108333333333], [54.607749999999996, 24.60108333333333], [54.607749999999996, 24.601], [54.60783333333333, 24.601], [54.60783333333333, 24.60108333333333], [54.60816666666666, 24.60108333333333], [54.60816666666666, 24.601], [54.608333333333334, 24.601], [54.608333333333334, 24.600916666666667], [54.6085, 24.600916666666667], [54.6085, 24.600749999999998], [54.608666666666664, 24.600749999999998], [54.608666666666664, 24.600666666666665], [54.60883333333333, 24.600666666666665], [54.60883333333333, 24.600583333333333], [54.608916666666666, 24.600583333333333], [54.608916666666666, 24.6005], [54.60908333333333, 24.6005], [54.60908333333333, 24.600416666666664], [54.60916666666667, 24.600416666666664], [54.60916666666667, 24.60033333333333], [54.60933333333333, 24.60033333333333], [54.60933333333333, 24.600166666666667], [54.60941666666667, 24.600166666666667], [54.60941666666667, 24.599999999999998], [54.6095, 24.599999999999998], [54.6095, 24.599916666666665], [54.60958333333333, 24.599916666666665], [54.60958333333333, 24.599833333333333], [54.60966666666666, 24.599833333333333], [54.60966666666666, 24.59975], [54.609833333333334, 24.59975], [54.609833333333334, 24.599666666666664], [54.60991666666666, 24.599666666666664], [54.60991666666666, 24.59958333333333], [54.61, 24.59958333333333], [54.61, 24.5995], [54.61008333333333, 24.5995], [54.61008333333333, 24.599416666666666], [54.610166666666665, 24.599416666666666], [54.610166666666665, 24.59933333333333], [54.61033333333333, 24.59933333333333], [54.61033333333333, 24.599166666666665], [54.610499999999995, 24.599166666666665], [54.610499999999995, 24.599], [54.61058333333333, 24.599], [54.61058333333333, 24.598916666666664], [54.61066666666667, 24.598916666666664], [54.61066666666667, 24.59883333333333], [54.61083333333333, 24.59883333333333], [54.61083333333333, 24.598666666666666], [54.611, 24.598666666666666], [54.611, 24.59875], [54.61108333333333, 24.59875], [54.61108333333333, 24.59858333333333], [54.61116666666666, 24.59858333333333], [54.61116666666666, 24.598499999999998], [54.6115, 24.598499999999998], [54.6115, 24.598416666666665], [54.611916666666666, 24.598416666666665], [54.611916666666666, 24.598333333333333], [54.61241666666667, 24.598333333333333], [54.61241666666667, 24.59825], [54.61275, 24.59825], [54.61275, 24.598416666666665], [54.61325, 24.598416666666665], [54.61325, 24.598333333333333], [54.61333333333333, 24.598333333333333], [54.61333333333333, 24.598416666666665], [54.613499999999995, 24.598416666666665], [54.613499999999995, 24.598499999999998], [54.61416666666666, 24.598499999999998], [54.61416666666666, 24.59858333333333], [54.61483333333333, 24.59858333333333], [54.61483333333333, 24.598499999999998], [54.61516666666667, 24.598499999999998], [54.61516666666667, 24.598416666666665], [54.61533333333333, 24.598416666666665], [54.61533333333333, 24.598333333333333], [54.61575, 24.598333333333333], [54.61575, 24.59825], [54.61608333333333, 24.59825], [54.61608333333333, 24.598333333333333], [54.616166666666665, 24.598333333333333], [54.616166666666665, 24.59858333333333], [54.61608333333333, 24.59858333333333], [54.61608333333333, 24.598666666666666], [54.615916666666664, 24.598666666666666], [54.615916666666664, 24.59875], [54.61575, 24.59875], [54.61575, 24.59883333333333], [54.61558333333333, 24.59883333333333], [54.61558333333333, 24.599083333333333], [54.6155, 24.599083333333333], [54.6155, 24.599249999999998], [54.61533333333333, 24.599249999999998], [54.61533333333333, 24.59933333333333], [54.61516666666667, 24.59933333333333], [54.61516666666667, 24.599416666666666], [54.614999999999995, 24.599416666666666], [54.614999999999995, 24.5995], [54.614916666666666, 24.5995], [54.614916666666666, 24.59975], [54.61483333333333, 24.59975], [54.61483333333333, 24.599833333333333], [54.61475, 24.599833333333333], [54.61475, 24.60008333333333], [54.61483333333333, 24.60008333333333], [54.61483333333333, 24.600416666666664], [54.614916666666666, 24.600416666666664], [54.614916666666666, 24.600916666666667], [54.61483333333333, 24.600916666666667], [54.61483333333333, 24.601416666666665], [54.614666666666665, 24.601416666666665], [54.614666666666665, 24.60175], [54.61475, 24.60175], [54.61475, 24.60183333333333], [54.614916666666666, 24.60183333333333], [54.614916666666666, 24.601916666666664], [54.61533333333333, 24.601916666666664], [54.61533333333333, 24.602], [54.61541666666666, 24.602], [54.61541666666666, 24.602083333333333], [54.615833333333335, 24.602083333333333], [54.615833333333335, 24.602166666666665], [54.615916666666664, 24.602166666666665], [54.615916666666664, 24.602249999999998], [54.616, 24.602249999999998], [54.616, 24.60233333333333], [54.61608333333333, 24.60233333333333], [54.61608333333333, 24.602416666666667], [54.616166666666665, 24.602416666666667], [54.616166666666665, 24.6025], [54.61625, 24.6025], [54.61625, 24.60308333333333], [54.616166666666665, 24.60308333333333], [54.616166666666665, 24.60333333333333], [54.61608333333333, 24.60333333333333], [54.61608333333333, 24.603583333333333], [54.616166666666665, 24.603583333333333], [54.616166666666665, 24.603749999999998], [54.61625, 24.603749999999998], [54.61625, 24.60383333333333], [54.61633333333333, 24.60383333333333], [54.61633333333333, 24.603916666666667], [54.61666666666667, 24.603916666666667], [54.61666666666667, 24.60383333333333], [54.616749999999996, 24.60383333333333], [54.616749999999996, 24.603583333333333], [54.61666666666667, 24.603583333333333], [54.61666666666667, 24.60325], [54.61683333333333, 24.60325], [54.61683333333333, 24.603166666666667], [54.61708333333333, 24.603166666666667], [54.61708333333333, 24.60308333333333], [54.61725, 24.60308333333333], [54.61725, 24.602999999999998], [54.617333333333335, 24.602999999999998], [54.617333333333335, 24.602916666666665], [54.617416666666664, 24.602916666666665], [54.617416666666664, 24.603166666666667], [54.617666666666665, 24.603166666666667], [54.617666666666665, 24.602999999999998], [54.61783333333333, 24.602999999999998], [54.61783333333333, 24.602916666666665], [54.61816666666667, 24.602916666666665], [54.61816666666667, 24.60308333333333], [54.617999999999995, 24.60308333333333], [54.617999999999995, 24.60325], [54.617916666666666, 24.60325], [54.617916666666666, 24.60333333333333], [54.61783333333333, 24.60333333333333], [54.61783333333333, 24.603416666666664], [54.61775, 24.603416666666664], [54.61775, 24.603499999999997], [54.617666666666665, 24.603499999999997], [54.617666666666665, 24.603583333333333], [54.617416666666664, 24.603583333333333], [54.617416666666664, 24.603666666666665], [54.617333333333335, 24.603666666666665], [54.617333333333335, 24.603749999999998], [54.61716666666666, 24.603749999999998], [54.61716666666666, 24.60383333333333], [54.617, 24.60383333333333], [54.617, 24.603916666666667], [54.616749999999996, 24.603916666666667], [54.616749999999996, 24.604], [54.616499999999995, 24.604], [54.616499999999995, 24.60408333333333], [54.61625, 24.60408333333333], [54.61625, 24.604166666666664], [54.61608333333333, 24.604166666666664], [54.61608333333333, 24.60408333333333], [54.615916666666664, 24.60408333333333], [54.615916666666664, 24.604166666666664], [54.615833333333335, 24.604166666666664], [54.615833333333335, 24.60408333333333], [54.61566666666666, 24.60408333333333], [54.61566666666666, 24.604166666666664], [54.61558333333333, 24.604166666666664], [54.61558333333333, 24.60408333333333], [54.61475, 24.60408333333333], [54.61475, 24.604], [54.6145, 24.604], [54.6145, 24.603916666666667], [54.61416666666666, 24.603916666666667], [54.61416666666666, 24.60383333333333], [54.61408333333333, 24.60383333333333], [54.61408333333333, 24.603749999999998], [54.61391666666667, 24.603749999999998], [54.61391666666667, 24.603583333333333], [54.61383333333333, 24.603583333333333], [54.61383333333333, 24.603499999999997], [54.613749999999996, 24.603499999999997], [54.613749999999996, 24.603583333333333], [54.61366666666667, 24.603583333333333], [54.61366666666667, 24.603499999999997], [54.61358333333333, 24.603499999999997], [54.61358333333333, 24.603416666666664], [54.613499999999995, 24.603416666666664], [54.613499999999995, 24.60333333333333], [54.613416666666666, 24.60333333333333], [54.613416666666666, 24.60325], [54.61333333333333, 24.60325], [54.61333333333333, 24.603166666666667], [54.61325, 24.603166666666667], [54.61325, 24.602999999999998], [54.61308333333333, 24.602999999999998], [54.61308333333333, 24.602833333333333], [54.613, 24.602833333333333], [54.613, 24.602666666666664], [54.61291666666666, 24.602666666666664], [54.61291666666666, 24.60258333333333], [54.612833333333334, 24.60258333333333], [54.612833333333334, 24.602166666666665], [54.61275, 24.602166666666665], [54.61275, 24.600916666666667], [54.61266666666666, 24.600916666666667], [54.61266666666666, 24.60083333333333], [54.61258333333333, 24.60083333333333], [54.61258333333333, 24.600916666666667], [54.612249999999996, 24.600916666666667], [54.612249999999996, 24.601], [54.61216666666667, 24.601], [54.61216666666667, 24.60108333333333], [54.61208333333333, 24.60108333333333], [54.61208333333333, 24.601], [54.611916666666666, 24.601], [54.611916666666666, 24.60108333333333], [54.61183333333333, 24.60108333333333], [54.61183333333333, 24.601], [54.61175, 24.601], [54.61175, 24.60108333333333], [54.6115, 24.60108333333333], [54.6115, 24.601], [54.61141666666666, 24.601], [54.61141666666666, 24.60108333333333], [54.611333333333334, 24.60108333333333], [54.611333333333334, 24.601], [54.61125, 24.601], [54.61125, 24.60108333333333], [54.611, 24.60108333333333], [54.611, 24.601166666666664], [54.61108333333333, 24.601166666666664], [54.61108333333333, 24.601333333333333], [54.61116666666666, 24.601333333333333], [54.61116666666666, 24.601416666666665], [54.61125, 24.601416666666665], [54.61125, 24.60158333333333], [54.611333333333334, 24.60158333333333], [54.611333333333334, 24.601666666666667], [54.61141666666666, 24.601666666666667], [54.61141666666666, 24.602], [54.6115, 24.602], [54.6115, 24.602166666666665], [54.61158333333333, 24.602166666666665], [54.61158333333333, 24.602249999999998], [54.611666666666665, 24.602249999999998], [54.611666666666665, 24.60258333333333], [54.61158333333333, 24.60258333333333], [54.61158333333333, 24.603499999999997], [54.6115, 24.603499999999997], [54.6115, 24.603666666666665], [54.61141666666666, 24.603666666666665], [54.61141666666666, 24.603583333333333], [54.611333333333334, 24.603583333333333], [54.611333333333334, 24.603499999999997], [54.61125, 24.603499999999997], [54.61125, 24.603416666666664], [54.61116666666666, 24.603416666666664], [54.61116666666666, 24.60333333333333], [54.61108333333333, 24.60333333333333], [54.61108333333333, 24.603416666666664], [54.611, 24.603416666666664], [54.611, 24.60308333333333], [54.61091666666667, 24.60308333333333], [54.61091666666667, 24.602916666666665], [54.61083333333333, 24.602916666666665], [54.61083333333333, 24.602833333333333], [54.610749999999996, 24.602833333333333], [54.610749999999996, 24.60275], [54.61083333333333, 24.60275], [54.61083333333333, 24.60258333333333], [54.61091666666667, 24.60258333333333], [54.61091666666667, 24.602416666666667], [54.61083333333333, 24.602416666666667], [54.61083333333333, 24.602249999999998], [54.610749999999996, 24.602249999999998], [54.610749999999996, 24.602166666666665], [54.61066666666667, 24.602166666666665], [54.61066666666667, 24.602249999999998], [54.61058333333333, 24.602249999999998], [54.61058333333333, 24.60233333333333], [54.610499999999995, 24.60233333333333], [54.610499999999995, 24.602249999999998], [54.61033333333333, 24.602249999999998], [54.61033333333333, 24.602416666666667], [54.61025, 24.602416666666667], [54.61025, 24.6025], [54.61008333333333, 24.6025], [54.61008333333333, 24.602666666666664], [54.610166666666665, 24.602666666666664], [54.610166666666665, 24.60275], [54.61025, 24.60275], [54.61025, 24.602833333333333], [54.61033333333333, 24.602833333333333], [54.61033333333333, 24.603666666666665], [54.610416666666666, 24.603666666666665], [54.610416666666666, 24.604499999999998], [54.61066666666667, 24.604499999999998], [54.61066666666667, 24.604416666666665], [54.61083333333333, 24.604416666666665], [54.61083333333333, 24.604333333333333], [54.611, 24.604333333333333], [54.611, 24.60458333333333], [54.61091666666667, 24.60458333333333], [54.61091666666667, 24.604666666666667], [54.61083333333333, 24.604666666666667], [54.61083333333333, 24.60475], [54.61066666666667, 24.60475], [54.61066666666667, 24.604833333333332], [54.61058333333333, 24.604833333333332], [54.61058333333333, 24.604916666666664], [54.610416666666666, 24.604916666666664], [54.610416666666666, 24.604999999999997], [54.61033333333333, 24.604999999999997], [54.61033333333333, 24.605083333333333], [54.610166666666665, 24.605083333333333], [54.610166666666665, 24.605166666666666], [54.61, 24.605166666666666], [54.61, 24.605249999999998], [54.60958333333333, 24.605249999999998], [54.60958333333333, 24.60533333333333], [54.6095, 24.60533333333333], [54.6095, 24.605249999999998], [54.60941666666667, 24.605249999999998], [54.60941666666667, 24.60533333333333], [54.60933333333333, 24.60533333333333]], [[54.613499999999995, 24.602916666666665], [54.61366666666667, 24.602916666666665], [54.61366666666667, 24.60275], [54.61383333333333, 24.60275], [54.61383333333333, 24.602833333333333], [54.614, 24.602833333333333], [54.614, 24.60275], [54.61408333333333, 24.60275], [54.61408333333333, 24.602666666666664], [54.61416666666666, 24.602666666666664], [54.61416666666666, 24.60258333333333], [54.61425, 24.60258333333333], [54.61425, 24.6025], [54.614333333333335, 24.6025], [54.614333333333335, 24.602166666666665], [54.61425, 24.602166666666665], [54.61425, 24.602083333333333], [54.61416666666666, 24.602083333333333], [54.61416666666666, 24.602166666666665], [54.614, 24.602166666666665], [54.614, 24.60233333333333], [54.61358333333333, 24.60233333333333], [54.61358333333333, 24.6025], [54.61333333333333, 24.6025], [54.61333333333333, 24.60275], [54.613416666666666, 24.60275], [54.613416666666666, 24.602833333333333], [54.613499999999995, 24.602833333333333], [54.613499999999995, 24.602916666666665]], [[54.613166666666665, 24.602833333333333], [54.61325, 24.602833333333333], [54.61325, 24.60275], [54.613166666666665, 24.60275], [54.613166666666665, 24.602833333333333]], [[54.613416666666666, 24.600583333333333], [54.613499999999995, 24.600583333333333], [54.613499999999995, 24.6005], [54.61366666666667, 24.6005], [54.61366666666667, 24.600416666666664], [54.61391666666667, 24.600416666666664], [54.61391666666667, 24.600166666666667], [54.614, 24.600166666666667], [54.614, 24.60008333333333], [54.614333333333335, 24.60008333333333], [54.614333333333335, 24.599999999999998], [54.61425, 24.599999999999998], [54.61425, 24.599916666666665], [54.61416666666666, 24.599916666666665], [54.61416666666666, 24.599833333333333], [54.614, 24.599833333333333], [54.614, 24.59975], [54.61383333333333, 24.59975], [54.61383333333333, 24.599666666666664], [54.613749999999996, 24.599666666666664], [54.613749999999996, 24.59958333333333], [54.61366666666667, 24.59958333333333], [54.61366666666667, 24.5995], [54.61358333333333, 24.5995], [54.61358333333333, 24.59958333333333], [54.613416666666666, 24.59958333333333], [54.613416666666666, 24.599666666666664], [54.61333333333333, 24.599666666666664], [54.61333333333333, 24.60008333333333], [54.613499999999995, 24.60008333333333], [54.613499999999995, 24.600166666666667], [54.613416666666666, 24.600166666666667], [54.613416666666666, 24.60025], [54.61333333333333, 24.60025], [54.61333333333333, 24.600416666666664], [54.613416666666666, 24.600416666666664], [54.613416666666666, 24.600583333333333]], [[54.61408333333333, 24.599249999999998], [54.61416666666666, 24.599249999999998], [54.61416666666666, 24.599083333333333], [54.61425, 24.599083333333333], [54.61425, 24.599], [54.61408333333333, 24.599], [54.61408333333333, 24.599249999999998]]]}}, {"type": "Feature", "properties": {"stand": "ADN27"}, "geometry": {"type": "Polygon", "coordinates": [[[54.60575, 24.599416666666666], [54.60575, 24.599166666666665], [54.605666666666664, 24.599166666666665], [54.605666666666664, 24.598916666666664], [54.60558333333333, 24.598916666666664], [54.60558333333333, 24.597583333333333], [54.6055, 24.597583333333333], [54.6055, 24.5975], [54.60558333333333, 24.5975], [54.60558333333333, 24.597416666666664], [54.6055, 24.597416666666664], [54.6055, 24.59733333333333], [54.60558333333333, 24.59733333333333], [54.60558333333333, 24.59725], [54.605666666666664, 24.59725], [54.605666666666664, 24.596999999999998], [54.60583333333333, 24.596999999999998], [54.60583333333333, 24.59675], [54.605916666666666, 24.59675], [54.605916666666666, 24.596666666666664], [54.605999999999995, 24.596666666666664], [54.605999999999995, 24.5965], [54.60608333333333, 24.5965], [54.60608333333333, 24.59633333333333], [54.60616666666667, 24.59633333333333], [54.60616666666667, 24.596416666666666], [54.606249999999996, 24.596416666666666], [54.606249999999996, 24.596166666666665], [54.60633333333333, 24.596166666666665], [54.60633333333333, 24.596083333333333], [54.60641666666667, 24.596083333333333], [54.60641666666667, 24.596], [54.6065, 24.596], [54.6065, 24.595916666666664], [54.60658333333333, 24.595916666666664], [54.60658333333333, 24.59583333333333], [54.606833333333334, 24.59583333333333], [54.606833333333334, 24.59575], [54.60691666666666, 24.59575], [54.60691666666666, 24.595666666666666], [54.60708333333333, 24.595666666666666], [54.60708333333333, 24.59558333333333], [54.60725, 24.59558333333333], [54.60725, 24.595499999999998], [54.607499999999995, 24.595499999999998], [54.607499999999995, 24.595416666666665], [54.607749999999996, 24.595416666666665], [54.607749999999996, 24.595499999999998], [54.60783333333333, 24.595499999999998], [54.60783333333333, 24.59575], [54.60791666666667, 24.59575], [54.60791666666667, 24.595916666666664], [54.608, 24.595916666666664], [54.608, 24.59633333333333], [54.60808333333333, 24.59633333333333], [54.60808333333333, 24.59658333333333], [54.608, 24.59658333333333], [54.608, 24.596666666666664], [54.60791666666667, 24.596666666666664], [54.60791666666667, 24.59675], [54.607749999999996, 24.59675], [54.607749999999996, 24.596833333333333], [54.60766666666667, 24.596833333333333], [54.60766666666667, 24.59708333333333], [54.60758333333333, 24.59708333333333], [54.60758333333333, 24.59733333333333], [54.607499999999995, 24.59733333333333], [54.607499999999995, 24.597416666666664], [54.607416666666666, 24.597416666666664], [54.607416666666666, 24.597583333333333], [54.60733333333333, 24.597583333333333], [54.60733333333333, 24.597916666666666], [54.60725, 24.597916666666666], [54.60725, 24.598], [54.607166666666664, 24.598], [54.607166666666664, 24.598166666666664], [54.60708333333333, 24.598166666666664], [54.60708333333333, 24.59825], [54.607, 24.59825], [54.607, 24.598333333333333], [54.606833333333334, 24.598333333333333], [54.606833333333334, 24.598499999999998], [54.60675, 24.598499999999998], [54.60675, 24.59858333333333], [54.60666666666666, 24.59858333333333], [54.60666666666666, 24.598666666666666], [54.60658333333333, 24.598666666666666], [54.60658333333333, 24.59883333333333], [54.6065, 24.59883333333333], [54.6065, 24.598916666666664], [54.60633333333333, 24.598916666666664], [54.60633333333333, 24.599083333333333], [54.606249999999996, 24.599083333333333], [54.606249999999996, 24.599166666666665], [54.60616666666667, 24.599166666666665], [54.60616666666667, 24.599249999999998], [54.60608333333333, 24.599249999999998], [54.60608333333333, 24.599416666666666], [54.60575, 24.599416666666666]]]}}, {"type": "Feature", "properties": {"stand": "ADN23"}, "geometry": {"type": "Polygon", "coordinates": [[[54.60816666666666, 24.59883333333333], [54.60816666666666, 24.59875], [54.60808333333333, 24.59875], [54.60808333333333, 24.598666666666666], [54.60783333333333, 24.598666666666666], [54.60783333333333, 24.59858333333333], [54.60791666666667, 24.59858333333333], [54.60791666666667, 24.598499999999998], [54.608333333333334, 24.598499999999998], [54.608333333333334, 24.598416666666665], [54.60841666666666, 24.598416666666665], [54.60841666666666, 24.59808333333333], [54.608333333333334, 24.59808333333333], [54.608333333333334, 24.597583333333333], [54.6085, 24.597583333333333], [54.6085, 24.59733333333333], [54.60858333333333, 24.59733333333333], [54.60858333333333, 24.596833333333333], [54.608666666666664, 24.596833333333333], [54.608666666666664, 24.5965], [54.60875, 24.5965], [54.60875, 24.596249999999998], [54.608916666666666, 24.596249999999998], [54.608916666666666, 24.596166666666665], [54.608999999999995, 24.596166666666665], [54.608999999999995, 24.596], [54.60908333333333, 24.596], [54.60908333333333, 24.595666666666666], [54.60916666666667, 24.595666666666666], [54.60916666666667, 24.59558333333333], [54.609249999999996, 24.59558333333333], [54.609249999999996, 24.595499999999998], [54.60933333333333, 24.595499999999998], [54.60933333333333, 24.595333333333333], [54.60975, 24.595333333333333], [54.60975, 24.59525], [54.610416666666666, 24.59525], [54.610416666666666, 24.595166666666664], [54.61116666666666, 24.595166666666664], [54.61116666666666, 24.59525], [54.61125, 24.59525], [54.61125, 24.595333333333333], [54.61141666666666, 24.595333333333333], [54.61141666666666, 24.595416666666665], [54.6115, 24.595416666666665], [54.6115, 24.595499999999998], [54.611666666666665, 24.595499999999998], [54.611666666666665, 24.59558333333333], [54.61175, 24.59558333333333], [54.61175, 24.595666666666666], [54.611999999999995, 24.595666666666666], [54.611999999999995, 24.59575], [54.61208333333333, 24.59575], [54.61208333333333, 24.59583333333333], [54.61216666666667, 24.59583333333333], [54.61216666666667, 24.595916666666664], [54.61233333333333, 24.595916666666664], [54.61233333333333, 24.596], [54.61258333333333, 24.596], [54.61258333333333, 24.596083333333333], [54.61266666666666, 24.596083333333333], [54.61266666666666, 24.596166666666665], [54.61275, 24.596166666666665], [54.61275, 24.59633333333333], [54.612833333333334, 24.59633333333333], [54.612833333333334, 24.596416666666666], [54.61291666666666, 24.596416666666666], [54.61291666666666, 24.5965], [54.613, 24.5965], [54.613, 24.59658333333333], [54.612833333333334, 24.59658333333333], [54.612833333333334, 24.5965], [54.61275, 24.5965], [54.61275, 24.596416666666666], [54.61258333333333, 24.596416666666666], [54.61258333333333, 24.59633333333333], [54.61241666666667, 24.59633333333333], [54.61241666666667, 24.596249999999998], [54.61233333333333, 24.596249999999998], [54.61233333333333, 24.596166666666665], [54.611999999999995, 24.596166666666665], [54.611999999999995, 24.596249999999998], [54.61216666666667, 24.596249999999998], [54.61216666666667, 24.59633333333333], [54.612249999999996, 24.59633333333333], [54.612249999999996, 24.5965], [54.61233333333333, 24.5965], [54.61233333333333, 24.59658333333333], [54.61241666666667, 24.59658333333333], [54.61241666666667, 24.596666666666664], [54.61258333333333, 24.596666666666664], [54.61258333333333, 24.59675], [54.612833333333334, 24.59675], [54.612833333333334, 24.596833333333333], [54.61291666666666, 24.596833333333333], [54.61291666666666, 24.596916666666665], [54.61325, 24.596916666666665], [54.61325, 24.596999999999998], [54.61333333333333, 24.596999999999998], [54.61333333333333, 24.59708333333333], [54.61308333333333, 24.59708333333333], [54.61308333333333, 24.597166666666666], [54.61233333333333, 24.597166666666666], [54.61233333333333, 24.59708333333333], [54.611999999999995, 24.59708333333333], [54.611999999999995, 24.597166666666666], [54.611666666666665, 24.597166666666666], [54.611666666666665, 24.59725], [54.61091666666667, 24.59725], [54.61091666666667, 24.59733333333333], [54.61066666666667, 24.59733333333333], [54.61066666666667, 24.597416666666664], [54.61033333333333, 24.597416666666664], [54.61033333333333, 24.5975], [54.610166666666665, 24.5975], [54.610166666666665, 24.597583333333333], [54.60991666666666, 24.597583333333333], [54.60991666666666, 24.597666666666665], [54.609833333333334, 24.597666666666665], [54.609833333333334, 24.597749999999998], [54.60966666666666, 24.597749999999998], [54.60966666666666, 24.59783333333333], [54.60958333333333, 24.59783333333333], [54.60958333333333, 24.597916666666666], [54.6095, 24.597916666666666], [54.6095, 24.598], [54.60941666666667, 24.598], [54.60941666666667, 24.59808333333333], [54.60933333333333, 24.59808333333333], [54.60933333333333, 24.598166666666664], [54.609249999999996, 24.598166666666664], [54.609249999999996, 24.59825], [54.60916666666667, 24.59825], [54.60916666666667, 24.598333333333333], [54.608916666666666, 24.598333333333333], [54.608916666666666, 24.598499999999998], [54.60875, 24.598499999999998], [54.60875, 24.59858333333333], [54.6085, 24.59858333333333], [54.6085, 24.598666666666666], [54.60841666666666, 24.598666666666666], [54.60841666666666, 24.59875], [54.60825, 24.59875], [54.60825, 24.59883333333333], [54.60816666666666, 24.59883333333333]]]}}, {"type": "Feature", "properties": {"stand": "ADN1"}, "geometry": {"type": "Polygon", "coordinates": [[[54.58925, 24.605083333333333], [54.58925, 24.604999999999997], [54.587916666666665, 24.604999999999997], [54.587916666666665, 24.604916666666664], [54.587583333333335, 24.604916666666664], [54.587583333333335, 24.604833333333332], [54.58733333333333, 24.604833333333332], [54.58733333333333, 24.60475], [54.58725, 24.60475], [54.58725, 24.604666666666667], [54.586999999999996, 24.604666666666667], [54.586999999999996, 24.60458333333333], [54.58691666666667, 24.60458333333333], [54.58691666666667, 24.604499999999998], [54.58683333333333, 24.604499999999998], [54.58683333333333, 24.604416666666665], [54.586749999999995, 24.604416666666665], [54.586749999999995, 24.604499999999998], [54.58658333333333, 24.604499999999998], [54.58658333333333, 24.604416666666665], [54.586416666666665, 24.604416666666665], [54.586416666666665, 24.60458333333333], [54.58625, 24.60458333333333], [54.58625, 24.604666666666667], [54.586166666666664, 24.604666666666667], [54.586166666666664, 24.604499999999998], [54.585499999999996, 24.604499999999998], [54.585499999999996, 24.60458333333333], [54.58508333333333, 24.60458333333333], [54.58508333333333, 24.604499999999998], [54.585, 24.604499999999998], [54.585, 24.60458333333333], [54.584916666666665, 24.60458333333333], [54.584916666666665, 24.604499999999998], [54.58475, 24.604499999999998], [54.58475, 24.604416666666665], [54.584666666666664, 24.604416666666665], [54.584666666666664, 24.604499999999998], [54.584583333333335, 24.604499999999998], [54.584583333333335, 24.604416666666665], [54.58433333333333, 24.604416666666665], [54.58433333333333, 24.604333333333333], [54.58416666666666, 24.604333333333333], [54.58416666666666, 24.604249999999997], [54.58408333333333, 24.604249999999997], [54.58408333333333, 24.604166666666664], [54.58383333333333, 24.604166666666664], [54.58383333333333, 24.60408333333333], [54.583666666666666, 24.60408333333333], [54.583666666666666, 24.603916666666667], [54.58358333333333, 24.603916666666667], [54.58358333333333, 24.60383333333333], [54.5835, 24.60383333333333], [54.5835, 24.603749999999998], [54.583416666666665, 24.603749999999998], [54.583416666666665, 24.603666666666665], [54.58325, 24.603666666666665], [54.58325, 24.603583333333333], [54.58316666666666, 24.603583333333333], [54.58316666666666, 24.603416666666664], [54.583083333333335, 24.603416666666664], [54.583083333333335, 24.60325], [54.583, 24.60325], [54.583, 24.603166666666667], [54.58291666666666, 24.603166666666667], [54.58291666666666, 24.602833333333333], [54.58283333333333, 24.602833333333333], [54.58283333333333, 24.60258333333333], [54.58275, 24.60258333333333], [54.58275, 24.6025], [54.58266666666667, 24.6025], [54.58266666666667, 24.601916666666664], [54.58258333333333, 24.601916666666664], [54.58258333333333, 24.602083333333333], [54.582499999999996, 24.602083333333333], [54.582499999999996, 24.602166666666665], [54.58241666666667, 24.602166666666665], [54.58241666666667, 24.602249999999998], [54.58233333333333, 24.602249999999998], [54.58233333333333, 24.60233333333333], [54.58208333333333, 24.60233333333333], [54.58208333333333, 24.602416666666667], [54.582, 24.602416666666667], [54.582, 24.6025], [54.58183333333333, 24.6025], [54.58183333333333, 24.60258333333333], [54.58175, 24.60258333333333], [54.58175, 24.602666666666664], [54.581583333333334, 24.602666666666664], [54.581583333333334, 24.60275], [54.5815, 24.60275], [54.5815, 24.602666666666664], [54.58141666666666, 24.602666666666664], [54.58141666666666, 24.60275], [54.58125, 24.60275], [54.58125, 24.602833333333333], [54.58116666666667, 24.602833333333333], [54.58116666666667, 24.60275], [54.58108333333333, 24.60275], [54.58108333333333, 24.602833333333333], [54.58091666666667, 24.602833333333333], [54.58091666666667, 24.602916666666665], [54.58083333333333, 24.602916666666665], [54.58083333333333, 24.602833333333333], [54.57966666666667, 24.602833333333333], [54.57966666666667, 24.602916666666665], [54.57958333333333, 24.602916666666665], [54.57958333333333, 24.602833333333333], [54.57941666666667, 24.602833333333333], [54.57941666666667, 24.60275], [54.57908333333333, 24.60275], [54.57908333333333, 24.60258333333333], [54.57883333333333, 24.60258333333333], [54.57883333333333, 24.6025], [54.57875, 24.6025], [54.57875, 24.602416666666667], [54.57866666666666, 24.602416666666667], [54.57866666666666, 24.602083333333333], [54.57875, 24.602083333333333], [54.57875, 24.601916666666664], [54.57883333333333, 24.601916666666664], [54.57883333333333, 24.60175], [54.579, 24.60175], [54.579, 24.601499999999998], [54.57908333333333, 24.601499999999998], [54.57908333333333, 24.601416666666665], [54.579166666666666, 24.601416666666665], [54.579166666666666, 24.60125], [54.579249999999995, 24.60125], [54.579249999999995, 24.601166666666664], [54.57933333333333, 24.601166666666664], [54.57933333333333, 24.601], [54.579499999999996, 24.601], [54.579499999999996, 24.600749999999998], [54.57958333333333, 24.600749999999998], [54.57958333333333, 24.600583333333333], [54.57966666666667, 24.600583333333333], [54.57966666666667, 24.600416666666664], [54.58016666666666, 24.600416666666664], [54.58016666666666, 24.60025], [54.580083333333334, 24.60025], [54.580083333333334, 24.60008333333333], [54.58016666666666, 24.60008333333333], [54.58016666666666, 24.599999999999998], [54.58025, 24.599999999999998], [54.58025, 24.599916666666665], [54.58033333333333, 24.599916666666665], [54.58033333333333, 24.599999999999998], [54.58058333333333, 24.599999999999998], [54.58058333333333, 24.60008333333333], [54.5805, 24.60008333333333], [54.5805, 24.60033333333333], [54.580666666666666, 24.60033333333333], [54.580666666666666, 24.60025], [54.58083333333333, 24.60025], [54.58083333333333, 24.60008333333333], [54.58091666666667, 24.60008333333333], [54.58091666666667, 24.600166666666667], [54.580999999999996, 24.600166666666667], [54.580999999999996, 24.60025], [54.58141666666666, 24.60025], [54.58141666666666, 24.60033333333333], [54.58233333333333, 24.60033333333333], [54.58233333333333, 24.60025], [54.58208333333333, 24.60025], [54.58208333333333, 24.60008333333333], [54.582, 24.60008333333333], [54.582, 24.599999999999998], [54.58183333333333, 24.599999999999998], [54.58183333333333, 24.599916666666665], [54.58175, 24.599916666666665], [54.58175, 24.599833333333333], [54.58125, 24.599833333333333], [54.58125, 24.59975], [54.58108333333333, 24.59975], [54.58108333333333, 24.5995], [54.580999999999996, 24.5995], [54.580999999999996, 24.59933333333333], [54.58108333333333, 24.59933333333333], [54.58108333333333, 24.599083333333333], [54.58116666666667, 24.599083333333333], [54.58116666666667, 24.598916666666664], [54.58125, 24.598916666666664], [54.58125, 24.59883333333333], [54.58141666666666, 24.59883333333333], [54.58141666666666, 24.59858333333333], [54.5815, 24.59858333333333], [54.5815, 24.598499999999998], [54.581583333333334, 24.598499999999998], [54.581583333333334, 24.598416666666665], [54.58166666666666, 24.598416666666665], [54.58166666666666, 24.598333333333333], [54.58183333333333, 24.598333333333333], [54.58183333333333, 24.59825], [54.581916666666665, 24.59825], [54.581916666666665, 24.598166666666664], [54.582, 24.598166666666664], [54.582, 24.59808333333333], [54.58208333333333, 24.59808333333333], [54.58208333333333, 24.597916666666666], [54.58233333333333, 24.597916666666666], [54.58233333333333, 24.598], [54.58241666666667, 24.598], [54.58241666666667, 24.59808333333333], [54.582499999999996, 24.59808333333333], [54.582499999999996, 24.598166666666664], [54.58258333333333, 24.598166666666664], [54.58258333333333, 24.59825], [54.58266666666667, 24.59825], [54.58266666666667, 24.598333333333333], [54.58275, 24.598333333333333], [54.58275, 24.598416666666665], [54.58283333333333, 24.598416666666665], [54.58283333333333, 24.598499999999998], [54.58291666666666, 24.598499999999998], [54.58291666666666, 24.59858333333333], [54.583, 24.59858333333333], [54.583, 24.59883333333333], [54.583083333333335, 24.59883333333333], [54.583083333333335, 24.598916666666664], [54.58316666666666, 24.598916666666664], [54.58316666666666, 24.599166666666665], [54.58325, 24.599166666666665], [54.58325, 24.599416666666666], [54.58333333333333, 24.599416666666666], [54.58333333333333, 24.60008333333333], [54.58316666666666, 24.60008333333333], [54.58316666666666, 24.600166666666667], [54.583, 24.600166666666667], [54.583, 24.60025], [54.58325, 24.60025], [54.58325, 24.600166666666667], [54.583749999999995, 24.600166666666667], [54.583749999999995, 24.60008333333333], [54.58391666666667, 24.60008333333333], [54.58391666666667, 24.599916666666665], [54.583999999999996, 24.599916666666665], [54.583999999999996, 24.599833333333333], [54.58416666666666, 24.599833333333333], [54.58416666666666, 24.59975], [54.58441666666666, 24.59975], [54.58441666666666, 24.599666666666664], [54.584666666666664, 24.599666666666664], [54.584666666666664, 24.5995], [54.58441666666666, 24.5995], [54.58441666666666, 24.59958333333333], [54.58416666666666, 24.59958333333333], [54.58416666666666, 24.599666666666664], [54.58391666666667, 24.599666666666664], [54.58391666666667, 24.59958333333333], [54.583999999999996, 24.59958333333333], [54.583999999999996, 24.599416666666666], [54.58416666666666, 24.599416666666666], [54.58416666666666, 24.5995], [54.58425, 24.5995], [54.58425, 24.59933333333333], [54.58433333333333, 24.59933333333333], [54.58433333333333, 24.599249999999998], [54.584666666666664, 24.599249999999998], [54.584666666666664, 24.599166666666665], [54.584916666666665, 24.599166666666665], [54.584916666666665, 24.599083333333333], [54.586083333333335, 24.599083333333333], [54.586083333333335, 24.599166666666665], [54.586416666666665, 24.599166666666665], [54.586416666666665, 24.599249999999998], [54.586749999999995, 24.599249999999998], [54.586749999999995, 24.59933333333333], [54.586999999999996, 24.59933333333333], [54.586999999999996, 24.599416666666666], [54.58708333333333, 24.599416666666666], [54.58708333333333, 24.5995], [54.58733333333333, 24.5995], [54.58733333333333, 24.59958333333333], [54.58741666666666, 24.59958333333333], [54.58741666666666, 24.599666666666664], [54.58775, 24.599666666666664], [54.58775, 24.59958333333333], [54.58808333333333, 24.59958333333333], [54.58808333333333, 24.5995], [54.58958333333333, 24.5995], [54.58958333333333, 24.59958333333333], [54.589749999999995, 24.59958333333333], [54.589749999999995, 24.5995], [54.589666666666666, 24.5995], [54.589666666666666, 24.599416666666666], [54.58958333333333, 24.599416666666666], [54.58958333333333, 24.59933333333333], [54.589416666666665, 24.59933333333333], [54.589416666666665, 24.599249999999998], [54.58933333333333, 24.599249999999998], [54.58933333333333, 24.599166666666665], [54.589166666666664, 24.599166666666665], [54.589166666666664, 24.599083333333333], [54.589083333333335, 24.599083333333333], [54.589083333333335, 24.598916666666664], [54.589, 24.598916666666664], [54.589, 24.59883333333333], [54.58891666666666, 24.59883333333333], [54.58891666666666, 24.59875], [54.58883333333333, 24.59875], [54.58883333333333, 24.598666666666666], [54.58891666666666, 24.598666666666666], [54.58891666666666, 24.59858333333333], [54.58883333333333, 24.59858333333333], [54.58883333333333, 24.598499999999998], [54.58875, 24.598499999999998], [54.58875, 24.598416666666665], [54.58866666666666, 24.598416666666665], [54.58866666666666, 24.59825], [54.58858333333333, 24.59825], [54.58858333333333, 24.598], [54.588499999999996, 24.598], [54.588499999999996, 24.597916666666666], [54.58841666666667, 24.597916666666666], [54.58841666666667, 24.59783333333333], [54.588499999999996, 24.59783333333333], [54.588499999999996, 24.597583333333333], [54.58841666666667, 24.597583333333333], [54.58841666666667, 24.5975], [54.588499999999996, 24.5975], [54.588499999999996, 24.596666666666664], [54.58841666666667, 24.596666666666664], [54.58841666666667, 24.59658333333333], [54.588499999999996, 24.59658333333333], [54.588499999999996, 24.596416666666666], [54.58858333333333, 24.596416666666666], [54.58858333333333, 24.59633333333333], [54.58866666666666, 24.59633333333333], [54.58866666666666, 24.596249999999998], [54.58858333333333, 24.596249999999998], [54.58858333333333, 24.596166666666665], [54.58866666666666, 24.596166666666665], [54.58866666666666, 24.596], [54.58875, 24.596], [54.58875, 24.59583333333333], [54.58883333333333, 24.59583333333333], [54.58883333333333, 24.595666666666666], [54.58833333333333, 24.595666666666666], [54.58833333333333, 24.59575], [54.588249999999995, 24.59575], [54.588249999999995, 24.595666666666666], [54.587916666666665, 24.595666666666666], [54.587916666666665, 24.59558333333333], [54.58783333333333, 24.59558333333333], [54.58783333333333, 24.595499999999998], [54.58775, 24.595499999999998], [54.58775, 24.59558333333333], [54.587666666666664, 24.59558333333333], [54.587666666666664, 24.595499999999998], [54.587583333333335, 24.595499999999998], [54.587583333333335, 24.595416666666665], [54.58733333333333, 24.595416666666665], [54.58733333333333, 24.595333333333333], [54.58708333333333, 24.595333333333333], [54.58708333333333, 24.59525], [54.586999999999996, 24.59525], [54.586999999999996, 24.595166666666664], [54.58683333333333, 24.595166666666664], [54.58683333333333, 24.59508333333333], [54.586749999999995, 24.59508333333333], [54.586749999999995, 24.595], [54.58658333333333, 24.595], [54.58658333333333, 24.594916666666666], [54.5865, 24.594916666666666], [54.5865, 24.59483333333333], [54.586416666666665, 24.59483333333333], [54.586416666666665, 24.594666666666665], [54.58633333333333, 24.594666666666665], [54.58633333333333, 24.5945], [54.58625, 24.5945], [54.58625, 24.594416666666664], [54.586166666666664, 24.594416666666664], [54.586166666666664, 24.59425], [54.586, 24.59425], [54.586, 24.59408333333333], [54.58591666666666, 24.59408333333333], [54.58591666666666, 24.59358333333333], [54.586, 24.59358333333333], [54.586, 24.5935], [54.586166666666664, 24.5935], [54.586166666666664, 24.593416666666666], [54.58625, 24.593416666666666], [54.58625, 24.59333333333333], [54.58658333333333, 24.59333333333333], [54.58658333333333, 24.593416666666666], [54.58725, 24.593416666666666], [54.58725, 24.59333333333333], [54.58716666666666, 24.59333333333333], [54.58716666666666, 24.593249999999998], [54.586999999999996, 24.593249999999998], [54.586999999999996, 24.593166666666665], [54.58708333333333, 24.593166666666665], [54.58708333333333, 24.593083333333333], [54.58691666666667, 24.593083333333333], [54.58691666666667, 24.593], [54.58683333333333, 24.593], [54.58683333333333, 24.592916666666664], [54.586749999999995, 24.592916666666664], [54.586749999999995, 24.59283333333333], [54.586666666666666, 24.59283333333333], [54.586666666666666, 24.59275], [54.586749999999995, 24.59275], [54.586749999999995, 24.592333333333332], [54.58658333333333, 24.592333333333332], [54.58658333333333, 24.592416666666665], [54.5865, 24.592416666666665], [54.5865, 24.592333333333332], [54.586416666666665, 24.592333333333332], [54.586416666666665, 24.591833333333334], [54.5865, 24.591833333333334], [54.5865, 24.591583333333332], [54.58658333333333, 24.591583333333332], [54.58658333333333, 24.59133333333333], [54.586666666666666, 24.59133333333333], [54.586666666666666, 24.59125], [54.586749999999995, 24.59125], [54.586749999999995, 24.591166666666666], [54.58683333333333, 24.591166666666666], [54.58683333333333, 24.590999999999998], [54.586999999999996, 24.590999999999998], [54.586999999999996, 24.590916666666665], [54.58708333333333, 24.590916666666665], [54.58708333333333, 24.59075], [54.58716666666666, 24.59075], [54.58716666666666, 24.590666666666664], [54.58733333333333, 24.590666666666664], [54.58733333333333, 24.5905], [54.5875, 24.5905], [54.5875, 24.590416666666666], [54.58775, 24.590416666666666], [54.58775, 24.590333333333334], [54.58808333333333, 24.590333333333334], [54.58808333333333, 24.590249999999997], [54.589666666666666, 24.590249999999997], [54.589666666666666, 24.590333333333334], [54.58983333333333, 24.590333333333334], [54.58983333333333, 24.590416666666666], [54.59016666666666, 24.590416666666666], [54.59016666666666, 24.5905], [54.59025, 24.5905], [54.59025, 24.59058333333333], [54.59041666666666, 24.59058333333333], [54.59041666666666, 24.590666666666664], [54.5905, 24.590666666666664], [54.5905, 24.59075], [54.590583333333335, 24.59075], [54.590583333333335, 24.590833333333332], [54.59075, 24.590833333333332], [54.59075, 24.590916666666665], [54.59083333333333, 24.590916666666665], [54.59083333333333, 24.591166666666666], [54.591166666666666, 24.591166666666666], [54.591166666666666, 24.59133333333333], [54.591249999999995, 24.59133333333333], [54.591249999999995, 24.591416666666664], [54.59133333333333, 24.591416666666664], [54.59133333333333, 24.5915], [54.59141666666667, 24.5915], [54.59141666666667, 24.591749999999998], [54.591499999999996, 24.591749999999998], [54.591499999999996, 24.591833333333334], [54.59158333333333, 24.591833333333334], [54.59158333333333, 24.59208333333333], [54.59166666666666, 24.59208333333333], [54.59166666666666, 24.592333333333332], [54.59175, 24.592333333333332], [54.59175, 24.593666666666664], [54.59166666666666, 24.593666666666664], [54.59166666666666, 24.593999999999998], [54.59158333333333, 24.593999999999998], [54.59158333333333, 24.59425], [54.592749999999995, 24.59425], [54.592749999999995, 24.59433333333333], [54.592999999999996, 24.59433333333333], [54.592999999999996, 24.594416666666664], [54.593333333333334, 24.594416666666664], [54.593333333333334, 24.5945], [54.59341666666666, 24.5945], [54.59341666666666, 24.594666666666665], [54.593666666666664, 24.594666666666665], [54.593666666666664, 24.594749999999998], [54.59375, 24.594749999999998], [54.59375, 24.59483333333333], [54.593916666666665, 24.59483333333333], [54.593916666666665, 24.594916666666666], [54.594, 24.594916666666666], [54.594, 24.595], [54.59408333333333, 24.595], [54.59408333333333, 24.59508333333333], [54.594249999999995, 24.59508333333333], [54.594249999999995, 24.595166666666664], [54.59433333333333, 24.595166666666664], [54.59433333333333, 24.59525], [54.59441666666667, 24.59525], [54.59441666666667, 24.595499999999998], [54.5945, 24.595499999999998], [54.5945, 24.59558333333333], [54.59458333333333, 24.59558333333333], [54.59458333333333, 24.59575], [54.59466666666666, 24.59575], [54.59466666666666, 24.59583333333333], [54.59475, 24.59583333333333], [54.59475, 24.596083333333333], [54.594833333333334, 24.596083333333333], [54.594833333333334, 24.596249999999998], [54.59491666666666, 24.596249999999998], [54.59491666666666, 24.59633333333333], [54.595, 24.59633333333333], [54.595, 24.596416666666666], [54.59491666666666, 24.596416666666666], [54.59491666666666, 24.59658333333333], [54.595166666666664, 24.59658333333333], [54.595166666666664, 24.596666666666664], [54.5955, 24.596666666666664], [54.5955, 24.59675], [54.59558333333333, 24.59675], [54.59558333333333, 24.596833333333333], [54.595749999999995, 24.596833333333333], [54.595749999999995, 24.596916666666665], [54.59583333333333, 24.596916666666665], [54.59583333333333, 24.596999999999998], [54.59608333333333, 24.596999999999998], [54.59608333333333, 24.59708333333333], [54.59616666666666, 24.59708333333333], [54.59616666666666, 24.597166666666666], [54.59625, 24.597166666666666], [54.59625, 24.59733333333333], [54.596333333333334, 24.59733333333333], [54.596333333333334, 24.597416666666664], [54.59641666666666, 24.597416666666664], [54.59641666666666, 24.5975], [54.5965, 24.5975], [54.5965, 24.597583333333333], [54.59658333333333, 24.597583333333333], [54.59658333333333, 24.597666666666665], [54.596666666666664, 24.597666666666665], [54.596666666666664, 24.597749999999998], [54.59675, 24.597749999999998], [54.59675, 24.59783333333333], [54.59683333333333, 24.59783333333333], [54.59683333333333, 24.598], [54.596916666666665, 24.598], [54.596916666666665, 24.59808333333333], [54.597, 24.59808333333333], [54.597, 24.598416666666665], [54.59708333333333, 24.598416666666665], [54.59708333333333, 24.598666666666666], [54.597166666666666, 24.598666666666666], [54.597166666666666, 24.600166666666667], [54.59708333333333, 24.600166666666667], [54.59708333333333, 24.6005], [54.596916666666665, 24.6005], [54.596916666666665, 24.600749999999998], [54.59683333333333, 24.600749999999998], [54.59683333333333, 24.60083333333333], [54.59675, 24.60083333333333], [54.59675, 24.601], [54.596666666666664, 24.601], [54.596666666666664, 24.60108333333333], [54.59658333333333, 24.60108333333333], [54.59658333333333, 24.60125], [54.59641666666666, 24.60125], [54.59641666666666, 24.601333333333333], [54.596333333333334, 24.601333333333333], [54.596333333333334, 24.601416666666665], [54.59625, 24.601416666666665], [54.59625, 24.60158333333333], [54.59616666666666, 24.60158333333333], [54.59616666666666, 24.601666666666667], [54.59591666666667, 24.601666666666667], [54.59591666666667, 24.60175], [54.59583333333333, 24.60175], [54.59583333333333, 24.60183333333333], [54.595666666666666, 24.60183333333333], [54.595666666666666, 24.601916666666664], [54.59558333333333, 24.601916666666664], [54.59558333333333, 24.602], [54.59525, 24.602], [54.59525, 24.602083333333333], [54.595166666666664, 24.602083333333333], [54.595166666666664, 24.602166666666665], [54.59508333333333, 24.602166666666665], [54.59508333333333, 24.602083333333333], [54.59491666666666, 24.602083333333333], [54.59491666666666, 24.602166666666665], [54.59441666666667, 24.602166666666665], [54.59441666666667, 24.602249999999998], [54.594249999999995, 24.602249999999998], [54.594249999999995, 24.60233333333333], [54.594166666666666, 24.60233333333333], [54.594166666666666, 24.602416666666667], [54.59383333333333, 24.602416666666667], [54.59383333333333, 24.6025], [54.59358333333333, 24.6025], [54.59358333333333, 24.60258333333333], [54.592083333333335, 24.60258333333333], [54.592083333333335, 24.602666666666664], [54.592, 24.602666666666664], [54.592, 24.60308333333333], [54.591833333333334, 24.60308333333333], [54.591833333333334, 24.60333333333333], [54.59175, 24.60333333333333], [54.59175, 24.603666666666665], [54.59166666666666, 24.603666666666665], [54.59166666666666, 24.603749999999998], [54.59158333333333, 24.603749999999998], [54.59158333333333, 24.603916666666667], [54.591499999999996, 24.603916666666667], [54.591499999999996, 24.603583333333333], [54.59158333333333, 24.603583333333333], [54.59158333333333, 24.602916666666665], [54.59141666666667, 24.602916666666665], [54.59141666666667, 24.602999999999998], [54.591249999999995, 24.602999999999998], [54.591249999999995, 24.60308333333333], [54.591166666666666, 24.60308333333333], [54.591166666666666, 24.603166666666667], [54.591, 24.603166666666667], [54.591, 24.60325], [54.590916666666665, 24.60325], [54.590916666666665, 24.603499999999997], [54.59083333333333, 24.603499999999997], [54.59083333333333, 24.603583333333333], [54.59075, 24.603583333333333], [54.59075, 24.603916666666667], [54.590916666666665, 24.603916666666667], [54.590916666666665, 24.604], [54.591, 24.604], [54.591, 24.60408333333333], [54.59083333333333, 24.60408333333333], [54.59083333333333, 24.604249999999997], [54.591, 24.604249999999997], [54.591, 24.604333333333333], [54.59108333333333, 24.604333333333333], [54.59108333333333, 24.604416666666665], [54.590916666666665, 24.604416666666665], [54.590916666666665, 24.604499999999998], [54.59075, 24.604499999999998], [54.59075, 24.60458333333333], [54.590666666666664, 24.60458333333333], [54.590666666666664, 24.604666666666667], [54.59041666666666, 24.604666666666667], [54.59041666666666, 24.60475], [54.590333333333334, 24.60475], [54.590333333333334, 24.604916666666664], [54.59008333333333, 24.604916666666664], [54.59008333333333, 24.604999999999997], [54.589749999999995, 24.604999999999997], [54.589749999999995, 24.605083333333333], [54.58925, 24.605083333333333]], [[54.58625, 24.60408333333333], [54.5865, 24.60408333333333], [54.5865, 24.604], [54.58625, 24.604], [54.58625, 24.60408333333333]], [[54.58683333333333, 24.60408333333333], [54.58691666666667, 24.60408333333333], [54.58691666666667, 24.604], [54.58708333333333, 24.604], [54.58708333333333, 24.603916666666667], [54.58691666666667, 24.603916666666667], [54.58691666666667, 24.60383333333333], [54.58683333333333, 24.60383333333333], [54.58683333333333, 24.603749999999998], [54.586749999999995, 24.603749999999998], [54.586749999999995, 24.604], [54.58683333333333, 24.604], [54.58683333333333, 24.60408333333333]], [[54.586416666666665, 24.603916666666667], [54.5865, 24.603916666666667], [54.5865, 24.60383333333333], [54.586416666666665, 24.60383333333333], [54.586416666666665, 24.603916666666667]], [[54.585499999999996, 24.603666666666665], [54.58575, 24.603666666666665], [54.58575, 24.603583333333333], [54.58583333333333, 24.603583333333333], [54.58583333333333, 24.60333333333333], [54.58591666666666, 24.60333333333333], [54.58591666666666, 24.60308333333333], [54.586083333333335, 24.60308333333333], [54.586083333333335, 24.602833333333333], [54.586, 24.602833333333333], [54.586, 24.60275], [54.58575, 24.60275], [54.58575, 24.602999999999998], [54.58566666666666, 24.602999999999998], [54.58566666666666, 24.60333333333333], [54.58558333333333, 24.60333333333333], [54.58558333333333, 24.603583333333333], [54.585499999999996, 24.603583333333333], [54.585499999999996, 24.603666666666665]], [[54.58741666666666, 24.603499999999997], [54.587583333333335, 24.603499999999997], [54.587583333333335, 24.603416666666664], [54.587666666666664, 24.603416666666664], [54.587666666666664, 24.60333333333333], [54.58775, 24.60333333333333], [54.58775, 24.603416666666664], [54.58783333333333, 24.603416666666664], [54.58783333333333, 24.603499999999997], [54.587916666666665, 24.603499999999997], [54.587916666666665, 24.60333333333333], [54.58808333333333, 24.60333333333333], [54.58808333333333, 24.60325], [54.58833333333333, 24.60325], [54.58833333333333, 24.603166666666667], [54.588499999999996, 24.603166666666667], [54.588499999999996, 24.602833333333333], [54.58858333333333, 24.602833333333333], [54.58858333333333, 24.602416666666667], [54.58875, 24.602416666666667], [54.58875, 24.60233333333333], [54.58883333333333, 24.60233333333333], [54.58883333333333, 24.602249999999998], [54.58833333333333, 24.602249999999998], [54.58833333333333, 24.602166666666665], [54.588249999999995, 24.602166666666665], [54.588249999999995, 24.602], [54.588166666666666, 24.602], [54.588166666666666, 24.601916666666664], [54.58808333333333, 24.601916666666664], [54.58808333333333, 24.60183333333333], [54.587916666666665, 24.60183333333333], [54.587916666666665, 24.601916666666664], [54.58783333333333, 24.601916666666664], [54.58783333333333, 24.602166666666665], [54.58775, 24.602166666666665], [54.58775, 24.6025], [54.58783333333333, 24.6025], [54.58783333333333, 24.60258333333333], [54.58775, 24.60258333333333], [54.58775, 24.60275], [54.587666666666664, 24.60275], [54.587666666666664, 24.602999999999998], [54.5875, 24.602999999999998], [54.5875, 24.60333333333333], [54.58741666666666, 24.60333333333333], [54.58741666666666, 24.603499999999997]], [[54.58408333333333, 24.602916666666665], [54.58425, 24.602916666666665], [54.58425, 24.602666666666664], [54.58416666666666, 24.602666666666664], [54.58416666666666, 24.60258333333333], [54.58408333333333, 24.60258333333333], [54.58408333333333, 24.602916666666665]], [[54.59233333333333, 24.600416666666664], [54.5925, 24.600416666666664], [54.5925, 24.60033333333333], [54.592749999999995, 24.60033333333333], [54.592749999999995, 24.60025], [54.59283333333333, 24.60025], [54.59283333333333, 24.600166666666667], [54.59291666666667, 24.600166666666667], [54.59291666666667, 24.60008333333333], [54.59308333333333, 24.60008333333333], [54.59308333333333, 24.599999999999998], [54.59341666666666, 24.599999999999998], [54.59341666666666, 24.599833333333333], [54.5935, 24.599833333333333], [54.5935, 24.59975], [54.59383333333333, 24.59975], [54.59383333333333, 24.59958333333333], [54.593916666666665, 24.59958333333333], [54.593916666666665, 24.599416666666666], [54.594, 24.599416666666666], [54.594, 24.59933333333333], [54.59408333333333, 24.59933333333333], [54.59408333333333, 24.599166666666665], [54.594, 24.599166666666665], [54.594, 24.599], [54.593916666666665, 24.599], [54.593916666666665, 24.598916666666664], [54.594, 24.598916666666664], [54.594, 24.59883333333333], [54.593916666666665, 24.59883333333333], [54.593916666666665, 24.598666666666666], [54.59383333333333, 24.598666666666666], [54.59383333333333, 24.59858333333333], [54.59375, 24.59858333333333], [54.59375, 24.598666666666666], [54.593666666666664, 24.598666666666666], [54.593666666666664, 24.59858333333333], [54.5935, 24.59858333333333], [54.5935, 24.598666666666666], [54.59341666666666, 24.598666666666666], [54.59341666666666, 24.59875], [54.593333333333334, 24.59875], [54.593333333333334, 24.598916666666664], [54.59325, 24.598916666666664], [54.59325, 24.599], [54.592666666666666, 24.599], [54.592666666666666, 24.599083333333333], [54.59258333333333, 24.599083333333333], [54.59258333333333, 24.598916666666664], [54.59233333333333, 24.598916666666664], [54.59233333333333, 24.599], [54.591833333333334, 24.599], [54.591833333333334, 24.599166666666665], [54.59175, 24.599166666666665], [54.59175, 24.599249999999998], [54.59158333333333, 24.599249999999998], [54.59158333333333, 24.59958333333333], [54.592, 24.59958333333333], [54.592, 24.599666666666664], [54.592166666666664, 24.599666666666664], [54.592166666666664, 24.59975], [54.59225, 24.59975], [54.59225, 24.60025], [54.59233333333333, 24.60025], [54.59233333333333, 24.600416666666664]], [[54.59175, 24.60008333333333], [54.591833333333334, 24.60008333333333], [54.591833333333334, 24.599916666666665], [54.59175, 24.599916666666665], [54.59175, 24.60008333333333]], [[54.589749999999995, 24.598666666666666], [54.58991666666667, 24.598666666666666], [54.58991666666667, 24.59858333333333], [54.58983333333333, 24.59858333333333], [54.58983333333333, 24.598499999999998], [54.589749999999995, 24.598499999999998], [54.589749999999995, 24.598666666666666]], [[54.59141666666667, 24.597916666666666], [54.59166666666666, 24.597916666666666], [54.59166666666666, 24.59783333333333], [54.591833333333334, 24.59783333333333], [54.591833333333334, 24.597749999999998], [54.59225, 24.597749999999998], [54.59225, 24.597583333333333], [54.59233333333333, 24.597583333333333], [54.59233333333333, 24.597416666666664], [54.5925, 24.597416666666664], [54.5925, 24.59733333333333], [54.592749999999995, 24.59733333333333], [54.592749999999995, 24.59725], [54.59325, 24.59725], [54.59325, 24.597166666666666], [54.59308333333333, 24.597166666666666], [54.59308333333333, 24.596999999999998], [54.59316666666666, 24.596999999999998], [54.59316666666666, 24.596833333333333], [54.59325, 24.596833333333333], [54.59325, 24.596666666666664], [54.59316666666666, 24.596666666666664], [54.59316666666666, 24.59658333333333], [54.592749999999995, 24.59658333333333], [54.592749999999995, 24.596833333333333], [54.592666666666666, 24.596833333333333], [54.592666666666666, 24.59675], [54.59258333333333, 24.59675], [54.59258333333333, 24.596916666666665], [54.592416666666665, 24.596916666666665], [54.592416666666665, 24.596999999999998], [54.592166666666664, 24.596999999999998], [54.592166666666664, 24.596833333333333], [54.592083333333335, 24.596833333333333], [54.592083333333335, 24.59675], [54.592, 24.59675], [54.592, 24.596666666666664], [54.59191666666666, 24.596666666666664], [54.59191666666666, 24.59658333333333], [54.591833333333334, 24.59658333333333], [54.591833333333334, 24.5965], [54.59166666666666, 24.5965], [54.59166666666666, 24.596666666666664], [54.59158333333333, 24.596666666666664], [54.59158333333333, 24.59675], [54.59141666666667, 24.59675], [54.59141666666667, 24.596833333333333], [54.591, 24.596833333333333], [54.591, 24.596916666666665], [54.59083333333333, 24.596916666666665], [54.59083333333333, 24.596999999999998], [54.5905, 24.596999999999998], [54.5905, 24.59708333333333], [54.59041666666666, 24.59708333333333], [54.59041666666666, 24.597166666666666], [54.590333333333334, 24.597166666666666], [54.590333333333334, 24.59733333333333], [54.59016666666666, 24.59733333333333], [54.59016666666666, 24.5975], [54.590333333333334, 24.5975], [54.590333333333334, 24.597583333333333], [54.59041666666666, 24.597583333333333], [54.59041666666666, 24.597666666666665], [54.590916666666665, 24.597666666666665], [54.590916666666665, 24.597583333333333], [54.591166666666666, 24.597583333333333], [54.591166666666666, 24.597666666666665], [54.591249999999995, 24.597666666666665], [54.591249999999995, 24.597749999999998], [54.59133333333333, 24.597749999999998], [54.59133333333333, 24.59783333333333], [54.59141666666667, 24.59783333333333], [54.59141666666667, 24.597916666666666]], [[54.58875, 24.595416666666665], [54.58883333333333, 24.595416666666665], [54.58883333333333, 24.59525], [54.589083333333335, 24.59525], [54.589083333333335, 24.59508333333333], [54.589166666666664, 24.59508333333333], [54.589166666666664, 24.595], [54.589083333333335, 24.595], [54.589083333333335, 24.59483333333333], [54.589, 24.59483333333333], [54.589, 24.594666666666665], [54.58891666666666, 24.594666666666665], [54.58891666666666, 24.594583333333333], [54.588499999999996, 24.594583333333333], [54.588499999999996, 24.594666666666665], [54.58841666666667, 24.594666666666665], [54.58841666666667, 24.594749999999998], [54.588166666666666, 24.594749999999998], [54.588166666666666, 24.59483333333333], [54.58808333333333, 24.59483333333333], [54.58808333333333, 24.595166666666664], [54.58841666666667, 24.595166666666664], [54.58841666666667, 24.59525], [54.58866666666666, 24.59525], [54.58866666666666, 24.595333333333333], [54.58875, 24.595333333333333], [54.58875, 24.595416666666665]], [[54.592, 24.594416666666664], [54.592083333333335, 24.594416666666664], [54.592083333333335, 24.59433333333333], [54.592, 24.59433333333333], [54.592, 24.594416666666664]], [[54.58808333333333, 24.593666666666664], [54.58866666666666, 24.593666666666664], [54.58866666666666, 24.59358333333333], [54.58891666666666, 24.59358333333333], [54.58891666666666, 24.592916666666664], [54.58883333333333, 24.592916666666664], [54.58883333333333, 24.59283333333333], [54.58875, 24.59283333333333], [54.58875, 24.59275], [54.588249999999995, 24.59275], [54.588249999999995, 24.592666666666666], [54.588499999999996, 24.592666666666666], [54.588499999999996, 24.592583333333334], [54.58866666666666, 24.592583333333334], [54.58866666666666, 24.592499999999998], [54.58858333333333, 24.592499999999998], [54.58858333333333, 24.592416666666665], [54.58866666666666, 24.592416666666665], [54.58866666666666, 24.592333333333332], [54.58858333333333, 24.592333333333332], [54.58858333333333, 24.59208333333333], [54.58833333333333, 24.59208333333333], [54.58833333333333, 24.592], [54.588, 24.592], [54.588, 24.59208333333333], [54.58783333333333, 24.59208333333333], [54.58783333333333, 24.592166666666664], [54.58775, 24.592166666666664], [54.58775, 24.59225], [54.587666666666664, 24.59225], [54.587666666666664, 24.592416666666665], [54.58741666666666, 24.592416666666665], [54.58741666666666, 24.59275], [54.5875, 24.59275], [54.5875, 24.593166666666665], [54.587666666666664, 24.593166666666665], [54.587666666666664, 24.593249999999998], [54.58783333333333, 24.593249999999998], [54.58783333333333, 24.59333333333333], [54.587916666666665, 24.59333333333333], [54.587916666666665, 24.5935], [54.588, 24.5935], [54.588, 24.59358333333333], [54.58808333333333, 24.59358333333333], [54.58808333333333, 24.593666666666664]], [[54.589749999999995, 24.5935], [54.59008333333333, 24.5935], [54.59008333333333, 24.593416666666666], [54.59025, 24.593416666666666], [54.59025, 24.59333333333333], [54.590333333333334, 24.59333333333333], [54.590333333333334, 24.593249999999998], [54.59016666666666, 24.593249999999998], [54.59016666666666, 24.593166666666665], [54.58991666666667, 24.593166666666665], [54.58991666666667, 24.59283333333333], [54.589999999999996, 24.59283333333333], [54.589999999999996, 24.59275], [54.59016666666666, 24.59275], [54.59016666666666, 24.592666666666666], [54.590333333333334, 24.592666666666666], [54.590333333333334, 24.59225], [54.59025, 24.59225], [54.59025, 24.592166666666664], [54.589999999999996, 24.592166666666664], [54.589999999999996, 24.59208333333333], [54.58991666666667, 24.59208333333333], [54.58991666666667, 24.592], [54.589749999999995, 24.592], [54.589749999999995, 24.591916666666666], [54.589666666666666, 24.591916666666666], [54.589666666666666, 24.591833333333334], [54.589416666666665, 24.591833333333334], [54.589416666666665, 24.592166666666664], [54.5895, 24.592166666666664], [54.5895, 24.59225], [54.589666666666666, 24.59225], [54.589666666666666, 24.592333333333332], [54.589749999999995, 24.592333333333332], [54.589749999999995, 24.592416666666665], [54.58983333333333, 24.592416666666665], [54.58983333333333, 24.592499999999998], [54.589666666666666, 24.592499999999998], [54.589666666666666, 24.59333333333333], [54.589749999999995, 24.59333333333333], [54.589749999999995, 24.5935]], [[54.590666666666664, 24.593249999999998], [54.59083333333333, 24.593249999999998], [54.59083333333333, 24.593166666666665], [54.590916666666665, 24.593166666666665], [54.590916666666665, 24.593083333333333], [54.591, 24.593083333333333], [54.591, 24.593], [54.590916666666665, 24.593], [54.590916666666665, 24.592916666666664], [54.590666666666664, 24.592916666666664], [54.590666666666664, 24.59283333333333], [54.590583333333335, 24.59283333333333], [54.590583333333335, 24.59275], [54.5905, 24.59275], [54.5905, 24.593166666666665], [54.590666666666664, 24.593166666666665], [54.590666666666664, 24.593249999999998]], [[54.59133333333333, 24.593083333333333], [54.591499999999996, 24.593083333333333], [54.591499999999996, 24.593], [54.59158333333333, 24.593], [54.59158333333333, 24.592916666666664], [54.591499999999996, 24.592916666666664], [54.591499999999996, 24.59283333333333], [54.591249999999995, 24.59283333333333], [54.591249999999995, 24.593], [54.59133333333333, 24.593], [54.59133333333333, 24.593083333333333]], [[54.59016666666666, 24.59208333333333], [54.59025, 24.59208333333333], [54.59025, 24.592], [54.59016666666666, 24.592], [54.59016666666666, 24.59208333333333]], [[54.58983333333333, 24.591666666666665], [54.59008333333333, 24.591666666666665], [54.59008333333333, 24.5915], [54.59025, 24.5915], [54.59025, 24.591416666666664], [54.590333333333334, 24.591416666666664], [54.590333333333334, 24.59133333333333], [54.59041666666666, 24.59133333333333], [54.59041666666666, 24.59125], [54.59016666666666, 24.59125], [54.59016666666666, 24.591166666666666], [54.59008333333333, 24.591166666666666], [54.59008333333333, 24.59125], [54.589999999999996, 24.59125], [54.589999999999996, 24.59133333333333], [54.58991666666667, 24.59133333333333], [54.58991666666667, 24.591416666666664], [54.5895, 24.591416666666664], [54.5895, 24.591583333333332], [54.58983333333333, 24.591583333333332], [54.58983333333333, 24.591666666666665]], [[54.589083333333335, 24.591083333333334], [54.58925, 24.591083333333334], [54.58925, 24.590999999999998], [54.589416666666665, 24.590999999999998], [54.589416666666665, 24.590916666666665], [54.58933333333333, 24.590916666666665], [54.58933333333333, 24.59058333333333], [54.58925, 24.59058333333333], [54.58925, 24.5905], [54.589083333333335, 24.5905], [54.589083333333335, 24.59058333333333], [54.58883333333333, 24.59058333333333], [54.58883333333333, 24.590833333333332], [54.589, 24.590833333333332], [54.589, 24.590916666666665], [54.589083333333335, 24.590916666666665], [54.589083333333335, 24.591083333333334]]]}}]}