{"type": "FeatureCollection", "features": [{"type": "Feature", "properties": {"stand": "ADW5"}, "geometry": {"type": "Polygon", "coordinates": [[[54.43525, 24.486], [54.43525, 24.4855], [54.43516666666667, 24.4855], [54.43516666666667, 24.485416666666666], [54.43475, 24.485416666666666], [54.43475, 24.485333333333333], [54.434666666666665, 24.485333333333333], [54.434666666666665, 24.48525], [54.43425, 24.48525], [54.43425, 24.485333333333333], [54.434, 24.485333333333333], [54.434, 24.485416666666666], [54.43366666666667, 24.485416666666666], [54.43366666666667, 24.4855], [54.433416666666666, 24.4855], [54.433416666666666, 24.485666666666667], [54.43333333333334, 24.485666666666667], [54.43333333333334, 24.48575], [54.43275, 24.48575], [54.43275, 24.485583333333334], [54.43266666666667, 24.485583333333334], [54.43266666666667, 24.4855], [54.4325, 24.4855], [54.4325, 24.485583333333334], [54.43225, 24.485583333333334], [54.43225, 24.485666666666667], [54.43216666666667, 24.485666666666667], [54.43216666666667, 24.48575], [54.43208333333333, 24.48575], [54.43208333333333, 24.485666666666667], [54.432, 24.485666666666667], [54.432, 24.485583333333334], [54.43208333333333, 24.485583333333334], [54.43208333333333, 24.485333333333333], [54.432, 24.485333333333333], [54.432, 24.485166666666668], [54.43208333333333, 24.485166666666668], [54.43208333333333, 24.485083333333332], [54.432, 24.485083333333332], [54.432, 24.484833333333334], [54.43208333333333, 24.484833333333334], [54.43208333333333, 24.484416666666668], [54.43216666666667, 24.484416666666668], [54.43216666666667, 24.484333333333332], [54.43225, 24.484333333333332], [54.43225, 24.484083333333334], [54.43233333333333, 24.484083333333334], [54.43233333333333, 24.484], [54.43241666666667, 24.484], [54.43241666666667, 24.483916666666666], [54.4325, 24.483916666666666], [54.4325, 24.48375], [54.43258333333333, 24.48375], [54.43258333333333, 24.483666666666668], [54.43266666666667, 24.483666666666668], [54.43266666666667, 24.4835], [54.432833333333335, 24.4835], [54.432833333333335, 24.483416666666667], [54.432916666666664, 24.483416666666667], [54.432916666666664, 24.483333333333334], [54.433, 24.483333333333334], [54.433, 24.48325], [54.433083333333336, 24.48325], [54.433083333333336, 24.483166666666666], [54.433166666666665, 24.483166666666666], [54.433166666666665, 24.483083333333333], [54.43333333333334, 24.483083333333333], [54.43333333333334, 24.483], [54.4335, 24.483], [54.4335, 24.482833333333332], [54.43358333333333, 24.482833333333332], [54.43358333333333, 24.48275], [54.43383333333333, 24.48275], [54.43383333333333, 24.482666666666667], [54.43391666666667, 24.482666666666667], [54.43391666666667, 24.482583333333334], [54.43416666666667, 24.482583333333334], [54.43416666666667, 24.4825], [54.434666666666665, 24.4825], [54.434666666666665, 24.482583333333334], [54.43475, 24.482583333333334], [54.43475, 24.482666666666667], [54.43508333333333, 24.482666666666667], [54.43508333333333, 24.482833333333332], [54.43516666666667, 24.482833333333332], [54.43516666666667, 24.48275], [54.43533333333333, 24.48275], [54.43533333333333, 24.482833333333332], [54.43541666666667, 24.482833333333332], [54.43541666666667, 24.482916666666668], [54.435583333333334, 24.482916666666668], [54.435583333333334, 24.482833333333332], [54.43566666666667, 24.482833333333332], [54.43566666666667, 24.483], [54.435833333333335, 24.483], [54.435833333333335, 24.482916666666668], [54.435916666666664, 24.482916666666668], [54.435916666666664, 24.483], [54.436416666666666, 24.483], [54.436416666666666, 24.482916666666668], [54.43666666666667, 24.482916666666668], [54.43666666666667, 24.482833333333332], [54.43683333333333, 24.482833333333332], [54.43683333333333, 24.482916666666668], [54.437, 24.482916666666668], [54.437, 24.483], [54.43716666666667, 24.483], [54.43716666666667, 24.483083333333333], [54.43725, 24.483083333333333], [54.43725, 24.483166666666666], [54.437333333333335, 24.483166666666666], [54.437333333333335, 24.483333333333334], [54.437416666666664, 24.483333333333334], [54.437416666666664, 24.483416666666667], [54.437583333333336, 24.483416666666667], [54.437583333333336, 24.4835], [54.437666666666665, 24.4835], [54.437666666666665, 24.483583333333332], [54.43775, 24.483583333333332], [54.43775, 24.48375], [54.43783333333334, 24.48375], [54.43783333333334, 24.483833333333333], [54.437916666666666, 24.483833333333333], [54.437916666666666, 24.484], [54.43808333333333, 24.484], [54.43808333333333, 24.483916666666666], [54.43816666666667, 24.483916666666666], [54.43816666666667, 24.483833333333333], [54.438250000000004, 24.483833333333333], [54.438250000000004, 24.48375], [54.43833333333333, 24.48375], [54.43833333333333, 24.483666666666668], [54.43841666666667, 24.483666666666668], [54.43841666666667, 24.483583333333332], [54.4385, 24.483583333333332], [54.4385, 24.4835], [54.438583333333334, 24.4835], [54.438583333333334, 24.483416666666667], [54.438833333333335, 24.483416666666667], [54.438833333333335, 24.483333333333334], [54.438916666666664, 24.483333333333334], [54.438916666666664, 24.48325], [54.439083333333336, 24.48325], [54.439083333333336, 24.483166666666666], [54.43925, 24.483166666666666], [54.43925, 24.483083333333333], [54.43933333333334, 24.483083333333333], [54.43933333333334, 24.483166666666666], [54.439416666666666, 24.483166666666666], [54.439416666666666, 24.48275], [54.43933333333334, 24.48275], [54.43933333333334, 24.482333333333333], [54.439416666666666, 24.482333333333333], [54.439416666666666, 24.482083333333332], [54.4395, 24.482083333333332], [54.4395, 24.482], [54.43966666666667, 24.482], [54.43966666666667, 24.481833333333334], [54.439750000000004, 24.481833333333334], [54.439750000000004, 24.48175], [54.43983333333333, 24.48175], [54.43983333333333, 24.4815], [54.43991666666667, 24.4815], [54.43991666666667, 24.481416666666668], [54.44, 24.481416666666668], [54.44, 24.481333333333332], [54.44016666666667, 24.481333333333332], [54.44016666666667, 24.48125], [54.44025, 24.48125], [54.44025, 24.481166666666667], [54.440416666666664, 24.481166666666667], [54.440416666666664, 24.481083333333334], [54.4405, 24.481083333333334], [54.4405, 24.481], [54.44075, 24.481], [54.44075, 24.480916666666666], [54.44083333333334, 24.480916666666666], [54.44083333333334, 24.480833333333333], [54.44116666666667, 24.480833333333333], [54.44116666666667, 24.48075], [54.44141666666667, 24.48075], [54.44141666666667, 24.480666666666668], [54.44291666666667, 24.480666666666668], [54.44291666666667, 24.48075], [54.44325, 24.48075], [54.44325, 24.480833333333333], [54.443333333333335, 24.480833333333333], [54.443333333333335, 24.480916666666666], [54.4435, 24.480916666666666], [54.4435, 24.481], [54.443583333333336, 24.481], [54.443583333333336, 24.481083333333334], [54.44383333333333, 24.481083333333334], [54.44383333333333, 24.481166666666667], [54.44391666666667, 24.481166666666667], [54.44391666666667, 24.48125], [54.44408333333333, 24.48125], [54.44408333333333, 24.481333333333332], [54.44416666666667, 24.481333333333332], [54.44416666666667, 24.481416666666668], [54.44433333333333, 24.481416666666668], [54.44433333333333, 24.4815], [54.44441666666667, 24.4815], [54.44441666666667, 24.481583333333333], [54.4445, 24.481583333333333], [54.4445, 24.481666666666666], [54.444583333333334, 24.481666666666666], [54.444583333333334, 24.481916666666667], [54.44466666666667, 24.481916666666667], [54.44466666666667, 24.482], [54.44475, 24.482], [54.44475, 24.482166666666668], [54.444833333333335, 24.482166666666668], [54.444833333333335, 24.48225], [54.444916666666664, 24.48225], [54.444916666666664, 24.482416666666666], [54.44441666666667, 24.482416666666666], [54.44441666666667, 24.4825], [54.444250000000004, 24.4825], [54.444250000000004, 24.482583333333334], [54.44416666666667, 24.482583333333334], [54.44416666666667, 24.48275], [54.44391666666667, 24.48275], [54.44391666666667, 24.483083333333333], [54.44375, 24.483083333333333], [54.44375, 24.483166666666666], [54.4435, 24.483166666666666], [54.4435, 24.483083333333333], [54.443333333333335, 24.483083333333333], [54.443333333333335, 24.483], [54.44316666666667, 24.483], [54.44316666666667, 24.482916666666668], [54.443083333333334, 24.482916666666668], [54.443083333333334, 24.482833333333332], [54.443, 24.482833333333332], [54.443, 24.482916666666668], [54.44283333333333, 24.482916666666668], [54.44283333333333, 24.483], [54.442750000000004, 24.483], [54.442750000000004, 24.483083333333333], [54.44266666666667, 24.483083333333333], [54.44266666666667, 24.48325], [54.4425, 24.48325], [54.4425, 24.483333333333334], [54.44225, 24.483333333333334], [54.44225, 24.483416666666667], [54.442083333333336, 24.483416666666667], [54.442083333333336, 24.4835], [54.441833333333335, 24.4835], [54.441833333333335, 24.483583333333332], [54.441, 24.483583333333332], [54.441, 24.483666666666668], [54.440666666666665, 24.483666666666668], [54.440666666666665, 24.48375], [54.440416666666664, 24.48375], [54.440416666666664, 24.483833333333333], [54.44, 24.483833333333333], [54.44, 24.483666666666668], [54.43991666666667, 24.483666666666668], [54.43991666666667, 24.483583333333332], [54.43983333333333, 24.483583333333332], [54.43983333333333, 24.4835], [54.439750000000004, 24.4835], [54.439750000000004, 24.483416666666667], [54.43958333333333, 24.483416666666667], [54.43958333333333, 24.4835], [54.43966666666667, 24.4835], [54.43966666666667, 24.483666666666668], [54.43958333333333, 24.483666666666668], [54.43958333333333, 24.483916666666666], [54.4395, 24.483916666666666], [54.4395, 24.484], [54.439416666666666, 24.484], [54.439416666666666, 24.484083333333334], [54.43933333333334, 24.484083333333334], [54.43933333333334, 24.484166666666667], [54.439083333333336, 24.484166666666667], [54.439083333333336, 24.48425], [54.438916666666664, 24.48425], [54.438916666666664, 24.484333333333332], [54.43866666666667, 24.484333333333332], [54.43866666666667, 24.484416666666668], [54.4385, 24.484416666666668], [54.4385, 24.4845], [54.43841666666667, 24.4845], [54.43841666666667, 24.484583333333333], [54.43816666666667, 24.484583333333333], [54.43816666666667, 24.484666666666666], [54.43808333333333, 24.484666666666666], [54.43808333333333, 24.48475], [54.438, 24.48475], [54.438, 24.484833333333334], [54.43783333333334, 24.484833333333334], [54.43783333333334, 24.484916666666667], [54.4375, 24.484916666666667], [54.4375, 24.485], [54.43716666666667, 24.485], [54.43716666666667, 24.485083333333332], [54.43691666666667, 24.485083333333332], [54.43691666666667, 24.485166666666668], [54.43666666666667, 24.485166666666668], [54.43666666666667, 24.48525], [54.436416666666666, 24.48525], [54.436416666666666, 24.485333333333333], [54.436, 24.485333333333333], [54.436, 24.48525], [54.435916666666664, 24.48525], [54.435916666666664, 24.485333333333333], [54.43575, 24.485333333333333], [54.43575, 24.4855], [54.435833333333335, 24.4855], [54.435833333333335, 24.48575], [54.435583333333334, 24.48575], [54.435583333333334, 24.485833333333332], [54.43541666666667, 24.485833333333332], [54.43541666666667, 24.486], [54.43525, 24.486]], [[54.439416666666666, 24.48325], [54.4395, 24.48325], [54.4395, 24.483166666666666], [54.439416666666666, 24.483166666666666], [54.439416666666666, 24.48325]]]}}, {"type": "Feature", "properties": {"stand": "ADW14"}, "geometry": {"type": "Polygon", "coordinates": [[[54.447250000000004, 24.472333333333335], [54.447250000000004, 24.47225], [54.44691666666667, 24.47225], [54.44691666666667, 24.472166666666666], [54.44683333333333, 24.472166666666666], [54.44683333333333, 24.47225], [54.44675, 24.47225], [54.44675, 24.472166666666666], [54.446666666666665, 24.472166666666666], [54.446666666666665, 24.472083333333334], [54.446583333333336, 24.472083333333334], [54.446583333333336, 24.472], [54.4465, 24.472], [54.4465, 24.472083333333334], [54.446416666666664, 24.472083333333334], [54.446416666666664, 24.472], [54.446333333333335, 24.472], [54.446333333333335, 24.471916666666665], [54.44625, 24.471916666666665], [54.44625, 24.471833333333333], [54.446083333333334, 24.471833333333333], [54.446083333333334, 24.47175], [54.446, 24.47175], [54.446, 24.471583333333335], [54.44591666666667, 24.471583333333335], [54.44591666666667, 24.4715], [54.445750000000004, 24.4715], [54.445750000000004, 24.471333333333334], [54.44566666666667, 24.471333333333334], [54.44566666666667, 24.47125], [54.44558333333333, 24.47125], [54.44558333333333, 24.471083333333333], [54.4455, 24.471083333333333], [54.4455, 24.471], [54.44541666666667, 24.471], [54.44541666666667, 24.470916666666668], [54.44533333333333, 24.470916666666668], [54.44533333333333, 24.470833333333335], [54.44541666666667, 24.470833333333335], [54.44541666666667, 24.470666666666666], [54.44533333333333, 24.470666666666666], [54.44533333333333, 24.470583333333334], [54.44525, 24.470583333333334], [54.44525, 24.470333333333333], [54.445166666666665, 24.470333333333333], [54.445166666666665, 24.47025], [54.44558333333333, 24.47025], [54.44558333333333, 24.470166666666668], [54.44616666666667, 24.470166666666668], [54.44616666666667, 24.470083333333335], [54.44625, 24.470083333333335], [54.44625, 24.47], [54.4465, 24.47], [54.4465, 24.469916666666666], [54.44675, 24.469916666666666], [54.44675, 24.469833333333334], [54.447, 24.469833333333334], [54.447, 24.469916666666666], [54.4475, 24.469916666666666], [54.4475, 24.47], [54.447583333333334, 24.47], [54.447583333333334, 24.470083333333335], [54.44766666666667, 24.470083333333335], [54.44766666666667, 24.470583333333334], [54.44775, 24.470583333333334], [54.44775, 24.471083333333333], [54.44766666666667, 24.471083333333333], [54.44766666666667, 24.471333333333334], [54.447583333333334, 24.471333333333334], [54.447583333333334, 24.47125], [54.4475, 24.47125], [54.4475, 24.471666666666668], [54.44741666666667, 24.471666666666668], [54.44741666666667, 24.472333333333335], [54.447250000000004, 24.472333333333335]], [[54.44683333333333, 24.471583333333335], [54.44716666666667, 24.471583333333335], [54.44716666666667, 24.471333333333334], [54.447250000000004, 24.471333333333334], [54.447250000000004, 24.47125], [54.44733333333333, 24.47125], [54.44733333333333, 24.471166666666665], [54.447250000000004, 24.471166666666665], [54.447250000000004, 24.471083333333333], [54.44716666666667, 24.471083333333333], [54.44716666666667, 24.471], [54.44708333333333, 24.471], [54.44708333333333, 24.470916666666668], [54.44683333333333, 24.470916666666668], [54.44683333333333, 24.471], [54.44675, 24.471], [54.44675, 24.471333333333334], [54.44683333333333, 24.471333333333334], [54.44683333333333, 24.471583333333335]], [[54.44708333333333, 24.470583333333334], [54.447250000000004, 24.470583333333334], [54.447250000000004, 24.4705], [54.44733333333333, 24.4705], [54.44733333333333, 24.470416666666665], [54.447250000000004, 24.470416666666665], [54.447250000000004, 24.470333333333333], [54.44733333333333, 24.470333333333333], [54.44733333333333, 24.47025], [54.44708333333333, 24.47025], [54.44708333333333, 24.470583333333334]]]}}, {"type": "Feature", "properties": {"stand": "ADW2"}, "geometry": {"type": "Polygon", "coordinates": [[[54.43375, 24.47975], [54.43375, 24.479583333333334], [54.43366666666667, 24.479583333333334], [54.43366666666667, 24.4795], [54.433416666666666, 24.4795], [54.433416666666666, 24.479416666666665], [54.43325, 24.479416666666665], [54.43325, 24.479333333333333], [54.43333333333334, 24.479333333333333], [54.43333333333334, 24.47925], [54.433166666666665, 24.47925], [54.433166666666665, 24.479333333333333], [54.433, 24.479333333333333], [54.433, 24.47925], [54.432916666666664, 24.47925], [54.432916666666664, 24.479166666666668], [54.433, 24.479166666666668], [54.433, 24.479], [54.433083333333336, 24.479], [54.433083333333336, 24.47875], [54.433166666666665, 24.47875], [54.433166666666665, 24.4785], [54.43333333333334, 24.4785], [54.43333333333334, 24.478416666666668], [54.433416666666666, 24.478416666666668], [54.433416666666666, 24.47825], [54.4335, 24.47825], [54.4335, 24.478083333333334], [54.43358333333333, 24.478083333333334], [54.43358333333333, 24.478], [54.43366666666667, 24.478], [54.43366666666667, 24.477833333333333], [54.43383333333333, 24.477833333333333], [54.43383333333333, 24.477666666666668], [54.43391666666667, 24.477666666666668], [54.43391666666667, 24.47758333333333], [54.434, 24.47758333333333], [54.434, 24.4775], [54.434083333333334, 24.4775], [54.434083333333334, 24.47725], [54.43416666666667, 24.47725], [54.43416666666667, 24.477166666666665], [54.434333333333335, 24.477166666666665], [54.434333333333335, 24.476916666666668], [54.434416666666664, 24.476916666666668], [54.434416666666664, 24.47675], [54.4345, 24.47675], [54.4345, 24.476583333333334], [54.434583333333336, 24.476583333333334], [54.434583333333336, 24.4765], [54.43475, 24.4765], [54.43475, 24.476416666666665], [54.43483333333334, 24.476416666666665], [54.43483333333334, 24.476333333333333], [54.43533333333333, 24.476333333333333], [54.43533333333333, 24.47625], [54.43541666666667, 24.47625], [54.43541666666667, 24.476166666666668], [54.435583333333334, 24.476166666666668], [54.435583333333334, 24.47608333333333], [54.435833333333335, 24.47608333333333], [54.435833333333335, 24.476], [54.436, 24.476], [54.436, 24.475916666666667], [54.436166666666665, 24.475916666666667], [54.436166666666665, 24.47575], [54.43633333333334, 24.47575], [54.43633333333334, 24.475833333333334], [54.436416666666666, 24.475833333333334], [54.436416666666666, 24.475666666666665], [54.4365, 24.475666666666665], [54.4365, 24.475583333333333], [54.43658333333333, 24.475583333333333], [54.43658333333333, 24.4755], [54.43666666666667, 24.4755], [54.43666666666667, 24.475416666666668], [54.43683333333333, 24.475416666666668], [54.43683333333333, 24.47533333333333], [54.43691666666667, 24.47533333333333], [54.43691666666667, 24.47525], [54.437, 24.47525], [54.437, 24.475166666666667], [54.437083333333334, 24.475166666666667], [54.437083333333334, 24.475083333333334], [54.43716666666667, 24.475083333333334], [54.43716666666667, 24.475], [54.437333333333335, 24.475], [54.437333333333335, 24.474916666666665], [54.437416666666664, 24.474916666666665], [54.437416666666664, 24.47475], [54.4375, 24.47475], [54.4375, 24.47458333333333], [54.437583333333336, 24.47458333333333], [54.437583333333336, 24.474333333333334], [54.43775, 24.474333333333334], [54.43775, 24.474166666666665], [54.43783333333334, 24.474166666666665], [54.43783333333334, 24.474], [54.437916666666666, 24.474], [54.437916666666666, 24.473916666666668], [54.438, 24.473916666666668], [54.438, 24.47375], [54.43808333333333, 24.47375], [54.43808333333333, 24.473666666666666], [54.438250000000004, 24.473666666666666], [54.438250000000004, 24.4735], [54.438, 24.4735], [54.438, 24.473583333333334], [54.437916666666666, 24.473583333333334], [54.437916666666666, 24.473666666666666], [54.43783333333334, 24.473666666666666], [54.43783333333334, 24.47375], [54.43775, 24.47375], [54.43775, 24.473833333333335], [54.437666666666665, 24.473833333333335], [54.437666666666665, 24.473916666666668], [54.4375, 24.473916666666668], [54.4375, 24.474], [54.437416666666664, 24.474], [54.437416666666664, 24.474083333333333], [54.437333333333335, 24.474083333333333], [54.437333333333335, 24.474166666666665], [54.43725, 24.474166666666665], [54.43725, 24.474333333333334], [54.437083333333334, 24.474333333333334], [54.437083333333334, 24.474416666666666], [54.437, 24.474416666666666], [54.437, 24.4745], [54.43691666666667, 24.4745], [54.43691666666667, 24.47475], [54.43683333333333, 24.47475], [54.43683333333333, 24.474833333333333], [54.43675, 24.474833333333333], [54.43675, 24.474916666666665], [54.43658333333333, 24.474916666666665], [54.43658333333333, 24.475], [54.4365, 24.475], [54.4365, 24.475083333333334], [54.43633333333334, 24.475083333333334], [54.43633333333334, 24.475166666666667], [54.43625, 24.475166666666667], [54.43625, 24.47525], [54.436083333333336, 24.47525], [54.436083333333336, 24.47533333333333], [54.436, 24.47533333333333], [54.436, 24.475416666666668], [54.435833333333335, 24.475416666666668], [54.435833333333335, 24.4755], [54.4355, 24.4755], [54.4355, 24.474916666666665], [54.43566666666667, 24.474916666666665], [54.43566666666667, 24.4745], [54.43575, 24.4745], [54.43575, 24.474333333333334], [54.435833333333335, 24.474333333333334], [54.435833333333335, 24.474166666666665], [54.435916666666664, 24.474166666666665], [54.435916666666664, 24.474], [54.436083333333336, 24.474], [54.436083333333336, 24.473916666666668], [54.436166666666665, 24.473916666666668], [54.436166666666665, 24.47375], [54.43625, 24.47375], [54.43625, 24.473666666666666], [54.43633333333334, 24.473666666666666], [54.43633333333334, 24.4735], [54.436416666666666, 24.4735], [54.436416666666666, 24.473333333333333], [54.43658333333333, 24.473333333333333], [54.43658333333333, 24.473166666666668], [54.43666666666667, 24.473166666666668], [54.43666666666667, 24.473], [54.43675, 24.473], [54.43675, 24.472916666666666], [54.43683333333333, 24.472916666666666], [54.43683333333333, 24.47275], [54.437, 24.47275], [54.437, 24.472666666666665], [54.437083333333334, 24.472666666666665], [54.437083333333334, 24.472583333333333], [54.43716666666667, 24.472583333333333], [54.43716666666667, 24.472416666666668], [54.43725, 24.472416666666668], [54.43725, 24.472166666666666], [54.437333333333335, 24.472166666666666], [54.437333333333335, 24.472083333333334], [54.4375, 24.472083333333334], [54.4375, 24.471916666666665], [54.437583333333336, 24.471916666666665], [54.437583333333336, 24.47175], [54.437666666666665, 24.47175], [54.437666666666665, 24.471666666666668], [54.43775, 24.471666666666668], [54.43775, 24.471583333333335], [54.43783333333334, 24.471583333333335], [54.43783333333334, 24.4715], [54.437916666666666, 24.4715], [54.437916666666666, 24.471416666666666], [54.43783333333334, 24.471416666666666], [54.43783333333334, 24.471333333333334], [54.438, 24.471333333333334], [54.438, 24.47125], [54.43808333333333, 24.47125], [54.43808333333333, 24.471166666666665], [54.43816666666667, 24.471166666666665], [54.43816666666667, 24.471], [54.438250000000004, 24.471], [54.438250000000004, 24.470833333333335], [54.4385, 24.470833333333335], [54.4385, 24.47075], [54.438583333333334, 24.47075], [54.438583333333334, 24.470666666666666], [54.43866666666667, 24.470666666666666], [54.43866666666667, 24.470583333333334], [54.439, 24.470583333333334], [54.439, 24.4705], [54.438916666666664, 24.4705], [54.438916666666664, 24.470416666666665], [54.43866666666667, 24.470416666666665], [54.43866666666667, 24.470333333333333], [54.4385, 24.470333333333333], [54.4385, 24.46975], [54.438583333333334, 24.46975], [54.438583333333334, 24.469666666666665], [54.43866666666667, 24.469666666666665], [54.43866666666667, 24.469583333333333], [54.438916666666664, 24.469583333333333], [54.438916666666664, 24.4695], [54.439166666666665, 24.4695], [54.439166666666665, 24.469416666666667], [54.4395, 24.469416666666667], [54.4395, 24.4695], [54.43983333333333, 24.4695], [54.43983333333333, 24.469583333333333], [54.43991666666667, 24.469583333333333], [54.43991666666667, 24.469666666666665], [54.44, 24.469666666666665], [54.44, 24.46975], [54.44016666666667, 24.46975], [54.44016666666667, 24.469833333333334], [54.440416666666664, 24.469833333333334], [54.440416666666664, 24.469916666666666], [54.441250000000004, 24.469916666666666], [54.441250000000004, 24.47], [54.44175, 24.47], [54.44175, 24.470083333333335], [54.44233333333333, 24.470083333333335], [54.44233333333333, 24.470166666666668], [54.44241666666667, 24.470166666666668], [54.44241666666667, 24.470583333333334], [54.44233333333333, 24.470583333333334], [54.44233333333333, 24.47075], [54.44225, 24.47075], [54.44225, 24.470916666666668], [54.44233333333333, 24.470916666666668], [54.44233333333333, 24.471], [54.44241666666667, 24.471], [54.44241666666667, 24.471083333333333], [54.44233333333333, 24.471083333333333], [54.44233333333333, 24.471416666666666], [54.44225, 24.471416666666666], [54.44225, 24.471583333333335], [54.442166666666665, 24.471583333333335], [54.442166666666665, 24.471666666666668], [54.442083333333336, 24.471666666666668], [54.442083333333336, 24.47175], [54.442, 24.47175], [54.442, 24.471916666666665], [54.441916666666664, 24.471916666666665], [54.441916666666664, 24.472], [54.441833333333335, 24.472], [54.441833333333335, 24.472166666666666], [54.44166666666667, 24.472166666666666], [54.44166666666667, 24.47225], [54.441583333333334, 24.47225], [54.441583333333334, 24.472333333333335], [54.4415, 24.472333333333335], [54.4415, 24.472416666666668], [54.441916666666664, 24.472416666666668], [54.441916666666664, 24.4725], [54.4425, 24.4725], [54.4425, 24.472583333333333], [54.44283333333333, 24.472583333333333], [54.44283333333333, 24.472666666666665], [54.443083333333334, 24.472666666666665], [54.443083333333334, 24.47275], [54.44316666666667, 24.47275], [54.44316666666667, 24.472833333333334], [54.443416666666664, 24.472833333333334], [54.443416666666664, 24.472916666666666], [54.4435, 24.472916666666666], [54.4435, 24.473], [54.443666666666665, 24.473], [54.443666666666665, 24.473083333333335], [54.44375, 24.473083333333335], [54.44375, 24.473166666666668], [54.44383333333333, 24.473166666666668], [54.44383333333333, 24.473333333333333], [54.444, 24.473333333333333], [54.444, 24.473416666666665], [54.44408333333333, 24.473416666666665], [54.44408333333333, 24.4735], [54.44416666666667, 24.4735], [54.44416666666667, 24.473666666666666], [54.444250000000004, 24.473666666666666], [54.444250000000004, 24.47375], [54.44433333333333, 24.47375], [54.44433333333333, 24.473916666666668], [54.44441666666667, 24.473916666666668], [54.44441666666667, 24.474], [54.4445, 24.474], [54.4445, 24.474333333333334], [54.444583333333334, 24.474333333333334], [54.444583333333334, 24.4745], [54.44466666666667, 24.4745], [54.44466666666667, 24.47458333333333], [54.44475, 24.47458333333333], [54.44475, 24.47475], [54.44466666666667, 24.47475], [54.44466666666667, 24.476166666666668], [54.444583333333334, 24.476166666666668], [54.444583333333334, 24.4765], [54.4445, 24.4765], [54.4445, 24.47675], [54.44433333333333, 24.47675], [54.44433333333333, 24.47683333333333], [54.444250000000004, 24.47683333333333], [54.444250000000004, 24.477], [54.44416666666667, 24.477], [54.44416666666667, 24.477083333333333], [54.44408333333333, 24.477083333333333], [54.44408333333333, 24.47725], [54.444, 24.47725], [54.444, 24.477333333333334], [54.44383333333333, 24.477333333333334], [54.44383333333333, 24.477416666666667], [54.44375, 24.477416666666667], [54.44375, 24.47758333333333], [54.443666666666665, 24.47758333333333], [54.443666666666665, 24.477666666666668], [54.4435, 24.477666666666668], [54.4435, 24.47775], [54.443333333333335, 24.47775], [54.443333333333335, 24.477833333333333], [54.44316666666667, 24.477833333333333], [54.44316666666667, 24.477916666666665], [54.443083333333334, 24.477916666666665], [54.443083333333334, 24.478], [54.443, 24.478], [54.443, 24.478083333333334], [54.44291666666667, 24.478083333333334], [54.44291666666667, 24.478], [54.442750000000004, 24.478], [54.442750000000004, 24.478083333333334], [54.44258333333333, 24.478083333333334], [54.44258333333333, 24.478166666666667], [54.44233333333333, 24.478166666666667], [54.44233333333333, 24.47825], [54.442166666666665, 24.47825], [54.442166666666665, 24.478166666666667], [54.442083333333336, 24.478166666666667], [54.442083333333336, 24.47825], [54.441916666666664, 24.47825], [54.441916666666664, 24.47833333333333], [54.441833333333335, 24.47833333333333], [54.441833333333335, 24.47825], [54.44175, 24.47825], [54.44175, 24.47833333333333], [54.4415, 24.47833333333333], [54.4415, 24.478416666666668], [54.44141666666667, 24.478416666666668], [54.44141666666667, 24.47833333333333], [54.44108333333333, 24.47833333333333], [54.44108333333333, 24.478416666666668], [54.440916666666666, 24.478416666666668], [54.440916666666666, 24.47833333333333], [54.44016666666667, 24.47833333333333], [54.44016666666667, 24.47825], [54.440083333333334, 24.47825], [54.440083333333334, 24.478166666666667], [54.44, 24.478166666666667], [54.44, 24.47825], [54.43991666666667, 24.47825], [54.43991666666667, 24.478166666666667], [54.43983333333333, 24.478166666666667], [54.43983333333333, 24.478083333333334], [54.4395, 24.478083333333334], [54.4395, 24.478], [54.439416666666666, 24.478], [54.439416666666666, 24.477916666666665], [54.43925, 24.477916666666665], [54.43925, 24.477833333333333], [54.439166666666665, 24.477833333333333], [54.439166666666665, 24.47775], [54.438916666666664, 24.47775], [54.438916666666664, 24.477666666666668], [54.438833333333335, 24.477666666666668], [54.438833333333335, 24.47758333333333], [54.43875, 24.47758333333333], [54.43875, 24.477416666666667], [54.43866666666667, 24.477416666666667], [54.43866666666667, 24.47758333333333], [54.4385, 24.47758333333333], [54.4385, 24.477666666666668], [54.43841666666667, 24.477666666666668], [54.43841666666667, 24.47775], [54.43833333333333, 24.47775], [54.43833333333333, 24.477833333333333], [54.438250000000004, 24.477833333333333], [54.438250000000004, 24.477916666666665], [54.438, 24.477916666666665], [54.438, 24.478], [54.43783333333334, 24.478], [54.43783333333334, 24.478083333333334], [54.43775, 24.478083333333334], [54.43775, 24.478166666666667], [54.437416666666664, 24.478166666666667], [54.437416666666664, 24.47825], [54.43725, 24.47825], [54.43725, 24.47833333333333], [54.43716666666667, 24.47833333333333], [54.43716666666667, 24.4785], [54.437, 24.4785], [54.437, 24.478583333333333], [54.43691666666667, 24.478583333333333], [54.43691666666667, 24.47875], [54.43683333333333, 24.47875], [54.43683333333333, 24.478833333333334], [54.43675, 24.478833333333334], [54.43675, 24.478916666666667], [54.43666666666667, 24.478916666666667], [54.43666666666667, 24.47908333333333], [54.4365, 24.47908333333333], [54.4365, 24.479166666666668], [54.436416666666666, 24.479166666666668], [54.436416666666666, 24.47925], [54.43625, 24.47925], [54.43625, 24.479333333333333], [54.436, 24.479333333333333], [54.436, 24.479416666666665], [54.435916666666664, 24.479416666666665], [54.435916666666664, 24.4795], [54.435833333333335, 24.4795], [54.435833333333335, 24.479583333333334], [54.43541666666667, 24.479583333333334], [54.43541666666667, 24.479666666666667], [54.43525, 24.479666666666667], [54.43525, 24.47975], [54.43516666666667, 24.47975], [54.43516666666667, 24.479666666666667], [54.434916666666666, 24.479666666666667], [54.434916666666666, 24.47975], [54.43483333333334, 24.47975], [54.43483333333334, 24.479666666666667], [54.43416666666667, 24.479666666666667], [54.43416666666667, 24.47975], [54.434, 24.47975], [54.434, 24.479666666666667], [54.43383333333333, 24.479666666666667], [54.43383333333333, 24.47975], [54.43375, 24.47975]], [[54.43816666666667, 24.473333333333333], [54.438250000000004, 24.473333333333333], [54.438250000000004, 24.47325], [54.43816666666667, 24.47325], [54.43816666666667, 24.473333333333333]]]}}, {"type": "Feature", "properties": {"stand": "ADW20"}, "geometry": {"type": "Polygon", "coordinates": [[[54.41283333333333, 24.463416666666667], [54.41283333333333, 24.463333333333335], [54.41266666666667, 24.463333333333335], [54.41266666666667, 24.46325], [54.41258333333333, 24.46325], [54.41258333333333, 24.463166666666666], [54.412416666666665, 24.463166666666666], [54.412416666666665, 24.463083333333334], [54.411833333333334, 24.463083333333334], [54.411833333333334, 24.463], [54.41158333333333, 24.463], [54.41158333333333, 24.463083333333334], [54.411500000000004, 24.463083333333334], [54.411500000000004, 24.463166666666666], [54.41133333333333, 24.463166666666666], [54.41133333333333, 24.463083333333334], [54.41108333333333, 24.463083333333334], [54.41108333333333, 24.46291666666667], [54.41125, 24.46291666666667], [54.41125, 24.462833333333332], [54.41133333333333, 24.462833333333332], [54.41133333333333, 24.46275], [54.41141666666667, 24.46275], [54.41141666666667, 24.462583333333335], [54.41133333333333, 24.462583333333335], [54.41133333333333, 24.462333333333333], [54.41125, 24.462333333333333], [54.41125, 24.462416666666666], [54.41116666666667, 24.462416666666666], [54.41116666666667, 24.462583333333335], [54.411, 24.462583333333335], [54.411, 24.46216666666667], [54.41108333333333, 24.46216666666667], [54.41108333333333, 24.461083333333335], [54.41125, 24.461083333333335], [54.41125, 24.461166666666667], [54.41141666666667, 24.461166666666667], [54.41141666666667, 24.46125], [54.41158333333333, 24.46125], [54.41158333333333, 24.46141666666667], [54.41166666666667, 24.46141666666667], [54.41166666666667, 24.4615], [54.411833333333334, 24.4615], [54.411833333333334, 24.461583333333333], [54.41191666666667, 24.461583333333333], [54.41191666666667, 24.461666666666666], [54.412083333333335, 24.461666666666666], [54.412083333333335, 24.46175], [54.412166666666664, 24.46175], [54.412166666666664, 24.461833333333335], [54.41225, 24.461833333333335], [54.41225, 24.461916666666667], [54.412333333333336, 24.461916666666667], [54.412333333333336, 24.462], [54.412416666666665, 24.462], [54.412416666666665, 24.462083333333332], [54.4125, 24.462083333333332], [54.4125, 24.462333333333333], [54.41266666666667, 24.462333333333333], [54.41266666666667, 24.462416666666666], [54.41275, 24.462416666666666], [54.41275, 24.462583333333335], [54.41283333333333, 24.462583333333335], [54.41283333333333, 24.462666666666667], [54.41291666666667, 24.462666666666667], [54.41291666666667, 24.46291666666667], [54.413000000000004, 24.46291666666667], [54.413000000000004, 24.463166666666666], [54.41308333333333, 24.463166666666666], [54.41308333333333, 24.463416666666667], [54.41283333333333, 24.463416666666667]], [[54.412416666666665, 24.46275], [54.4125, 24.46275], [54.4125, 24.462666666666667], [54.412416666666665, 24.462666666666667], [54.412416666666665, 24.46275]]]}}, {"type": "Feature", "properties": {"stand": "ADW15"}, "geometry": {"type": "Polygon", "coordinates": [[[54.40983333333333, 24.463916666666666], [54.40983333333333, 24.463833333333334], [54.40975, 24.463833333333334], [54.40975, 24.46375], [54.40958333333334, 24.46375], [54.40958333333334, 24.463666666666665], [54.409416666666665, 24.463666666666665], [54.409416666666665, 24.463583333333332], [54.40925, 24.463583333333332], [54.40925, 24.4635], [54.409083333333335, 24.4635], [54.409083333333335, 24.463416666666667], [54.408833333333334, 24.463416666666667], [54.408833333333334, 24.46325], [54.40891666666667, 24.46325], [54.40891666666667, 24.463166666666666], [54.408833333333334, 24.463166666666666], [54.408833333333334, 24.462666666666667], [54.409, 24.462666666666667], [54.409, 24.4625], [54.409083333333335, 24.4625], [54.409083333333335, 24.462416666666666], [54.409166666666664, 24.462416666666666], [54.409166666666664, 24.46225], [54.409083333333335, 24.46225], [54.409083333333335, 24.46216666666667], [54.409166666666664, 24.46216666666667], [54.409166666666664, 24.461833333333335], [54.409, 24.461833333333335], [54.409, 24.46175], [54.40891666666667, 24.46175], [54.40891666666667, 24.461666666666666], [54.408833333333334, 24.461666666666666], [54.408833333333334, 24.461583333333333], [54.40875, 24.461583333333333], [54.40875, 24.461333333333332], [54.40891666666667, 24.461333333333332], [54.40891666666667, 24.461166666666667], [54.409, 24.461166666666667], [54.409, 24.461083333333335], [54.409083333333335, 24.461083333333335], [54.409083333333335, 24.461], [54.409166666666664, 24.461], [54.409166666666664, 24.460916666666666], [54.409416666666665, 24.460916666666666], [54.409416666666665, 24.46075], [54.4095, 24.46075], [54.4095, 24.460583333333332], [54.40958333333334, 24.460583333333332], [54.40958333333334, 24.460416666666667], [54.40975, 24.460416666666667], [54.40975, 24.4605], [54.40983333333333, 24.4605], [54.40983333333333, 24.46066666666667], [54.40975, 24.46066666666667], [54.40975, 24.460833333333333], [54.40983333333333, 24.460833333333333], [54.40983333333333, 24.460916666666666], [54.41008333333333, 24.460916666666666], [54.41008333333333, 24.461], [54.41016666666667, 24.461], [54.41016666666667, 24.46175], [54.41008333333333, 24.46175], [54.41008333333333, 24.462], [54.41016666666667, 24.462], [54.41016666666667, 24.462583333333335], [54.41008333333333, 24.462583333333335], [54.41008333333333, 24.46291666666667], [54.410000000000004, 24.46291666666667], [54.410000000000004, 24.46325], [54.40991666666667, 24.46325], [54.40991666666667, 24.463916666666666], [54.40983333333333, 24.463916666666666]]]}}, {"type": "Feature", "properties": {"stand": "ADW8"}, "geometry": {"type": "Polygon", "coordinates": [[[54.45825, 24.466333333333335], [54.45825, 24.46625], [54.45816666666667, 24.46625], [54.45816666666667, 24.466166666666666], [54.458083333333335, 24.466166666666666], [54.458083333333335, 24.465833333333332], [54.458, 24.465833333333332], [54.458, 24.465583333333335], [54.45791666666667, 24.465583333333335], [54.45791666666667, 24.465416666666666], [54.45783333333333, 24.465416666666666], [54.45783333333333, 24.46525], [54.45775, 24.46525], [54.45775, 24.465083333333332], [54.45766666666667, 24.465083333333332], [54.45766666666667, 24.464833333333335], [54.45758333333333, 24.464833333333335], [54.45758333333333, 24.464666666666666], [54.4575, 24.464666666666666], [54.4575, 24.464583333333334], [54.45741666666667, 24.464583333333334], [54.45741666666667, 24.464333333333332], [54.45733333333333, 24.464333333333332], [54.45733333333333, 24.464083333333335], [54.45741666666667, 24.464083333333335], [54.45741666666667, 24.463916666666666], [54.45758333333333, 24.463916666666666], [54.45758333333333, 24.46375], [54.45766666666667, 24.46375], [54.45766666666667, 24.463666666666665], [54.45775, 24.463666666666665], [54.45775, 24.4635], [54.45783333333333, 24.4635], [54.45783333333333, 24.463416666666667], [54.45791666666667, 24.463416666666667], [54.45791666666667, 24.463333333333335], [54.45816666666667, 24.463333333333335], [54.45816666666667, 24.46325], [54.458333333333336, 24.46325], [54.458333333333336, 24.463166666666666], [54.458416666666665, 24.463166666666666], [54.458416666666665, 24.463], [54.458666666666666, 24.463], [54.458666666666666, 24.46275], [54.45883333333333, 24.46275], [54.45883333333333, 24.462666666666667], [54.45916666666667, 24.462666666666667], [54.45916666666667, 24.462583333333335], [54.45933333333333, 24.462583333333335], [54.45933333333333, 24.4625], [54.45966666666667, 24.4625], [54.45966666666667, 24.462416666666666], [54.45975, 24.462416666666666], [54.45975, 24.462333333333333], [54.459833333333336, 24.462333333333333], [54.459833333333336, 24.46216666666667], [54.46008333333334, 24.46216666666667], [54.46008333333334, 24.462], [54.46, 24.462], [54.46, 24.461916666666667], [54.459916666666665, 24.461916666666667], [54.459916666666665, 24.461833333333335], [54.46, 24.461833333333335], [54.46, 24.461583333333333], [54.46008333333334, 24.461583333333333], [54.46008333333334, 24.4615], [54.46025, 24.4615], [54.46025, 24.46141666666667], [54.46033333333333, 24.46141666666667], [54.46033333333333, 24.461333333333332], [54.4605, 24.461333333333332], [54.4605, 24.46125], [54.46066666666667, 24.46125], [54.46066666666667, 24.461166666666667], [54.46075, 24.461166666666667], [54.46075, 24.461083333333335], [54.46083333333333, 24.461083333333335], [54.46083333333333, 24.46066666666667], [54.461083333333335, 24.46066666666667], [54.461083333333335, 24.460583333333332], [54.46116666666667, 24.460583333333332], [54.46116666666667, 24.4605], [54.461333333333336, 24.4605], [54.461333333333336, 24.460416666666667], [54.4615, 24.460416666666667], [54.4615, 24.460333333333335], [54.46158333333334, 24.460333333333335], [54.46158333333334, 24.460166666666666], [54.461666666666666, 24.460166666666666], [54.461666666666666, 24.460083333333333], [54.46175, 24.460083333333333], [54.46175, 24.46], [54.46183333333333, 24.46], [54.46183333333333, 24.45991666666667], [54.46208333333333, 24.45991666666667], [54.46208333333333, 24.46], [54.46216666666667, 24.46], [54.46216666666667, 24.460083333333333], [54.46225, 24.460083333333333], [54.46225, 24.460166666666666], [54.46233333333333, 24.460166666666666], [54.46233333333333, 24.46025], [54.4625, 24.46025], [54.4625, 24.460333333333335], [54.462583333333335, 24.460333333333335], [54.462583333333335, 24.4605], [54.46266666666667, 24.4605], [54.46266666666667, 24.460583333333332], [54.46275, 24.460583333333332], [54.46275, 24.460833333333333], [54.462833333333336, 24.460833333333333], [54.462833333333336, 24.460916666666666], [54.462916666666665, 24.460916666666666], [54.462916666666665, 24.461166666666667], [54.463, 24.461166666666667], [54.463, 24.461333333333332], [54.46308333333334, 24.461333333333332], [54.46308333333334, 24.461666666666666], [54.463, 24.461666666666666], [54.463, 24.46175], [54.462916666666665, 24.46175], [54.462916666666665, 24.461833333333335], [54.462833333333336, 24.461833333333335], [54.462833333333336, 24.461916666666667], [54.46275, 24.461916666666667], [54.46275, 24.462], [54.462583333333335, 24.462], [54.462583333333335, 24.462083333333332], [54.4625, 24.462083333333332], [54.4625, 24.46216666666667], [54.46241666666667, 24.46216666666667], [54.46241666666667, 24.46225], [54.46233333333333, 24.46225], [54.46233333333333, 24.462333333333333], [54.46225, 24.462333333333333], [54.46225, 24.462416666666666], [54.46208333333333, 24.462416666666666], [54.46208333333333, 24.4625], [54.462, 24.4625], [54.462, 24.462583333333335], [54.46191666666667, 24.462583333333335], [54.46191666666667, 24.46275], [54.46183333333333, 24.46275], [54.46183333333333, 24.462833333333332], [54.46175, 24.462833333333332], [54.46175, 24.463083333333334], [54.4615, 24.463083333333334], [54.4615, 24.46325], [54.461416666666665, 24.46325], [54.461416666666665, 24.463333333333335], [54.461333333333336, 24.463333333333335], [54.461333333333336, 24.463416666666667], [54.46116666666667, 24.463416666666667], [54.46116666666667, 24.463583333333332], [54.461083333333335, 24.463583333333332], [54.461083333333335, 24.463833333333334], [54.461, 24.463833333333334], [54.461, 24.464083333333335], [54.46091666666667, 24.464083333333335], [54.46091666666667, 24.464166666666667], [54.46083333333333, 24.464166666666667], [54.46083333333333, 24.464333333333332], [54.46066666666667, 24.464333333333332], [54.46066666666667, 24.4645], [54.46058333333333, 24.4645], [54.46058333333333, 24.464666666666666], [54.4605, 24.464666666666666], [54.4605, 24.46475], [54.46041666666667, 24.46475], [54.46041666666667, 24.464916666666667], [54.460166666666666, 24.464916666666667], [54.460166666666666, 24.465083333333332], [54.46008333333334, 24.465083333333332], [54.46008333333334, 24.465166666666665], [54.46, 24.465166666666665], [54.46, 24.46525], [54.459916666666665, 24.46525], [54.459916666666665, 24.465333333333334], [54.45966666666667, 24.465333333333334], [54.45966666666667, 24.4655], [54.459583333333335, 24.4655], [54.459583333333335, 24.46575], [54.4595, 24.46575], [54.4595, 24.465916666666665], [54.45941666666667, 24.465916666666665], [54.45941666666667, 24.466], [54.45925, 24.466], [54.45925, 24.466083333333334], [54.45908333333333, 24.466083333333334], [54.45908333333333, 24.466166666666666], [54.45875, 24.466166666666666], [54.45875, 24.46625], [54.4585, 24.46625], [54.4585, 24.466333333333335], [54.45825, 24.466333333333335]]]}}, {"type": "Feature", "properties": {"stand": "ADW18"}, "geometry": {"type": "Polygon", "coordinates": [[[54.45125, 24.45725], [54.45125, 24.457083333333333], [54.451166666666666, 24.457083333333333], [54.451166666666666, 24.456583333333334], [54.45125, 24.456583333333334], [54.45125, 24.456416666666666], [54.45133333333333, 24.456416666666666], [54.45133333333333, 24.456333333333333], [54.45141666666667, 24.456333333333333], [54.45141666666667, 24.45625], [54.45158333333333, 24.45625], [54.45158333333333, 24.456166666666668], [54.45166666666667, 24.456166666666668], [54.45166666666667, 24.455916666666667], [54.45183333333333, 24.455916666666667], [54.45183333333333, 24.455833333333334], [54.45191666666667, 24.455833333333334], [54.45191666666667, 24.45575], [54.452, 24.45575], [54.452, 24.455583333333333], [54.452083333333334, 24.455583333333333], [54.452083333333334, 24.455416666666668], [54.45216666666667, 24.455416666666668], [54.45216666666667, 24.455333333333332], [54.452333333333335, 24.455333333333332], [54.452333333333335, 24.45525], [54.452416666666664, 24.45525], [54.452416666666664, 24.455166666666667], [54.4525, 24.455166666666667], [54.4525, 24.455], [54.45258333333334, 24.455], [54.45258333333334, 24.454916666666666], [54.452666666666666, 24.454916666666666], [54.452666666666666, 24.454833333333333], [54.45283333333333, 24.454833333333333], [54.45283333333333, 24.45475], [54.45291666666667, 24.45475], [54.45291666666667, 24.454666666666668], [54.453, 24.454666666666668], [54.453, 24.454583333333332], [54.45333333333333, 24.454583333333332], [54.45333333333333, 24.454666666666668], [54.45341666666667, 24.454666666666668], [54.45341666666667, 24.45475], [54.453583333333334, 24.45475], [54.453583333333334, 24.454833333333333], [54.45366666666667, 24.454833333333333], [54.45366666666667, 24.455], [54.453833333333336, 24.455], [54.453833333333336, 24.455083333333334], [54.453916666666665, 24.455083333333334], [54.453916666666665, 24.45525], [54.45366666666667, 24.45525], [54.45366666666667, 24.455416666666668], [54.4535, 24.455416666666668], [54.4535, 24.4555], [54.45341666666667, 24.4555], [54.45341666666667, 24.455583333333333], [54.45325, 24.455583333333333], [54.45325, 24.45575], [54.45316666666667, 24.45575], [54.45316666666667, 24.455833333333334], [54.45308333333333, 24.455833333333334], [54.45308333333333, 24.455916666666667], [54.453, 24.455916666666667], [54.453, 24.456], [54.45291666666667, 24.456], [54.45291666666667, 24.456083333333332], [54.45283333333333, 24.456083333333332], [54.45283333333333, 24.456166666666668], [54.45275, 24.456166666666668], [54.45275, 24.45625], [54.452666666666666, 24.45625], [54.452666666666666, 24.456333333333333], [54.45258333333334, 24.456333333333333], [54.45258333333334, 24.4565], [54.4525, 24.4565], [54.4525, 24.456583333333334], [54.452333333333335, 24.456583333333334], [54.452333333333335, 24.456666666666667], [54.45225, 24.456666666666667], [54.45225, 24.45675], [54.45216666666667, 24.45675], [54.45216666666667, 24.456916666666668], [54.452, 24.456916666666668], [54.452, 24.457], [54.45183333333333, 24.457], [54.45183333333333, 24.457166666666666], [54.451750000000004, 24.457166666666666], [54.451750000000004, 24.45725], [54.45125, 24.45725]]]}}, {"type": "Feature", "properties": {"stand": "ADW11"}, "geometry": {"type": "Polygon", "coordinates": [[[54.507, 24.458916666666667], [54.507, 24.458833333333335], [54.50691666666667, 24.458833333333335], [54.50691666666667, 24.45875], [54.507, 24.45875], [54.507, 24.458666666666666], [54.50691666666667, 24.458666666666666], [54.50691666666667, 24.4585], [54.50683333333333, 24.4585], [54.50683333333333, 24.458583333333333], [54.506750000000004, 24.458583333333333], [54.506750000000004, 24.4585], [54.50666666666667, 24.4585], [54.50666666666667, 24.458166666666667], [54.50658333333333, 24.458166666666667], [54.50658333333333, 24.458], [54.5065, 24.458], [54.5065, 24.457833333333333], [54.50641666666667, 24.457833333333333], [54.50641666666667, 24.457583333333332], [54.50633333333333, 24.457583333333332], [54.50633333333333, 24.45725], [54.50625, 24.45725], [54.50625, 24.457083333333333], [54.506166666666665, 24.457083333333333], [54.506166666666665, 24.457], [54.506083333333336, 24.457], [54.506083333333336, 24.456916666666668], [54.506, 24.456916666666668], [54.506, 24.45675], [54.505916666666664, 24.45675], [54.505916666666664, 24.456666666666667], [54.505833333333335, 24.456666666666667], [54.505833333333335, 24.455833333333334], [54.505916666666664, 24.455833333333334], [54.505916666666664, 24.45575], [54.506, 24.45575], [54.506, 24.455666666666666], [54.506166666666665, 24.455666666666666], [54.506166666666665, 24.455583333333333], [54.50625, 24.455583333333333], [54.50625, 24.4555], [54.50633333333333, 24.4555], [54.50633333333333, 24.455416666666668], [54.50625, 24.455416666666668], [54.50625, 24.455333333333332], [54.50633333333333, 24.455333333333332], [54.50633333333333, 24.45525], [54.50641666666667, 24.45525], [54.50641666666667, 24.455083333333334], [54.50658333333333, 24.455083333333334], [54.50658333333333, 24.455166666666667], [54.50666666666667, 24.455166666666667], [54.50666666666667, 24.455], [54.507, 24.455], [54.507, 24.455083333333334], [54.50716666666667, 24.455083333333334], [54.50716666666667, 24.454916666666666], [54.507333333333335, 24.454916666666666], [54.507333333333335, 24.45475], [54.507666666666665, 24.45475], [54.507666666666665, 24.454666666666668], [54.50783333333333, 24.454666666666668], [54.50783333333333, 24.454583333333332], [54.50791666666667, 24.454583333333332], [54.50791666666667, 24.454416666666667], [54.50816666666667, 24.454416666666667], [54.50816666666667, 24.4545], [54.50833333333333, 24.4545], [54.50833333333333, 24.454416666666667], [54.5085, 24.454416666666667], [54.5085, 24.454333333333334], [54.50875, 24.454333333333334], [54.50875, 24.45425], [54.50925, 24.45425], [54.50925, 24.454166666666666], [54.5095, 24.454166666666666], [54.5095, 24.454083333333333], [54.51, 24.454083333333333], [54.51, 24.455833333333334], [54.509750000000004, 24.455833333333334], [54.509750000000004, 24.455916666666667], [54.50958333333333, 24.455916666666667], [54.50958333333333, 24.456], [54.50941666666667, 24.456], [54.50941666666667, 24.456083333333332], [54.509166666666665, 24.456083333333332], [54.509166666666665, 24.456166666666668], [54.509083333333336, 24.456166666666668], [54.509083333333336, 24.45625], [54.509, 24.45625], [54.509, 24.456333333333333], [54.508916666666664, 24.456333333333333], [54.508916666666664, 24.456416666666666], [54.50875, 24.456416666666666], [54.50875, 24.4565], [54.50866666666667, 24.4565], [54.50866666666667, 24.456666666666667], [54.508583333333334, 24.456666666666667], [54.508583333333334, 24.456833333333332], [54.5085, 24.456833333333332], [54.5085, 24.457], [54.50833333333333, 24.457], [54.50833333333333, 24.457166666666666], [54.508250000000004, 24.457166666666666], [54.508250000000004, 24.45725], [54.50816666666667, 24.45725], [54.50816666666667, 24.457416666666667], [54.50808333333333, 24.457416666666667], [54.50808333333333, 24.457583333333332], [54.508, 24.457583333333332], [54.508, 24.45775], [54.50783333333333, 24.45775], [54.50783333333333, 24.457916666666666], [54.50775, 24.457916666666666], [54.50775, 24.45825], [54.507666666666665, 24.45825], [54.507666666666665, 24.45841666666667], [54.507583333333336, 24.45841666666667], [54.507583333333336, 24.458583333333333], [54.507416666666664, 24.458583333333333], [54.507416666666664, 24.45875], [54.50725, 24.45875], [54.50725, 24.458833333333335], [54.507083333333334, 24.458833333333335], [54.507083333333334, 24.458916666666667], [54.507, 24.458916666666667]]]}}, {"type": "Feature", "properties": {"stand": "ADW7"}, "geometry": {"type": "Polygon", "coordinates": [[[54.41125, 24.45825], [54.41125, 24.458083333333335], [54.41116666666667, 24.458083333333335], [54.41116666666667, 24.457583333333332], [54.41125, 24.457583333333332], [54.41125, 24.457333333333334], [54.41133333333333, 24.457333333333334], [54.41133333333333, 24.457083333333333], [54.41141666666667, 24.457083333333333], [54.41141666666667, 24.45675], [54.41158333333333, 24.45675], [54.41158333333333, 24.456666666666667], [54.41166666666667, 24.456666666666667], [54.41166666666667, 24.456583333333334], [54.41175, 24.456583333333334], [54.41175, 24.456416666666666], [54.411833333333334, 24.456416666666666], [54.411833333333334, 24.456166666666668], [54.41175, 24.456166666666668], [54.41175, 24.455833333333334], [54.41166666666667, 24.455833333333334], [54.41166666666667, 24.455666666666666], [54.41158333333333, 24.455666666666666], [54.41158333333333, 24.45525], [54.411500000000004, 24.45525], [54.411500000000004, 24.455166666666667], [54.41141666666667, 24.455166666666667], [54.41141666666667, 24.455], [54.41133333333333, 24.455], [54.41133333333333, 24.454916666666666], [54.41125, 24.454916666666666], [54.41125, 24.454833333333333], [54.41133333333333, 24.454833333333333], [54.41133333333333, 24.454666666666668], [54.41125, 24.454666666666668], [54.41125, 24.454583333333332], [54.41116666666667, 24.454583333333332], [54.41116666666667, 24.4545], [54.41108333333333, 24.4545], [54.41108333333333, 24.45425], [54.41116666666667, 24.45425], [54.41116666666667, 24.454083333333333], [54.41125, 24.454083333333333], [54.41125, 24.453916666666668], [54.41133333333333, 24.453916666666668], [54.41133333333333, 24.453583333333334], [54.41141666666667, 24.453583333333334], [54.41141666666667, 24.453333333333333], [54.411500000000004, 24.453333333333333], [54.411500000000004, 24.453166666666668], [54.41158333333333, 24.453166666666668], [54.41158333333333, 24.453083333333332], [54.41175, 24.453083333333332], [54.41175, 24.452916666666667], [54.411833333333334, 24.452916666666667], [54.411833333333334, 24.45275], [54.41191666666667, 24.45275], [54.41191666666667, 24.4525], [54.412, 24.4525], [54.412, 24.452333333333332], [54.412166666666664, 24.452333333333332], [54.412166666666664, 24.452166666666667], [54.41275, 24.452166666666667], [54.41275, 24.45225], [54.413000000000004, 24.45225], [54.413000000000004, 24.452333333333332], [54.41308333333333, 24.452333333333332], [54.41308333333333, 24.452416666666668], [54.413333333333334, 24.452416666666668], [54.413333333333334, 24.4525], [54.41341666666667, 24.4525], [54.41341666666667, 24.452583333333333], [54.413583333333335, 24.452583333333333], [54.413583333333335, 24.452666666666666], [54.41375, 24.452666666666666], [54.41375, 24.45275], [54.413916666666665, 24.45275], [54.413916666666665, 24.452833333333334], [54.414, 24.452833333333334], [54.414, 24.452916666666667], [54.41408333333333, 24.452916666666667], [54.41408333333333, 24.453], [54.41416666666667, 24.453], [54.41416666666667, 24.453083333333332], [54.41433333333333, 24.453083333333332], [54.41433333333333, 24.45325], [54.41441666666667, 24.45325], [54.41441666666667, 24.453416666666666], [54.414500000000004, 24.453416666666666], [54.414500000000004, 24.4535], [54.41458333333333, 24.4535], [54.41458333333333, 24.453583333333334], [54.41466666666667, 24.453583333333334], [54.41466666666667, 24.45375], [54.41475, 24.45375], [54.41475, 24.454], [54.414833333333334, 24.454], [54.414833333333334, 24.454333333333334], [54.41491666666667, 24.454333333333334], [54.41491666666667, 24.456166666666668], [54.414833333333334, 24.456166666666668], [54.414833333333334, 24.4565], [54.41466666666667, 24.4565], [54.41466666666667, 24.45675], [54.41458333333333, 24.45675], [54.41458333333333, 24.456833333333332], [54.414500000000004, 24.456833333333332], [54.414500000000004, 24.457], [54.41441666666667, 24.457], [54.41441666666667, 24.457083333333333], [54.41433333333333, 24.457083333333333], [54.41433333333333, 24.45725], [54.41416666666667, 24.45725], [54.41416666666667, 24.457333333333334], [54.41408333333333, 24.457333333333334], [54.41408333333333, 24.457416666666667], [54.414, 24.457416666666667], [54.414, 24.4575], [54.413916666666665, 24.4575], [54.413916666666665, 24.457666666666668], [54.413666666666664, 24.457666666666668], [54.413666666666664, 24.45775], [54.413583333333335, 24.45775], [54.413583333333335, 24.457833333333333], [54.41341666666667, 24.457833333333333], [54.41341666666667, 24.457916666666666], [54.413333333333334, 24.457916666666666], [54.413333333333334, 24.458], [54.413000000000004, 24.458], [54.413000000000004, 24.458083333333335], [54.41266666666667, 24.458083333333335], [54.41266666666667, 24.458166666666667], [54.4125, 24.458166666666667], [54.4125, 24.45825], [54.41225, 24.45825], [54.41225, 24.458166666666667], [54.41133333333333, 24.458166666666667], [54.41133333333333, 24.45825], [54.41125, 24.45825]]]}}, {"type": "Feature", "properties": {"stand": "ADW16"}, "geometry": {"type": "Polygon", "coordinates": [[[54.4665, 24.452333333333332], [54.4665, 24.452083333333334], [54.46641666666667, 24.452083333333334], [54.46641666666667, 24.452], [54.46625, 24.452], [54.46625, 24.452083333333334], [54.46608333333334, 24.452083333333334], [54.46608333333334, 24.452166666666667], [54.465916666666665, 24.452166666666667], [54.465916666666665, 24.452083333333334], [54.465833333333336, 24.452083333333334], [54.465833333333336, 24.452], [54.465666666666664, 24.452], [54.465666666666664, 24.451916666666666], [54.4655, 24.451916666666666], [54.4655, 24.451833333333333], [54.465333333333334, 24.451833333333333], [54.465333333333334, 24.45175], [54.46508333333333, 24.45175], [54.46508333333333, 24.451666666666668], [54.46491666666667, 24.451666666666668], [54.46491666666667, 24.45175], [54.464666666666666, 24.45175], [54.464666666666666, 24.451666666666668], [54.46483333333333, 24.451666666666668], [54.46483333333333, 24.451583333333332], [54.46491666666667, 24.451583333333332], [54.46491666666667, 24.451333333333334], [54.465, 24.451333333333334], [54.465, 24.45125], [54.46508333333333, 24.45125], [54.46508333333333, 24.451083333333333], [54.46516666666667, 24.451083333333333], [54.46516666666667, 24.451], [54.465333333333334, 24.451], [54.465333333333334, 24.450916666666668], [54.46541666666667, 24.450916666666668], [54.46541666666667, 24.450833333333332], [54.4655, 24.450833333333332], [54.4655, 24.45075], [54.465583333333335, 24.45075], [54.465583333333335, 24.450666666666667], [54.465666666666664, 24.450666666666667], [54.465666666666664, 24.450583333333334], [54.465833333333336, 24.450583333333334], [54.465833333333336, 24.4505], [54.465916666666665, 24.4505], [54.465916666666665, 24.450416666666666], [54.466, 24.450416666666666], [54.466, 24.450333333333333], [54.46625, 24.450333333333333], [54.46625, 24.450416666666666], [54.46641666666667, 24.450416666666666], [54.46641666666667, 24.4505], [54.46633333333333, 24.4505], [54.46633333333333, 24.450583333333334], [54.466166666666666, 24.450583333333334], [54.466166666666666, 24.450833333333332], [54.46625, 24.450833333333332], [54.46625, 24.451333333333334], [54.4665, 24.451333333333334], [54.4665, 24.45125], [54.46658333333333, 24.45125], [54.46658333333333, 24.451166666666666], [54.46666666666667, 24.451166666666666], [54.46666666666667, 24.451], [54.46691666666667, 24.451], [54.46691666666667, 24.450916666666668], [54.467166666666664, 24.450916666666668], [54.467166666666664, 24.450833333333332], [54.46758333333334, 24.450833333333332], [54.46758333333334, 24.451166666666666], [54.46791666666667, 24.451166666666666], [54.46791666666667, 24.45125], [54.468, 24.45125], [54.468, 24.451333333333334], [54.46808333333333, 24.451333333333334], [54.46808333333333, 24.451416666666667], [54.46791666666667, 24.451416666666667], [54.46791666666667, 24.4515], [54.46775, 24.4515], [54.46775, 24.451583333333332], [54.467666666666666, 24.451583333333332], [54.467666666666666, 24.45175], [54.46758333333334, 24.45175], [54.46758333333334, 24.451833333333333], [54.467333333333336, 24.451833333333333], [54.467333333333336, 24.451916666666666], [54.467166666666664, 24.451916666666666], [54.467166666666664, 24.452], [54.46691666666667, 24.452], [54.46691666666667, 24.452083333333334], [54.466833333333334, 24.452083333333334], [54.466833333333334, 24.45225], [54.46666666666667, 24.45225], [54.46666666666667, 24.452333333333332], [54.4665, 24.452333333333332]]]}}, {"type": "Feature", "properties": {"stand": "ADW3"}, "geometry": {"type": "Polygon", "coordinates": [[[54.43375, 24.461916666666667], [54.43375, 24.461833333333335], [54.43366666666667, 24.461833333333335], [54.43366666666667, 24.46175], [54.433416666666666, 24.46175], [54.433416666666666, 24.461666666666666], [54.43333333333334, 24.461666666666666], [54.43333333333334, 24.461583333333333], [54.43325, 24.461583333333333], [54.43325, 24.461333333333332], [54.433166666666665, 24.461333333333332], [54.433166666666665, 24.461166666666667], [54.433, 24.461166666666667], [54.433, 24.461083333333335], [54.432833333333335, 24.461083333333335], [54.432833333333335, 24.460166666666666], [54.432916666666664, 24.460166666666666], [54.432916666666664, 24.45991666666667], [54.433, 24.45991666666667], [54.433, 24.459583333333335], [54.43325, 24.459583333333335], [54.43325, 24.459416666666666], [54.433416666666666, 24.459416666666666], [54.433416666666666, 24.458583333333333], [54.4335, 24.458583333333333], [54.4335, 24.458333333333332], [54.43358333333333, 24.458333333333332], [54.43358333333333, 24.458166666666667], [54.43366666666667, 24.458166666666667], [54.43366666666667, 24.458], [54.43383333333333, 24.458], [54.43383333333333, 24.45775], [54.43391666666667, 24.45775], [54.43391666666667, 24.457666666666668], [54.434, 24.457666666666668], [54.434, 24.457583333333332], [54.434083333333334, 24.457583333333332], [54.434083333333334, 24.4575], [54.43425, 24.4575], [54.43425, 24.457333333333334], [54.434333333333335, 24.457333333333334], [54.434333333333335, 24.45725], [54.434416666666664, 24.45725], [54.434416666666664, 24.457083333333333], [54.4345, 24.457083333333333], [54.4345, 24.457], [54.434583333333336, 24.457], [54.434583333333336, 24.456833333333332], [54.43475, 24.456833333333332], [54.43475, 24.45675], [54.43483333333334, 24.45675], [54.43483333333334, 24.456583333333334], [54.434916666666666, 24.456583333333334], [54.434916666666666, 24.456416666666666], [54.435, 24.456416666666666], [54.435, 24.45625], [54.43508333333333, 24.45625], [54.43508333333333, 24.456166666666668], [54.43516666666667, 24.456166666666668], [54.43516666666667, 24.456083333333332], [54.43525, 24.456083333333332], [54.43525, 24.455916666666667], [54.43533333333333, 24.455916666666667], [54.43533333333333, 24.455666666666666], [54.43541666666667, 24.455666666666666], [54.43541666666667, 24.4555], [54.4355, 24.4555], [54.4355, 24.455166666666667], [54.43566666666667, 24.455166666666667], [54.43566666666667, 24.454916666666666], [54.43575, 24.454916666666666], [54.43575, 24.454666666666668], [54.435833333333335, 24.454666666666668], [54.435833333333335, 24.454416666666667], [54.435916666666664, 24.454416666666667], [54.435916666666664, 24.45425], [54.436083333333336, 24.45425], [54.436083333333336, 24.453916666666668], [54.436166666666665, 24.453916666666668], [54.436166666666665, 24.45375], [54.43625, 24.45375], [54.43625, 24.453666666666667], [54.43633333333334, 24.453666666666667], [54.43633333333334, 24.453583333333334], [54.4365, 24.453583333333334], [54.4365, 24.4535], [54.43658333333333, 24.4535], [54.43658333333333, 24.453416666666666], [54.43675, 24.453416666666666], [54.43675, 24.453333333333333], [54.437083333333334, 24.453333333333333], [54.437083333333334, 24.45325], [54.437416666666664, 24.45325], [54.437416666666664, 24.453166666666668], [54.437666666666665, 24.453166666666668], [54.437666666666665, 24.453083333333332], [54.43808333333333, 24.453083333333332], [54.43808333333333, 24.453], [54.43841666666667, 24.453], [54.43841666666667, 24.452916666666667], [54.43866666666667, 24.452916666666667], [54.43866666666667, 24.452833333333334], [54.438916666666664, 24.452833333333334], [54.438916666666664, 24.45275], [54.439166666666665, 24.45275], [54.439166666666665, 24.452666666666666], [54.43925, 24.452666666666666], [54.43925, 24.452583333333333], [54.439416666666666, 24.452583333333333], [54.439416666666666, 24.4525], [54.439750000000004, 24.4525], [54.439750000000004, 24.452416666666668], [54.44, 24.452416666666668], [54.44, 24.452333333333332], [54.44025, 24.452333333333332], [54.44025, 24.45225], [54.440416666666664, 24.45225], [54.440416666666664, 24.452083333333334], [54.4405, 24.452083333333334], [54.4405, 24.452], [54.440666666666665, 24.452], [54.440666666666665, 24.451916666666666], [54.44075, 24.451916666666666], [54.44075, 24.451833333333333], [54.44083333333334, 24.451833333333333], [54.44083333333334, 24.45175], [54.440916666666666, 24.45175], [54.440916666666666, 24.451666666666668], [54.441, 24.451666666666668], [54.441, 24.451583333333332], [54.44116666666667, 24.451583333333332], [54.44116666666667, 24.4515], [54.441250000000004, 24.4515], [54.441250000000004, 24.451416666666667], [54.44141666666667, 24.451416666666667], [54.44141666666667, 24.451333333333334], [54.4415, 24.451333333333334], [54.4415, 24.45125], [54.44166666666667, 24.45125], [54.44166666666667, 24.451166666666666], [54.441833333333335, 24.451166666666666], [54.441833333333335, 24.451083333333333], [54.441916666666664, 24.451083333333333], [54.441916666666664, 24.451], [54.442166666666665, 24.451], [54.442166666666665, 24.450916666666668], [54.44225, 24.450916666666668], [54.44225, 24.450833333333332], [54.44233333333333, 24.450833333333332], [54.44233333333333, 24.45075], [54.44241666666667, 24.45075], [54.44241666666667, 24.450583333333334], [54.4425, 24.450583333333334], [54.4425, 24.4505], [54.44266666666667, 24.4505], [54.44266666666667, 24.450416666666666], [54.442750000000004, 24.450416666666666], [54.442750000000004, 24.450333333333333], [54.44291666666667, 24.450333333333333], [54.44291666666667, 24.45025], [54.443, 24.45025], [54.443, 24.450166666666668], [54.44316666666667, 24.450166666666668], [54.44316666666667, 24.45025], [54.443333333333335, 24.45025], [54.443333333333335, 24.450583333333334], [54.443416666666664, 24.450583333333334], [54.443416666666664, 24.450666666666667], [54.4435, 24.450666666666667], [54.4435, 24.45075], [54.443583333333336, 24.45075], [54.443583333333336, 24.450833333333332], [54.443666666666665, 24.450833333333332], [54.443666666666665, 24.450916666666668], [54.44375, 24.450916666666668], [54.44375, 24.451], [54.44383333333333, 24.451], [54.44383333333333, 24.451083333333333], [54.44391666666667, 24.451083333333333], [54.44391666666667, 24.45125], [54.444, 24.45125], [54.444, 24.451333333333334], [54.44408333333333, 24.451333333333334], [54.44408333333333, 24.4515], [54.44416666666667, 24.4515], [54.44416666666667, 24.451666666666668], [54.44433333333333, 24.451666666666668], [54.44433333333333, 24.45175], [54.44441666666667, 24.45175], [54.44441666666667, 24.451833333333333], [54.4445, 24.451833333333333], [54.4445, 24.451916666666666], [54.444583333333334, 24.451916666666666], [54.444583333333334, 24.452583333333333], [54.44466666666667, 24.452583333333333], [54.44466666666667, 24.452666666666666], [54.444916666666664, 24.452666666666666], [54.444916666666664, 24.45275], [54.445166666666665, 24.45275], [54.445166666666665, 24.452916666666667], [54.44525, 24.452916666666667], [54.44525, 24.453], [54.445166666666665, 24.453], [54.445166666666665, 24.453166666666668], [54.444916666666664, 24.453166666666668], [54.444916666666664, 24.45325], [54.444583333333334, 24.45325], [54.444583333333334, 24.453166666666668], [54.4445, 24.453166666666668], [54.4445, 24.453083333333332], [54.444250000000004, 24.453083333333332], [54.444250000000004, 24.453166666666668], [54.44416666666667, 24.453166666666668], [54.44416666666667, 24.45325], [54.44408333333333, 24.45325], [54.44408333333333, 24.453333333333333], [54.44391666666667, 24.453333333333333], [54.44391666666667, 24.453416666666666], [54.44383333333333, 24.453416666666666], [54.44383333333333, 24.45375], [54.443666666666665, 24.45375], [54.443666666666665, 24.453916666666668], [54.443416666666664, 24.453916666666668], [54.443416666666664, 24.454], [54.443333333333335, 24.454], [54.443333333333335, 24.454083333333333], [54.44325, 24.454083333333333], [54.44325, 24.454166666666666], [54.44316666666667, 24.454166666666666], [54.44316666666667, 24.45425], [54.443083333333334, 24.45425], [54.443083333333334, 24.454333333333334], [54.44291666666667, 24.454333333333334], [54.44291666666667, 24.454416666666667], [54.442750000000004, 24.454416666666667], [54.442750000000004, 24.4545], [54.44258333333333, 24.4545], [54.44258333333333, 24.454583333333332], [54.44233333333333, 24.454583333333332], [54.44233333333333, 24.454666666666668], [54.44225, 24.454666666666668], [54.44225, 24.45475], [54.442166666666665, 24.45475], [54.442166666666665, 24.454833333333333], [54.441916666666664, 24.454833333333333], [54.441916666666664, 24.455], [54.44175, 24.455], [54.44175, 24.455083333333334], [54.44166666666667, 24.455083333333334], [54.44166666666667, 24.455333333333332], [54.44141666666667, 24.455333333333332], [54.44141666666667, 24.455416666666668], [54.44133333333333, 24.455416666666668], [54.44133333333333, 24.4555], [54.441250000000004, 24.4555], [54.441250000000004, 24.455583333333333], [54.44116666666667, 24.455583333333333], [54.44116666666667, 24.455666666666666], [54.44108333333333, 24.455666666666666], [54.44108333333333, 24.45575], [54.440916666666666, 24.45575], [54.440916666666666, 24.455916666666667], [54.44075, 24.455916666666667], [54.44075, 24.456], [54.440666666666665, 24.456], [54.440666666666665, 24.456083333333332], [54.440583333333336, 24.456083333333332], [54.440583333333336, 24.456166666666668], [54.440416666666664, 24.456166666666668], [54.440416666666664, 24.45625], [54.440333333333335, 24.45625], [54.440333333333335, 24.456333333333333], [54.44025, 24.456333333333333], [54.44025, 24.456416666666666], [54.44016666666667, 24.456416666666666], [54.44016666666667, 24.456666666666667], [54.440083333333334, 24.456666666666667], [54.440083333333334, 24.45675], [54.43991666666667, 24.45675], [54.43991666666667, 24.456833333333332], [54.43983333333333, 24.456833333333332], [54.43983333333333, 24.457], [54.439750000000004, 24.457], [54.439750000000004, 24.457083333333333], [54.43966666666667, 24.457083333333333], [54.43966666666667, 24.457166666666666], [54.4395, 24.457166666666666], [54.4395, 24.457083333333333], [54.439416666666666, 24.457083333333333], [54.439416666666666, 24.457166666666666], [54.43933333333334, 24.457166666666666], [54.43933333333334, 24.457083333333333], [54.43925, 24.457083333333333], [54.43925, 24.457], [54.439166666666665, 24.457], [54.439166666666665, 24.456916666666668], [54.439, 24.456916666666668], [54.439, 24.45675], [54.438916666666664, 24.45675], [54.438916666666664, 24.456666666666667], [54.43875, 24.456666666666667], [54.43875, 24.456583333333334], [54.43866666666667, 24.456583333333334], [54.43866666666667, 24.456416666666666], [54.4385, 24.456416666666666], [54.4385, 24.456666666666667], [54.43833333333333, 24.456666666666667], [54.43833333333333, 24.456833333333332], [54.438250000000004, 24.456833333333332], [54.438250000000004, 24.457166666666666], [54.43816666666667, 24.457166666666666], [54.43816666666667, 24.457333333333334], [54.43808333333333, 24.457333333333334], [54.43808333333333, 24.457583333333332], [54.437916666666666, 24.457583333333332], [54.437916666666666, 24.457666666666668], [54.43783333333334, 24.457666666666668], [54.43783333333334, 24.457833333333333], [54.43775, 24.457833333333333], [54.43775, 24.457916666666666], [54.437666666666665, 24.457916666666666], [54.437666666666665, 24.458083333333335], [54.437583333333336, 24.458083333333335], [54.437583333333336, 24.45825], [54.437416666666664, 24.45825], [54.437416666666664, 24.458333333333332], [54.437333333333335, 24.458333333333332], [54.437333333333335, 24.458583333333333], [54.437666666666665, 24.458583333333333], [54.437666666666665, 24.458666666666666], [54.437916666666666, 24.458666666666666], [54.437916666666666, 24.45875], [54.43808333333333, 24.45875], [54.43808333333333, 24.458833333333335], [54.438250000000004, 24.458833333333335], [54.438250000000004, 24.459], [54.43808333333333, 24.459], [54.43808333333333, 24.459083333333332], [54.438, 24.459083333333332], [54.438, 24.459333333333333], [54.437916666666666, 24.459333333333333], [54.437916666666666, 24.459416666666666], [54.43783333333334, 24.459416666666666], [54.43783333333334, 24.459583333333335], [54.43775, 24.459583333333335], [54.43775, 24.459666666666667], [54.437583333333336, 24.459666666666667], [54.437583333333336, 24.459833333333332], [54.4375, 24.459833333333332], [54.4375, 24.46], [54.437416666666664, 24.46], [54.437416666666664, 24.46025], [54.437333333333335, 24.46025], [54.437333333333335, 24.460333333333335], [54.437083333333334, 24.460333333333335], [54.437083333333334, 24.4605], [54.437, 24.4605], [54.437, 24.460833333333333], [54.43691666666667, 24.460833333333333], [54.43691666666667, 24.460916666666666], [54.43683333333333, 24.460916666666666], [54.43683333333333, 24.461], [54.43666666666667, 24.461], [54.43666666666667, 24.461083333333335], [54.436416666666666, 24.461083333333335], [54.436416666666666, 24.461166666666667], [54.43625, 24.461166666666667], [54.43625, 24.461083333333335], [54.436166666666665, 24.461083333333335], [54.436166666666665, 24.461], [54.435916666666664, 24.461], [54.435916666666664, 24.461083333333335], [54.43575, 24.461083333333335], [54.43575, 24.461166666666667], [54.435583333333334, 24.461166666666667], [54.435583333333334, 24.46125], [54.4355, 24.46125], [54.4355, 24.461333333333332], [54.43533333333333, 24.461333333333332], [54.43533333333333, 24.46141666666667], [54.43508333333333, 24.46141666666667], [54.43508333333333, 24.4615], [54.435, 24.4615], [54.435, 24.461583333333333], [54.43483333333334, 24.461583333333333], [54.43483333333334, 24.461666666666666], [54.434583333333336, 24.461666666666666], [54.434583333333336, 24.46175], [54.434333333333335, 24.46175], [54.434333333333335, 24.461833333333335], [54.434083333333334, 24.461833333333335], [54.434083333333334, 24.461916666666667], [54.43375, 24.461916666666667]]]}}, {"type": "Feature", "properties": {"stand": "ADW6"}, "geometry": {"type": "Polygon", "coordinates": [[[54.40825, 24.458166666666667], [54.40825, 24.458083333333335], [54.40808333333334, 24.458083333333335], [54.40808333333334, 24.457833333333333], [54.408, 24.457833333333333], [54.408, 24.457666666666668], [54.407916666666665, 24.457666666666668], [54.407916666666665, 24.4575], [54.407833333333336, 24.4575], [54.407833333333336, 24.457416666666667], [54.40775, 24.457416666666667], [54.40775, 24.4575], [54.407583333333335, 24.4575], [54.407583333333335, 24.457416666666667], [54.40725, 24.457416666666667], [54.40725, 24.457333333333334], [54.40716666666667, 24.457333333333334], [54.40716666666667, 24.457416666666667], [54.40708333333333, 24.457416666666667], [54.40708333333333, 24.4575], [54.407000000000004, 24.4575], [54.407000000000004, 24.457416666666667], [54.40691666666667, 24.457416666666667], [54.40691666666667, 24.4575], [54.40683333333333, 24.4575], [54.40683333333333, 24.457416666666667], [54.40675, 24.457416666666667], [54.40675, 24.457333333333334], [54.4065, 24.457333333333334], [54.4065, 24.45725], [54.406166666666664, 24.45725], [54.406166666666664, 24.457166666666666], [54.406083333333335, 24.457166666666666], [54.406083333333335, 24.45725], [54.406, 24.45725], [54.406, 24.457083333333333], [54.406083333333335, 24.457083333333333], [54.406083333333335, 24.456916666666668], [54.406, 24.456916666666668], [54.406, 24.456833333333332], [54.40591666666667, 24.456833333333332], [54.40591666666667, 24.45675], [54.405833333333334, 24.45675], [54.405833333333334, 24.4565], [54.40591666666667, 24.4565], [54.40591666666667, 24.456416666666666], [54.406, 24.456416666666666], [54.406, 24.456333333333333], [54.406166666666664, 24.456333333333333], [54.406166666666664, 24.45625], [54.406083333333335, 24.45625], [54.406083333333335, 24.456166666666668], [54.406, 24.456166666666668], [54.406, 24.456], [54.406083333333335, 24.456], [54.406083333333335, 24.4555], [54.406166666666664, 24.4555], [54.406166666666664, 24.455333333333332], [54.40625, 24.455333333333332], [54.40625, 24.455166666666667], [54.406333333333336, 24.455166666666667], [54.406333333333336, 24.454916666666666], [54.4065, 24.454916666666666], [54.4065, 24.454666666666668], [54.40658333333334, 24.454666666666668], [54.40658333333334, 24.4545], [54.406666666666666, 24.4545], [54.406666666666666, 24.45425], [54.40675, 24.45425], [54.40675, 24.454166666666666], [54.40683333333333, 24.454166666666666], [54.40683333333333, 24.453916666666668], [54.407000000000004, 24.453916666666668], [54.407000000000004, 24.45375], [54.40708333333333, 24.45375], [54.40708333333333, 24.453583333333334], [54.40716666666667, 24.453583333333334], [54.40716666666667, 24.453333333333333], [54.40725, 24.453333333333333], [54.40725, 24.453166666666668], [54.40741666666667, 24.453166666666668], [54.40741666666667, 24.452916666666667], [54.4075, 24.452916666666667], [54.4075, 24.452833333333334], [54.407583333333335, 24.452833333333334], [54.407583333333335, 24.452666666666666], [54.407666666666664, 24.452666666666666], [54.407666666666664, 24.452583333333333], [54.40775, 24.452583333333333], [54.40775, 24.4525], [54.407916666666665, 24.4525], [54.407916666666665, 24.452416666666668], [54.408, 24.452416666666668], [54.408, 24.452083333333334], [54.40808333333334, 24.452083333333334], [54.40808333333334, 24.452], [54.408166666666666, 24.452], [54.408166666666666, 24.45175], [54.40833333333333, 24.45175], [54.40833333333333, 24.451583333333332], [54.40841666666667, 24.451583333333332], [54.40841666666667, 24.451], [54.408500000000004, 24.451], [54.408500000000004, 24.450916666666668], [54.40858333333333, 24.450916666666668], [54.40858333333333, 24.45075], [54.40875, 24.45075], [54.40875, 24.450583333333334], [54.408833333333334, 24.450583333333334], [54.408833333333334, 24.450416666666666], [54.40891666666667, 24.450416666666666], [54.40891666666667, 24.450333333333333], [54.409, 24.450333333333333], [54.409, 24.45025], [54.409083333333335, 24.45025], [54.409083333333335, 24.450166666666668], [54.40925, 24.450166666666668], [54.40925, 24.45], [54.409416666666665, 24.45], [54.409416666666665, 24.449916666666667], [54.4095, 24.449916666666667], [54.4095, 24.449833333333334], [54.40958333333334, 24.449833333333334], [54.40958333333334, 24.449666666666666], [54.40991666666667, 24.449666666666666], [54.40991666666667, 24.44975], [54.410000000000004, 24.44975], [54.410000000000004, 24.449833333333334], [54.41075, 24.449833333333334], [54.41075, 24.449916666666667], [54.410833333333336, 24.449916666666667], [54.410833333333336, 24.450083333333332], [54.410916666666665, 24.450083333333332], [54.410916666666665, 24.450166666666668], [54.411, 24.450166666666668], [54.411, 24.450333333333333], [54.41108333333333, 24.450333333333333], [54.41108333333333, 24.450416666666666], [54.41116666666667, 24.450416666666666], [54.41116666666667, 24.45075], [54.41125, 24.45075], [54.41125, 24.451], [54.41133333333333, 24.451], [54.41133333333333, 24.452166666666667], [54.41175, 24.452166666666667], [54.41175, 24.45225], [54.411833333333334, 24.45225], [54.411833333333334, 24.452333333333332], [54.41175, 24.452333333333332], [54.41175, 24.452416666666668], [54.411500000000004, 24.452416666666668], [54.411500000000004, 24.452583333333333], [54.41141666666667, 24.452583333333333], [54.41141666666667, 24.452833333333334], [54.41133333333333, 24.452833333333334], [54.41133333333333, 24.453], [54.41125, 24.453], [54.41125, 24.453083333333332], [54.41116666666667, 24.453083333333332], [54.41116666666667, 24.453166666666668], [54.410916666666665, 24.453166666666668], [54.410916666666665, 24.45325], [54.410583333333335, 24.45325], [54.410583333333335, 24.453166666666668], [54.410333333333334, 24.453166666666668], [54.410333333333334, 24.45325], [54.41025, 24.45325], [54.41025, 24.453333333333333], [54.41016666666667, 24.453333333333333], [54.41016666666667, 24.453416666666666], [54.410000000000004, 24.453416666666666], [54.410000000000004, 24.453583333333334], [54.40991666666667, 24.453583333333334], [54.40991666666667, 24.453666666666667], [54.40983333333333, 24.453666666666667], [54.40983333333333, 24.45375], [54.40975, 24.45375], [54.40975, 24.453833333333332], [54.409666666666666, 24.453833333333332], [54.409666666666666, 24.45425], [54.409333333333336, 24.45425], [54.409333333333336, 24.454333333333334], [54.40925, 24.454333333333334], [54.40925, 24.4545], [54.409166666666664, 24.4545], [54.409166666666664, 24.454583333333332], [54.409, 24.454583333333332], [54.409, 24.45475], [54.408833333333334, 24.45475], [54.408833333333334, 24.454833333333333], [54.40841666666667, 24.454833333333333], [54.40841666666667, 24.454916666666666], [54.408166666666666, 24.454916666666666], [54.408166666666666, 24.454833333333333], [54.40775, 24.454833333333333], [54.40775, 24.454916666666666], [54.40725, 24.454916666666666], [54.40725, 24.455], [54.40716666666667, 24.455], [54.40716666666667, 24.455083333333334], [54.40708333333333, 24.455083333333334], [54.40708333333333, 24.455166666666667], [54.40691666666667, 24.455166666666667], [54.40691666666667, 24.455416666666668], [54.40675, 24.455416666666668], [54.40675, 24.4555], [54.40658333333334, 24.4555], [54.40658333333334, 24.455583333333333], [54.406416666666665, 24.455583333333333], [54.406416666666665, 24.456166666666668], [54.40675, 24.456166666666668], [54.40675, 24.456083333333332], [54.40691666666667, 24.456083333333332], [54.40691666666667, 24.456], [54.407000000000004, 24.456], [54.407000000000004, 24.455916666666667], [54.40725, 24.455916666666667], [54.40725, 24.455833333333334], [54.407333333333334, 24.455833333333334], [54.407333333333334, 24.45575], [54.40741666666667, 24.45575], [54.40741666666667, 24.455583333333333], [54.4075, 24.455583333333333], [54.4075, 24.455333333333332], [54.40775, 24.455333333333332], [54.40775, 24.45525], [54.407833333333336, 24.45525], [54.407833333333336, 24.455166666666667], [54.408500000000004, 24.455166666666667], [54.408500000000004, 24.455083333333334], [54.40875, 24.455083333333334], [54.40875, 24.455], [54.40891666666667, 24.455], [54.40891666666667, 24.454916666666666], [54.40925, 24.454916666666666], [54.40925, 24.454833333333333], [54.409333333333336, 24.454833333333333], [54.409333333333336, 24.45475], [54.409416666666665, 24.45475], [54.409416666666665, 24.454666666666668], [54.40958333333334, 24.454666666666668], [54.40958333333334, 24.454583333333332], [54.40975, 24.454583333333332], [54.40975, 24.454333333333334], [54.40983333333333, 24.454333333333334], [54.40983333333333, 24.454166666666666], [54.40991666666667, 24.454166666666666], [54.40991666666667, 24.453833333333332], [54.410000000000004, 24.453833333333332], [54.410000000000004, 24.453666666666667], [54.41016666666667, 24.453666666666667], [54.41016666666667, 24.453583333333334], [54.41025, 24.453583333333334], [54.41025, 24.4535], [54.410583333333335, 24.4535], [54.410583333333335, 24.453583333333334], [54.410666666666664, 24.453583333333334], [54.410666666666664, 24.453666666666667], [54.41075, 24.453666666666667], [54.41075, 24.454], [54.410583333333335, 24.454], [54.410583333333335, 24.454666666666668], [54.410666666666664, 24.454666666666668], [54.410666666666664, 24.455083333333334], [54.41075, 24.455083333333334], [54.41075, 24.4555], [54.410833333333336, 24.4555], [54.410833333333336, 24.455583333333333], [54.410916666666665, 24.455583333333333], [54.410916666666665, 24.455916666666667], [54.410833333333336, 24.455916666666667], [54.410833333333336, 24.456333333333333], [54.41075, 24.456333333333333], [54.41075, 24.456666666666667], [54.410666666666664, 24.456666666666667], [54.410666666666664, 24.456916666666668], [54.410583333333335, 24.456916666666668], [54.410583333333335, 24.457083333333333], [54.41041666666667, 24.457083333333333], [54.41041666666667, 24.457416666666667], [54.410333333333334, 24.457416666666667], [54.410333333333334, 24.457583333333332], [54.41025, 24.457583333333332], [54.41025, 24.45775], [54.41008333333333, 24.45775], [54.41008333333333, 24.457833333333333], [54.410000000000004, 24.457833333333333], [54.410000000000004, 24.45775], [54.40983333333333, 24.45775], [54.40983333333333, 24.457666666666668], [54.40975, 24.457666666666668], [54.40975, 24.457583333333332], [54.40958333333334, 24.457583333333332], [54.40958333333334, 24.4575], [54.4095, 24.4575], [54.4095, 24.457333333333334], [54.409333333333336, 24.457333333333334], [54.409333333333336, 24.4575], [54.40925, 24.4575], [54.40925, 24.457416666666667], [54.409083333333335, 24.457416666666667], [54.409083333333335, 24.457333333333334], [54.408833333333334, 24.457333333333334], [54.408833333333334, 24.45725], [54.40866666666667, 24.45725], [54.40866666666667, 24.457083333333333], [54.40858333333333, 24.457083333333333], [54.40858333333333, 24.457], [54.408500000000004, 24.457], [54.408500000000004, 24.456916666666668], [54.40833333333333, 24.456916666666668], [54.40833333333333, 24.456833333333332], [54.408166666666666, 24.456833333333332], [54.408166666666666, 24.457083333333333], [54.40833333333333, 24.457083333333333], [54.40833333333333, 24.457166666666666], [54.40841666666667, 24.457166666666666], [54.40841666666667, 24.45725], [54.40858333333333, 24.45725], [54.40858333333333, 24.457333333333334], [54.40866666666667, 24.457333333333334], [54.40866666666667, 24.457416666666667], [54.40891666666667, 24.457416666666667], [54.40891666666667, 24.4575], [54.409, 24.4575], [54.409, 24.457833333333333], [54.40866666666667, 24.457833333333333], [54.40866666666667, 24.458083333333335], [54.40858333333333, 24.458083333333335], [54.40858333333333, 24.458166666666667], [54.40825, 24.458166666666667]], [[54.406666666666666, 24.45725], [54.40675, 24.45725], [54.40675, 24.457166666666666], [54.406666666666666, 24.457166666666666], [54.406666666666666, 24.45725]]]}}, {"type": "Feature", "properties": {"stand": "ADW4"}, "geometry": {"type": "Polygon", "coordinates": [[[54.42008333333333, 24.455333333333332], [54.42008333333333, 24.455166666666667], [54.419666666666664, 24.455166666666667], [54.419666666666664, 24.45525], [54.419583333333335, 24.45525], [54.419583333333335, 24.455166666666667], [54.419333333333334, 24.455166666666667], [54.419333333333334, 24.45525], [54.41925, 24.45525], [54.41925, 24.455166666666667], [54.41916666666667, 24.455166666666667], [54.41916666666667, 24.45525], [54.41908333333333, 24.45525], [54.41908333333333, 24.455166666666667], [54.419000000000004, 24.455166666666667], [54.419000000000004, 24.455083333333334], [54.41891666666667, 24.455083333333334], [54.41891666666667, 24.455166666666667], [54.41883333333333, 24.455166666666667], [54.41883333333333, 24.455083333333334], [54.41866666666667, 24.455083333333334], [54.41866666666667, 24.455], [54.41833333333334, 24.455], [54.41833333333334, 24.454916666666666], [54.418166666666664, 24.454916666666666], [54.418166666666664, 24.455], [54.418083333333335, 24.455], [54.418083333333335, 24.454916666666666], [54.41791666666667, 24.454916666666666], [54.41791666666667, 24.454833333333333], [54.41775, 24.454833333333333], [54.41775, 24.45475], [54.41758333333333, 24.45475], [54.41758333333333, 24.454583333333332], [54.41741666666667, 24.454583333333332], [54.41741666666667, 24.4545], [54.41733333333333, 24.4545], [54.41733333333333, 24.454416666666667], [54.41716666666667, 24.454416666666667], [54.41716666666667, 24.454333333333334], [54.417, 24.454333333333334], [54.417, 24.45425], [54.416916666666665, 24.45425], [54.416916666666665, 24.454166666666666], [54.41683333333334, 24.454166666666666], [54.41683333333334, 24.454083333333333], [54.41675, 24.454083333333333], [54.41675, 24.454], [54.416666666666664, 24.454], [54.416666666666664, 24.45375], [54.416583333333335, 24.45375], [54.416583333333335, 24.453666666666667], [54.4165, 24.453666666666667], [54.4165, 24.453583333333334], [54.41641666666667, 24.453583333333334], [54.41641666666667, 24.4535], [54.416333333333334, 24.4535], [54.416333333333334, 24.453416666666666], [54.41625, 24.453416666666666], [54.41625, 24.453166666666668], [54.41616666666667, 24.453166666666668], [54.41616666666667, 24.452916666666667], [54.41608333333333, 24.452916666666667], [54.41608333333333, 24.452583333333333], [54.416000000000004, 24.452583333333333], [54.416000000000004, 24.4525], [54.41608333333333, 24.4525], [54.41608333333333, 24.452], [54.416000000000004, 24.452], [54.416000000000004, 24.451833333333333], [54.41608333333333, 24.451833333333333], [54.41608333333333, 24.45125], [54.41616666666667, 24.45125], [54.41616666666667, 24.451166666666666], [54.41608333333333, 24.451166666666666], [54.41608333333333, 24.451083333333333], [54.41616666666667, 24.451083333333333], [54.41616666666667, 24.451], [54.416333333333334, 24.451], [54.416333333333334, 24.45075], [54.41641666666667, 24.45075], [54.41641666666667, 24.450666666666667], [54.4165, 24.450666666666667], [54.4165, 24.450416666666666], [54.416583333333335, 24.450416666666666], [54.416583333333335, 24.450333333333333], [54.416666666666664, 24.450333333333333], [54.416666666666664, 24.45025], [54.41675, 24.45025], [54.41675, 24.450166666666668], [54.41683333333334, 24.450166666666668], [54.41683333333334, 24.450083333333332], [54.416916666666665, 24.450083333333332], [54.416916666666665, 24.45], [54.417, 24.45], [54.417, 24.449916666666667], [54.41708333333333, 24.449916666666667], [54.41708333333333, 24.449833333333334], [54.41733333333333, 24.449833333333334], [54.41733333333333, 24.44975], [54.41741666666667, 24.44975], [54.41741666666667, 24.449666666666666], [54.41758333333333, 24.449666666666666], [54.41758333333333, 24.449583333333333], [54.41775, 24.449583333333333], [54.41775, 24.4495], [54.418, 24.4495], [54.418, 24.449416666666668], [54.41833333333334, 24.449416666666668], [54.41833333333334, 24.449333333333332], [54.41983333333334, 24.449333333333332], [54.41983333333334, 24.449416666666668], [54.42008333333333, 24.449416666666668], [54.42008333333333, 24.4495], [54.42066666666667, 24.4495], [54.42066666666667, 24.449583333333333], [54.42091666666667, 24.449583333333333], [54.42091666666667, 24.449666666666666], [54.421, 24.449666666666666], [54.421, 24.44975], [54.42125, 24.44975], [54.42125, 24.449833333333334], [54.42133333333334, 24.449833333333334], [54.42133333333334, 24.449916666666667], [54.42158333333333, 24.449916666666667], [54.42158333333333, 24.45], [54.42166666666667, 24.45], [54.42166666666667, 24.450083333333332], [54.42183333333333, 24.450083333333332], [54.42183333333333, 24.450166666666668], [54.42191666666667, 24.450166666666668], [54.42191666666667, 24.45025], [54.42208333333333, 24.45025], [54.42208333333333, 24.450333333333333], [54.42216666666667, 24.450333333333333], [54.42216666666667, 24.450416666666666], [54.42225, 24.450416666666666], [54.42225, 24.450583333333334], [54.422333333333334, 24.450583333333334], [54.422333333333334, 24.45075], [54.42241666666667, 24.45075], [54.42241666666667, 24.450833333333332], [54.4225, 24.450833333333332], [54.4225, 24.451], [54.422666666666665, 24.451], [54.422666666666665, 24.45125], [54.42275, 24.45125], [54.42275, 24.451333333333334], [54.42283333333334, 24.451333333333334], [54.42283333333334, 24.451583333333332], [54.422666666666665, 24.451583333333332], [54.422666666666665, 24.451666666666668], [54.42275, 24.451666666666668], [54.42275, 24.45175], [54.42283333333334, 24.45175], [54.42283333333334, 24.451833333333333], [54.422916666666666, 24.451833333333333], [54.422916666666666, 24.4525], [54.42283333333334, 24.4525], [54.42283333333334, 24.45325], [54.42275, 24.45325], [54.42275, 24.4535], [54.422666666666665, 24.4535], [54.422666666666665, 24.453833333333332], [54.422583333333336, 24.453833333333332], [54.422583333333336, 24.453916666666668], [54.42241666666667, 24.453916666666668], [54.42241666666667, 24.454083333333333], [54.422333333333334, 24.454083333333333], [54.422333333333334, 24.454166666666666], [54.42225, 24.454166666666666], [54.42225, 24.454333333333334], [54.42216666666667, 24.454333333333334], [54.42216666666667, 24.454416666666667], [54.42208333333333, 24.454416666666667], [54.42208333333333, 24.4545], [54.42191666666667, 24.4545], [54.42191666666667, 24.454583333333332], [54.42183333333333, 24.454583333333332], [54.42183333333333, 24.454666666666668], [54.42175, 24.454666666666668], [54.42175, 24.45475], [54.42158333333333, 24.45475], [54.42158333333333, 24.454833333333333], [54.421416666666666, 24.454833333333333], [54.421416666666666, 24.454916666666666], [54.42125, 24.454916666666666], [54.42125, 24.455083333333334], [54.421166666666664, 24.455083333333334], [54.421166666666664, 24.455166666666667], [54.421083333333335, 24.455166666666667], [54.421083333333335, 24.455083333333334], [54.421, 24.455083333333334], [54.421, 24.455], [54.42091666666667, 24.455], [54.42091666666667, 24.455166666666667], [54.420833333333334, 24.455166666666667], [54.420833333333334, 24.45525], [54.42075, 24.45525], [54.42075, 24.455166666666667], [54.42066666666667, 24.455166666666667], [54.42066666666667, 24.45525], [54.42025, 24.45525], [54.42025, 24.455333333333332], [54.42008333333333, 24.455333333333332]], [[54.42075, 24.454916666666666], [54.420833333333334, 24.454916666666666], [54.420833333333334, 24.454833333333333], [54.42075, 24.454833333333333], [54.42075, 24.454916666666666]], [[54.42075, 24.45425], [54.420833333333334, 24.45425], [54.420833333333334, 24.454166666666666], [54.42075, 24.454166666666666], [54.42075, 24.45425]], [[54.42091666666667, 24.454], [54.421, 24.454], [54.421, 24.453833333333332], [54.421083333333335, 24.453833333333332], [54.421083333333335, 24.45375], [54.42091666666667, 24.45375], [54.42091666666667, 24.453833333333332], [54.420833333333334, 24.453833333333332], [54.420833333333334, 24.453916666666668], [54.42091666666667, 24.453916666666668], [54.42091666666667, 24.454]], [[54.42125, 24.4535], [54.42133333333334, 24.4535], [54.42133333333334, 24.453416666666666], [54.42125, 24.453416666666666], [54.42125, 24.4535]], [[54.421416666666666, 24.453416666666666], [54.4215, 24.453416666666666], [54.4215, 24.453333333333333], [54.421416666666666, 24.453333333333333], [54.421416666666666, 24.453416666666666]]]}}, {"type": "Feature", "properties": {"stand": "ADW19"}, "geometry": {"type": "Polygon", "coordinates": [[[54.44408333333333, 24.448416666666667], [54.44408333333333, 24.448333333333334], [54.443666666666665, 24.448333333333334], [54.443666666666665, 24.448166666666665], [54.4435, 24.448166666666665], [54.4435, 24.448083333333333], [54.443416666666664, 24.448083333333333], [54.443416666666664, 24.448], [54.443333333333335, 24.448], [54.443333333333335, 24.447916666666668], [54.443, 24.447916666666668], [54.443, 24.44783333333333], [54.44291666666667, 24.44783333333333], [54.44291666666667, 24.447666666666667], [54.44283333333333, 24.447666666666667], [54.44283333333333, 24.4475], [54.44291666666667, 24.4475], [54.44291666666667, 24.447416666666665], [54.44283333333333, 24.447416666666665], [54.44283333333333, 24.44725], [54.442750000000004, 24.44725], [54.442750000000004, 24.447166666666668], [54.44266666666667, 24.447166666666668], [54.44266666666667, 24.44708333333333], [54.443583333333336, 24.44708333333333], [54.443583333333336, 24.447], [54.443666666666665, 24.447], [54.443666666666665, 24.446916666666667], [54.44391666666667, 24.446916666666667], [54.44391666666667, 24.446833333333334], [54.44416666666667, 24.446833333333334], [54.44416666666667, 24.44675], [54.4445, 24.44675], [54.4445, 24.446666666666665], [54.444583333333334, 24.446666666666665], [54.444583333333334, 24.44675], [54.44466666666667, 24.44675], [54.44466666666667, 24.44725], [54.44475, 24.44725], [54.44475, 24.447333333333333], [54.444916666666664, 24.447333333333333], [54.444916666666664, 24.447416666666665], [54.445, 24.447416666666665], [54.445, 24.4475], [54.445083333333336, 24.4475], [54.445083333333336, 24.447583333333334], [54.445166666666665, 24.447583333333334], [54.445166666666665, 24.447666666666667], [54.44525, 24.447666666666667], [54.44525, 24.448], [54.445166666666665, 24.448], [54.445166666666665, 24.448083333333333], [54.444833333333335, 24.448083333333333], [54.444833333333335, 24.448166666666665], [54.44466666666667, 24.448166666666665], [54.44466666666667, 24.448333333333334], [54.444250000000004, 24.448333333333334], [54.444250000000004, 24.448416666666667], [54.44408333333333, 24.448416666666667]]]}}, {"type": "Feature", "properties": {"stand": "ADW10"}, "geometry": {"type": "Polygon", "coordinates": [[[54.41875, 24.449166666666667], [54.41875, 24.449083333333334], [54.418416666666666, 24.449083333333334], [54.418416666666666, 24.449], [54.418083333333335, 24.449], [54.418083333333335, 24.449083333333334], [54.418, 24.449083333333334], [54.418, 24.449], [54.41775, 24.449], [54.41775, 24.448916666666666], [54.41758333333333, 24.448916666666666], [54.41758333333333, 24.448833333333333], [54.41725, 24.448833333333333], [54.41725, 24.44875], [54.41716666666667, 24.44875], [54.41716666666667, 24.448666666666668], [54.416916666666665, 24.448666666666668], [54.416916666666665, 24.448583333333332], [54.41683333333334, 24.448583333333332], [54.41683333333334, 24.4485], [54.416666666666664, 24.4485], [54.416666666666664, 24.448333333333334], [54.416583333333335, 24.448333333333334], [54.416583333333335, 24.44825], [54.4165, 24.44825], [54.4165, 24.448166666666665], [54.416333333333334, 24.448166666666665], [54.416333333333334, 24.448], [54.41625, 24.448], [54.41625, 24.447916666666668], [54.41616666666667, 24.447916666666668], [54.41616666666667, 24.44783333333333], [54.41608333333333, 24.44783333333333], [54.41608333333333, 24.447666666666667], [54.416000000000004, 24.447666666666667], [54.416000000000004, 24.4475], [54.41591666666667, 24.4475], [54.41591666666667, 24.447166666666668], [54.41608333333333, 24.447166666666668], [54.41608333333333, 24.44708333333333], [54.41616666666667, 24.44708333333333], [54.41616666666667, 24.447], [54.41625, 24.447], [54.41625, 24.446916666666667], [54.4165, 24.446916666666667], [54.4165, 24.446833333333334], [54.416583333333335, 24.446833333333334], [54.416583333333335, 24.44675], [54.41708333333333, 24.44675], [54.41708333333333, 24.446833333333334], [54.417833333333334, 24.446833333333334], [54.417833333333334, 24.44675], [54.41833333333334, 24.44675], [54.41833333333334, 24.446666666666665], [54.41883333333333, 24.446666666666665], [54.41883333333333, 24.44675], [54.41891666666667, 24.44675], [54.41891666666667, 24.446833333333334], [54.41908333333333, 24.446833333333334], [54.41908333333333, 24.44675], [54.41916666666667, 24.44675], [54.41916666666667, 24.446833333333334], [54.41941666666667, 24.446833333333334], [54.41941666666667, 24.44675], [54.4195, 24.44675], [54.4195, 24.446833333333334], [54.419666666666664, 24.446833333333334], [54.419666666666664, 24.446916666666667], [54.41983333333334, 24.446916666666667], [54.41983333333334, 24.446833333333334], [54.42008333333333, 24.446833333333334], [54.42008333333333, 24.44675], [54.419583333333335, 24.44675], [54.419583333333335, 24.446666666666665], [54.4195, 24.446666666666665], [54.4195, 24.446583333333333], [54.41941666666667, 24.446583333333333], [54.41941666666667, 24.4465], [54.419333333333334, 24.4465], [54.419333333333334, 24.446416666666668], [54.41925, 24.446416666666668], [54.41925, 24.44633333333333], [54.41916666666667, 24.44633333333333], [54.41916666666667, 24.44625], [54.41908333333333, 24.44625], [54.41908333333333, 24.446166666666667], [54.419000000000004, 24.446166666666667], [54.419000000000004, 24.446083333333334], [54.41891666666667, 24.446083333333334], [54.41891666666667, 24.446], [54.41883333333333, 24.446], [54.41883333333333, 24.445916666666665], [54.419000000000004, 24.445916666666665], [54.419000000000004, 24.445833333333333], [54.41916666666667, 24.445833333333333], [54.41916666666667, 24.44575], [54.419333333333334, 24.44575], [54.419333333333334, 24.445666666666668], [54.419583333333335, 24.445666666666668], [54.419583333333335, 24.44558333333333], [54.41975, 24.44558333333333], [54.41975, 24.445416666666667], [54.42, 24.445416666666667], [54.42, 24.4455], [54.42016666666667, 24.4455], [54.42016666666667, 24.445333333333334], [54.42041666666667, 24.445333333333334], [54.42041666666667, 24.445416666666667], [54.42058333333333, 24.445416666666667], [54.42058333333333, 24.44525], [54.42075, 24.44525], [54.42075, 24.445166666666665], [54.42091666666667, 24.445166666666665], [54.42091666666667, 24.445083333333333], [54.421166666666664, 24.445083333333333], [54.421166666666664, 24.445], [54.42158333333333, 24.445], [54.42158333333333, 24.445083333333333], [54.42166666666667, 24.445083333333333], [54.42166666666667, 24.445416666666667], [54.42175, 24.445416666666667], [54.42175, 24.445666666666668], [54.42183333333333, 24.445666666666668], [54.42183333333333, 24.446666666666665], [54.42166666666667, 24.446666666666665], [54.42166666666667, 24.446583333333333], [54.421416666666666, 24.446583333333333], [54.421416666666666, 24.4465], [54.42125, 24.4465], [54.42125, 24.446416666666668], [54.421, 24.446416666666668], [54.421, 24.44633333333333], [54.42091666666667, 24.44633333333333], [54.42091666666667, 24.44625], [54.42066666666667, 24.44625], [54.42066666666667, 24.446166666666667], [54.420500000000004, 24.446166666666667], [54.420500000000004, 24.44625], [54.42041666666667, 24.44625], [54.42041666666667, 24.446416666666668], [54.42033333333333, 24.446416666666668], [54.42033333333333, 24.446666666666665], [54.42041666666667, 24.446666666666665], [54.42041666666667, 24.446583333333333], [54.420500000000004, 24.446583333333333], [54.420500000000004, 24.4465], [54.420833333333334, 24.4465], [54.420833333333334, 24.446583333333333], [54.421166666666664, 24.446583333333333], [54.421166666666664, 24.446666666666665], [54.4215, 24.446666666666665], [54.4215, 24.44675], [54.42158333333333, 24.44675], [54.42158333333333, 24.446833333333334], [54.42183333333333, 24.446833333333334], [54.42183333333333, 24.44708333333333], [54.42166666666667, 24.44708333333333], [54.42166666666667, 24.447416666666665], [54.42158333333333, 24.447416666666665], [54.42158333333333, 24.447666666666667], [54.4215, 24.447666666666667], [54.4215, 24.44775], [54.421416666666666, 24.44775], [54.421416666666666, 24.447916666666668], [54.42125, 24.447916666666668], [54.42125, 24.448], [54.421166666666664, 24.448], [54.421166666666664, 24.448166666666665], [54.421083333333335, 24.448166666666665], [54.421083333333335, 24.44825], [54.421, 24.44825], [54.421, 24.448333333333334], [54.42091666666667, 24.448333333333334], [54.42091666666667, 24.448416666666667], [54.42075, 24.448416666666667], [54.42075, 24.4485], [54.42058333333333, 24.4485], [54.42058333333333, 24.448666666666668], [54.420500000000004, 24.448666666666668], [54.420500000000004, 24.44875], [54.42025, 24.44875], [54.42025, 24.448833333333333], [54.42016666666667, 24.448833333333333], [54.42016666666667, 24.448916666666666], [54.419916666666666, 24.448916666666666], [54.419916666666666, 24.449], [54.419583333333335, 24.449], [54.419583333333335, 24.449083333333334], [54.4195, 24.449083333333334], [54.4195, 24.449166666666667], [54.41941666666667, 24.449166666666667], [54.41941666666667, 24.449083333333334], [54.41916666666667, 24.449083333333334], [54.41916666666667, 24.449166666666667], [54.41908333333333, 24.449166666666667], [54.41908333333333, 24.449083333333334], [54.419000000000004, 24.449083333333334], [54.419000000000004, 24.449166666666667], [54.41891666666667, 24.449166666666667], [54.41891666666667, 24.449083333333334], [54.41883333333333, 24.449083333333334], [54.41883333333333, 24.449166666666667], [54.41875, 24.449166666666667]]]}}, {"type": "Feature", "properties": {"stand": "ADW1"}, "geometry": {"type": "Polygon", "coordinates": [[[54.414, 24.468083333333333], [54.414, 24.468], [54.413833333333336, 24.468], [54.413833333333336, 24.467916666666667], [54.413666666666664, 24.467916666666667], [54.413666666666664, 24.467833333333335], [54.413583333333335, 24.467833333333335], [54.413583333333335, 24.46775], [54.4135, 24.46775], [54.4135, 24.467583333333334], [54.41341666666667, 24.467583333333334], [54.41341666666667, 24.467416666666665], [54.413333333333334, 24.467416666666665], [54.413333333333334, 24.467333333333332], [54.41325, 24.467333333333332], [54.41325, 24.46725], [54.41316666666667, 24.46725], [54.41316666666667, 24.467166666666667], [54.413000000000004, 24.467166666666667], [54.413000000000004, 24.467083333333335], [54.41291666666667, 24.467083333333335], [54.41291666666667, 24.466833333333334], [54.41283333333333, 24.466833333333334], [54.41283333333333, 24.466666666666665], [54.41291666666667, 24.466666666666665], [54.41291666666667, 24.466333333333335], [54.413000000000004, 24.466333333333335], [54.413000000000004, 24.466083333333334], [54.41325, 24.466083333333334], [54.41325, 24.466], [54.413333333333334, 24.466], [54.413333333333334, 24.465916666666665], [54.41341666666667, 24.465916666666665], [54.41341666666667, 24.46575], [54.4135, 24.46575], [54.4135, 24.465666666666667], [54.413666666666664, 24.465666666666667], [54.413666666666664, 24.4655], [54.41375, 24.4655], [54.41375, 24.465333333333334], [54.413833333333336, 24.465333333333334], [54.413833333333336, 24.465083333333332], [54.413916666666665, 24.465083333333332], [54.413916666666665, 24.464916666666667], [54.41408333333333, 24.464916666666667], [54.41408333333333, 24.46475], [54.41416666666667, 24.46475], [54.41416666666667, 24.464583333333334], [54.41425, 24.464583333333334], [54.41425, 24.4645], [54.41433333333333, 24.4645], [54.41433333333333, 24.46425], [54.41441666666667, 24.46425], [54.41441666666667, 24.464166666666667], [54.41458333333333, 24.464166666666667], [54.41458333333333, 24.464083333333335], [54.41466666666667, 24.464083333333335], [54.41466666666667, 24.463833333333334], [54.41458333333333, 24.463833333333334], [54.41458333333333, 24.463416666666667], [54.414500000000004, 24.463416666666667], [54.414500000000004, 24.463333333333335], [54.41441666666667, 24.463333333333335], [54.41441666666667, 24.46325], [54.41433333333333, 24.46325], [54.41433333333333, 24.463333333333335], [54.41408333333333, 24.463333333333335], [54.41408333333333, 24.463416666666667], [54.413666666666664, 24.463416666666667], [54.413666666666664, 24.463333333333335], [54.413583333333335, 24.463333333333335], [54.413583333333335, 24.463416666666667], [54.41316666666667, 24.463416666666667], [54.41316666666667, 24.462833333333332], [54.413333333333334, 24.462833333333332], [54.413333333333334, 24.462666666666667], [54.41308333333333, 24.462666666666667], [54.41308333333333, 24.462583333333335], [54.41316666666667, 24.462583333333335], [54.41316666666667, 24.462416666666666], [54.41325, 24.462416666666666], [54.41325, 24.462333333333333], [54.413333333333334, 24.462333333333333], [54.413333333333334, 24.46216666666667], [54.41341666666667, 24.46216666666667], [54.41341666666667, 24.462], [54.413333333333334, 24.462], [54.413333333333334, 24.461916666666667], [54.41341666666667, 24.461916666666667], [54.41341666666667, 24.461833333333335], [54.4135, 24.461833333333335], [54.4135, 24.46175], [54.413583333333335, 24.46175], [54.413583333333335, 24.461583333333333], [54.41375, 24.461583333333333], [54.41375, 24.46141666666667], [54.413833333333336, 24.46141666666667], [54.413833333333336, 24.461333333333332], [54.413916666666665, 24.461333333333332], [54.413916666666665, 24.46125], [54.414, 24.46125], [54.414, 24.461166666666667], [54.41408333333333, 24.461166666666667], [54.41408333333333, 24.461083333333335], [54.41425, 24.461083333333335], [54.41425, 24.461], [54.41441666666667, 24.461], [54.41441666666667, 24.460916666666666], [54.414500000000004, 24.460916666666666], [54.414500000000004, 24.460833333333333], [54.41475, 24.460833333333333], [54.41475, 24.46075], [54.414833333333334, 24.46075], [54.414833333333334, 24.460583333333332], [54.41491666666667, 24.460583333333332], [54.41491666666667, 24.46066666666667], [54.415083333333335, 24.46066666666667], [54.415083333333335, 24.4605], [54.415333333333336, 24.4605], [54.415333333333336, 24.460583333333332], [54.415416666666665, 24.460583333333332], [54.415416666666665, 24.460416666666667], [54.41575, 24.460416666666667], [54.41575, 24.4605], [54.416916666666665, 24.4605], [54.416916666666665, 24.460583333333332], [54.41716666666667, 24.460583333333332], [54.41716666666667, 24.46066666666667], [54.417500000000004, 24.46066666666667], [54.417500000000004, 24.46075], [54.41758333333333, 24.46075], [54.41758333333333, 24.460833333333333], [54.41775, 24.460833333333333], [54.41775, 24.460916666666666], [54.41791666666667, 24.460916666666666], [54.41791666666667, 24.461], [54.418083333333335, 24.461], [54.418083333333335, 24.461166666666667], [54.418166666666664, 24.461166666666667], [54.418166666666664, 24.461333333333332], [54.418083333333335, 24.461333333333332], [54.418083333333335, 24.46141666666667], [54.417833333333334, 24.46141666666667], [54.417833333333334, 24.4615], [54.41758333333333, 24.4615], [54.41758333333333, 24.461583333333333], [54.417500000000004, 24.461583333333333], [54.417500000000004, 24.461666666666666], [54.41741666666667, 24.461666666666666], [54.41741666666667, 24.461583333333333], [54.41733333333333, 24.461583333333333], [54.41733333333333, 24.461666666666666], [54.41708333333333, 24.461666666666666], [54.41708333333333, 24.46175], [54.41675, 24.46175], [54.41675, 24.461833333333335], [54.4165, 24.461833333333335], [54.4165, 24.461916666666667], [54.416333333333334, 24.461916666666667], [54.416333333333334, 24.462], [54.41625, 24.462], [54.41625, 24.462083333333332], [54.41616666666667, 24.462083333333332], [54.41616666666667, 24.46225], [54.41625, 24.46225], [54.41625, 24.462333333333333], [54.416916666666665, 24.462333333333333], [54.416916666666665, 24.46225], [54.41725, 24.46225], [54.41725, 24.462333333333333], [54.41733333333333, 24.462333333333333], [54.41733333333333, 24.462416666666666], [54.41741666666667, 24.462416666666666], [54.41741666666667, 24.462333333333333], [54.42, 24.462333333333333], [54.42, 24.46225], [54.42008333333333, 24.46225], [54.42008333333333, 24.46216666666667], [54.42091666666667, 24.46216666666667], [54.42091666666667, 24.46225], [54.421, 24.46225], [54.421, 24.462333333333333], [54.421416666666666, 24.462333333333333], [54.421416666666666, 24.46216666666667], [54.4215, 24.46216666666667], [54.4215, 24.462083333333332], [54.421416666666666, 24.462083333333332], [54.421416666666666, 24.462], [54.42133333333334, 24.462], [54.42133333333334, 24.462083333333332], [54.42125, 24.462083333333332], [54.42125, 24.462], [54.421166666666664, 24.462], [54.421166666666664, 24.462083333333332], [54.421083333333335, 24.462083333333332], [54.421083333333335, 24.462], [54.42091666666667, 24.462], [54.42091666666667, 24.462083333333332], [54.42066666666667, 24.462083333333332], [54.42066666666667, 24.462], [54.420500000000004, 24.462], [54.420500000000004, 24.462083333333332], [54.42041666666667, 24.462083333333332], [54.42041666666667, 24.462], [54.42033333333333, 24.462], [54.42033333333333, 24.462083333333332], [54.42025, 24.462083333333332], [54.42025, 24.462], [54.42008333333333, 24.462], [54.42008333333333, 24.462083333333332], [54.419916666666666, 24.462083333333332], [54.419916666666666, 24.462], [54.419583333333335, 24.462], [54.419583333333335, 24.461916666666667], [54.41941666666667, 24.461916666666667], [54.41941666666667, 24.461583333333333], [54.419666666666664, 24.461583333333333], [54.419666666666664, 24.4615], [54.41983333333334, 24.4615], [54.41983333333334, 24.46141666666667], [54.42, 24.46141666666667], [54.42, 24.461333333333332], [54.42033333333333, 24.461333333333332], [54.42033333333333, 24.46125], [54.420500000000004, 24.46125], [54.420500000000004, 24.461166666666667], [54.42075, 24.461166666666667], [54.42075, 24.461083333333335], [54.42225, 24.461083333333335], [54.42225, 24.461166666666667], [54.4225, 24.461166666666667], [54.4225, 24.46125], [54.422583333333336, 24.46125], [54.422583333333336, 24.461333333333332], [54.42283333333334, 24.461333333333332], [54.42283333333334, 24.46141666666667], [54.423, 24.46141666666667], [54.423, 24.4615], [54.42316666666667, 24.4615], [54.42316666666667, 24.461666666666666], [54.42341666666667, 24.461666666666666], [54.42341666666667, 24.46175], [54.4235, 24.46175], [54.4235, 24.461833333333335], [54.42358333333333, 24.461833333333335], [54.42358333333333, 24.462], [54.4235, 24.462], [54.4235, 24.462083333333332], [54.42325, 24.462083333333332], [54.42325, 24.46225], [54.42316666666667, 24.46225], [54.42316666666667, 24.462416666666666], [54.42283333333334, 24.462416666666666], [54.42283333333334, 24.462666666666667], [54.42275, 24.462666666666667], [54.42275, 24.46275], [54.422666666666665, 24.46275], [54.422666666666665, 24.46291666666667], [54.422583333333336, 24.46291666666667], [54.422583333333336, 24.463], [54.4225, 24.463], [54.4225, 24.46325], [54.422583333333336, 24.46325], [54.422583333333336, 24.463166666666666], [54.422666666666665, 24.463166666666666], [54.422666666666665, 24.463], [54.42283333333334, 24.463], [54.42283333333334, 24.46291666666667], [54.423, 24.46291666666667], [54.423, 24.46275], [54.42308333333333, 24.46275], [54.42308333333333, 24.462583333333335], [54.42325, 24.462583333333335], [54.42325, 24.462416666666666], [54.4235, 24.462416666666666], [54.4235, 24.46225], [54.42391666666667, 24.46225], [54.42391666666667, 24.462333333333333], [54.424083333333336, 24.462333333333333], [54.424083333333336, 24.46225], [54.42575, 24.46225], [54.42575, 24.462333333333333], [54.42583333333334, 24.462333333333333], [54.42583333333334, 24.462416666666666], [54.425916666666666, 24.462416666666666], [54.425916666666666, 24.46216666666667], [54.42625, 24.46216666666667], [54.42625, 24.462083333333332], [54.42633333333333, 24.462083333333332], [54.42633333333333, 24.461916666666667], [54.42625, 24.461916666666667], [54.42625, 24.461833333333335], [54.42633333333333, 24.461833333333335], [54.42633333333333, 24.46125], [54.42641666666667, 24.46125], [54.42641666666667, 24.461], [54.42658333333333, 24.461], [54.42658333333333, 24.46075], [54.42666666666667, 24.46075], [54.42666666666667, 24.46066666666667], [54.42675, 24.46066666666667], [54.42675, 24.4605], [54.426833333333335, 24.4605], [54.426833333333335, 24.460416666666667], [54.42691666666667, 24.460416666666667], [54.42691666666667, 24.460166666666666], [54.427083333333336, 24.460166666666666], [54.427083333333336, 24.460083333333333], [54.427166666666665, 24.460083333333333], [54.427166666666665, 24.46], [54.42725, 24.46], [54.42725, 24.45991666666667], [54.42733333333334, 24.45991666666667], [54.42733333333334, 24.459833333333332], [54.42758333333333, 24.459833333333332], [54.42758333333333, 24.45975], [54.42766666666667, 24.45975], [54.42766666666667, 24.459666666666667], [54.42783333333333, 24.459666666666667], [54.42783333333333, 24.459583333333335], [54.42791666666667, 24.459583333333335], [54.42791666666667, 24.4595], [54.42825, 24.4595], [54.42825, 24.459416666666666], [54.428583333333336, 24.459416666666666], [54.428583333333336, 24.459333333333333], [54.429833333333335, 24.459333333333333], [54.429833333333335, 24.458833333333335], [54.42991666666667, 24.458833333333335], [54.42991666666667, 24.4585], [54.430083333333336, 24.4585], [54.430083333333336, 24.45825], [54.430166666666665, 24.45825], [54.430166666666665, 24.458166666666667], [54.43025, 24.458166666666667], [54.43025, 24.458083333333335], [54.430166666666665, 24.458083333333335], [54.430166666666665, 24.457916666666666], [54.43025, 24.457916666666666], [54.43025, 24.457666666666668], [54.430166666666665, 24.457666666666668], [54.430166666666665, 24.457583333333332], [54.43025, 24.457583333333332], [54.43025, 24.457333333333334], [54.43033333333334, 24.457333333333334], [54.43033333333334, 24.457166666666666], [54.4305, 24.457166666666666], [54.4305, 24.456916666666668], [54.43058333333333, 24.456916666666668], [54.43058333333333, 24.456833333333332], [54.43066666666667, 24.456833333333332], [54.43066666666667, 24.456666666666667], [54.43075, 24.456666666666667], [54.43075, 24.456583333333334], [54.43091666666667, 24.456583333333334], [54.43091666666667, 24.456416666666666], [54.431, 24.456416666666666], [54.431, 24.456333333333333], [54.43108333333333, 24.456333333333333], [54.43108333333333, 24.456166666666668], [54.43116666666667, 24.456166666666668], [54.43116666666667, 24.456083333333332], [54.43125, 24.456083333333332], [54.43125, 24.456], [54.4315, 24.456], [54.4315, 24.455916666666667], [54.431583333333336, 24.455916666666667], [54.431583333333336, 24.455833333333334], [54.43175, 24.455833333333334], [54.43175, 24.45575], [54.43183333333334, 24.45575], [54.43183333333334, 24.455666666666666], [54.431916666666666, 24.455666666666666], [54.431916666666666, 24.455583333333333], [54.432, 24.455583333333333], [54.432, 24.455416666666668], [54.43208333333333, 24.455416666666668], [54.43208333333333, 24.455333333333332], [54.43216666666667, 24.455333333333332], [54.43216666666667, 24.45525], [54.43225, 24.45525], [54.43225, 24.455], [54.43241666666667, 24.455], [54.43241666666667, 24.454916666666666], [54.4325, 24.454916666666666], [54.4325, 24.454833333333333], [54.43241666666667, 24.454833333333333], [54.43241666666667, 24.45475], [54.4325, 24.45475], [54.4325, 24.454666666666668], [54.43258333333333, 24.454666666666668], [54.43258333333333, 24.4545], [54.432833333333335, 24.4545], [54.432833333333335, 24.454583333333332], [54.43358333333333, 24.454583333333332], [54.43358333333333, 24.4545], [54.4335, 24.4545], [54.4335, 24.454416666666667], [54.433, 24.454416666666667], [54.433, 24.454333333333334], [54.432833333333335, 24.454333333333334], [54.432833333333335, 24.454416666666667], [54.43266666666667, 24.454416666666667], [54.43266666666667, 24.45425], [54.432833333333335, 24.45425], [54.432833333333335, 24.454166666666666], [54.432916666666664, 24.454166666666666], [54.432916666666664, 24.454083333333333], [54.432833333333335, 24.454083333333333], [54.432833333333335, 24.454], [54.432916666666664, 24.454], [54.432916666666664, 24.453916666666668], [54.433, 24.453916666666668], [54.433, 24.453166666666668], [54.433083333333336, 24.453166666666668], [54.433083333333336, 24.453], [54.43325, 24.453], [54.43325, 24.4525], [54.433166666666665, 24.4525], [54.433166666666665, 24.452416666666668], [54.43325, 24.452416666666668], [54.43325, 24.452333333333332], [54.43333333333334, 24.452333333333332], [54.43333333333334, 24.452083333333334], [54.433416666666666, 24.452083333333334], [54.433416666666666, 24.451833333333333], [54.4335, 24.451833333333333], [54.4335, 24.45175], [54.43366666666667, 24.45175], [54.43366666666667, 24.451583333333332], [54.43375, 24.451583333333332], [54.43375, 24.4515], [54.43383333333333, 24.4515], [54.43383333333333, 24.45125], [54.43391666666667, 24.45125], [54.43391666666667, 24.451166666666666], [54.434083333333334, 24.451166666666666], [54.434083333333334, 24.451083333333333], [54.43416666666667, 24.451083333333333], [54.43416666666667, 24.451], [54.43425, 24.451], [54.43425, 24.450916666666668], [54.434333333333335, 24.450916666666668], [54.434333333333335, 24.450833333333332], [54.434416666666664, 24.450833333333332], [54.434416666666664, 24.45075], [54.434666666666665, 24.45075], [54.434666666666665, 24.450666666666667], [54.43475, 24.450666666666667], [54.43475, 24.450583333333334], [54.434916666666666, 24.450583333333334], [54.434916666666666, 24.4505], [54.43508333333333, 24.4505], [54.43508333333333, 24.450416666666666], [54.43533333333333, 24.450416666666666], [54.43533333333333, 24.450333333333333], [54.43566666666667, 24.450333333333333], [54.43566666666667, 24.45025], [54.43575, 24.45025], [54.43575, 24.450166666666668], [54.436, 24.450166666666668], [54.436, 24.450083333333332], [54.43633333333334, 24.450083333333332], [54.43633333333334, 24.45], [54.43658333333333, 24.45], [54.43658333333333, 24.449916666666667], [54.435583333333334, 24.449916666666667], [54.435583333333334, 24.449833333333334], [54.4355, 24.449833333333334], [54.4355, 24.44975], [54.43516666666667, 24.44975], [54.43516666666667, 24.449666666666666], [54.43475, 24.449666666666666], [54.43475, 24.449583333333333], [54.4345, 24.449583333333333], [54.4345, 24.4495], [54.433416666666666, 24.4495], [54.433416666666666, 24.449416666666668], [54.433083333333336, 24.449416666666668], [54.433083333333336, 24.44925], [54.432833333333335, 24.44925], [54.432833333333335, 24.449166666666667], [54.43216666666667, 24.449166666666667], [54.43216666666667, 24.449083333333334], [54.43183333333334, 24.449083333333334], [54.43183333333334, 24.449], [54.43125, 24.449], [54.43125, 24.448916666666666], [54.43091666666667, 24.448916666666666], [54.43091666666667, 24.448833333333333], [54.43066666666667, 24.448833333333333], [54.43066666666667, 24.448666666666668], [54.43058333333333, 24.448666666666668], [54.43058333333333, 24.448583333333332], [54.43033333333334, 24.448583333333332], [54.43033333333334, 24.4485], [54.43025, 24.4485], [54.43025, 24.448416666666667], [54.430083333333336, 24.448416666666667], [54.430083333333336, 24.448333333333334], [54.43, 24.448333333333334], [54.43, 24.44825], [54.42991666666667, 24.44825], [54.42991666666667, 24.448166666666665], [54.42975, 24.448166666666665], [54.42975, 24.448083333333333], [54.42966666666667, 24.448083333333333], [54.42966666666667, 24.44783333333333], [54.42958333333333, 24.44783333333333], [54.42958333333333, 24.44775], [54.4295, 24.44775], [54.4295, 24.447666666666667], [54.42941666666667, 24.447666666666667], [54.42941666666667, 24.44775], [54.42933333333333, 24.44775], [54.42933333333333, 24.447666666666667], [54.42908333333333, 24.447666666666667], [54.42908333333333, 24.44775], [54.429, 24.44775], [54.429, 24.447666666666667], [54.428333333333335, 24.447666666666667], [54.428333333333335, 24.447583333333334], [54.428, 24.447583333333334], [54.428, 24.4475], [54.42791666666667, 24.4475], [54.42791666666667, 24.447583333333334], [54.42758333333333, 24.447583333333334], [54.42758333333333, 24.447666666666667], [54.4275, 24.447666666666667], [54.4275, 24.44775], [54.42725, 24.44775], [54.42725, 24.44783333333333], [54.42691666666667, 24.44783333333333], [54.42691666666667, 24.447916666666668], [54.42675, 24.447916666666668], [54.42675, 24.448], [54.42666666666667, 24.448], [54.42666666666667, 24.447916666666668], [54.4265, 24.447916666666668], [54.4265, 24.448], [54.42641666666667, 24.448], [54.42641666666667, 24.447916666666668], [54.42525, 24.447916666666668], [54.42525, 24.44783333333333], [54.425, 24.44783333333333], [54.425, 24.44775], [54.42491666666667, 24.44775], [54.42491666666667, 24.447666666666667], [54.42466666666667, 24.447666666666667], [54.42466666666667, 24.447583333333334], [54.42458333333333, 24.447583333333334], [54.42458333333333, 24.4475], [54.42433333333334, 24.4475], [54.42433333333334, 24.447416666666665], [54.42425, 24.447416666666665], [54.42425, 24.447333333333333], [54.424083333333336, 24.447333333333333], [54.424083333333336, 24.44725], [54.424, 24.44725], [54.424, 24.447166666666668], [54.42391666666667, 24.447166666666668], [54.42391666666667, 24.44708333333333], [54.42375, 24.44708333333333], [54.42375, 24.446833333333334], [54.42366666666667, 24.446833333333334], [54.42366666666667, 24.44675], [54.42358333333333, 24.44675], [54.42358333333333, 24.446583333333333], [54.4235, 24.446583333333333], [54.4235, 24.4465], [54.42341666666667, 24.4465], [54.42341666666667, 24.44625], [54.42333333333333, 24.44625], [54.42333333333333, 24.446], [54.42325, 24.446], [54.42325, 24.445], [54.42316666666667, 24.445], [54.42316666666667, 24.44475], [54.42325, 24.44475], [54.42325, 24.444666666666667], [54.42366666666667, 24.444666666666667], [54.42366666666667, 24.44475], [54.423833333333334, 24.44475], [54.423833333333334, 24.444583333333334], [54.424083333333336, 24.444583333333334], [54.424083333333336, 24.444666666666667], [54.425, 24.444666666666667], [54.425, 24.44475], [54.4255, 24.44475], [54.4255, 24.44483333333333], [54.42575, 24.44483333333333], [54.42575, 24.444916666666668], [54.42691666666667, 24.444916666666668], [54.42691666666667, 24.445], [54.427166666666665, 24.445], [54.427166666666665, 24.445083333333333], [54.42725, 24.445083333333333], [54.42725, 24.445166666666665], [54.42775, 24.445166666666665], [54.42775, 24.44525], [54.428, 24.44525], [54.428, 24.445333333333334], [54.4285, 24.445333333333334], [54.4285, 24.445416666666667], [54.428666666666665, 24.445416666666667], [54.428666666666665, 24.445333333333334], [54.428916666666666, 24.445333333333334], [54.428916666666666, 24.445416666666667], [54.42925, 24.445416666666667], [54.42925, 24.4455], [54.42991666666667, 24.4455], [54.42991666666667, 24.44558333333333], [54.43, 24.44558333333333], [54.43, 24.445666666666668], [54.43025, 24.445666666666668], [54.43025, 24.44575], [54.43033333333334, 24.44575], [54.43033333333334, 24.445833333333333], [54.430416666666666, 24.445833333333333], [54.430416666666666, 24.445916666666665], [54.4305, 24.445916666666665], [54.4305, 24.446], [54.43058333333333, 24.446], [54.43058333333333, 24.446083333333334], [54.43075, 24.446083333333334], [54.43075, 24.446166666666667], [54.43091666666667, 24.446166666666667], [54.43091666666667, 24.44625], [54.431, 24.44625], [54.431, 24.44633333333333], [54.43108333333333, 24.44633333333333], [54.43108333333333, 24.446583333333333], [54.43116666666667, 24.446583333333333], [54.43116666666667, 24.446666666666665], [54.43141666666667, 24.446666666666665], [54.43141666666667, 24.44675], [54.4315, 24.44675], [54.4315, 24.446833333333334], [54.43175, 24.446833333333334], [54.43175, 24.446916666666667], [54.43233333333333, 24.446916666666667], [54.43233333333333, 24.447], [54.43275, 24.447], [54.43275, 24.44708333333333], [54.432916666666664, 24.44708333333333], [54.432916666666664, 24.447], [54.433, 24.447], [54.433, 24.44708333333333], [54.433083333333336, 24.44708333333333], [54.433083333333336, 24.447166666666668], [54.43358333333333, 24.447166666666668], [54.43358333333333, 24.44725], [54.434333333333335, 24.44725], [54.434333333333335, 24.447333333333333], [54.43475, 24.447333333333333], [54.43475, 24.447416666666665], [54.43525, 24.447416666666665], [54.43525, 24.4475], [54.43541666666667, 24.4475], [54.43541666666667, 24.447583333333334], [54.43575, 24.447583333333334], [54.43575, 24.44775], [54.43633333333334, 24.44775], [54.43633333333334, 24.44783333333333], [54.43675, 24.44783333333333], [54.43675, 24.447916666666668], [54.43816666666667, 24.447916666666668], [54.43816666666667, 24.44783333333333], [54.43875, 24.44783333333333], [54.43875, 24.44775], [54.439083333333336, 24.44775], [54.439083333333336, 24.447666666666667], [54.43925, 24.447666666666667], [54.43925, 24.447583333333334], [54.439750000000004, 24.447583333333334], [54.439750000000004, 24.4475], [54.43991666666667, 24.4475], [54.43991666666667, 24.447416666666665], [54.440333333333335, 24.447416666666665], [54.440333333333335, 24.447333333333333], [54.440666666666665, 24.447333333333333], [54.440666666666665, 24.447416666666665], [54.44075, 24.447416666666665], [54.44075, 24.4475], [54.44083333333334, 24.4475], [54.44083333333334, 24.447583333333334], [54.440916666666666, 24.447583333333334], [54.440916666666666, 24.447666666666667], [54.441, 24.447666666666667], [54.441, 24.44783333333333], [54.44108333333333, 24.44783333333333], [54.44108333333333, 24.447916666666668], [54.44116666666667, 24.447916666666668], [54.44116666666667, 24.448083333333333], [54.441250000000004, 24.448083333333333], [54.441250000000004, 24.448166666666665], [54.44133333333333, 24.448166666666665], [54.44133333333333, 24.448333333333334], [54.44141666666667, 24.448333333333334], [54.44141666666667, 24.4485], [54.4415, 24.4485], [54.4415, 24.448666666666668], [54.441583333333334, 24.448666666666668], [54.441583333333334, 24.448833333333333], [54.44166666666667, 24.448833333333333], [54.44166666666667, 24.448916666666666], [54.441916666666664, 24.448916666666666], [54.441916666666664, 24.449], [54.442, 24.449], [54.442, 24.449083333333334], [54.442166666666665, 24.449083333333334], [54.442166666666665, 24.449166666666667], [54.44225, 24.449166666666667], [54.44225, 24.44925], [54.44233333333333, 24.44925], [54.44233333333333, 24.449416666666668], [54.442166666666665, 24.449416666666668], [54.442166666666665, 24.44975], [54.442083333333336, 24.44975], [54.442083333333336, 24.449833333333334], [54.441916666666664, 24.449833333333334], [54.441916666666664, 24.449916666666667], [54.441833333333335, 24.449916666666667], [54.441833333333335, 24.45], [54.44175, 24.45], [54.44175, 24.450083333333332], [54.44166666666667, 24.450083333333332], [54.44166666666667, 24.450166666666668], [54.44141666666667, 24.450166666666668], [54.44141666666667, 24.45025], [54.44133333333333, 24.45025], [54.44133333333333, 24.450333333333333], [54.441250000000004, 24.450333333333333], [54.441250000000004, 24.450416666666666], [54.44116666666667, 24.450416666666666], [54.44116666666667, 24.4505], [54.44108333333333, 24.4505], [54.44108333333333, 24.450583333333334], [54.440916666666666, 24.450583333333334], [54.440916666666666, 24.450666666666667], [54.44083333333334, 24.450666666666667], [54.44083333333334, 24.45075], [54.44075, 24.45075], [54.44075, 24.450833333333332], [54.440666666666665, 24.450833333333332], [54.440666666666665, 24.450916666666668], [54.440583333333336, 24.450916666666668], [54.440583333333336, 24.451083333333333], [54.440416666666664, 24.451083333333333], [54.440416666666664, 24.451166666666666], [54.440333333333335, 24.451166666666666], [54.440333333333335, 24.45125], [54.44025, 24.45125], [54.44025, 24.451333333333334], [54.440083333333334, 24.451333333333334], [54.440083333333334, 24.451416666666667], [54.439750000000004, 24.451416666666667], [54.439750000000004, 24.4515], [54.43958333333333, 24.4515], [54.43958333333333, 24.451583333333332], [54.43933333333334, 24.451583333333332], [54.43933333333334, 24.451666666666668], [54.439166666666665, 24.451666666666668], [54.439166666666665, 24.45175], [54.439, 24.45175], [54.439, 24.451833333333333], [54.43875, 24.451833333333333], [54.43875, 24.451916666666666], [54.438583333333334, 24.451916666666666], [54.438583333333334, 24.452], [54.4385, 24.452], [54.4385, 24.452083333333334], [54.438250000000004, 24.452083333333334], [54.438250000000004, 24.452166666666667], [54.438, 24.452166666666667], [54.438, 24.45225], [54.437666666666665, 24.45225], [54.437666666666665, 24.452333333333332], [54.4375, 24.452333333333332], [54.4375, 24.452416666666668], [54.437083333333334, 24.452416666666668], [54.437083333333334, 24.4525], [54.43666666666667, 24.4525], [54.43666666666667, 24.452583333333333], [54.43625, 24.452583333333333], [54.43625, 24.452666666666666], [54.436166666666665, 24.452666666666666], [54.436166666666665, 24.45275], [54.436, 24.45275], [54.436, 24.452833333333334], [54.435916666666664, 24.452833333333334], [54.435916666666664, 24.452916666666667], [54.435583333333334, 24.452916666666667], [54.435583333333334, 24.452666666666666], [54.4355, 24.452666666666666], [54.4355, 24.452416666666668], [54.43541666666667, 24.452416666666668], [54.43541666666667, 24.451666666666668], [54.43533333333333, 24.451666666666668], [54.43533333333333, 24.45125], [54.43525, 24.45125], [54.43525, 24.451166666666666], [54.43516666666667, 24.451166666666666], [54.43516666666667, 24.45125], [54.435, 24.45125], [54.435, 24.4515], [54.43508333333333, 24.4515], [54.43508333333333, 24.451583333333332], [54.435, 24.451583333333332], [54.435, 24.4525], [54.434916666666666, 24.4525], [54.434916666666666, 24.453666666666667], [54.435, 24.453666666666667], [54.435, 24.454], [54.43483333333334, 24.454], [54.43483333333334, 24.454166666666666], [54.43475, 24.454166666666666], [54.43475, 24.454333333333334], [54.434583333333336, 24.454333333333334], [54.434583333333336, 24.454666666666668], [54.434666666666665, 24.454666666666668], [54.434666666666665, 24.455166666666667], [54.434583333333336, 24.455166666666667], [54.434583333333336, 24.45525], [54.434333333333335, 24.45525], [54.434333333333335, 24.455166666666667], [54.43425, 24.455166666666667], [54.43425, 24.455083333333334], [54.43416666666667, 24.455083333333334], [54.43416666666667, 24.455], [54.434083333333334, 24.455], [54.434083333333334, 24.45525], [54.43416666666667, 24.45525], [54.43416666666667, 24.455333333333332], [54.43425, 24.455333333333332], [54.43425, 24.456], [54.43416666666667, 24.456], [54.43416666666667, 24.456166666666668], [54.434, 24.456166666666668], [54.434, 24.456333333333333], [54.43391666666667, 24.456333333333333], [54.43391666666667, 24.4565], [54.43383333333333, 24.4565], [54.43383333333333, 24.456583333333334], [54.43366666666667, 24.456583333333334], [54.43366666666667, 24.456333333333333], [54.43358333333333, 24.456333333333333], [54.43358333333333, 24.45625], [54.4335, 24.45625], [54.4335, 24.456166666666668], [54.433416666666666, 24.456166666666668], [54.433416666666666, 24.456333333333333], [54.43325, 24.456333333333333], [54.43325, 24.456583333333334], [54.433166666666665, 24.456583333333334], [54.433166666666665, 24.457166666666666], [54.432916666666664, 24.457166666666666], [54.432916666666664, 24.457333333333334], [54.432833333333335, 24.457333333333334], [54.432833333333335, 24.457583333333332], [54.43275, 24.457583333333332], [54.43275, 24.457666666666668], [54.43266666666667, 24.457666666666668], [54.43266666666667, 24.457833333333333], [54.4325, 24.457833333333333], [54.4325, 24.458], [54.43241666666667, 24.458], [54.43241666666667, 24.45841666666667], [54.43233333333333, 24.45841666666667], [54.43233333333333, 24.458583333333333], [54.43225, 24.458583333333333], [54.43225, 24.45875], [54.43208333333333, 24.45875], [54.43208333333333, 24.459083333333332], [54.432, 24.459083333333332], [54.432, 24.459416666666666], [54.431916666666666, 24.459416666666666], [54.431916666666666, 24.459666666666667], [54.43183333333334, 24.459666666666667], [54.43183333333334, 24.46], [54.431666666666665, 24.46], [54.431666666666665, 24.46025], [54.431583333333336, 24.46025], [54.431583333333336, 24.460333333333335], [54.4315, 24.460333333333335], [54.4315, 24.46075], [54.431583333333336, 24.46075], [54.431583333333336, 24.461166666666667], [54.4315, 24.461166666666667], [54.4315, 24.462], [54.431583333333336, 24.462], [54.431583333333336, 24.4625], [54.43141666666667, 24.4625], [54.43141666666667, 24.462833333333332], [54.431333333333335, 24.462833333333332], [54.431333333333335, 24.46291666666667], [54.43125, 24.46291666666667], [54.43125, 24.463166666666666], [54.43116666666667, 24.463166666666666], [54.43116666666667, 24.46325], [54.43091666666667, 24.46325], [54.43091666666667, 24.463333333333335], [54.43066666666667, 24.463333333333335], [54.43066666666667, 24.463416666666667], [54.4305, 24.463416666666667], [54.4305, 24.4635], [54.430416666666666, 24.4635], [54.430416666666666, 24.463583333333332], [54.430166666666665, 24.463583333333332], [54.430166666666665, 24.463666666666665], [54.430083333333336, 24.463666666666665], [54.430083333333336, 24.46375], [54.42991666666667, 24.46375], [54.42991666666667, 24.463833333333334], [54.42975, 24.463833333333334], [54.42975, 24.464], [54.42966666666667, 24.464], [54.42966666666667, 24.464333333333332], [54.42925, 24.464333333333332], [54.42925, 24.464166666666667], [54.42908333333333, 24.464166666666667], [54.42908333333333, 24.464416666666665], [54.42916666666667, 24.464416666666665], [54.42916666666667, 24.464583333333334], [54.42925, 24.464583333333334], [54.42925, 24.464916666666667], [54.429, 24.464916666666667], [54.429, 24.465], [54.42875, 24.465], [54.42875, 24.465083333333332], [54.428666666666665, 24.465083333333332], [54.428666666666665, 24.4655], [54.4285, 24.4655], [54.4285, 24.465666666666667], [54.428333333333335, 24.465666666666667], [54.428333333333335, 24.465416666666666], [54.42825, 24.465416666666666], [54.42825, 24.46525], [54.42816666666667, 24.46525], [54.42816666666667, 24.465083333333332], [54.42825, 24.465083333333332], [54.42825, 24.465], [54.428333333333335, 24.465], [54.428333333333335, 24.464916666666667], [54.428666666666665, 24.464916666666667], [54.428666666666665, 24.464666666666666], [54.428583333333336, 24.464666666666666], [54.428583333333336, 24.464583333333334], [54.4285, 24.464583333333334], [54.4285, 24.4645], [54.428, 24.4645], [54.428, 24.464416666666665], [54.42791666666667, 24.464416666666665], [54.42791666666667, 24.464583333333334], [54.42775, 24.464583333333334], [54.42775, 24.464666666666666], [54.42733333333334, 24.464666666666666], [54.42733333333334, 24.46475], [54.426833333333335, 24.46475], [54.426833333333335, 24.464666666666666], [54.42658333333333, 24.464666666666666], [54.42658333333333, 24.464833333333335], [54.42641666666667, 24.464833333333335], [54.42641666666667, 24.46475], [54.42625, 24.46475], [54.42625, 24.464916666666667], [54.42616666666667, 24.464916666666667], [54.42616666666667, 24.464833333333335], [54.42608333333333, 24.464833333333335], [54.42608333333333, 24.464916666666667], [54.426, 24.464916666666667], [54.426, 24.464833333333335], [54.425666666666665, 24.464833333333335], [54.425666666666665, 24.465], [54.425583333333336, 24.465], [54.425583333333336, 24.464916666666667], [54.42458333333333, 24.464916666666667], [54.42458333333333, 24.465], [54.424166666666665, 24.465], [54.424166666666665, 24.465083333333332], [54.42391666666667, 24.465083333333332], [54.42391666666667, 24.465166666666665], [54.423833333333334, 24.465166666666665], [54.423833333333334, 24.465416666666666], [54.42366666666667, 24.465416666666666], [54.42366666666667, 24.4655], [54.42358333333333, 24.4655], [54.42358333333333, 24.465666666666667], [54.4235, 24.465666666666667], [54.4235, 24.46575], [54.42341666666667, 24.46575], [54.42341666666667, 24.465833333333332], [54.42308333333333, 24.465833333333332], [54.42308333333333, 24.465916666666665], [54.4225, 24.465916666666665], [54.4225, 24.466], [54.42216666666667, 24.466], [54.42216666666667, 24.466083333333334], [54.422, 24.466083333333334], [54.422, 24.466166666666666], [54.42175, 24.466166666666666], [54.42175, 24.466083333333334], [54.4215, 24.466083333333334], [54.4215, 24.465666666666667], [54.42158333333333, 24.465666666666667], [54.42158333333333, 24.4655], [54.42175, 24.4655], [54.42175, 24.465416666666666], [54.42183333333333, 24.465416666666666], [54.42183333333333, 24.465333333333334], [54.42191666666667, 24.465333333333334], [54.42191666666667, 24.46525], [54.422, 24.46525], [54.422, 24.465166666666665], [54.42208333333333, 24.465166666666665], [54.42208333333333, 24.465083333333332], [54.42225, 24.465083333333332], [54.42225, 24.464833333333335], [54.42216666666667, 24.464833333333335], [54.42216666666667, 24.46475], [54.422, 24.46475], [54.422, 24.464833333333335], [54.42191666666667, 24.464833333333335], [54.42191666666667, 24.464916666666667], [54.42175, 24.464916666666667], [54.42175, 24.465], [54.4215, 24.465], [54.4215, 24.465083333333332], [54.421416666666666, 24.465083333333332], [54.421416666666666, 24.464666666666666], [54.42133333333334, 24.464666666666666], [54.42133333333334, 24.464583333333334], [54.42125, 24.464583333333334], [54.42125, 24.4645], [54.421166666666664, 24.4645], [54.421166666666664, 24.464333333333332], [54.421083333333335, 24.464333333333332], [54.421083333333335, 24.464166666666667], [54.421, 24.464166666666667], [54.421, 24.464083333333335], [54.42091666666667, 24.464083333333335], [54.42091666666667, 24.464], [54.42058333333333, 24.464], [54.42058333333333, 24.463916666666666], [54.42033333333333, 24.463916666666666], [54.42033333333333, 24.464], [54.42, 24.464], [54.42, 24.464083333333335], [54.419666666666664, 24.464083333333335], [54.419666666666664, 24.464166666666667], [54.41916666666667, 24.464166666666667], [54.41916666666667, 24.464083333333335], [54.41908333333333, 24.464083333333335], [54.41908333333333, 24.464], [54.41891666666667, 24.464], [54.41891666666667, 24.463916666666666], [54.41858333333333, 24.463916666666666], [54.41858333333333, 24.464], [54.41833333333334, 24.464], [54.41833333333334, 24.464083333333335], [54.418083333333335, 24.464083333333335], [54.418083333333335, 24.464166666666667], [54.418, 24.464166666666667], [54.418, 24.46425], [54.417833333333334, 24.46425], [54.417833333333334, 24.464333333333332], [54.41758333333333, 24.464333333333332], [54.41758333333333, 24.4645], [54.417500000000004, 24.4645], [54.417500000000004, 24.464583333333334], [54.41733333333333, 24.464583333333334], [54.41733333333333, 24.464666666666666], [54.41716666666667, 24.464666666666666], [54.41716666666667, 24.46475], [54.41708333333333, 24.46475], [54.41708333333333, 24.464833333333335], [54.417, 24.464833333333335], [54.417, 24.464916666666667], [54.416916666666665, 24.464916666666667], [54.416916666666665, 24.465], [54.416583333333335, 24.465], [54.416583333333335, 24.464916666666667], [54.4165, 24.464916666666667], [54.4165, 24.464833333333335], [54.41641666666667, 24.464833333333335], [54.41641666666667, 24.464666666666666], [54.416333333333334, 24.464666666666666], [54.416333333333334, 24.464583333333334], [54.41625, 24.464583333333334], [54.41625, 24.4645], [54.41616666666667, 24.4645], [54.41616666666667, 24.464416666666665], [54.41608333333333, 24.464416666666665], [54.41608333333333, 24.464333333333332], [54.41616666666667, 24.464333333333332], [54.41616666666667, 24.463833333333334], [54.41608333333333, 24.463833333333334], [54.41608333333333, 24.46375], [54.416000000000004, 24.46375], [54.416000000000004, 24.463583333333332], [54.41591666666667, 24.463583333333332], [54.41591666666667, 24.4635], [54.41583333333333, 24.4635], [54.41583333333333, 24.463333333333335], [54.41575, 24.463333333333335], [54.41575, 24.46325], [54.41566666666667, 24.46325], [54.41566666666667, 24.463166666666666], [54.41558333333333, 24.463166666666666], [54.41558333333333, 24.463083333333334], [54.4155, 24.463083333333334], [54.4155, 24.463], [54.415416666666665, 24.463], [54.415416666666665, 24.46291666666667], [54.415333333333336, 24.46291666666667], [54.415333333333336, 24.46275], [54.41525, 24.46275], [54.41525, 24.462333333333333], [54.415166666666664, 24.462333333333333], [54.415166666666664, 24.462083333333332], [54.41525, 24.462083333333332], [54.41525, 24.461916666666667], [54.415416666666665, 24.461916666666667], [54.415416666666665, 24.461666666666666], [54.4155, 24.461666666666666], [54.4155, 24.46141666666667], [54.41558333333333, 24.46141666666667], [54.41558333333333, 24.461333333333332], [54.41566666666667, 24.461333333333332], [54.41566666666667, 24.46125], [54.41583333333333, 24.46125], [54.41583333333333, 24.460916666666666], [54.41591666666667, 24.460916666666666], [54.41591666666667, 24.46075], [54.41566666666667, 24.46075], [54.41566666666667, 24.460833333333333], [54.41558333333333, 24.460833333333333], [54.41558333333333, 24.460916666666666], [54.4155, 24.460916666666666], [54.4155, 24.461], [54.415416666666665, 24.461], [54.415416666666665, 24.461083333333335], [54.415333333333336, 24.461083333333335], [54.415333333333336, 24.461166666666667], [54.415166666666664, 24.461166666666667], [54.415166666666664, 24.46125], [54.41491666666667, 24.46125], [54.41491666666667, 24.461333333333332], [54.414833333333334, 24.461333333333332], [54.414833333333334, 24.46141666666667], [54.41466666666667, 24.46141666666667], [54.41466666666667, 24.461666666666666], [54.41475, 24.461666666666666], [54.41475, 24.46175], [54.414833333333334, 24.46175], [54.414833333333334, 24.461833333333335], [54.41466666666667, 24.461833333333335], [54.41466666666667, 24.46225], [54.41458333333333, 24.46225], [54.41458333333333, 24.462416666666666], [54.41466666666667, 24.462416666666666], [54.41466666666667, 24.462583333333335], [54.41458333333333, 24.462583333333335], [54.41458333333333, 24.46275], [54.41466666666667, 24.46275], [54.41466666666667, 24.462833333333332], [54.41475, 24.462833333333332], [54.41475, 24.46291666666667], [54.41466666666667, 24.46291666666667], [54.41466666666667, 24.463083333333334], [54.41475, 24.463083333333334], [54.41475, 24.463166666666666], [54.414833333333334, 24.463166666666666], [54.414833333333334, 24.46325], [54.41491666666667, 24.46325], [54.41491666666667, 24.463333333333335], [54.415, 24.463333333333335], [54.415, 24.463416666666667], [54.415083333333335, 24.463416666666667], [54.415083333333335, 24.463583333333332], [54.415166666666664, 24.463583333333332], [54.415166666666664, 24.463666666666665], [54.41525, 24.463666666666665], [54.41525, 24.46375], [54.415333333333336, 24.46375], [54.415333333333336, 24.464166666666667], [54.41525, 24.464166666666667], [54.41525, 24.464333333333332], [54.415166666666664, 24.464333333333332], [54.415166666666664, 24.464416666666665], [54.415, 24.464416666666665], [54.415, 24.4645], [54.41491666666667, 24.4645], [54.41491666666667, 24.464583333333334], [54.414833333333334, 24.464583333333334], [54.414833333333334, 24.46475], [54.41475, 24.46475], [54.41475, 24.465083333333332], [54.41466666666667, 24.465083333333332], [54.41466666666667, 24.4655], [54.41475, 24.4655], [54.41475, 24.465833333333332], [54.414833333333334, 24.465833333333332], [54.414833333333334, 24.466], [54.41491666666667, 24.466], [54.41491666666667, 24.466333333333335], [54.415, 24.466333333333335], [54.415, 24.466416666666667], [54.41491666666667, 24.466416666666667], [54.41491666666667, 24.4665], [54.414833333333334, 24.4665], [54.414833333333334, 24.466583333333332], [54.414500000000004, 24.466583333333332], [54.414500000000004, 24.466416666666667], [54.41441666666667, 24.466416666666667], [54.41441666666667, 24.466333333333335], [54.41433333333333, 24.466333333333335], [54.41433333333333, 24.46625], [54.41425, 24.46625], [54.41425, 24.466166666666666], [54.41416666666667, 24.466166666666666], [54.41416666666667, 24.466083333333334], [54.41408333333333, 24.466083333333334], [54.41408333333333, 24.466333333333335], [54.413916666666665, 24.466333333333335], [54.413916666666665, 24.466583333333332], [54.413833333333336, 24.466583333333332], [54.413833333333336, 24.466666666666665], [54.41375, 24.466666666666665], [54.41375, 24.466916666666666], [54.413833333333336, 24.466916666666666], [54.413833333333336, 24.467083333333335], [54.413916666666665, 24.467083333333335], [54.413916666666665, 24.46725], [54.414, 24.46725], [54.414, 24.467666666666666], [54.41408333333333, 24.467666666666666], [54.41408333333333, 24.468083333333333], [54.414, 24.468083333333333]], [[54.42225, 24.464416666666665], [54.422333333333334, 24.464416666666665], [54.422333333333334, 24.46425], [54.42225, 24.46425], [54.42225, 24.464416666666665]], [[54.422333333333334, 24.464083333333335], [54.42241666666667, 24.464083333333335], [54.42241666666667, 24.463916666666666], [54.422333333333334, 24.463916666666666], [54.422333333333334, 24.463833333333334], [54.42225, 24.463833333333334], [54.42225, 24.464], [54.422333333333334, 24.464], [54.422333333333334, 24.464083333333335]], [[54.42241666666667, 24.46375], [54.422583333333336, 24.46375], [54.422583333333336, 24.463666666666665], [54.4225, 24.463666666666665], [54.4225, 24.463583333333332], [54.42241666666667, 24.463583333333332], [54.42241666666667, 24.46375]], [[54.42241666666667, 24.4635], [54.422583333333336, 24.4635], [54.422583333333336, 24.463416666666667], [54.4225, 24.463416666666667], [54.4225, 24.463333333333335], [54.42241666666667, 24.463333333333335], [54.42241666666667, 24.4635]], [[54.413833333333336, 24.463333333333335], [54.413916666666665, 24.463333333333335], [54.413916666666665, 24.46325], [54.413833333333336, 24.46325], [54.413833333333336, 24.463333333333335]], [[54.413666666666664, 24.46325], [54.413833333333336, 24.46325], [54.413833333333336, 24.463166666666666], [54.413666666666664, 24.463166666666666], [54.413666666666664, 24.46325]], [[54.42583333333334, 24.463083333333334], [54.42633333333333, 24.463083333333334], [54.42633333333333, 24.46291666666667], [54.42625, 24.46291666666667], [54.42625, 24.462833333333332], [54.42616666666667, 24.462833333333332], [54.42616666666667, 24.46275], [54.426, 24.46275], [54.426, 24.462583333333335], [54.42583333333334, 24.462583333333335], [54.42583333333334, 24.462666666666667], [54.42575, 24.462666666666667], [54.42575, 24.46291666666667], [54.42583333333334, 24.46291666666667], [54.42583333333334, 24.463083333333334]], [[54.42658333333333, 24.463083333333334], [54.427083333333336, 24.463083333333334], [54.427083333333336, 24.463], [54.42733333333334, 24.463], [54.42733333333334, 24.462833333333332], [54.427, 24.462833333333332], [54.427, 24.46291666666667], [54.42691666666667, 24.46291666666667], [54.42691666666667, 24.462833333333332], [54.426833333333335, 24.462833333333332], [54.426833333333335, 24.46291666666667], [54.42675, 24.46291666666667], [54.42675, 24.462833333333332], [54.42658333333333, 24.462833333333332], [54.42658333333333, 24.46291666666667], [54.4265, 24.46291666666667], [54.4265, 24.463], [54.42658333333333, 24.463], [54.42658333333333, 24.463083333333334]], [[54.42766666666667, 24.463083333333334], [54.42791666666667, 24.463083333333334], [54.42791666666667, 24.463], [54.428, 24.463], [54.428, 24.46291666666667], [54.42808333333333, 24.46291666666667], [54.42808333333333, 24.462833333333332], [54.4275, 24.462833333333332], [54.4275, 24.463], [54.42766666666667, 24.463], [54.42766666666667, 24.463083333333334]], [[54.42816666666667, 24.462833333333332], [54.42841666666667, 24.462833333333332], [54.42841666666667, 24.46275], [54.4285, 24.46275], [54.4285, 24.462666666666667], [54.428583333333336, 24.462666666666667], [54.428583333333336, 24.4625], [54.429, 24.4625], [54.429, 24.46225], [54.428916666666666, 24.46225], [54.428916666666666, 24.462083333333332], [54.428583333333336, 24.462083333333332], [54.428583333333336, 24.462], [54.42841666666667, 24.462], [54.42841666666667, 24.462083333333332], [54.42816666666667, 24.462083333333332], [54.42816666666667, 24.4625], [54.42825, 24.4625], [54.42825, 24.462666666666667], [54.42816666666667, 24.462666666666667], [54.42816666666667, 24.462833333333332]], [[54.434, 24.455], [54.434083333333334, 24.455], [54.434083333333334, 24.454916666666666], [54.434, 24.454916666666666], [54.434, 24.455]], [[54.43391666666667, 24.454916666666666], [54.434, 24.454916666666666], [54.434, 24.454833333333333], [54.43391666666667, 24.454833333333333], [54.43391666666667, 24.454916666666666]], [[54.43383333333333, 24.454833333333333], [54.43391666666667, 24.454833333333333], [54.43391666666667, 24.45475], [54.43383333333333, 24.45475], [54.43383333333333, 24.454833333333333]], [[54.43358333333333, 24.454666666666668], [54.43366666666667, 24.454666666666668], [54.43366666666667, 24.454583333333332], [54.43358333333333, 24.454583333333332], [54.43358333333333, 24.454666666666668]], [[54.4335, 24.453083333333332], [54.43366666666667, 24.453083333333332], [54.43366666666667, 24.453], [54.4335, 24.453], [54.4335, 24.453083333333332]], [[54.435, 24.450666666666667], [54.43508333333333, 24.450666666666667], [54.43508333333333, 24.450583333333334], [54.435, 24.450583333333334], [54.435, 24.450666666666667]]]}}, {"type": "Feature", "properties": {"stand": "ADW21"}, "geometry": {"type": "Polygon", "coordinates": [[[54.45875, 24.443416666666668], [54.45875, 24.44333333333333], [54.4585, 24.44333333333333], [54.4585, 24.44325], [54.458083333333335, 24.44325], [54.458083333333335, 24.443166666666666], [54.45783333333333, 24.443166666666666], [54.45783333333333, 24.443083333333334], [54.45775, 24.443083333333334], [54.45775, 24.443], [54.45758333333333, 24.443], [54.45758333333333, 24.442916666666665], [54.45741666666667, 24.442916666666665], [54.45741666666667, 24.443], [54.45733333333333, 24.443], [54.45733333333333, 24.442916666666665], [54.45725, 24.442916666666665], [54.45725, 24.443], [54.457166666666666, 24.443], [54.457166666666666, 24.442916666666665], [54.45708333333334, 24.442916666666665], [54.45708333333334, 24.442833333333333], [54.456916666666665, 24.442833333333333], [54.456916666666665, 24.44275], [54.456833333333336, 24.44275], [54.456833333333336, 24.442666666666668], [54.45675, 24.442666666666668], [54.45675, 24.442583333333335], [54.4565, 24.442583333333335], [54.4565, 24.4425], [54.45633333333333, 24.4425], [54.45633333333333, 24.44225], [54.45641666666667, 24.44225], [54.45641666666667, 24.442166666666665], [54.457, 24.442166666666665], [54.457, 24.44225], [54.458416666666665, 24.44225], [54.458416666666665, 24.442333333333334], [54.45858333333334, 24.442333333333334], [54.45858333333334, 24.442416666666666], [54.45875, 24.442416666666666], [54.45875, 24.4425], [54.45891666666667, 24.4425], [54.45891666666667, 24.442583333333335], [54.459, 24.442583333333335], [54.459, 24.442666666666668], [54.45916666666667, 24.442666666666668], [54.45916666666667, 24.44275], [54.45925, 24.44275], [54.45925, 24.442916666666665], [54.45916666666667, 24.442916666666665], [54.45916666666667, 24.443], [54.45908333333333, 24.443], [54.45908333333333, 24.443416666666668], [54.45875, 24.443416666666668]]]}}, {"type": "Feature", "properties": {"stand": "ADW9"}, "geometry": {"type": "Polygon", "coordinates": [[[54.45941666666667, 24.441166666666668], [54.45941666666667, 24.441083333333335], [54.45933333333333, 24.441083333333335], [54.45933333333333, 24.441], [54.45908333333333, 24.441], [54.45908333333333, 24.441083333333335], [54.45858333333334, 24.441083333333335], [54.45858333333334, 24.441], [54.458416666666665, 24.441], [54.458416666666665, 24.440916666666666], [54.458333333333336, 24.440916666666666], [54.458333333333336, 24.440833333333334], [54.45825, 24.440833333333334], [54.45825, 24.44075], [54.45791666666667, 24.44075], [54.45791666666667, 24.440833333333334], [54.4575, 24.440833333333334], [54.4575, 24.44075], [54.45733333333333, 24.44075], [54.45733333333333, 24.440666666666665], [54.456583333333334, 24.440666666666665], [54.456583333333334, 24.440583333333333], [54.45625, 24.440583333333333], [54.45625, 24.4405], [54.45608333333333, 24.4405], [54.45608333333333, 24.440416666666668], [54.45591666666667, 24.440416666666668], [54.45591666666667, 24.440333333333335], [54.45625, 24.440333333333335], [54.45625, 24.440083333333334], [54.45633333333333, 24.440083333333334], [54.45633333333333, 24.44], [54.45675, 24.44], [54.45675, 24.439833333333333], [54.456833333333336, 24.439833333333333], [54.456833333333336, 24.43975], [54.456916666666665, 24.43975], [54.456916666666665, 24.439666666666668], [54.457166666666666, 24.439666666666668], [54.457166666666666, 24.439583333333335], [54.45725, 24.439583333333335], [54.45725, 24.4395], [54.45741666666667, 24.4395], [54.45741666666667, 24.439416666666666], [54.45758333333333, 24.439416666666666], [54.45758333333333, 24.439333333333334], [54.45766666666667, 24.439333333333334], [54.45766666666667, 24.43925], [54.458, 24.43925], [54.458, 24.439166666666665], [54.45825, 24.439166666666665], [54.45825, 24.439], [54.458333333333336, 24.439], [54.458333333333336, 24.438916666666668], [54.45875, 24.438916666666668], [54.45875, 24.438833333333335], [54.45883333333333, 24.438833333333335], [54.45883333333333, 24.43875], [54.45891666666667, 24.43875], [54.45891666666667, 24.438666666666666], [54.46025, 24.438666666666666], [54.46025, 24.438583333333334], [54.4605, 24.438583333333334], [54.4605, 24.4385], [54.461416666666665, 24.4385], [54.461416666666665, 24.438416666666665], [54.462916666666665, 24.438416666666665], [54.462916666666665, 24.4385], [54.463166666666666, 24.4385], [54.463166666666666, 24.438583333333334], [54.4635, 24.438583333333334], [54.4635, 24.438666666666666], [54.46358333333333, 24.438666666666666], [54.46358333333333, 24.43875], [54.46375, 24.43875], [54.46375, 24.438833333333335], [54.46391666666667, 24.438833333333335], [54.46391666666667, 24.438916666666668], [54.464, 24.438916666666668], [54.464, 24.439], [54.464083333333335, 24.439], [54.464083333333335, 24.439083333333333], [54.464166666666664, 24.439083333333333], [54.464166666666664, 24.439166666666665], [54.46425, 24.439166666666665], [54.46425, 24.43925], [54.464333333333336, 24.43925], [54.464333333333336, 24.43975], [54.464416666666665, 24.43975], [54.464416666666665, 24.44], [54.46425, 24.44], [54.46425, 24.440083333333334], [54.46391666666667, 24.440083333333334], [54.46391666666667, 24.440166666666666], [54.46358333333333, 24.440166666666666], [54.46358333333333, 24.440083333333334], [54.46325, 24.440083333333334], [54.46325, 24.440166666666666], [54.462916666666665, 24.440166666666666], [54.462916666666665, 24.440333333333335], [54.462833333333336, 24.440333333333335], [54.462833333333336, 24.440416666666668], [54.46233333333333, 24.440416666666668], [54.46233333333333, 24.4405], [54.46216666666667, 24.4405], [54.46216666666667, 24.440416666666668], [54.462, 24.440416666666668], [54.462, 24.4405], [54.46175, 24.4405], [54.46175, 24.440583333333333], [54.461666666666666, 24.440583333333333], [54.461666666666666, 24.440666666666665], [54.46158333333334, 24.440666666666665], [54.46158333333334, 24.44075], [54.461333333333336, 24.44075], [54.461333333333336, 24.440833333333334], [54.46116666666667, 24.440833333333334], [54.46116666666667, 24.440916666666666], [54.461, 24.440916666666666], [54.461, 24.441], [54.46075, 24.441], [54.46075, 24.441083333333335], [54.46058333333333, 24.441083333333335], [54.46058333333333, 24.441166666666668], [54.46033333333333, 24.441166666666668], [54.46033333333333, 24.441083333333335], [54.46, 24.441083333333335], [54.46, 24.441166666666668], [54.45941666666667, 24.441166666666668]]]}}, {"type": "Feature", "properties": {"stand": "ADW12"}, "geometry": {"type": "Polygon", "coordinates": [[[54.3995, 24.42525], [54.3995, 24.425], [54.39958333333333, 24.425], [54.39958333333333, 24.424833333333332], [54.39966666666667, 24.424833333333332], [54.39966666666667, 24.424583333333334], [54.39975, 24.424583333333334], [54.39975, 24.424416666666666], [54.39991666666667, 24.424416666666666], [54.39991666666667, 24.424166666666668], [54.4, 24.424166666666668], [54.4, 24.423916666666667], [54.400083333333335, 24.423916666666667], [54.400083333333335, 24.42375], [54.40016666666667, 24.42375], [54.40016666666667, 24.4235], [54.400333333333336, 24.4235], [54.400333333333336, 24.42325], [54.400416666666665, 24.42325], [54.400416666666665, 24.423166666666667], [54.40075, 24.423166666666667], [54.40075, 24.42325], [54.40083333333333, 24.42325], [54.40083333333333, 24.423333333333332], [54.40091666666667, 24.423333333333332], [54.40091666666667, 24.423416666666668], [54.40108333333333, 24.423416666666668], [54.40108333333333, 24.4235], [54.40116666666667, 24.4235], [54.40116666666667, 24.423583333333333], [54.40175, 24.423583333333333], [54.40175, 24.4235], [54.40208333333334, 24.4235], [54.40208333333334, 24.423416666666668], [54.40233333333333, 24.423416666666668], [54.40233333333333, 24.423333333333332], [54.4025, 24.423333333333332], [54.4025, 24.42325], [54.40258333333333, 24.42325], [54.40258333333333, 24.423166666666667], [54.40266666666667, 24.423166666666667], [54.40266666666667, 24.423083333333334], [54.40275, 24.423083333333334], [54.40275, 24.423], [54.402833333333334, 24.423], [54.402833333333334, 24.422833333333333], [54.403, 24.422833333333333], [54.403, 24.42275], [54.403083333333335, 24.42275], [54.403083333333335, 24.422666666666668], [54.403166666666664, 24.422666666666668], [54.403166666666664, 24.422583333333332], [54.403333333333336, 24.422583333333332], [54.403333333333336, 24.4225], [54.403416666666665, 24.4225], [54.403416666666665, 24.422416666666667], [54.40358333333334, 24.422416666666667], [54.40358333333334, 24.422333333333334], [54.403666666666666, 24.422333333333334], [54.403666666666666, 24.42225], [54.40375, 24.42225], [54.40375, 24.422166666666666], [54.40383333333333, 24.422166666666666], [54.40383333333333, 24.422083333333333], [54.40391666666667, 24.422083333333333], [54.40391666666667, 24.422], [54.404, 24.422], [54.404, 24.421916666666668], [54.40408333333333, 24.421916666666668], [54.40408333333333, 24.421333333333333], [54.40416666666667, 24.421333333333333], [54.40416666666667, 24.42125], [54.4045, 24.42125], [54.4045, 24.421333333333333], [54.404666666666664, 24.421333333333333], [54.404666666666664, 24.422833333333333], [54.404583333333335, 24.422833333333333], [54.404583333333335, 24.423083333333334], [54.40441666666667, 24.423083333333334], [54.40441666666667, 24.423333333333332], [54.404333333333334, 24.423333333333332], [54.404333333333334, 24.423416666666668], [54.40425, 24.423416666666668], [54.40425, 24.423583333333333], [54.40416666666667, 24.423583333333333], [54.40416666666667, 24.423666666666666], [54.404, 24.423666666666666], [54.404, 24.423916666666667], [54.40391666666667, 24.423916666666667], [54.40391666666667, 24.424], [54.40375, 24.424], [54.40375, 24.424083333333332], [54.4035, 24.424083333333332], [54.4035, 24.424166666666668], [54.403333333333336, 24.424166666666668], [54.403333333333336, 24.42425], [54.403166666666664, 24.42425], [54.403166666666664, 24.424333333333333], [54.40291666666667, 24.424333333333333], [54.40291666666667, 24.424416666666666], [54.40266666666667, 24.424416666666666], [54.40266666666667, 24.4245], [54.40225, 24.4245], [54.40225, 24.424583333333334], [54.401916666666665, 24.424583333333334], [54.401916666666665, 24.424666666666667], [54.40133333333333, 24.424666666666667], [54.40133333333333, 24.42475], [54.401, 24.42475], [54.401, 24.424833333333332], [54.400666666666666, 24.424833333333332], [54.400666666666666, 24.424916666666668], [54.40025, 24.424916666666668], [54.40025, 24.425], [54.400083333333335, 24.425], [54.400083333333335, 24.425083333333333], [54.39983333333333, 24.425083333333333], [54.39983333333333, 24.425166666666666], [54.39966666666667, 24.425166666666666], [54.39966666666667, 24.42525], [54.3995, 24.42525]]]}}, {"type": "Feature", "properties": {"stand": "ADW13"}, "geometry": {"type": "Polygon", "coordinates": [[[54.40025, 24.422083333333333], [54.40025, 24.42175], [54.40016666666667, 24.42175], [54.40016666666667, 24.421166666666668], [54.400083333333335, 24.421166666666668], [54.400083333333335, 24.420333333333332], [54.4, 24.420333333333332], [54.4, 24.420166666666667], [54.400083333333335, 24.420166666666667], [54.400083333333335, 24.420083333333334], [54.400333333333336, 24.420083333333334], [54.400333333333336, 24.42], [54.40091666666667, 24.42], [54.40091666666667, 24.420083333333334], [54.401, 24.420083333333334], [54.401, 24.419916666666666], [54.40108333333333, 24.419916666666666], [54.40108333333333, 24.419833333333333], [54.40141666666667, 24.419833333333333], [54.40141666666667, 24.42], [54.401583333333335, 24.42], [54.401583333333335, 24.420083333333334], [54.401666666666664, 24.420083333333334], [54.401666666666664, 24.420166666666667], [54.401833333333336, 24.420166666666667], [54.401833333333336, 24.42025], [54.40208333333334, 24.42025], [54.40208333333334, 24.420333333333332], [54.402166666666666, 24.420333333333332], [54.402166666666666, 24.420416666666668], [54.40241666666667, 24.420416666666668], [54.40241666666667, 24.4205], [54.40266666666667, 24.4205], [54.40266666666667, 24.420583333333333], [54.40275, 24.420583333333333], [54.40275, 24.420666666666666], [54.40291666666667, 24.420666666666666], [54.40291666666667, 24.420833333333334], [54.403, 24.420833333333334], [54.403, 24.420916666666667], [54.403166666666664, 24.420916666666667], [54.403166666666664, 24.421083333333332], [54.403083333333335, 24.421083333333332], [54.403083333333335, 24.421166666666668], [54.40291666666667, 24.421166666666668], [54.40291666666667, 24.42125], [54.402833333333334, 24.42125], [54.402833333333334, 24.421333333333333], [54.40275, 24.421333333333333], [54.40275, 24.421416666666666], [54.4025, 24.421416666666666], [54.4025, 24.4215], [54.40241666666667, 24.4215], [54.40241666666667, 24.421583333333334], [54.40233333333333, 24.421583333333334], [54.40233333333333, 24.421666666666667], [54.40208333333334, 24.421666666666667], [54.40208333333334, 24.42175], [54.401916666666665, 24.42175], [54.401916666666665, 24.421833333333332], [54.401583333333335, 24.421833333333332], [54.401583333333335, 24.421916666666668], [54.40133333333333, 24.421916666666668], [54.40133333333333, 24.422], [54.401, 24.422], [54.401, 24.422083333333333], [54.40025, 24.422083333333333]]]}}, {"type": "Feature", "properties": {"stand": "ADW17"}, "geometry": {"type": "Polygon", "coordinates": [[[54.409416666666665, 24.42125], [54.409416666666665, 24.421083333333332], [54.40958333333334, 24.421083333333332], [54.40958333333334, 24.421], [54.40983333333333, 24.421], [54.40983333333333, 24.420916666666667], [54.40991666666667, 24.420916666666667], [54.40991666666667, 24.420833333333334], [54.410000000000004, 24.420833333333334], [54.410000000000004, 24.42075], [54.41008333333333, 24.42075], [54.41008333333333, 24.420583333333333], [54.41025, 24.420583333333333], [54.41025, 24.4205], [54.41041666666667, 24.4205], [54.41041666666667, 24.420416666666668], [54.4105, 24.420416666666668], [54.4105, 24.420333333333332], [54.410583333333335, 24.420333333333332], [54.410583333333335, 24.420083333333334], [54.410833333333336, 24.420083333333334], [54.410833333333336, 24.419833333333333], [54.410916666666665, 24.419833333333333], [54.410916666666665, 24.419666666666668], [54.41158333333333, 24.419666666666668], [54.41158333333333, 24.419583333333332], [54.412, 24.419583333333332], [54.412, 24.4195], [54.41225, 24.4195], [54.41225, 24.419416666666667], [54.4125, 24.419416666666667], [54.4125, 24.4195], [54.41258333333333, 24.4195], [54.41258333333333, 24.419583333333332], [54.41266666666667, 24.419583333333332], [54.41266666666667, 24.419666666666668], [54.41275, 24.419666666666668], [54.41275, 24.41975], [54.41283333333333, 24.41975], [54.41283333333333, 24.420083333333334], [54.41291666666667, 24.420083333333334], [54.41291666666667, 24.42025], [54.41266666666667, 24.42025], [54.41266666666667, 24.420166666666667], [54.4125, 24.420166666666667], [54.4125, 24.420333333333332], [54.412416666666665, 24.420333333333332], [54.412416666666665, 24.420416666666668], [54.41225, 24.420416666666668], [54.41225, 24.4205], [54.412166666666664, 24.4205], [54.412166666666664, 24.420583333333333], [54.412083333333335, 24.420583333333333], [54.412083333333335, 24.420666666666666], [54.41191666666667, 24.420666666666666], [54.41191666666667, 24.42075], [54.41175, 24.42075], [54.41175, 24.420833333333334], [54.41158333333333, 24.420833333333334], [54.41158333333333, 24.420916666666667], [54.411500000000004, 24.420916666666667], [54.411500000000004, 24.421], [54.41116666666667, 24.421], [54.41116666666667, 24.421083333333332], [54.410916666666665, 24.421083333333332], [54.410916666666665, 24.421166666666668], [54.40983333333333, 24.421166666666668], [54.40983333333333, 24.42125], [54.40975, 24.42125], [54.40975, 24.421166666666668], [54.4095, 24.421166666666668], [54.4095, 24.42125], [54.409416666666665, 24.42125]]]}}]}