{"type": "FeatureCollection", "features": [{"type": "Feature", "properties": {"stand": "TRT6"}, "geometry": {"type": "Polygon", "coordinates": [[[50.00641666666667, 26.74], [50.00641666666667, 26.739916666666666], [50.00633333333333, 26.739916666666666], [50.00633333333333, 26.739749999999997], [50.00625, 26.739749999999997], [50.00625, 26.7395], [50.00633333333333, 26.7395], [50.00633333333333, 26.73925], [50.00641666666667, 26.73925], [50.00641666666667, 26.739166666666666], [50.00633333333333, 26.739166666666666], [50.00633333333333, 26.739083333333333], [50.00625, 26.739083333333333], [50.00625, 26.738833333333332], [50.006166666666665, 26.738833333333332], [50.006166666666665, 26.7385], [50.006083333333336, 26.7385], [50.006083333333336, 26.738249999999997], [50.006, 26.738249999999997], [50.006, 26.738166666666665], [50.005833333333335, 26.738166666666665], [50.005833333333335, 26.73775], [50.00575, 26.73775], [50.00575, 26.737666666666666], [50.00566666666666, 26.737666666666666], [50.00566666666666, 26.737499999999997], [50.005583333333334, 26.737499999999997], [50.005583333333334, 26.736833333333333], [50.00566666666666, 26.736833333333333], [50.00566666666666, 26.736749999999997], [50.005583333333334, 26.736749999999997], [50.005583333333334, 26.736583333333332], [50.0055, 26.736583333333332], [50.0055, 26.7365], [50.00541666666667, 26.7365], [50.00541666666667, 26.736416666666663], [50.005583333333334, 26.736416666666663], [50.005583333333334, 26.73633333333333], [50.00566666666666, 26.73633333333333], [50.00566666666666, 26.73625], [50.00575, 26.73625], [50.00575, 26.736083333333333], [50.005833333333335, 26.736083333333333], [50.005833333333335, 26.735999999999997], [50.006, 26.735999999999997], [50.006, 26.735916666666665], [50.006166666666665, 26.735916666666665], [50.006166666666665, 26.735833333333332], [50.00658333333333, 26.735833333333332], [50.00658333333333, 26.73575], [50.00666666666667, 26.73575], [50.00666666666667, 26.735666666666663], [50.00675, 26.735666666666663], [50.00675, 26.73558333333333], [50.007, 26.73558333333333], [50.007, 26.7355], [50.00725, 26.7355], [50.00725, 26.735416666666666], [50.007333333333335, 26.735416666666666], [50.007333333333335, 26.7355], [50.007416666666664, 26.7355], [50.007416666666664, 26.73558333333333], [50.0075, 26.73558333333333], [50.0075, 26.73575], [50.007333333333335, 26.73575], [50.007333333333335, 26.735833333333332], [50.00725, 26.735833333333332], [50.00725, 26.735999999999997], [50.007583333333336, 26.735999999999997], [50.007583333333336, 26.736166666666666], [50.007666666666665, 26.736166666666666], [50.007666666666665, 26.73625], [50.00791666666667, 26.73625], [50.00791666666667, 26.73633333333333], [50.008, 26.73633333333333], [50.008, 26.736583333333332], [50.00775, 26.736583333333332], [50.00775, 26.736916666666666], [50.00783333333333, 26.736916666666666], [50.00783333333333, 26.737499999999997], [50.00775, 26.737499999999997], [50.00775, 26.737583333333333], [50.007666666666665, 26.737583333333333], [50.007666666666665, 26.737666666666666], [50.007583333333336, 26.737666666666666], [50.007583333333336, 26.73775], [50.007416666666664, 26.73775], [50.007416666666664, 26.738083333333332], [50.00783333333333, 26.738083333333332], [50.00783333333333, 26.738], [50.008, 26.738], [50.008, 26.738083333333332], [50.00808333333333, 26.738083333333332], [50.00808333333333, 26.73858333333333], [50.00816666666667, 26.73858333333333], [50.00816666666667, 26.738666666666663], [50.008, 26.738666666666663], [50.008, 26.73858333333333], [50.00783333333333, 26.73858333333333], [50.00783333333333, 26.7385], [50.007583333333336, 26.7385], [50.007583333333336, 26.73875], [50.00775, 26.73875], [50.00775, 26.738666666666663], [50.00783333333333, 26.738666666666663], [50.00783333333333, 26.738833333333332], [50.00775, 26.738833333333332], [50.00775, 26.738916666666665], [50.007666666666665, 26.738916666666665], [50.007666666666665, 26.738999999999997], [50.007583333333336, 26.738999999999997], [50.007583333333336, 26.739416666666664], [50.007416666666664, 26.739416666666664], [50.007416666666664, 26.7395], [50.00725, 26.7395], [50.00725, 26.74], [50.00641666666667, 26.74]], [[50.00666666666667, 26.73925], [50.007333333333335, 26.73925], [50.007333333333335, 26.739166666666666], [50.007416666666664, 26.739166666666666], [50.007416666666664, 26.739083333333333], [50.0075, 26.739083333333333], [50.0075, 26.738999999999997], [50.00725, 26.738999999999997], [50.00725, 26.738916666666665], [50.007083333333334, 26.738916666666665], [50.007083333333334, 26.738999999999997], [50.00683333333333, 26.738999999999997], [50.00683333333333, 26.739083333333333], [50.00666666666667, 26.739083333333333], [50.00666666666667, 26.73925]]]}}, {"type": "Feature", "properties": {"stand": "TRT7"}, "geometry": {"type": "Polygon", "coordinates": [[[50.00333333333333, 26.74], [50.00333333333333, 26.739833333333333], [50.003416666666666, 26.739833333333333], [50.003416666666666, 26.739083333333333], [50.00333333333333, 26.739083333333333], [50.00333333333333, 26.738999999999997], [50.00325, 26.738999999999997], [50.00325, 26.738916666666665], [50.003166666666665, 26.738916666666665], [50.003166666666665, 26.738833333333332], [50.003, 26.738833333333332], [50.003, 26.73875], [50.002916666666664, 26.73875], [50.002916666666664, 26.7385], [50.002833333333335, 26.7385], [50.002833333333335, 26.738166666666665], [50.00275, 26.738166666666665], [50.00275, 26.738], [50.00266666666667, 26.738], [50.00266666666667, 26.737666666666666], [50.002583333333334, 26.737666666666666], [50.002583333333334, 26.737499999999997], [50.0025, 26.737499999999997], [50.0025, 26.737333333333332], [50.00241666666667, 26.737333333333332], [50.00241666666667, 26.736749999999997], [50.00233333333333, 26.736749999999997], [50.00233333333333, 26.736416666666663], [50.00225, 26.736416666666663], [50.00225, 26.73625], [50.00216666666667, 26.73625], [50.00216666666667, 26.736166666666666], [50.00208333333333, 26.736166666666666], [50.00208333333333, 26.736083333333333], [50.002, 26.736083333333333], [50.002, 26.735916666666665], [50.00183333333333, 26.735916666666665], [50.00183333333333, 26.735833333333332], [50.00175, 26.735833333333332], [50.00175, 26.73575], [50.001666666666665, 26.73575], [50.001666666666665, 26.734416666666664], [50.00175, 26.734416666666664], [50.00175, 26.734166666666667], [50.002, 26.734166666666667], [50.002, 26.73425], [50.00208333333333, 26.73425], [50.00208333333333, 26.734333333333332], [50.00216666666667, 26.734333333333332], [50.00216666666667, 26.734583333333333], [50.00225, 26.734583333333333], [50.00225, 26.735], [50.00233333333333, 26.735], [50.00233333333333, 26.735249999999997], [50.00241666666667, 26.735249999999997], [50.00241666666667, 26.735833333333332], [50.0025, 26.735833333333332], [50.0025, 26.735916666666665], [50.002583333333334, 26.735916666666665], [50.002583333333334, 26.736166666666666], [50.00266666666667, 26.736166666666666], [50.00266666666667, 26.73625], [50.002833333333335, 26.73625], [50.002833333333335, 26.73633333333333], [50.003083333333336, 26.73633333333333], [50.003083333333336, 26.736416666666663], [50.003166666666665, 26.736416666666663], [50.003166666666665, 26.737], [50.00325, 26.737], [50.00325, 26.73725], [50.00333333333333, 26.73725], [50.00333333333333, 26.737666666666666], [50.003416666666666, 26.737666666666666], [50.003416666666666, 26.73783333333333], [50.0035, 26.73783333333333], [50.0035, 26.738083333333332], [50.00358333333333, 26.738083333333332], [50.00358333333333, 26.738166666666665], [50.00366666666667, 26.738166666666665], [50.00366666666667, 26.738416666666666], [50.00375, 26.738416666666666], [50.00375, 26.73875], [50.00366666666667, 26.73875], [50.00366666666667, 26.738833333333332], [50.0035, 26.738833333333332], [50.0035, 26.739166666666666], [50.00366666666667, 26.739166666666666], [50.00366666666667, 26.73925], [50.00375, 26.73925], [50.00375, 26.73933333333333], [50.00391666666667, 26.73933333333333], [50.00391666666667, 26.739416666666664], [50.004, 26.739416666666664], [50.004, 26.7395], [50.00416666666666, 26.7395], [50.00416666666666, 26.739583333333332], [50.00425, 26.739583333333332], [50.00425, 26.739916666666666], [50.004083333333334, 26.739916666666666], [50.004083333333334, 26.74], [50.00333333333333, 26.74]]]}}, {"type": "Feature", "properties": {"stand": "TRT8"}, "geometry": {"type": "Polygon", "coordinates": [[[50.009, 26.736749999999997], [50.009, 26.736666666666665], [50.008916666666664, 26.736666666666665], [50.008916666666664, 26.736583333333332], [50.00875, 26.736583333333332], [50.00875, 26.7365], [50.00866666666666, 26.7365], [50.00866666666666, 26.736583333333332], [50.0085, 26.736583333333332], [50.0085, 26.736416666666663], [50.008583333333334, 26.736416666666663], [50.008583333333334, 26.73633333333333], [50.00875, 26.73633333333333], [50.00875, 26.73625], [50.009083333333336, 26.73625], [50.009083333333336, 26.736166666666666], [50.00925, 26.736166666666666], [50.00925, 26.736083333333333], [50.00941666666667, 26.736083333333333], [50.00941666666667, 26.735999999999997], [50.0095, 26.735999999999997], [50.0095, 26.735833333333332], [50.00958333333333, 26.735833333333332], [50.00958333333333, 26.73575], [50.0095, 26.73575], [50.0095, 26.735666666666663], [50.00941666666667, 26.735666666666663], [50.00941666666667, 26.735416666666666], [50.00933333333333, 26.735416666666666], [50.00933333333333, 26.735333333333333], [50.00925, 26.735333333333333], [50.00925, 26.735249999999997], [50.009166666666665, 26.735249999999997], [50.009166666666665, 26.735166666666665], [50.00875, 26.735166666666665], [50.00875, 26.735249999999997], [50.00866666666666, 26.735249999999997], [50.00866666666666, 26.735416666666666], [50.008833333333335, 26.735416666666666], [50.008833333333335, 26.7355], [50.008916666666664, 26.7355], [50.008916666666664, 26.735666666666663], [50.00875, 26.735666666666663], [50.00875, 26.735833333333332], [50.00866666666666, 26.735833333333332], [50.00866666666666, 26.73575], [50.008583333333334, 26.73575], [50.008583333333334, 26.735666666666663], [50.00816666666667, 26.735666666666663], [50.00816666666667, 26.73558333333333], [50.00808333333333, 26.73558333333333], [50.00808333333333, 26.735666666666663], [50.008, 26.735666666666663], [50.008, 26.73558333333333], [50.00791666666667, 26.73558333333333], [50.00791666666667, 26.735333333333333], [50.008, 26.735333333333333], [50.008, 26.735249999999997], [50.00816666666667, 26.735249999999997], [50.00816666666667, 26.735166666666665], [50.0085, 26.735166666666665], [50.0085, 26.735083333333332], [50.00866666666666, 26.735083333333332], [50.00866666666666, 26.734916666666663], [50.009, 26.734916666666663], [50.009, 26.734583333333333], [50.009083333333336, 26.734583333333333], [50.009083333333336, 26.734499999999997], [50.00925, 26.734499999999997], [50.00925, 26.734583333333333], [50.0095, 26.734583333333333], [50.0095, 26.734666666666666], [50.00983333333333, 26.734666666666666], [50.00983333333333, 26.734499999999997], [50.00991666666667, 26.734499999999997], [50.00991666666667, 26.734333333333332], [50.01, 26.734333333333332], [50.01, 26.734166666666667], [50.010083333333334, 26.734166666666667], [50.010083333333334, 26.73408333333333], [50.01, 26.73408333333333], [50.01, 26.733916666666666], [50.010083333333334, 26.733916666666666], [50.010083333333334, 26.733833333333333], [50.010416666666664, 26.733833333333333], [50.010416666666664, 26.733916666666666], [50.0105, 26.733916666666666], [50.0105, 26.733833333333333], [50.01058333333334, 26.733833333333333], [50.01058333333334, 26.733749999999997], [50.0105, 26.733749999999997], [50.0105, 26.733666666666664], [50.010416666666664, 26.733666666666664], [50.010416666666664, 26.7335], [50.0105, 26.7335], [50.0105, 26.733416666666667], [50.01058333333334, 26.733416666666667], [50.01058333333334, 26.733083333333333], [50.01075, 26.733083333333333], [50.01075, 26.73275], [50.01083333333333, 26.73275], [50.01083333333333, 26.733249999999998], [50.01075, 26.733249999999998], [50.01075, 26.733749999999997], [50.010666666666665, 26.733749999999997], [50.010666666666665, 26.733916666666666], [50.01058333333334, 26.733916666666666], [50.01058333333334, 26.73425], [50.0105, 26.73425], [50.0105, 26.734333333333332], [50.010333333333335, 26.734333333333332], [50.010333333333335, 26.734416666666664], [50.01025, 26.734416666666664], [50.01025, 26.734499999999997], [50.01016666666666, 26.734499999999997], [50.01016666666666, 26.734583333333333], [50.010333333333335, 26.734583333333333], [50.010333333333335, 26.734916666666663], [50.010083333333334, 26.734916666666663], [50.010083333333334, 26.735333333333333], [50.01016666666666, 26.735333333333333], [50.01016666666666, 26.735416666666666], [50.010083333333334, 26.735416666666666], [50.010083333333334, 26.73558333333333], [50.00991666666667, 26.73558333333333], [50.00991666666667, 26.735666666666663], [50.01, 26.735666666666663], [50.01, 26.735999999999997], [50.00991666666667, 26.735999999999997], [50.00991666666667, 26.736083333333333], [50.00966666666667, 26.736083333333333], [50.00966666666667, 26.736166666666666], [50.00941666666667, 26.736166666666666], [50.00941666666667, 26.73625], [50.00925, 26.73625], [50.00925, 26.73633333333333], [50.00941666666667, 26.73633333333333], [50.00941666666667, 26.736416666666663], [50.0095, 26.736416666666663], [50.0095, 26.7365], [50.00933333333333, 26.7365], [50.00933333333333, 26.736416666666663], [50.009166666666665, 26.736416666666663], [50.009166666666665, 26.736749999999997], [50.009, 26.736749999999997]], [[50.00966666666667, 26.735083333333332], [50.00975, 26.735083333333332], [50.00975, 26.735], [50.00983333333333, 26.735], [50.00983333333333, 26.734916666666663], [50.00966666666667, 26.734916666666663], [50.00966666666667, 26.735083333333332]], [[50.01016666666666, 26.734416666666664], [50.01025, 26.734416666666664], [50.01025, 26.734333333333332], [50.01016666666666, 26.734333333333332], [50.01016666666666, 26.734416666666664]]]}}, {"type": "Feature", "properties": {"stand": "TRT3"}, "geometry": {"type": "Polygon", "coordinates": [[[49.99516666666667, 26.74], [49.99516666666667, 26.739833333333333], [49.99508333333333, 26.739833333333333], [49.99508333333333, 26.739749999999997], [49.995, 26.739749999999997], [49.995, 26.739666666666665], [49.99491666666667, 26.739666666666665], [49.99491666666667, 26.739583333333332], [49.994749999999996, 26.739583333333332], [49.994749999999996, 26.7395], [49.99483333333333, 26.7395], [49.99483333333333, 26.73933333333333], [49.995, 26.73933333333333], [49.995, 26.739166666666666], [49.99491666666667, 26.739166666666666], [49.99491666666667, 26.738999999999997], [49.99483333333333, 26.738999999999997], [49.99483333333333, 26.738916666666665], [49.99458333333333, 26.738916666666665], [49.99458333333333, 26.738666666666663], [49.9945, 26.738666666666663], [49.9945, 26.73858333333333], [49.994416666666666, 26.73858333333333], [49.994416666666666, 26.7385], [49.9945, 26.7385], [49.9945, 26.738416666666666], [49.99458333333333, 26.738416666666666], [49.99458333333333, 26.738333333333333], [49.994749999999996, 26.738333333333333], [49.994749999999996, 26.738166666666665], [49.99466666666667, 26.738166666666665], [49.99466666666667, 26.738083333333332], [49.99458333333333, 26.738083333333332], [49.99458333333333, 26.73783333333333], [49.9945, 26.73783333333333], [49.9945, 26.73775], [49.99458333333333, 26.73775], [49.99458333333333, 26.737666666666666], [49.9945, 26.737666666666666], [49.9945, 26.737333333333332], [49.994416666666666, 26.737333333333332], [49.994416666666666, 26.73725], [49.9945, 26.73725], [49.9945, 26.737166666666663], [49.994416666666666, 26.737166666666663], [49.994416666666666, 26.73708333333333], [49.9945, 26.73708333333333], [49.9945, 26.737], [49.99458333333333, 26.737], [49.99458333333333, 26.736916666666666], [49.994749999999996, 26.736916666666666], [49.994749999999996, 26.736666666666665], [49.99458333333333, 26.736666666666665], [49.99458333333333, 26.7365], [49.99466666666667, 26.7365], [49.99466666666667, 26.736416666666663], [49.99483333333333, 26.736416666666663], [49.99483333333333, 26.735916666666665], [49.994749999999996, 26.735916666666665], [49.994749999999996, 26.735833333333332], [49.9945, 26.735833333333332], [49.9945, 26.73575], [49.994416666666666, 26.73575], [49.994416666666666, 26.73558333333333], [49.99508333333333, 26.73558333333333], [49.99508333333333, 26.735666666666663], [49.99525, 26.735666666666663], [49.99525, 26.73558333333333], [49.99516666666667, 26.73558333333333], [49.99516666666667, 26.7355], [49.995, 26.7355], [49.995, 26.735416666666666], [49.99491666666667, 26.735416666666666], [49.99491666666667, 26.735333333333333], [49.99483333333333, 26.735333333333333], [49.99483333333333, 26.735166666666665], [49.994749999999996, 26.735166666666665], [49.994749999999996, 26.735083333333332], [49.99466666666667, 26.735083333333332], [49.99466666666667, 26.735], [49.99458333333333, 26.735], [49.99458333333333, 26.73483333333333], [49.9945, 26.73483333333333], [49.9945, 26.73475], [49.994416666666666, 26.73475], [49.994416666666666, 26.734666666666666], [49.99433333333333, 26.734666666666666], [49.99433333333333, 26.734583333333333], [49.994416666666666, 26.734583333333333], [49.994416666666666, 26.734499999999997], [49.99433333333333, 26.734499999999997], [49.99433333333333, 26.734416666666664], [49.99425, 26.734416666666664], [49.99425, 26.734166666666667], [49.994166666666665, 26.734166666666667], [49.994166666666665, 26.73408333333333], [49.99425, 26.73408333333333], [49.99425, 26.733916666666666], [49.994166666666665, 26.733916666666666], [49.994166666666665, 26.733833333333333], [49.99425, 26.733833333333333], [49.99425, 26.733666666666664], [49.994166666666665, 26.733666666666664], [49.994166666666665, 26.7335], [49.99425, 26.7335], [49.99425, 26.73333333333333], [49.994166666666665, 26.73333333333333], [49.994166666666665, 26.733249999999998], [49.99425, 26.733249999999998], [49.99425, 26.733166666666666], [49.994166666666665, 26.733166666666666], [49.994166666666665, 26.732999999999997], [49.99425, 26.732999999999997], [49.99425, 26.732333333333333], [49.994166666666665, 26.732333333333333], [49.994166666666665, 26.732916666666664], [49.994083333333336, 26.732916666666664], [49.994083333333336, 26.734666666666666], [49.994, 26.734666666666666], [49.994, 26.734583333333333], [49.993916666666664, 26.734583333333333], [49.993916666666664, 26.734166666666667], [49.994, 26.734166666666667], [49.994, 26.733666666666664], [49.993916666666664, 26.733666666666664], [49.993916666666664, 26.733583333333332], [49.993833333333335, 26.733583333333332], [49.993833333333335, 26.7335], [49.99366666666667, 26.7335], [49.99366666666667, 26.733416666666667], [49.99358333333333, 26.733416666666667], [49.99358333333333, 26.7335], [49.9935, 26.7335], [49.9935, 26.73333333333333], [49.99341666666667, 26.73333333333333], [49.99341666666667, 26.733249999999998], [49.99308333333333, 26.733249999999998], [49.99308333333333, 26.733083333333333], [49.99316666666667, 26.733083333333333], [49.99316666666667, 26.732999999999997], [49.99308333333333, 26.732999999999997], [49.99308333333333, 26.732833333333332], [49.99316666666667, 26.732833333333332], [49.99316666666667, 26.73275], [49.992916666666666, 26.73275], [49.992916666666666, 26.73258333333333], [49.99283333333333, 26.73258333333333], [49.99283333333333, 26.732499999999998], [49.99275, 26.732499999999998], [49.99275, 26.732333333333333], [49.99283333333333, 26.732333333333333], [49.99283333333333, 26.732166666666664], [49.99275, 26.732166666666664], [49.99275, 26.732083333333332], [49.992583333333336, 26.732083333333332], [49.992583333333336, 26.732249999999997], [49.992333333333335, 26.732249999999997], [49.992333333333335, 26.732083333333332], [49.992416666666664, 26.732083333333332], [49.992416666666664, 26.731416666666664], [49.992583333333336, 26.731416666666664], [49.992583333333336, 26.731499999999997], [49.993, 26.731499999999997], [49.993, 26.731416666666664], [49.99316666666667, 26.731416666666664], [49.99316666666667, 26.731333333333332], [49.99308333333333, 26.731333333333332], [49.99308333333333, 26.73125], [49.99275, 26.73125], [49.99275, 26.731166666666667], [49.992666666666665, 26.731166666666667], [49.992666666666665, 26.73108333333333], [49.992583333333336, 26.73108333333333], [49.992583333333336, 26.730999999999998], [49.992416666666664, 26.730999999999998], [49.992416666666664, 26.73108333333333], [49.99225, 26.73108333333333], [49.99225, 26.731166666666667], [49.99191666666667, 26.731166666666667], [49.99191666666667, 26.73125], [49.99175, 26.73125], [49.99175, 26.730999999999998], [49.99191666666667, 26.730999999999998], [49.99191666666667, 26.730916666666666], [49.992, 26.730916666666666], [49.992, 26.730749999999997], [49.99191666666667, 26.730749999999997], [49.99191666666667, 26.730666666666664], [49.99158333333333, 26.730666666666664], [49.99158333333333, 26.730583333333332], [49.9915, 26.730583333333332], [49.9915, 26.730666666666664], [49.991416666666666, 26.730666666666664], [49.991416666666666, 26.7305], [49.99133333333333, 26.7305], [49.99133333333333, 26.73033333333333], [49.99125, 26.73033333333333], [49.99125, 26.730166666666666], [49.99133333333333, 26.730166666666666], [49.99133333333333, 26.730083333333333], [49.99125, 26.730083333333333], [49.99125, 26.729916666666664], [49.99133333333333, 26.729916666666664], [49.99133333333333, 26.72975], [49.991416666666666, 26.72975], [49.991416666666666, 26.72958333333333], [49.9915, 26.72958333333333], [49.9915, 26.729416666666665], [49.99166666666667, 26.729416666666665], [49.99166666666667, 26.729333333333333], [49.99183333333333, 26.729333333333333], [49.99183333333333, 26.729416666666665], [49.992, 26.729416666666665], [49.992, 26.729499999999998], [49.99208333333333, 26.729499999999998], [49.99208333333333, 26.729666666666667], [49.99225, 26.729666666666667], [49.99225, 26.72975], [49.992333333333335, 26.72975], [49.992333333333335, 26.729833333333332], [49.992666666666665, 26.729833333333332], [49.992666666666665, 26.729916666666664], [49.99275, 26.729916666666664], [49.99275, 26.730083333333333], [49.99283333333333, 26.730083333333333], [49.99283333333333, 26.730166666666666], [49.99308333333333, 26.730166666666666], [49.99308333333333, 26.730249999999998], [49.99316666666667, 26.730249999999998], [49.99316666666667, 26.73033333333333], [49.993249999999996, 26.73033333333333], [49.993249999999996, 26.730416666666667], [49.99358333333333, 26.730416666666667], [49.99358333333333, 26.73033333333333], [49.99366666666667, 26.73033333333333], [49.99366666666667, 26.730249999999998], [49.993833333333335, 26.730249999999998], [49.993833333333335, 26.73033333333333], [49.994, 26.73033333333333], [49.994, 26.730416666666667], [49.994083333333336, 26.730416666666667], [49.994083333333336, 26.730666666666664], [49.994166666666665, 26.730666666666664], [49.994166666666665, 26.731916666666667], [49.99425, 26.731916666666667], [49.99425, 26.73125], [49.99433333333333, 26.73125], [49.99433333333333, 26.731166666666667], [49.9945, 26.731166666666667], [49.9945, 26.73125], [49.99458333333333, 26.73125], [49.99458333333333, 26.731333333333332], [49.99466666666667, 26.731333333333332], [49.99466666666667, 26.731499999999997], [49.994749999999996, 26.731499999999997], [49.994749999999996, 26.731583333333333], [49.995, 26.731583333333333], [49.995, 26.73183333333333], [49.99508333333333, 26.73183333333333], [49.99508333333333, 26.731916666666667], [49.995333333333335, 26.731916666666667], [49.995333333333335, 26.731749999999998], [49.995416666666664, 26.731749999999998], [49.995416666666664, 26.731416666666664], [49.995583333333336, 26.731416666666664], [49.995583333333336, 26.731166666666667], [49.995666666666665, 26.731166666666667], [49.995666666666665, 26.73108333333333], [49.99608333333333, 26.73108333333333], [49.99608333333333, 26.731166666666667], [49.99633333333333, 26.731166666666667], [49.99633333333333, 26.73125], [49.99641666666667, 26.73125], [49.99641666666667, 26.731333333333332], [49.9965, 26.731333333333332], [49.9965, 26.731416666666664], [49.996583333333334, 26.731416666666664], [49.996583333333334, 26.731749999999998], [49.99641666666667, 26.731749999999998], [49.99641666666667, 26.732166666666664], [49.996249999999996, 26.732166666666664], [49.996249999999996, 26.732249999999997], [49.99575, 26.732249999999997], [49.99575, 26.732499999999998], [49.99583333333333, 26.732499999999998], [49.99583333333333, 26.73258333333333], [49.995916666666666, 26.73258333333333], [49.995916666666666, 26.732833333333332], [49.996249999999996, 26.732833333333332], [49.996249999999996, 26.732916666666664], [49.9965, 26.732916666666664], [49.9965, 26.732833333333332], [49.99666666666667, 26.732833333333332], [49.99666666666667, 26.73275], [49.996833333333335, 26.73275], [49.996833333333335, 26.732833333333332], [49.996916666666664, 26.732833333333332], [49.996916666666664, 26.732999999999997], [49.996833333333335, 26.732999999999997], [49.996833333333335, 26.733083333333333], [49.99675, 26.733083333333333], [49.99675, 26.733166666666666], [49.99666666666667, 26.733166666666666], [49.99666666666667, 26.733249999999998], [49.99641666666667, 26.733249999999998], [49.99641666666667, 26.73333333333333], [49.99633333333333, 26.73333333333333], [49.99633333333333, 26.733416666666667], [49.996249999999996, 26.733416666666667], [49.996249999999996, 26.733583333333332], [49.99616666666667, 26.733583333333332], [49.99616666666667, 26.733749999999997], [49.996249999999996, 26.733749999999997], [49.996249999999996, 26.733833333333333], [49.99616666666667, 26.733833333333333], [49.99616666666667, 26.734166666666667], [49.996, 26.734166666666667], [49.996, 26.734333333333332], [49.995916666666666, 26.734333333333332], [49.995916666666666, 26.734416666666664], [49.99583333333333, 26.734416666666664], [49.99583333333333, 26.735416666666666], [49.995916666666666, 26.735416666666666], [49.995916666666666, 26.7355], [49.996, 26.7355], [49.996, 26.735999999999997], [49.995916666666666, 26.735999999999997], [49.995916666666666, 26.736083333333333], [49.99608333333333, 26.736083333333333], [49.99608333333333, 26.735833333333332], [49.996249999999996, 26.735833333333332], [49.996249999999996, 26.73575], [49.99641666666667, 26.73575], [49.99641666666667, 26.736083333333333], [49.9965, 26.736083333333333], [49.9965, 26.736166666666666], [49.99633333333333, 26.736166666666666], [49.99633333333333, 26.73625], [49.99641666666667, 26.73625], [49.99641666666667, 26.73633333333333], [49.9965, 26.73633333333333], [49.9965, 26.736416666666663], [49.996583333333334, 26.736416666666663], [49.996583333333334, 26.736583333333332], [49.996833333333335, 26.736583333333332], [49.996833333333335, 26.736666666666665], [49.996916666666664, 26.736666666666665], [49.996916666666664, 26.736749999999997], [49.997, 26.736749999999997], [49.997, 26.736916666666666], [49.997083333333336, 26.736916666666666], [49.997083333333336, 26.73708333333333], [49.997166666666665, 26.73708333333333], [49.997166666666665, 26.737166666666663], [49.99725, 26.737166666666663], [49.99725, 26.73725], [49.99733333333333, 26.73725], [49.99733333333333, 26.737333333333332], [49.997416666666666, 26.737333333333332], [49.997416666666666, 26.737583333333333], [49.99733333333333, 26.737583333333333], [49.99733333333333, 26.73775], [49.997166666666665, 26.73775], [49.997166666666665, 26.737916666666663], [49.997083333333336, 26.737916666666663], [49.997083333333336, 26.738166666666665], [49.997, 26.738166666666665], [49.997, 26.738249999999997], [49.9965, 26.738249999999997], [49.9965, 26.738333333333333], [49.99641666666667, 26.738333333333333], [49.99641666666667, 26.7385], [49.996249999999996, 26.7385], [49.996249999999996, 26.738666666666663], [49.99616666666667, 26.738666666666663], [49.99616666666667, 26.738833333333332], [49.99608333333333, 26.738833333333332], [49.99608333333333, 26.738999999999997], [49.996, 26.738999999999997], [49.996, 26.739083333333333], [49.99575, 26.739083333333333], [49.99575, 26.73925], [49.995666666666665, 26.73925], [49.995666666666665, 26.7395], [49.99575, 26.7395], [49.99575, 26.739583333333332], [49.995916666666666, 26.739583333333332], [49.995916666666666, 26.739416666666664], [49.996, 26.739416666666664], [49.996, 26.73933333333333], [49.99608333333333, 26.73933333333333], [49.99608333333333, 26.739083333333333], [49.99616666666667, 26.739083333333333], [49.99616666666667, 26.738999999999997], [49.99641666666667, 26.738999999999997], [49.99641666666667, 26.738916666666665], [49.9965, 26.738916666666665], [49.9965, 26.73875], [49.996583333333334, 26.73875], [49.996583333333334, 26.738666666666663], [49.99666666666667, 26.738666666666663], [49.99666666666667, 26.73858333333333], [49.996916666666664, 26.73858333333333], [49.996916666666664, 26.738416666666666], [49.997083333333336, 26.738416666666666], [49.997083333333336, 26.738333333333333], [49.997166666666665, 26.738333333333333], [49.997166666666665, 26.738249999999997], [49.99733333333333, 26.738249999999997], [49.99733333333333, 26.738083333333332], [49.997416666666666, 26.738083333333332], [49.997416666666666, 26.73775], [49.9975, 26.73775], [49.9975, 26.73783333333333], [49.99758333333333, 26.73783333333333], [49.99758333333333, 26.737916666666663], [49.99766666666667, 26.737916666666663], [49.99766666666667, 26.738166666666665], [49.997749999999996, 26.738166666666665], [49.997749999999996, 26.738249999999997], [49.99783333333333, 26.738249999999997], [49.99783333333333, 26.738416666666666], [49.9975, 26.738416666666666], [49.9975, 26.73858333333333], [49.997416666666666, 26.73858333333333], [49.997416666666666, 26.738666666666663], [49.9975, 26.738666666666663], [49.9975, 26.73875], [49.99758333333333, 26.73875], [49.99758333333333, 26.739166666666666], [49.99766666666667, 26.739166666666666], [49.99766666666667, 26.739083333333333], [49.99791666666667, 26.739083333333333], [49.99791666666667, 26.739583333333332], [49.99875, 26.739583333333332], [49.99875, 26.739666666666665], [49.999, 26.739666666666665], [49.999, 26.739749999999997], [49.99933333333333, 26.739749999999997], [49.99933333333333, 26.739833333333333], [49.99941666666667, 26.739833333333333], [49.99941666666667, 26.739916666666666], [49.999583333333334, 26.739916666666666], [49.999583333333334, 26.74], [49.996833333333335, 26.74], [49.996833333333335, 26.739916666666666], [49.996916666666664, 26.739916666666666], [49.996916666666664, 26.739749999999997], [49.997166666666665, 26.739749999999997], [49.997166666666665, 26.739666666666665], [49.99725, 26.739666666666665], [49.99725, 26.7395], [49.997416666666666, 26.7395], [49.997416666666666, 26.73933333333333], [49.99733333333333, 26.73933333333333], [49.99733333333333, 26.73925], [49.99725, 26.73925], [49.99725, 26.73933333333333], [49.997083333333336, 26.73933333333333], [49.997083333333336, 26.7395], [49.996916666666664, 26.7395], [49.996916666666664, 26.739583333333332], [49.99675, 26.739583333333332], [49.99675, 26.739666666666665], [49.996583333333334, 26.739666666666665], [49.996583333333334, 26.739749999999997], [49.9965, 26.739749999999997], [49.9965, 26.74], [49.99516666666667, 26.74]], [[49.995583333333336, 26.739833333333333], [49.99575, 26.739833333333333], [49.99575, 26.739666666666665], [49.995583333333336, 26.739666666666665], [49.995583333333336, 26.739833333333333]], [[49.996249999999996, 26.73933333333333], [49.99633333333333, 26.73933333333333], [49.99633333333333, 26.73925], [49.996249999999996, 26.73925], [49.996249999999996, 26.73933333333333]], [[49.996916666666664, 26.739166666666666], [49.997, 26.739166666666666], [49.997, 26.739083333333333], [49.996916666666664, 26.739083333333333], [49.996916666666664, 26.739166666666666]], [[49.997, 26.738916666666665], [49.997083333333336, 26.738916666666665], [49.997083333333336, 26.738833333333332], [49.997, 26.738833333333332], [49.997, 26.738916666666665]], [[49.996916666666664, 26.73725], [49.997, 26.73725], [49.997, 26.737166666666663], [49.996916666666664, 26.737166666666663], [49.996916666666664, 26.73725]], [[49.99616666666667, 26.736166666666666], [49.99633333333333, 26.736166666666666], [49.99633333333333, 26.736083333333333], [49.99616666666667, 26.736083333333333], [49.99616666666667, 26.736166666666666]], [[49.994166666666665, 26.732249999999997], [49.99425, 26.732249999999997], [49.99425, 26.732166666666664], [49.994166666666665, 26.732166666666664], [49.994166666666665, 26.732249999999997]], [[49.9925, 26.730416666666667], [49.992583333333336, 26.730416666666667], [49.992583333333336, 26.73033333333333], [49.9925, 26.73033333333333], [49.9925, 26.730416666666667]]]}}, {"type": "Feature", "properties": {"stand": "TRT1"}, "geometry": {"type": "Polygon", "coordinates": [[[50.00641666666667, 26.7355], [50.00641666666667, 26.735416666666666], [50.00575, 26.735416666666666], [50.00575, 26.735166666666665], [50.006083333333336, 26.735166666666665], [50.006083333333336, 26.735], [50.006166666666665, 26.735], [50.006166666666665, 26.734916666666663], [50.0065, 26.734916666666663], [50.0065, 26.73483333333333], [50.00666666666667, 26.73483333333333], [50.00666666666667, 26.73475], [50.00691666666667, 26.73475], [50.00691666666667, 26.734666666666666], [50.007083333333334, 26.734666666666666], [50.007083333333334, 26.734583333333333], [50.00716666666666, 26.734583333333333], [50.00716666666666, 26.734499999999997], [50.006166666666665, 26.734499999999997], [50.006166666666665, 26.734583333333333], [50.00575, 26.734583333333333], [50.00575, 26.734666666666666], [50.005583333333334, 26.734666666666666], [50.005583333333334, 26.734583333333333], [50.0055, 26.734583333333333], [50.0055, 26.734499999999997], [50.00541666666667, 26.734499999999997], [50.00541666666667, 26.734416666666664], [50.00533333333333, 26.734416666666664], [50.00533333333333, 26.734333333333332], [50.00525, 26.734333333333332], [50.00525, 26.733916666666666], [50.00541666666667, 26.733916666666666], [50.00541666666667, 26.733833333333333], [50.0055, 26.733833333333333], [50.0055, 26.733749999999997], [50.00541666666667, 26.733749999999997], [50.00541666666667, 26.733666666666664], [50.00533333333333, 26.733666666666664], [50.00533333333333, 26.733583333333332], [50.00516666666667, 26.733583333333332], [50.00516666666667, 26.7335], [50.00483333333333, 26.7335], [50.00483333333333, 26.733416666666667], [50.00475, 26.733416666666667], [50.00475, 26.73333333333333], [50.00491666666667, 26.73333333333333], [50.00491666666667, 26.733166666666666], [50.005, 26.733166666666666], [50.005, 26.73275], [50.00491666666667, 26.73275], [50.00491666666667, 26.732666666666667], [50.00483333333333, 26.732666666666667], [50.00483333333333, 26.73258333333333], [50.004666666666665, 26.73258333333333], [50.004666666666665, 26.732], [50.00475, 26.732], [50.00475, 26.73183333333333], [50.00491666666667, 26.73183333333333], [50.00491666666667, 26.731666666666666], [50.005, 26.731666666666666], [50.005, 26.731333333333332], [50.00508333333333, 26.731333333333332], [50.00508333333333, 26.731166666666667], [50.00516666666667, 26.731166666666667], [50.00516666666667, 26.730916666666666], [50.00533333333333, 26.730916666666666], [50.00533333333333, 26.730583333333332], [50.00525, 26.730583333333332], [50.00525, 26.7305], [50.00508333333333, 26.7305], [50.00508333333333, 26.730416666666667], [50.005, 26.730416666666667], [50.005, 26.73033333333333], [50.00483333333333, 26.73033333333333], [50.00483333333333, 26.730249999999998], [50.00475, 26.730249999999998], [50.00475, 26.730166666666666], [50.004666666666665, 26.730166666666666], [50.004666666666665, 26.729916666666664], [50.00475, 26.729916666666664], [50.00475, 26.729666666666667], [50.004666666666665, 26.729666666666667], [50.004666666666665, 26.72958333333333], [50.0045, 26.72958333333333], [50.0045, 26.729499999999998], [50.004333333333335, 26.729499999999998], [50.004333333333335, 26.729416666666665], [50.004, 26.729416666666665], [50.004, 26.729333333333333], [50.0035, 26.729333333333333], [50.0035, 26.72908333333333], [50.003416666666666, 26.72908333333333], [50.003416666666666, 26.729], [50.00333333333333, 26.729], [50.00333333333333, 26.72883333333333], [50.00325, 26.72883333333333], [50.00325, 26.728499999999997], [50.00333333333333, 26.728499999999997], [50.00333333333333, 26.728416666666664], [50.00383333333333, 26.728416666666664], [50.00383333333333, 26.72833333333333], [50.003083333333336, 26.72833333333333], [50.003083333333336, 26.726999999999997], [50.003166666666665, 26.726999999999997], [50.003166666666665, 26.72675], [50.00325, 26.72675], [50.00325, 26.72658333333333], [50.003416666666666, 26.72658333333333], [50.003416666666666, 26.726333333333333], [50.00333333333333, 26.726333333333333], [50.00333333333333, 26.726166666666664], [50.00325, 26.726166666666664], [50.00325, 26.725749999999998], [50.00333333333333, 26.725749999999998], [50.00333333333333, 26.725666666666665], [50.003416666666666, 26.725666666666665], [50.003416666666666, 26.725416666666664], [50.0035, 26.725416666666664], [50.0035, 26.72533333333333], [50.003416666666666, 26.72533333333333], [50.003416666666666, 26.724916666666665], [50.00333333333333, 26.724916666666665], [50.00333333333333, 26.724749999999997], [50.003416666666666, 26.724749999999997], [50.003416666666666, 26.724416666666666], [50.00358333333333, 26.724416666666666], [50.00358333333333, 26.724249999999998], [50.00366666666667, 26.724249999999998], [50.00366666666667, 26.724166666666665], [50.00375, 26.724166666666665], [50.00375, 26.724083333333333], [50.00383333333333, 26.724083333333333], [50.00383333333333, 26.724], [50.00391666666667, 26.724], [50.00391666666667, 26.723916666666664], [50.00416666666666, 26.723916666666664], [50.00416666666666, 26.72383333333333], [50.00425, 26.72383333333333], [50.00425, 26.723666666666666], [50.004333333333335, 26.723666666666666], [50.004333333333335, 26.72358333333333], [50.00475, 26.72358333333333], [50.00475, 26.723499999999998], [50.00525, 26.723499999999998], [50.00525, 26.723416666666665], [50.00566666666666, 26.723416666666665], [50.00566666666666, 26.723499999999998], [50.00575, 26.723499999999998], [50.00575, 26.72358333333333], [50.005916666666664, 26.72358333333333], [50.005916666666664, 26.723666666666666], [50.006, 26.723666666666666], [50.006, 26.724249999999998], [50.006083333333336, 26.724249999999998], [50.006083333333336, 26.724666666666664], [50.00625, 26.724666666666664], [50.00625, 26.72458333333333], [50.00641666666667, 26.72458333333333], [50.00641666666667, 26.724666666666664], [50.0065, 26.724666666666664], [50.0065, 26.724749999999997], [50.00658333333333, 26.724749999999997], [50.00658333333333, 26.724833333333333], [50.00666666666667, 26.724833333333333], [50.00666666666667, 26.725166666666667], [50.00633333333333, 26.725166666666667], [50.00633333333333, 26.72525], [50.006083333333336, 26.72525], [50.006083333333336, 26.725416666666664], [50.005833333333335, 26.725416666666664], [50.005833333333335, 26.725499999999997], [50.00575, 26.725499999999997], [50.00575, 26.725666666666665], [50.006083333333336, 26.725666666666665], [50.006083333333336, 26.725583333333333], [50.006166666666665, 26.725583333333333], [50.006166666666665, 26.725666666666665], [50.00625, 26.725666666666665], [50.00625, 26.725749999999998], [50.00633333333333, 26.725749999999998], [50.00633333333333, 26.72583333333333], [50.00666666666667, 26.72583333333333], [50.00666666666667, 26.725916666666667], [50.007083333333334, 26.725916666666667], [50.007083333333334, 26.726], [50.00716666666666, 26.726], [50.00716666666666, 26.72608333333333], [50.007333333333335, 26.72608333333333], [50.007333333333335, 26.726166666666664], [50.0075, 26.726166666666664], [50.0075, 26.726249999999997], [50.007666666666665, 26.726249999999997], [50.007666666666665, 26.726416666666665], [50.00783333333333, 26.726416666666665], [50.00783333333333, 26.726499999999998], [50.008, 26.726499999999998], [50.008, 26.72658333333333], [50.00808333333333, 26.72658333333333], [50.00808333333333, 26.726666666666667], [50.00816666666667, 26.726666666666667], [50.00816666666667, 26.72675], [50.00825, 26.72675], [50.00825, 26.72683333333333], [50.00833333333333, 26.72683333333333], [50.00833333333333, 26.726999999999997], [50.0085, 26.726999999999997], [50.0085, 26.727083333333333], [50.008583333333334, 26.727083333333333], [50.008583333333334, 26.727166666666665], [50.00866666666666, 26.727166666666665], [50.00866666666666, 26.727416666666667], [50.00875, 26.727416666666667], [50.00875, 26.7275], [50.008833333333335, 26.7275], [50.008833333333335, 26.72758333333333], [50.009083333333336, 26.72758333333333], [50.009083333333336, 26.727666666666664], [50.009166666666665, 26.727666666666664], [50.009166666666665, 26.727749999999997], [50.00925, 26.727749999999997], [50.00925, 26.727833333333333], [50.00933333333333, 26.727833333333333], [50.00933333333333, 26.72808333333333], [50.00925, 26.72808333333333], [50.00925, 26.728416666666664], [50.009166666666665, 26.728416666666664], [50.009166666666665, 26.728583333333333], [50.00925, 26.728583333333333], [50.00925, 26.728666666666665], [50.00933333333333, 26.728666666666665], [50.00933333333333, 26.728749999999998], [50.00958333333333, 26.728749999999998], [50.00958333333333, 26.728583333333333], [50.00966666666667, 26.728583333333333], [50.00966666666667, 26.72833333333333], [50.00975, 26.72833333333333], [50.00975, 26.727999999999998], [50.00983333333333, 26.727999999999998], [50.00983333333333, 26.72808333333333], [50.00991666666667, 26.72808333333333], [50.00991666666667, 26.728166666666667], [50.01025, 26.728166666666667], [50.01025, 26.72825], [50.010333333333335, 26.72825], [50.010333333333335, 26.728416666666664], [50.010416666666664, 26.728416666666664], [50.010416666666664, 26.728499999999997], [50.0105, 26.728499999999997], [50.0105, 26.728583333333333], [50.011, 26.728583333333333], [50.011, 26.728499999999997], [50.01108333333333, 26.728499999999997], [50.01108333333333, 26.728416666666664], [50.011, 26.728416666666664], [50.011, 26.72833333333333], [50.01083333333333, 26.72833333333333], [50.01083333333333, 26.728166666666667], [50.01075, 26.728166666666667], [50.01075, 26.72808333333333], [50.010666666666665, 26.72808333333333], [50.010666666666665, 26.727999999999998], [50.01058333333334, 26.727999999999998], [50.01058333333334, 26.727916666666665], [50.0105, 26.727916666666665], [50.0105, 26.727833333333333], [50.010333333333335, 26.727833333333333], [50.010333333333335, 26.7275], [50.0105, 26.7275], [50.0105, 26.727416666666667], [50.010416666666664, 26.727416666666667], [50.010416666666664, 26.72733333333333], [50.010333333333335, 26.72733333333333], [50.010333333333335, 26.727166666666665], [50.01025, 26.727166666666665], [50.01025, 26.726999999999997], [50.01016666666666, 26.726999999999997], [50.01016666666666, 26.726916666666664], [50.010083333333334, 26.726916666666664], [50.010083333333334, 26.72683333333333], [50.01, 26.72683333333333], [50.01, 26.72675], [50.00983333333333, 26.72675], [50.00983333333333, 26.72658333333333], [50.00975, 26.72658333333333], [50.00975, 26.726499999999998], [50.009166666666665, 26.726499999999998], [50.009166666666665, 26.726416666666665], [50.009083333333336, 26.726416666666665], [50.009083333333336, 26.726333333333333], [50.009, 26.726333333333333], [50.009, 26.726166666666664], [50.008916666666664, 26.726166666666664], [50.008916666666664, 26.72608333333333], [50.00866666666666, 26.72608333333333], [50.00866666666666, 26.726], [50.0085, 26.726], [50.0085, 26.725916666666667], [50.00825, 26.725916666666667], [50.00825, 26.72583333333333], [50.00808333333333, 26.72583333333333], [50.00808333333333, 26.725749999999998], [50.00791666666667, 26.725749999999998], [50.00791666666667, 26.725666666666665], [50.00775, 26.725666666666665], [50.00775, 26.725583333333333], [50.007666666666665, 26.725583333333333], [50.007666666666665, 26.725416666666664], [50.007583333333336, 26.725416666666664], [50.007583333333336, 26.72508333333333], [50.0075, 26.72508333333333], [50.0075, 26.724833333333333], [50.007416666666664, 26.724833333333333], [50.007416666666664, 26.724749999999997], [50.007333333333335, 26.724749999999997], [50.007333333333335, 26.7245], [50.00725, 26.7245], [50.00725, 26.724083333333333], [50.007416666666664, 26.724083333333333], [50.007416666666664, 26.724166666666665], [50.0075, 26.724166666666665], [50.0075, 26.72433333333333], [50.007666666666665, 26.72433333333333], [50.007666666666665, 26.724416666666666], [50.00775, 26.724416666666666], [50.00775, 26.7245], [50.00825, 26.7245], [50.00825, 26.724416666666666], [50.00816666666667, 26.724416666666666], [50.00816666666667, 26.72433333333333], [50.00808333333333, 26.72433333333333], [50.00808333333333, 26.724249999999998], [50.008, 26.724249999999998], [50.008, 26.724083333333333], [50.00791666666667, 26.724083333333333], [50.00791666666667, 26.72383333333333], [50.00783333333333, 26.72383333333333], [50.00783333333333, 26.72375], [50.00775, 26.72375], [50.00775, 26.72358333333333], [50.007666666666665, 26.72358333333333], [50.007666666666665, 26.723416666666665], [50.007583333333336, 26.723416666666665], [50.007583333333336, 26.72325], [50.0075, 26.72325], [50.0075, 26.722749999999998], [50.007583333333336, 26.722749999999998], [50.007583333333336, 26.722583333333333], [50.00783333333333, 26.722583333333333], [50.00783333333333, 26.722666666666665], [50.00791666666667, 26.722666666666665], [50.00791666666667, 26.722749999999998], [50.008, 26.722749999999998], [50.008, 26.722916666666666], [50.00808333333333, 26.722916666666666], [50.00808333333333, 26.723], [50.00816666666667, 26.723], [50.00816666666667, 26.723166666666664], [50.00825, 26.723166666666664], [50.00825, 26.72325], [50.00833333333333, 26.72325], [50.00833333333333, 26.723333333333333], [50.00841666666667, 26.723333333333333], [50.00841666666667, 26.723416666666665], [50.00866666666666, 26.723416666666665], [50.00866666666666, 26.723499999999998], [50.008916666666664, 26.723499999999998], [50.008916666666664, 26.72358333333333], [50.009, 26.72358333333333], [50.009, 26.724416666666666], [50.009083333333336, 26.724416666666666], [50.009083333333336, 26.7245], [50.009, 26.7245], [50.009, 26.72458333333333], [50.008916666666664, 26.72458333333333], [50.008916666666664, 26.724833333333333], [50.00925, 26.724833333333333], [50.00925, 26.724749999999997], [50.00933333333333, 26.724749999999997], [50.00933333333333, 26.724666666666664], [50.00925, 26.724666666666664], [50.00925, 26.724166666666665], [50.00941666666667, 26.724166666666665], [50.00941666666667, 26.723916666666664], [50.0095, 26.723916666666664], [50.0095, 26.724], [50.00958333333333, 26.724], [50.00958333333333, 26.724249999999998], [50.00966666666667, 26.724249999999998], [50.00966666666667, 26.72433333333333], [50.00983333333333, 26.72433333333333], [50.00983333333333, 26.724416666666666], [50.00991666666667, 26.724416666666666], [50.00991666666667, 26.72458333333333], [50.01, 26.72458333333333], [50.01, 26.724666666666664], [50.01016666666666, 26.724666666666664], [50.01016666666666, 26.724249999999998], [50.010333333333335, 26.724249999999998], [50.010333333333335, 26.72433333333333], [50.010416666666664, 26.72433333333333], [50.010416666666664, 26.724416666666666], [50.0105, 26.724416666666666], [50.0105, 26.7245], [50.01058333333334, 26.7245], [50.01058333333334, 26.72458333333333], [50.010666666666665, 26.72458333333333], [50.010666666666665, 26.724666666666664], [50.01075, 26.724666666666664], [50.01075, 26.724749999999997], [50.01091666666667, 26.724749999999997], [50.01091666666667, 26.724833333333333], [50.011, 26.724833333333333], [50.011, 26.724916666666665], [50.01108333333333, 26.724916666666665], [50.01108333333333, 26.72508333333333], [50.01116666666667, 26.72508333333333], [50.01116666666667, 26.72525], [50.01125, 26.72525], [50.01125, 26.725749999999998], [50.01133333333333, 26.725749999999998], [50.01133333333333, 26.72583333333333], [50.01141666666667, 26.72583333333333], [50.01141666666667, 26.72608333333333], [50.01125, 26.72608333333333], [50.01125, 26.726166666666664], [50.01108333333333, 26.726166666666664], [50.01108333333333, 26.725916666666667], [50.011, 26.725916666666667], [50.011, 26.72583333333333], [50.01083333333333, 26.72583333333333], [50.01083333333333, 26.725749999999998], [50.01075, 26.725749999999998], [50.01075, 26.725916666666667], [50.01083333333333, 26.725916666666667], [50.01083333333333, 26.726166666666664], [50.01091666666667, 26.726166666666664], [50.01091666666667, 26.726249999999997], [50.011, 26.726249999999997], [50.011, 26.726333333333333], [50.01133333333333, 26.726333333333333], [50.01133333333333, 26.726416666666665], [50.01141666666667, 26.726416666666665], [50.01141666666667, 26.726499999999998], [50.0115, 26.726499999999998], [50.0115, 26.72658333333333], [50.011583333333334, 26.72658333333333], [50.011583333333334, 26.72675], [50.01166666666666, 26.72675], [50.01166666666666, 26.72683333333333], [50.01175, 26.72683333333333], [50.01175, 26.726916666666664], [50.011916666666664, 26.726916666666664], [50.011916666666664, 26.726999999999997], [50.012, 26.726999999999997], [50.012, 26.727166666666665], [50.01208333333334, 26.727166666666665], [50.01208333333334, 26.727249999999998], [50.0125, 26.727249999999998], [50.0125, 26.726999999999997], [50.01241666666667, 26.726999999999997], [50.01241666666667, 26.72683333333333], [50.01233333333333, 26.72683333333333], [50.01233333333333, 26.72675], [50.012166666666666, 26.72675], [50.012166666666666, 26.726666666666667], [50.01208333333334, 26.726666666666667], [50.01208333333334, 26.726333333333333], [50.012, 26.726333333333333], [50.012, 26.72608333333333], [50.011916666666664, 26.72608333333333], [50.011916666666664, 26.725749999999998], [50.011833333333335, 26.725749999999998], [50.011833333333335, 26.725666666666665], [50.01175, 26.725666666666665], [50.01175, 26.725499999999997], [50.01166666666666, 26.725499999999997], [50.01166666666666, 26.725166666666667], [50.011583333333334, 26.725166666666667], [50.011583333333334, 26.724916666666665], [50.0115, 26.724916666666665], [50.0115, 26.724749999999997], [50.01141666666667, 26.724749999999997], [50.01141666666667, 26.724666666666664], [50.01133333333333, 26.724666666666664], [50.01133333333333, 26.72458333333333], [50.01116666666667, 26.72458333333333], [50.01116666666667, 26.7245], [50.01108333333333, 26.7245], [50.01108333333333, 26.724416666666666], [50.011, 26.724416666666666], [50.011, 26.724249999999998], [50.01091666666667, 26.724249999999998], [50.01091666666667, 26.724083333333333], [50.01083333333333, 26.724083333333333], [50.01083333333333, 26.724], [50.01075, 26.724], [50.01075, 26.723916666666664], [50.010666666666665, 26.723916666666664], [50.010666666666665, 26.72383333333333], [50.01058333333334, 26.72383333333333], [50.01058333333334, 26.72375], [50.0105, 26.72375], [50.0105, 26.723666666666666], [50.010416666666664, 26.723666666666666], [50.010416666666664, 26.72325], [50.010333333333335, 26.72325], [50.010333333333335, 26.723166666666664], [50.01, 26.723166666666664], [50.01, 26.72308333333333], [50.00991666666667, 26.72308333333333], [50.00991666666667, 26.723], [50.00983333333333, 26.723], [50.00983333333333, 26.722749999999998], [50.00975, 26.722749999999998], [50.00975, 26.722666666666665], [50.00966666666667, 26.722666666666665], [50.00966666666667, 26.722583333333333], [50.00958333333333, 26.722583333333333], [50.00958333333333, 26.7225], [50.0095, 26.7225], [50.0095, 26.722583333333333], [50.00933333333333, 26.722583333333333], [50.00933333333333, 26.7225], [50.009083333333336, 26.7225], [50.009083333333336, 26.722416666666664], [50.008916666666664, 26.722416666666664], [50.008916666666664, 26.72233333333333], [50.008833333333335, 26.72233333333333], [50.008833333333335, 26.72225], [50.0085, 26.72225], [50.0085, 26.721999999999998], [50.008583333333334, 26.721999999999998], [50.008583333333334, 26.721833333333333], [50.0085, 26.721833333333333], [50.0085, 26.72175], [50.00825, 26.72175], [50.00825, 26.721666666666664], [50.00816666666667, 26.721666666666664], [50.00816666666667, 26.72133333333333], [50.00808333333333, 26.72133333333333], [50.00808333333333, 26.721083333333333], [50.00816666666667, 26.721083333333333], [50.00816666666667, 26.72083333333333], [50.00808333333333, 26.72083333333333], [50.00808333333333, 26.72058333333333], [50.00816666666667, 26.72058333333333], [50.00816666666667, 26.720499999999998], [50.00825, 26.720499999999998], [50.00825, 26.720333333333333], [50.00833333333333, 26.720333333333333], [50.00833333333333, 26.72025], [50.00841666666667, 26.72025], [50.00841666666667, 26.71983333333333], [50.0085, 26.71983333333333], [50.0085, 26.719583333333333], [50.00875, 26.719583333333333], [50.00875, 26.7195], [50.009, 26.7195], [50.009, 26.719416666666664], [50.009083333333336, 26.719416666666664], [50.009083333333336, 26.71925], [50.00925, 26.71925], [50.00925, 26.719166666666666], [50.00966666666667, 26.719166666666666], [50.00966666666667, 26.71925], [50.00991666666667, 26.71925], [50.00991666666667, 26.71933333333333], [50.01016666666666, 26.71933333333333], [50.01016666666666, 26.719416666666664], [50.01025, 26.719416666666664], [50.01025, 26.7195], [50.010333333333335, 26.7195], [50.010333333333335, 26.719583333333333], [50.010416666666664, 26.719583333333333], [50.010416666666664, 26.71983333333333], [50.0105, 26.71983333333333], [50.0105, 26.719916666666666], [50.01058333333334, 26.719916666666666], [50.01058333333334, 26.72], [50.010666666666665, 26.72], [50.010666666666665, 26.72008333333333], [50.01058333333334, 26.72008333333333], [50.01058333333334, 26.720166666666664], [50.01075, 26.720166666666664], [50.01075, 26.72008333333333], [50.01083333333333, 26.72008333333333], [50.01083333333333, 26.72], [50.01091666666667, 26.72], [50.01091666666667, 26.719916666666666], [50.011, 26.719916666666666], [50.011, 26.71983333333333], [50.01116666666667, 26.71983333333333], [50.01116666666667, 26.719666666666665], [50.01133333333333, 26.719666666666665], [50.01133333333333, 26.719583333333333], [50.01175, 26.719583333333333], [50.01175, 26.719666666666665], [50.011833333333335, 26.719666666666665], [50.011833333333335, 26.719749999999998], [50.01208333333334, 26.719749999999998], [50.01208333333334, 26.71983333333333], [50.012166666666666, 26.71983333333333], [50.012166666666666, 26.719916666666666], [50.01225, 26.719916666666666], [50.01225, 26.72], [50.01233333333333, 26.72], [50.01233333333333, 26.720666666666666], [50.01241666666667, 26.720666666666666], [50.01241666666667, 26.72083333333333], [50.0125, 26.72083333333333], [50.0125, 26.720916666666664], [50.01258333333333, 26.720916666666664], [50.01258333333333, 26.721], [50.01266666666667, 26.721], [50.01266666666667, 26.721083333333333], [50.01275, 26.721083333333333], [50.01275, 26.721166666666665], [50.01283333333333, 26.721166666666665], [50.01283333333333, 26.721249999999998], [50.01291666666667, 26.721249999999998], [50.01291666666667, 26.72133333333333], [50.01316666666666, 26.72133333333333], [50.01316666666666, 26.721416666666666], [50.01325, 26.721416666666666], [50.01325, 26.7215], [50.013333333333335, 26.7215], [50.013333333333335, 26.72158333333333], [50.01358333333333, 26.72158333333333], [50.01358333333333, 26.721666666666664], [50.01375, 26.721666666666664], [50.01375, 26.72175], [50.01391666666667, 26.72175], [50.01391666666667, 26.721833333333333], [50.01408333333333, 26.721833333333333], [50.01408333333333, 26.721916666666665], [50.01416666666667, 26.721916666666665], [50.01416666666667, 26.721999999999998], [50.01425, 26.721999999999998], [50.01425, 26.722166666666666], [50.01433333333333, 26.722166666666666], [50.01433333333333, 26.72225], [50.01425, 26.72225], [50.01425, 26.72283333333333], [50.01433333333333, 26.72283333333333], [50.01433333333333, 26.722916666666666], [50.01441666666667, 26.722916666666666], [50.01441666666667, 26.72308333333333], [50.0145, 26.72308333333333], [50.0145, 26.723166666666664], [50.01466666666666, 26.723166666666664], [50.01466666666666, 26.72325], [50.01475, 26.72325], [50.01475, 26.723416666666665], [50.014833333333335, 26.723416666666665], [50.014833333333335, 26.723499999999998], [50.014916666666664, 26.723499999999998], [50.014916666666664, 26.72358333333333], [50.015166666666666, 26.72358333333333], [50.015166666666666, 26.723666666666666], [50.01533333333333, 26.723666666666666], [50.01533333333333, 26.723416666666665], [50.01525, 26.723416666666665], [50.01525, 26.723333333333333], [50.015, 26.723333333333333], [50.015, 26.72325], [50.014916666666664, 26.72325], [50.014916666666664, 26.723166666666664], [50.014833333333335, 26.723166666666664], [50.014833333333335, 26.72308333333333], [50.01475, 26.72308333333333], [50.01475, 26.72225], [50.014833333333335, 26.72225], [50.014833333333335, 26.721833333333333], [50.01475, 26.721833333333333], [50.01475, 26.72175], [50.01466666666666, 26.72175], [50.01466666666666, 26.721666666666664], [50.014583333333334, 26.721666666666664], [50.014583333333334, 26.72158333333333], [50.01441666666667, 26.72158333333333], [50.01441666666667, 26.7215], [50.01433333333333, 26.7215], [50.01433333333333, 26.721416666666666], [50.01425, 26.721416666666666], [50.01425, 26.72133333333333], [50.01416666666667, 26.72133333333333], [50.01416666666667, 26.721249999999998], [50.01391666666667, 26.721249999999998], [50.01391666666667, 26.721166666666665], [50.013666666666666, 26.721166666666665], [50.013666666666666, 26.721083333333333], [50.01325, 26.721083333333333], [50.01325, 26.721], [50.01316666666666, 26.721], [50.01316666666666, 26.72083333333333], [50.013083333333334, 26.72083333333333], [50.013083333333334, 26.72075], [50.013, 26.72075], [50.013, 26.72025], [50.01291666666667, 26.72025], [50.01291666666667, 26.72008333333333], [50.01283333333333, 26.72008333333333], [50.01283333333333, 26.719916666666666], [50.01275, 26.719916666666666], [50.01275, 26.719583333333333], [50.013333333333335, 26.719583333333333], [50.013333333333335, 26.7195], [50.01358333333333, 26.7195], [50.01358333333333, 26.719583333333333], [50.014916666666664, 26.719583333333333], [50.014916666666664, 26.7195], [50.015, 26.7195], [50.015, 26.719583333333333], [50.01583333333333, 26.719583333333333], [50.01583333333333, 26.7195], [50.01591666666667, 26.7195], [50.01591666666667, 26.719583333333333], [50.016083333333334, 26.719583333333333], [50.016083333333334, 26.7195], [50.01625, 26.7195], [50.01625, 26.71933333333333], [50.01616666666666, 26.71933333333333], [50.01616666666666, 26.71908333333333], [50.016083333333334, 26.71908333333333], [50.016083333333334, 26.718916666666665], [50.016, 26.718916666666665], [50.016, 26.718833333333333], [50.01591666666667, 26.718833333333333], [50.01591666666667, 26.71875], [50.01583333333333, 26.71875], [50.01583333333333, 26.718083333333333], [50.016, 26.718083333333333], [50.016, 26.717916666666664], [50.016083333333334, 26.717916666666664], [50.016083333333334, 26.71783333333333], [50.01616666666666, 26.71783333333333], [50.01616666666666, 26.71775], [50.01625, 26.71775], [50.01625, 26.717666666666666], [50.0165, 26.717666666666666], [50.0165, 26.71758333333333], [50.01725, 26.71758333333333], [50.01725, 26.717499999999998], [50.01741666666667, 26.717499999999998], [50.01741666666667, 26.717416666666665], [50.0175, 26.717416666666665], [50.0175, 26.717333333333332], [50.01741666666667, 26.717333333333332], [50.01741666666667, 26.71725], [50.01716666666667, 26.71725], [50.01716666666667, 26.717166666666664], [50.01708333333333, 26.717166666666664], [50.01708333333333, 26.71708333333333], [50.017, 26.71708333333333], [50.017, 26.716749999999998], [50.01708333333333, 26.716749999999998], [50.01708333333333, 26.716666666666665], [50.01725, 26.716666666666665], [50.01725, 26.716583333333332], [50.017916666666665, 26.716583333333332], [50.017916666666665, 26.7165], [50.01808333333333, 26.7165], [50.01808333333333, 26.71633333333333], [50.018, 26.71633333333333], [50.018, 26.71625], [50.017916666666665, 26.71625], [50.017916666666665, 26.716166666666666], [50.017833333333336, 26.716166666666666], [50.017833333333336, 26.715999999999998], [50.017916666666665, 26.715999999999998], [50.017916666666665, 26.715916666666665], [50.01841666666667, 26.715916666666665], [50.01841666666667, 26.71558333333333], [50.0185, 26.71558333333333], [50.0185, 26.715416666666666], [50.01858333333333, 26.715416666666666], [50.01858333333333, 26.715249999999997], [50.01875, 26.715249999999997], [50.01875, 26.715083333333332], [50.0175, 26.715083333333332], [50.0175, 26.71483333333333], [50.017583333333334, 26.71483333333333], [50.017583333333334, 26.71475], [50.01766666666666, 26.71475], [50.01766666666666, 26.714666666666666], [50.017916666666665, 26.714666666666666], [50.017916666666665, 26.714499999999997], [50.01825, 26.714499999999997], [50.01825, 26.714416666666665], [50.01833333333333, 26.714416666666665], [50.01833333333333, 26.714166666666664], [50.01825, 26.714166666666664], [50.01825, 26.713916666666666], [50.0185, 26.713916666666666], [50.0185, 26.713749999999997], [50.01841666666667, 26.713749999999997], [50.01841666666667, 26.713416666666664], [50.01858333333333, 26.713416666666664], [50.01858333333333, 26.71333333333333], [50.01866666666667, 26.71333333333333], [50.01866666666667, 26.712666666666664], [50.01858333333333, 26.712666666666664], [50.01858333333333, 26.71258333333333], [50.01841666666667, 26.71258333333333], [50.01841666666667, 26.712083333333332], [50.0185, 26.712083333333332], [50.0185, 26.712], [50.01866666666667, 26.712], [50.01866666666667, 26.711916666666664], [50.01875, 26.711916666666664], [50.01875, 26.71175], [50.01883333333333, 26.71175], [50.01883333333333, 26.71108333333333], [50.01875, 26.71108333333333], [50.01875, 26.710833333333333], [50.01866666666667, 26.710833333333333], [50.01866666666667, 26.710666666666665], [50.019333333333336, 26.710666666666665], [50.019333333333336, 26.710749999999997], [50.019666666666666, 26.710749999999997], [50.019666666666666, 26.710833333333333], [50.01991666666667, 26.710833333333333], [50.01991666666667, 26.710749999999997], [50.02016666666667, 26.710749999999997], [50.02016666666667, 26.710666666666665], [50.02025, 26.710666666666665], [50.02025, 26.710583333333332], [50.02041666666667, 26.710583333333332], [50.02041666666667, 26.7105], [50.020583333333335, 26.7105], [50.020583333333335, 26.710583333333332], [50.02066666666666, 26.710583333333332], [50.02066666666666, 26.710666666666665], [50.020916666666665, 26.710666666666665], [50.020916666666665, 26.710749999999997], [50.021, 26.710749999999997], [50.021, 26.710833333333333], [50.02108333333333, 26.710833333333333], [50.02108333333333, 26.711499999999997], [50.02133333333333, 26.711499999999997], [50.02133333333333, 26.711583333333333], [50.02141666666667, 26.711583333333333], [50.02141666666667, 26.71183333333333], [50.02133333333333, 26.71183333333333], [50.02133333333333, 26.711916666666664], [50.02125, 26.711916666666664], [50.02125, 26.71183333333333], [50.021166666666666, 26.71183333333333], [50.021166666666666, 26.71175], [50.02108333333333, 26.71175], [50.02108333333333, 26.711583333333333], [50.021, 26.711583333333333], [50.021, 26.711499999999997], [50.020833333333336, 26.711499999999997], [50.020833333333336, 26.711583333333333], [50.02075, 26.711583333333333], [50.02075, 26.71175], [50.02066666666666, 26.71175], [50.02066666666666, 26.712333333333333], [50.02075, 26.712333333333333], [50.02075, 26.712666666666664], [50.02066666666666, 26.712666666666664], [50.02066666666666, 26.71275], [50.0205, 26.71275], [50.0205, 26.712916666666665], [50.020583333333335, 26.712916666666665], [50.020583333333335, 26.712999999999997], [50.02066666666666, 26.712999999999997], [50.02066666666666, 26.713083333333334], [50.02075, 26.713083333333334], [50.02075, 26.713166666666666], [50.020833333333336, 26.713166666666666], [50.020833333333336, 26.71325], [50.020916666666665, 26.71325], [50.020916666666665, 26.713416666666664], [50.021, 26.713416666666664], [50.021, 26.7135], [50.02108333333333, 26.7135], [50.02108333333333, 26.713583333333332], [50.021166666666666, 26.713583333333332], [50.021166666666666, 26.713833333333334], [50.021, 26.713833333333334], [50.021, 26.71408333333333], [50.020916666666665, 26.71408333333333], [50.020916666666665, 26.71425], [50.020833333333336, 26.71425], [50.020833333333336, 26.714499999999997], [50.02075, 26.714499999999997], [50.02075, 26.71458333333333], [50.020583333333335, 26.71458333333333], [50.020583333333335, 26.714666666666666], [50.0205, 26.714666666666666], [50.0205, 26.71475], [50.02041666666667, 26.71475], [50.02041666666667, 26.714916666666664], [50.02033333333333, 26.714916666666664], [50.02033333333333, 26.715166666666665], [50.02025, 26.715166666666665], [50.02025, 26.71533333333333], [50.02008333333333, 26.71533333333333], [50.02008333333333, 26.71575], [50.02016666666667, 26.71575], [50.02016666666667, 26.715833333333332], [50.02025, 26.715833333333332], [50.02025, 26.715916666666665], [50.02041666666667, 26.715916666666665], [50.02041666666667, 26.715999999999998], [50.02066666666666, 26.715999999999998], [50.02066666666666, 26.71608333333333], [50.02075, 26.71608333333333], [50.02075, 26.716166666666666], [50.020833333333336, 26.716166666666666], [50.020833333333336, 26.71625], [50.020916666666665, 26.71625], [50.020916666666665, 26.71633333333333], [50.02141666666667, 26.71633333333333], [50.02141666666667, 26.716416666666664], [50.0215, 26.716416666666664], [50.0215, 26.716583333333332], [50.02166666666667, 26.716583333333332], [50.02166666666667, 26.716666666666665], [50.02175, 26.716666666666665], [50.02175, 26.716749999999998], [50.02183333333333, 26.716749999999998], [50.02183333333333, 26.71683333333333], [50.022, 26.71683333333333], [50.022, 26.717], [50.02191666666667, 26.717], [50.02191666666667, 26.717166666666664], [50.022, 26.717166666666664], [50.022, 26.717416666666665], [50.02191666666667, 26.717416666666665], [50.02191666666667, 26.71758333333333], [50.02183333333333, 26.71758333333333], [50.02183333333333, 26.71775], [50.02125, 26.71775], [50.02125, 26.717666666666666], [50.02108333333333, 26.717666666666666], [50.02108333333333, 26.71775], [50.021, 26.71775], [50.021, 26.71758333333333], [50.02075, 26.71758333333333], [50.02075, 26.717499999999998], [50.02066666666666, 26.717499999999998], [50.02066666666666, 26.717916666666664], [50.020583333333335, 26.717916666666664], [50.020583333333335, 26.718166666666665], [50.0205, 26.718166666666665], [50.0205, 26.718416666666666], [50.02041666666667, 26.718416666666666], [50.02041666666667, 26.7185], [50.02025, 26.7185], [50.02025, 26.718666666666664], [50.02016666666667, 26.718666666666664], [50.02016666666667, 26.718833333333333], [50.02008333333333, 26.718833333333333], [50.02008333333333, 26.718999999999998], [50.02, 26.718999999999998], [50.02, 26.71908333333333], [50.01991666666667, 26.71908333333333], [50.01991666666667, 26.719166666666666], [50.01975, 26.719166666666666], [50.01975, 26.71925], [50.019666666666666, 26.71925], [50.019666666666666, 26.71933333333333], [50.0195, 26.71933333333333], [50.0195, 26.719416666666664], [50.019416666666665, 26.719416666666664], [50.019416666666665, 26.7195], [50.01916666666666, 26.7195], [50.01916666666666, 26.719583333333333], [50.019083333333334, 26.719583333333333], [50.019083333333334, 26.719666666666665], [50.01883333333333, 26.719666666666665], [50.01883333333333, 26.719749999999998], [50.01866666666667, 26.719749999999998], [50.01866666666667, 26.71983333333333], [50.01833333333333, 26.71983333333333], [50.01833333333333, 26.719916666666666], [50.018166666666666, 26.719916666666666], [50.018166666666666, 26.71983333333333], [50.018, 26.71983333333333], [50.018, 26.719916666666666], [50.017833333333336, 26.719916666666666], [50.017833333333336, 26.72], [50.017583333333334, 26.72], [50.017583333333334, 26.72008333333333], [50.0175, 26.72008333333333], [50.0175, 26.720333333333333], [50.017583333333334, 26.720333333333333], [50.017583333333334, 26.72058333333333], [50.01766666666666, 26.72058333333333], [50.01766666666666, 26.721916666666665], [50.017583333333334, 26.721916666666665], [50.017583333333334, 26.722166666666666], [50.01741666666667, 26.722166666666666], [50.01741666666667, 26.7225], [50.01733333333333, 26.7225], [50.01733333333333, 26.722583333333333], [50.01725, 26.722583333333333], [50.01725, 26.722749999999998], [50.01716666666667, 26.722749999999998], [50.01716666666667, 26.72283333333333], [50.017, 26.72283333333333], [50.017, 26.723], [50.01691666666667, 26.723], [50.01691666666667, 26.72308333333333], [50.01683333333333, 26.72308333333333], [50.01683333333333, 26.723166666666664], [50.01675, 26.723166666666664], [50.01675, 26.72325], [50.016666666666666, 26.72325], [50.016666666666666, 26.723333333333333], [50.016416666666665, 26.723333333333333], [50.016416666666665, 26.723499999999998], [50.016333333333336, 26.723499999999998], [50.016333333333336, 26.72358333333333], [50.016083333333334, 26.72358333333333], [50.016083333333334, 26.723666666666666], [50.016, 26.723666666666666], [50.016, 26.72375], [50.01591666666667, 26.72375], [50.01591666666667, 26.72383333333333], [50.01583333333333, 26.72383333333333], [50.01583333333333, 26.72375], [50.01575, 26.72375], [50.01575, 26.72383333333333], [50.01558333333333, 26.72383333333333], [50.01558333333333, 26.723916666666664], [50.0155, 26.723916666666664], [50.0155, 26.72383333333333], [50.01541666666667, 26.72383333333333], [50.01541666666667, 26.723916666666664], [50.01475, 26.723916666666664], [50.01475, 26.724], [50.01466666666666, 26.724], [50.01466666666666, 26.723916666666664], [50.0145, 26.723916666666664], [50.0145, 26.72458333333333], [50.014583333333334, 26.72458333333333], [50.014583333333334, 26.724749999999997], [50.01475, 26.724749999999997], [50.01475, 26.724833333333333], [50.014833333333335, 26.724833333333333], [50.014833333333335, 26.724916666666665], [50.014916666666664, 26.724916666666665], [50.014916666666664, 26.724999999999998], [50.015, 26.724999999999998], [50.015, 26.72508333333333], [50.01508333333333, 26.72508333333333], [50.01508333333333, 26.725166666666667], [50.0155, 26.725166666666667], [50.0155, 26.72525], [50.01575, 26.72525], [50.01575, 26.72533333333333], [50.01583333333333, 26.72533333333333], [50.01583333333333, 26.725416666666664], [50.01566666666667, 26.725416666666664], [50.01566666666667, 26.72583333333333], [50.01558333333333, 26.72583333333333], [50.01558333333333, 26.725916666666667], [50.0155, 26.725916666666667], [50.0155, 26.726], [50.01533333333333, 26.726], [50.01533333333333, 26.725916666666667], [50.01525, 26.725916666666667], [50.01525, 26.72583333333333], [50.015166666666666, 26.72583333333333], [50.015166666666666, 26.726], [50.01508333333333, 26.726], [50.01508333333333, 26.726166666666664], [50.015, 26.726166666666664], [50.015, 26.726333333333333], [50.014916666666664, 26.726333333333333], [50.014916666666664, 26.72683333333333], [50.01475, 26.72683333333333], [50.01475, 26.727083333333333], [50.01466666666666, 26.727083333333333], [50.01466666666666, 26.727249999999998], [50.014583333333334, 26.727249999999998], [50.014583333333334, 26.72733333333333], [50.01441666666667, 26.72733333333333], [50.01441666666667, 26.7275], [50.01425, 26.7275], [50.01425, 26.72758333333333], [50.01416666666667, 26.72758333333333], [50.01416666666667, 26.727666666666664], [50.01408333333333, 26.727666666666664], [50.01408333333333, 26.727749999999997], [50.014, 26.727749999999997], [50.014, 26.727833333333333], [50.01375, 26.727833333333333], [50.01375, 26.727999999999998], [50.013666666666666, 26.727999999999998], [50.013666666666666, 26.72808333333333], [50.01358333333333, 26.72808333333333], [50.01358333333333, 26.728166666666667], [50.0135, 26.728166666666667], [50.0135, 26.72825], [50.013333333333335, 26.72825], [50.013333333333335, 26.728749999999998], [50.01316666666666, 26.728749999999998], [50.01316666666666, 26.729249999999997], [50.013083333333334, 26.729249999999997], [50.013083333333334, 26.729416666666665], [50.01291666666667, 26.729416666666665], [50.01291666666667, 26.729499999999998], [50.01283333333333, 26.729499999999998], [50.01283333333333, 26.72958333333333], [50.01275, 26.72958333333333], [50.01275, 26.729666666666667], [50.01283333333333, 26.729666666666667], [50.01283333333333, 26.72975], [50.01275, 26.72975], [50.01275, 26.729833333333332], [50.01266666666667, 26.729833333333332], [50.01266666666667, 26.729999999999997], [50.01275, 26.729999999999997], [50.01275, 26.730083333333333], [50.0125, 26.730083333333333], [50.0125, 26.729999999999997], [50.01233333333333, 26.729999999999997], [50.01233333333333, 26.729916666666664], [50.01225, 26.729916666666664], [50.01225, 26.729833333333332], [50.01208333333334, 26.729833333333332], [50.01208333333334, 26.72975], [50.012, 26.72975], [50.012, 26.729666666666667], [50.011916666666664, 26.729666666666667], [50.011916666666664, 26.72958333333333], [50.011833333333335, 26.72958333333333], [50.011833333333335, 26.729499999999998], [50.01166666666666, 26.729499999999998], [50.01166666666666, 26.729416666666665], [50.011583333333334, 26.729416666666665], [50.011583333333334, 26.729499999999998], [50.01125, 26.729499999999998], [50.01125, 26.72958333333333], [50.01116666666667, 26.72958333333333], [50.01116666666667, 26.729666666666667], [50.011, 26.729666666666667], [50.011, 26.72958333333333], [50.01091666666667, 26.72958333333333], [50.01091666666667, 26.729666666666667], [50.0095, 26.729666666666667], [50.0095, 26.72975], [50.00941666666667, 26.72975], [50.00941666666667, 26.729666666666667], [50.00933333333333, 26.729666666666667], [50.00933333333333, 26.72975], [50.009166666666665, 26.72975], [50.009166666666665, 26.729666666666667], [50.00866666666666, 26.729666666666667], [50.00866666666666, 26.72958333333333], [50.0085, 26.72958333333333], [50.0085, 26.729499999999998], [50.00825, 26.729499999999998], [50.00825, 26.729416666666665], [50.00816666666667, 26.729416666666665], [50.00816666666667, 26.729333333333333], [50.00808333333333, 26.729333333333333], [50.00808333333333, 26.729249999999997], [50.00775, 26.729249999999997], [50.00775, 26.729166666666664], [50.007666666666665, 26.729166666666664], [50.007666666666665, 26.72908333333333], [50.007416666666664, 26.72908333333333], [50.007416666666664, 26.729], [50.00725, 26.729], [50.00725, 26.728916666666667], [50.00716666666666, 26.728916666666667], [50.00716666666666, 26.72883333333333], [50.007083333333334, 26.72883333333333], [50.007083333333334, 26.728749999999998], [50.00691666666667, 26.728749999999998], [50.00691666666667, 26.728666666666665], [50.00683333333333, 26.728666666666665], [50.00683333333333, 26.728416666666664], [50.00675, 26.728416666666664], [50.00675, 26.72833333333333], [50.00666666666667, 26.72833333333333], [50.00666666666667, 26.728166666666667], [50.00658333333333, 26.728166666666667], [50.00658333333333, 26.72808333333333], [50.00641666666667, 26.72808333333333], [50.00641666666667, 26.727999999999998], [50.00625, 26.727999999999998], [50.00625, 26.727916666666665], [50.006166666666665, 26.727916666666665], [50.006166666666665, 26.727833333333333], [50.006083333333336, 26.727833333333333], [50.006083333333336, 26.727749999999997], [50.005916666666664, 26.727749999999997], [50.005916666666664, 26.727666666666664], [50.005833333333335, 26.727666666666664], [50.005833333333335, 26.7275], [50.00575, 26.7275], [50.00575, 26.72733333333333], [50.00566666666666, 26.72733333333333], [50.00566666666666, 26.727416666666667], [50.0055, 26.727416666666667], [50.0055, 26.7275], [50.00541666666667, 26.7275], [50.00541666666667, 26.727666666666664], [50.00533333333333, 26.727666666666664], [50.00533333333333, 26.727749999999997], [50.00525, 26.727749999999997], [50.00525, 26.727833333333333], [50.00516666666667, 26.727833333333333], [50.00516666666667, 26.72758333333333], [50.00508333333333, 26.72758333333333], [50.00508333333333, 26.7275], [50.005, 26.7275], [50.005, 26.727666666666664], [50.00483333333333, 26.727666666666664], [50.00483333333333, 26.727749999999997], [50.004416666666664, 26.727749999999997], [50.004416666666664, 26.727666666666664], [50.004333333333335, 26.727666666666664], [50.004333333333335, 26.72758333333333], [50.00425, 26.72758333333333], [50.00425, 26.727916666666665], [50.004666666666665, 26.727916666666665], [50.004666666666665, 26.727999999999998], [50.00475, 26.727999999999998], [50.00475, 26.72808333333333], [50.004583333333336, 26.72808333333333], [50.004583333333336, 26.728166666666667], [50.0045, 26.728166666666667], [50.0045, 26.72825], [50.00425, 26.72825], [50.00425, 26.72833333333333], [50.00416666666666, 26.72833333333333], [50.00416666666666, 26.72825], [50.004083333333334, 26.72825], [50.004083333333334, 26.72833333333333], [50.00391666666667, 26.72833333333333], [50.00391666666667, 26.728416666666664], [50.005, 26.728416666666664], [50.005, 26.728499999999997], [50.00525, 26.728499999999997], [50.00525, 26.728583333333333], [50.0055, 26.728583333333333], [50.0055, 26.728666666666665], [50.005583333333334, 26.728666666666665], [50.005583333333334, 26.728749999999998], [50.00566666666666, 26.728749999999998], [50.00566666666666, 26.72883333333333], [50.005833333333335, 26.72883333333333], [50.005833333333335, 26.728916666666667], [50.005916666666664, 26.728916666666667], [50.005916666666664, 26.729], [50.006166666666665, 26.729], [50.006166666666665, 26.72908333333333], [50.00625, 26.72908333333333], [50.00625, 26.729166666666664], [50.00633333333333, 26.729166666666664], [50.00633333333333, 26.729249999999997], [50.00641666666667, 26.729249999999997], [50.00641666666667, 26.729333333333333], [50.0065, 26.729333333333333], [50.0065, 26.729416666666665], [50.00658333333333, 26.729416666666665], [50.00658333333333, 26.729499999999998], [50.00666666666667, 26.729499999999998], [50.00666666666667, 26.72958333333333], [50.00675, 26.72958333333333], [50.00675, 26.72975], [50.00683333333333, 26.72975], [50.00683333333333, 26.729916666666664], [50.00691666666667, 26.729916666666664], [50.00691666666667, 26.729999999999997], [50.007, 26.729999999999997], [50.007, 26.730166666666666], [50.00716666666666, 26.730166666666666], [50.00716666666666, 26.730249999999998], [50.00725, 26.730249999999998], [50.00725, 26.7305], [50.007333333333335, 26.7305], [50.007333333333335, 26.730666666666664], [50.007416666666664, 26.730666666666664], [50.007416666666664, 26.730833333333333], [50.0075, 26.730833333333333], [50.0075, 26.730916666666666], [50.007666666666665, 26.730916666666666], [50.007666666666665, 26.730999999999998], [50.00775, 26.730999999999998], [50.00775, 26.731166666666667], [50.00783333333333, 26.731166666666667], [50.00783333333333, 26.73125], [50.00791666666667, 26.73125], [50.00791666666667, 26.731416666666664], [50.008, 26.731416666666664], [50.008, 26.731499999999997], [50.00808333333333, 26.731499999999997], [50.00808333333333, 26.731749999999998], [50.00825, 26.731749999999998], [50.00825, 26.731583333333333], [50.00833333333333, 26.731583333333333], [50.00833333333333, 26.731499999999997], [50.008583333333334, 26.731499999999997], [50.008583333333334, 26.731416666666664], [50.008916666666664, 26.731416666666664], [50.008916666666664, 26.731333333333332], [50.010333333333335, 26.731333333333332], [50.010333333333335, 26.731416666666664], [50.010416666666664, 26.731416666666664], [50.010416666666664, 26.731749999999998], [50.0105, 26.731749999999998], [50.0105, 26.732], [50.010666666666665, 26.732], [50.010666666666665, 26.732083333333332], [50.01075, 26.732083333333332], [50.01075, 26.732166666666664], [50.01058333333334, 26.732166666666664], [50.01058333333334, 26.732249999999997], [50.010333333333335, 26.732249999999997], [50.010333333333335, 26.732416666666666], [50.010416666666664, 26.732416666666666], [50.010416666666664, 26.732666666666667], [50.010333333333335, 26.732666666666667], [50.010333333333335, 26.73275], [50.01025, 26.73275], [50.01025, 26.732833333333332], [50.01, 26.732833333333332], [50.01, 26.732916666666664], [50.00991666666667, 26.732916666666664], [50.00991666666667, 26.733166666666666], [50.01, 26.733166666666666], [50.01, 26.73333333333333], [50.00991666666667, 26.73333333333333], [50.00991666666667, 26.733416666666667], [50.00983333333333, 26.733416666666667], [50.00983333333333, 26.7335], [50.00966666666667, 26.7335], [50.00966666666667, 26.733583333333332], [50.0095, 26.733583333333332], [50.0095, 26.733833333333333], [50.00941666666667, 26.733833333333333], [50.00941666666667, 26.733999999999998], [50.00933333333333, 26.733999999999998], [50.00933333333333, 26.734166666666667], [50.009083333333336, 26.734166666666667], [50.009083333333336, 26.73425], [50.008916666666664, 26.73425], [50.008916666666664, 26.734333333333332], [50.008583333333334, 26.734333333333332], [50.008583333333334, 26.734416666666664], [50.0085, 26.734416666666664], [50.0085, 26.734499999999997], [50.00841666666667, 26.734499999999997], [50.00841666666667, 26.734583333333333], [50.00825, 26.734583333333333], [50.00825, 26.734666666666666], [50.00816666666667, 26.734666666666666], [50.00816666666667, 26.73475], [50.00808333333333, 26.73475], [50.00808333333333, 26.73483333333333], [50.008, 26.73483333333333], [50.008, 26.735], [50.007583333333336, 26.735], [50.007583333333336, 26.734916666666663], [50.007416666666664, 26.734916666666663], [50.007416666666664, 26.735083333333332], [50.00716666666666, 26.735083333333332], [50.00716666666666, 26.735166666666665], [50.007083333333334, 26.735166666666665], [50.007083333333334, 26.735249999999997], [50.007, 26.735249999999997], [50.007, 26.735333333333333], [50.00683333333333, 26.735333333333333], [50.00683333333333, 26.735416666666666], [50.00675, 26.735416666666666], [50.00675, 26.7355], [50.00641666666667, 26.7355]], [[50.00625, 26.733666666666664], [50.00641666666667, 26.733666666666664], [50.00641666666667, 26.733583333333332], [50.00666666666667, 26.733583333333332], [50.00666666666667, 26.7335], [50.00625, 26.7335], [50.00625, 26.733666666666664]], [[50.00941666666667, 26.733249999999998], [50.00983333333333, 26.733249999999998], [50.00983333333333, 26.733083333333333], [50.00975, 26.733083333333333], [50.00975, 26.732916666666664], [50.00966666666667, 26.732916666666664], [50.00966666666667, 26.732833333333332], [50.00958333333333, 26.732833333333332], [50.00958333333333, 26.732916666666664], [50.00941666666667, 26.732916666666664], [50.00941666666667, 26.733249999999998]], [[50.006, 26.733166666666666], [50.006166666666665, 26.733166666666666], [50.006166666666665, 26.733083333333333], [50.006083333333336, 26.733083333333333], [50.006083333333336, 26.732916666666664], [50.006, 26.732916666666664], [50.006, 26.733166666666666]], [[50.00991666666667, 26.732666666666667], [50.010083333333334, 26.732666666666667], [50.010083333333334, 26.732416666666666], [50.00991666666667, 26.732416666666666], [50.00991666666667, 26.732666666666667]], [[50.005583333333334, 26.731749999999998], [50.00566666666666, 26.731749999999998], [50.00566666666666, 26.731666666666666], [50.005583333333334, 26.731666666666666], [50.005583333333334, 26.731749999999998]], [[50.007416666666664, 26.73125], [50.00775, 26.73125], [50.00775, 26.731166666666667], [50.007416666666664, 26.731166666666667], [50.007416666666664, 26.73125]], [[50.005, 26.72908333333333], [50.00525, 26.72908333333333], [50.00525, 26.729], [50.00516666666667, 26.729], [50.00516666666667, 26.728916666666667], [50.00508333333333, 26.728916666666667], [50.00508333333333, 26.729], [50.005, 26.729], [50.005, 26.72908333333333]], [[50.0035, 26.729], [50.00358333333333, 26.729], [50.00358333333333, 26.72883333333333], [50.0035, 26.72883333333333], [50.0035, 26.729]], [[50.00833333333333, 26.724666666666664], [50.00866666666666, 26.724666666666664], [50.00866666666666, 26.72458333333333], [50.008583333333334, 26.72458333333333], [50.008583333333334, 26.7245], [50.00833333333333, 26.7245], [50.00833333333333, 26.724666666666664]], [[50.01083333333333, 26.723416666666665], [50.011, 26.723416666666665], [50.011, 26.723333333333333], [50.01091666666667, 26.723333333333333], [50.01091666666667, 26.72325], [50.01058333333334, 26.72325], [50.01058333333334, 26.723333333333333], [50.01083333333333, 26.723333333333333], [50.01083333333333, 26.723416666666665]], [[50.01091666666667, 26.72308333333333], [50.01108333333333, 26.72308333333333], [50.01108333333333, 26.723], [50.011, 26.723], [50.011, 26.722916666666666], [50.01091666666667, 26.722916666666666], [50.01091666666667, 26.72308333333333]], [[50.01083333333333, 26.720916666666664], [50.01091666666667, 26.720916666666664], [50.01091666666667, 26.72083333333333], [50.01083333333333, 26.72083333333333], [50.01083333333333, 26.720916666666664]], [[50.01075, 26.720666666666666], [50.01091666666667, 26.720666666666666], [50.01091666666667, 26.72058333333333], [50.01083333333333, 26.72058333333333], [50.01083333333333, 26.720499999999998], [50.01075, 26.720499999999998], [50.01075, 26.720666666666666]], [[50.021, 26.717166666666664], [50.021166666666666, 26.717166666666664], [50.021166666666666, 26.717], [50.02108333333333, 26.717], [50.02108333333333, 26.71708333333333], [50.021, 26.71708333333333], [50.021, 26.717166666666664]], [[50.01991666666667, 26.713749999999997], [50.02, 26.713749999999997], [50.02, 26.713666666666665], [50.01991666666667, 26.713666666666665], [50.01991666666667, 26.713749999999997]]]}}, {"type": "Feature", "properties": {"stand": "TRT9"}, "geometry": {"type": "Polygon", "coordinates": [[[49.986916666666666, 26.66183333333333], [49.986916666666666, 26.661749999999998], [49.98683333333333, 26.661749999999998], [49.98683333333333, 26.661666666666665], [49.986666666666665, 26.661666666666665], [49.986666666666665, 26.661583333333333], [49.9865, 26.661583333333333], [49.9865, 26.66108333333333], [49.98641666666666, 26.66108333333333], [49.98641666666666, 26.660833333333333], [49.986333333333334, 26.660833333333333], [49.986333333333334, 26.66075], [49.98641666666666, 26.66075], [49.98641666666666, 26.660666666666664], [49.9865, 26.660666666666664], [49.9865, 26.66058333333333], [49.98675, 26.66058333333333], [49.98675, 26.6605], [49.986666666666665, 26.6605], [49.986666666666665, 26.660416666666666], [49.98616666666667, 26.660416666666666], [49.98616666666667, 26.66033333333333], [49.98608333333333, 26.66033333333333], [49.98608333333333, 26.660083333333333], [49.98625, 26.660083333333333], [49.98625, 26.66], [49.986333333333334, 26.66], [49.986333333333334, 26.659666666666666], [49.9865, 26.659666666666666], [49.9865, 26.65958333333333], [49.986666666666665, 26.65958333333333], [49.986666666666665, 26.65908333333333], [49.98675, 26.65908333333333], [49.98675, 26.658916666666666], [49.98683333333333, 26.658916666666666], [49.98683333333333, 26.659], [49.986916666666666, 26.659], [49.986916666666666, 26.65908333333333], [49.987, 26.65908333333333], [49.987, 26.659166666666664], [49.98708333333333, 26.659166666666664], [49.98708333333333, 26.65925], [49.98716666666667, 26.65925], [49.98716666666667, 26.659333333333333], [49.98725, 26.659333333333333], [49.98725, 26.65958333333333], [49.98733333333333, 26.65958333333333], [49.98733333333333, 26.659916666666664], [49.98741666666667, 26.659916666666664], [49.98741666666667, 26.66033333333333], [49.98733333333333, 26.66033333333333], [49.98733333333333, 26.6605], [49.98741666666667, 26.6605], [49.98741666666667, 26.66125], [49.98733333333333, 26.66125], [49.98733333333333, 26.6615], [49.98725, 26.6615], [49.98725, 26.661749999999998], [49.98708333333333, 26.661749999999998], [49.98708333333333, 26.66183333333333], [49.986916666666666, 26.66183333333333]]]}}, {"type": "Feature", "properties": {"stand": "TRT5"}, "geometry": {"type": "Polygon", "coordinates": [[[49.98891666666667, 26.662166666666664], [49.98891666666667, 26.66133333333333], [49.98883333333333, 26.66133333333333], [49.98883333333333, 26.660833333333333], [49.98891666666667, 26.660833333333333], [49.98891666666667, 26.66075], [49.98883333333333, 26.66075], [49.98883333333333, 26.66058333333333], [49.98891666666667, 26.66058333333333], [49.98891666666667, 26.66], [49.989, 26.66], [49.989, 26.65975], [49.98916666666667, 26.65975], [49.98916666666667, 26.659416666666665], [49.98925, 26.659416666666665], [49.98925, 26.65925], [49.989333333333335, 26.65925], [49.989333333333335, 26.659166666666664], [49.98941666666666, 26.659166666666664], [49.98941666666666, 26.65908333333333], [49.989583333333336, 26.65908333333333], [49.989583333333336, 26.658916666666666], [49.989666666666665, 26.658916666666666], [49.989666666666665, 26.65883333333333], [49.98975, 26.65883333333333], [49.98975, 26.658916666666666], [49.99016666666667, 26.658916666666666], [49.99016666666667, 26.65883333333333], [49.99025, 26.65883333333333], [49.99025, 26.658749999999998], [49.99016666666667, 26.658749999999998], [49.99016666666667, 26.6585], [49.99025, 26.6585], [49.99025, 26.658416666666664], [49.99033333333333, 26.658416666666664], [49.99033333333333, 26.6585], [49.99058333333333, 26.6585], [49.99058333333333, 26.658583333333333], [49.990916666666664, 26.658583333333333], [49.990916666666664, 26.658666666666665], [49.991, 26.658666666666665], [49.991, 26.658749999999998], [49.99125, 26.658749999999998], [49.99125, 26.65883333333333], [49.991416666666666, 26.65883333333333], [49.991416666666666, 26.658916666666666], [49.99158333333333, 26.658916666666666], [49.99158333333333, 26.659], [49.99175, 26.659], [49.99175, 26.65908333333333], [49.99216666666667, 26.65908333333333], [49.99216666666667, 26.659166666666664], [49.99225, 26.659166666666664], [49.99225, 26.65925], [49.9925, 26.65925], [49.9925, 26.659333333333333], [49.992583333333336, 26.659333333333333], [49.992583333333336, 26.659416666666665], [49.99275, 26.659416666666665], [49.99275, 26.659499999999998], [49.99308333333333, 26.659499999999998], [49.99308333333333, 26.659666666666666], [49.993249999999996, 26.659666666666666], [49.993249999999996, 26.65975], [49.99341666666667, 26.65975], [49.99341666666667, 26.65983333333333], [49.99358333333333, 26.65983333333333], [49.99358333333333, 26.659916666666664], [49.99375, 26.659916666666664], [49.99375, 26.66], [49.994, 26.66], [49.994, 26.660166666666665], [49.99375, 26.660166666666665], [49.99375, 26.660249999999998], [49.992416666666664, 26.660249999999998], [49.992416666666664, 26.66033333333333], [49.99191666666667, 26.66033333333333], [49.99191666666667, 26.660416666666666], [49.991166666666665, 26.660416666666666], [49.991166666666665, 26.66058333333333], [49.991, 26.66058333333333], [49.991, 26.6605], [49.99066666666667, 26.6605], [49.99066666666667, 26.660666666666664], [49.9905, 26.660666666666664], [49.9905, 26.66075], [49.99058333333333, 26.66075], [49.99058333333333, 26.660833333333333], [49.99066666666667, 26.660833333333333], [49.99066666666667, 26.66108333333333], [49.99075, 26.66108333333333], [49.99075, 26.66125], [49.990833333333335, 26.66125], [49.990833333333335, 26.66133333333333], [49.990916666666664, 26.66133333333333], [49.990916666666664, 26.661416666666664], [49.991, 26.661416666666664], [49.991, 26.661749999999998], [49.990916666666664, 26.661749999999998], [49.990916666666664, 26.66183333333333], [49.99016666666667, 26.66183333333333], [49.99016666666667, 26.661666666666665], [49.99008333333333, 26.661666666666665], [49.99008333333333, 26.661583333333333], [49.98983333333333, 26.661583333333333], [49.98983333333333, 26.661666666666665], [49.98975, 26.661666666666665], [49.98975, 26.661916666666666], [49.9895, 26.661916666666666], [49.9895, 26.662], [49.98925, 26.662], [49.98925, 26.66208333333333], [49.98908333333333, 26.66208333333333], [49.98908333333333, 26.662166666666664], [49.98891666666667, 26.662166666666664]], [[49.98983333333333, 26.659166666666664], [49.99008333333333, 26.659166666666664], [49.99008333333333, 26.65908333333333], [49.99, 26.65908333333333], [49.99, 26.659], [49.98983333333333, 26.659], [49.98983333333333, 26.659166666666664]]]}}, {"type": "Feature", "properties": {"stand": "TRT2"}, "geometry": {"type": "Polygon", "coordinates": [[[50.001583333333336, 26.663083333333333], [50.001583333333336, 26.662999999999997], [50.0015, 26.662999999999997], [50.0015, 26.662916666666664], [50.001416666666664, 26.662916666666664], [50.001416666666664, 26.66283333333333], [50.001083333333334, 26.66283333333333], [50.001083333333334, 26.66275], [50.001, 26.66275], [50.001, 26.662416666666665], [50.001083333333334, 26.662416666666665], [50.001083333333334, 26.662333333333333], [50.001, 26.662333333333333], [50.001, 26.662], [50.00091666666667, 26.662], [50.00091666666667, 26.66183333333333], [50.00083333333333, 26.66183333333333], [50.00083333333333, 26.661749999999998], [50.00066666666667, 26.661749999999998], [50.00066666666667, 26.661666666666665], [50.0, 26.661666666666665], [50.0, 26.6615], [50.000083333333336, 26.6615], [50.000083333333336, 26.661416666666664], [50.000166666666665, 26.661416666666664], [50.000166666666665, 26.66133333333333], [50.00025, 26.66133333333333], [50.00025, 26.660833333333333], [50.000166666666665, 26.660833333333333], [50.000166666666665, 26.660666666666664], [50.000083333333336, 26.660666666666664], [50.000083333333336, 26.6605], [50.0, 26.6605], [50.0, 26.660416666666666], [49.999916666666664, 26.660416666666666], [49.999916666666664, 26.66033333333333], [49.999833333333335, 26.66033333333333], [49.999833333333335, 26.660249999999998], [49.999583333333334, 26.660249999999998], [49.999583333333334, 26.660166666666665], [49.99941666666667, 26.660166666666665], [49.99941666666667, 26.660083333333333], [49.99933333333333, 26.660083333333333], [49.99933333333333, 26.66], [49.999, 26.66], [49.999, 26.65983333333333], [49.99883333333333, 26.65983333333333], [49.99883333333333, 26.65975], [49.99816666666667, 26.65975], [49.99816666666667, 26.659666666666666], [49.998, 26.659666666666666], [49.998, 26.65975], [49.99758333333333, 26.65975], [49.99758333333333, 26.659666666666666], [49.99725, 26.659666666666666], [49.99725, 26.65975], [49.997, 26.65975], [49.997, 26.65983333333333], [49.99675, 26.65983333333333], [49.99675, 26.659916666666664], [49.99616666666667, 26.659916666666664], [49.99616666666667, 26.65983333333333], [49.995583333333336, 26.65983333333333], [49.995583333333336, 26.659916666666664], [49.995333333333335, 26.659916666666664], [49.995333333333335, 26.66], [49.995, 26.66], [49.995, 26.659916666666664], [49.99491666666667, 26.659916666666664], [49.99491666666667, 26.65983333333333], [49.99466666666667, 26.65983333333333], [49.99466666666667, 26.65975], [49.99458333333333, 26.65975], [49.99458333333333, 26.659666666666666], [49.994416666666666, 26.659666666666666], [49.994416666666666, 26.65958333333333], [49.994166666666665, 26.65958333333333], [49.994166666666665, 26.659666666666666], [49.994083333333336, 26.659666666666666], [49.994083333333336, 26.65958333333333], [49.993916666666664, 26.65958333333333], [49.993916666666664, 26.659499999999998], [49.993833333333335, 26.659499999999998], [49.993833333333335, 26.65958333333333], [49.99375, 26.65958333333333], [49.99375, 26.659499999999998], [49.99366666666667, 26.659499999999998], [49.99366666666667, 26.659416666666665], [49.99358333333333, 26.659416666666665], [49.99358333333333, 26.65925], [49.9935, 26.65925], [49.9935, 26.659166666666664], [49.99316666666667, 26.659166666666664], [49.99316666666667, 26.65908333333333], [49.99308333333333, 26.65908333333333], [49.99308333333333, 26.659], [49.993, 26.659], [49.993, 26.65883333333333], [49.992916666666666, 26.65883333333333], [49.992916666666666, 26.658666666666665], [49.993, 26.658666666666665], [49.993, 26.65833333333333], [49.99316666666667, 26.65833333333333], [49.99316666666667, 26.658166666666666], [49.99308333333333, 26.658166666666666], [49.99308333333333, 26.65808333333333], [49.99283333333333, 26.65808333333333], [49.99283333333333, 26.658166666666666], [49.99275, 26.658166666666666], [49.99275, 26.65825], [49.992666666666665, 26.65825], [49.992666666666665, 26.65833333333333], [49.9925, 26.65833333333333], [49.9925, 26.658416666666664], [49.992416666666664, 26.658416666666664], [49.992416666666664, 26.65833333333333], [49.992333333333335, 26.65833333333333], [49.992333333333335, 26.657999999999998], [49.992666666666665, 26.657999999999998], [49.992666666666665, 26.657916666666665], [49.99275, 26.657916666666665], [49.99275, 26.657833333333333], [49.993, 26.657833333333333], [49.993, 26.65775], [49.99308333333333, 26.65775], [49.99308333333333, 26.657666666666664], [49.993249999999996, 26.657666666666664], [49.993249999999996, 26.65758333333333], [49.99358333333333, 26.65758333333333], [49.99358333333333, 26.6575], [49.99366666666667, 26.6575], [49.99366666666667, 26.657416666666666], [49.994, 26.657416666666666], [49.994, 26.65733333333333], [49.9965, 26.65733333333333], [49.9965, 26.657249999999998], [49.996833333333335, 26.657249999999998], [49.996833333333335, 26.657166666666665], [49.997083333333336, 26.657166666666665], [49.997083333333336, 26.657083333333333], [50.0, 26.657083333333333], [50.0, 26.657166666666665], [50.00033333333333, 26.657166666666665], [50.00033333333333, 26.657249999999998], [50.00066666666667, 26.657249999999998], [50.00066666666667, 26.65733333333333], [50.00075, 26.65733333333333], [50.00075, 26.657416666666666], [50.00091666666667, 26.657416666666666], [50.00091666666667, 26.6575], [50.001, 26.6575], [50.001, 26.657666666666664], [50.00125, 26.657666666666664], [50.00125, 26.65775], [50.001333333333335, 26.65775], [50.001333333333335, 26.657833333333333], [50.001416666666664, 26.657833333333333], [50.001416666666664, 26.657916666666665], [50.001666666666665, 26.657916666666665], [50.001666666666665, 26.657999999999998], [50.002916666666664, 26.657999999999998], [50.002916666666664, 26.65808333333333], [50.00325, 26.65808333333333], [50.00325, 26.658166666666666], [50.00491666666667, 26.658166666666666], [50.00491666666667, 26.65808333333333], [50.005, 26.65808333333333], [50.005, 26.657999999999998], [50.00516666666667, 26.657999999999998], [50.00516666666667, 26.657833333333333], [50.00525, 26.657833333333333], [50.00525, 26.65775], [50.00533333333333, 26.65775], [50.00533333333333, 26.65758333333333], [50.00541666666667, 26.65758333333333], [50.00541666666667, 26.6575], [50.0055, 26.6575], [50.0055, 26.657416666666666], [50.00566666666666, 26.657416666666666], [50.00566666666666, 26.65733333333333], [50.00575, 26.65733333333333], [50.00575, 26.657249999999998], [50.005916666666664, 26.657249999999998], [50.005916666666664, 26.657083333333333], [50.006083333333336, 26.657083333333333], [50.006083333333336, 26.657], [50.00625, 26.657], [50.00625, 26.656916666666664], [50.00633333333333, 26.656916666666664], [50.00633333333333, 26.65683333333333], [50.00666666666667, 26.65683333333333], [50.00666666666667, 26.65675], [50.00691666666667, 26.65675], [50.00691666666667, 26.656666666666666], [50.00725, 26.656666666666666], [50.00725, 26.65675], [50.007333333333335, 26.65675], [50.007333333333335, 26.65683333333333], [50.0075, 26.65683333333333], [50.0075, 26.656916666666664], [50.007666666666665, 26.656916666666664], [50.007666666666665, 26.657], [50.00775, 26.657], [50.00775, 26.657083333333333], [50.00783333333333, 26.657083333333333], [50.00783333333333, 26.657166666666665], [50.00791666666667, 26.657166666666665], [50.00791666666667, 26.657249999999998], [50.00833333333333, 26.657249999999998], [50.00833333333333, 26.65733333333333], [50.0085, 26.65733333333333], [50.0085, 26.657416666666666], [50.008583333333334, 26.657416666666666], [50.008583333333334, 26.6575], [50.00866666666666, 26.6575], [50.00866666666666, 26.65758333333333], [50.009083333333336, 26.65758333333333], [50.009083333333336, 26.657666666666664], [50.0095, 26.657666666666664], [50.0095, 26.65758333333333], [50.00941666666667, 26.65758333333333], [50.00941666666667, 26.6575], [50.00933333333333, 26.6575], [50.00933333333333, 26.657249999999998], [50.00925, 26.657249999999998], [50.00925, 26.657166666666665], [50.009166666666665, 26.657166666666665], [50.009166666666665, 26.657083333333333], [50.00941666666667, 26.657083333333333], [50.00941666666667, 26.657166666666665], [50.0095, 26.657166666666665], [50.0095, 26.657249999999998], [50.00966666666667, 26.657249999999998], [50.00966666666667, 26.65733333333333], [50.00975, 26.65733333333333], [50.00975, 26.657416666666666], [50.00991666666667, 26.657416666666666], [50.00991666666667, 26.6575], [50.010083333333334, 26.6575], [50.010083333333334, 26.65758333333333], [50.01016666666666, 26.65758333333333], [50.01016666666666, 26.657666666666664], [50.010416666666664, 26.657666666666664], [50.010416666666664, 26.65775], [50.0105, 26.65775], [50.0105, 26.657833333333333], [50.01058333333334, 26.657833333333333], [50.01058333333334, 26.657999999999998], [50.010666666666665, 26.657999999999998], [50.010666666666665, 26.65808333333333], [50.01075, 26.65808333333333], [50.01075, 26.658166666666666], [50.01083333333333, 26.658166666666666], [50.01083333333333, 26.65833333333333], [50.011, 26.65833333333333], [50.011, 26.658416666666664], [50.01108333333333, 26.658416666666664], [50.01108333333333, 26.658583333333333], [50.01125, 26.658583333333333], [50.01125, 26.65825], [50.01116666666667, 26.65825], [50.01116666666667, 26.657999999999998], [50.01108333333333, 26.657999999999998], [50.01108333333333, 26.657833333333333], [50.01116666666667, 26.657833333333333], [50.01116666666667, 26.65775], [50.01108333333333, 26.65775], [50.01108333333333, 26.657666666666664], [50.01116666666667, 26.657666666666664], [50.01116666666667, 26.65758333333333], [50.01108333333333, 26.65758333333333], [50.01108333333333, 26.657166666666665], [50.01116666666667, 26.657166666666665], [50.01116666666667, 26.656916666666664], [50.01108333333333, 26.656916666666664], [50.01108333333333, 26.65683333333333], [50.01116666666667, 26.65683333333333], [50.01116666666667, 26.65675], [50.01166666666666, 26.65675], [50.01166666666666, 26.65683333333333], [50.01175, 26.65683333333333], [50.01175, 26.657], [50.011833333333335, 26.657], [50.011833333333335, 26.657083333333333], [50.011916666666664, 26.657083333333333], [50.011916666666664, 26.657166666666665], [50.01208333333334, 26.657166666666665], [50.01208333333334, 26.657249999999998], [50.01225, 26.657249999999998], [50.01225, 26.65733333333333], [50.01241666666667, 26.65733333333333], [50.01241666666667, 26.657416666666666], [50.0125, 26.657416666666666], [50.0125, 26.6575], [50.01275, 26.6575], [50.01275, 26.65758333333333], [50.013, 26.65758333333333], [50.013, 26.65775], [50.01316666666666, 26.65775], [50.01316666666666, 26.657833333333333], [50.01325, 26.657833333333333], [50.01325, 26.657999999999998], [50.01275, 26.657999999999998], [50.01275, 26.65808333333333], [50.01258333333333, 26.65808333333333], [50.01258333333333, 26.65825], [50.0125, 26.65825], [50.0125, 26.658416666666664], [50.01233333333333, 26.658416666666664], [50.01233333333333, 26.6585], [50.012166666666666, 26.6585], [50.012166666666666, 26.658583333333333], [50.01175, 26.658583333333333], [50.01175, 26.6585], [50.01166666666666, 26.6585], [50.01166666666666, 26.658416666666664], [50.011583333333334, 26.658416666666664], [50.011583333333334, 26.65833333333333], [50.0115, 26.65833333333333], [50.0115, 26.658416666666664], [50.01141666666667, 26.658416666666664], [50.01141666666667, 26.6585], [50.0115, 26.6585], [50.0115, 26.658583333333333], [50.011583333333334, 26.658583333333333], [50.011583333333334, 26.65883333333333], [50.01166666666666, 26.65883333333333], [50.01166666666666, 26.65925], [50.01175, 26.65925], [50.01175, 26.659166666666664], [50.011833333333335, 26.659166666666664], [50.011833333333335, 26.65925], [50.012, 26.65925], [50.012, 26.659333333333333], [50.01208333333334, 26.659333333333333], [50.01208333333334, 26.659416666666665], [50.011916666666664, 26.659416666666665], [50.011916666666664, 26.659499999999998], [50.011833333333335, 26.659499999999998], [50.011833333333335, 26.659666666666666], [50.0115, 26.659666666666666], [50.0115, 26.65958333333333], [50.01116666666667, 26.65958333333333], [50.01116666666667, 26.659666666666666], [50.01091666666667, 26.659666666666666], [50.01091666666667, 26.65975], [50.0105, 26.65975], [50.0105, 26.659666666666666], [50.010333333333335, 26.659666666666666], [50.010333333333335, 26.65958333333333], [50.01025, 26.65958333333333], [50.01025, 26.659499999999998], [50.01016666666666, 26.659499999999998], [50.01016666666666, 26.659416666666665], [50.01, 26.659416666666665], [50.01, 26.659333333333333], [50.00983333333333, 26.659333333333333], [50.00983333333333, 26.65925], [50.00975, 26.65925], [50.00975, 26.658749999999998], [50.00966666666667, 26.658749999999998], [50.00966666666667, 26.658666666666665], [50.00958333333333, 26.658666666666665], [50.00958333333333, 26.658583333333333], [50.00925, 26.658583333333333], [50.00925, 26.658666666666665], [50.009083333333336, 26.658666666666665], [50.009083333333336, 26.658583333333333], [50.008833333333335, 26.658583333333333], [50.008833333333335, 26.6585], [50.008583333333334, 26.6585], [50.008583333333334, 26.658416666666664], [50.00825, 26.658416666666664], [50.00825, 26.65833333333333], [50.007666666666665, 26.65833333333333], [50.007666666666665, 26.6585], [50.00775, 26.6585], [50.00775, 26.65908333333333], [50.0075, 26.65908333333333], [50.0075, 26.65925], [50.007083333333334, 26.65925], [50.007083333333334, 26.659166666666664], [50.00675, 26.659166666666664], [50.00675, 26.65908333333333], [50.00666666666667, 26.65908333333333], [50.00666666666667, 26.659], [50.00641666666667, 26.659], [50.00641666666667, 26.659166666666664], [50.0065, 26.659166666666664], [50.0065, 26.659333333333333], [50.00658333333333, 26.659333333333333], [50.00658333333333, 26.659416666666665], [50.00675, 26.659416666666665], [50.00675, 26.659499999999998], [50.00683333333333, 26.659499999999998], [50.00683333333333, 26.65958333333333], [50.00691666666667, 26.65958333333333], [50.00691666666667, 26.659666666666666], [50.007, 26.659666666666666], [50.007, 26.660083333333333], [50.007083333333334, 26.660083333333333], [50.007083333333334, 26.660166666666665], [50.00716666666666, 26.660166666666665], [50.00716666666666, 26.660249999999998], [50.00725, 26.660249999999998], [50.00725, 26.6605], [50.007083333333334, 26.6605], [50.007083333333334, 26.66058333333333], [50.0065, 26.66058333333333], [50.0065, 26.6605], [50.00625, 26.6605], [50.00625, 26.660416666666666], [50.006083333333336, 26.660416666666666], [50.006083333333336, 26.66033333333333], [50.006, 26.66033333333333], [50.006, 26.660249999999998], [50.00483333333333, 26.660249999999998], [50.00483333333333, 26.66033333333333], [50.00475, 26.66033333333333], [50.00475, 26.660416666666666], [50.004416666666664, 26.660416666666666], [50.004416666666664, 26.66058333333333], [50.004333333333335, 26.66058333333333], [50.004333333333335, 26.660666666666664], [50.004083333333334, 26.660666666666664], [50.004083333333334, 26.66075], [50.00383333333333, 26.66075], [50.00383333333333, 26.660833333333333], [50.00358333333333, 26.660833333333333], [50.00358333333333, 26.660916666666665], [50.0035, 26.660916666666665], [50.0035, 26.66133333333333], [50.00375, 26.66133333333333], [50.00375, 26.661416666666664], [50.00383333333333, 26.661416666666664], [50.00383333333333, 26.6615], [50.00391666666667, 26.6615], [50.00391666666667, 26.661583333333333], [50.004, 26.661583333333333], [50.004, 26.661749999999998], [50.004083333333334, 26.661749999999998], [50.004083333333334, 26.66183333333333], [50.00416666666666, 26.66183333333333], [50.00416666666666, 26.662], [50.004083333333334, 26.662], [50.004083333333334, 26.66208333333333], [50.004, 26.66208333333333], [50.004, 26.662166666666664], [50.00391666666667, 26.662166666666664], [50.00391666666667, 26.662249999999997], [50.00375, 26.662249999999997], [50.00375, 26.662333333333333], [50.00366666666667, 26.662333333333333], [50.00366666666667, 26.662416666666665], [50.00358333333333, 26.662416666666665], [50.00358333333333, 26.662499999999998], [50.003416666666666, 26.662499999999998], [50.003416666666666, 26.66258333333333], [50.003, 26.66258333333333], [50.003, 26.662666666666667], [50.00266666666667, 26.662666666666667], [50.00266666666667, 26.66275], [50.00225, 26.66275], [50.00225, 26.662916666666664], [50.00216666666667, 26.662916666666664], [50.00216666666667, 26.662999999999997], [50.00208333333333, 26.662999999999997], [50.00208333333333, 26.663083333333333], [50.001583333333336, 26.663083333333333]]]}}, {"type": "Feature", "properties": {"stand": "TRT4"}, "geometry": {"type": "Polygon", "coordinates": [[[50.01691666666667, 26.658583333333333], [50.01691666666667, 26.6585], [50.016666666666666, 26.6585], [50.016666666666666, 26.658416666666664], [50.01658333333333, 26.658416666666664], [50.01658333333333, 26.65833333333333], [50.0165, 26.65833333333333], [50.0165, 26.65825], [50.016416666666665, 26.65825], [50.016416666666665, 26.658166666666666], [50.016, 26.658166666666666], [50.016, 26.657916666666665], [50.01591666666667, 26.657916666666665], [50.01591666666667, 26.65775], [50.01583333333333, 26.65775], [50.01583333333333, 26.657666666666664], [50.01558333333333, 26.657666666666664], [50.01558333333333, 26.65758333333333], [50.01525, 26.65758333333333], [50.01525, 26.657666666666664], [50.0145, 26.657666666666664], [50.0145, 26.6575], [50.01433333333333, 26.6575], [50.01433333333333, 26.657416666666666], [50.01425, 26.657416666666666], [50.01425, 26.65733333333333], [50.01416666666667, 26.65733333333333], [50.01416666666667, 26.657249999999998], [50.01408333333333, 26.657249999999998], [50.01408333333333, 26.657166666666665], [50.014, 26.657166666666665], [50.014, 26.657083333333333], [50.01383333333333, 26.657083333333333], [50.01383333333333, 26.657], [50.013666666666666, 26.657], [50.013666666666666, 26.65683333333333], [50.0135, 26.65683333333333], [50.0135, 26.65675], [50.013416666666664, 26.65675], [50.013416666666664, 26.65683333333333], [50.013333333333335, 26.65683333333333], [50.013333333333335, 26.65675], [50.01325, 26.65675], [50.01325, 26.656666666666666], [50.01316666666666, 26.656666666666666], [50.01316666666666, 26.656499999999998], [50.013083333333334, 26.656499999999998], [50.013083333333334, 26.656333333333333], [50.013, 26.656333333333333], [50.013, 26.65625], [50.01291666666667, 26.65625], [50.01291666666667, 26.65608333333333], [50.01283333333333, 26.65608333333333], [50.01283333333333, 26.656], [50.01266666666667, 26.656], [50.01266666666667, 26.65608333333333], [50.01241666666667, 26.65608333333333], [50.01241666666667, 26.65583333333333], [50.0125, 26.65583333333333], [50.0125, 26.655666666666665], [50.01258333333333, 26.655666666666665], [50.01258333333333, 26.655749999999998], [50.01291666666667, 26.655749999999998], [50.01291666666667, 26.655666666666665], [50.013, 26.655666666666665], [50.013, 26.655583333333333], [50.013083333333334, 26.655583333333333], [50.013083333333334, 26.6555], [50.01325, 26.6555], [50.01325, 26.655666666666665], [50.01383333333333, 26.655666666666665], [50.01383333333333, 26.655583333333333], [50.01391666666667, 26.655583333333333], [50.01391666666667, 26.655666666666665], [50.014, 26.655666666666665], [50.014, 26.655749999999998], [50.01408333333333, 26.655749999999998], [50.01408333333333, 26.65583333333333], [50.01433333333333, 26.65583333333333], [50.01433333333333, 26.655749999999998], [50.01441666666667, 26.655749999999998], [50.01441666666667, 26.655666666666665], [50.0145, 26.655666666666665], [50.0145, 26.655583333333333], [50.014583333333334, 26.655583333333333], [50.014583333333334, 26.6555], [50.01466666666666, 26.6555], [50.01466666666666, 26.655416666666664], [50.014833333333335, 26.655416666666664], [50.014833333333335, 26.65525], [50.014916666666664, 26.65525], [50.014916666666664, 26.65458333333333], [50.015, 26.65458333333333], [50.015, 26.6545], [50.01508333333333, 26.6545], [50.01508333333333, 26.654416666666666], [50.01533333333333, 26.654416666666666], [50.01533333333333, 26.65433333333333], [50.01525, 26.65433333333333], [50.01525, 26.654249999999998], [50.01533333333333, 26.654249999999998], [50.01533333333333, 26.654], [50.01541666666667, 26.654], [50.01541666666667, 26.653916666666664], [50.0155, 26.653916666666664], [50.0155, 26.65375], [50.01558333333333, 26.65375], [50.01558333333333, 26.653666666666666], [50.01575, 26.653666666666666], [50.01575, 26.653499999999998], [50.01566666666667, 26.653499999999998], [50.01566666666667, 26.653416666666665], [50.01558333333333, 26.653416666666665], [50.01558333333333, 26.653166666666664], [50.01591666666667, 26.653166666666664], [50.01591666666667, 26.653], [50.01616666666666, 26.653], [50.01616666666666, 26.65308333333333], [50.016333333333336, 26.65308333333333], [50.016333333333336, 26.653166666666664], [50.016416666666665, 26.653166666666664], [50.016416666666665, 26.65325], [50.0165, 26.65325], [50.0165, 26.653416666666665], [50.016416666666665, 26.653416666666665], [50.016416666666665, 26.65383333333333], [50.016666666666666, 26.65383333333333], [50.016666666666666, 26.653916666666664], [50.01675, 26.653916666666664], [50.01675, 26.654], [50.01683333333333, 26.654], [50.01683333333333, 26.6545], [50.01691666666667, 26.6545], [50.01691666666667, 26.654833333333332], [50.017, 26.654833333333332], [50.017, 26.654999999999998], [50.01708333333333, 26.654999999999998], [50.01708333333333, 26.65525], [50.01716666666667, 26.65525], [50.01716666666667, 26.65533333333333], [50.01725, 26.65533333333333], [50.01725, 26.6555], [50.01741666666667, 26.6555], [50.01741666666667, 26.655583333333333], [50.0175, 26.655583333333333], [50.0175, 26.655666666666665], [50.01766666666666, 26.655666666666665], [50.01766666666666, 26.655749999999998], [50.01775, 26.655749999999998], [50.01775, 26.65583333333333], [50.017833333333336, 26.65583333333333], [50.017833333333336, 26.656], [50.01775, 26.656], [50.01775, 26.65608333333333], [50.01766666666666, 26.65608333333333], [50.01766666666666, 26.656333333333333], [50.017583333333334, 26.656333333333333], [50.017583333333334, 26.656416666666665], [50.0175, 26.656416666666665], [50.0175, 26.65658333333333], [50.01741666666667, 26.65658333333333], [50.01741666666667, 26.65675], [50.018, 26.65675], [50.018, 26.65683333333333], [50.01808333333333, 26.65683333333333], [50.01808333333333, 26.657083333333333], [50.018166666666666, 26.657083333333333], [50.018166666666666, 26.657416666666666], [50.01808333333333, 26.657416666666666], [50.01808333333333, 26.65758333333333], [50.017916666666665, 26.65758333333333], [50.017916666666665, 26.65775], [50.017833333333336, 26.65775], [50.017833333333336, 26.657999999999998], [50.01766666666666, 26.657999999999998], [50.01766666666666, 26.658166666666666], [50.0175, 26.658166666666666], [50.0175, 26.65825], [50.01725, 26.65825], [50.01725, 26.658416666666664], [50.01716666666667, 26.658416666666664], [50.01716666666667, 26.6585], [50.017, 26.6585], [50.017, 26.658583333333333], [50.01691666666667, 26.658583333333333]], [[50.0135, 26.656333333333333], [50.013666666666666, 26.656333333333333], [50.013666666666666, 26.656166666666664], [50.0135, 26.656166666666664], [50.0135, 26.656333333333333]]]}}]}